{"type": "FeatureCollection", "features": [{"type": "Feature", "geometry": {"type": "LineString", "coordinates": [[-87.7545679, 41.8112252], [-87.7545609, 41.8108306], [-87.7545573, 41.8107196], [-87.7545534, 41.8105977], [-87.7545324, 41.8099297], [-87.7544528, 41.8074768]]}, "properties": {"class": "residential"}}, {"type": "Feature", "geometry": {"type": "LineString", "coordinates": [[-87.7480439, 41.807562], [-87.748046, 41.8076368], [-87.7480566, 41.8080151], [-87.7480927, 41.8093023], [-87.7480951, 41.8093877], [-87.7480969, 41.8094607], [-87.7481387, 41.8111319], [-87.7481407, 41.8112108], [-87.7481422, 41.8112893], [-87.7481541, 41.8119045], [-87.7481881, 41.8129563], [-87.7481907, 41.813037]]}, "properties": {"class": "residential"}}, {"type": "Feature", "geometry": {"type": "LineString", "coordinates": [[-87.7475383, 41.7747105], [-87.7475353, 41.7746223], [-87.7475169, 41.7740744], [-87.7475083, 41.7738187], [-87.7474648, 41.7725233], [-87.7474453, 41.7718692], [-87.747432, 41.7714217], [-87.7474251, 41.77119], [-87.7474219, 41.7710714]]}, "properties": {"class": "residential"}}, {"type": "Feature", "geometry": {"type": "LineString", "coordinates": [[-87.7478052, 41.7984423], [-87.7478069, 41.798515], [-87.7478447, 41.8001792], [-87.7478464, 41.8002559], [-87.7478478, 41.8003384], [-87.7478939, 41.8020044], [-87.7478953, 41.8020902]]}, "properties": {"class": "residential"}}, {"type": "Feature", "geometry": {"type": "LineString", "coordinates": [[-87.7471455, 41.7783379], [-87.7471431, 41.778263], [-87.7471317, 41.777889], [-87.7470903, 41.7765944], [-87.7470877, 41.7765127], [-87.7470852, 41.7764316], [-87.7470326, 41.7747686], [-87.747031, 41.7747176]]}, "properties": {"class": "residential"}}, {"type": "Feature", "geometry": {"type": "LineString", "coordinates": [[-87.7368266, 41.7996375], [-87.7368267, 41.7995356], [-87.736822, 41.7993688], [-87.7368159, 41.7991553], [-87.736802, 41.7986675], [-87.7367994, 41.7985636], [-87.7367971, 41.7984959], [-87.7367592, 41.7971646], [-87.7367472, 41.7967453]]}, "properties": {"class": "residential"}}, {"type": "Feature", "geometry": {"type": "LineString", "coordinates": [[-87.7364183, 41.7858015], [-87.7364161, 41.785722], [-87.7363707, 41.7840822], [-87.73637, 41.7840582], [-87.7363675, 41.7839694], [-87.7363652, 41.7839009], [-87.7363081, 41.7822343], [-87.7363053, 41.7821534], [-87.7363026, 41.7820753], [-87.7362456, 41.7804114], [-87.7362428, 41.7803305], [-87.7362404, 41.7802524], [-87.7362017, 41.7789828], [-87.7361889, 41.7786073], [-87.7361855, 41.7785088]]}, "properties": {"class": "residential"}}, {"type": "Feature", "geometry": {"type": "LineString", "coordinates": [[-87.7372045, 41.812937], [-87.7371903, 41.8120527], [-87.7371139, 41.8095225], [-87.737092, 41.8077877], [-87.737091, 41.8077088]]}, "properties": {"class": "residential"}}, {"type": "Feature", "geometry": {"type": "LineString", "coordinates": [[-87.7359869, 41.7712139], [-87.735985, 41.771147], [-87.7359739, 41.7707633], [-87.7359378, 41.7695102], [-87.7359232, 41.7694611], [-87.7358945, 41.7694236]]}, "properties": {"class": "residential"}}, {"type": "Feature", "geometry": {"type": "LineString", "coordinates": [[-87.7568657, 41.7781482], [-87.756863, 41.7780749], [-87.7568499, 41.7777124], [-87.7568492, 41.7776939], [-87.7568361, 41.7773337], [-87.7568333, 41.7772546], [-87.7568029, 41.7764157], [-87.7567998, 41.7763318], [-87.7567978, 41.7762672], [-87.7567697, 41.7755004], [-87.7567666, 41.7754158], [-87.756764, 41.7753425], [-87.7567366, 41.7745887], [-87.7567349, 41.7745408]]}, "properties": {"class": "residential"}}, {"type": "Feature", "geometry": {"type": "LineString", "coordinates": [[-87.7576264, 41.8001273], [-87.7576283, 41.8001987], [-87.7576384, 41.8005774], [-87.7576727, 41.8018617], [-87.7576748, 41.8019406], [-87.7576771, 41.8020272], [-87.757683, 41.8022488], [-87.7576899, 41.8025076], [-87.757721, 41.803676], [-87.7577231, 41.8037552], [-87.7577253, 41.8038357], [-87.7577696, 41.8054978], [-87.7577718, 41.8055794], [-87.7577739, 41.8056581], [-87.7578036, 41.8067719], [-87.7578182, 41.8073204], [-87.7578212, 41.807432]]}, "properties": {"class": "residential"}}, {"type": "Feature", "geometry": {"type": "LineString", "coordinates": [[-87.7578362, 41.8037369], [-87.758338, 41.8037374], [-87.7588398, 41.8037286], [-87.7589425, 41.8037268], [-87.759055, 41.8037248], [-87.7595576, 41.8037157], [-87.7600699, 41.8037066], [-87.7601642, 41.8037049], [-87.7602837, 41.8037032], [-87.7607807, 41.8036961], [-87.7612876, 41.8036888], [-87.7613937, 41.8036873], [-87.761502, 41.803685], [-87.7620039, 41.8036742], [-87.7620655, 41.8036728], [-87.7621408, 41.8036713], [-87.7625109, 41.8036775], [-87.7626321, 41.8036765]]}, "properties": {"class": "residential"}}, {"type": "Feature", "geometry": {"type": "LineString", "coordinates": [[-87.7525878, 41.7957919], [-87.7527191, 41.7957899], [-87.7532264, 41.7957821], [-87.7537289, 41.7957747], [-87.7538364, 41.7957731], [-87.7544484, 41.7957633], [-87.7549526, 41.7957558], [-87.7550557, 41.7957543], [-87.7551644, 41.7957526], [-87.7556682, 41.7957448], [-87.7562868, 41.7957357], [-87.7568933, 41.7957261], [-87.7573984, 41.7957185], [-87.7574997, 41.795717]]}, "properties": {"class": "residential"}}, {"type": "Feature", "geometry": {"type": "LineString", "coordinates": [[-87.7447088, 41.7783867], [-87.7447052, 41.7783097], [-87.7446881, 41.7779473], [-87.7446558, 41.7766162], [-87.7446546, 41.776562], [-87.7446531, 41.7765042], [-87.7446121, 41.7748121], [-87.7446111, 41.7747702], [-87.744607, 41.7746847]]}, "properties": {"class": "residential"}}, {"type": "Feature", "geometry": {"type": "LineString", "coordinates": [[-87.7388257, 41.80585], [-87.739334, 41.8058457], [-87.7394427, 41.8058448], [-87.7395497, 41.8058434], [-87.7400472, 41.805837], [-87.7405598, 41.8058305], [-87.7406617, 41.8058292], [-87.7407715, 41.8058278], [-87.7412743, 41.8058213], [-87.7417803, 41.8058148], [-87.741885, 41.8058135], [-87.7419957, 41.8058121], [-87.7424845, 41.8058058], [-87.7427758, 41.8058021], [-87.7428361, 41.8058013], [-87.7429349, 41.8058], [-87.7430295, 41.8057988], [-87.7432083, 41.8057965], [-87.743285, 41.8057956], [-87.7437447, 41.8057897], [-87.744226, 41.8057835], [-87.7443247, 41.8057822], [-87.7444411, 41.8057807], [-87.7449445, 41.8057744], [-87.7454485, 41.8057679], [-87.7455541, 41.8057665], [-87.7456623, 41.8057651], [-87.7461627, 41.8057587], [-87.7466724, 41.8057522], [-87.74677, 41.8057509], [-87.746884, 41.8057495], [-87.7473846, 41.8057431], [-87.7478958, 41.8057366], [-87.7479986, 41.8057353], [-87.7481073, 41.8057339], [-87.7486089, 41.8057274], [-87.7491175, 41.8057208], [-87.7492211, 41.8057195]]}, "properties": {"class": "residential"}}, {"type": "Feature", "geometry": {"type": "LineString", "coordinates": [[-87.7235297, 41.8060466], [-87.7237043, 41.8060445], [-87.7240124, 41.8060407], [-87.7241433, 41.8060391], [-87.724653, 41.8060329], [-87.7247634, 41.8060316], [-87.7248638, 41.8060303], [-87.7249984, 41.8060287], [-87.7253647, 41.8060242], [-87.7258769, 41.806018], [-87.7259751, 41.8060168], [-87.7260887, 41.8060154], [-87.7265841, 41.8060094], [-87.7271018, 41.806003], [-87.7272077, 41.8060018], [-87.7273127, 41.8060005], [-87.7278058, 41.8059945], [-87.7283269, 41.8059881], [-87.7284263, 41.8059869], [-87.7285353, 41.8059856], [-87.7290346, 41.8059795], [-87.7295468, 41.8059732], [-87.7296428, 41.8059721], [-87.7297595, 41.8059706], [-87.7302578, 41.8059646], [-87.7307713, 41.8059583], [-87.7308831, 41.8059569], [-87.7309827, 41.8059557], [-87.7314987, 41.8059494], [-87.731994, 41.8059434], [-87.7320991, 41.8059421], [-87.7322105, 41.8059408], [-87.7327183, 41.8059346], [-87.7332187, 41.8059285], [-87.7333201, 41.8059272], [-87.7334342, 41.8059258], [-87.7339403, 41.8059197], [-87.7344407, 41.8059136], [-87.7345504, 41.8059122], [-87.7346494, 41.805911], [-87.7351499, 41.8059049], [-87.7356639, 41.8058986], [-87.7357658, 41.8058974]]}, "properties": {"class": "residential"}}, {"type": "Feature", "geometry": {"type": "LineString", "coordinates": [[-87.7517894, 41.7718871], [-87.7538225, 41.7718521]]}, "properties": {"class": "residential"}}, {"type": "Feature", "geometry": {"type": "LineString", "coordinates": [[-87.7347847, 41.7721454], [-87.7348982, 41.7721442], [-87.7365564, 41.7721281]]}, "properties": {"class": "residential"}}, {"type": "Feature", "geometry": {"type": "LineString", "coordinates": [[-87.7761251, 41.7712849], [-87.7768966, 41.771272], [-87.7774886, 41.771262], [-87.777737, 41.7712579], [-87.7778398, 41.7712559]]}, "properties": {"class": "residential"}}, {"type": "Feature", "geometry": {"type": "LineString", "coordinates": [[-87.7494218, 41.8130199], [-87.7493729, 41.8112736], [-87.7493707, 41.8111951], [-87.7493684, 41.8111152], [-87.7493206, 41.8094444], [-87.7493186, 41.8093727], [-87.7493159, 41.8092872], [-87.7492759, 41.8080021], [-87.7492651, 41.8076214], [-87.7492622, 41.8075459]]}, "properties": {"class": "residential"}}, {"type": "Feature", "geometry": {"type": "LineString", "coordinates": [[-87.749123, 41.8020728], [-87.7491205, 41.8019854], [-87.7490737, 41.8003213], [-87.7490714, 41.800239], [-87.7490691, 41.8001608], [-87.7490209, 41.7984964], [-87.7490187, 41.798419]]}, "properties": {"class": "residential"}}, {"type": "Feature", "geometry": {"type": "LineString", "coordinates": [[-87.7480241, 41.7764937], [-87.7480262, 41.7765482], [-87.7480427, 41.7769659], [-87.7480614, 41.7770712], [-87.7481067, 41.7771685], [-87.7481804, 41.7772593], [-87.748276, 41.7773467], [-87.7483395, 41.7773962], [-87.748352, 41.7774059], [-87.7484114, 41.777435]]}, "properties": {"class": "residential"}}, {"type": "Feature", "geometry": {"type": "LineString", "coordinates": [[-87.7646955, 41.7880982], [-87.7651812, 41.7880869]]}, "properties": {"class": "residential"}}, {"type": "Feature", "geometry": {"type": "LineString", "coordinates": [[-87.7387427, 41.7821239], [-87.7388504, 41.7821227], [-87.7393507, 41.7821171], [-87.7398634, 41.7821115], [-87.7399639, 41.7821103], [-87.7400713, 41.7821091], [-87.7405673, 41.7821036], [-87.7410841, 41.7820979], [-87.7411796, 41.7820968], [-87.7413015, 41.7820955], [-87.7417955, 41.78209]]}, "properties": {"class": "residential"}}, {"type": "Feature", "geometry": {"type": "LineString", "coordinates": [[-87.7327011, 41.7622508], [-87.732674, 41.7622233], [-87.7326508, 41.7621652], [-87.7326279, 41.7615651], [-87.7325797, 41.7602987], [-87.7325197, 41.7587227]]}, "properties": {"class": "residential"}}, {"type": "Feature", "geometry": {"type": "LineString", "coordinates": [[-87.7333723, 41.8077589], [-87.7333699, 41.8076745], [-87.7333674, 41.8075871], [-87.7333611, 41.8073661], [-87.7333224, 41.8060062], [-87.7333201, 41.8059272], [-87.7333178, 41.8058469], [-87.7332703, 41.8041776], [-87.733268, 41.8040967], [-87.7332658, 41.8040197], [-87.7332182, 41.8023499], [-87.7332159, 41.8022687], [-87.7332137, 41.8021904], [-87.7332111, 41.8020989], [-87.7331946, 41.8015194], [-87.7331748, 41.800825], [-87.7331662, 41.800524], [-87.7331646, 41.8004661], [-87.7331599, 41.8003029], [-87.7331572, 41.800208]]}, "properties": {"class": "residential"}}, {"type": "Feature", "geometry": {"type": "LineString", "coordinates": [[-87.7492963, 41.7761852], [-87.7495031, 41.7760973], [-87.749763, 41.7760481], [-87.7523034, 41.7760007], [-87.7527469, 41.7759919], [-87.7528795, 41.7759954], [-87.7529753, 41.7760213], [-87.7530556, 41.7760643]]}, "properties": {"class": "residential"}}, {"type": "Feature", "geometry": {"type": "LineString", "coordinates": [[-87.7272626, 41.8078413], [-87.7272651, 41.8079127], [-87.7272781, 41.808282], [-87.7273237, 41.8095825], [-87.7273265, 41.8096612], [-87.7273292, 41.8097401], [-87.7273879, 41.811414], [-87.7273908, 41.8114947], [-87.7273935, 41.8115712], [-87.7274521, 41.8132429], [-87.7274549, 41.8133206], [-87.7274577, 41.8133999], [-87.7275168, 41.8150719], [-87.7275198, 41.8151561]]}, "properties": {"class": "residential"}}, {"type": "Feature", "geometry": {"type": "LineString", "coordinates": [[-87.7526767, 41.7983643], [-87.7526786, 41.7984419], [-87.7527204, 41.800109], [-87.7527224, 41.8001907], [-87.7527247, 41.8002697], [-87.7527356, 41.8006494], [-87.7527729, 41.8019358], [-87.7527752, 41.8020155], [-87.7527775, 41.8020947], [-87.7528257, 41.8037587], [-87.7528279, 41.8038359], [-87.7528303, 41.8039184], [-87.7528558, 41.8047994], [-87.7528648, 41.80511], [-87.7528786, 41.8055878], [-87.7528808, 41.8056626], [-87.7528832, 41.805747], [-87.7529208, 41.8070437], [-87.7529313, 41.807408], [-87.7529339, 41.807497]]}, "properties": {"class": "residential"}}, {"type": "Feature", "geometry": {"type": "LineString", "coordinates": [[-87.7518798, 41.7746306], [-87.7518767, 41.7745377], [-87.7518399, 41.773419], [-87.7518235, 41.7729224], [-87.7518189, 41.7727822], [-87.7517894, 41.7718871]]}, "properties": {"class": "residential"}}, {"type": "Feature", "geometry": {"type": "LineString", "coordinates": [[-87.7394073, 41.7839367], [-87.7399202, 41.7839322], [-87.7400201, 41.7839312], [-87.7401338, 41.7839295], [-87.7406311, 41.783923], [-87.741139, 41.7839197], [-87.7411717, 41.7839141], [-87.7412001, 41.783902]]}, "properties": {"class": "residential"}}, {"type": "Feature", "geometry": {"type": "LineString", "coordinates": [[-87.764997, 41.7834993], [-87.7655015, 41.7834886], [-87.7656047, 41.7834864], [-87.7657129, 41.7834841], [-87.7662147, 41.7834736], [-87.7667213, 41.7834631], [-87.7668199, 41.783461], [-87.7669345, 41.783459], [-87.7674367, 41.7834501], [-87.7679403, 41.783441], [-87.768041, 41.7834392], [-87.768153, 41.7834371], [-87.7686547, 41.7834278], [-87.7691614, 41.7834184], [-87.7692718, 41.7834163], [-87.7693759, 41.783414], [-87.7698743, 41.7834028], [-87.7703823, 41.7833913], [-87.7704861, 41.783389], [-87.770597, 41.783387], [-87.7710957, 41.7833781], [-87.7716038, 41.7833647], [-87.7717099, 41.7833621], [-87.7718179, 41.7833601], [-87.7723158, 41.7833526], [-87.77292, 41.7833402], [-87.7735385, 41.783326], [-87.774044, 41.7833142], [-87.7741489, 41.7833118], [-87.7747586, 41.7833042], [-87.7752651, 41.7832977], [-87.7753674, 41.7832964], [-87.7754795, 41.7832941], [-87.7759784, 41.7832838], [-87.7764852, 41.7832731], [-87.7765858, 41.783271], [-87.7766976, 41.7832684], [-87.7772002, 41.7832569], [-87.777805, 41.783243], [-87.7779169, 41.783241], [-87.7784198, 41.7832321], [-87.7789252, 41.783223], [-87.7790263, 41.7832212], [-87.7791375, 41.7832187], [-87.7796412, 41.7832072], [-87.7802395, 41.7831932], [-87.7808582, 41.7831837], [-87.7813676, 41.783176], [-87.7814661, 41.7831745], [-87.7815803, 41.783173], [-87.7820871, 41.7831663], [-87.7826918, 41.783158], [-87.7833041, 41.7831464], [-87.7838265, 41.7831369], [-87.7839107, 41.7831354], [-87.7840242, 41.7831336], [-87.7863553, 41.7830973], [-87.7864648, 41.7830958], [-87.786965, 41.7830891], [-87.7874725, 41.7830823], [-87.7875756, 41.7830809], [-87.7876871, 41.7830795], [-87.7881831, 41.7830731], [-87.7886923, 41.7830665], [-87.788789, 41.7830653]]}, "properties": {"class": "residential"}}, {"type": "Feature", "geometry": {"type": "LineString", "coordinates": [[-87.7474219, 41.7710714], [-87.7481568, 41.7710348], [-87.7484253, 41.771029], [-87.7490513, 41.7710155], [-87.7493354, 41.7710093], [-87.7498538, 41.7710028], [-87.7502958, 41.7709973], [-87.7506087, 41.7709934]]}, "properties": {"class": "residential"}}, {"type": "Feature", "geometry": {"type": "LineString", "coordinates": [[-87.7637322, 41.8000446], [-87.7637292, 41.7999497], [-87.7636773, 41.7983057], [-87.7636745, 41.798216]]}, "properties": {"class": "residential"}}, {"type": "Feature", "geometry": {"type": "LineString", "coordinates": [[-87.7629466, 41.7780246], [-87.7629498, 41.7781181], [-87.762962, 41.7784837], [-87.7630133, 41.7797915], [-87.7630163, 41.7798697], [-87.7630196, 41.7799511], [-87.7630861, 41.7816206], [-87.7630892, 41.7816985], [-87.7630926, 41.7817802], [-87.763162, 41.7834543], [-87.7631653, 41.7835339]]}, "properties": {"class": "residential"}}, {"type": "Feature", "geometry": {"type": "LineString", "coordinates": [[-87.7635158, 41.7927176], [-87.7635129, 41.7926395], [-87.7635057, 41.7924425], [-87.7634989, 41.7922592], [-87.763487, 41.7919363], [-87.7634511, 41.7909583], [-87.7634482, 41.7908793], [-87.7634453, 41.7908011], [-87.7633834, 41.7891196], [-87.7633802, 41.7890331], [-87.7633776, 41.7889612], [-87.763316, 41.7872874], [-87.7633137, 41.7872242]]}, "properties": {"class": "residential"}}, {"type": "Feature", "geometry": {"type": "LineString", "coordinates": [[-87.7668977, 41.7852993], [-87.7669008, 41.7853797], [-87.7669156, 41.7857563], [-87.7669667, 41.7870559], [-87.7669701, 41.7871437], [-87.7669729, 41.787215], [-87.7670386, 41.7888926], [-87.7670418, 41.7889732], [-87.7670448, 41.7890497], [-87.7671107, 41.7907285], [-87.7671137, 41.7908063], [-87.7671168, 41.7908846], [-87.7671681, 41.7921892], [-87.7671828, 41.7925666], [-87.7671857, 41.7926406]]}, "properties": {"class": "residential"}}, {"type": "Feature", "geometry": {"type": "LineString", "coordinates": [[-87.76617, 41.7743612], [-87.7661659, 41.7742593], [-87.7661641, 41.7742139], [-87.7660933, 41.7724409], [-87.7660876, 41.7722983], [-87.7660852, 41.7722322], [-87.7660533, 41.7713481], [-87.7660525, 41.7713247]]}, "properties": {"class": "residential"}}, {"type": "Feature", "geometry": {"type": "LineString", "coordinates": [[-87.7550865, 41.7968446], [-87.7550893, 41.7969442], [-87.7551, 41.7973258], [-87.7551262, 41.7982471], [-87.7551285, 41.7983291], [-87.7551306, 41.7984056], [-87.7551774, 41.8000729], [-87.7551798, 41.8001589]]}, "properties": {"class": "residential"}}, {"type": "Feature", "geometry": {"type": "LineString", "coordinates": [[-87.7536402, 41.7631118], [-87.7536266, 41.7624756], [-87.753613, 41.7617984], [-87.7536073, 41.7615119], [-87.7535941, 41.7608493], [-87.7535919, 41.7607406], [-87.7535904, 41.7606676], [-87.7535768, 41.7599837]]}, "properties": {"class": "residential"}}, {"type": "Feature", "geometry": {"type": "LineString", "coordinates": [[-87.7543187, 41.7772705], [-87.7544079, 41.7771907], [-87.754458, 41.7771203], [-87.7544836, 41.7770317], [-87.7544833, 41.7769537], [-87.7544686, 41.7763715]]}, "properties": {"class": "residential"}}, {"type": "Feature", "geometry": {"type": "LineString", "coordinates": [[-87.7578339, 41.8055495], [-87.7578857, 41.8055489], [-87.7583879, 41.805543], [-87.7588976, 41.8055348], [-87.7589874, 41.8055334], [-87.7591097, 41.8055324], [-87.7596072, 41.8055284], [-87.7601178, 41.8055208], [-87.7602116, 41.8055194], [-87.7603353, 41.8055171], [-87.7608371, 41.8055076], [-87.7613405, 41.8055037], [-87.7614459, 41.8055029], [-87.7615559, 41.8055024], [-87.7620543, 41.8055], [-87.7625673, 41.8054954], [-87.7626755, 41.8054944]]}, "properties": {"class": "residential"}}, {"type": "Feature", "geometry": {"type": "LineString", "coordinates": [[-87.7314681, 41.8192581], [-87.7314361, 41.8183125], [-87.7314286, 41.8180896], [-87.7313756, 41.816523], [-87.7313695, 41.8163419], [-87.7313666, 41.816257], [-87.7313641, 41.8161819], [-87.7313598, 41.8160539], [-87.7313269, 41.815108], [-87.7312983, 41.8142345], [-87.7312838, 41.8138083], [-87.7312753, 41.8135564], [-87.7312614, 41.8131439], [-87.7312298, 41.8122099], [-87.731204, 41.8114452], [-87.7311613, 41.8101828], [-87.7311482, 41.8097941], [-87.7310829, 41.8078634], [-87.7310804, 41.8077898]]}, "properties": {"class": "residential"}}, {"type": "Feature", "geometry": {"type": "LineString", "coordinates": [[-87.7348377, 41.7739691], [-87.7349469, 41.7739677], [-87.7366182, 41.7739457]]}, "properties": {"class": "residential"}}, {"type": "Feature", "geometry": {"type": "LineString", "coordinates": [[-87.7134972, 41.7906421], [-87.71563, 41.7906097], [-87.7157241, 41.7906083], [-87.7158419, 41.7906062], [-87.718081, 41.790566], [-87.7181843, 41.7905641], [-87.7182915, 41.7905626], [-87.7205321, 41.7905315], [-87.72064, 41.79053], [-87.7229131, 41.7904954], [-87.7230799, 41.7904929], [-87.7232623, 41.7904908], [-87.7233915, 41.7904894], [-87.7236847, 41.7904861], [-87.7249291, 41.7904722], [-87.7254314, 41.7904665], [-87.7255371, 41.7904653], [-87.7256443, 41.7904645], [-87.725751, 41.7904637], [-87.7261469, 41.7904606], [-87.7273728, 41.7904512], [-87.7278776, 41.7904475], [-87.7279849, 41.7904467]]}, "properties": {"class": "residential"}}, {"type": "Feature", "geometry": {"type": "LineString", "coordinates": [[-87.7707798, 41.8036319], [-87.7707731, 41.8034655], [-87.7707139, 41.8019857], [-87.7706861, 41.8012914], [-87.7706478, 41.8003321], [-87.7706342, 41.7999939], [-87.7706312, 41.7999184]]}, "properties": {"class": "residential"}}, {"type": "Feature", "geometry": {"type": "LineString", "coordinates": [[-87.7708498, 41.7925654], [-87.7708467, 41.792492], [-87.7708311, 41.7921128], [-87.7707882, 41.7908112], [-87.7707857, 41.7907346], [-87.7707817, 41.7906535], [-87.7707061, 41.7889784], [-87.7707027, 41.7889025], [-87.7706993, 41.7888188], [-87.770632, 41.7871422], [-87.7706291, 41.787071], [-87.7706259, 41.7869834], [-87.7705786, 41.7856861], [-87.770561, 41.7853079], [-87.7705574, 41.7852289]]}, "properties": {"class": "residential"}}, {"type": "Feature", "geometry": {"type": "LineString", "coordinates": [[-87.7766634, 41.7851115], [-87.7766662, 41.7851842], [-87.7766806, 41.7855616], [-87.7767302, 41.7868604], [-87.7767336, 41.7869497], [-87.7767363, 41.7870197], [-87.7768003, 41.7886941], [-87.7768035, 41.7887786], [-87.7768063, 41.7888523], [-87.7768703, 41.790528], [-87.7768737, 41.7906159], [-87.7768761, 41.7906888], [-87.7769189, 41.7919939], [-87.7769315, 41.7923672], [-87.7769333, 41.7924447]]}, "properties": {"class": "residential"}}, {"type": "Feature", "geometry": {"type": "LineString", "coordinates": [[-87.7765858, 41.783271], [-87.7765825, 41.7831906], [-87.7765132, 41.7815165], [-87.7765103, 41.7814358], [-87.7765074, 41.7813568], [-87.7764462, 41.7796818], [-87.7764435, 41.7796082], [-87.7764406, 41.7795242], [-87.7763958, 41.7782277], [-87.7763824, 41.7778566], [-87.7763791, 41.7777683]]}, "properties": {"class": "residential"}}, {"type": "Feature", "geometry": {"type": "LineString", "coordinates": [[-87.7770499, 41.7961395], [-87.7770517, 41.7962198], [-87.7770924, 41.7978737], [-87.7770948, 41.7979525]]}, "properties": {"class": "residential"}}, {"type": "Feature", "geometry": {"type": "LineString", "coordinates": [[-87.7371066, 41.7876156], [-87.7371043, 41.7875383], [-87.7370661, 41.7862537]]}, "properties": {"class": "residential"}}, {"type": "Feature", "geometry": {"type": "LineString", "coordinates": [[-87.7375066, 41.7876114], [-87.7375699, 41.7894299]]}, "properties": {"class": "residential"}}, {"type": "Feature", "geometry": {"type": "LineString", "coordinates": [[-87.7382364, 41.8003887], [-87.7386784, 41.8003826], [-87.7391894, 41.8003755], [-87.7392953, 41.800374], [-87.7394015, 41.8003725], [-87.7399045, 41.8003657], [-87.7404125, 41.8003586], [-87.7405178, 41.8003571], [-87.7406254, 41.8003556], [-87.7411162, 41.8003489], [-87.7416355, 41.8003417], [-87.7417357, 41.8003403], [-87.7418498, 41.8003387], [-87.7423504, 41.8003319], [-87.7424201, 41.8003309], [-87.742798, 41.8003257], [-87.7428953, 41.8003243], [-87.743059, 41.8003219], [-87.743136, 41.8003209], [-87.743597, 41.8003146], [-87.7440806, 41.8003079], [-87.7441795, 41.8003065], [-87.7442946, 41.8003049], [-87.7448004, 41.800298], [-87.7453008, 41.8002911], [-87.7454128, 41.8002895], [-87.7455167, 41.8002881], [-87.7460175, 41.8002812], [-87.746524, 41.8002742], [-87.7466269, 41.8002727], [-87.7467373, 41.8002711], [-87.7472381, 41.8002638], [-87.7477447, 41.8002572], [-87.7478464, 41.8002559], [-87.747958, 41.8002545], [-87.7484622, 41.8002482], [-87.748967, 41.8002406], [-87.7490714, 41.800239], [-87.7491764, 41.8002376], [-87.7496826, 41.8002306], [-87.7501874, 41.8002236], [-87.7502872, 41.8002222]]}, "properties": {"class": "residential"}}, {"type": "Feature", "geometry": {"type": "LineString", "coordinates": [[-87.73072, 41.8004286], [-87.7305941, 41.8004315], [-87.7301044, 41.8004379], [-87.7296029, 41.8004445]]}, "properties": {"class": "residential"}}, {"type": "Feature", "geometry": {"type": "LineString", "coordinates": [[-87.728661, 41.7749579], [-87.7287108, 41.7749756], [-87.7287403, 41.7750026], [-87.7287577, 41.775029], [-87.7288186, 41.7766914], [-87.7288215, 41.7767716], [-87.7288234, 41.7768519], [-87.7288526, 41.778121], [-87.7288628, 41.778511], [-87.7288649, 41.7785892], [-87.7288676, 41.778692], [-87.7288775, 41.7790669], [-87.7289151, 41.7803354], [-87.7289174, 41.7804142], [-87.7289199, 41.7804931], [-87.7289715, 41.7821553], [-87.7289739, 41.7822316], [-87.7289762, 41.782314], [-87.7290235, 41.7839787], [-87.7290257, 41.7840573], [-87.7290281, 41.7841373], [-87.7290661, 41.7854249], [-87.729073, 41.7857981], [-87.7290746, 41.78588], [-87.7290779, 41.7859567], [-87.7290938, 41.7863269], [-87.7291313, 41.7876202], [-87.7291335, 41.7876958], [-87.729136, 41.7877797], [-87.7291848, 41.7894409], [-87.7291871, 41.7895194], [-87.7291895, 41.7896002], [-87.7292279, 41.7908834], [-87.7292392, 41.7912636], [-87.7292415, 41.7913397], [-87.729244, 41.7914236], [-87.7292818, 41.7926969], [-87.729292, 41.793067], [-87.7292943, 41.7931482]]}, "properties": {"class": "residential"}}, {"type": "Feature", "geometry": {"type": "LineString", "coordinates": [[-87.7285809, 41.7676651], [-87.7285826, 41.7677426], [-87.7286185, 41.7694076], [-87.7286202, 41.7694842], [-87.728622, 41.7695673], [-87.72865, 41.7708562], [-87.7286581, 41.771233], [-87.7286598, 41.7713111]]}, "properties": {"class": "residential"}}, {"type": "Feature", "geometry": {"type": "LineString", "coordinates": [[-87.7525516, 41.7946915], [-87.7526886, 41.7946895], [-87.7531967, 41.7946819], [-87.7538029, 41.7946728], [-87.7544142, 41.7946637], [-87.7549223, 41.794656], [-87.7550248, 41.7946545], [-87.7551326, 41.7946529], [-87.7556427, 41.7946452], [-87.7561387, 41.7946378], [-87.7562567, 41.7946361], [-87.7568658, 41.794627], [-87.7573663, 41.7946195], [-87.7574702, 41.794618], [-87.7575775, 41.7946164], [-87.758089, 41.7946088], [-87.7586941, 41.7945997], [-87.7593067, 41.7945906], [-87.7599092, 41.7945816], [-87.7605272, 41.7945724], [-87.7611409, 41.7945632], [-87.7617511, 41.794554], [-87.7622463, 41.7945466], [-87.7623529, 41.794545]]}, "properties": {"class": "residential"}}, {"type": "Feature", "geometry": {"type": "LineString", "coordinates": [[-87.7409068, 41.8149584], [-87.7409047, 41.8148771], [-87.7408615, 41.8132094], [-87.7408594, 41.8131298], [-87.7408573, 41.813049], [-87.740814, 41.8113806], [-87.7408121, 41.8113064], [-87.74081, 41.811226], [-87.7407668, 41.8095577], [-87.7407647, 41.8094776], [-87.7407627, 41.8093997], [-87.7407293, 41.8081121], [-87.7407195, 41.8077323], [-87.7407176, 41.8076599]]}, "properties": {"class": "residential"}}, {"type": "Feature", "geometry": {"type": "LineString", "coordinates": [[-87.75016, 41.7647123], [-87.7504451, 41.7647095], [-87.7512052, 41.7647022], [-87.7512573, 41.7647024], [-87.7513171, 41.7647025], [-87.7516144, 41.7646992], [-87.7518459, 41.7646966], [-87.7529648, 41.7646772], [-87.7536968, 41.764668], [-87.7540235, 41.7646639], [-87.7544221, 41.7646589], [-87.754735, 41.764655], [-87.7562342, 41.7646362], [-87.7571863, 41.7646243], [-87.7574157, 41.7646214], [-87.7576425, 41.7646186], [-87.7582474, 41.764611], [-87.7585477, 41.7646072], [-87.7588422, 41.7646035], [-87.759463, 41.7645958], [-87.7595797, 41.7645943], [-87.7600005, 41.764589], [-87.7600553, 41.7645883], [-87.7607566, 41.7645795], [-87.7611979, 41.764574]]}, "properties": {"class": "residential"}}, {"type": "Feature", "geometry": {"type": "LineString", "coordinates": [[-87.7395852, 41.8113199], [-87.7396934, 41.8113187], [-87.7401988, 41.8113132], [-87.7407068, 41.8113076], [-87.7408121, 41.8113064], [-87.7409204, 41.811305], [-87.7414196, 41.8112983], [-87.7419285, 41.8112915], [-87.7420349, 41.8112901], [-87.7421424, 41.8112883], [-87.7424837, 41.8112825]]}, "properties": {"class": "residential"}}, {"type": "Feature", "geometry": {"type": "LineString", "coordinates": [[-87.7342977, 41.7967727], [-87.7342999, 41.7968544], [-87.7343442, 41.7985214], [-87.7343461, 41.7985927], [-87.7343484, 41.7986803], [-87.7343712, 41.7995374], [-87.7343729, 41.7996018], [-87.7343825, 41.7999147], [-87.7343848, 41.8000174]]}, "properties": {"class": "residential"}}, {"type": "Feature", "geometry": {"type": "LineString", "coordinates": [[-87.7345504, 41.8059122], [-87.7345523, 41.8059905], [-87.7345935, 41.8076593], [-87.7345956, 41.8077424]]}, "properties": {"class": "residential"}}, {"type": "Feature", "geometry": {"type": "LineString", "coordinates": [[-87.7614705, 41.8065299], [-87.7614478, 41.8055808], [-87.7614459, 41.8055029]]}, "properties": {"class": "residential"}}, {"type": "Feature", "geometry": {"type": "LineString", "coordinates": [[-87.7611409, 41.7945632], [-87.7611386, 41.7944773], [-87.7611035, 41.7932096], [-87.7610958, 41.7928424], [-87.7610938, 41.7927671]]}, "properties": {"class": "residential"}}, {"type": "Feature", "geometry": {"type": "LineString", "coordinates": [[-87.7386879, 41.7802959], [-87.7392938, 41.7802898], [-87.7398025, 41.7802846], [-87.7399075, 41.7802836], [-87.740018, 41.7802825], [-87.7405134, 41.7802775], [-87.7410229, 41.7802723], [-87.7411233, 41.7802713], [-87.7412385, 41.7802701], [-87.7417336, 41.7802651]]}, "properties": {"class": "residential"}}, {"type": "Feature", "geometry": {"type": "LineString", "coordinates": [[-87.7617816, 41.7798944], [-87.761914, 41.7798918], [-87.7624066, 41.7798822], [-87.7629148, 41.7798718], [-87.7630163, 41.7798697], [-87.7631288, 41.7798676], [-87.7636262, 41.7798584], [-87.7641374, 41.7798484], [-87.7642359, 41.7798465], [-87.7643484, 41.7798443], [-87.7648509, 41.7798345], [-87.765357, 41.7798246], [-87.7654591, 41.7798226], [-87.7655692, 41.7798205], [-87.766074, 41.7798107], [-87.7665797, 41.7798007], [-87.7666716, 41.7797989], [-87.7667903, 41.7797966], [-87.7672948, 41.7797868], [-87.7677984, 41.779777], [-87.7679004, 41.779775], [-87.7680119, 41.7797728], [-87.7685145, 41.7797631], [-87.7690207, 41.7797531], [-87.7691272, 41.779751], [-87.7692326, 41.779749], [-87.7697365, 41.7797393], [-87.7702412, 41.7797293], [-87.7703377, 41.7797274], [-87.7704548, 41.7797251], [-87.7709529, 41.7797154], [-87.7710513, 41.7797135], [-87.771458, 41.7797055], [-87.7715668, 41.7797034], [-87.7716683, 41.7797015], [-87.7721781, 41.7796915], [-87.7726834, 41.7796817], [-87.772784, 41.7796797], [-87.7728956, 41.7796775], [-87.7734001, 41.7796678], [-87.7739038, 41.7796579], [-87.7739986, 41.779656], [-87.7741175, 41.7796537], [-87.7746196, 41.779644], [-87.7751282, 41.7796339], [-87.7752428, 41.7796316], [-87.7753393, 41.7796297], [-87.7758406, 41.7796201], [-87.776348, 41.7796101], [-87.7764435, 41.7796082]]}, "properties": {"class": "residential"}}, {"type": "Feature", "geometry": {"type": "LineString", "coordinates": [[-87.7281672, 41.796834], [-87.7282784, 41.7968326], [-87.7287876, 41.7968261], [-87.7292896, 41.7968198], [-87.7293912, 41.7968185], [-87.7295002, 41.7968171], [-87.7300187, 41.7968105], [-87.7305154, 41.7968042], [-87.7306211, 41.7968029], [-87.7307267, 41.7968016], [-87.7312351, 41.7967951], [-87.7317354, 41.7967888], [-87.7318312, 41.7967876]]}, "properties": {"class": "residential"}}, {"type": "Feature", "geometry": {"type": "LineString", "coordinates": [[-87.7388144, 41.7967196], [-87.7390078, 41.7967178], [-87.7391974, 41.796716], [-87.7398045, 41.7967102], [-87.7403151, 41.7967054], [-87.7404219, 41.7967044], [-87.7405286, 41.7967034], [-87.7410354, 41.7966985], [-87.7415411, 41.7966938], [-87.7416482, 41.7966928]]}, "properties": {"class": "residential"}}, {"type": "Feature", "geometry": {"type": "LineString", "coordinates": [[-87.7624144, 41.7964361], [-87.7625786, 41.7964323], [-87.763021, 41.7964222], [-87.7635269, 41.7964107], [-87.7636401, 41.7964081], [-87.7637405, 41.7964064], [-87.7642394, 41.7963979], [-87.7647484, 41.7963892], [-87.7648552, 41.7963874], [-87.7649656, 41.7963848], [-87.7653809, 41.7963749], [-87.7654634, 41.7963735], [-87.7659708, 41.7963618], [-87.7660744, 41.7963594], [-87.7661806, 41.7963574], [-87.7666802, 41.7963481], [-87.7671884, 41.7963386], [-87.7673007, 41.7963365], [-87.7673998, 41.7963346], [-87.7679019, 41.7963248], [-87.7684098, 41.796315], [-87.7685123, 41.796313], [-87.7686209, 41.7963108], [-87.769121, 41.7963005], [-87.7696301, 41.7962901], [-87.7697289, 41.7962881], [-87.769842, 41.7962863], [-87.7703428, 41.7962784], [-87.7708492, 41.7962703], [-87.7709578, 41.7962686], [-87.7710627, 41.7962656], [-87.7715618, 41.7962514], [-87.7720695, 41.7962369], [-87.7721667, 41.7962341], [-87.7722803, 41.7962325], [-87.7727844, 41.796225], [-87.7732919, 41.7962121], [-87.7733921, 41.7962096], [-87.7735026, 41.7962082], [-87.7740026, 41.7962016], [-87.7745079, 41.7961932], [-87.7746067, 41.7961916], [-87.7747205, 41.7961892], [-87.7752255, 41.7961786], [-87.7757277, 41.7961679], [-87.7758337, 41.7961657], [-87.7759404, 41.7961637], [-87.7764434, 41.7961544], [-87.7769494, 41.7961419], [-87.7770499, 41.7961395]]}, "properties": {"class": "residential"}}, {"type": "Feature", "geometry": {"type": "LineString", "coordinates": [[-87.7554801, 41.7727152], [-87.7549916, 41.7727238], [-87.7542924, 41.7727425]]}, "properties": {"class": "residential"}}, {"type": "Feature", "geometry": {"type": "LineString", "coordinates": [[-87.7660876, 41.7722983], [-87.7665143, 41.772293], [-87.7685785, 41.7722672], [-87.7687946, 41.7722635], [-87.7694016, 41.772253], [-87.7711763, 41.7722222], [-87.7712968, 41.7722201], [-87.7721402, 41.7722095]]}, "properties": {"class": "residential"}}, {"type": "Feature", "geometry": {"type": "LineString", "coordinates": [[-87.7299416, 41.7731165], [-87.730052, 41.7731152], [-87.7305538, 41.7731095], [-87.731055, 41.7731038], [-87.7311604, 41.7731026], [-87.7312685, 41.7731012], [-87.731777, 41.7730947], [-87.7322757, 41.7730884], [-87.7323833, 41.773087], [-87.7324896, 41.773085], [-87.7329909, 41.7730757], [-87.7335255, 41.7730711], [-87.7336008, 41.7730705], [-87.733676, 41.7730697], [-87.7342096, 41.7730638], [-87.7347095, 41.7730584], [-87.7348112, 41.7730574], [-87.7349224, 41.7730561], [-87.7365849, 41.7730384]]}, "properties": {"class": "residential"}}, {"type": "Feature", "geometry": {"type": "LineString", "coordinates": [[-87.7635851, 41.7722013], [-87.7640233, 41.7721922], [-87.7642632, 41.7721885]]}, "properties": {"class": "residential"}}, {"type": "Feature", "geometry": {"type": "LineString", "coordinates": [[-87.7377632, 41.7730264], [-87.7383705, 41.773017], [-87.7384741, 41.7730154]]}, "properties": {"class": "residential"}}, {"type": "Feature", "geometry": {"type": "LineString", "coordinates": [[-87.7246416, 41.8023758], [-87.72476, 41.8023743], [-87.72526, 41.8023681], [-87.725768, 41.8023617], [-87.7258716, 41.8023604], [-87.7259856, 41.802359], [-87.7264891, 41.8023527], [-87.7269973, 41.8023464], [-87.7270987, 41.8023451], [-87.7272093, 41.8023437], [-87.7277084, 41.8023375], [-87.728221, 41.8023311], [-87.7283168, 41.8023299], [-87.7284338, 41.8023284], [-87.7289355, 41.8023222], [-87.7294424, 41.8023158], [-87.7295398, 41.8023146], [-87.7296561, 41.8023131], [-87.7301625, 41.8023068], [-87.7306701, 41.8023005], [-87.7307704, 41.8022992], [-87.7308801, 41.8022979], [-87.7313916, 41.8022915], [-87.7318885, 41.8022853], [-87.7319928, 41.8022839], [-87.732102, 41.8022826], [-87.7326161, 41.8022762], [-87.7331178, 41.8022699], [-87.7332159, 41.8022687], [-87.7333291, 41.8022672], [-87.733836, 41.8022609], [-87.7339344, 41.8022597], [-87.7343388, 41.8022546], [-87.7344434, 41.8022533], [-87.7345509, 41.802252], [-87.7350597, 41.8022456], [-87.7355656, 41.8022393], [-87.7356698, 41.802238]]}, "properties": {"class": "residential"}}, {"type": "Feature", "geometry": {"type": "LineString", "coordinates": [[-87.7284813, 41.8078249], [-87.7284787, 41.8077385], [-87.7284694, 41.8074277], [-87.7284287, 41.8060667], [-87.7284263, 41.8059869], [-87.728424, 41.8059101], [-87.7283739, 41.8042391], [-87.7283715, 41.8041555], [-87.7283691, 41.8040758], [-87.7283191, 41.8024071], [-87.7283168, 41.8023299], [-87.7283144, 41.8022492], [-87.7282879, 41.8013629], [-87.7282838, 41.8012243], [-87.7282787, 41.8010537], [-87.7282753, 41.8009416]]}, "properties": {"class": "residential"}}, {"type": "Feature", "geometry": {"type": "LineString", "coordinates": [[-87.7647323, 41.7890181], [-87.7648097, 41.7890163], [-87.7652147, 41.7890085], [-87.7657213, 41.7889986], [-87.7658234, 41.7889966], [-87.7659364, 41.7889944], [-87.7664355, 41.7889849], [-87.7669412, 41.7889751], [-87.7670418, 41.7889732], [-87.7671555, 41.7889711], [-87.7676569, 41.7889616], [-87.7681614, 41.7889516], [-87.768265, 41.7889495], [-87.7683757, 41.7889474], [-87.7688768, 41.7889378], [-87.7693823, 41.7889279], [-87.7694829, 41.7889259], [-87.7695956, 41.7889237], [-87.7700946, 41.7889142], [-87.7706013, 41.7889045], [-87.7707027, 41.7889025], [-87.7708115, 41.7889004], [-87.7713194, 41.7888904], [-87.771816, 41.7888807], [-87.7719234, 41.7888787]]}, "properties": {"class": "residential"}}, {"type": "Feature", "geometry": {"type": "LineString", "coordinates": [[-87.7621539, 41.7890627], [-87.7622755, 41.7890598], [-87.7626297, 41.7890514], [-87.7627766, 41.7890479], [-87.763281, 41.7890355], [-87.7633802, 41.7890331], [-87.7634933, 41.7890304], [-87.7639848, 41.7890184], [-87.7641688, 41.7890139]]}, "properties": {"class": "residential"}}, {"type": "Feature", "geometry": {"type": "LineString", "coordinates": [[-87.7541375, 41.807481], [-87.7541355, 41.8074033], [-87.754126, 41.8070275], [-87.754099, 41.8057298], [-87.7540974, 41.8056529], [-87.7540952, 41.8055763], [-87.754047, 41.8039046], [-87.7540449, 41.803821], [-87.754043, 41.8037464], [-87.7540008, 41.8020793], [-87.7539987, 41.8019954], [-87.7539968, 41.801921], [-87.7539642, 41.8006314], [-87.7539547, 41.8002523], [-87.7539527, 41.8001748]]}, "properties": {"class": "residential"}}, {"type": "Feature", "geometry": {"type": "LineString", "coordinates": [[-87.7538029, 41.7946728], [-87.7538003, 41.7945912], [-87.753763, 41.7933225], [-87.7537507, 41.7929485], [-87.7537479, 41.7928718]]}, "properties": {"class": "residential"}}, {"type": "Feature", "geometry": {"type": "LineString", "coordinates": [[-87.7532246, 41.7782235], [-87.7532203, 41.7781395], [-87.753215, 41.778034], [-87.7532088, 41.7779095], [-87.753204, 41.7778336], [-87.7532015, 41.7777677], [-87.7531891, 41.7774374], [-87.7531872, 41.7773882], [-87.7531853, 41.7773323], [-87.7531737, 41.7769811], [-87.7531491, 41.7762433], [-87.7531173, 41.7761485], [-87.7530556, 41.7760643]]}, "properties": {"class": "residential"}}, {"type": "Feature", "geometry": {"type": "LineString", "coordinates": [[-87.7523034, 41.7760007], [-87.7523021, 41.7759514], [-87.752292, 41.775583], [-87.7522815, 41.7752008], [-87.7522802, 41.7751537], [-87.7522789, 41.7751066], [-87.752269, 41.7747458], [-87.7522668, 41.774665], [-87.7522657, 41.7746239], [-87.7522631, 41.7745302]]}, "properties": {"class": "residential"}}, {"type": "Feature", "geometry": {"type": "LineString", "coordinates": [[-87.7431353, 41.8094485], [-87.7433152, 41.8094463], [-87.7433762, 41.8094456], [-87.7436827, 41.8094419], [-87.7438446, 41.8094398], [-87.744324, 41.809434], [-87.7444216, 41.8094328], [-87.744536, 41.8094314], [-87.7450394, 41.8094251], [-87.7455478, 41.8094189], [-87.7456484, 41.8094177], [-87.7457586, 41.8094164], [-87.7462652, 41.8094102], [-87.7467717, 41.8094039], [-87.7468727, 41.8094027], [-87.7469815, 41.8094013], [-87.7473392, 41.8093969], [-87.7474877, 41.8093951], [-87.7479935, 41.8093889], [-87.7480951, 41.8093877], [-87.7482055, 41.8093864], [-87.7487088, 41.8093802], [-87.7492164, 41.809374], [-87.7493186, 41.8093727], [-87.7494281, 41.8093714], [-87.7499316, 41.8093653], [-87.7504352, 41.809359], [-87.7505479, 41.8093576], [-87.7506496, 41.8093564], [-87.7511516, 41.8093502], [-87.7516604, 41.809344], [-87.7517655, 41.8093427], [-87.7518735, 41.8093414], [-87.7523777, 41.8093353], [-87.7528855, 41.809329], [-87.7529548, 41.8093281]]}, "properties": {"class": "residential"}}, {"type": "Feature", "geometry": {"type": "LineString", "coordinates": [[-87.7343723, 41.8095611], [-87.7324235, 41.8095943]]}, "properties": {"class": "residential"}}, {"type": "Feature", "geometry": {"type": "LineString", "coordinates": [[-87.7348904, 41.7757862], [-87.7350011, 41.7757847], [-87.7366554, 41.7757624]]}, "properties": {"class": "residential"}}, {"type": "Feature", "geometry": {"type": "LineString", "coordinates": [[-87.7542527, 41.7754022], [-87.7542054, 41.7753565], [-87.7541377, 41.7753164], [-87.7540177, 41.7752702], [-87.7538613, 41.775221], [-87.753635, 41.7751629], [-87.7534063, 41.775139], [-87.7532149, 41.775133], [-87.7523397, 41.7751524], [-87.7522802, 41.7751537]]}, "properties": {"class": "residential"}}, {"type": "Feature", "geometry": {"type": "LineString", "coordinates": [[-87.7555269, 41.7745637], [-87.7555282, 41.774607], [-87.7555316, 41.7747182]]}, "properties": {"class": "residential"}}, {"type": "Feature", "geometry": {"type": "LineString", "coordinates": [[-87.7565958, 41.8074483], [-87.7565831, 41.8069941], [-87.7565528, 41.8056966], [-87.7565513, 41.8056328], [-87.7565483, 41.8055385], [-87.756496, 41.8038715], [-87.7564938, 41.8037909], [-87.7564916, 41.8037111], [-87.7564453, 41.802049], [-87.7564419, 41.8019735], [-87.7564407, 41.8018851], [-87.7564048, 41.8005955], [-87.7563941, 41.8002129], [-87.7563921, 41.8001419]]}, "properties": {"class": "residential"}}, {"type": "Feature", "geometry": {"type": "LineString", "coordinates": [[-87.7561897, 41.792837], [-87.7561919, 41.7929086], [-87.7561958, 41.7930327], [-87.7562055, 41.7932902], [-87.7562117, 41.7934529], [-87.7562274, 41.7938664], [-87.7562535, 41.7945529], [-87.7562567, 41.7946361]]}, "properties": {"class": "residential"}}, {"type": "Feature", "geometry": {"type": "LineString", "coordinates": [[-87.7691356, 41.8035862], [-87.7691176, 41.8031338], [-87.7690859, 41.8023376], [-87.769011, 41.8004599], [-87.7689939, 41.8000285], [-87.7689907, 41.7999492]]}, "properties": {"class": "residential"}}, {"type": "Feature", "geometry": {"type": "LineString", "coordinates": [[-87.7686149, 41.7999562], [-87.7686122, 41.7998543], [-87.7685688, 41.7982014], [-87.7685667, 41.7981217], [-87.7685643, 41.7980433], [-87.7685146, 41.7963901], [-87.7685123, 41.796313], [-87.7685105, 41.7962324], [-87.7684886, 41.7952581]]}, "properties": {"class": "residential"}}, {"type": "Feature", "geometry": {"type": "LineString", "coordinates": [[-87.7684026, 41.7926156], [-87.7684007, 41.7925383], [-87.7683916, 41.7921658], [-87.7683379, 41.7908609], [-87.7683347, 41.7907825], [-87.7683315, 41.790699], [-87.7682679, 41.7890265], [-87.768265, 41.7889495], [-87.7682622, 41.7888675], [-87.7682041, 41.7871925], [-87.7682016, 41.7871192], [-87.7681975, 41.7870318], [-87.7681358, 41.7857294], [-87.7681199, 41.7853568], [-87.7681164, 41.7852759]]}, "properties": {"class": "residential"}}, {"type": "Feature", "geometry": {"type": "LineString", "coordinates": [[-87.7692956, 41.7842782], [-87.7693206, 41.7847996], [-87.7693361, 41.7851721], [-87.7693394, 41.7852524]]}, "properties": {"class": "residential"}}, {"type": "Feature", "geometry": {"type": "LineString", "coordinates": [[-87.74447, 41.8112576], [-87.7444679, 41.8111781], [-87.7444236, 41.8095093], [-87.7444216, 41.8094328], [-87.7444194, 41.8093501], [-87.7443852, 41.8080611], [-87.7443752, 41.8076842], [-87.7443733, 41.8076108], [-87.744371, 41.8075262], [-87.7443613, 41.8071601], [-87.7443268, 41.8058603], [-87.7443247, 41.8057822], [-87.7443226, 41.8057022], [-87.7442785, 41.8040383], [-87.7442762, 41.803953], [-87.7442742, 41.8038773], [-87.7442301, 41.8022135], [-87.7442282, 41.802141], [-87.7442259, 41.8020536], [-87.7441817, 41.8003907], [-87.7441795, 41.8003065], [-87.7441774, 41.8002289], [-87.7441448, 41.7989977], [-87.7441436, 41.7989501], [-87.7441355, 41.7986228], [-87.7441324, 41.7984991]]}, "properties": {"class": "residential"}}, {"type": "Feature", "geometry": {"type": "LineString", "coordinates": [[-87.7435063, 41.7784101], [-87.7435019, 41.7782772], [-87.7434922, 41.777965]]}, "properties": {"class": "residential"}}, {"type": "Feature", "geometry": {"type": "LineString", "coordinates": [[-87.7387972, 41.7839446], [-87.7387452, 41.7822072], [-87.7387427, 41.7821239], [-87.7387405, 41.7820494], [-87.7386879, 41.7802959], [-87.7386858, 41.7802242], [-87.7386842, 41.7801695], [-87.7386737, 41.7798212], [-87.738663, 41.7794636], [-87.7386513, 41.7790713], [-87.7386474, 41.7789545], [-87.7386365, 41.7785779], [-87.7386336, 41.7784819]]}, "properties": {"class": "residential"}}, {"type": "Feature", "geometry": {"type": "LineString", "coordinates": [[-87.73972, 41.8168825], [-87.7396974, 41.8157796], [-87.7396905, 41.8155057], [-87.7396831, 41.8152126], [-87.7396774, 41.8149843], [-87.7396751, 41.8148938], [-87.7396566, 41.8141563], [-87.7396478, 41.8132265], [-87.7396457, 41.8131435], [-87.7396432, 41.8130691], [-87.7395879, 41.8114008], [-87.7395852, 41.8113199], [-87.7395832, 41.8112414], [-87.7395579, 41.8102329], [-87.7395415, 41.8095796], [-87.7395393, 41.8094926], [-87.7395374, 41.8094177], [-87.7395067, 41.8081969], [-87.7395049, 41.8081251], [-87.7394955, 41.8077529], [-87.7394936, 41.8076764]]}, "properties": {"class": "residential"}}, {"type": "Feature", "geometry": {"type": "LineString", "coordinates": [[-87.7507942, 41.7782652], [-87.7507921, 41.7781897], [-87.7507817, 41.7778192], [-87.7507724, 41.7774875], [-87.7507706, 41.7774233]]}, "properties": {"class": "residential"}}, {"type": "Feature", "geometry": {"type": "LineString", "coordinates": [[-87.7568333, 41.7772546], [-87.7569415, 41.7772523], [-87.757443, 41.7772419], [-87.759155, 41.7772061], [-87.7592602, 41.7772039], [-87.7593692, 41.7772016], [-87.7610718, 41.777166], [-87.7615709, 41.7771555], [-87.7616753, 41.7771534], [-87.7618075, 41.7771506], [-87.7623027, 41.7771403], [-87.7625488, 41.7771351], [-87.764025, 41.7771043], [-87.7641238, 41.7771022]]}, "properties": {"class": "residential"}}, {"type": "Feature", "geometry": {"type": "LineString", "coordinates": [[-87.7484114, 41.777435], [-87.7484825, 41.7774642], [-87.7485411, 41.77747], [-87.7486213, 41.7774687], [-87.7489427, 41.7774623], [-87.7490013, 41.7774611], [-87.749073, 41.7774596], [-87.7505772, 41.7774274], [-87.7507017, 41.7774248], [-87.7507706, 41.7774233], [-87.7508308, 41.7774224], [-87.7509406, 41.7774208], [-87.751979, 41.7774057], [-87.7531197, 41.7773892], [-87.7531872, 41.7773882], [-87.7532625, 41.7773861], [-87.7540446, 41.7773642], [-87.7541929, 41.777328], [-87.7543187, 41.7772705]]}, "properties": {"class": "residential"}}, {"type": "Feature", "geometry": {"type": "LineString", "coordinates": [[-87.7641137, 41.7872059], [-87.7634221, 41.7872217], [-87.7633137, 41.7872242], [-87.7632093, 41.7872281], [-87.7627059, 41.7872467], [-87.7622028, 41.7872572], [-87.7620804, 41.7872598]]}, "properties": {"class": "residential"}}, {"type": "Feature", "geometry": {"type": "LineString", "coordinates": [[-87.7636697, 41.7744121], [-87.7636657, 41.774308]]}, "properties": {"class": "residential"}}, {"type": "Feature", "geometry": {"type": "LineString", "coordinates": [[-87.7258424, 41.8013273], [-87.7259525, 41.8013105], [-87.7260654, 41.8012918], [-87.7263018, 41.8012543], [-87.7269494, 41.8011513], [-87.7270626, 41.8011333], [-87.7271717, 41.8011169], [-87.7273292, 41.8010909], [-87.7278608, 41.8010064], [-87.7279342, 41.8009947]]}, "properties": {"class": "secondary"}}, {"type": "Feature", "geometry": {"type": "LineString", "coordinates": [[-87.7410672, 41.7784551], [-87.7410641, 41.7783447], [-87.7410542, 41.7779965], [-87.7410178, 41.7767108], [-87.7410155, 41.7766282], [-87.7410133, 41.7765508], [-87.7409664, 41.7748923], [-87.7409638, 41.7748009], [-87.7409619, 41.7747335], [-87.7409148, 41.773071], [-87.7409124, 41.7729857], [-87.7409103, 41.7729101], [-87.7408634, 41.7712539], [-87.7408605, 41.7711513]]}, "properties": {"class": "residential"}}, {"type": "Feature", "geometry": {"type": "LineString", "coordinates": [[-87.7421122, 41.8149358], [-87.7421104, 41.8148605], [-87.742071, 41.8131928], [-87.7420691, 41.8131142], [-87.7420676, 41.8130325], [-87.7420364, 41.8113696], [-87.7420349, 41.8112901], [-87.7420329, 41.8112115], [-87.7419898, 41.8095416], [-87.7419878, 41.8094626], [-87.7419859, 41.8093841], [-87.7419541, 41.808099], [-87.7419446, 41.807713], [-87.7419429, 41.8076434], [-87.7419402, 41.8075586], [-87.7419375, 41.8074744], [-87.7419326, 41.8073187], [-87.7419285, 41.8071893], [-87.7418875, 41.8058937], [-87.741885, 41.8058135], [-87.7418827, 41.8057347], [-87.7418351, 41.8040692], [-87.7418327, 41.8039852], [-87.7418309, 41.8039123], [-87.7417898, 41.8022457], [-87.7417875, 41.8021717], [-87.7417849, 41.8020863], [-87.7417451, 41.8007833], [-87.7417375, 41.8004254], [-87.7417357, 41.8003403], [-87.7417339, 41.8002667], [-87.7417121, 41.7993831], [-87.7417103, 41.799197], [-87.7417096, 41.7989969], [-87.741708, 41.7988658]]}, "properties": {"class": "residential"}}, {"type": "Feature", "geometry": {"type": "LineString", "coordinates": [[-87.7387765, 41.8040232], [-87.7392893, 41.8040167], [-87.7393884, 41.8040154], [-87.7394966, 41.8040144], [-87.7400042, 41.8040099], [-87.7405096, 41.8040053], [-87.7406067, 41.8040044], [-87.7407239, 41.8040026], [-87.741222, 41.8039948], [-87.7417283, 41.8039868], [-87.7418327, 41.8039852], [-87.7419466, 41.803984], [-87.7424398, 41.8039786], [-87.7428925, 41.8039742], [-87.7429787, 41.8039734]]}, "properties": {"class": "residential"}}, {"type": "Feature", "geometry": {"type": "LineString", "coordinates": [[-87.7234816, 41.8042141], [-87.7236447, 41.8042121], [-87.7240895, 41.8042068], [-87.7245965, 41.8042007], [-87.7247024, 41.8041995], [-87.7248137, 41.8041981], [-87.7253233, 41.804192], [-87.7258223, 41.804186], [-87.7259233, 41.8041848], [-87.7260337, 41.8041835], [-87.7265365, 41.8041775], [-87.7270481, 41.8041713], [-87.7271531, 41.8041701], [-87.7272618, 41.8041687], [-87.7277588, 41.8041628], [-87.7282685, 41.8041567], [-87.7283715, 41.8041555], [-87.7284859, 41.8041541], [-87.728984, 41.8041481], [-87.7294944, 41.804142], [-87.7295912, 41.8041408], [-87.7297099, 41.8041394], [-87.7302054, 41.8041335], [-87.7307178, 41.8041273], [-87.7308293, 41.804126], [-87.7309293, 41.8041248], [-87.7314451, 41.8041186], [-87.731945, 41.8041126], [-87.7320459, 41.8041114], [-87.7321567, 41.8041101], [-87.7326672, 41.8041039], [-87.7331695, 41.8040979], [-87.733268, 41.8040967], [-87.733379, 41.8040954], [-87.7338882, 41.8040893]]}, "properties": {"class": "residential"}}, {"type": "Feature", "geometry": {"type": "LineString", "coordinates": [[-87.7734977, 41.799859], [-87.7734948, 41.7997575], [-87.7734559, 41.7984118], [-87.7734535, 41.7983289], [-87.7734469, 41.7981039], [-87.7734447, 41.7980276], [-87.7734423, 41.7979444], [-87.7734201, 41.7971785], [-87.7734154, 41.7970145], [-87.7734067, 41.7968393], [-87.773394, 41.7962937], [-87.7733921, 41.7962096]]}, "properties": {"class": "residential"}}, {"type": "Feature", "geometry": {"type": "LineString", "coordinates": [[-87.7727156, 41.7778395], [-87.7727188, 41.7779268], [-87.7727299, 41.7782251], [-87.7727326, 41.7783034], [-87.7727808, 41.7795941], [-87.772784, 41.7796797], [-87.7727867, 41.7797532], [-87.772849, 41.7814301], [-87.7728519, 41.7815075], [-87.7728549, 41.7815871], [-87.7729172, 41.7832642], [-87.77292, 41.7833402]]}, "properties": {"class": "residential"}}, {"type": "Feature", "geometry": {"type": "LineString", "coordinates": [[-87.7589874, 41.8055334], [-87.7589854, 41.8054538], [-87.7589444, 41.8038032], [-87.7589425, 41.8037268], [-87.75894, 41.8036392], [-87.7588986, 41.8022027], [-87.7588934, 41.80199], [-87.7588916, 41.8019151], [-87.7588896, 41.801834], [-87.7588492, 41.8001813], [-87.7588475, 41.8001115]]}, "properties": {"class": "residential"}}, {"type": "Feature", "geometry": {"type": "LineString", "coordinates": [[-87.7586941, 41.7945997], [-87.7586917, 41.7945164], [-87.7586449, 41.7928712], [-87.7586429, 41.792802]]}, "properties": {"class": "residential"}}, {"type": "Feature", "geometry": {"type": "LineString", "coordinates": [[-87.7653859, 41.7779802], [-87.7653894, 41.7780685], [-87.7654041, 41.7784392], [-87.7654557, 41.7797381], [-87.7654591, 41.7798226], [-87.7654621, 41.7798969], [-87.7655287, 41.781572], [-87.7655318, 41.7816508], [-87.7655351, 41.7817326], [-87.7656016, 41.7834081], [-87.7656047, 41.7834864]]}, "properties": {"class": "residential"}}, {"type": "Feature", "geometry": {"type": "LineString", "coordinates": [[-87.7664188, 41.7950923], [-87.766415, 41.7949948], [-87.7664011, 41.794636], [-87.7664005, 41.7946202], [-87.7663884, 41.7943105], [-87.7663773, 41.794024]]}, "properties": {"class": "residential"}}, {"type": "Feature", "geometry": {"type": "LineString", "coordinates": [[-87.7659695, 41.7926661], [-87.7659665, 41.7925906], [-87.7659517, 41.7922102], [-87.7658996, 41.7909102], [-87.7658964, 41.79083], [-87.7658933, 41.7907524], [-87.7658265, 41.7890745], [-87.7658234, 41.7889966], [-87.7658202, 41.7889163], [-87.7657847, 41.7880243], [-87.7657535, 41.7872403], [-87.7657506, 41.787167], [-87.7657471, 41.7870822], [-87.7656946, 41.7858236], [-87.7656937, 41.7858014], [-87.7656929, 41.7857779], [-87.7656799, 41.7854036], [-87.7656771, 41.7853228]]}, "properties": {"class": "residential"}}, {"type": "Feature", "geometry": {"type": "LineString", "coordinates": [[-87.7741668, 41.7837939], [-87.7741522, 41.7833995], [-87.7741489, 41.7833118]]}, "properties": {"class": "residential"}}, {"type": "Feature", "geometry": {"type": "LineString", "coordinates": [[-87.7615151, 41.772714], [-87.7604961, 41.7727246]]}, "properties": {"class": "residential"}}, {"type": "Feature", "geometry": {"type": "LineString", "coordinates": [[-87.775602, 41.7724952], [-87.7761686, 41.7724799]]}, "properties": {"class": "residential"}}, {"type": "Feature", "geometry": {"type": "LineString", "coordinates": [[-87.7577846, 41.8019248], [-87.7582878, 41.8019214], [-87.7587921, 41.8019167], [-87.7588916, 41.8019151], [-87.759009, 41.8019132], [-87.7595039, 41.8019051], [-87.7600155, 41.8018968], [-87.7601162, 41.8018952], [-87.7602297, 41.8018933], [-87.7607295, 41.8018849], [-87.7612403, 41.8018766], [-87.7613416, 41.8018749], [-87.7614539, 41.8018731], [-87.7619541, 41.8018649], [-87.7621371, 41.8018618], [-87.7624562, 41.8018566], [-87.7625785, 41.8018546]]}, "properties": {"class": "residential"}}, {"type": "Feature", "geometry": {"type": "LineString", "coordinates": [[-87.7378128, 41.7748489], [-87.7384209, 41.7748391], [-87.7385272, 41.7748374]]}, "properties": {"class": "residential"}}, {"type": "Feature", "geometry": {"type": "LineString", "coordinates": [[-87.7282191, 41.7986934], [-87.7283328, 41.7986918], [-87.7283575, 41.7986885], [-87.7285388, 41.7986641], [-87.728833, 41.798658], [-87.7293422, 41.798652], [-87.7294397, 41.7986508], [-87.7295554, 41.7986494], [-87.730063, 41.7986434], [-87.7305698, 41.7986374], [-87.7306711, 41.7986362], [-87.7307792, 41.7986349], [-87.7312845, 41.798629], [-87.7317942, 41.7986229], [-87.7318863, 41.7986218], [-87.7320066, 41.7986204], [-87.7325108, 41.7986144], [-87.7330161, 41.7986084], [-87.7331133, 41.7986073], [-87.7332276, 41.7986059], [-87.7337433, 41.7985998], [-87.7342407, 41.7985939], [-87.7343461, 41.7985927], [-87.7344535, 41.7985914], [-87.7349528, 41.7985855], [-87.7354649, 41.7985794], [-87.735569, 41.7985782], [-87.7356753, 41.7985768], [-87.736173, 41.798571], [-87.736685, 41.798565], [-87.7367994, 41.7985636]]}, "properties": {"class": "residential"}}, {"type": "Feature", "geometry": {"type": "LineString", "coordinates": [[-87.7281818, 41.7973315], [-87.7280855, 41.7973322], [-87.7272115, 41.7973381], [-87.7265006, 41.7973429], [-87.726262, 41.7973445], [-87.7257562, 41.7973479], [-87.725711, 41.7973482], [-87.7255914, 41.7973491], [-87.7252976, 41.7973511], [-87.7246248, 41.7973556], [-87.724392, 41.7973572], [-87.7240359, 41.7973596], [-87.7234489, 41.7973636], [-87.7232695, 41.7973648]]}, "properties": {"class": "residential"}}, {"type": "Feature", "geometry": {"type": "LineString", "coordinates": [[-87.7490187, 41.798419], [-87.7491307, 41.7984172], [-87.7495278, 41.7984109], [-87.749631, 41.7984089], [-87.7501374, 41.7984069], [-87.750237, 41.7984065], [-87.7503504, 41.7984045], [-87.7508537, 41.7983955], [-87.7513593, 41.7983859], [-87.7514664, 41.7983839], [-87.7515702, 41.798382], [-87.752071, 41.798373], [-87.7525801, 41.7983657], [-87.7526767, 41.7983643], [-87.7527888, 41.7983629], [-87.7532967, 41.7983568], [-87.7538004, 41.7983498], [-87.7538988, 41.7983484], [-87.7540137, 41.7983468], [-87.7545214, 41.7983398], [-87.7550235, 41.798331], [-87.7551285, 41.7983291], [-87.755234, 41.7983276], [-87.7557417, 41.7983205], [-87.7562466, 41.7983116], [-87.7563482, 41.7983098], [-87.7564586, 41.7983083], [-87.7569653, 41.7983014], [-87.7574706, 41.7982965], [-87.7575787, 41.7983021], [-87.7576833, 41.7983041], [-87.7581909, 41.7983], [-87.7586955, 41.798293], [-87.7587956, 41.7982916], [-87.7589071, 41.7982901], [-87.7594129, 41.7982833], [-87.7599179, 41.7982764], [-87.7600183, 41.798275], [-87.7601288, 41.7982735], [-87.760628, 41.7982665], [-87.7611399, 41.7982594], [-87.7612376, 41.7982581], [-87.7613511, 41.7982565], [-87.7618503, 41.7982497], [-87.7623605, 41.7982427], [-87.7624625, 41.7982413]]}, "properties": {"class": "residential"}}, {"type": "Feature", "geometry": {"type": "LineString", "coordinates": [[-87.7719974, 41.790711], [-87.7721055, 41.7907087], [-87.7726102, 41.7906991], [-87.7731116, 41.790689], [-87.7732064, 41.7906881], [-87.7733237, 41.7906856], [-87.7738261, 41.7906753], [-87.7743304, 41.7906657], [-87.7744337, 41.7906637], [-87.7745424, 41.7906615], [-87.7750402, 41.7906516], [-87.7755496, 41.7906417], [-87.7756476, 41.7906398], [-87.7757612, 41.7906376], [-87.776262, 41.7906279], [-87.7767662, 41.790618], [-87.7768737, 41.7906159], [-87.7769794, 41.7906135], [-87.7774823, 41.7906022], [-87.7779834, 41.7905939], [-87.7780789, 41.7905923], [-87.7781944, 41.7905901], [-87.7787003, 41.7905802], [-87.7792027, 41.7905704], [-87.7792423, 41.7905696], [-87.7793066, 41.7905684]]}, "properties": {"class": "residential"}}, {"type": "Feature", "geometry": {"type": "LineString", "coordinates": [[-87.7622287, 41.790903], [-87.7623496, 41.7909007], [-87.7628514, 41.7908909], [-87.7633527, 41.7908812], [-87.7634482, 41.7908793], [-87.7635674, 41.7908773], [-87.7640655, 41.7908687], [-87.7642868, 41.7908646]]}, "properties": {"class": "residential"}}, {"type": "Feature", "geometry": {"type": "LineString", "coordinates": [[-87.751842, 41.8122814], [-87.7518077, 41.8112398], [-87.7518053, 41.8111661]]}, "properties": {"class": "residential"}}, {"type": "Feature", "geometry": {"type": "LineString", "coordinates": [[-87.75016, 41.7647123], [-87.7501466, 41.7638282], [-87.7501452, 41.7637776], [-87.7501316, 41.7632998], [-87.75013, 41.763205], [-87.7501267, 41.7630014], [-87.7501006, 41.7619164], [-87.750097, 41.7617652], [-87.7500863, 41.7613209], [-87.7500827, 41.7611688], [-87.7500715, 41.7607025], [-87.7500602, 41.7602333], [-87.7500575, 41.7601198], [-87.7500554, 41.7600322]]}, "properties": {"class": "residential"}}, {"type": "Feature", "geometry": {"type": "LineString", "coordinates": [[-87.775941, 41.7997987], [-87.7759379, 41.7997059], [-87.7758832, 41.7980545], [-87.7758811, 41.7979806], [-87.7758787, 41.797896], [-87.7758357, 41.7962444], [-87.7758337, 41.7961657], [-87.7758312, 41.7960863], [-87.7757789, 41.7944339], [-87.7757765, 41.7943566], [-87.7757742, 41.7942751], [-87.7757701, 41.7941345], [-87.775768, 41.7940624], [-87.7757594, 41.7937622], [-87.7757563, 41.7936545]]}, "properties": {"class": "residential"}}, {"type": "Feature", "geometry": {"type": "LineString", "coordinates": [[-87.7757171, 41.7924696], [-87.7757142, 41.7923924], [-87.7757, 41.792019], [-87.7756504, 41.7907137], [-87.7756476, 41.7906398], [-87.7756443, 41.7905521], [-87.7755808, 41.7888788], [-87.7755779, 41.7888037], [-87.7755747, 41.7887201], [-87.7755111, 41.7870437], [-87.7755085, 41.786974], [-87.7755052, 41.7868865], [-87.7754558, 41.7855868], [-87.7754415, 41.7852087], [-87.7754387, 41.7851351]]}, "properties": {"class": "residential"}}, {"type": "Feature", "geometry": {"type": "LineString", "coordinates": [[-87.7751671, 41.7777927], [-87.7751707, 41.7778798], [-87.7751858, 41.7782472], [-87.7752393, 41.7795476], [-87.7752428, 41.7796316], [-87.7752449, 41.7797073], [-87.775291, 41.7813806], [-87.775293, 41.7814548], [-87.7752964, 41.7815402], [-87.7753641, 41.7832157], [-87.7753674, 41.7832964]]}, "properties": {"class": "residential"}}, {"type": "Feature", "geometry": {"type": "LineString", "coordinates": [[-87.7495738, 41.7782885], [-87.749573, 41.7782175], [-87.7495687, 41.7778455]]}, "properties": {"class": "residential"}}, {"type": "Feature", "geometry": {"type": "LineString", "coordinates": [[-87.7506398, 41.8126294], [-87.7505878, 41.811258], [-87.7505848, 41.8111796]]}, "properties": {"class": "residential"}}, {"type": "Feature", "geometry": {"type": "LineString", "coordinates": [[-87.7493354, 41.7710093], [-87.7493177, 41.7704356], [-87.749307, 41.7700907]]}, "properties": {"class": "residential"}}, {"type": "Feature", "geometry": {"type": "LineString", "coordinates": [[-87.7490013, 41.7774611], [-87.7489996, 41.7774239], [-87.7489653, 41.7766596], [-87.7489893, 41.7765478], [-87.749043, 41.7764419], [-87.7491454, 41.7763131], [-87.7492435, 41.7762308], [-87.7492963, 41.7761852]]}, "properties": {"class": "residential"}}, {"type": "Feature", "geometry": {"type": "LineString", "coordinates": [[-87.7492963, 41.7761852], [-87.7492597, 41.7761469], [-87.7491294, 41.7760106], [-87.749024, 41.7758873], [-87.7489665, 41.7757903], [-87.7489298, 41.7756841], [-87.7489166, 41.7755822], [-87.7489047, 41.7752582], [-87.7489029, 41.7752094], [-87.7489022, 41.7751606], [-87.7488955, 41.7747274], [-87.7488949, 41.7746857], [-87.7488935, 41.7745959]]}, "properties": {"class": "residential"}}, {"type": "Feature", "geometry": {"type": "LineString", "coordinates": [[-87.7311099, 41.7712776], [-87.7311123, 41.7713706], [-87.7311207, 41.7716882], [-87.7311222, 41.7717439], [-87.7311223, 41.7717493], [-87.7311228, 41.7717666], [-87.7311582, 41.7730242], [-87.7311604, 41.7731026], [-87.7311628, 41.7731841], [-87.7312128, 41.7748449], [-87.7312152, 41.774924], [-87.7312172, 41.775003], [-87.7312573, 41.776664], [-87.7312592, 41.7767428], [-87.7312614, 41.7768239], [-87.7312974, 41.7781051], [-87.7313101, 41.778482], [-87.7313128, 41.7785623]]}, "properties": {"class": "residential"}}, {"type": "Feature", "geometry": {"type": "LineString", "coordinates": [[-87.7324876, 41.8114272], [-87.7324458, 41.8104485], [-87.7324321, 41.8099249], [-87.7324235, 41.8095943], [-87.7324014, 41.8087417], [-87.7323783, 41.8078448], [-87.7323762, 41.8077723]]}, "properties": {"class": "residential"}}, {"type": "Feature", "geometry": {"type": "LineString", "coordinates": [[-87.7591657, 41.7744956], [-87.7591673, 41.7745423], [-87.7591818, 41.7749186]]}, "properties": {"class": "residential"}}, {"type": "Feature", "geometry": {"type": "LineString", "coordinates": [[-87.7600524, 41.8000959], [-87.7600546, 41.8001722], [-87.7601133, 41.8018141], [-87.7601162, 41.8018952], [-87.7601179, 41.8019668], [-87.7601552, 41.8033691], [-87.760162, 41.8036232], [-87.7601642, 41.8037049], [-87.7601664, 41.8037884], [-87.7602094, 41.8054357], [-87.7602116, 41.8055194]]}, "properties": {"class": "residential"}}, {"type": "Feature", "geometry": {"type": "LineString", "coordinates": [[-87.7598668, 41.7927846], [-87.7598685, 41.7928533], [-87.7598712, 41.7929671], [-87.7598787, 41.7932859], [-87.7599072, 41.7944973], [-87.7599092, 41.7945816]]}, "properties": {"class": "residential"}}, {"type": "Feature", "geometry": {"type": "LineString", "coordinates": [[-87.7672225, 41.7935934], [-87.7673208, 41.7935909], [-87.7677974, 41.7935788], [-87.7678902, 41.7935764], [-87.7679672, 41.7935745], [-87.7682282, 41.7934721], [-87.7683832, 41.7934685], [-87.7684342, 41.7934605], [-87.7684825, 41.7934405], [-87.7685334, 41.7934065]]}, "properties": {"class": "residential"}}, {"type": "Feature", "geometry": {"type": "LineString", "coordinates": [[-87.7468177, 41.8075777], [-87.7468155, 41.807492], [-87.746806, 41.8071268], [-87.746772, 41.8058282], [-87.74677, 41.8057509], [-87.7467679, 41.8056697], [-87.7467244, 41.8040052], [-87.7467223, 41.8039222], [-87.7467203, 41.8038481], [-87.7466768, 41.8021802], [-87.7466749, 41.8021069], [-87.7466726, 41.8020206], [-87.7466291, 41.8003545], [-87.7466269, 41.8002727], [-87.746625, 41.8001974], [-87.746584, 41.7986275], [-87.746574, 41.7982468], [-87.7465713, 41.798142]]}, "properties": {"class": "residential"}}, {"type": "Feature", "geometry": {"type": "LineString", "coordinates": [[-87.7458166, 41.7746584], [-87.7458176, 41.774744], [-87.745819, 41.7747935], [-87.7458667, 41.7764585], [-87.745869, 41.7765374], [-87.7458713, 41.7766178], [-87.7459087, 41.7779233], [-87.7459167, 41.7782032], [-87.7459191, 41.7782856], [-87.7459213, 41.7783621]]}, "properties": {"class": "residential"}}, {"type": "Feature", "geometry": {"type": "LineString", "coordinates": [[-87.7652129, 41.8026593], [-87.7652018, 41.8023878], [-87.7651955, 41.8022324], [-87.7651883, 41.8020567], [-87.765182, 41.8019013], [-87.765175, 41.8017282], [-87.7651685, 41.8015684], [-87.7651628, 41.8014282], [-87.7651568, 41.8012819], [-87.7651443, 41.8009752], [-87.7651385, 41.8008338], [-87.7651281, 41.8005762], [-87.7651088, 41.8001033], [-87.7651055, 41.8000221]]}, "properties": {"class": "residential"}}, {"type": "Feature", "geometry": {"type": "LineString", "coordinates": [[-87.7644226, 41.7845657], [-87.7643847, 41.78359], [-87.7643817, 41.7835121]]}, "properties": {"class": "residential"}}, {"type": "Feature", "geometry": {"type": "LineString", "coordinates": [[-87.7647323, 41.7890181], [-87.7647292, 41.7889393], [-87.7646987, 41.7881727], [-87.7646955, 41.7880982], [-87.7646931, 41.788029], [-87.764667, 41.787264], [-87.7646645, 41.7871895]]}, "properties": {"class": "residential"}}, {"type": "Feature", "geometry": {"type": "LineString", "coordinates": [[-87.7358137, 41.807726], [-87.7358116, 41.8076437], [-87.7358092, 41.8075533], [-87.7358045, 41.8073747], [-87.7357839, 41.8065898], [-87.7357709, 41.8060947], [-87.7357678, 41.8059734], [-87.7357658, 41.8058974], [-87.7357642, 41.8058366], [-87.7357457, 41.8051343], [-87.7357315, 41.8045917], [-87.7357284, 41.8044732], [-87.7357159, 41.8039952], [-87.7357091, 41.8037382], [-87.7356993, 41.8033623], [-87.7356698, 41.802238]]}, "properties": {"class": "residential"}}, {"type": "Feature", "geometry": {"type": "LineString", "coordinates": [[-87.7354758, 41.7952594], [-87.7354726, 41.7951504], [-87.7354637, 41.7948384], [-87.7354543, 41.7945131], [-87.735427, 41.7935584], [-87.7354163, 41.7931859], [-87.7354138, 41.7930975]]}, "properties": {"class": "residential"}}, {"type": "Feature", "geometry": {"type": "LineString", "coordinates": [[-87.7629262, 41.8119219], [-87.7629223, 41.8115587]]}, "properties": {"class": "secondary"}}, {"type": "Feature", "geometry": {"type": "LineString", "coordinates": [[-87.7624122, 41.7963561], [-87.7624076, 41.7961873]]}, "properties": {"class": "secondary"}}, {"type": "Feature", "geometry": {"type": "LineString", "coordinates": [[-87.7396263, 41.7711671], [-87.7396293, 41.7712652], [-87.7396804, 41.7729241], [-87.7396829, 41.7730007], [-87.7396854, 41.7730844], [-87.7397367, 41.774746], [-87.7397389, 41.7748193], [-87.7397416, 41.7749044], [-87.7397928, 41.7765668], [-87.7397952, 41.7766427], [-87.7397977, 41.7767246], [-87.7398374, 41.778012], [-87.739849, 41.778387], [-87.7398515, 41.7784684]]}, "properties": {"class": "residential"}}, {"type": "Feature", "geometry": {"type": "LineString", "coordinates": [[-87.7704968, 41.7838769], [-87.7704879, 41.7834705], [-87.7704861, 41.783389]]}, "properties": {"class": "residential"}}, {"type": "Feature", "geometry": {"type": "LineString", "coordinates": [[-87.7689085, 41.7742058], [-87.7689125, 41.7743068], [-87.7689144, 41.7743561], [-87.7689294, 41.7747301], [-87.7689442, 41.7751068], [-87.7689472, 41.7751834], [-87.7689504, 41.7752661], [-87.7689653, 41.7756421], [-87.76898, 41.7760187], [-87.7689833, 41.7761014], [-87.7689864, 41.776179], [-87.7690007, 41.7765383], [-87.7690141, 41.7768945], [-87.7690159, 41.7769405], [-87.769022, 41.7770839], [-87.769024, 41.7771309], [-87.7690395, 41.7774908], [-87.7690523, 41.7778378], [-87.7690551, 41.7779135]]}, "properties": {"class": "residential"}}, {"type": "Feature", "geometry": {"type": "LineString", "coordinates": [[-87.768065, 41.783922], [-87.768045, 41.7835198], [-87.768041, 41.7834392]]}, "properties": {"class": "residential"}}, {"type": "Feature", "geometry": {"type": "LineString", "coordinates": [[-87.766457, 41.7742536], [-87.7664611, 41.7743537], [-87.7664632, 41.7744044], [-87.766479, 41.7747818], [-87.7664943, 41.775154], [-87.7664975, 41.7752302], [-87.766501, 41.7753143], [-87.7665169, 41.7756899], [-87.7665322, 41.7760682], [-87.7665356, 41.7761508], [-87.7665388, 41.776227], [-87.766554, 41.776586], [-87.7665684, 41.7769424], [-87.7665704, 41.7769896], [-87.7665764, 41.7771344], [-87.7665782, 41.7771777], [-87.7665935, 41.7775335], [-87.7666075, 41.7778852], [-87.7666104, 41.7779579], [-87.766614, 41.7780437], [-87.7666293, 41.7784128]]}, "properties": {"class": "residential"}}, {"type": "Feature", "geometry": {"type": "LineString", "coordinates": [[-87.731939, 41.8003916], [-87.7319407, 41.8004913], [-87.7319417, 41.8005345], [-87.7319503, 41.8008234], [-87.7319508, 41.8008393], [-87.7319905, 41.8022043], [-87.7319928, 41.8022839], [-87.731995, 41.8023625], [-87.7320436, 41.8040334], [-87.7320459, 41.8041114], [-87.7320482, 41.8041912], [-87.7320967, 41.8058612], [-87.7320991, 41.8059421], [-87.7321014, 41.8060215], [-87.732141, 41.8073821], [-87.7321456, 41.8075396], [-87.7321499, 41.8076891], [-87.7321524, 41.8077754]]}, "properties": {"class": "residential"}}, {"type": "Feature", "geometry": {"type": "LineString", "coordinates": [[-87.72059, 41.7887186], [-87.7206933, 41.7887173], [-87.7228641, 41.7886875], [-87.7230329, 41.7886852], [-87.72321, 41.7886828], [-87.7236352, 41.7886769], [-87.7253785, 41.788653], [-87.7254882, 41.7886515], [-87.7255979, 41.78865], [-87.7278313, 41.7886194], [-87.727934, 41.788618]]}, "properties": {"class": "residential"}}, {"type": "Feature", "geometry": {"type": "LineString", "coordinates": [[-87.7230502, 41.7895849], [-87.7232339, 41.789583], [-87.7233558, 41.7895816], [-87.7235543, 41.7895795], [-87.7236688, 41.7895783], [-87.725404, 41.7895598], [-87.7255127, 41.7895586], [-87.7256174, 41.7895575], [-87.7262172, 41.7895511], [-87.7273567, 41.7895389], [-87.727853, 41.7895336], [-87.7279584, 41.7895325], [-87.7280639, 41.7895314], [-87.7285813, 41.7895259], [-87.7290799, 41.7895206], [-87.7291871, 41.7895194], [-87.7292903, 41.7895183], [-87.7298005, 41.7895129], [-87.730303, 41.7895075], [-87.730406, 41.7895064], [-87.7305184, 41.7895051], [-87.731023, 41.7894998], [-87.7315267, 41.7894944], [-87.731621, 41.7894934], [-87.7322568, 41.7894866], [-87.7327515, 41.7894813], [-87.7328575, 41.7894802], [-87.7329601, 41.7894791], [-87.7334694, 41.7894737], [-87.733971, 41.7894683], [-87.734067, 41.7894673], [-87.7341854, 41.789466], [-87.7346973, 41.7894606], [-87.7351966, 41.7894552], [-87.7353075, 41.789454], [-87.7354096, 41.7894529], [-87.7359152, 41.7894476], [-87.736424, 41.7894419], [-87.736535, 41.7894409], [-87.7366359, 41.7894398], [-87.7371595, 41.7894342], [-87.7375699, 41.7894299]]}, "properties": {"class": "residential"}}, {"type": "Feature", "geometry": {"type": "LineString", "coordinates": [[-87.7319407, 41.8004913], [-87.7320522, 41.8004906], [-87.7330665, 41.8004823], [-87.7331646, 41.8004661]]}, "properties": {"class": "residential"}}, {"type": "Feature", "geometry": {"type": "LineString", "coordinates": [[-87.7714594, 41.7769652], [-87.7715619, 41.7769633], [-87.7720659, 41.776954], [-87.7737975, 41.7769219], [-87.7738997, 41.77692], [-87.7740119, 41.7769181], [-87.7762427, 41.7768806], [-87.7763468, 41.7768788], [-87.776454, 41.7768768], [-87.7786859, 41.7768358], [-87.7787829, 41.776834], [-87.7788981, 41.7768316], [-87.7806276, 41.7767955], [-87.781125, 41.7767853], [-87.7812279, 41.7767832]]}, "properties": {"class": "residential"}}, {"type": "Feature", "geometry": {"type": "LineString", "coordinates": [[-87.7641238, 41.7771022], [-87.7641799, 41.7771587], [-87.7642428, 41.7771729], [-87.7642625, 41.777177], [-87.7664725, 41.7771363], [-87.7665764, 41.7771344], [-87.7666872, 41.7771321], [-87.768917, 41.7770861], [-87.769022, 41.7770839], [-87.7691265, 41.7770821], [-87.7708526, 41.7770516], [-87.7712963, 41.7770412], [-87.7713567, 41.77704], [-87.771399, 41.7770202], [-87.7714594, 41.7769652]]}, "properties": {"class": "residential"}}, {"type": "Feature", "geometry": {"type": "LineString", "coordinates": [[-87.7470852, 41.8130523], [-87.7470829, 41.8129703], [-87.7470543, 41.8119605], [-87.747053, 41.8119141], [-87.7470511, 41.8118451], [-87.7470365, 41.8113026], [-87.7470344, 41.8112249]]}, "properties": {"class": "residential"}}, {"type": "Feature", "geometry": {"type": "LineString", "coordinates": [[-87.7469188, 41.8112264], [-87.7469167, 41.8111452], [-87.7468745, 41.8094759], [-87.7468727, 41.8094027]]}, "properties": {"class": "residential"}}, {"type": "Feature", "geometry": {"type": "LineString", "coordinates": [[-87.7453615, 41.7983191], [-87.7453645, 41.7984331], [-87.7453747, 41.7988132], [-87.7454108, 41.8002119], [-87.7454128, 41.8002895], [-87.7454149, 41.8003722], [-87.7454579, 41.8020366], [-87.7454602, 41.8021238], [-87.7454621, 41.8021964], [-87.745505, 41.8038601], [-87.7455071, 41.8039433], [-87.7455091, 41.8040207], [-87.745552, 41.8056864], [-87.7455541, 41.8057665], [-87.7455561, 41.805845], [-87.7455897, 41.8071434], [-87.7455991, 41.8075087], [-87.7456013, 41.8075945]]}, "properties": {"class": "residential"}}, {"type": "Feature", "geometry": {"type": "LineString", "coordinates": [[-87.7727801, 41.7941216], [-87.7729362, 41.794097], [-87.7733254, 41.794035], [-87.7742741, 41.7938861], [-87.7744364, 41.7938605], [-87.7745346, 41.793845]]}, "properties": {"class": "secondary"}}, {"type": "Feature", "geometry": {"type": "LineString", "coordinates": [[-87.7422099, 41.7729725], [-87.7420067, 41.7729736], [-87.7419155, 41.7729742], [-87.7416722, 41.7729757]]}, "properties": {"class": "residential"}}, {"type": "Feature", "geometry": {"type": "LineString", "coordinates": [[-87.7378628, 41.7766673], [-87.73847, 41.7766587], [-87.7385804, 41.7766572]]}, "properties": {"class": "residential"}}, {"type": "Feature", "geometry": {"type": "LineString", "coordinates": [[-87.7328048, 41.7876606], [-87.7329078, 41.7876595], [-87.7334154, 41.7876542], [-87.7339185, 41.7876489], [-87.734015, 41.7876479], [-87.7341299, 41.7876467], [-87.7346391, 41.7876414], [-87.7351414, 41.7876362], [-87.7352544, 41.787635], [-87.7353544, 41.787634], [-87.7358564, 41.7876287], [-87.7363685, 41.7876234], [-87.7364767, 41.7876222], [-87.7365807, 41.7876211], [-87.7371066, 41.7876156], [-87.7375066, 41.7876114]]}, "properties": {"class": "residential"}}, {"type": "Feature", "geometry": {"type": "LineString", "coordinates": [[-87.7648932, 41.7981925], [-87.7648951, 41.7982736], [-87.7649449, 41.7999276], [-87.7649478, 41.8000253]]}, "properties": {"class": "residential"}}, {"type": "Feature", "geometry": {"type": "LineString", "coordinates": [[-87.7622805, 41.7921788], [-87.7622287, 41.790903], [-87.7621792, 41.7896845], [-87.7621737, 41.7895495], [-87.7621539, 41.7890627], [-87.7621366, 41.7886371], [-87.7620804, 41.7872598]]}, "properties": {"class": "secondary"}}, {"type": "Feature", "geometry": {"type": "LineString", "coordinates": [[-87.7526348, 41.7972211], [-87.7526313, 41.7971146], [-87.7526227, 41.7968539], [-87.752619, 41.7967392], [-87.7525878, 41.7957919], [-87.7525783, 41.7955023], [-87.752566, 41.7951272], [-87.7525648, 41.7950922], [-87.7525598, 41.7949412], [-87.7525542, 41.7947695], [-87.7525516, 41.7946915], [-87.7525489, 41.7946099], [-87.75252, 41.7937308], [-87.7525073, 41.7933431], [-87.7524949, 41.7929675], [-87.7524924, 41.7928901]]}, "properties": {"class": "residential"}}, {"type": "Feature", "geometry": {"type": "LineString", "coordinates": [[-87.753261, 41.7782227], [-87.7533122, 41.7782216], [-87.7542539, 41.7782021], [-87.754834, 41.7781901], [-87.755054, 41.7781855], [-87.7556439, 41.7781733], [-87.756206, 41.7781616], [-87.7568657, 41.7781482], [-87.7573156, 41.7781386], [-87.7579135, 41.7781262], [-87.758567, 41.7781126], [-87.7592913, 41.7780976], [-87.7608807, 41.7780646]]}, "properties": {"class": "secondary"}}, {"type": "Feature", "geometry": {"type": "LineString", "coordinates": [[-87.7661743, 41.800002], [-87.7661716, 41.7999045], [-87.7661255, 41.798251], [-87.7661232, 41.7981688]]}, "properties": {"class": "residential"}}, {"type": "Feature", "geometry": {"type": "LineString", "coordinates": [[-87.7710689, 41.7999101], [-87.771065, 41.7998064], [-87.7710035, 41.7981545], [-87.7710005, 41.7980744], [-87.7709987, 41.7979959], [-87.7709596, 41.7963432], [-87.7709578, 41.7962686]]}, "properties": {"class": "residential"}}, {"type": "Feature", "geometry": {"type": "LineString", "coordinates": [[-87.7674389, 41.8017082], [-87.7673928, 41.8000582], [-87.7673906, 41.7999792]]}, "properties": {"class": "residential"}}, {"type": "Feature", "geometry": {"type": "LineString", "coordinates": [[-87.7696932, 41.7950849], [-87.7697265, 41.7962067], [-87.7697289, 41.7962881], [-87.7697312, 41.7963655], [-87.7697803, 41.7980192], [-87.7697826, 41.7980982], [-87.769785, 41.7981773], [-87.769834, 41.7998288], [-87.7698371, 41.7999334]]}, "properties": {"class": "residential"}}, {"type": "Feature", "geometry": {"type": "LineString", "coordinates": [[-87.7625243, 41.8000639], [-87.7626689, 41.8000616], [-87.7631255, 41.8000545], [-87.7637322, 41.8000446], [-87.7643411, 41.8000349], [-87.7649478, 41.8000253]]}, "properties": {"class": "tertiary"}}, {"type": "Feature", "geometry": {"type": "LineString", "coordinates": [[-87.7330634, 41.7967867], [-87.7331742, 41.7967854], [-87.733687, 41.7967796], [-87.7341871, 41.7967739], [-87.7342977, 41.7967727], [-87.734398, 41.7967716], [-87.7349042, 41.7967659], [-87.7354107, 41.7967603], [-87.7355252, 41.796759], [-87.7356243, 41.7967579], [-87.7361287, 41.7967522], [-87.736537, 41.7967476], [-87.7367472, 41.7967453]]}, "properties": {"class": "residential"}}, {"type": "Feature", "geometry": {"type": "LineString", "coordinates": [[-87.7342742, 41.7957823], [-87.7342447, 41.7949418], [-87.7342426, 41.7948564], [-87.7342099, 41.793572]]}, "properties": {"class": "residential"}}, {"type": "Feature", "geometry": {"type": "LineString", "coordinates": [[-87.7612783, 41.7927645], [-87.7610938, 41.7927671], [-87.7599783, 41.792783], [-87.7598668, 41.7927846], [-87.7597647, 41.7927861], [-87.7595117, 41.7927897], [-87.7592634, 41.7927932], [-87.758753, 41.7928004], [-87.7586429, 41.792802], [-87.758539, 41.7928035], [-87.758035, 41.7928106], [-87.7575267, 41.7928179], [-87.7574219, 41.7928194], [-87.7573121, 41.792821], [-87.7565562, 41.7928317], [-87.7563041, 41.7928353], [-87.7561897, 41.792837], [-87.7560956, 41.7928383], [-87.7551944, 41.7928512], [-87.7549742, 41.7928543], [-87.7548729, 41.7928557], [-87.7544836, 41.7928613], [-87.7540055, 41.7928681], [-87.7537479, 41.7928718], [-87.7531974, 41.7928796], [-87.7526286, 41.7928867], [-87.7524924, 41.7928901]]}, "properties": {"class": "secondary"}}, {"type": "Feature", "geometry": {"type": "LineString", "coordinates": [[-87.7714594, 41.7769652], [-87.7713959, 41.776919], [-87.7713487, 41.776904], [-87.7713023, 41.7769036], [-87.7708407, 41.7769079], [-87.7691213, 41.7769386], [-87.7690159, 41.7769405], [-87.7689109, 41.7769426], [-87.7666808, 41.7769874], [-87.7665704, 41.7769896], [-87.7664668, 41.7769915], [-87.7642636, 41.7770314], [-87.7642372, 41.777036], [-87.7641737, 41.777047], [-87.7641238, 41.7771022]]}, "properties": {"class": "residential"}}, {"type": "Feature", "geometry": {"type": "LineString", "coordinates": [[-87.7713511, 41.7741582], [-87.7713488, 41.7741078], [-87.7713387, 41.7737139], [-87.7712968, 41.7722201]]}, "properties": {"class": "residential"}}, {"type": "Feature", "geometry": {"type": "LineString", "coordinates": [[-87.7721667, 41.7962341], [-87.7721695, 41.7963244], [-87.7721852, 41.7968302], [-87.7722206, 41.7979709], [-87.7722231, 41.7980512], [-87.7722256, 41.7981317], [-87.7722767, 41.7997816], [-87.77228, 41.7998874]]}, "properties": {"class": "tertiary"}}, {"type": "Feature", "geometry": {"type": "LineString", "coordinates": [[-87.7615726, 41.7743488], [-87.7615711, 41.7743058], [-87.7615445, 41.7735375], [-87.7615286, 41.7730925], [-87.7615179, 41.7727936], [-87.7615151, 41.772714], [-87.7615074, 41.7724934], [-87.7614502, 41.7708664]]}, "properties": {"class": "residential"}}, {"type": "Feature", "geometry": {"type": "LineString", "coordinates": [[-87.7616987, 41.77779], [-87.7616923, 41.7776165], [-87.7616753, 41.7771534], [-87.7616449, 41.7763243], [-87.7616422, 41.7762497], [-87.7616392, 41.7761667], [-87.7616313, 41.7759521], [-87.7616245, 41.7757663], [-87.7616114, 41.7754112], [-87.7616084, 41.7753291], [-87.7616057, 41.7752556], [-87.7615782, 41.7745041], [-87.7615762, 41.7744509]]}, "properties": {"class": "tertiary"}}, {"type": "Feature", "geometry": {"type": "LineString", "coordinates": [[-87.7418341, 41.7687688], [-87.7418356, 41.7691679], [-87.7418397, 41.7694075], [-87.7418679, 41.7696926], [-87.7418978, 41.7698979]]}, "properties": {"class": "primary"}}, {"type": "Feature", "geometry": {"type": "LineString", "coordinates": [[-87.7421503, 41.7711347], [-87.7421476, 41.7710389], [-87.7421411, 41.7708479], [-87.7421026, 41.7699566], [-87.742124, 41.7696586], [-87.7421267, 41.7692195], [-87.7421241, 41.768754]]}, "properties": {"class": "primary"}}, {"type": "Feature", "geometry": {"type": "LineString", "coordinates": [[-87.7420859, 41.7670222], [-87.742053, 41.7664467], [-87.7420261, 41.7658786], [-87.7419859, 41.7652334], [-87.7419522, 41.7648952]]}, "properties": {"class": "primary"}}, {"type": "Feature", "geometry": {"type": "LineString", "coordinates": [[-87.7417811, 41.7669287], [-87.7418341, 41.7687688]]}, "properties": {"class": "primary"}}, {"type": "Feature", "geometry": {"type": "LineString", "coordinates": [[-87.7421241, 41.768754], [-87.7420859, 41.7670222]]}, "properties": {"class": "primary"}}, {"type": "Feature", "geometry": {"type": "LineString", "coordinates": [[-87.7418927, 41.7642983], [-87.7418706, 41.7646022], [-87.7418397, 41.7650303], [-87.7417888, 41.7656205], [-87.74177, 41.7660036], [-87.741766, 41.7663147], [-87.7417687, 41.7665908], [-87.7417811, 41.7669287]]}, "properties": {"class": "primary"}}, {"type": "Feature", "geometry": {"type": "LineString", "coordinates": [[-87.7433637, 41.8112718], [-87.7433616, 41.811195], [-87.7433433, 41.8105035], [-87.7433301, 41.8099784], [-87.7433189, 41.8095849], [-87.7433173, 41.8095243], [-87.7433152, 41.8094463], [-87.7433128, 41.8093695], [-87.7432837, 41.8084712], [-87.7432802, 41.8083625]]}, "properties": {"class": "primary"}}, {"type": "Feature", "geometry": {"type": "LineString", "coordinates": [[-87.7520359, 41.7788349], [-87.7520276, 41.778701], [-87.7520163, 41.7784881]]}, "properties": {"class": "residential"}}, {"type": "Feature", "geometry": {"type": "LineString", "coordinates": [[-87.7322302, 41.7676137], [-87.73223, 41.7676956], [-87.7322782, 41.7693619], [-87.7322806, 41.7694432], [-87.7322828, 41.7695218], [-87.7323181, 41.7708097], [-87.7323285, 41.7711891], [-87.7323305, 41.7712609]]}, "properties": {"class": "residential"}}, {"type": "Feature", "geometry": {"type": "LineString", "coordinates": [[-87.7323305, 41.7712609], [-87.7324384, 41.7712595], [-87.7329462, 41.771253], [-87.7334573, 41.7712464], [-87.7335473, 41.7712453], [-87.7336369, 41.7712441], [-87.734164, 41.7712373], [-87.7346625, 41.7712309], [-87.7347581, 41.7712296], [-87.7348696, 41.7712283], [-87.7359869, 41.7712139], [-87.7371751, 41.7711986], [-87.737226, 41.771198], [-87.737277, 41.7711973], [-87.7374039, 41.7711957], [-87.7375739, 41.7711935], [-87.7377209, 41.7711916], [-87.7383207, 41.7711839], [-87.7384206, 41.7711826], [-87.7384845, 41.7711818], [-87.738691, 41.7711792], [-87.7390235, 41.7711749], [-87.7395088, 41.7711686], [-87.7396263, 41.7711671]]}, "properties": {"class": "tertiary"}}, {"type": "Feature", "geometry": {"type": "LineString", "coordinates": [[-87.7329629, 41.7931195], [-87.7329604, 41.7930345], [-87.732957, 41.7929161], [-87.7329518, 41.7927362], [-87.7329498, 41.792666], [-87.7329128, 41.7913886], [-87.7329104, 41.7913045], [-87.7329082, 41.7912292], [-87.7328599, 41.7895639], [-87.7328575, 41.7894802], [-87.7328553, 41.7894054], [-87.7328071, 41.7877386], [-87.7328048, 41.7876606], [-87.7328043, 41.7876447], [-87.7328027, 41.7875837], [-87.7327696, 41.7862951], [-87.7327544, 41.785919], [-87.7327522, 41.785843]]}, "properties": {"class": "residential"}}, {"type": "Feature", "geometry": {"type": "LineString", "coordinates": [[-87.7502141, 41.797584], [-87.750217, 41.7976874], [-87.7502275, 41.7980659], [-87.7502346, 41.7983202], [-87.750237, 41.7984065], [-87.750239, 41.7984779], [-87.750285, 41.8001438], [-87.7502872, 41.8002222]]}, "properties": {"class": "residential"}}, {"type": "Feature", "geometry": {"type": "LineString", "coordinates": [[-87.7714959, 41.777864], [-87.7714919, 41.7777886], [-87.771478, 41.7774375], [-87.7714643, 41.7770891], [-87.7714594, 41.7769652], [-87.7714549, 41.7768493], [-87.7714267, 41.776135], [-87.7714235, 41.7760522], [-87.7714205, 41.7759774], [-87.7713908, 41.7752223], [-87.7713874, 41.7751367], [-87.7713845, 41.7750631], [-87.7713674, 41.7746304], [-87.7713627, 41.774511]]}, "properties": {"class": "tertiary"}}, {"type": "Feature", "geometry": {"type": "LineString", "coordinates": [[-87.7636745, 41.798216], [-87.7636732, 41.7981468], [-87.7636416, 41.7964875], [-87.7636401, 41.7964081]]}, "properties": {"class": "residential"}}, {"type": "Feature", "geometry": {"type": "LineString", "coordinates": [[-87.7515779, 41.8020386], [-87.7516724, 41.8020368], [-87.7521728, 41.8020272], [-87.75268, 41.8020173], [-87.7527752, 41.8020155]]}, "properties": {"class": "residential"}}, {"type": "Feature", "geometry": {"type": "LineString", "coordinates": [[-87.7502872, 41.8002222], [-87.7502893, 41.8003029], [-87.7503319, 41.8019702], [-87.7503341, 41.8020559]]}, "properties": {"class": "residential"}}, {"type": "Feature", "geometry": {"type": "LineString", "coordinates": [[-87.7515779, 41.8020386], [-87.7515747, 41.8019512], [-87.751513, 41.8002864], [-87.75151, 41.8002064]]}, "properties": {"class": "residential"}}, {"type": "Feature", "geometry": {"type": "LineString", "coordinates": [[-87.7648552, 41.7963874], [-87.7648568, 41.7964632], [-87.764865, 41.7968529], [-87.7648916, 41.7981166], [-87.7648932, 41.7981925]]}, "properties": {"class": "residential"}}, {"type": "Feature", "geometry": {"type": "LineString", "coordinates": [[-87.7392632, 41.7992584], [-87.7392633, 41.7991638], [-87.7392617, 41.7991059], [-87.7392533, 41.7987936], [-87.7392396, 41.7982857], [-87.7392344, 41.7980917], [-87.7391996, 41.796796], [-87.7391974, 41.796716]]}, "properties": {"class": "residential"}}, {"type": "Feature", "geometry": {"type": "LineString", "coordinates": [[-87.75151, 41.8002064], [-87.7515082, 41.8001313], [-87.7514682, 41.798461], [-87.7514664, 41.7983839], [-87.7514635, 41.7983005], [-87.7514487, 41.7978803], [-87.7514374, 41.7975023], [-87.7514345, 41.7974032]]}, "properties": {"class": "residential"}}, {"type": "Feature", "geometry": {"type": "LineString", "coordinates": [[-87.772069, 41.7925404], [-87.7720661, 41.7924647], [-87.7720515, 41.7920934], [-87.7720004, 41.7907881], [-87.7719974, 41.790711], [-87.7719941, 41.7906292], [-87.7719265, 41.7889556], [-87.7719234, 41.7888787], [-87.7719205, 41.7887973], [-87.7718608, 41.7871217], [-87.7718581, 41.7870465], [-87.771854, 41.7869641], [-87.7717854, 41.7852883], [-87.771782, 41.7852054], [-87.771779, 41.7851281], [-87.7717377, 41.7840711], [-87.7717362, 41.7840347], [-87.7717291, 41.7838513], [-87.7717133, 41.7834499], [-87.7717099, 41.7833621], [-87.7717071, 41.7832911], [-87.7716415, 41.781612], [-87.7716384, 41.781533]]}, "properties": {"class": "tertiary"}}, {"type": "Feature", "geometry": {"type": "LineString", "coordinates": [[-87.7502872, 41.8002222], [-87.7503996, 41.8002209], [-87.7509051, 41.800215], [-87.7514081, 41.8002078], [-87.75151, 41.8002064], [-87.7516191, 41.800205], [-87.7521214, 41.8001985], [-87.7526301, 41.8001919], [-87.7527224, 41.8001907], [-87.7528426, 41.8001892], [-87.7533443, 41.8001827], [-87.7538523, 41.8001761], [-87.7539527, 41.8001748], [-87.7540662, 41.8001733], [-87.754578, 41.8001667], [-87.7550749, 41.8001603], [-87.7551798, 41.8001589], [-87.7552872, 41.8001575], [-87.7557932, 41.800151], [-87.7562979, 41.8001433], [-87.7563921, 41.8001419], [-87.7565096, 41.8001406], [-87.7570191, 41.8001351], [-87.7575207, 41.8001287], [-87.7576264, 41.8001273], [-87.7577349, 41.8001259], [-87.7582379, 41.8001193], [-87.7587465, 41.8001128], [-87.7588475, 41.8001115], [-87.758958, 41.8001101], [-87.7593509, 41.8001049], [-87.7594602, 41.8001035], [-87.7599735, 41.8000969], [-87.7600524, 41.8000959], [-87.7601799, 41.8000943], [-87.7606813, 41.8000878], [-87.7611913, 41.8000812], [-87.76129, 41.8000799], [-87.7614028, 41.8000784], [-87.7619047, 41.8000719], [-87.7623966, 41.8000656], [-87.7625243, 41.8000639]]}, "properties": {"class": "residential"}}, {"type": "Feature", "geometry": {"type": "LineString", "coordinates": [[-87.7431157, 41.8021565], [-87.7431887, 41.8021555], [-87.7432814, 41.8021542], [-87.743318, 41.8021537], [-87.7435486, 41.8021505], [-87.7436462, 41.8021491], [-87.7441296, 41.8021424], [-87.7442282, 41.802141], [-87.7443452, 41.8021394], [-87.7448467, 41.8021324], [-87.7453516, 41.8021253], [-87.7454602, 41.8021238], [-87.7455644, 41.8021224], [-87.7460655, 41.8021154], [-87.7465739, 41.8021083], [-87.7466749, 41.8021069], [-87.7467863, 41.8021054], [-87.7472877, 41.8020985], [-87.7478015, 41.8020912], [-87.7478953, 41.8020902], [-87.7480042, 41.8020884], [-87.748511, 41.8020814], [-87.7490152, 41.8020743], [-87.749123, 41.8020728], [-87.7492276, 41.8020714], [-87.74973, 41.8020644], [-87.7502367, 41.8020573], [-87.7503341, 41.8020559], [-87.7504513, 41.8020543], [-87.7509537, 41.8020473], [-87.7514595, 41.8020402], [-87.7515779, 41.8020386]]}, "properties": {"class": "residential"}}, {"type": "Feature", "geometry": {"type": "LineString", "coordinates": [[-87.7404219, 41.7967044], [-87.740424, 41.7967822], [-87.7404733, 41.7986076], [-87.7404824, 41.7989445], [-87.7404857, 41.7990682]]}, "properties": {"class": "residential"}}, {"type": "Feature", "geometry": {"type": "LineString", "coordinates": [[-87.7404857, 41.7990682], [-87.7404894, 41.7991812], [-87.7404914, 41.7992785]]}, "properties": {"class": "residential"}}, {"type": "Feature", "geometry": {"type": "LineString", "coordinates": [[-87.7636745, 41.798216], [-87.7637925, 41.7982137], [-87.7642917, 41.7982041], [-87.7648008, 41.7981943], [-87.7648932, 41.7981925], [-87.7650125, 41.7981902], [-87.7655174, 41.7981805], [-87.7660199, 41.7981708], [-87.7661232, 41.7981688], [-87.7662327, 41.7981667], [-87.7667338, 41.798157], [-87.7672384, 41.7981473], [-87.7673424, 41.7981453], [-87.7674524, 41.7981432], [-87.7679538, 41.7981336], [-87.7684591, 41.7981238], [-87.7685667, 41.7981217], [-87.7686723, 41.7981197], [-87.7691722, 41.79811], [-87.7696804, 41.7981002], [-87.7697826, 41.7980982], [-87.769891, 41.7980961], [-87.7703934, 41.7980865], [-87.7709031, 41.7980763], [-87.7710005, 41.7980744], [-87.7711141, 41.7980723], [-87.7716127, 41.7980629], [-87.7721143, 41.7980533], [-87.7722231, 41.7980512], [-87.772332, 41.7980491], [-87.7726777, 41.7980424], [-87.7728291, 41.7980395], [-87.7729562, 41.798037], [-87.7733437, 41.7980295], [-87.7734447, 41.7980276], [-87.7735571, 41.7980254], [-87.7740535, 41.7980159], [-87.7745623, 41.7980061], [-87.7746647, 41.7980041], [-87.7747766, 41.7980019], [-87.7752727, 41.7979924], [-87.7757826, 41.7979825], [-87.7758811, 41.7979806], [-87.7759951, 41.7979784], [-87.7764907, 41.7979689], [-87.7770016, 41.797955], [-87.7770948, 41.7979525], [-87.7772162, 41.7979499], [-87.7777084, 41.7979397], [-87.7782207, 41.7979356], [-87.7783232, 41.7979336], [-87.7784324, 41.7979315], [-87.7789288, 41.7979219], [-87.7794388, 41.797912], [-87.7795382, 41.7979101], [-87.7796517, 41.7979079], [-87.7801508, 41.7978984], [-87.7806582, 41.7978885], [-87.7807568, 41.7978866], [-87.7808693, 41.7978845], [-87.7813728, 41.7978747], [-87.7818793, 41.797865], [-87.7819818, 41.797863]]}, "properties": {"class": "residential"}}, {"type": "Feature", "geometry": {"type": "LineString", "coordinates": [[-87.7393373, 41.8021986], [-87.7393353, 41.8021139], [-87.7393053, 41.8008093], [-87.7392971, 41.8004515], [-87.7392953, 41.800374]]}, "properties": {"class": "residential"}}, {"type": "Feature", "geometry": {"type": "LineString", "coordinates": [[-87.7649478, 41.8000253], [-87.7651055, 41.8000221], [-87.7655605, 41.8000136], [-87.7661743, 41.800002], [-87.7665505, 41.7999949], [-87.7667822, 41.7999906], [-87.7672928, 41.799981], [-87.7673906, 41.7999792], [-87.7675021, 41.7999771], [-87.7680054, 41.7999677], [-87.768514, 41.7999581], [-87.7686149, 41.7999562], [-87.7687214, 41.7999542], [-87.7689907, 41.7999492], [-87.769227, 41.7999447], [-87.7697343, 41.7999353], [-87.7698371, 41.7999334], [-87.7704435, 41.7999219], [-87.7706312, 41.7999184], [-87.7709574, 41.7999122], [-87.7710689, 41.7999101], [-87.7711664, 41.7999083], [-87.7716625, 41.799899], [-87.7721765, 41.7998893], [-87.77228, 41.7998874]]}, "properties": {"class": "tertiary"}}, {"type": "Feature", "geometry": {"type": "LineString", "coordinates": [[-87.7612376, 41.7982581], [-87.7612355, 41.7981815], [-87.7611888, 41.7965018]]}, "properties": {"class": "residential"}}, {"type": "Feature", "geometry": {"type": "LineString", "coordinates": [[-87.7614459, 41.8055029], [-87.7614435, 41.8054185], [-87.7613961, 41.8037717], [-87.7613937, 41.8036873], [-87.7613914, 41.8036064], [-87.7613438, 41.8019524], [-87.7613416, 41.8018749], [-87.7613395, 41.8018007], [-87.7613304, 41.8014871], [-87.7612919, 41.8001475], [-87.76129, 41.8000799], [-87.7612874, 41.7999899], [-87.7612399, 41.7983389], [-87.7612376, 41.7982581]]}, "properties": {"class": "residential"}}, {"type": "Feature", "geometry": {"type": "LineString", "coordinates": [[-87.7299886, 41.7749423], [-87.7300982, 41.7749407], [-87.7306076, 41.7749331], [-87.7311055, 41.7749256], [-87.7312152, 41.774924], [-87.731316, 41.7749225], [-87.731828, 41.7749149], [-87.7323228, 41.7749076], [-87.7324359, 41.7749059], [-87.7325367, 41.7749044], [-87.733043, 41.7748969], [-87.7335579, 41.7748892], [-87.7336417, 41.774888], [-87.7337416, 41.7748865], [-87.734258, 41.7748789], [-87.7344105, 41.7748766], [-87.7347498, 41.7748716], [-87.7348638, 41.7748699], [-87.7349708, 41.7748683], [-87.7366257, 41.7748437]]}, "properties": {"class": "residential"}}, {"type": "Feature", "geometry": {"type": "LineString", "coordinates": [[-87.7763791, 41.7777683], [-87.7763767, 41.7776984], [-87.7763648, 41.7773434], [-87.7763509, 41.7769874], [-87.7763468, 41.7768788], [-87.7763422, 41.7767531], [-87.7763291, 41.7763951], [-87.776316, 41.7760352], [-87.776313, 41.7759536], [-87.7763102, 41.7758764], [-87.7762964, 41.7755009], [-87.7762761, 41.775121], [-87.776272, 41.7750434], [-87.7762697, 41.7749616], [-87.7762613, 41.7746642], [-87.7762484, 41.7742148], [-87.7762472, 41.7741725]]}, "properties": {"class": "residential"}}, {"type": "Feature", "geometry": {"type": "LineString", "coordinates": [[-87.77767, 41.7795773], [-87.7775736, 41.7795797], [-87.777063, 41.7795923], [-87.7765613, 41.7796052], [-87.7764435, 41.7796082]]}, "properties": {"class": "residential"}}, {"type": "Feature", "geometry": {"type": "LineString", "coordinates": [[-87.7335068, 41.7693741], [-87.7335061, 41.7693477], [-87.7334707, 41.7680048]]}, "properties": {"class": "residential"}}, {"type": "Feature", "geometry": {"type": "LineString", "coordinates": [[-87.7347227, 41.7694125], [-87.7347212, 41.7693332], [-87.7347081, 41.7686279]]}, "properties": {"class": "residential"}}, {"type": "Feature", "geometry": {"type": "LineString", "coordinates": [[-87.742846, 41.7765986], [-87.7433463, 41.7765885], [-87.743452, 41.7765863], [-87.7435598, 41.7765841], [-87.7440557, 41.7765741], [-87.7445596, 41.7765639], [-87.7446546, 41.776562], [-87.7447726, 41.7765596], [-87.7452669, 41.7765496], [-87.7457735, 41.7765393], [-87.745869, 41.7765374], [-87.7459865, 41.776535], [-87.7464754, 41.7765251], [-87.7469857, 41.7765147], [-87.7470877, 41.7765127], [-87.7471991, 41.7765104], [-87.7479708, 41.7764948], [-87.7480241, 41.7764937]]}, "properties": {"class": "residential"}}, {"type": "Feature", "geometry": {"type": "LineString", "coordinates": [[-87.7409124, 41.7729857], [-87.7410221, 41.7729844], [-87.7415191, 41.7729771]]}, "properties": {"class": "residential"}}, {"type": "Feature", "geometry": {"type": "LineString", "coordinates": [[-87.7721667, 41.7962341], [-87.7721648, 41.7961585], [-87.7721278, 41.7947031], [-87.7721062, 41.7943377], [-87.7720996, 41.7942267]]}, "properties": {"class": "tertiary"}}, {"type": "Feature", "geometry": {"type": "LineString", "coordinates": [[-87.7274496, 41.7713278], [-87.7274477, 41.7712463], [-87.7274389, 41.7708716], [-87.7274086, 41.7695807], [-87.7274067, 41.7694979], [-87.7274049, 41.7694229], [-87.7273658, 41.767757], [-87.7273641, 41.7676823]]}, "properties": {"class": "residential"}}, {"type": "Feature", "geometry": {"type": "LineString", "coordinates": [[-87.7342977, 41.7967727], [-87.7342953, 41.7966923], [-87.734284, 41.7963345], [-87.7342761, 41.7960824]]}, "properties": {"class": "residential"}}, {"type": "Feature", "geometry": {"type": "LineString", "coordinates": [[-87.7355252, 41.796759], [-87.7355229, 41.7966796], [-87.7355024, 41.7959584]]}, "properties": {"class": "residential"}}, {"type": "Feature", "geometry": {"type": "LineString", "coordinates": [[-87.7392953, 41.800374], [-87.7392932, 41.8002945], [-87.7392788, 41.7997481], [-87.7392687, 41.7993654], [-87.7392632, 41.7992584]]}, "properties": {"class": "residential"}}, {"type": "Feature", "geometry": {"type": "LineString", "coordinates": [[-87.7539527, 41.8001748], [-87.7539502, 41.8000901], [-87.7539012, 41.7984229], [-87.7538988, 41.7983484], [-87.7538962, 41.7982617], [-87.7538737, 41.7975112], [-87.7538624, 41.7971297], [-87.7538594, 41.7970284], [-87.7538564, 41.7969257], [-87.7538545, 41.7968611], [-87.7538456, 41.796547], [-87.753837, 41.7958251], [-87.7538364, 41.7957731]]}, "properties": {"class": "residential"}}, {"type": "Feature", "geometry": {"type": "LineString", "coordinates": [[-87.7599507, 41.7960993], [-87.7599532, 41.796197], [-87.7599631, 41.7965751], [-87.7600157, 41.7981952], [-87.7600183, 41.798275], [-87.7600198, 41.7983557], [-87.7600507, 41.8000062], [-87.7600524, 41.8000959]]}, "properties": {"class": "residential"}}, {"type": "Feature", "geometry": {"type": "LineString", "coordinates": [[-87.7575201, 41.7964777], [-87.7575226, 41.7965699], [-87.7575326, 41.7969462], [-87.7575771, 41.7982224], [-87.7575787, 41.7983021], [-87.7575807, 41.7983793], [-87.757624, 41.8000369], [-87.7576264, 41.8001273]]}, "properties": {"class": "residential"}}, {"type": "Feature", "geometry": {"type": "LineString", "coordinates": [[-87.7575201, 41.7964777], [-87.757517, 41.7963635], [-87.757507, 41.7959902], [-87.7574997, 41.795717], [-87.7574842, 41.7951394], [-87.7574822, 41.7950661], [-87.7574812, 41.7950281], [-87.7574722, 41.7946934], [-87.7574702, 41.794618]]}, "properties": {"class": "residential"}}, {"type": "Feature", "geometry": {"type": "LineString", "coordinates": [[-87.7563123, 41.7966584], [-87.7563106, 41.7965498], [-87.7563104, 41.7965351], [-87.7563095, 41.7964741], [-87.7563007, 41.7962823], [-87.7562981, 41.796178], [-87.7562883, 41.7957952], [-87.7562868, 41.7957357]]}, "properties": {"class": "residential"}}, {"type": "Feature", "geometry": {"type": "LineString", "coordinates": [[-87.7563921, 41.8001419], [-87.75639, 41.8000553], [-87.75635, 41.7983869], [-87.7563482, 41.7983098], [-87.7563462, 41.7982276], [-87.7563198, 41.7971344], [-87.7563143, 41.7967825], [-87.7563139, 41.7967561], [-87.7563123, 41.7966584]]}, "properties": {"class": "residential"}}, {"type": "Feature", "geometry": {"type": "LineString", "coordinates": [[-87.7587385, 41.796288], [-87.7587344, 41.7961743], [-87.7587207, 41.7957999]]}, "properties": {"class": "residential"}}, {"type": "Feature", "geometry": {"type": "LineString", "coordinates": [[-87.7588475, 41.8001115], [-87.758845, 41.8000222], [-87.758826, 41.7993579], [-87.7587978, 41.7983686], [-87.7587956, 41.7982916], [-87.7587933, 41.79821], [-87.758752, 41.7967621], [-87.7587411, 41.7963794], [-87.7587385, 41.796288]]}, "properties": {"class": "residential"}}, {"type": "Feature", "geometry": {"type": "LineString", "coordinates": [[-87.7648552, 41.7963874], [-87.7648521, 41.7963039], [-87.7648337, 41.7958166]]}, "properties": {"class": "residential"}}, {"type": "Feature", "geometry": {"type": "LineString", "coordinates": [[-87.7709578, 41.7962686], [-87.7709553, 41.7961841], [-87.7709177, 41.7948953]]}, "properties": {"class": "residential"}}, {"type": "Feature", "geometry": {"type": "LineString", "coordinates": [[-87.7661232, 41.7981688], [-87.7661211, 41.7980916], [-87.7660766, 41.7964393], [-87.7660744, 41.7963594], [-87.7660719, 41.7962802], [-87.7660516, 41.7956305]]}, "properties": {"class": "residential"}}, {"type": "Feature", "geometry": {"type": "LineString", "coordinates": [[-87.7732762, 41.7925175], [-87.7732734, 41.7924429], [-87.773259, 41.7920688], [-87.7732091, 41.790763], [-87.7732064, 41.7906881], [-87.773203, 41.7906037], [-87.7731479, 41.7889284], [-87.7731454, 41.7888533], [-87.7731418, 41.7887699], [-87.773069, 41.787094], [-87.7730659, 41.7870225], [-87.7730627, 41.7869385], [-87.7730129, 41.785637], [-87.7729984, 41.7852587], [-87.7729956, 41.7851859]]}, "properties": {"class": "residential"}}, {"type": "Feature", "geometry": {"type": "LineString", "coordinates": [[-87.7729956, 41.7851859], [-87.7729922, 41.7850997], [-87.7729777, 41.7847253], [-87.77296, 41.7842875], [-87.7729593, 41.7842697], [-87.7729564, 41.7841974]]}, "properties": {"class": "residential"}}, {"type": "Feature", "geometry": {"type": "LineString", "coordinates": [[-87.7741489, 41.7833118], [-87.774146, 41.7832399], [-87.7740773, 41.7815638], [-87.774074, 41.7814829], [-87.7740707, 41.7814034], [-87.7740017, 41.7797309], [-87.7739986, 41.779656], [-87.7739954, 41.7795704], [-87.7739477, 41.7782739], [-87.7739352, 41.7779034], [-87.7739322, 41.7778151]]}, "properties": {"class": "residential"}}, {"type": "Feature", "geometry": {"type": "LineString", "coordinates": [[-87.7742191, 41.7851585], [-87.7742159, 41.7850758], [-87.7742018, 41.7846993], [-87.7741852, 41.7842498], [-87.7741812, 41.7841792]]}, "properties": {"class": "residential"}}, {"type": "Feature", "geometry": {"type": "LineString", "coordinates": [[-87.7766634, 41.7851115], [-87.7766603, 41.7850253], [-87.7766468, 41.7846544], [-87.7766323, 41.7842356], [-87.776631, 41.7841993], [-87.7766291, 41.784145]]}, "properties": {"class": "residential"}}, {"type": "Feature", "geometry": {"type": "LineString", "coordinates": [[-87.7754387, 41.7851351], [-87.7754359, 41.785051], [-87.7754238, 41.7846776], [-87.775412, 41.7843247], [-87.7754067, 41.784168], [-87.7754063, 41.7841575]]}, "properties": {"class": "residential"}}, {"type": "Feature", "geometry": {"type": "LineString", "coordinates": [[-87.7636401, 41.7964081], [-87.7636358, 41.7963287], [-87.7636179, 41.7960024], [-87.7635173, 41.7956433], [-87.7634906, 41.7955482]]}, "properties": {"class": "residential"}}, {"type": "Feature", "geometry": {"type": "LineString", "coordinates": [[-87.7333041, 41.800433], [-87.7337856, 41.800428], [-87.7342878, 41.8004227], [-87.7343947, 41.8004217], [-87.7345003, 41.8004201], [-87.7350142, 41.8004153], [-87.7355114, 41.8004101], [-87.7356162, 41.800409]]}, "properties": {"class": "residential"}}, {"type": "Feature", "geometry": {"type": "LineString", "coordinates": [[-87.7330131, 41.7949506], [-87.7331225, 41.7949498], [-87.7336411, 41.7949461], [-87.7341358, 41.7949426], [-87.7342447, 41.7949418]]}, "properties": {"class": "residential"}}, {"type": "Feature", "geometry": {"type": "LineString", "coordinates": [[-87.7330131, 41.7949506], [-87.7329135, 41.7949517], [-87.7324127, 41.7949574], [-87.7318978, 41.7949633], [-87.7317799, 41.7949646], [-87.7316833, 41.7949657], [-87.7311859, 41.7949713], [-87.7306741, 41.794977], [-87.7305714, 41.7949783], [-87.7304592, 41.7949795], [-87.7299657, 41.7949851], [-87.7294485, 41.794991], [-87.729343, 41.7949921], [-87.7292359, 41.7949933], [-87.7287362, 41.794999], [-87.7282229, 41.7950048], [-87.7281159, 41.795006]]}, "properties": {"class": "residential"}}, {"type": "Feature", "geometry": {"type": "LineString", "coordinates": [[-87.7719234, 41.7888787], [-87.7720349, 41.7888763], [-87.7725372, 41.7888661], [-87.7730426, 41.7888555], [-87.7731454, 41.7888533], [-87.7732529, 41.7888512], [-87.7737562, 41.7888411], [-87.7742598, 41.7888307], [-87.7743544, 41.7888288], [-87.7744716, 41.7888264], [-87.7749744, 41.7888161], [-87.7754808, 41.7888057], [-87.7755779, 41.7888037], [-87.7756923, 41.7888014], [-87.7761935, 41.7887911], [-87.7766974, 41.7887808], [-87.7768035, 41.7887786], [-87.7769112, 41.7887763], [-87.7774152, 41.7887658], [-87.7779156, 41.7887557], [-87.7780138, 41.7887537]]}, "properties": {"class": "residential"}}, {"type": "Feature", "geometry": {"type": "LineString", "coordinates": [[-87.723648, 41.8097129], [-87.7238264, 41.8097105], [-87.7241561, 41.8097059], [-87.7242701, 41.8097043], [-87.7247729, 41.8096974], [-87.724888, 41.8096959], [-87.7249851, 41.8096945], [-87.7254921, 41.8096874], [-87.7259978, 41.8096804], [-87.7261059, 41.8096789], [-87.7262082, 41.8096775], [-87.7267101, 41.8096706], [-87.7272174, 41.8096629], [-87.7273265, 41.8096612], [-87.7274307, 41.8096599], [-87.7279358, 41.8096536], [-87.7284415, 41.8096447], [-87.7285349, 41.809643], [-87.7286025, 41.8096424], [-87.7286519, 41.8096419], [-87.7290282, 41.8096385]]}, "properties": {"class": "residential"}}, {"type": "Feature", "geometry": {"type": "LineString", "coordinates": [[-87.7237143, 41.811547], [-87.723902, 41.8115444], [-87.7241979, 41.8115404], [-87.724337, 41.8115385], [-87.7248447, 41.8115317], [-87.7249516, 41.8115302], [-87.7250575, 41.8115288], [-87.725563, 41.8115219], [-87.7260641, 41.8115151], [-87.7261647, 41.8115137], [-87.7262763, 41.8115123], [-87.7267783, 41.8115054], [-87.727283, 41.8114966], [-87.7273908, 41.8114947], [-87.7274972, 41.8114937], [-87.728004, 41.8114887], [-87.7285064, 41.811482], [-87.7286002, 41.8114807]]}, "properties": {"class": "residential"}}, {"type": "Feature", "geometry": {"type": "LineString", "coordinates": [[-87.7405661, 41.8021851], [-87.7405678, 41.8022596], [-87.7406049, 41.803925], [-87.7406067, 41.8040044], [-87.7406091, 41.804083], [-87.7406593, 41.8057482], [-87.7406617, 41.8058292], [-87.7406641, 41.8059073], [-87.7407039, 41.8072123], [-87.740715, 41.8075727], [-87.7407176, 41.8076599]]}, "properties": {"class": "residential"}}, {"type": "Feature", "geometry": {"type": "LineString", "coordinates": [[-87.7431825, 41.8112741], [-87.7433637, 41.8112718], [-87.7434275, 41.811271], [-87.7438881, 41.8112651], [-87.7443722, 41.8112589], [-87.74447, 41.8112576], [-87.7446838, 41.8112549], [-87.7450964, 41.8112498], [-87.7455944, 41.8112433], [-87.7456955, 41.811242], [-87.7458069, 41.8112406], [-87.7463166, 41.8112341], [-87.7468728, 41.811227], [-87.7469188, 41.8112264], [-87.7470344, 41.8112249], [-87.7470761, 41.8112244], [-87.7475395, 41.8112185], [-87.7480416, 41.8112121], [-87.7481407, 41.8112108], [-87.748252, 41.8112094], [-87.7487562, 41.8112029], [-87.7492632, 41.8111965], [-87.7493707, 41.8111951], [-87.7494769, 41.8111937], [-87.7499794, 41.8111873], [-87.7504872, 41.8111808], [-87.7505848, 41.8111796]]}, "properties": {"class": "residential"}}, {"type": "Feature", "geometry": {"type": "LineString", "coordinates": [[-87.7355988, 41.7998285], [-87.7355967, 41.799725], [-87.7355876, 41.7993493], [-87.7355711, 41.798667], [-87.735569, 41.7985782], [-87.7355673, 41.7985077], [-87.7355271, 41.7968397], [-87.7355252, 41.796759]]}, "properties": {"class": "residential"}}, {"type": "Feature", "geometry": {"type": "LineString", "coordinates": [[-87.7394936, 41.8076764], [-87.7394911, 41.8075856], [-87.7394888, 41.8075021], [-87.7394813, 41.8072354], [-87.7394734, 41.806951], [-87.739445, 41.8059288], [-87.7394427, 41.8058448], [-87.7394404, 41.8057665], [-87.7393908, 41.8040967], [-87.7393884, 41.8040154], [-87.7393861, 41.8039336], [-87.7393394, 41.8022729], [-87.7393373, 41.8021986]]}, "properties": {"class": "residential"}}, {"type": "Feature", "geometry": {"type": "LineString", "coordinates": [[-87.7611814, 41.7963862], [-87.761179, 41.7963032], [-87.7611721, 41.7960653], [-87.7611723, 41.7960097], [-87.7611718, 41.7959092]]}, "properties": {"class": "residential"}}, {"type": "Feature", "geometry": {"type": "LineString", "coordinates": [[-87.730724, 41.8005746], [-87.73072, 41.8004286], [-87.7307187, 41.8003808], [-87.7307126, 41.8001572], [-87.7306734, 41.7987179], [-87.7306711, 41.7986362], [-87.7306691, 41.7985628], [-87.7306339, 41.7973566], [-87.7306236, 41.796893], [-87.7306211, 41.7968029], [-87.7306191, 41.7967336], [-87.7305737, 41.7950634], [-87.7305714, 41.7949783], [-87.7305694, 41.7949044], [-87.7305339, 41.7936052], [-87.7305238, 41.7932322], [-87.7305211, 41.7931348]]}, "properties": {"class": "residential"}}, {"type": "Feature", "geometry": {"type": "LineString", "coordinates": [[-87.7747633, 41.8012151], [-87.7747321, 41.8001618], [-87.7747169, 41.7998942], [-87.7747128, 41.7998235]]}, "properties": {"class": "residential"}}, {"type": "Feature", "geometry": {"type": "LineString", "coordinates": [[-87.734199, 41.7931071], [-87.7341967, 41.7930403], [-87.7341839, 41.7926556], [-87.7341405, 41.791377], [-87.7341376, 41.7912927], [-87.7341347, 41.791217], [-87.7340703, 41.7895514], [-87.734067, 41.7894673], [-87.734065, 41.789394], [-87.7340173, 41.7877296], [-87.734015, 41.7876479], [-87.7340128, 41.7875715], [-87.7339756, 41.7862834], [-87.73396, 41.7859069], [-87.7339567, 41.7858308], [-87.7339546, 41.7857468], [-87.7339127, 41.784085], [-87.7339106, 41.7840031], [-87.7339088, 41.7839259], [-87.73387, 41.7822589], [-87.7338681, 41.7821794], [-87.7338654, 41.7821007], [-87.733809, 41.7804394], [-87.7338062, 41.7803583], [-87.733804, 41.7802796], [-87.7338015, 41.780192], [-87.7337677, 41.7790106], [-87.7337558, 41.7786345], [-87.7337527, 41.7785355], [-87.7337506, 41.7784547], [-87.7337405, 41.7780751], [-87.7337043, 41.7767933], [-87.7337021, 41.7767162], [-87.7336994, 41.7766343], [-87.7336589, 41.7754098], [-87.7336534, 41.7752437], [-87.7336476, 41.7750715], [-87.7336452, 41.7749727], [-87.7336417, 41.774888], [-87.7336407, 41.7748443], [-87.7336023, 41.7731294], [-87.7336008, 41.7730705], [-87.7335994, 41.7730244], [-87.7335499, 41.7713356], [-87.7335473, 41.7712453]]}, "properties": {"class": "residential"}}, {"type": "Feature", "geometry": {"type": "LineString", "coordinates": [[-87.7705574, 41.7852289], [-87.7705547, 41.7851458], [-87.7705427, 41.7847683], [-87.7705257, 41.7842566]]}, "properties": {"class": "residential"}}, {"type": "Feature", "geometry": {"type": "LineString", "coordinates": [[-87.7681164, 41.7852759], [-87.7681127, 41.7851968], [-87.7680954, 41.7848226], [-87.7680709, 41.7842942]]}, "properties": {"class": "residential"}}, {"type": "Feature", "geometry": {"type": "LineString", "coordinates": [[-87.7672706, 41.7954442], [-87.767298, 41.796256], [-87.7673007, 41.7963365], [-87.7673025, 41.7964145], [-87.7673406, 41.7980677], [-87.7673424, 41.7981453], [-87.7673446, 41.7982276], [-87.7673879, 41.7998778], [-87.7673906, 41.7999792]]}, "properties": {"class": "residential"}}, {"type": "Feature", "geometry": {"type": "LineString", "coordinates": [[-87.7693394, 41.7852524], [-87.7693434, 41.7853317], [-87.7693629, 41.7857092], [-87.7694083, 41.7870056], [-87.7694114, 41.7870952], [-87.7694142, 41.7871665], [-87.7694796, 41.7888426], [-87.7694829, 41.7889259], [-87.769486, 41.7890053], [-87.7695514, 41.7906786], [-87.7695545, 41.7907587], [-87.7695576, 41.7908377], [-87.7696085, 41.7921378], [-87.769623, 41.7925157], [-87.769626, 41.7925905]]}, "properties": {"class": "residential"}}, {"type": "Feature", "geometry": {"type": "LineString", "coordinates": [[-87.7745346, 41.793845], [-87.7745382, 41.7939482], [-87.7745421, 41.7940599], [-87.7745476, 41.7941985], [-87.7745491, 41.7942393], [-87.7745525, 41.7943238], [-87.7745549, 41.7943806]]}, "properties": {"class": "residential"}}, {"type": "Feature", "geometry": {"type": "LineString", "coordinates": [[-87.7668977, 41.7852993], [-87.7668959, 41.7852193], [-87.766888, 41.7848502], [-87.766868, 41.7844378], [-87.7668668, 41.7844122]]}, "properties": {"class": "residential"}}, {"type": "Feature", "geometry": {"type": "LineString", "coordinates": [[-87.7692718, 41.7834163], [-87.7692745, 41.7834944], [-87.7692885, 41.7838988]]}, "properties": {"class": "residential"}}, {"type": "Feature", "geometry": {"type": "LineString", "coordinates": [[-87.7704861, 41.783389], [-87.770483, 41.7833123], [-87.770415, 41.7816349], [-87.7704118, 41.7815556], [-87.7704086, 41.7814767], [-87.770367, 41.7804488], [-87.7703579, 41.7802247], [-87.7703407, 41.7798013], [-87.7703377, 41.7797274], [-87.7703343, 41.7796422], [-87.7702816, 41.7783418], [-87.7702667, 41.7779737], [-87.7702643, 41.7778915]]}, "properties": {"class": "residential"}}, {"type": "Feature", "geometry": {"type": "LineString", "coordinates": [[-87.768041, 41.7834392], [-87.7680376, 41.7833595], [-87.7679691, 41.7816839], [-87.7679658, 41.7816034], [-87.7679629, 41.7815261], [-87.767903, 41.7798473], [-87.7679004, 41.779775], [-87.7678967, 41.7796895], [-87.767841, 41.7783902], [-87.7678357, 41.7780203], [-87.7678337, 41.7779357]]}, "properties": {"class": "residential"}}, {"type": "Feature", "geometry": {"type": "LineString", "coordinates": [[-87.7668199, 41.783461], [-87.766824, 41.7835416], [-87.7668472, 41.7839987]]}, "properties": {"class": "residential"}}, {"type": "Feature", "geometry": {"type": "LineString", "coordinates": [[-87.7656047, 41.7834864], [-87.7656075, 41.7835669], [-87.7656308, 41.7842354]]}, "properties": {"class": "residential"}}, {"type": "Feature", "geometry": {"type": "LineString", "coordinates": [[-87.7643817, 41.7835121], [-87.7643787, 41.7834314], [-87.7643173, 41.7817562], [-87.7643143, 41.7816746], [-87.7643109, 41.7815959], [-87.764239, 41.7799195], [-87.7642359, 41.7798465], [-87.7642324, 41.77976], [-87.7641793, 41.7784601], [-87.7641695, 41.7780924], [-87.7641671, 41.7780024], [-87.7641642, 41.7779308], [-87.7641509, 41.7775784], [-87.7641501, 41.7775665], [-87.7641296, 41.7772046], [-87.7641238, 41.7771022], [-87.7641207, 41.7770106], [-87.7641087, 41.7766511], [-87.7641082, 41.7766356], [-87.7640962, 41.7762745], [-87.7640937, 41.7762001], [-87.7640904, 41.7761142], [-87.7640758, 41.775741], [-87.764061, 41.7753619], [-87.7640577, 41.7752769], [-87.7640548, 41.7752025], [-87.7640405, 41.7748261], [-87.764025, 41.7744528], [-87.7640231, 41.774405]]}, "properties": {"class": "residential"}}, {"type": "Feature", "geometry": {"type": "LineString", "coordinates": [[-87.7631653, 41.7835339], [-87.7631686, 41.7836145], [-87.7632209, 41.7848729]]}, "properties": {"class": "residential"}}, {"type": "Feature", "geometry": {"type": "LineString", "coordinates": [[-87.737752, 41.8039814], [-87.7358094, 41.8039945], [-87.7357159, 41.8039952]]}, "properties": {"class": "residential"}}, {"type": "Feature", "geometry": {"type": "LineString", "coordinates": [[-87.742962, 41.7966804], [-87.7429567, 41.7965622], [-87.7429206, 41.7951289], [-87.7429084, 41.7949727]]}, "properties": {"class": "primary"}}, {"type": "Feature", "geometry": {"type": "LineString", "coordinates": [[-87.7418563, 41.793086], [-87.7419841, 41.7933192], [-87.7421197, 41.7935666], [-87.7422876, 41.793873], [-87.7425773, 41.7943937], [-87.7426519, 41.7945393], [-87.742706, 41.7946888], [-87.7427321, 41.7947948], [-87.7427522, 41.7949808]]}, "properties": {"class": "primary"}}, {"type": "Feature", "geometry": {"type": "LineString", "coordinates": [[-87.7422995, 41.7820844], [-87.7423193, 41.7823909], [-87.7423225, 41.7825851], [-87.7422913, 41.7827091], [-87.742259, 41.7828324], [-87.7422093, 41.7829966], [-87.7421535, 41.7831105], [-87.7418163, 41.7835679]]}, "properties": {"class": "primary"}}, {"type": "Feature", "geometry": {"type": "LineString", "coordinates": [[-87.7415323, 41.7843506], [-87.7415651, 41.7842735], [-87.7418782, 41.7837883], [-87.7422928, 41.7831639], [-87.7423795, 41.7830292], [-87.7424411, 41.7828495], [-87.7424722, 41.782744]]}, "properties": {"class": "primary"}}, {"type": "Feature", "geometry": {"type": "LineString", "coordinates": [[-87.7415046, 41.7878792], [-87.7414392, 41.7866984], [-87.7414311, 41.785297]]}, "properties": {"class": "primary"}}, {"type": "Feature", "geometry": {"type": "LineString", "coordinates": [[-87.7415747, 41.7925058], [-87.7417191, 41.7927915], [-87.7417842, 41.7929313], [-87.7418563, 41.793086]]}, "properties": {"class": "primary"}}, {"type": "Feature", "geometry": {"type": "LineString", "coordinates": [[-87.74126, 41.7845734], [-87.7412447, 41.7846309], [-87.7412234, 41.7847479]]}, "properties": {"class": "primary"}}, {"type": "Feature", "geometry": {"type": "LineString", "coordinates": [[-87.7419421, 41.7927809], [-87.7418068, 41.7925204], [-87.7417979, 41.7924964], [-87.7417297, 41.7923124], [-87.7417051, 41.7922061], [-87.7416877, 41.7920183], [-87.7416779, 41.7917144], [-87.7416679, 41.7914256], [-87.7416531, 41.7911728]]}, "properties": {"class": "primary"}}, {"type": "Feature", "geometry": {"type": "LineString", "coordinates": [[-87.7232056, 41.7950495], [-87.7233871, 41.7950479], [-87.7237287, 41.7950449], [-87.7238266, 41.795044], [-87.7244308, 41.7950386], [-87.724532, 41.7950377], [-87.7250631, 41.795033], [-87.7256599, 41.7950278], [-87.7257681, 41.7950268], [-87.7262835, 41.7950222], [-87.7268823, 41.7950169], [-87.7275093, 41.7950114], [-87.7276576, 41.7950101], [-87.7280123, 41.7950069], [-87.7281159, 41.795006]]}, "properties": {"class": "residential"}}, {"type": "Feature", "geometry": {"type": "LineString", "coordinates": [[-87.7542527, 41.7754022], [-87.7543043, 41.775337], [-87.7543486, 41.775259], [-87.754391, 41.7751705], [-87.7544156, 41.7750764], [-87.7544213, 41.7749937], [-87.7544017, 41.7746988], [-87.7543972, 41.7746311], [-87.7543942, 41.7745868], [-87.7543512, 41.7744895]]}, "properties": {"class": "residential"}}, {"type": "Feature", "geometry": {"type": "LineString", "coordinates": [[-87.7544686, 41.7763715], [-87.7544476, 41.7758126], [-87.7544314, 41.7757288], [-87.7544009, 41.7756548], [-87.7543517, 41.7755622], [-87.7543024, 41.7754816], [-87.7542527, 41.7754022]]}, "properties": {"class": "residential"}}, {"type": "Feature", "geometry": {"type": "LineString", "coordinates": [[-87.7480643, 41.7752878], [-87.7481021, 41.7752549], [-87.7481547, 41.7752263], [-87.7482305, 41.7752104], [-87.7484535, 41.7752041], [-87.7488424, 41.7752087], [-87.7489029, 41.7752094]]}, "properties": {"class": "residential"}}, {"type": "Feature", "geometry": {"type": "LineString", "coordinates": [[-87.7716384, 41.781533], [-87.7717408, 41.7815308], [-87.7722441, 41.7815204], [-87.7727525, 41.7815096], [-87.7728519, 41.7815075], [-87.7729657, 41.7815052], [-87.7734671, 41.7814952], [-87.7739741, 41.7814849], [-87.774074, 41.7814829], [-87.7741879, 41.7814803], [-87.774687, 41.7814688], [-87.7751938, 41.7814571], [-87.775293, 41.7814548], [-87.775408, 41.781453], [-87.7759135, 41.7814453], [-87.7764161, 41.7814373], [-87.7765103, 41.7814358], [-87.7766301, 41.7814341], [-87.7771277, 41.7814269], [-87.7776265, 41.7814197], [-87.7777403, 41.7814181], [-87.7783489, 41.7814057], [-87.778857, 41.7813955], [-87.7789635, 41.7813934], [-87.7790679, 41.7813912], [-87.7795792, 41.7813807], [-87.7800801, 41.78137], [-87.7801799, 41.7813679], [-87.7802937, 41.7813654], [-87.7807914, 41.7813545], [-87.781302, 41.7813432], [-87.7813985, 41.7813411], [-87.7815186, 41.7813386], [-87.7820127, 41.7813283], [-87.782521, 41.7813208], [-87.7826176, 41.7813194], [-87.7827208, 41.7813176], [-87.7832353, 41.7813087], [-87.7837638, 41.7812994], [-87.7838369, 41.7812981], [-87.7839402, 41.7812967], [-87.7844501, 41.7812896], [-87.7849878, 41.781282], [-87.7850665, 41.7812809], [-87.78515, 41.78128], [-87.7856748, 41.7812744], [-87.7862114, 41.7812686], [-87.7862852, 41.7812678], [-87.7863714, 41.7812668], [-87.7868967, 41.781261], [-87.7874028, 41.7812554], [-87.7874995, 41.7812543], [-87.7876168, 41.7812522], [-87.7881156, 41.7812435], [-87.7886249, 41.7812345], [-87.7887177, 41.7812329]]}, "properties": {"class": "residential"}}, {"type": "Feature", "geometry": {"type": "LineString", "coordinates": [[-87.7615762, 41.7744509], [-87.7616955, 41.7744492], [-87.7621965, 41.7744419], [-87.7636697, 41.7744121]]}, "properties": {"class": "tertiary"}}, {"type": "Feature", "geometry": {"type": "LineString", "coordinates": [[-87.7713511, 41.7741582], [-87.7712674, 41.7741598], [-87.7689085, 41.7742058], [-87.768662, 41.7742106], [-87.766457, 41.7742536], [-87.7661659, 41.7742593], [-87.7655431, 41.7742714], [-87.7640197, 41.7743011]]}, "properties": {"class": "tertiary"}}, {"type": "Feature", "geometry": {"type": "LineString", "coordinates": [[-87.7404736, 41.7711562], [-87.7404733, 41.7710743], [-87.7404712, 41.7703887], [-87.7405217, 41.7702645], [-87.7405347, 41.7700305], [-87.7405659, 41.7694737], [-87.7405705, 41.7692052], [-87.7405765, 41.7688456], [-87.7405747, 41.7687965]]}, "properties": {"class": "residential"}}, {"type": "Feature", "geometry": {"type": "LineString", "coordinates": [[-87.7430215, 41.799259], [-87.7430182, 41.799186], [-87.7430155, 41.7990745], [-87.743009, 41.7988115], [-87.7430054, 41.7986653]]}, "properties": {"class": "primary"}}, {"type": "Feature", "geometry": {"type": "LineString", "coordinates": [[-87.7619673, 41.8073769], [-87.7617472, 41.8073797]]}, "properties": {"class": "secondary"}}, {"type": "Feature", "geometry": {"type": "LineString", "coordinates": [[-87.742845, 41.7986913], [-87.7428487, 41.7988405], [-87.7428558, 41.7991241], [-87.7428579, 41.7992099], [-87.7428792, 41.7998643], [-87.7428832, 41.7999656]]}, "properties": {"class": "primary"}}, {"type": "Feature", "geometry": {"type": "LineString", "coordinates": [[-87.7414589, 41.7913388], [-87.7414603, 41.7914235], [-87.7414696, 41.7916989]]}, "properties": {"class": "primary"}}, {"type": "Feature", "geometry": {"type": "LineString", "coordinates": [[-87.7413259, 41.7843121], [-87.7411571, 41.7842376]]}, "properties": {"class": "tertiary"}}, {"type": "Feature", "geometry": {"type": "LineString", "coordinates": [[-87.7418344, 41.762814], [-87.7418479, 41.7631753], [-87.7418614, 41.7635356], [-87.7418644, 41.7636079]]}, "properties": {"class": "primary"}}, {"type": "Feature", "geometry": {"type": "LineString", "coordinates": [[-87.7421307, 41.7766149], [-87.7423279, 41.7766082]]}, "properties": {"class": "residential"}}, {"type": "Feature", "geometry": {"type": "LineString", "coordinates": [[-87.7739322, 41.7778151], [-87.773834, 41.7778171], [-87.7727156, 41.7778395], [-87.7720221, 41.7778534]]}, "properties": {"class": "secondary"}}, {"type": "Feature", "geometry": {"type": "LineString", "coordinates": [[-87.7418563, 41.793086], [-87.742068, 41.7930848]]}, "properties": {"class": "secondary"}}, {"type": "Feature", "geometry": {"type": "LineString", "coordinates": [[-87.772069, 41.7925404], [-87.7721782, 41.7925384], [-87.7731792, 41.7925194], [-87.7732762, 41.7925175], [-87.7733897, 41.7925154], [-87.7743957, 41.7924962], [-87.7744895, 41.7924944]]}, "properties": {"class": "secondary"}}, {"type": "Feature", "geometry": {"type": "LineString", "coordinates": [[-87.7739322, 41.7778151], [-87.7739296, 41.7777429], [-87.7739173, 41.7773916], [-87.7739039, 41.7770348], [-87.7738997, 41.77692], [-87.7738953, 41.7768004], [-87.773882, 41.7764405], [-87.7738692, 41.7760834], [-87.7738663, 41.7760029], [-87.7738635, 41.7759242], [-87.7738498, 41.7755462], [-87.773836, 41.775169], [-87.7738331, 41.77509], [-87.7738302, 41.7750106], [-87.7738196, 41.7747185]]}, "properties": {"class": "residential"}}, {"type": "Feature", "geometry": {"type": "LineString", "coordinates": [[-87.772069, 41.7925404], [-87.7720706, 41.792625], [-87.7720772, 41.7930023], [-87.772077, 41.7930287], [-87.7720871, 41.7935393], [-87.772091, 41.7937526], [-87.7720977, 41.794124], [-87.7720996, 41.7942267]]}, "properties": {"class": "tertiary"}}, {"type": "Feature", "geometry": {"type": "LineString", "coordinates": [[-87.7282714, 41.8004966], [-87.7282721, 41.8005723], [-87.7282744, 41.8008423], [-87.7282753, 41.8009416]]}, "properties": {"class": "residential"}}, {"type": "Feature", "geometry": {"type": "LineString", "coordinates": [[-87.725813, 41.8005155], [-87.7259307, 41.8005143], [-87.7267387, 41.8005084], [-87.7270498, 41.8005059], [-87.7271577, 41.8005051], [-87.7273208, 41.8005039], [-87.7278604, 41.8004998], [-87.7281669, 41.800497], [-87.728215, 41.8004971], [-87.7282714, 41.8004966]]}, "properties": {"class": "residential"}}, {"type": "Feature", "geometry": {"type": "LineString", "coordinates": [[-87.7430054, 41.7986653], [-87.742845, 41.7986913]]}, "properties": {"class": "secondary"}}, {"type": "Feature", "geometry": {"type": "LineString", "coordinates": [[-87.7382625, 41.7857006], [-87.7383131, 41.785676], [-87.7384505, 41.7855879], [-87.7385734, 41.7854952], [-87.738665, 41.7853895], [-87.738805, 41.7851439]]}, "properties": {"class": "tertiary"}}, {"type": "Feature", "geometry": {"type": "LineString", "coordinates": [[-87.7713547, 41.774256], [-87.7714651, 41.7742541], [-87.7718943, 41.7742468], [-87.7731268, 41.7742257]]}, "properties": {"class": "tertiary"}}, {"type": "Feature", "geometry": {"type": "LineString", "coordinates": [[-87.7428196, 41.797942], [-87.742822, 41.7980134], [-87.7428244, 41.7980847], [-87.7428259, 41.7981291], [-87.7428311, 41.7982826]]}, "properties": {"class": "primary"}}, {"type": "Feature", "geometry": {"type": "LineString", "coordinates": [[-87.7430054, 41.7986653], [-87.7430018, 41.7984878], [-87.7429951, 41.798156], [-87.742991, 41.7980486], [-87.7429907, 41.79794], [-87.7429862, 41.7977166]]}, "properties": {"class": "primary"}}, {"type": "Feature", "geometry": {"type": "LineString", "coordinates": [[-87.7610699, 41.7598806], [-87.761078, 41.760244], [-87.7610887, 41.7607006], [-87.7610995, 41.7611735], [-87.7611008, 41.76123], [-87.7611127, 41.7617498], [-87.7611337, 41.7622322], [-87.7611341, 41.7622697], [-87.7611419, 41.7630273], [-87.7611523, 41.7634805], [-87.7611637, 41.7637535], [-87.7611816, 41.7642666], [-87.7611979, 41.764574]]}, "properties": {"class": "residential"}}, {"type": "Feature", "geometry": {"type": "LineString", "coordinates": [[-87.7629052, 41.8111061], [-87.7628905, 41.8109244]]}, "properties": {"class": "secondary"}}, {"type": "Feature", "geometry": {"type": "LineString", "coordinates": [[-87.7696378, 41.8086104], [-87.7543515, 41.8134217]]}, "properties": {"class": "motorway"}}, {"type": "Feature", "geometry": {"type": "LineString", "coordinates": [[-87.7409124, 41.7729857], [-87.7408109, 41.7729871], [-87.7403032, 41.7729931], [-87.7398025, 41.7729987], [-87.7396829, 41.7730007], [-87.739588, 41.773001], [-87.7390827, 41.773008], [-87.7385839, 41.7730141], [-87.7384741, 41.7730154]]}, "properties": {"class": "residential"}}, {"type": "Feature", "geometry": {"type": "LineString", "coordinates": [[-87.7386336, 41.7784819], [-87.7386312, 41.7783985], [-87.7386204, 41.7780283], [-87.7385827, 41.7767392], [-87.7385804, 41.7766572], [-87.7385781, 41.7765793], [-87.7385296, 41.7749194], [-87.7385272, 41.7748374], [-87.738525, 41.7747592], [-87.7384765, 41.7730998], [-87.7384741, 41.7730154], [-87.7384719, 41.7729413], [-87.7384237, 41.7712765], [-87.7384206, 41.7711826]]}, "properties": {"class": "residential"}}, {"type": "Feature", "geometry": {"type": "LineString", "coordinates": [[-87.7385272, 41.7748374], [-87.7386333, 41.7748358], [-87.7391393, 41.7748283], [-87.7396412, 41.7748207], [-87.7397389, 41.7748193], [-87.7398552, 41.7748175], [-87.7403594, 41.77481], [-87.7408588, 41.7748025], [-87.7409638, 41.7748009], [-87.7410737, 41.7747993], [-87.7415658, 41.7747919], [-87.7416672, 41.7747904], [-87.7417456, 41.7747892], [-87.7419692, 41.7747859], [-87.7420683, 41.7747844]]}, "properties": {"class": "residential"}}, {"type": "Feature", "geometry": {"type": "LineString", "coordinates": [[-87.7421307, 41.7766149], [-87.7420518, 41.7766159], [-87.7417311, 41.7766197], [-87.7416308, 41.7766209], [-87.741125, 41.7766269], [-87.7410155, 41.7766282], [-87.7409149, 41.7766296], [-87.7403997, 41.7766354], [-87.7399047, 41.7766414], [-87.7397952, 41.7766427], [-87.7396935, 41.7766439], [-87.7391901, 41.7766499], [-87.7386825, 41.776656], [-87.7385804, 41.7766572]]}, "properties": {"class": "residential"}}, {"type": "Feature", "geometry": {"type": "LineString", "coordinates": [[-87.7737978, 41.7741186], [-87.7736873, 41.7741204], [-87.7731229, 41.7741295]]}, "properties": {"class": "tertiary"}}, {"type": "Feature", "geometry": {"type": "LineString", "coordinates": [[-87.7474648, 41.7725233], [-87.7497757, 41.7724767], [-87.7498717, 41.7724748], [-87.7499414, 41.7724733], [-87.7500643, 41.7724757], [-87.7500911, 41.7727518], [-87.750118, 41.7728118], [-87.7511885, 41.7727928], [-87.751198, 41.7727927], [-87.7518189, 41.7727822]]}, "properties": {"class": "residential"}}, {"type": "Feature", "geometry": {"type": "LineString", "coordinates": [[-87.7503341, 41.8020559], [-87.7503361, 41.8021263], [-87.7503842, 41.8037997], [-87.7503861, 41.8038665], [-87.7503885, 41.8039543], [-87.7504339, 41.8056218], [-87.750436, 41.8057006], [-87.7504384, 41.8057786], [-87.7504782, 41.807077], [-87.7504895, 41.8074461], [-87.750492, 41.8075294], [-87.7504943, 41.8076038], [-87.750506, 41.8079831], [-87.7505452, 41.8092704], [-87.7505479, 41.8093576], [-87.7505494, 41.8094301], [-87.7505832, 41.8111004], [-87.7505848, 41.8111796]]}, "properties": {"class": "residential"}}, {"type": "Feature", "geometry": {"type": "LineString", "coordinates": [[-87.7505848, 41.8111796], [-87.7506947, 41.8111784], [-87.75121, 41.8111728], [-87.751712, 41.8111672], [-87.7518053, 41.8111661]]}, "properties": {"class": "residential"}}, {"type": "Feature", "geometry": {"type": "LineString", "coordinates": [[-87.781534, 41.7850179], [-87.7814384, 41.7850197], [-87.7809344, 41.7850295], [-87.7804319, 41.7850391], [-87.7803265, 41.7850411], [-87.7802186, 41.7850432], [-87.7792119, 41.7850626], [-87.779111, 41.7850645], [-87.7790009, 41.7850666], [-87.7779945, 41.7850859], [-87.7778841, 41.785088], [-87.7777845, 41.7850899], [-87.7767693, 41.7851095], [-87.7766634, 41.7851115], [-87.7765608, 41.7851135], [-87.7755519, 41.7851329], [-87.7754387, 41.7851351], [-87.7753407, 41.785137], [-87.7743326, 41.7851563], [-87.7742191, 41.7851585], [-87.774118, 41.7851608], [-87.7731144, 41.7851832], [-87.7729956, 41.7851859], [-87.7728995, 41.7851871], [-87.7723955, 41.7851937], [-87.7718933, 41.7852033], [-87.771782, 41.7852054], [-87.7716769, 41.7852074], [-87.7711683, 41.7852172], [-87.7706682, 41.7852268], [-87.7705574, 41.7852289], [-87.7704592, 41.7852308], [-87.7694492, 41.7852503], [-87.7693394, 41.7852524], [-87.7692384, 41.7852543], [-87.7682334, 41.7852737], [-87.7681164, 41.7852759], [-87.7680193, 41.7852778], [-87.7670101, 41.7852971], [-87.7668977, 41.7852993], [-87.7667963, 41.7853013], [-87.7656771, 41.7853228]]}, "properties": {"class": "residential"}}, {"type": "Feature", "geometry": {"type": "LineString", "coordinates": [[-87.7816016, 41.7868529], [-87.7815023, 41.7868549], [-87.7809912, 41.786865], [-87.780391, 41.786877], [-87.7802886, 41.786879], [-87.7797779, 41.7868891], [-87.7792812, 41.786899], [-87.7791681, 41.7869013], [-87.7790646, 41.7869034], [-87.7785619, 41.7869107], [-87.7780596, 41.7869228], [-87.7779491, 41.7869255], [-87.7778471, 41.7869275], [-87.7773387, 41.7869376], [-87.77684, 41.7869476], [-87.7767336, 41.7869497], [-87.7766278, 41.7869518], [-87.7761221, 41.7869618], [-87.7756211, 41.7869718], [-87.7755085, 41.786974], [-87.7754087, 41.786976], [-87.7749056, 41.7869861], [-87.7744017, 41.786996], [-87.7742869, 41.7869983], [-87.7741909, 41.7870002], [-87.7736832, 41.7870103], [-87.7731826, 41.7870202], [-87.7730659, 41.7870225], [-87.772971, 41.7870244], [-87.7724643, 41.7870345], [-87.7719642, 41.7870444], [-87.7718581, 41.7870465], [-87.7717441, 41.7870488], [-87.7712441, 41.7870588], [-87.7707402, 41.7870688], [-87.7706291, 41.787071], [-87.77053, 41.787073], [-87.7700288, 41.7870829], [-87.7695218, 41.787093], [-87.7694114, 41.7870952], [-87.7693122, 41.7870972], [-87.7688112, 41.7871071], [-87.7683025, 41.7871172], [-87.7682016, 41.7871192], [-87.7680918, 41.7871214], [-87.7675817, 41.7871315], [-87.7670843, 41.7871414], [-87.7669701, 41.7871437], [-87.7668716, 41.7871457], [-87.7663667, 41.7871557], [-87.765863, 41.7871649], [-87.7657506, 41.787167], [-87.7656489, 41.7871692], [-87.765141, 41.7871801], [-87.7646645, 41.7871895]]}, "properties": {"class": "residential"}}, {"type": "Feature", "geometry": {"type": "LineString", "coordinates": [[-87.7742191, 41.7851585], [-87.7742218, 41.785232], [-87.7742358, 41.7856119], [-87.7742837, 41.7869127], [-87.7742869, 41.7869983], [-87.7742895, 41.7870689], [-87.7743513, 41.7887453], [-87.7743544, 41.7888288], [-87.7743577, 41.7889056], [-87.77443, 41.7905782], [-87.7744337, 41.7906637], [-87.7744358, 41.7907392], [-87.7744729, 41.792044], [-87.7744866, 41.7924169], [-87.7744895, 41.7924944]]}, "properties": {"class": "residential"}}, {"type": "Feature", "geometry": {"type": "LineString", "coordinates": [[-87.7627187, 41.8073669], [-87.7627097, 41.8070153]]}, "properties": {"class": "secondary"}}, {"type": "Feature", "geometry": {"type": "LineString", "coordinates": [[-87.762741, 41.8084757], [-87.7627187, 41.8073669]]}, "properties": {"class": "secondary"}}, {"type": "Feature", "geometry": {"type": "LineString", "coordinates": [[-87.7628697, 41.8102667], [-87.7628582, 41.8098124]]}, "properties": {"class": "secondary"}}, {"type": "Feature", "geometry": {"type": "LineString", "coordinates": [[-87.7627068, 41.8068523], [-87.7627049, 41.8067708], [-87.7627021, 41.8066473]]}, "properties": {"class": "secondary"}}, {"type": "Feature", "geometry": {"type": "LineString", "coordinates": [[-87.7626897, 41.8060322], [-87.7626869, 41.8059444]]}, "properties": {"class": "secondary"}}, {"type": "Feature", "geometry": {"type": "LineString", "coordinates": [[-87.7628582, 41.8098124], [-87.7628329, 41.8085606], [-87.762741, 41.8084757]]}, "properties": {"class": "secondary"}}, {"type": "Feature", "geometry": {"type": "LineString", "coordinates": [[-87.7627187, 41.8073669], [-87.7621423, 41.8073746], [-87.7619673, 41.8073769]]}, "properties": {"class": "secondary"}}, {"type": "Feature", "geometry": {"type": "LineString", "coordinates": [[-87.7526348, 41.7972211], [-87.7527502, 41.7972026], [-87.7529559, 41.7971695], [-87.7533046, 41.7971137], [-87.753522, 41.7970809], [-87.753757, 41.7970443], [-87.7538594, 41.7970284], [-87.7539681, 41.7970121], [-87.7549797, 41.7968606], [-87.7550865, 41.7968446]]}, "properties": {"class": "secondary"}}, {"type": "Feature", "geometry": {"type": "LineString", "coordinates": [[-87.7691219, 41.7946715], [-87.7694991, 41.7946128], [-87.7695747, 41.794601]]}, "properties": {"class": "secondary"}}, {"type": "Feature", "geometry": {"type": "LineString", "coordinates": [[-87.7695747, 41.794601], [-87.7696929, 41.7945833], [-87.7699321, 41.7945476]]}, "properties": {"class": "secondary"}}, {"type": "Feature", "geometry": {"type": "LineString", "coordinates": [[-87.7599507, 41.7960993], [-87.7600412, 41.7960852], [-87.7602946, 41.7960457]]}, "properties": {"class": "secondary"}}, {"type": "Feature", "geometry": {"type": "LineString", "coordinates": [[-87.7701574, 41.794514], [-87.7702831, 41.7944952], [-87.7703351, 41.7944874]]}, "properties": {"class": "secondary"}}, {"type": "Feature", "geometry": {"type": "LineString", "coordinates": [[-87.7597684, 41.7961277], [-87.7599507, 41.7960993]]}, "properties": {"class": "secondary"}}, {"type": "Feature", "geometry": {"type": "LineString", "coordinates": [[-87.7593008, 41.7962005], [-87.7596852, 41.7961407], [-87.7597684, 41.7961277]]}, "properties": {"class": "secondary"}}, {"type": "Feature", "geometry": {"type": "LineString", "coordinates": [[-87.771398, 41.7943284], [-87.7719929, 41.7942422], [-87.7720996, 41.7942267]]}, "properties": {"class": "secondary"}}, {"type": "Feature", "geometry": {"type": "LineString", "coordinates": [[-87.7699321, 41.7945476], [-87.7701574, 41.794514]]}, "properties": {"class": "secondary"}}, {"type": "Feature", "geometry": {"type": "LineString", "coordinates": [[-87.7720996, 41.7942267], [-87.7722261, 41.7942072], [-87.7726621, 41.7941398], [-87.7727801, 41.7941216]]}, "properties": {"class": "secondary"}}, {"type": "Feature", "geometry": {"type": "LineString", "coordinates": [[-87.7602946, 41.7960457], [-87.7607385, 41.7959766], [-87.7611718, 41.7959092], [-87.7612481, 41.7958975]]}, "properties": {"class": "secondary"}}, {"type": "Feature", "geometry": {"type": "LineString", "coordinates": [[-87.7703749, 41.7944815], [-87.7707874, 41.7944198], [-87.7708884, 41.7944047], [-87.7709967, 41.7943885], [-87.7713251, 41.7943393], [-87.771398, 41.7943284]]}, "properties": {"class": "secondary"}}, {"type": "Feature", "geometry": {"type": "LineString", "coordinates": [[-87.762394, 41.7957189], [-87.7625466, 41.7956954], [-87.7628548, 41.795648], [-87.7630534, 41.7956168], [-87.7634906, 41.7955482]]}, "properties": {"class": "secondary"}}, {"type": "Feature", "geometry": {"type": "LineString", "coordinates": [[-87.7612481, 41.7958975], [-87.7615806, 41.7958467], [-87.7617021, 41.7958273], [-87.7620277, 41.7957759], [-87.7622487, 41.7957415], [-87.762394, 41.7957189]]}, "properties": {"class": "secondary"}}, {"type": "Feature", "geometry": {"type": "LineString", "coordinates": [[-87.7634906, 41.7955482], [-87.7642025, 41.7954388], [-87.7642532, 41.7954295], [-87.7646151, 41.7953744], [-87.764716, 41.7953574], [-87.7648949, 41.7953294], [-87.7657187, 41.7952007], [-87.7659302, 41.7951677], [-87.7660915, 41.7951428], [-87.7664188, 41.7950923], [-87.7667546, 41.79504]]}, "properties": {"class": "secondary"}}, {"type": "Feature", "geometry": {"type": "LineString", "coordinates": [[-87.7625896, 41.8022219], [-87.7625844, 41.8020504], [-87.7625785, 41.8018546]]}, "properties": {"class": "secondary"}}, {"type": "Feature", "geometry": {"type": "LineString", "coordinates": [[-87.7625414, 41.8006274], [-87.7625372, 41.8004908]]}, "properties": {"class": "secondary"}}, {"type": "Feature", "geometry": {"type": "LineString", "coordinates": [[-87.7626422, 41.8040498], [-87.7626321, 41.8036765]]}, "properties": {"class": "secondary"}}, {"type": "Feature", "geometry": {"type": "LineString", "coordinates": [[-87.7625785, 41.8018546], [-87.7625414, 41.8006274]]}, "properties": {"class": "secondary"}}, {"type": "Feature", "geometry": {"type": "LineString", "coordinates": [[-87.7623529, 41.794545], [-87.7623469, 41.794346], [-87.7623403, 41.7941242], [-87.7623155, 41.7932956]]}, "properties": {"class": "secondary"}}, {"type": "Feature", "geometry": {"type": "LineString", "coordinates": [[-87.7626755, 41.8054944], [-87.7626557, 41.8046348], [-87.7626509, 41.80443], [-87.762645, 41.8041704], [-87.7626422, 41.8040498]]}, "properties": {"class": "secondary"}}, {"type": "Feature", "geometry": {"type": "LineString", "coordinates": [[-87.7626321, 41.8036765], [-87.7626258, 41.8034172], [-87.7626178, 41.803153], [-87.762602, 41.8026301]]}, "properties": {"class": "secondary"}}, {"type": "Feature", "geometry": {"type": "LineString", "coordinates": [[-87.7625243, 41.8000639], [-87.7625213, 41.79998], [-87.7625099, 41.7996402]]}, "properties": {"class": "secondary"}}, {"type": "Feature", "geometry": {"type": "LineString", "coordinates": [[-87.7625372, 41.8004908], [-87.7625268, 41.800146], [-87.7625243, 41.8000639]]}, "properties": {"class": "secondary"}}, {"type": "Feature", "geometry": {"type": "LineString", "coordinates": [[-87.7623578, 41.7946824], [-87.7623529, 41.794545]]}, "properties": {"class": "secondary"}}, {"type": "Feature", "geometry": {"type": "LineString", "coordinates": [[-87.7624221, 41.7967239], [-87.7624144, 41.7964361]]}, "properties": {"class": "secondary"}}, {"type": "Feature", "geometry": {"type": "LineString", "coordinates": [[-87.7623029, 41.7927465], [-87.7622984, 41.7926339], [-87.7622844, 41.7922958], [-87.7622805, 41.7921788]]}, "properties": {"class": "secondary"}}, {"type": "Feature", "geometry": {"type": "LineString", "coordinates": [[-87.762394, 41.7957189], [-87.762389, 41.7956002], [-87.7623861, 41.7955021], [-87.7623776, 41.7953345]]}, "properties": {"class": "secondary"}}, {"type": "Feature", "geometry": {"type": "LineString", "coordinates": [[-87.7623155, 41.7932956], [-87.7623135, 41.7932286], [-87.7623051, 41.7928492], [-87.7623029, 41.7927465]]}, "properties": {"class": "secondary"}}, {"type": "Feature", "geometry": {"type": "LineString", "coordinates": [[-87.7625099, 41.7996402], [-87.7624655, 41.7983294], [-87.7624625, 41.7982413]]}, "properties": {"class": "secondary"}}, {"type": "Feature", "geometry": {"type": "LineString", "coordinates": [[-87.7623776, 41.7953345], [-87.7623713, 41.7952088], [-87.7623675, 41.7950335], [-87.7623632, 41.7948392], [-87.7623619, 41.7947963], [-87.7623578, 41.7946824]]}, "properties": {"class": "secondary"}}, {"type": "Feature", "geometry": {"type": "LineString", "coordinates": [[-87.772069, 41.7925404], [-87.771961, 41.7925426], [-87.7708498, 41.7925654], [-87.7707382, 41.7925677], [-87.7703782, 41.7925751], [-87.7698914, 41.7925851], [-87.7697524, 41.7925879], [-87.769626, 41.7925905], [-87.769537, 41.7925924], [-87.7691902, 41.7925995], [-87.7684026, 41.7926156], [-87.7677717, 41.7926286], [-87.7673001, 41.7926383], [-87.7671857, 41.7926406]]}, "properties": {"class": "secondary"}}, {"type": "Feature", "geometry": {"type": "LineString", "coordinates": [[-87.7630115, 41.7927282], [-87.7624405, 41.7927429], [-87.7623029, 41.7927465]]}, "properties": {"class": "secondary"}}, {"type": "Feature", "geometry": {"type": "LineString", "coordinates": [[-87.7623029, 41.7927465], [-87.7621694, 41.7927489], [-87.7616998, 41.7927571], [-87.7615611, 41.7927595]]}, "properties": {"class": "secondary"}}, {"type": "Feature", "geometry": {"type": "LineString", "coordinates": [[-87.7617337, 41.778716], [-87.7617256, 41.7785063], [-87.7617116, 41.7781458], [-87.7617078, 41.7780481]]}, "properties": {"class": "secondary"}}, {"type": "Feature", "geometry": {"type": "LineString", "coordinates": [[-87.7708946, 41.77788], [-87.7709991, 41.7778772], [-87.7713883, 41.7778669], [-87.7714959, 41.777864]]}, "properties": {"class": "secondary"}}, {"type": "Feature", "geometry": {"type": "LineString", "coordinates": [[-87.7617078, 41.7780481], [-87.7618358, 41.7780456], [-87.7624383, 41.7780338]]}, "properties": {"class": "secondary"}}, {"type": "Feature", "geometry": {"type": "LineString", "coordinates": [[-87.7720221, 41.7778534], [-87.7719872, 41.7778541], [-87.7716059, 41.7778618], [-87.7714959, 41.777864]]}, "properties": {"class": "secondary"}}, {"type": "Feature", "geometry": {"type": "LineString", "coordinates": [[-87.7608807, 41.7780646], [-87.7615631, 41.778051], [-87.7617078, 41.7780481]]}, "properties": {"class": "secondary"}}, {"type": "Feature", "geometry": {"type": "LineString", "coordinates": [[-87.7763791, 41.7777683], [-87.7764936, 41.7777663], [-87.7767764, 41.7777612], [-87.7769324, 41.7777583], [-87.7772377, 41.7777529], [-87.7776019, 41.7777464], [-87.7784463, 41.7777288], [-87.7787925, 41.7777217], [-87.7788164, 41.7777212], [-87.7800409, 41.7776945], [-87.7803974, 41.777687], [-87.7807518, 41.7776793]]}, "properties": {"class": "secondary"}}, {"type": "Feature", "geometry": {"type": "LineString", "coordinates": [[-87.7624383, 41.7780338], [-87.7626919, 41.7780292], [-87.7629466, 41.7780246], [-87.7630589, 41.7780225], [-87.7640642, 41.7780042], [-87.7641671, 41.7780024], [-87.7642768, 41.7780004], [-87.7649988, 41.7779872], [-87.7652853, 41.777982], [-87.7653859, 41.7779802], [-87.7654955, 41.7779782], [-87.7661798, 41.7779658], [-87.7663733, 41.7779622], [-87.7665072, 41.7779598], [-87.7666104, 41.7779579], [-87.7667179, 41.777956], [-87.7668178, 41.7779541], [-87.7672191, 41.7779468], [-87.76741, 41.7779434], [-87.7677287, 41.7779376], [-87.7678337, 41.7779357], [-87.7679391, 41.7779338], [-87.7682778, 41.7779276], [-87.7685342, 41.7779229], [-87.7689492, 41.7779154], [-87.7690551, 41.7779135], [-87.769163, 41.7779115], [-87.7696455, 41.7779027], [-87.7701776, 41.777893], [-87.7702643, 41.7778915], [-87.7703835, 41.7778893], [-87.7708946, 41.77788]]}, "properties": {"class": "secondary"}}, {"type": "Feature", "geometry": {"type": "LineString", "coordinates": [[-87.7497564, 41.7976549], [-87.7501067, 41.7976006], [-87.7502141, 41.797584]]}, "properties": {"class": "secondary"}}, {"type": "Feature", "geometry": {"type": "LineString", "coordinates": [[-87.7477957, 41.7979603], [-87.7478868, 41.7979461], [-87.7482136, 41.797895]]}, "properties": {"class": "secondary"}}, {"type": "Feature", "geometry": {"type": "LineString", "coordinates": [[-87.7502141, 41.797584], [-87.7503153, 41.797569], [-87.750636, 41.7975215]]}, "properties": {"class": "secondary"}}, {"type": "Feature", "geometry": {"type": "LineString", "coordinates": [[-87.7430054, 41.7986653], [-87.7431297, 41.7986469], [-87.7433806, 41.7986097]]}, "properties": {"class": "secondary"}}, {"type": "Feature", "geometry": {"type": "LineString", "coordinates": [[-87.7473518, 41.7980278], [-87.7476772, 41.7979783], [-87.7477957, 41.7979603]]}, "properties": {"class": "secondary"}}, {"type": "Feature", "geometry": {"type": "LineString", "coordinates": [[-87.7436504, 41.7985654], [-87.7438583, 41.798539], [-87.7441324, 41.7984991]]}, "properties": {"class": "secondary"}}, {"type": "Feature", "geometry": {"type": "LineString", "coordinates": [[-87.7482136, 41.797895], [-87.7489949, 41.7977729], [-87.7497564, 41.7976549]]}, "properties": {"class": "secondary"}}, {"type": "Feature", "geometry": {"type": "LineString", "coordinates": [[-87.7414498, 41.7989054], [-87.741708, 41.7988658], [-87.7419509, 41.7988285], [-87.7421889, 41.798792], [-87.7427101, 41.798712], [-87.742845, 41.7986913]]}, "properties": {"class": "secondary"}}, {"type": "Feature", "geometry": {"type": "LineString", "coordinates": [[-87.7442496, 41.7984819], [-87.74439, 41.7984613]]}, "properties": {"class": "secondary"}}, {"type": "Feature", "geometry": {"type": "LineString", "coordinates": [[-87.7429416, 41.802159], [-87.7429431, 41.8022305], [-87.7429451, 41.8023281], [-87.7429552, 41.802827], [-87.7429715, 41.8036241]]}, "properties": {"class": "primary"}}, {"type": "Feature", "geometry": {"type": "LineString", "coordinates": [[-87.7422885, 41.7934893], [-87.7421629, 41.7932589], [-87.7421281, 41.793195], [-87.742068, 41.7930848]]}, "properties": {"class": "primary"}}, {"type": "Feature", "geometry": {"type": "LineString", "coordinates": [[-87.7430288, 41.7994204], [-87.7430215, 41.799259]]}, "properties": {"class": "primary"}}, {"type": "Feature", "geometry": {"type": "LineString", "coordinates": [[-87.7428832, 41.7999656], [-87.7428917, 41.8002189], [-87.7428953, 41.8003243]]}, "properties": {"class": "primary"}}, {"type": "Feature", "geometry": {"type": "LineString", "coordinates": [[-87.7430793, 41.8007086], [-87.743068, 41.8004931], [-87.7430656, 41.8004471], [-87.743059, 41.8003219]]}, "properties": {"class": "primary"}}, {"type": "Feature", "geometry": {"type": "LineString", "coordinates": [[-87.7429715, 41.8036241], [-87.7429766, 41.8038722], [-87.7429787, 41.8039734]]}, "properties": {"class": "primary"}}, {"type": "Feature", "geometry": {"type": "LineString", "coordinates": [[-87.7429685, 41.7970212], [-87.7429633, 41.7967462], [-87.742962, 41.7966804]]}, "properties": {"class": "primary"}}, {"type": "Feature", "geometry": {"type": "LineString", "coordinates": [[-87.743059, 41.8003219], [-87.7430288, 41.7994204]]}, "properties": {"class": "primary"}}, {"type": "Feature", "geometry": {"type": "LineString", "coordinates": [[-87.7428953, 41.8003243], [-87.742932, 41.8017935]]}, "properties": {"class": "primary"}}, {"type": "Feature", "geometry": {"type": "LineString", "coordinates": [[-87.7424467, 41.793785], [-87.7422885, 41.7934893]]}, "properties": {"class": "primary"}}, {"type": "Feature", "geometry": {"type": "LineString", "coordinates": [[-87.7429862, 41.7977166], [-87.7429834, 41.7976094], [-87.7429685, 41.7970212]]}, "properties": {"class": "primary"}}, {"type": "Feature", "geometry": {"type": "LineString", "coordinates": [[-87.742932, 41.8017935], [-87.7429379, 41.8020162], [-87.7429394, 41.802073], [-87.7429416, 41.802159]]}, "properties": {"class": "primary"}}, {"type": "Feature", "geometry": {"type": "LineString", "coordinates": [[-87.7428372, 41.7984625], [-87.7428392, 41.7985219], [-87.742845, 41.7986913]]}, "properties": {"class": "primary"}}, {"type": "Feature", "geometry": {"type": "LineString", "coordinates": [[-87.7431157, 41.8021565], [-87.7431136, 41.8020742], [-87.7431047, 41.8017199], [-87.74308, 41.8007374], [-87.7430793, 41.8007086]]}, "properties": {"class": "primary"}}, {"type": "Feature", "geometry": {"type": "LineString", "coordinates": [[-87.7431251, 41.8025257], [-87.7431198, 41.8023176], [-87.7431175, 41.8022284], [-87.7431157, 41.8021565]]}, "properties": {"class": "primary"}}, {"type": "Feature", "geometry": {"type": "LineString", "coordinates": [[-87.7429787, 41.8039734], [-87.7429924, 41.8044658], [-87.7429982, 41.8046753], [-87.7430041, 41.8048854], [-87.7430196, 41.8054421]]}, "properties": {"class": "primary"}}, {"type": "Feature", "geometry": {"type": "LineString", "coordinates": [[-87.7431727, 41.8043457], [-87.7431669, 41.8041115], [-87.7431635, 41.8039719]]}, "properties": {"class": "primary"}}, {"type": "Feature", "geometry": {"type": "LineString", "coordinates": [[-87.7425844, 41.7940578], [-87.7425191, 41.7939196], [-87.7424749, 41.7938378], [-87.7424467, 41.793785]]}, "properties": {"class": "primary"}}, {"type": "Feature", "geometry": {"type": "LineString", "coordinates": [[-87.741485, 41.7920969], [-87.7414996, 41.7922497], [-87.7415201, 41.7923266], [-87.7415747, 41.7925058]]}, "properties": {"class": "primary"}}, {"type": "Feature", "geometry": {"type": "LineString", "coordinates": [[-87.7409509, 41.7930737], [-87.7408428, 41.7930726]]}, "properties": {"class": "secondary"}}, {"type": "Feature", "geometry": {"type": "LineString", "coordinates": [[-87.746757, 41.7929564], [-87.7461873, 41.7929622]]}, "properties": {"class": "secondary"}}, {"type": "Feature", "geometry": {"type": "LineString", "coordinates": [[-87.7403544, 41.7930675], [-87.7401636, 41.7930683], [-87.7394684, 41.7930714]]}, "properties": {"class": "secondary"}}, {"type": "Feature", "geometry": {"type": "LineString", "coordinates": [[-87.7438781, 41.7930055], [-87.7428643, 41.7930452], [-87.7427528, 41.7930496]]}, "properties": {"class": "secondary"}}, {"type": "Feature", "geometry": {"type": "LineString", "coordinates": [[-87.7461873, 41.7929622], [-87.7449154, 41.7929675], [-87.7438781, 41.7930055]]}, "properties": {"class": "secondary"}}, {"type": "Feature", "geometry": {"type": "LineString", "coordinates": [[-87.7408428, 41.7930726], [-87.7405388, 41.7930694], [-87.7403544, 41.7930675]]}, "properties": {"class": "secondary"}}, {"type": "Feature", "geometry": {"type": "LineString", "coordinates": [[-87.7411615, 41.7930759], [-87.7409509, 41.7930737]]}, "properties": {"class": "secondary"}}, {"type": "Feature", "geometry": {"type": "LineString", "coordinates": [[-87.7427528, 41.7930496], [-87.7422771, 41.7930564], [-87.742068, 41.7930848]]}, "properties": {"class": "secondary"}}, {"type": "Feature", "geometry": {"type": "LineString", "coordinates": [[-87.7501489, 41.7929029], [-87.7497861, 41.7929062]]}, "properties": {"class": "secondary"}}, {"type": "Feature", "geometry": {"type": "LineString", "coordinates": [[-87.7418563, 41.793086], [-87.7417059, 41.7930837], [-87.7412389, 41.7930767]]}, "properties": {"class": "secondary"}}, {"type": "Feature", "geometry": {"type": "LineString", "coordinates": [[-87.7497861, 41.7929062], [-87.7496708, 41.792909], [-87.7487866, 41.7929231], [-87.7480803, 41.7929345], [-87.7469716, 41.7929533], [-87.746757, 41.7929564]]}, "properties": {"class": "secondary"}}, {"type": "Feature", "geometry": {"type": "LineString", "coordinates": [[-87.7334976, 41.8001554], [-87.734273, 41.8000348], [-87.7343848, 41.8000174], [-87.7344912, 41.8000008], [-87.7346665, 41.7999735], [-87.7354957, 41.7998445], [-87.7355988, 41.7998285], [-87.735709, 41.7998122], [-87.7367172, 41.7996559], [-87.7368266, 41.7996375], [-87.7369287, 41.7996237], [-87.7376924, 41.7995028], [-87.7380234, 41.7994513], [-87.7380698, 41.7994441], [-87.7387942, 41.7993314], [-87.7388716, 41.7993193], [-87.7391527, 41.7992756], [-87.7392632, 41.7992584], [-87.7393577, 41.7992437], [-87.7394788, 41.7992248], [-87.7396778, 41.7991939], [-87.7398741, 41.7991634], [-87.7404857, 41.7990682]]}, "properties": {"class": "secondary"}}, {"type": "Feature", "geometry": {"type": "LineString", "coordinates": [[-87.7328221, 41.8002587], [-87.733059, 41.8002229], [-87.7331572, 41.800208]]}, "properties": {"class": "secondary"}}, {"type": "Feature", "geometry": {"type": "LineString", "coordinates": [[-87.7279342, 41.8009947], [-87.7281815, 41.8009575], [-87.7282753, 41.8009416]]}, "properties": {"class": "secondary"}}, {"type": "Feature", "geometry": {"type": "LineString", "coordinates": [[-87.7331572, 41.800208], [-87.7332695, 41.8001925], [-87.7334976, 41.8001554]]}, "properties": {"class": "secondary"}}, {"type": "Feature", "geometry": {"type": "LineString", "coordinates": [[-87.7282753, 41.8009416], [-87.7283939, 41.8009248], [-87.7293997, 41.8007746], [-87.7294959, 41.8007578], [-87.7301636, 41.800659], [-87.7306, 41.8005932], [-87.730724, 41.8005746], [-87.7308317, 41.8005593], [-87.7311771, 41.8005063], [-87.7318436, 41.8004075], [-87.731939, 41.8003916], [-87.7320535, 41.8003764], [-87.7328221, 41.8002587]]}, "properties": {"class": "secondary"}}, {"type": "Feature", "geometry": {"type": "LineString", "coordinates": [[-87.7394684, 41.7930714], [-87.7382789, 41.7930791], [-87.7378869, 41.7930816], [-87.7378359, 41.7930819], [-87.737592, 41.7930835], [-87.7372327, 41.7930858], [-87.7367363, 41.793089], [-87.736652, 41.7930895], [-87.7355265, 41.7930968], [-87.7354138, 41.7930975]]}, "properties": {"class": "secondary"}}, {"type": "Feature", "geometry": {"type": "LineString", "coordinates": [[-87.7333277, 41.793114], [-87.7332142, 41.7931157], [-87.7330711, 41.7931179], [-87.7329629, 41.7931195]]}, "properties": {"class": "secondary"}}, {"type": "Feature", "geometry": {"type": "LineString", "coordinates": [[-87.7283506, 41.7931618], [-87.7283064, 41.7931624], [-87.7281735, 41.7931643], [-87.7280638, 41.7931659]]}, "properties": {"class": "secondary"}}, {"type": "Feature", "geometry": {"type": "LineString", "coordinates": [[-87.7329629, 41.7931195], [-87.7328614, 41.7931198], [-87.7327643, 41.79312], [-87.7324914, 41.7931206], [-87.7324601, 41.7931207]]}, "properties": {"class": "secondary"}}, {"type": "Feature", "geometry": {"type": "LineString", "coordinates": [[-87.7280638, 41.7931659], [-87.7279583, 41.7931667], [-87.7276171, 41.7931693]]}, "properties": {"class": "secondary"}}, {"type": "Feature", "geometry": {"type": "LineString", "coordinates": [[-87.7276171, 41.7931693], [-87.7269451, 41.7931757], [-87.7268404, 41.7931767], [-87.726733, 41.7931777], [-87.7257198, 41.7931874], [-87.7256104, 41.7931885]]}, "properties": {"class": "secondary"}}, {"type": "Feature", "geometry": {"type": "LineString", "coordinates": [[-87.7324601, 41.7931207], [-87.7318472, 41.7931223], [-87.7317265, 41.7931226], [-87.7316347, 41.7931235], [-87.7306175, 41.7931338], [-87.7305211, 41.7931348], [-87.730408, 41.793136], [-87.7293953, 41.7931471], [-87.7292943, 41.7931482], [-87.7291853, 41.7931498], [-87.7285642, 41.7931587], [-87.7283506, 41.7931618]]}, "properties": {"class": "secondary"}}, {"type": "Feature", "geometry": {"type": "LineString", "coordinates": [[-87.7432083, 41.8057965], [-87.7432064, 41.8057172], [-87.7431907, 41.8050804], [-87.7431835, 41.8047874], [-87.7431796, 41.804626], [-87.7431727, 41.8043457]]}, "properties": {"class": "primary"}}, {"type": "Feature", "geometry": {"type": "LineString", "coordinates": [[-87.7430295, 41.8057988], [-87.7430317, 41.8058766], [-87.7430405, 41.8061759], [-87.7430523, 41.8064954], [-87.7430653, 41.806886]]}, "properties": {"class": "primary"}}, {"type": "Feature", "geometry": {"type": "LineString", "coordinates": [[-87.7430734, 41.8071376], [-87.7430805, 41.8073527]]}, "properties": {"class": "primary"}}, {"type": "Feature", "geometry": {"type": "LineString", "coordinates": [[-87.7431635, 41.8039719], [-87.7431595, 41.8038212], [-87.7431534, 41.8035914], [-87.7431359, 41.802932], [-87.7431325, 41.802804], [-87.7431251, 41.8025257]]}, "properties": {"class": "primary"}}, {"type": "Feature", "geometry": {"type": "LineString", "coordinates": [[-87.7434144, 41.8131032], [-87.7434121, 41.8130189], [-87.7433739, 41.811642]]}, "properties": {"class": "primary"}}, {"type": "Feature", "geometry": {"type": "LineString", "coordinates": [[-87.7431825, 41.8112741], [-87.7431848, 41.8113524], [-87.7432252, 41.8127469]]}, "properties": {"class": "primary"}}, {"type": "Feature", "geometry": {"type": "LineString", "coordinates": [[-87.7432646, 41.8076255], [-87.7432609, 41.807506], [-87.7432594, 41.8074553], [-87.7432523, 41.807225], [-87.7432479, 41.8070826], [-87.7432435, 41.8069402], [-87.7432272, 41.8064103], [-87.7432199, 41.8061729]]}, "properties": {"class": "primary"}}, {"type": "Feature", "geometry": {"type": "LineString", "coordinates": [[-87.7431736, 41.8109274], [-87.7431797, 41.8111643], [-87.7431805, 41.8111946], [-87.7431825, 41.8112741]]}, "properties": {"class": "primary"}}, {"type": "Feature", "geometry": {"type": "LineString", "coordinates": [[-87.7430805, 41.8073527], [-87.7430836, 41.807462], [-87.7430856, 41.8075182], [-87.7430895, 41.8076279]]}, "properties": {"class": "primary"}}, {"type": "Feature", "geometry": {"type": "LineString", "coordinates": [[-87.7430196, 41.8054421], [-87.7430268, 41.805711], [-87.7430271, 41.8057201], [-87.7430295, 41.8057988]]}, "properties": {"class": "primary"}}, {"type": "Feature", "geometry": {"type": "LineString", "coordinates": [[-87.7433739, 41.811642], [-87.7433691, 41.8114685], [-87.7433658, 41.81135], [-87.7433637, 41.8112718]]}, "properties": {"class": "primary"}}, {"type": "Feature", "geometry": {"type": "LineString", "coordinates": [[-87.7431353, 41.8094485], [-87.7431372, 41.8095239], [-87.7431576, 41.8103097], [-87.7431736, 41.8109274]]}, "properties": {"class": "primary"}}, {"type": "Feature", "geometry": {"type": "LineString", "coordinates": [[-87.7432199, 41.8061729], [-87.7432116, 41.8059048], [-87.7432106, 41.8058739], [-87.7432083, 41.8057965]]}, "properties": {"class": "primary"}}, {"type": "Feature", "geometry": {"type": "LineString", "coordinates": [[-87.7431245, 41.8090793], [-87.7431325, 41.8093521], [-87.7431331, 41.8093739], [-87.7431353, 41.8094485]]}, "properties": {"class": "primary"}}, {"type": "Feature", "geometry": {"type": "LineString", "coordinates": [[-87.7430895, 41.8076279], [-87.7430913, 41.8077412], [-87.743092, 41.8078308], [-87.743095, 41.808052], [-87.7430955, 41.8080869], [-87.7431023, 41.8083199], [-87.7431096, 41.8085698], [-87.7431217, 41.8089842], [-87.7431245, 41.8090793]]}, "properties": {"class": "primary"}}, {"type": "Feature", "geometry": {"type": "LineString", "coordinates": [[-87.7432802, 41.8083625], [-87.7432765, 41.8081856], [-87.7432737, 41.8080538], [-87.7432718, 41.8080109], [-87.7432719, 41.8079454], [-87.7432689, 41.80783], [-87.7432676, 41.8077363], [-87.7432646, 41.8076255]]}, "properties": {"class": "primary"}}, {"type": "Feature", "geometry": {"type": "LineString", "coordinates": [[-87.7438003, 41.8076185], [-87.7437202, 41.8076195], [-87.7433461, 41.8076238], [-87.7432646, 41.8076255]]}, "properties": {"class": "secondary"}}, {"type": "Feature", "geometry": {"type": "LineString", "coordinates": [[-87.7430895, 41.8076279], [-87.7432646, 41.8076255]]}, "properties": {"class": "secondary"}}, {"type": "Feature", "geometry": {"type": "LineString", "coordinates": [[-87.7424291, 41.8076368], [-87.7425294, 41.8076354]]}, "properties": {"class": "secondary"}}, {"type": "Feature", "geometry": {"type": "LineString", "coordinates": [[-87.7240734, 41.8078843], [-87.7241956, 41.8078827], [-87.7242193, 41.8078823], [-87.7243219, 41.807881], [-87.7245595, 41.8078777], [-87.7247065, 41.8078758], [-87.7248248, 41.8078742], [-87.7249194, 41.8078729], [-87.7256248, 41.8078634], [-87.725873, 41.80786], [-87.7259278, 41.8078593], [-87.7260272, 41.807858], [-87.7261407, 41.8078564], [-87.7261774, 41.8078559], [-87.7262474, 41.807855], [-87.7271529, 41.8078428], [-87.7272626, 41.8078413], [-87.7273651, 41.8078399], [-87.7282379, 41.8078282], [-87.728278, 41.8078276], [-87.7283347, 41.8078269], [-87.7283761, 41.8078263], [-87.7284813, 41.8078249], [-87.7285942, 41.8078234], [-87.7286177, 41.8078231], [-87.7294321, 41.8078121], [-87.7296475, 41.8078092], [-87.7297452, 41.8078079], [-87.7298402, 41.8078066], [-87.7301618, 41.8078022], [-87.7303948, 41.8077991], [-87.7304546, 41.8077983], [-87.7306338, 41.8077959], [-87.7308256, 41.8077933], [-87.730937, 41.8077918]]}, "properties": {"class": "secondary"}}, {"type": "Feature", "geometry": {"type": "LineString", "coordinates": [[-87.7629223, 41.8115587], [-87.7629162, 41.8113978], [-87.7629052, 41.8111061]]}, "properties": {"class": "secondary"}}, {"type": "Feature", "geometry": {"type": "LineString", "coordinates": [[-87.7423873, 41.7784387], [-87.7424957, 41.7784358], [-87.7429448, 41.7784226]]}, "properties": {"class": "secondary"}}, {"type": "Feature", "geometry": {"type": "LineString", "coordinates": [[-87.741635, 41.7784489], [-87.7416912, 41.7784482], [-87.7418076, 41.7784469], [-87.741911, 41.7784457], [-87.7420988, 41.7784435], [-87.7421929, 41.7784424]]}, "properties": {"class": "secondary"}}, {"type": "Feature", "geometry": {"type": "LineString", "coordinates": [[-87.7415408, 41.783975], [-87.7413969, 41.7842008], [-87.7413753, 41.7842347], [-87.7413259, 41.7843121]]}, "properties": {"class": "primary"}}, {"type": "Feature", "geometry": {"type": "LineString", "coordinates": [[-87.7414311, 41.785297], [-87.7414299, 41.7849065], [-87.7414413, 41.7847227], [-87.7414686, 41.7846035], [-87.7414968, 41.7844917], [-87.7415323, 41.7843506]]}, "properties": {"class": "primary"}}, {"type": "Feature", "geometry": {"type": "LineString", "coordinates": [[-87.741801, 41.7619213], [-87.7418053, 41.7620354], [-87.7418163, 41.762329]]}, "properties": {"class": "primary"}}, {"type": "Feature", "geometry": {"type": "LineString", "coordinates": [[-87.7418163, 41.762329], [-87.7418344, 41.762814]]}, "properties": {"class": "primary"}}, {"type": "Feature", "geometry": {"type": "LineString", "coordinates": [[-87.7419373, 41.7702012], [-87.7419444, 41.7710256], [-87.7419442, 41.7711373]]}, "properties": {"class": "primary"}}, {"type": "Feature", "geometry": {"type": "LineString", "coordinates": [[-87.7418644, 41.7636079], [-87.7418807, 41.7640078], [-87.7418885, 41.7641986], [-87.7418927, 41.7642983]]}, "properties": {"class": "primary"}}, {"type": "Feature", "geometry": {"type": "LineString", "coordinates": [[-87.762602, 41.8026301], [-87.7625945, 41.8023823], [-87.7625896, 41.8022219]]}, "properties": {"class": "secondary"}}, {"type": "Feature", "geometry": {"type": "LineString", "coordinates": [[-87.7427603, 41.8076323], [-87.7429073, 41.8076303], [-87.742957, 41.8076297], [-87.7430895, 41.8076279]]}, "properties": {"class": "secondary"}}, {"type": "Feature", "geometry": {"type": "LineString", "coordinates": [[-87.7354138, 41.7930975], [-87.735314, 41.7930983], [-87.734301, 41.7931063], [-87.734199, 41.7931071], [-87.7340862, 41.793108], [-87.733528, 41.7931124], [-87.7333277, 41.793114]]}, "properties": {"class": "secondary"}}, {"type": "Feature", "geometry": {"type": "LineString", "coordinates": [[-87.7347581, 41.7712296], [-87.7347607, 41.7713199], [-87.7347847, 41.7721454], [-87.734809, 41.7729826], [-87.7348112, 41.7730574], [-87.7348136, 41.7731422], [-87.7348377, 41.7739691], [-87.7348401, 41.7740523], [-87.7348619, 41.7748031], [-87.7348638, 41.7748699], [-87.7348666, 41.7749645], [-87.7348716, 41.7751384], [-87.7348852, 41.7756077], [-87.7348881, 41.7757066], [-87.7348904, 41.7757862], [-87.7348929, 41.7758712], [-87.7349022, 41.7761924], [-87.7349147, 41.7766228], [-87.734917, 41.7766994], [-87.7349194, 41.7767833], [-87.7349453, 41.7776764], [-87.7349568, 41.7780697], [-87.7349607, 41.7782068], [-87.7349652, 41.7783604], [-87.7349676, 41.7784418], [-87.7349699, 41.7785218]]}, "properties": {"class": "residential"}}, {"type": "Feature", "geometry": {"type": "LineString", "coordinates": [[-87.7784546, 41.8024497], [-87.7784452, 41.8025436], [-87.7783754, 41.8026076], [-87.7782574, 41.8026635], [-87.7776486, 41.8028575], [-87.7775493, 41.8029455], [-87.7774903, 41.8030774], [-87.7773321, 41.8034353], [-87.7772811, 41.8036173], [-87.7772435, 41.8038572], [-87.7773079, 41.804393], [-87.7772978, 41.8045514], [-87.7772248, 41.804579], [-87.7767185, 41.8047309], [-87.7761796, 41.8048926], [-87.776069, 41.8049258], [-87.7755725, 41.8050748], [-87.774245, 41.8055029], [-87.7731224, 41.8058335]]}, "properties": {"class": "residential"}}, {"type": "Feature", "geometry": {"type": "LineString", "coordinates": [[-87.727879, 41.7867988], [-87.7277731, 41.7867998], [-87.7255386, 41.7868216], [-87.725439, 41.7868226], [-87.7253269, 41.7868237], [-87.7236033, 41.7868412]]}, "properties": {"class": "residential"}}, {"type": "Feature", "geometry": {"type": "LineString", "coordinates": [[-87.7518053, 41.8111661], [-87.7518035, 41.8110854], [-87.751767, 41.8094117], [-87.7517655, 41.8093427], [-87.7517626, 41.8092535], [-87.751721, 41.8079651], [-87.7517157, 41.8078014], [-87.7517087, 41.8075873], [-87.7517063, 41.8075133], [-87.7517041, 41.8074286], [-87.7516979, 41.8071923], [-87.7516944, 41.8070605], [-87.7516603, 41.8057606], [-87.7516582, 41.8056816], [-87.7516561, 41.8056018], [-87.7516222, 41.8043072], [-87.7516122, 41.8039362], [-87.75161, 41.8038512], [-87.7516087, 41.8037764], [-87.7515792, 41.8021116], [-87.7515779, 41.8020386]]}, "properties": {"class": "residential"}}, {"type": "Feature", "geometry": {"type": "LineString", "coordinates": [[-87.7524248, 41.8111582], [-87.7519249, 41.8111646], [-87.7518053, 41.8111661]]}, "properties": {"class": "residential"}}, {"type": "Feature", "geometry": {"type": "LineString", "coordinates": [[-87.7377276, 41.7857929], [-87.7377705, 41.7857922], [-87.7378192, 41.7857882], [-87.7378913, 41.7857797], [-87.7379473, 41.7857732], [-87.73801, 41.7857621], [-87.7381325, 41.7857323], [-87.7382625, 41.7857006]]}, "properties": {"class": "tertiary"}}, {"type": "Feature", "geometry": {"type": "LineString", "coordinates": [[-87.7404219, 41.7967044], [-87.7404197, 41.7966244], [-87.7404012, 41.7959403], [-87.7403949, 41.795706]]}, "properties": {"class": "residential"}}, {"type": "Feature", "geometry": {"type": "LineString", "coordinates": [[-87.7270626, 41.8011333], [-87.7270657, 41.8012378], [-87.727069, 41.801348], [-87.727075, 41.8015506], [-87.7270963, 41.8022634], [-87.7270987, 41.8023451], [-87.727101, 41.8024208], [-87.7271508, 41.8040929], [-87.7271531, 41.8041701], [-87.7271557, 41.8042527], [-87.7272054, 41.8059247], [-87.7272077, 41.8060018], [-87.7272101, 41.8060808], [-87.7272507, 41.8074438], [-87.7272599, 41.8077521], [-87.7272626, 41.8078413]]}, "properties": {"class": "residential"}}, {"type": "Feature", "geometry": {"type": "LineString", "coordinates": [[-87.7387972, 41.7839446], [-87.7388996, 41.7839433], [-87.7394073, 41.7839367]]}, "properties": {"class": "residential"}}, {"type": "Feature", "geometry": {"type": "LineString", "coordinates": [[-87.7714664, 41.8083175], [-87.7721666, 41.8080984], [-87.7765526, 41.8066909], [-87.7786677, 41.8060347]]}, "properties": {"class": "motorway"}}, {"type": "Feature", "geometry": {"type": "LineString", "coordinates": [[-87.7785369, 41.8057871], [-87.7764753, 41.8064478], [-87.772098, 41.8078233], [-87.7696378, 41.8086104]]}, "properties": {"class": "motorway"}}, {"type": "Feature", "geometry": {"type": "LineString", "coordinates": [[-87.7280111, 41.7913516], [-87.7280089, 41.7912754], [-87.7279849, 41.7904467], [-87.7279825, 41.7903648], [-87.7279608, 41.7896138], [-87.7279584, 41.7895325], [-87.7279562, 41.7894553], [-87.7279452, 41.7890792], [-87.727934, 41.788618], [-87.7279187, 41.7881653], [-87.7279078, 41.78779], [-87.7279055, 41.7877124], [-87.7279033, 41.787634], [-87.7278921, 41.7872513], [-87.727879, 41.7867988], [-87.727866, 41.7863495], [-87.7278549, 41.7859711], [-87.7278526, 41.7858923]]}, "properties": {"class": "residential"}}, {"type": "Feature", "geometry": {"type": "LineString", "coordinates": [[-87.7280638, 41.7931659], [-87.7280665, 41.7932605], [-87.7280769, 41.7936297], [-87.7281137, 41.7949292], [-87.7281159, 41.795006], [-87.7281181, 41.7950855], [-87.7281305, 41.795522], [-87.7281532, 41.7962838], [-87.7281654, 41.7967614], [-87.7281672, 41.796834], [-87.7281775, 41.7971863], [-87.7281818, 41.7973315], [-87.7282021, 41.7980392], [-87.7282092, 41.7983165], [-87.7282095, 41.7983427], [-87.7282191, 41.7986934], [-87.7282245, 41.7988611], [-87.7282291, 41.7990396], [-87.7282464, 41.7996143], [-87.7282506, 41.7997628], [-87.728255, 41.7999227], [-87.7282688, 41.8004152], [-87.7282714, 41.8004966]]}, "properties": {"class": "residential"}}, {"type": "Feature", "geometry": {"type": "LineString", "coordinates": [[-87.7276504, 41.7786025], [-87.7276482, 41.7785221], [-87.7276376, 41.778139], [-87.7276025, 41.7768657], [-87.7276003, 41.7767862], [-87.7275981, 41.7767078], [-87.7275522, 41.7750431], [-87.7275499, 41.7749624], [-87.7275478, 41.7748855], [-87.7275018, 41.7732202], [-87.7275003, 41.7731647], [-87.7274993, 41.773129], [-87.7274976, 41.7730657], [-87.7274518, 41.7714062], [-87.7274496, 41.7713278]]}, "properties": {"class": "residential"}}, {"type": "Feature", "geometry": {"type": "LineString", "coordinates": [[-87.7278526, 41.7858923], [-87.7278504, 41.785813], [-87.7278401, 41.7854396], [-87.7278045, 41.7841489], [-87.7278023, 41.7840708], [-87.7278, 41.783989], [-87.7277537, 41.7823285], [-87.7277514, 41.7822446], [-87.7277492, 41.7821666], [-87.727704, 41.7805318], [-87.7277032, 41.7805055], [-87.7277011, 41.7804281], [-87.7276989, 41.7803474], [-87.7276637, 41.7790833], [-87.7276582, 41.7788834], [-87.7276533, 41.7787055], [-87.7276504, 41.7786025]]}, "properties": {"class": "residential"}}, {"type": "Feature", "geometry": {"type": "LineString", "coordinates": [[-87.7529089, 41.8074973], [-87.752914, 41.8079493], [-87.7529548, 41.8093281], [-87.7530005, 41.8111508]]}, "properties": {"class": "residential"}}, {"type": "Feature", "geometry": {"type": "LineString", "coordinates": [[-87.7820381, 41.7996831], [-87.7818053, 41.7996854], [-87.7814307, 41.7996893], [-87.7808134, 41.7997024], [-87.7802111, 41.7997149], [-87.7795945, 41.7997284], [-87.7789815, 41.7997416], [-87.7784903, 41.7997521], [-87.7783891, 41.7997535], [-87.7782924, 41.7997557], [-87.7777759, 41.7997676], [-87.7776358, 41.7997704], [-87.7774475, 41.7997744], [-87.7774143, 41.7997748], [-87.7771526, 41.7997807], [-87.7765569, 41.7997937], [-87.775941, 41.7997987], [-87.7758372, 41.7998005], [-87.7755487, 41.7998055], [-87.7753341, 41.7998117], [-87.7748244, 41.7998213], [-87.7747128, 41.7998235], [-87.7746138, 41.7998262], [-87.7741068, 41.7998394], [-87.7736027, 41.7998567], [-87.7734977, 41.799859], [-87.7732173, 41.799866], [-87.7728881, 41.799874], [-87.7723803, 41.7998852], [-87.77228, 41.7998874]]}, "properties": {"class": "residential"}}, {"type": "Feature", "geometry": {"type": "LineString", "coordinates": [[-87.7428567, 41.7726017], [-87.7429079, 41.772599], [-87.7429812, 41.7725952]]}, "properties": {"class": "residential"}}, {"type": "Feature", "geometry": {"type": "LineString", "coordinates": [[-87.759196, 41.7753687], [-87.7590834, 41.7753709], [-87.7573784, 41.775404], [-87.7570307, 41.7754107], [-87.7568682, 41.7754139], [-87.7567666, 41.7754158]]}, "properties": {"class": "residential"}}, {"type": "Feature", "geometry": {"type": "LineString", "coordinates": [[-87.7616422, 41.7762497], [-87.7615368, 41.7762513], [-87.7610316, 41.7762599], [-87.7593337, 41.7762888], [-87.7592283, 41.7762906], [-87.7591213, 41.7762924], [-87.7574134, 41.7763214], [-87.756908, 41.77633], [-87.7567998, 41.7763318], [-87.7566939, 41.7763336], [-87.756198, 41.7763421], [-87.7556529, 41.7763514], [-87.755581, 41.7763526], [-87.7555208, 41.7763536], [-87.7549813, 41.7763627], [-87.7545468, 41.7763702], [-87.7544686, 41.7763715]]}, "properties": {"class": "residential"}}, {"type": "Feature", "geometry": {"type": "LineString", "coordinates": [[-87.7733921, 41.7962096], [-87.7733898, 41.7961352], [-87.7733401, 41.7945132], [-87.7733374, 41.7944251], [-87.7733282, 41.7941392], [-87.7733254, 41.794035]]}, "properties": {"class": "residential"}}, {"type": "Feature", "geometry": {"type": "LineString", "coordinates": [[-87.7647826, 41.7908511], [-87.7652848, 41.790842], [-87.7657938, 41.790832], [-87.7658964, 41.79083], [-87.7660043, 41.7908279], [-87.7665138, 41.790818], [-87.7670159, 41.7908082], [-87.7671137, 41.7908063], [-87.7672289, 41.7908041], [-87.7677393, 41.7907941], [-87.7682316, 41.7907845], [-87.7683347, 41.7907825], [-87.7684441, 41.7907803], [-87.7689538, 41.7907703], [-87.7694547, 41.7907606], [-87.7695545, 41.7907587], [-87.7696696, 41.7907564], [-87.7701712, 41.7907466], [-87.7706725, 41.7907368], [-87.7707857, 41.7907346], [-87.7708855, 41.7907326], [-87.7713895, 41.7907227], [-87.7718915, 41.790713], [-87.7719974, 41.790711]]}, "properties": {"class": "residential"}}, {"type": "Feature", "geometry": {"type": "LineString", "coordinates": [[-87.7434006, 41.7747055], [-87.7434032, 41.7747964], [-87.7434046, 41.7748453], [-87.7434507, 41.7765353], [-87.743452, 41.7765863], [-87.7434537, 41.776645], [-87.7434922, 41.777965]]}, "properties": {"class": "residential"}}, {"type": "Feature", "geometry": {"type": "LineString", "coordinates": [[-87.7522802, 41.7751537], [-87.7522171, 41.7751547], [-87.7489848, 41.775208], [-87.7489029, 41.7752094]]}, "properties": {"class": "residential"}}, {"type": "Feature", "geometry": {"type": "LineString", "coordinates": [[-87.748365, 41.7783135], [-87.7483625, 41.7782382], [-87.7483504, 41.7778708], [-87.7483399, 41.7775773], [-87.7483406, 41.7775364], [-87.748356, 41.7775], [-87.7484114, 41.777435]]}, "properties": {"class": "residential"}}, {"type": "Feature", "geometry": {"type": "LineString", "coordinates": [[-87.7480241, 41.7764937], [-87.748001, 41.7754429], [-87.7480008, 41.7753984], [-87.7480109, 41.7753593], [-87.7480313, 41.7753217], [-87.7480643, 41.7752878]]}, "properties": {"class": "residential"}}, {"type": "Feature", "geometry": {"type": "LineString", "coordinates": [[-87.7555269, 41.7745637], [-87.7555334, 41.7744665]]}, "properties": {"class": "residential"}}, {"type": "Feature", "geometry": {"type": "LineString", "coordinates": [[-87.7551798, 41.8001589], [-87.7551819, 41.8002331], [-87.7551927, 41.8006133], [-87.755229, 41.8019027], [-87.755231, 41.8019825], [-87.7552335, 41.8020627], [-87.7552804, 41.8037286], [-87.7552826, 41.8038058], [-87.755285, 41.8038897], [-87.7553318, 41.8055575], [-87.7553342, 41.8056428], [-87.7553362, 41.8057133], [-87.7553739, 41.8070105], [-87.7553856, 41.8074644]]}, "properties": {"class": "residential"}}, {"type": "Feature", "geometry": {"type": "LineString", "coordinates": [[-87.7590057, 41.806581], [-87.7589887, 41.8056073], [-87.7589874, 41.8055334]]}, "properties": {"class": "residential"}}, {"type": "Feature", "geometry": {"type": "LineString", "coordinates": [[-87.7602116, 41.8055194], [-87.7602139, 41.8055943], [-87.760244, 41.8065728]]}, "properties": {"class": "residential"}}, {"type": "Feature", "geometry": {"type": "LineString", "coordinates": [[-87.7550248, 41.7946545], [-87.7550225, 41.7945728], [-87.7549864, 41.7933081], [-87.7549763, 41.7929283], [-87.7549742, 41.7928543]]}, "properties": {"class": "residential"}}, {"type": "Feature", "geometry": {"type": "LineString", "coordinates": [[-87.7574219, 41.7928194], [-87.7574236, 41.7928904], [-87.7574314, 41.7931724], [-87.7574342, 41.7932754], [-87.757468, 41.7945364], [-87.7574702, 41.794618]]}, "properties": {"class": "residential"}}, {"type": "Feature", "geometry": {"type": "LineString", "coordinates": [[-87.7530005, 41.8111508], [-87.7529343, 41.8111517], [-87.7524248, 41.8111582]]}, "properties": {"class": "residential"}}, {"type": "Feature", "geometry": {"type": "LineString", "coordinates": [[-87.7335803, 41.7694305], [-87.7336072, 41.7694301], [-87.7341087, 41.7694222], [-87.734613, 41.7694142], [-87.7347227, 41.7694125], [-87.7348224, 41.7694109], [-87.7353229, 41.7694031], [-87.7358037, 41.7693955]]}, "properties": {"class": "residential"}}, {"type": "Feature", "geometry": {"type": "LineString", "coordinates": [[-87.7335772, 41.7694132], [-87.7335669, 41.7693975], [-87.7335506, 41.769385], [-87.7335299, 41.7693769], [-87.7335068, 41.7693741], [-87.7334836, 41.7693768], [-87.7334627, 41.7693847], [-87.7334462, 41.7693972], [-87.7334358, 41.7694129], [-87.7334325, 41.7694303], [-87.7334366, 41.7694472], [-87.7334474, 41.7694623], [-87.7334639, 41.7694743], [-87.7334845, 41.7694818], [-87.7335073, 41.7694843], [-87.7335296, 41.7694815], [-87.7335497, 41.7694739], [-87.7335658, 41.769462], [-87.7335763, 41.7694471], [-87.7335803, 41.7694305], [-87.7335772, 41.7694132]]}, "properties": {"class": "residential"}}, {"type": "Feature", "geometry": {"type": "LineString", "coordinates": [[-87.7224797, 41.7677512], [-87.7226589, 41.7677487], [-87.7230919, 41.7677426], [-87.7235964, 41.7677355], [-87.723705, 41.7677339], [-87.7238078, 41.7677325], [-87.7243133, 41.7677253], [-87.7248174, 41.7677182], [-87.724925, 41.7677167], [-87.7250345, 41.7677152], [-87.7255393, 41.767708], [-87.7261459, 41.7676995], [-87.7267488, 41.767691], [-87.7268309, 41.7676898], [-87.7273641, 41.7676823], [-87.7274265, 41.7676814], [-87.7274824, 41.7676806], [-87.7279746, 41.7676737], [-87.7284332, 41.7676672], [-87.7285809, 41.7676651], [-87.7291894, 41.7676566], [-87.7297983, 41.767648], [-87.7304017, 41.7676395], [-87.730721, 41.767635], [-87.7310165, 41.7676308], [-87.731622, 41.7676223], [-87.7321234, 41.7676152], [-87.7322302, 41.7676137]]}, "properties": {"class": "residential"}}, {"type": "Feature", "geometry": {"type": "LineString", "coordinates": [[-87.7300264, 41.8151244], [-87.7300238, 41.8150401], [-87.7299867, 41.8138488], [-87.7299559, 41.8128564], [-87.7299126, 41.8114628], [-87.7298813, 41.8104486], [-87.7298757, 41.8102787], [-87.7298734, 41.8102061], [-87.7298588, 41.8097364], [-87.7298405, 41.8091495], [-87.7298015, 41.8078974]]}, "properties": {"class": "residential"}}, {"type": "Feature", "geometry": {"type": "LineString", "coordinates": [[-87.7229083, 41.7841251], [-87.7230937, 41.7841231], [-87.7235315, 41.7841182], [-87.7240307, 41.7841127], [-87.7241386, 41.7841115], [-87.7242424, 41.7841103], [-87.7247458, 41.7841047], [-87.7252484, 41.7840992], [-87.7253659, 41.7840979], [-87.725461, 41.7840968], [-87.7259685, 41.7840912], [-87.7264737, 41.7840856], [-87.7265804, 41.7840844], [-87.7266857, 41.7840832], [-87.7271922, 41.7840776], [-87.7273367, 41.7840767], [-87.7276982, 41.7840721], [-87.7278023, 41.7840708], [-87.7279118, 41.7840696], [-87.7284191, 41.784064], [-87.7289219, 41.7840584], [-87.7290257, 41.7840573], [-87.7291318, 41.7840561], [-87.7296326, 41.7840506], [-87.7301437, 41.7840451], [-87.7302452, 41.7840438], [-87.7303547, 41.7840426], [-87.7308596, 41.784037], [-87.7313342, 41.7840317], [-87.7313686, 41.7840313], [-87.7314738, 41.7840301], [-87.7315804, 41.7840289], [-87.7316085, 41.7840286], [-87.7320768, 41.7840233], [-87.732588, 41.7840177], [-87.7326996, 41.7840165], [-87.7328021, 41.7840154], [-87.7333063, 41.7840098], [-87.7338023, 41.7840043], [-87.7339106, 41.7840031], [-87.7340198, 41.7840019], [-87.7345106, 41.7839965], [-87.7349963, 41.7839895], [-87.7350284, 41.783989], [-87.7351433, 41.7839873], [-87.7352449, 41.7839858], [-87.7352757, 41.7839854], [-87.7357428, 41.7839786], [-87.7362193, 41.7839716], [-87.7362525, 41.7839711], [-87.7363675, 41.7839694], [-87.7364639, 41.783968], [-87.7364944, 41.7839676], [-87.7372477, 41.7839567], [-87.737452, 41.7839551]]}, "properties": {"class": "residential"}}, {"type": "Feature", "geometry": {"type": "LineString", "coordinates": [[-87.7744895, 41.7924944], [-87.7746049, 41.792492], [-87.7756157, 41.7924716], [-87.7757171, 41.7924696], [-87.7758295, 41.7924673], [-87.7763031, 41.7924575], [-87.7768326, 41.792447], [-87.7769333, 41.7924447], [-87.7770387, 41.7924428], [-87.7780482, 41.7924224], [-87.7781436, 41.7924204]]}, "properties": {"class": "secondary"}}, {"type": "Feature", "geometry": {"type": "LineString", "coordinates": [[-87.7744895, 41.7924944], [-87.7744922, 41.7925777], [-87.7745039, 41.7929365], [-87.7745044, 41.7929533], [-87.7745174, 41.7933685], [-87.7745203, 41.7934423], [-87.7745214, 41.7934743], [-87.774531, 41.7937432], [-87.7745346, 41.793845]]}, "properties": {"class": "residential"}}, {"type": "Feature", "geometry": {"type": "LineString", "coordinates": [[-87.7745549, 41.7943806], [-87.7745571, 41.7944586], [-87.7746044, 41.7961112], [-87.7746067, 41.7961916], [-87.7746092, 41.7962687], [-87.774662, 41.7979208], [-87.7746647, 41.7980041], [-87.7746668, 41.7980828], [-87.7747107, 41.7997372], [-87.7747128, 41.7998235]]}, "properties": {"class": "residential"}}, {"type": "Feature", "geometry": {"type": "LineString", "coordinates": [[-87.7412234, 41.7847479], [-87.7412227, 41.7851407], [-87.7412863, 41.7869373], [-87.7413377, 41.7878826]]}, "properties": {"class": "primary"}}, {"type": "Feature", "geometry": {"type": "LineString", "coordinates": [[-87.7738012, 41.7742142], [-87.7737978, 41.7741186]]}, "properties": {"class": "residential"}}, {"type": "Feature", "geometry": {"type": "LineString", "coordinates": [[-87.7620804, 41.7872598], [-87.762071, 41.7870221]]}, "properties": {"class": "secondary"}}, {"type": "Feature", "geometry": {"type": "LineString", "coordinates": [[-87.762071, 41.7870221], [-87.7620635, 41.7868376], [-87.7620438, 41.7863509], [-87.7620341, 41.7861401], [-87.7620289, 41.785985], [-87.7620232, 41.7858437], [-87.7620054, 41.785406], [-87.7620006, 41.7852861], [-87.7619952, 41.7851541], [-87.76199, 41.7850257], [-87.7619855, 41.7849148], [-87.7619663, 41.7844432], [-87.7619577, 41.7841486], [-87.7619345, 41.7836465], [-87.7619304, 41.783559]]}, "properties": {"class": "secondary"}}, {"type": "Feature", "geometry": {"type": "LineString", "coordinates": [[-87.7205647, 41.7877993], [-87.7206649, 41.7877978], [-87.7228347, 41.7877632], [-87.7230015, 41.7877605], [-87.7231898, 41.7877585], [-87.7233362, 41.787757], [-87.7235456, 41.7877548], [-87.7236232, 41.787754], [-87.7253517, 41.7877392], [-87.7254637, 41.7877382], [-87.7255648, 41.7877371], [-87.7277996, 41.7877135], [-87.7279055, 41.7877124], [-87.7280128, 41.7877109], [-87.7285222, 41.787704], [-87.7290264, 41.7876972], [-87.7291335, 41.7876958], [-87.7292378, 41.7876947], [-87.7297455, 41.7876892], [-87.7302485, 41.787684], [-87.7303601, 41.7876828]]}, "properties": {"class": "residential"}}, {"type": "Feature", "geometry": {"type": "LineString", "coordinates": [[-87.7624625, 41.7982413], [-87.7624606, 41.7981693], [-87.7624221, 41.7967239]]}, "properties": {"class": "secondary"}}, {"type": "Feature", "geometry": {"type": "LineString", "coordinates": [[-87.7624625, 41.7982413], [-87.7625776, 41.7982396], [-87.7630797, 41.7982324], [-87.7635797, 41.7982186], [-87.7636745, 41.798216]]}, "properties": {"class": "residential"}}, {"type": "Feature", "geometry": {"type": "LineString", "coordinates": [[-87.7477957, 41.7979603], [-87.7477977, 41.7980612], [-87.7478052, 41.7984423]]}, "properties": {"class": "residential"}}, {"type": "Feature", "geometry": {"type": "LineString", "coordinates": [[-87.7274496, 41.7713278], [-87.7275618, 41.7713263], [-87.7286598, 41.7713111], [-87.7297891, 41.7712957], [-87.7298947, 41.7712942], [-87.7300018, 41.7712927], [-87.7301158, 41.7712912], [-87.7302924, 41.7712888], [-87.7305494, 41.7712853], [-87.7310075, 41.771279], [-87.7311099, 41.7712776], [-87.7312158, 41.7712761], [-87.7322243, 41.7712623], [-87.7323305, 41.7712609]]}, "properties": {"class": "tertiary"}}, {"type": "Feature", "geometry": {"type": "LineString", "coordinates": [[-87.7356698, 41.802238], [-87.7356188, 41.8004927], [-87.7356162, 41.800409]]}, "properties": {"class": "residential"}}, {"type": "Feature", "geometry": {"type": "LineString", "coordinates": [[-87.7492211, 41.8057195], [-87.7492224, 41.8057966], [-87.7492438, 41.8070937], [-87.7492606, 41.8074629], [-87.7492622, 41.8075459]]}, "properties": {"class": "residential"}}, {"type": "Feature", "geometry": {"type": "LineString", "coordinates": [[-87.7492622, 41.8075459], [-87.7491658, 41.807547], [-87.7490214, 41.807549], [-87.7481579, 41.8075604], [-87.7480439, 41.807562], [-87.7479448, 41.8075633], [-87.7469368, 41.8075767], [-87.7468177, 41.8075777], [-87.7467195, 41.8075795], [-87.7462286, 41.8075861], [-87.745714, 41.807593], [-87.7456013, 41.8075945], [-87.7454965, 41.8075959], [-87.7446369, 41.8076073], [-87.7444895, 41.8076093], [-87.7443733, 41.8076108], [-87.7442725, 41.8076121], [-87.744147, 41.8076138], [-87.7438003, 41.8076185]]}, "properties": {"class": "secondary"}}, {"type": "Feature", "geometry": {"type": "LineString", "coordinates": [[-87.7492211, 41.8057195], [-87.7493307, 41.8057178], [-87.7498319, 41.8057101], [-87.7503371, 41.8057022], [-87.750436, 41.8057006], [-87.7505505, 41.8056988], [-87.7510523, 41.805691], [-87.7515621, 41.8056831], [-87.7516582, 41.8056816], [-87.751773, 41.8056798], [-87.7522755, 41.805672], [-87.7527857, 41.8056641], [-87.7528808, 41.8056626]]}, "properties": {"class": "residential"}}, {"type": "Feature", "geometry": {"type": "LineString", "coordinates": [[-87.7492211, 41.8057195], [-87.7492191, 41.8056347], [-87.7491793, 41.803971], [-87.7491772, 41.8038816]]}, "properties": {"class": "residential"}}, {"type": "Feature", "geometry": {"type": "LineString", "coordinates": [[-87.7818648, 41.7942368], [-87.7817665, 41.7942389], [-87.7812578, 41.7942496], [-87.7807598, 41.7942587], [-87.7806438, 41.7942608], [-87.7805473, 41.7942628], [-87.7800484, 41.7942735], [-87.7795423, 41.7942829], [-87.7794259, 41.794285], [-87.7793303, 41.7942871], [-87.7788292, 41.7942975], [-87.7783269, 41.7943068], [-87.7782071, 41.794309], [-87.7781102, 41.7943109], [-87.77761, 41.7943207], [-87.7771071, 41.7943299], [-87.7769953, 41.794332], [-87.7768947, 41.7943341], [-87.7763896, 41.7943446], [-87.7758883, 41.7943544], [-87.7757765, 41.7943566], [-87.7756764, 41.7943586], [-87.7751705, 41.7943686], [-87.774667, 41.7943784], [-87.7745549, 41.7943806]]}, "properties": {"class": "residential"}}, {"type": "Feature", "geometry": {"type": "LineString", "coordinates": [[-87.7576764, 41.8056239], [-87.7571666, 41.805628], [-87.7566658, 41.8056319], [-87.7565513, 41.8056328], [-87.7564475, 41.8056337], [-87.7559444, 41.8056378], [-87.7554428, 41.8056419], [-87.7553342, 41.8056428], [-87.7552322, 41.8056436], [-87.7547246, 41.8056478], [-87.7542206, 41.8056519], [-87.7540974, 41.8056529], [-87.7540035, 41.8056536], [-87.7534992, 41.8056576], [-87.752998, 41.8056617], [-87.7528808, 41.8056626]]}, "properties": {"class": "residential"}}, {"type": "Feature", "geometry": {"type": "LineString", "coordinates": [[-87.7578339, 41.8055495], [-87.7577718, 41.8055794], [-87.7576764, 41.8056239]]}, "properties": {"class": "residential"}}, {"type": "Feature", "geometry": {"type": "LineString", "coordinates": [[-87.742068, 41.7930848], [-87.7419817, 41.7928765], [-87.7419421, 41.7927809]]}, "properties": {"class": "primary"}}, {"type": "Feature", "geometry": {"type": "LineString", "coordinates": [[-87.7413259, 41.7843121], [-87.74126, 41.7845734]]}, "properties": {"class": "primary"}}, {"type": "Feature", "geometry": {"type": "LineString", "coordinates": [[-87.7424856, 41.7820823], [-87.7424835, 41.7820058], [-87.7424396, 41.7803777], [-87.7424086, 41.7792294]]}, "properties": {"class": "primary"}}, {"type": "Feature", "geometry": {"type": "LineString", "coordinates": [[-87.7421929, 41.7784424], [-87.7421971, 41.7785631], [-87.742202, 41.7787494], [-87.7422035, 41.7788061], [-87.7422068, 41.7789159], [-87.7422437, 41.7801786], [-87.7422453, 41.7802339], [-87.7422471, 41.7802932], [-87.7422744, 41.7812259], [-87.7422882, 41.7816986]]}, "properties": {"class": "primary"}}, {"type": "Feature", "geometry": {"type": "LineString", "coordinates": [[-87.7423873, 41.7784387], [-87.7423837, 41.7783148], [-87.7423743, 41.7780301], [-87.7423593, 41.7775775], [-87.7423516, 41.7773487], [-87.7423457, 41.7771761], [-87.7423411, 41.7770185], [-87.7423408, 41.777007]]}, "properties": {"class": "primary"}}, {"type": "Feature", "geometry": {"type": "LineString", "coordinates": [[-87.7422648, 41.7747152], [-87.7422617, 41.7746364], [-87.7422499, 41.7742435], [-87.7422471, 41.77412], [-87.7422235, 41.7733911]]}, "properties": {"class": "primary"}}, {"type": "Feature", "geometry": {"type": "LineString", "coordinates": [[-87.7420683, 41.7747844], [-87.742071, 41.7748789], [-87.742075, 41.7749806], [-87.7420849, 41.7752808], [-87.7420953, 41.7755767], [-87.742104, 41.7758317], [-87.7421164, 41.7761942]]}, "properties": {"class": "primary"}}, {"type": "Feature", "geometry": {"type": "LineString", "coordinates": [[-87.7419442, 41.7711373], [-87.7419476, 41.7712467], [-87.7419533, 41.7714075], [-87.7419586, 41.7715626], [-87.7419634, 41.7717044], [-87.7419672, 41.7718154], [-87.741971, 41.7719431], [-87.7419758, 41.7721042]]}, "properties": {"class": "primary"}}, {"type": "Feature", "geometry": {"type": "LineString", "coordinates": [[-87.7286002, 41.8114807], [-87.7285973, 41.811398], [-87.7285378, 41.8097252], [-87.7285349, 41.809643], [-87.7285322, 41.8095681], [-87.728486, 41.8082654], [-87.7284821, 41.8078983], [-87.7284813, 41.8078249]]}, "properties": {"class": "residential"}}, {"type": "Feature", "geometry": {"type": "LineString", "coordinates": [[-87.7709177, 41.7948953], [-87.7708895, 41.794773], [-87.7708188, 41.7945279], [-87.7707874, 41.7944198]]}, "properties": {"class": "residential"}}, {"type": "Feature", "geometry": {"type": "LineString", "coordinates": [[-87.7526767, 41.7983643], [-87.7526733, 41.7982826], [-87.7526492, 41.7976965], [-87.7526469, 41.7976194], [-87.7526411, 41.7974301], [-87.7526377, 41.7973188], [-87.7526348, 41.7972211]]}, "properties": {"class": "residential"}}, {"type": "Feature", "geometry": {"type": "LineString", "coordinates": [[-87.7660516, 41.7956305], [-87.7659939, 41.795406], [-87.7659562, 41.795267], [-87.7659302, 41.7951677]]}, "properties": {"class": "residential"}}, {"type": "Feature", "geometry": {"type": "LineString", "coordinates": [[-87.7690551, 41.7779135], [-87.7690584, 41.7779976], [-87.7690725, 41.7783643], [-87.7691238, 41.7796658], [-87.7691272, 41.779751], [-87.7691301, 41.779825], [-87.7691962, 41.7815002], [-87.7691993, 41.7815793], [-87.7692024, 41.7816587], [-87.7692686, 41.7833351], [-87.7692718, 41.7834163]]}, "properties": {"class": "residential"}}, {"type": "Feature", "geometry": {"type": "LineString", "coordinates": [[-87.7671857, 41.7926406], [-87.767189, 41.7927261], [-87.7672225, 41.7935934], [-87.7672375, 41.7939823], [-87.7672566, 41.7944856], [-87.7672716, 41.794863]]}, "properties": {"class": "residential"}}, {"type": "Feature", "geometry": {"type": "LineString", "coordinates": [[-87.7666716, 41.7797989], [-87.7666753, 41.7798728], [-87.7667585, 41.7815487], [-87.7667624, 41.7816268], [-87.7667649, 41.7817066], [-87.7668174, 41.7833826], [-87.7668199, 41.783461]]}, "properties": {"class": "residential"}}, {"type": "Feature", "geometry": {"type": "LineString", "coordinates": [[-87.7770948, 41.7979525], [-87.7770971, 41.7980299], [-87.7771494, 41.7996802], [-87.7771526, 41.7997807]]}, "properties": {"class": "residential"}}, {"type": "Feature", "geometry": {"type": "LineString", "coordinates": [[-87.7724404, 41.8045997], [-87.7724667, 41.8047023], [-87.7725098, 41.804804], [-87.7725213, 41.8048326], [-87.7725662, 41.8049018], [-87.7726477, 41.8050391], [-87.7727361, 41.8051907], [-87.7727993, 41.805296], [-87.7728987, 41.8054618], [-87.7729615, 41.8055663], [-87.7730404, 41.8056979], [-87.7731224, 41.8058335]]}, "properties": {"class": "residential"}}, {"type": "Feature", "geometry": {"type": "LineString", "coordinates": [[-87.7627021, 41.8066473], [-87.7626919, 41.8062056], [-87.7626897, 41.8060322]]}, "properties": {"class": "secondary"}}, {"type": "Feature", "geometry": {"type": "LineString", "coordinates": [[-87.7627097, 41.8070153], [-87.7627077, 41.8069035], [-87.7627068, 41.8068523]]}, "properties": {"class": "secondary"}}, {"type": "Feature", "geometry": {"type": "LineString", "coordinates": [[-87.7615256, 41.8073828], [-87.7612263, 41.8073868], [-87.7609247, 41.8073908], [-87.7602177, 41.8074014], [-87.7601334, 41.8074013], [-87.7599653, 41.8074035], [-87.7598801, 41.8074047], [-87.759756, 41.8074063], [-87.75952, 41.8074095], [-87.7590556, 41.8074153], [-87.7586897, 41.8074205], [-87.7578212, 41.807432], [-87.7569643, 41.8074434], [-87.7565958, 41.8074483], [-87.7557381, 41.8074597], [-87.7553856, 41.8074644], [-87.7544528, 41.8074768], [-87.7542894, 41.807479], [-87.7541375, 41.807481], [-87.7532907, 41.8074922], [-87.7529339, 41.807497], [-87.7529089, 41.8074973], [-87.7528364, 41.8074983], [-87.7518279, 41.8075117], [-87.7517063, 41.8075133], [-87.7516135, 41.8075145], [-87.7514461, 41.8075167], [-87.7506037, 41.8075279], [-87.750492, 41.8075294], [-87.7503914, 41.8075308], [-87.750219, 41.807533], [-87.7493829, 41.8075442], [-87.7492622, 41.8075459]]}, "properties": {"class": "secondary"}}, {"type": "Feature", "geometry": {"type": "LineString", "coordinates": [[-87.7617472, 41.8073797], [-87.7615256, 41.8073828]]}, "properties": {"class": "secondary"}}, {"type": "Feature", "geometry": {"type": "LineString", "coordinates": [[-87.7253165, 41.7822706], [-87.7254154, 41.7822695], [-87.7259279, 41.7822641], [-87.7264401, 41.7822586], [-87.7265326, 41.7822576], [-87.7266369, 41.7822565], [-87.727147, 41.7822511], [-87.727643, 41.7822458], [-87.7277514, 41.7822446], [-87.7278571, 41.7822435], [-87.7283662, 41.7822381], [-87.7288684, 41.7822328], [-87.7289739, 41.7822316], [-87.7290799, 41.7822305], [-87.7295766, 41.7822252], [-87.7300916, 41.7822197], [-87.7301908, 41.7822186], [-87.7303031, 41.7822174], [-87.7308038, 41.7822121], [-87.7313101, 41.7822067], [-87.7314177, 41.7822055], [-87.7315242, 41.7822044], [-87.7320202, 41.7821992], [-87.7325332, 41.7821937], [-87.7326467, 41.7821924], [-87.7327463, 41.7821913], [-87.7332484, 41.782186], [-87.7337525, 41.7821806], [-87.7338681, 41.7821794], [-87.7339606, 41.7821784], [-87.7344587, 41.7821731], [-87.7349738, 41.7821676], [-87.7350854, 41.7821664], [-87.7351865, 41.7821653], [-87.7356881, 41.78216], [-87.7361936, 41.7821546], [-87.7363053, 41.7821534], [-87.7364051, 41.7821523], [-87.7371883, 41.782144], [-87.7373996, 41.7821417]]}, "properties": {"class": "residential"}}, {"type": "Feature", "geometry": {"type": "LineString", "coordinates": [[-87.7252677, 41.780456], [-87.7253604, 41.7804549], [-87.7258654, 41.7804491], [-87.7263729, 41.7804433], [-87.7264844, 41.780442], [-87.726584, 41.7804409], [-87.7266164, 41.7804405], [-87.7270913, 41.780435], [-87.7275936, 41.7804293], [-87.7277011, 41.7804281], [-87.7278046, 41.7804269], [-87.7278314, 41.7804266], [-87.7283154, 41.7804211], [-87.7288157, 41.7804154], [-87.7289174, 41.7804142], [-87.7290234, 41.780413], [-87.7295211, 41.7804073], [-87.7300337, 41.7804016], [-87.7301366, 41.7804004], [-87.7302491, 41.7803991], [-87.7307482, 41.7803934], [-87.7312588, 41.7803875], [-87.7313578, 41.7803863]]}, "properties": {"class": "residential"}}, {"type": "Feature", "geometry": {"type": "LineString", "coordinates": [[-87.742068, 41.7930848], [-87.7422805, 41.7931415], [-87.7426019, 41.7931395], [-87.7447571, 41.7930465], [-87.7454209, 41.7930325], [-87.7458593, 41.7930289]]}, "properties": {"class": "secondary"}}, {"type": "Feature", "geometry": {"type": "LineString", "coordinates": [[-87.7524924, 41.7928901], [-87.7523578, 41.7928736], [-87.7522901, 41.7928656], [-87.7514433, 41.7928817], [-87.751015, 41.792889], [-87.7501489, 41.7929029]]}, "properties": {"class": "secondary"}}, {"type": "Feature", "geometry": {"type": "LineString", "coordinates": [[-87.7399734, 41.7842858], [-87.7401412, 41.7843322], [-87.740632, 41.784326]]}, "properties": {"class": "tertiary"}}, {"type": "Feature", "geometry": {"type": "LineString", "coordinates": [[-87.7415323, 41.7843506], [-87.7413259, 41.7843121]]}, "properties": {"class": "tertiary"}}, {"type": "Feature", "geometry": {"type": "LineString", "coordinates": [[-87.7276504, 41.7786025], [-87.7277517, 41.7786014], [-87.7278748, 41.7786001], [-87.727908, 41.7785997], [-87.7280288, 41.7785983], [-87.7286103, 41.778592], [-87.7287616, 41.7785903], [-87.7288649, 41.7785892], [-87.7289736, 41.778588], [-87.7291012, 41.7785865], [-87.7293244, 41.7785842], [-87.7294784, 41.7785825], [-87.729979, 41.7785769], [-87.7300822, 41.7785758], [-87.7301932, 41.7785745], [-87.7312037, 41.7785635], [-87.7313128, 41.7785623]]}, "properties": {"class": "secondary"}}, {"type": "Feature", "geometry": {"type": "LineString", "coordinates": [[-87.7250714, 41.7731638], [-87.7251687, 41.7731624], [-87.7256745, 41.7731551], [-87.7261736, 41.7731479], [-87.7262835, 41.7731463], [-87.7263888, 41.7731448], [-87.7268926, 41.7731376], [-87.7273943, 41.7731305], [-87.7274993, 41.773129]]}, "properties": {"class": "residential"}}, {"type": "Feature", "geometry": {"type": "LineString", "coordinates": [[-87.7249718, 41.7695276], [-87.7250762, 41.769526], [-87.7255817, 41.7695183], [-87.7260808, 41.7695127], [-87.7261917, 41.7695114], [-87.7262951, 41.7695102], [-87.7267996, 41.7695046], [-87.7272991, 41.7694991], [-87.7274067, 41.7694979], [-87.7275136, 41.7694967], [-87.7280173, 41.769491], [-87.7285196, 41.7694853], [-87.7286202, 41.7694842], [-87.7287314, 41.769483], [-87.7292319, 41.7694774], [-87.7297436, 41.7694717], [-87.7298463, 41.7694705], [-87.7299537, 41.7694693], [-87.7304599, 41.7694636], [-87.7309569, 41.769458], [-87.7310583, 41.7694569], [-87.7311677, 41.7694557], [-87.7316788, 41.76945], [-87.7321755, 41.7694444], [-87.7322806, 41.7694432], [-87.7323862, 41.769442], [-87.7328964, 41.7694363], [-87.7333947, 41.7694307], [-87.7334325, 41.7694303]]}, "properties": {"class": "residential"}}, {"type": "Feature", "geometry": {"type": "LineString", "coordinates": [[-87.7251207, 41.7749915], [-87.725217, 41.7749904], [-87.7257203, 41.7749843], [-87.7262259, 41.7749783], [-87.7263297, 41.774977], [-87.7264328, 41.7749758], [-87.7269409, 41.7749697], [-87.7274442, 41.7749637], [-87.7275499, 41.7749624], [-87.7276562, 41.7749612], [-87.7281613, 41.7749552], [-87.7283836, 41.7749525], [-87.7285892, 41.7749499]]}, "properties": {"class": "residential"}}, {"type": "Feature", "geometry": {"type": "LineString", "coordinates": [[-87.7300354, 41.7767571], [-87.7301449, 41.7767558], [-87.7306477, 41.77675], [-87.7311533, 41.776744], [-87.7312592, 41.7767428], [-87.7313663, 41.776742], [-87.7318681, 41.776738], [-87.7323754, 41.7767339], [-87.7324888, 41.776733], [-87.7325824, 41.7767317], [-87.7330938, 41.7767246], [-87.7335911, 41.7767177], [-87.7337021, 41.7767162], [-87.7338074, 41.7767147], [-87.7343088, 41.7767078], [-87.7345638, 41.7767043], [-87.7348132, 41.7767008], [-87.734917, 41.7766994], [-87.735025, 41.7766987], [-87.7371589, 41.7766864]]}, "properties": {"class": "residential"}}, {"type": "Feature", "geometry": {"type": "LineString", "coordinates": [[-87.7254146, 41.7859168], [-87.7255129, 41.7859156], [-87.7266357, 41.7859024], [-87.7277485, 41.7858932], [-87.7278526, 41.7858923], [-87.7279597, 41.7858912], [-87.7284631, 41.7858861], [-87.7285291, 41.7858854], [-87.728972, 41.785881], [-87.7290746, 41.78588], [-87.7291855, 41.7858789], [-87.7296908, 41.7858738], [-87.730197, 41.7858687], [-87.7302996, 41.7858676], [-87.7304082, 41.7858664], [-87.7314215, 41.7858555], [-87.7315142, 41.7858545], [-87.731517, 41.7858545], [-87.7316327, 41.7858534], [-87.7326425, 41.785844], [-87.7327522, 41.785843]]}, "properties": {"class": "tertiary"}}, {"type": "Feature", "geometry": {"type": "LineString", "coordinates": [[-87.7731229, 41.7741295], [-87.7721012, 41.774146]]}, "properties": {"class": "tertiary"}}, {"type": "Feature", "geometry": {"type": "LineString", "coordinates": [[-87.7731268, 41.7742257], [-87.773179, 41.7742248]]}, "properties": {"class": "tertiary"}}, {"type": "Feature", "geometry": {"type": "LineString", "coordinates": [[-87.773179, 41.7742248], [-87.773568, 41.7742182], [-87.7736897, 41.7742161], [-87.7738012, 41.7742142]]}, "properties": {"class": "tertiary"}}, {"type": "Feature", "geometry": {"type": "LineString", "coordinates": [[-87.767227, 41.7949665], [-87.767319, 41.7949522], [-87.767741, 41.7948865], [-87.7681191, 41.7948276], [-87.768368, 41.7947889], [-87.7684071, 41.7947828], [-87.7686079, 41.7947515], [-87.7687218, 41.7947338], [-87.7690318, 41.7946855], [-87.7691219, 41.7946715]]}, "properties": {"class": "secondary"}}, {"type": "Feature", "geometry": {"type": "LineString", "coordinates": [[-87.7280111, 41.7913516], [-87.728119, 41.7913504], [-87.7286402, 41.7913453], [-87.7291302, 41.7913407], [-87.7292415, 41.7913397], [-87.7293449, 41.7913387], [-87.7298554, 41.7913338], [-87.7303559, 41.791329], [-87.7304631, 41.791328], [-87.730571, 41.7913267], [-87.7310804, 41.791322], [-87.7315805, 41.7913172], [-87.731674, 41.7913164], [-87.7317941, 41.7913153], [-87.7323018, 41.7913103], [-87.7328059, 41.7913055], [-87.7329104, 41.7913045], [-87.7330168, 41.7913035], [-87.7335225, 41.7912986], [-87.7340292, 41.7912937], [-87.7341376, 41.7912927], [-87.7342423, 41.7912917], [-87.7347556, 41.7912866], [-87.7352539, 41.791282], [-87.7353608, 41.791281], [-87.7354699, 41.7912799], [-87.7359686, 41.7912751], [-87.7364782, 41.7912702], [-87.7365936, 41.7912691], [-87.7366906, 41.7912682], [-87.7372127, 41.7912633], [-87.7376479, 41.7912637]]}, "properties": {"class": "residential"}}, {"type": "Feature", "geometry": {"type": "LineString", "coordinates": [[-87.7770499, 41.7961395], [-87.7770472, 41.7960607], [-87.7769976, 41.7944074], [-87.7769953, 41.794332], [-87.7769928, 41.7942485], [-87.7769836, 41.7939459], [-87.7769697, 41.7935733], [-87.7769659, 41.7934693]]}, "properties": {"class": "residential"}}, {"type": "Feature", "geometry": {"type": "LineString", "coordinates": [[-87.7666293, 41.7784128], [-87.766669, 41.779713], [-87.7666716, 41.7797989]]}, "properties": {"class": "residential"}}, {"type": "Feature", "geometry": {"type": "LineString", "coordinates": [[-87.74439, 41.7984613], [-87.7453615, 41.7983191], [-87.7465713, 41.798142], [-87.7473518, 41.7980278]]}, "properties": {"class": "secondary"}}, {"type": "Feature", "geometry": {"type": "LineString", "coordinates": [[-87.7441324, 41.7984991], [-87.7442496, 41.7984819]]}, "properties": {"class": "secondary"}}, {"type": "Feature", "geometry": {"type": "LineString", "coordinates": [[-87.7754219, 41.7937051], [-87.7757563, 41.7936545]]}, "properties": {"class": "secondary"}}, {"type": "Feature", "geometry": {"type": "LineString", "coordinates": [[-87.740632, 41.784326], [-87.7411548, 41.7843192], [-87.7413259, 41.7843121]]}, "properties": {"class": "tertiary"}}, {"type": "Feature", "geometry": {"type": "LineString", "coordinates": [[-87.7404857, 41.7990682], [-87.7409423, 41.7989911]]}, "properties": {"class": "secondary"}}, {"type": "Feature", "geometry": {"type": "LineString", "coordinates": [[-87.7409423, 41.7989911], [-87.7413905, 41.7989154], [-87.7414498, 41.7989054]]}, "properties": {"class": "secondary"}}, {"type": "Feature", "geometry": {"type": "LineString", "coordinates": [[-87.7404914, 41.7992785], [-87.7404991, 41.7995665], [-87.740516, 41.8002802], [-87.7405178, 41.8003571], [-87.74052, 41.8004406], [-87.7405292, 41.8007933], [-87.7405638, 41.8020995], [-87.7405661, 41.8021851]]}, "properties": {"class": "residential"}}, {"type": "Feature", "geometry": {"type": "LineString", "coordinates": [[-87.7628705, 41.8106788], [-87.7628697, 41.8102667]]}, "properties": {"class": "secondary"}}, {"type": "Feature", "geometry": {"type": "LineString", "coordinates": [[-87.7418978, 41.7698979], [-87.7419162, 41.7700247], [-87.7419373, 41.7702012]]}, "properties": {"class": "primary"}}, {"type": "Feature", "geometry": {"type": "LineString", "coordinates": [[-87.7417837, 41.7613328], [-87.741801, 41.7619213]]}, "properties": {"class": "primary"}}, {"type": "Feature", "geometry": {"type": "LineString", "coordinates": [[-87.7405393, 41.7842458], [-87.7404545, 41.7842466], [-87.7401369, 41.7842513], [-87.7399734, 41.7842858]]}, "properties": {"class": "tertiary"}}, {"type": "Feature", "geometry": {"type": "LineString", "coordinates": [[-87.7429787, 41.8039734], [-87.7431635, 41.8039719]]}, "properties": {"class": "residential"}}, {"type": "Feature", "geometry": {"type": "LineString", "coordinates": [[-87.7433378, 41.8039687], [-87.7434574, 41.8039665], [-87.743695, 41.803962], [-87.7441777, 41.8039545], [-87.7442762, 41.803953], [-87.7443903, 41.8039521], [-87.7448924, 41.8039481], [-87.7454001, 41.8039441], [-87.7455071, 41.8039433], [-87.7456133, 41.8039415], [-87.7461176, 41.8039328], [-87.7466224, 41.8039239], [-87.7467223, 41.8039222], [-87.7468357, 41.8039199], [-87.7473341, 41.8039097], [-87.7478429, 41.8038994], [-87.7479467, 41.8038973], [-87.7480559, 41.8038959], [-87.7485605, 41.8038894], [-87.7491772, 41.8038816], [-87.7497813, 41.8038741], [-87.7502891, 41.8038677], [-87.7503861, 41.8038665], [-87.7504997, 41.8038651], [-87.7509973, 41.8038589], [-87.7515103, 41.8038525], [-87.75161, 41.8038512], [-87.7517223, 41.8038498], [-87.7522239, 41.8038435], [-87.75273, 41.8038371], [-87.7528279, 41.8038359]]}, "properties": {"class": "residential"}}, {"type": "Feature", "geometry": {"type": "LineString", "coordinates": [[-87.7431635, 41.8039719], [-87.7432324, 41.8039706], [-87.7433378, 41.8039687]]}, "properties": {"class": "residential"}}, {"type": "Feature", "geometry": {"type": "LineString", "coordinates": [[-87.7561761, 41.81314], [-87.762545, 41.8111245], [-87.7714664, 41.8083175]]}, "properties": {"class": "motorway"}}, {"type": "Feature", "geometry": {"type": "LineString", "coordinates": [[-87.738805, 41.7851439], [-87.7389735, 41.784886], [-87.7390683, 41.7847385], [-87.7391379, 41.7846516], [-87.739283, 41.7845191]]}, "properties": {"class": "tertiary"}}, {"type": "Feature", "geometry": {"type": "LineString", "coordinates": [[-87.7416991, 41.7837268], [-87.7415408, 41.783975]]}, "properties": {"class": "primary"}}, {"type": "Feature", "geometry": {"type": "LineString", "coordinates": [[-87.739283, 41.7845191], [-87.739432, 41.7844255], [-87.7395931, 41.7843595], [-87.7397802, 41.7843075], [-87.739835, 41.7843013], [-87.7399734, 41.7842858]]}, "properties": {"class": "tertiary"}}, {"type": "Feature", "geometry": {"type": "LineString", "coordinates": [[-87.7411571, 41.7842376], [-87.7405393, 41.7842458]]}, "properties": {"class": "tertiary"}}, {"type": "Feature", "geometry": {"type": "LineString", "coordinates": [[-87.7421929, 41.7784424], [-87.7423873, 41.7784387]]}, "properties": {"class": "secondary"}}, {"type": "Feature", "geometry": {"type": "LineString", "coordinates": [[-87.7618558, 41.7817225], [-87.7619855, 41.78172], [-87.7624839, 41.7817104], [-87.762988, 41.7817005], [-87.7630892, 41.7816985], [-87.763199, 41.7816963], [-87.7637009, 41.7816865], [-87.7642083, 41.7816767], [-87.7643143, 41.7816746], [-87.7644201, 41.7816726], [-87.7649198, 41.7816629]]}, "properties": {"class": "residential"}}, {"type": "Feature", "geometry": {"type": "LineString", "coordinates": [[-87.7619304, 41.783559], [-87.7620531, 41.783556], [-87.7625595, 41.7835437], [-87.7630586, 41.7835356], [-87.7631653, 41.7835339], [-87.7632698, 41.783532], [-87.7637754, 41.7835229], [-87.7642821, 41.7835139], [-87.7643817, 41.7835121], [-87.764493, 41.7835098], [-87.764997, 41.7834993]]}, "properties": {"class": "residential"}}, {"type": "Feature", "geometry": {"type": "LineString", "coordinates": [[-87.7427776, 41.7966821], [-87.7427967, 41.7972538], [-87.7428097, 41.7976448]]}, "properties": {"class": "primary"}}, {"type": "Feature", "geometry": {"type": "LineString", "coordinates": [[-87.7364183, 41.7858015], [-87.7365208, 41.785801], [-87.7372836, 41.7857974], [-87.7376095, 41.7857941], [-87.7376364, 41.7857938], [-87.7376591, 41.7857936], [-87.7377276, 41.7857929]]}, "properties": {"class": "tertiary"}}, {"type": "Feature", "geometry": {"type": "LineString", "coordinates": [[-87.736652, 41.7930895], [-87.7366496, 41.7930141], [-87.7366374, 41.792635], [-87.7365962, 41.7913517], [-87.7365936, 41.7912691], [-87.7365911, 41.7911912], [-87.7365377, 41.7895262], [-87.736535, 41.7894409], [-87.7365327, 41.7893701], [-87.7364794, 41.7877052], [-87.7364767, 41.7876222], [-87.7364742, 41.7875454], [-87.736433, 41.7862598], [-87.7364208, 41.7858806], [-87.7364183, 41.7858015]]}, "properties": {"class": "residential"}}, {"type": "Feature", "geometry": {"type": "LineString", "coordinates": [[-87.7352014, 41.7858183], [-87.7353029, 41.7858174], [-87.735798, 41.7858123], [-87.7363089, 41.7858034], [-87.7364183, 41.7858015]]}, "properties": {"class": "tertiary"}}, {"type": "Feature", "geometry": {"type": "LineString", "coordinates": [[-87.7352014, 41.7858183], [-87.7352036, 41.7858947], [-87.7352145, 41.7862715], [-87.7352521, 41.787558], [-87.7352544, 41.787635], [-87.7352568, 41.7877163], [-87.7353054, 41.7893812], [-87.7353075, 41.789454], [-87.73531, 41.7895401], [-87.7353586, 41.7912061], [-87.7353608, 41.791281], [-87.7353632, 41.7913633], [-87.7354006, 41.7926454], [-87.7354117, 41.7930277], [-87.7354138, 41.7930975]]}, "properties": {"class": "residential"}}, {"type": "Feature", "geometry": {"type": "LineString", "coordinates": [[-87.7349699, 41.7785218], [-87.734973, 41.7786207], [-87.7349766, 41.7787333], [-87.7349849, 41.7789968], [-87.7350252, 41.7802655], [-87.7350277, 41.7803443], [-87.7350303, 41.7804256], [-87.7350829, 41.7820876], [-87.7350854, 41.7821664], [-87.735088, 41.7822484], [-87.7351401, 41.7838867], [-87.7351409, 41.783911], [-87.7351433, 41.7839873], [-87.7351459, 41.7840708], [-87.7351987, 41.7857353], [-87.7352014, 41.7858183]]}, "properties": {"class": "residential"}}, {"type": "Feature", "geometry": {"type": "LineString", "coordinates": [[-87.7349699, 41.7785218], [-87.7350762, 41.7785206], [-87.7352444, 41.7785188], [-87.735738, 41.7785136], [-87.7360772, 41.7785099], [-87.7361855, 41.7785088], [-87.7362972, 41.7785075], [-87.7371875, 41.7784972], [-87.7373982, 41.7784954], [-87.7374506, 41.7784948], [-87.7379267, 41.7784896], [-87.7384228, 41.7784842], [-87.7385278, 41.7784831], [-87.7386336, 41.7784819]]}, "properties": {"class": "secondary"}}, {"type": "Feature", "geometry": {"type": "LineString", "coordinates": [[-87.7672716, 41.794863], [-87.767227, 41.7949665]]}, "properties": {"class": "residential"}}, {"type": "Feature", "geometry": {"type": "LineString", "coordinates": [[-87.767227, 41.7949665], [-87.7671778, 41.7950917]]}, "properties": {"class": "residential"}}, {"type": "Feature", "geometry": {"type": "LineString", "coordinates": [[-87.7671778, 41.7950917], [-87.7672706, 41.7954442]]}, "properties": {"class": "residential"}}, {"type": "Feature", "geometry": {"type": "LineString", "coordinates": [[-87.7648337, 41.7958166], [-87.7648068, 41.7957116], [-87.7648003, 41.7956862], [-87.7647409, 41.7954545], [-87.764716, 41.7953574]]}, "properties": {"class": "residential"}}, {"type": "Feature", "geometry": {"type": "LineString", "coordinates": [[-87.7684886, 41.7952581], [-87.7684653, 41.7951667], [-87.7684199, 41.7949905], [-87.7683962, 41.7948984], [-87.768368, 41.7947889]]}, "properties": {"class": "residential"}}, {"type": "Feature", "geometry": {"type": "LineString", "coordinates": [[-87.7695747, 41.794601], [-87.7696039, 41.7947187], [-87.7696932, 41.7950849]]}, "properties": {"class": "residential"}}, {"type": "Feature", "geometry": {"type": "LineString", "coordinates": [[-87.7298015, 41.8078974], [-87.7297891, 41.8078777], [-87.7297452, 41.8078079]]}, "properties": {"class": "residential"}}, {"type": "Feature", "geometry": {"type": "LineString", "coordinates": [[-87.7296914, 41.8076962], [-87.7297049, 41.8077241], [-87.7297452, 41.8078079]]}, "properties": {"class": "residential"}}, {"type": "Feature", "geometry": {"type": "LineString", "coordinates": [[-87.7331646, 41.8004661], [-87.7332766, 41.8004416], [-87.7333041, 41.800433]]}, "properties": {"class": "residential"}}, {"type": "Feature", "geometry": {"type": "LineString", "coordinates": [[-87.7293863, 41.8004752], [-87.7288796, 41.8004898], [-87.728447, 41.8004946], [-87.7283826, 41.8004953], [-87.7282714, 41.8004966]]}, "properties": {"class": "residential"}}, {"type": "Feature", "geometry": {"type": "LineString", "coordinates": [[-87.7294875, 41.8004588], [-87.7293863, 41.8004752]]}, "properties": {"class": "residential"}}, {"type": "Feature", "geometry": {"type": "LineString", "coordinates": [[-87.7421164, 41.7761942], [-87.742117, 41.7762121], [-87.7421272, 41.7765126], [-87.7421283, 41.7765449], [-87.7421307, 41.7766149]]}, "properties": {"class": "primary"}}, {"type": "Feature", "geometry": {"type": "LineString", "coordinates": [[-87.7421307, 41.7766149], [-87.7421334, 41.7766957], [-87.7421417, 41.7769386], [-87.7421492, 41.7771605], [-87.7421554, 41.7773427], [-87.7421685, 41.7777258]]}, "properties": {"class": "primary"}}, {"type": "Feature", "geometry": {"type": "LineString", "coordinates": [[-87.7421685, 41.7777258], [-87.7421772, 41.777981], [-87.7421855, 41.7782169], [-87.7421891, 41.77832], [-87.7421929, 41.7784424]]}, "properties": {"class": "primary"}}, {"type": "Feature", "geometry": {"type": "LineString", "coordinates": [[-87.7414707, 41.7917895], [-87.741485, 41.7920969]]}, "properties": {"class": "primary"}}, {"type": "Feature", "geometry": {"type": "LineString", "coordinates": [[-87.7414696, 41.7916989], [-87.7414707, 41.7917895]]}, "properties": {"class": "primary"}}, {"type": "Feature", "geometry": {"type": "LineString", "coordinates": [[-87.7422882, 41.7816986], [-87.7422961, 41.7819662], [-87.7422974, 41.7820112], [-87.7422995, 41.7820844]]}, "properties": {"class": "primary"}}, {"type": "Feature", "geometry": {"type": "LineString", "coordinates": [[-87.7418163, 41.7835679], [-87.7416991, 41.7837268]]}, "properties": {"class": "primary"}}, {"type": "Feature", "geometry": {"type": "LineString", "coordinates": [[-87.7421685, 41.7716986], [-87.7421569, 41.7713384], [-87.7421535, 41.7712543], [-87.7421503, 41.7711347]]}, "properties": {"class": "primary"}}, {"type": "Feature", "geometry": {"type": "LineString", "coordinates": [[-87.7421983, 41.7726149], [-87.7421814, 41.7720957], [-87.7421685, 41.7716986]]}, "properties": {"class": "primary"}}, {"type": "Feature", "geometry": {"type": "LineString", "coordinates": [[-87.7422235, 41.7733911], [-87.7422213, 41.7733239], [-87.7422099, 41.7729725]]}, "properties": {"class": "primary"}}, {"type": "Feature", "geometry": {"type": "LineString", "coordinates": [[-87.7287886, 41.8114781], [-87.7288183, 41.8114777], [-87.728834, 41.8114775], [-87.7299126, 41.8114628], [-87.731204, 41.8114452], [-87.7324876, 41.8114272], [-87.7334489, 41.8114148], [-87.7355725, 41.811386], [-87.7361297, 41.8113785], [-87.7361946, 41.8113776], [-87.7367519, 41.8113685]]}, "properties": {"class": "residential"}}, {"type": "Feature", "geometry": {"type": "LineString", "coordinates": [[-87.7286677, 41.8133048], [-87.728603, 41.8115551], [-87.7286002, 41.8114807]]}, "properties": {"class": "residential"}}, {"type": "Feature", "geometry": {"type": "LineString", "coordinates": [[-87.7419758, 41.7721042], [-87.7419819, 41.77231], [-87.7419946, 41.7726185]]}, "properties": {"class": "primary"}}, {"type": "Feature", "geometry": {"type": "LineString", "coordinates": [[-87.7419946, 41.7726185], [-87.7420035, 41.7728789], [-87.7420067, 41.7729736], [-87.7420207, 41.7733867], [-87.7420344, 41.7737889]]}, "properties": {"class": "primary"}}, {"type": "Feature", "geometry": {"type": "LineString", "coordinates": [[-87.7420344, 41.7737889], [-87.7420449, 41.7740975], [-87.7420609, 41.7746092], [-87.742061, 41.7746439], [-87.7420683, 41.7747844]]}, "properties": {"class": "primary"}}, {"type": "Feature", "geometry": {"type": "LineString", "coordinates": [[-87.7423408, 41.777007], [-87.7423359, 41.7768546], [-87.7423315, 41.7767191], [-87.7423306, 41.7766903], [-87.7423279, 41.7766082]]}, "properties": {"class": "primary"}}, {"type": "Feature", "geometry": {"type": "LineString", "coordinates": [[-87.7423279, 41.7766082], [-87.7424039, 41.7766057], [-87.7425391, 41.776601], [-87.7427391, 41.7765942]]}, "properties": {"class": "residential"}}, {"type": "Feature", "geometry": {"type": "LineString", "coordinates": [[-87.7423279, 41.7766082], [-87.7423257, 41.7765417], [-87.742315, 41.7762115], [-87.7422876, 41.7753767], [-87.7422847, 41.7752764]]}, "properties": {"class": "primary"}}, {"type": "Feature", "geometry": {"type": "LineString", "coordinates": [[-87.7422815, 41.7751859], [-87.7422717, 41.7748756], [-87.7422699, 41.7748204]]}, "properties": {"class": "primary"}}, {"type": "Feature", "geometry": {"type": "LineString", "coordinates": [[-87.7419522, 41.7648952], [-87.7418927, 41.7642983]]}, "properties": {"class": "primary"}}, {"type": "Feature", "geometry": {"type": "LineString", "coordinates": [[-87.7528279, 41.8038359], [-87.7529439, 41.8038345], [-87.7534434, 41.8038284], [-87.7539539, 41.8038221], [-87.7540449, 41.803821], [-87.7541663, 41.8038195], [-87.7546681, 41.8038134], [-87.7551755, 41.8038071], [-87.7552826, 41.8038058], [-87.7553897, 41.8038045], [-87.7558961, 41.8037984], [-87.7563981, 41.8037921], [-87.7564938, 41.8037909], [-87.7566127, 41.8037894], [-87.7571166, 41.8037833], [-87.7575905, 41.8037775]]}, "properties": {"class": "residential"}}, {"type": "Feature", "geometry": {"type": "LineString", "coordinates": [[-87.7575905, 41.8037775], [-87.7576228, 41.8037721], [-87.7577231, 41.8037552], [-87.7578362, 41.8037369]]}, "properties": {"class": "residential"}}, {"type": "Feature", "geometry": {"type": "LineString", "coordinates": [[-87.7429448, 41.7784226], [-87.7435063, 41.7784101], [-87.7447088, 41.7783867]]}, "properties": {"class": "secondary"}}, {"type": "Feature", "geometry": {"type": "LineString", "coordinates": [[-87.7447088, 41.7783867], [-87.74519, 41.7783765], [-87.7459213, 41.7783621], [-87.746238, 41.7783557], [-87.7466341, 41.7783479], [-87.7469379, 41.7783418], [-87.7470861, 41.7783389], [-87.7471455, 41.7783379], [-87.748365, 41.7783135], [-87.7484013, 41.7783128], [-87.7489496, 41.7783018], [-87.7495738, 41.7782885], [-87.7498668, 41.7782819], [-87.7503212, 41.7782743], [-87.7507942, 41.7782652], [-87.7520095, 41.7782488]]}, "properties": {"class": "secondary"}}, {"type": "Feature", "geometry": {"type": "LineString", "coordinates": [[-87.7520095, 41.7782488], [-87.7520052, 41.7781696], [-87.7519996, 41.7780646], [-87.7519925, 41.7779322], [-87.7519906, 41.7778971], [-87.7519883, 41.7778552], [-87.751985, 41.7777933]]}, "properties": {"class": "residential"}}, {"type": "Feature", "geometry": {"type": "LineString", "coordinates": [[-87.7615611, 41.7927595], [-87.7612783, 41.7927645]]}, "properties": {"class": "secondary"}}, {"type": "Feature", "geometry": {"type": "LineString", "coordinates": [[-87.7497876, 41.7929725], [-87.7501489, 41.7929653], [-87.7522836, 41.7929331], [-87.7523597, 41.7929171], [-87.7524924, 41.7928901]]}, "properties": {"class": "secondary"}}, {"type": "Feature", "geometry": {"type": "LineString", "coordinates": [[-87.7487939, 41.7929869], [-87.7496722, 41.7929755]]}, "properties": {"class": "secondary"}}, {"type": "Feature", "geometry": {"type": "LineString", "coordinates": [[-87.7467594, 41.7930215], [-87.7469739, 41.7930185], [-87.7479878, 41.7929995], [-87.7487939, 41.7929869]]}, "properties": {"class": "secondary"}}, {"type": "Feature", "geometry": {"type": "LineString", "coordinates": [[-87.7458593, 41.7930289], [-87.7467594, 41.7930215]]}, "properties": {"class": "secondary"}}, {"type": "Feature", "geometry": {"type": "LineString", "coordinates": [[-87.7424722, 41.782744], [-87.7424926, 41.7825904], [-87.7424866, 41.7821188], [-87.7424856, 41.7820823]]}, "properties": {"class": "primary"}}, {"type": "Feature", "geometry": {"type": "LineString", "coordinates": [[-87.7419899, 41.7820879], [-87.7422019, 41.7820855], [-87.7422995, 41.7820844]]}, "properties": {"class": "residential"}}, {"type": "Feature", "geometry": {"type": "LineString", "coordinates": [[-87.7422995, 41.7820844], [-87.7424856, 41.7820823]]}, "properties": {"class": "residential"}}, {"type": "Feature", "geometry": {"type": "LineString", "coordinates": [[-87.7419248, 41.7820886], [-87.7419899, 41.7820879]]}, "properties": {"class": "residential"}}, {"type": "Feature", "geometry": {"type": "LineString", "coordinates": [[-87.7417955, 41.78209], [-87.7419248, 41.7820886]]}, "properties": {"class": "residential"}}, {"type": "Feature", "geometry": {"type": "LineString", "coordinates": [[-87.7518798, 41.7746306], [-87.7522657, 41.7746239], [-87.7543942, 41.7745868], [-87.7549179, 41.7745774], [-87.7555269, 41.7745637]]}, "properties": {"class": "tertiary"}}, {"type": "Feature", "geometry": {"type": "LineString", "coordinates": [[-87.7591622, 41.7743957], [-87.7591657, 41.7744956]]}, "properties": {"class": "residential"}}, {"type": "Feature", "geometry": {"type": "LineString", "coordinates": [[-87.7413804, 41.7889837], [-87.7414207, 41.7902764], [-87.7414589, 41.7913388]]}, "properties": {"class": "primary"}}, {"type": "Feature", "geometry": {"type": "LineString", "coordinates": [[-87.7416531, 41.7911728], [-87.7415816, 41.7902478], [-87.7415429, 41.7889814]]}, "properties": {"class": "primary"}}, {"type": "Feature", "geometry": {"type": "LineString", "coordinates": [[-87.7415388, 41.7887947], [-87.7415046, 41.7878792]]}, "properties": {"class": "primary"}}, {"type": "Feature", "geometry": {"type": "LineString", "coordinates": [[-87.7413377, 41.7878826], [-87.7413804, 41.7889837]]}, "properties": {"class": "primary"}}, {"type": "Feature", "geometry": {"type": "LineString", "coordinates": [[-87.7520879, 41.778953], [-87.7520857, 41.7789149], [-87.7520359, 41.7788349]]}, "properties": {"class": "residential"}}, {"type": "Feature", "geometry": {"type": "LineString", "coordinates": [[-87.7520359, 41.7788349], [-87.7519947, 41.7789181], [-87.7519969, 41.7789924]]}, "properties": {"class": "residential"}}, {"type": "Feature", "geometry": {"type": "LineString", "coordinates": [[-87.7591622, 41.7743957], [-87.7590414, 41.7743981], [-87.7579751, 41.7744188]]}, "properties": {"class": "tertiary"}}, {"type": "Feature", "geometry": {"type": "LineString", "coordinates": [[-87.759196, 41.7753687], [-87.759199, 41.7754538], [-87.7592123, 41.7758327], [-87.7592258, 41.7762154], [-87.7592283, 41.7762906], [-87.759231, 41.7763691], [-87.7592442, 41.7767491], [-87.7592582, 41.7771424], [-87.7592602, 41.7772039], [-87.7592633, 41.7772898], [-87.7592762, 41.7776657], [-87.7592887, 41.7780238], [-87.7592913, 41.7780976]]}, "properties": {"class": "residential"}}, {"type": "Feature", "geometry": {"type": "LineString", "coordinates": [[-87.7567349, 41.7745408], [-87.7568363, 41.7745392], [-87.7569968, 41.7745367], [-87.7574767, 41.7745291], [-87.7582601, 41.7745136]]}, "properties": {"class": "tertiary"}}, {"type": "Feature", "geometry": {"type": "LineString", "coordinates": [[-87.7555334, 41.7744665], [-87.7555431, 41.7743864], [-87.7555433, 41.7743575], [-87.7555398, 41.774266], [-87.7555353, 41.7741503], [-87.7555341, 41.7741195], [-87.7555239, 41.7738539], [-87.7555109, 41.7734891], [-87.7554801, 41.7727152]]}, "properties": {"class": "residential"}}, {"type": "Feature", "geometry": {"type": "LineString", "coordinates": [[-87.7555334, 41.7744665], [-87.7543512, 41.7744895], [-87.7522631, 41.7745302], [-87.7518767, 41.7745377], [-87.7488935, 41.7745959], [-87.7475353, 41.7746223], [-87.7471403, 41.77463], [-87.7470264, 41.7746324]]}, "properties": {"class": "tertiary"}}, {"type": "Feature", "geometry": {"type": "LineString", "coordinates": [[-87.7555316, 41.7747182], [-87.7555796, 41.7763078], [-87.755581, 41.7763526], [-87.7555827, 41.7764023], [-87.7556276, 41.7777232], [-87.7556335, 41.7779078], [-87.7556409, 41.7780968], [-87.7556439, 41.7781733]]}, "properties": {"class": "residential"}}, {"type": "Feature", "geometry": {"type": "LineString", "coordinates": [[-87.7811911, 41.7758552], [-87.7810905, 41.7758572], [-87.7806048, 41.775867], [-87.7788616, 41.7759022], [-87.7787478, 41.7759045], [-87.7786484, 41.7759065], [-87.7764155, 41.7759515], [-87.776313, 41.7759536], [-87.776205, 41.7759558], [-87.7739751, 41.7760007], [-87.7738663, 41.7760029], [-87.7737629, 41.776005], [-87.7720353, 41.77604], [-87.7715277, 41.7760501], [-87.7714235, 41.7760522], [-87.7713159, 41.7760544], [-87.7708107, 41.7760646], [-87.7690905, 41.7760992], [-87.7689833, 41.7761014], [-87.7688777, 41.7761035], [-87.7666482, 41.7761485], [-87.7665356, 41.7761508], [-87.766434, 41.7761529], [-87.7642065, 41.7761978], [-87.7640937, 41.7762001], [-87.7639922, 41.7762021], [-87.7622655, 41.7762369], [-87.7617746, 41.776247], [-87.7616422, 41.7762497]]}, "properties": {"class": "residential"}}, {"type": "Feature", "geometry": {"type": "LineString", "coordinates": [[-87.7616084, 41.7753291], [-87.7617397, 41.7753254], [-87.7622332, 41.7753117], [-87.7639562, 41.7752788], [-87.7640577, 41.7752769], [-87.7641703, 41.7752747], [-87.7663977, 41.7752321], [-87.7664975, 41.7752302], [-87.7666141, 41.775228], [-87.7688414, 41.7751854], [-87.7689472, 41.7751834], [-87.7690559, 41.7751813], [-87.7707781, 41.7751484], [-87.7712795, 41.7751388], [-87.7713874, 41.7751367], [-87.7714929, 41.7751347], [-87.7720011, 41.775125], [-87.7737275, 41.775092], [-87.7738331, 41.77509], [-87.7739396, 41.775088], [-87.7757085, 41.7750541], [-87.7761703, 41.7750453], [-87.776272, 41.7750434], [-87.7763805, 41.7750413], [-87.7786128, 41.7749986], [-87.7787135, 41.7749967], [-87.7788247, 41.7749946], [-87.7794378, 41.7749829], [-87.7798829, 41.7749744], [-87.7805668, 41.7749611], [-87.781052, 41.774952], [-87.7811537, 41.7749501]]}, "properties": {"class": "residential"}}, {"type": "Feature", "geometry": {"type": "LineString", "coordinates": [[-87.7386336, 41.7784819], [-87.7387395, 41.7784807], [-87.7389672, 41.7784782], [-87.7392016, 41.7784756], [-87.7397453, 41.7784696], [-87.7398515, 41.7784684], [-87.7399586, 41.7784673], [-87.740094, 41.7784658], [-87.7402785, 41.7784638], [-87.7404105, 41.7784623], [-87.7406885, 41.7784592], [-87.7409657, 41.7784562], [-87.7410672, 41.7784551], [-87.7411819, 41.7784537], [-87.7413492, 41.778452], [-87.741635, 41.7784489]]}, "properties": {"class": "secondary"}}, {"type": "Feature", "geometry": {"type": "LineString", "coordinates": [[-87.7358037, 41.7693955], [-87.7358555, 41.7694021], [-87.7358945, 41.7694236]]}, "properties": {"class": "residential"}}, {"type": "Feature", "geometry": {"type": "LineString", "coordinates": [[-87.7636697, 41.7744121], [-87.7640231, 41.774405]]}, "properties": {"class": "tertiary"}}, {"type": "Feature", "geometry": {"type": "LineString", "coordinates": [[-87.7636535, 41.7739893], [-87.7636476, 41.7738355], [-87.763629, 41.7733488], [-87.7636226, 41.7731824], [-87.763611, 41.7728781], [-87.7635994, 41.7725761], [-87.7635875, 41.772264], [-87.7635851, 41.7722013]]}, "properties": {"class": "residential"}}, {"type": "Feature", "geometry": {"type": "LineString", "coordinates": [[-87.7636657, 41.774308], [-87.7636645, 41.7742773], [-87.7636535, 41.7739893]]}, "properties": {"class": "residential"}}, {"type": "Feature", "geometry": {"type": "LineString", "coordinates": [[-87.7615726, 41.7743488], [-87.7614679, 41.7743508], [-87.7603987, 41.7743716], [-87.7598325, 41.7743826]]}, "properties": {"class": "tertiary"}}, {"type": "Feature", "geometry": {"type": "LineString", "coordinates": [[-87.7640197, 41.7743011], [-87.7636657, 41.774308]]}, "properties": {"class": "tertiary"}}, {"type": "Feature", "geometry": {"type": "LineString", "coordinates": [[-87.7640231, 41.774405], [-87.7640197, 41.7743011]]}, "properties": {"class": "residential"}}, {"type": "Feature", "geometry": {"type": "LineString", "coordinates": [[-87.76617, 41.7743612], [-87.7664611, 41.7743537], [-87.7670311, 41.774343], [-87.7675444, 41.7743335], [-87.7686618, 41.7743126], [-87.7689125, 41.7743068], [-87.7706887, 41.77427]]}, "properties": {"class": "tertiary"}}, {"type": "Feature", "geometry": {"type": "LineString", "coordinates": [[-87.7555269, 41.7745637], [-87.7561377, 41.7745538]]}, "properties": {"class": "tertiary"}}, {"type": "Feature", "geometry": {"type": "LineString", "coordinates": [[-87.7567312, 41.7744431], [-87.7561351, 41.7744547], [-87.7555334, 41.7744665]]}, "properties": {"class": "tertiary"}}, {"type": "Feature", "geometry": {"type": "LineString", "coordinates": [[-87.7294875, 41.8004588], [-87.7294894, 41.8005246], [-87.7294931, 41.8006565], [-87.7294959, 41.8007578], [-87.729499, 41.800868], [-87.7295076, 41.8011717], [-87.7295375, 41.8022343], [-87.7295398, 41.8023146], [-87.729542, 41.8023941], [-87.7295891, 41.8040649], [-87.7295912, 41.8041408], [-87.7295935, 41.8042227], [-87.7296406, 41.8058937], [-87.7296428, 41.8059721], [-87.7296451, 41.8060521], [-87.7296835, 41.8074143], [-87.7296914, 41.8076962]]}, "properties": {"class": "residential"}}, {"type": "Feature", "geometry": {"type": "LineString", "coordinates": [[-87.7296029, 41.8004445], [-87.7294875, 41.8004588]]}, "properties": {"class": "residential"}}, {"type": "Feature", "geometry": {"type": "LineString", "coordinates": [[-87.7636657, 41.774308], [-87.7628518, 41.7743238], [-87.762674, 41.7743273], [-87.762404, 41.7743325], [-87.7622982, 41.7743346]]}, "properties": {"class": "tertiary"}}, {"type": "Feature", "geometry": {"type": "LineString", "coordinates": [[-87.7615762, 41.7744509], [-87.7615726, 41.7743488]]}, "properties": {"class": "residential"}}, {"type": "Feature", "geometry": {"type": "LineString", "coordinates": [[-87.7622982, 41.7743346], [-87.7616816, 41.7743467], [-87.7615726, 41.7743488]]}, "properties": {"class": "tertiary"}}, {"type": "Feature", "geometry": {"type": "LineString", "coordinates": [[-87.7598325, 41.7743826], [-87.7592672, 41.7743936], [-87.7591622, 41.7743957]]}, "properties": {"class": "tertiary"}}, {"type": "Feature", "geometry": {"type": "LineString", "coordinates": [[-87.7285892, 41.7749499], [-87.7286114, 41.7749524], [-87.728661, 41.7749579]]}, "properties": {"class": "residential"}}, {"type": "Feature", "geometry": {"type": "LineString", "coordinates": [[-87.7428097, 41.7976448], [-87.7428196, 41.797942]]}, "properties": {"class": "primary"}}, {"type": "Feature", "geometry": {"type": "LineString", "coordinates": [[-87.7430653, 41.806886], [-87.7430717, 41.8070804], [-87.7430734, 41.8071376]]}, "properties": {"class": "primary"}}, {"type": "Feature", "geometry": {"type": "LineString", "coordinates": [[-87.7721012, 41.774146], [-87.7714642, 41.7741564], [-87.7713511, 41.7741582]]}, "properties": {"class": "tertiary"}}, {"type": "Feature", "geometry": {"type": "LineString", "coordinates": [[-87.747031, 41.7747176], [-87.7471428, 41.7747152], [-87.7475383, 41.7747105], [-87.7488949, 41.7746857], [-87.7512104, 41.774643]]}, "properties": {"class": "tertiary"}}, {"type": "Feature", "geometry": {"type": "LineString", "coordinates": [[-87.7512104, 41.774643], [-87.7518798, 41.7746306]]}, "properties": {"class": "tertiary"}}, {"type": "Feature", "geometry": {"type": "LineString", "coordinates": [[-87.7582601, 41.7745136], [-87.7590487, 41.7744979], [-87.7591657, 41.7744956]]}, "properties": {"class": "tertiary"}}, {"type": "Feature", "geometry": {"type": "LineString", "coordinates": [[-87.7591657, 41.7744956], [-87.7592615, 41.7744939], [-87.7609085, 41.7744645]]}, "properties": {"class": "tertiary"}}, {"type": "Feature", "geometry": {"type": "LineString", "coordinates": [[-87.7609085, 41.7744645], [-87.760969, 41.7744634], [-87.7614657, 41.7744532], [-87.7615762, 41.7744509]]}, "properties": {"class": "tertiary"}}, {"type": "Feature", "geometry": {"type": "LineString", "coordinates": [[-87.7640231, 41.774405], [-87.764389, 41.7743975], [-87.7654574, 41.7743757], [-87.7655128, 41.7743746]]}, "properties": {"class": "tertiary"}}, {"type": "Feature", "geometry": {"type": "LineString", "coordinates": [[-87.7655128, 41.7743746], [-87.76617, 41.7743612]]}, "properties": {"class": "tertiary"}}, {"type": "Feature", "geometry": {"type": "LineString", "coordinates": [[-87.7706887, 41.77427], [-87.7707468, 41.7742688], [-87.771029, 41.7742629], [-87.7712539, 41.7742581], [-87.7713547, 41.774256]]}, "properties": {"class": "tertiary"}}, {"type": "Feature", "geometry": {"type": "LineString", "coordinates": [[-87.7738012, 41.7742142], [-87.7740899, 41.7742093], [-87.7744101, 41.7742038], [-87.7745432, 41.7742015], [-87.7747938, 41.7741972], [-87.7757464, 41.774181]]}, "properties": {"class": "tertiary"}}, {"type": "Feature", "geometry": {"type": "LineString", "coordinates": [[-87.7757464, 41.774181], [-87.7761335, 41.7741744], [-87.7762472, 41.7741725]]}, "properties": {"class": "tertiary"}}, {"type": "Feature", "geometry": {"type": "LineString", "coordinates": [[-87.7762472, 41.7741725], [-87.7762427, 41.7740708], [-87.7762399, 41.7740102], [-87.7762039, 41.7732385], [-87.7761803, 41.7727306], [-87.7761686, 41.7724799], [-87.7761561, 41.7721565], [-87.776153, 41.7720701], [-87.7761404, 41.7717151]]}, "properties": {"class": "residential"}}, {"type": "Feature", "geometry": {"type": "LineString", "coordinates": [[-87.7762472, 41.7741725], [-87.7763457, 41.7741708], [-87.7769651, 41.77416], [-87.7772969, 41.7741546], [-87.7775345, 41.7741506], [-87.7775624, 41.7741501], [-87.7785616, 41.774133], [-87.7786806, 41.774131]]}, "properties": {"class": "tertiary"}}, {"type": "Feature", "geometry": {"type": "LineString", "coordinates": [[-87.7811163, 41.7739621], [-87.7810129, 41.7739643], [-87.7805315, 41.7739743], [-87.7795937, 41.7739978], [-87.7786766, 41.7740204], [-87.7785602, 41.7740228], [-87.7775332, 41.7740441], [-87.7772968, 41.774049], [-87.7763427, 41.7740687], [-87.7762427, 41.7740708], [-87.7761292, 41.774073], [-87.7756265, 41.7740828], [-87.7754531, 41.7740862], [-87.7739006, 41.7741166], [-87.7737978, 41.7741186]]}, "properties": {"class": "tertiary"}}, {"type": "Feature", "geometry": {"type": "LineString", "coordinates": [[-87.7624144, 41.7964361], [-87.7624122, 41.7963561]]}, "properties": {"class": "secondary"}}, {"type": "Feature", "geometry": {"type": "LineString", "coordinates": [[-87.7624076, 41.7961873], [-87.762401, 41.7960731], [-87.7623992, 41.7959184], [-87.7623971, 41.7958401], [-87.762394, 41.7957189]]}, "properties": {"class": "secondary"}}, {"type": "Feature", "geometry": {"type": "LineString", "coordinates": [[-87.7571431, 41.774436], [-87.7568325, 41.7744414], [-87.7567312, 41.7744431]]}, "properties": {"class": "tertiary"}}, {"type": "Feature", "geometry": {"type": "LineString", "coordinates": [[-87.7579751, 41.7744188], [-87.7571431, 41.774436]]}, "properties": {"class": "tertiary"}}, {"type": "Feature", "geometry": {"type": "LineString", "coordinates": [[-87.7561377, 41.7745538], [-87.7567349, 41.7745408]]}, "properties": {"class": "tertiary"}}, {"type": "Feature", "geometry": {"type": "LineString", "coordinates": [[-87.7427522, 41.7949808], [-87.742764, 41.7951326], [-87.7427768, 41.7965942], [-87.7427776, 41.7966821]]}, "properties": {"class": "primary"}}, {"type": "Feature", "geometry": {"type": "LineString", "coordinates": [[-87.7429084, 41.7949727], [-87.7428876, 41.7947796], [-87.7428589, 41.794663], [-87.7428219, 41.7945239], [-87.7427221, 41.7943491], [-87.7425844, 41.7940578]]}, "properties": {"class": "primary"}}, {"type": "Feature", "geometry": {"type": "LineString", "coordinates": [[-87.7520163, 41.7784881], [-87.7520119, 41.7783239], [-87.7520095, 41.7782488]]}, "properties": {"class": "residential"}}, {"type": "Feature", "geometry": {"type": "LineString", "coordinates": [[-87.7412389, 41.7930767], [-87.7411615, 41.7930759]]}, "properties": {"class": "secondary"}}, {"type": "Feature", "geometry": {"type": "LineString", "coordinates": [[-87.7619304, 41.783559], [-87.7619274, 41.783484], [-87.7618776, 41.7822592], [-87.7618558, 41.7817225], [-87.7617816, 41.7798944], [-87.7617337, 41.778716]]}, "properties": {"class": "secondary"}}, {"type": "Feature", "geometry": {"type": "LineString", "coordinates": [[-87.7415429, 41.7889814], [-87.7415388, 41.7887947]]}, "properties": {"class": "primary"}}, {"type": "Feature", "geometry": {"type": "LineString", "coordinates": [[-87.7424086, 41.7792294], [-87.7423939, 41.7786611], [-87.7423912, 41.7785575], [-87.7423873, 41.7784387]]}, "properties": {"class": "primary"}}, {"type": "Feature", "geometry": {"type": "LineString", "coordinates": [[-87.7496722, 41.7929755], [-87.7497876, 41.7929725]]}, "properties": {"class": "secondary"}}, {"type": "Feature", "geometry": {"type": "LineString", "coordinates": [[-87.7421503, 41.7711347], [-87.7422673, 41.7711328], [-87.7427198, 41.771126]]}, "properties": {"class": "residential"}}, {"type": "Feature", "geometry": {"type": "LineString", "coordinates": [[-87.7428311, 41.7982826], [-87.7428372, 41.7984625]]}, "properties": {"class": "primary"}}, {"type": "Feature", "geometry": {"type": "LineString", "coordinates": [[-87.759196, 41.7753687], [-87.7592994, 41.7753667], [-87.7609965, 41.7753343], [-87.7615008, 41.77533], [-87.7616084, 41.7753291]]}, "properties": {"class": "residential"}}, {"type": "Feature", "geometry": {"type": "LineString", "coordinates": [[-87.7591818, 41.7749186], [-87.7591938, 41.7752979], [-87.759196, 41.7753687]]}, "properties": {"class": "residential"}}, {"type": "Feature", "geometry": {"type": "LineString", "coordinates": [[-87.7300354, 41.7767571], [-87.7300334, 41.7766801], [-87.7300099, 41.77577], [-87.7299905, 41.7750177], [-87.7299886, 41.7749423], [-87.7299865, 41.7748595], [-87.7299416, 41.7731165], [-87.7299396, 41.7730387], [-87.7299073, 41.7717837], [-87.7299045, 41.7716733], [-87.7298991, 41.7714649], [-87.7298968, 41.7713773], [-87.7298947, 41.7712942]]}, "properties": {"class": "residential"}}, {"type": "Feature", "geometry": {"type": "LineString", "coordinates": [[-87.7302996, 41.7858676], [-87.7302972, 41.7857872], [-87.730286, 41.7854103], [-87.7302476, 41.784125], [-87.7302452, 41.7840438], [-87.7302428, 41.7839648], [-87.7301933, 41.7823011], [-87.7301908, 41.7822186], [-87.7301885, 41.7821418], [-87.7301389, 41.7804791], [-87.7301366, 41.7804004], [-87.7301342, 41.7803209], [-87.7300964, 41.7790514], [-87.7300852, 41.7786774], [-87.7300822, 41.7785758]]}, "properties": {"class": "residential"}}, {"type": "Feature", "geometry": {"type": "LineString", "coordinates": [[-87.7298947, 41.7712942], [-87.7298929, 41.7712183], [-87.7298839, 41.7708406], [-87.7298485, 41.7695518], [-87.7298463, 41.7694705], [-87.7298443, 41.7693939], [-87.7298005, 41.7677273], [-87.7297983, 41.767648]]}, "properties": {"class": "residential"}}, {"type": "Feature", "geometry": {"type": "LineString", "coordinates": [[-87.7305211, 41.7931348], [-87.7305191, 41.7930567], [-87.7305089, 41.7926866], [-87.7304659, 41.79141], [-87.7304631, 41.791328], [-87.7304607, 41.7912518], [-87.7304086, 41.7895892], [-87.730406, 41.7895064], [-87.7304041, 41.7894295], [-87.730362, 41.7877623], [-87.7303601, 41.7876828], [-87.7303595, 41.7876657], [-87.7303577, 41.787608], [-87.7303164, 41.7863272], [-87.7303024, 41.7859452], [-87.7302996, 41.7858676]]}, "properties": {"class": "residential"}}, {"type": "Feature", "geometry": {"type": "LineString", "coordinates": [[-87.730937, 41.8077918], [-87.7309345, 41.8077066], [-87.7309254, 41.807398], [-87.7308854, 41.8060358], [-87.7308831, 41.8059569], [-87.7308808, 41.8058798], [-87.7308317, 41.8042086], [-87.7308293, 41.804126], [-87.7308268, 41.804047], [-87.730773, 41.802378], [-87.7307704, 41.8022992], [-87.7307683, 41.8022184], [-87.730737, 41.8009871], [-87.7307287, 41.8006775], [-87.730724, 41.8005746]]}, "properties": {"class": "residential"}}, {"type": "Feature", "geometry": {"type": "LineString", "coordinates": [[-87.7738196, 41.7747185], [-87.7738033, 41.7742721], [-87.7738012, 41.7742142]]}, "properties": {"class": "residential"}}, {"type": "Feature", "geometry": {"type": "LineString", "coordinates": [[-87.7433806, 41.7986097], [-87.7436504, 41.7985654]]}, "properties": {"class": "secondary"}}, {"type": "Feature", "geometry": {"type": "LineString", "coordinates": [[-87.7703351, 41.7944874], [-87.7703749, 41.7944815]]}, "properties": {"class": "secondary"}}, {"type": "Feature", "geometry": {"type": "LineString", "coordinates": [[-87.7292943, 41.7931482], [-87.7292968, 41.7932447], [-87.7293067, 41.7936174], [-87.7293411, 41.7949173], [-87.729343, 41.7949921], [-87.7293452, 41.7950761], [-87.7293894, 41.7967456], [-87.7293912, 41.7968185], [-87.7293935, 41.7969045], [-87.7294158, 41.7978386], [-87.7294377, 41.7985728], [-87.7294397, 41.7986508], [-87.7294419, 41.7987318], [-87.7294866, 41.8004035], [-87.7294875, 41.8004588]]}, "properties": {"class": "residential"}}, {"type": "Feature", "geometry": {"type": "LineString", "coordinates": [[-87.7671857, 41.7926406], [-87.7670845, 41.7926427], [-87.7666323, 41.7926522], [-87.7663535, 41.7926581], [-87.7659695, 41.7926661], [-87.7656063, 41.7926737], [-87.7653476, 41.7926792], [-87.7650713, 41.792685], [-87.7647052, 41.7926927], [-87.7645412, 41.7926961], [-87.7644877, 41.7926972], [-87.7641454, 41.7927044], [-87.7635158, 41.7927176], [-87.7632173, 41.7927239], [-87.7630115, 41.7927282]]}, "properties": {"class": "secondary"}}, {"type": "Feature", "geometry": {"type": "LineString", "coordinates": [[-87.7667546, 41.79504], [-87.7671235, 41.7949826], [-87.767227, 41.7949665]]}, "properties": {"class": "secondary"}}, {"type": "Feature", "geometry": {"type": "LineString", "coordinates": [[-87.7713627, 41.774511], [-87.7713564, 41.7743098], [-87.7713547, 41.774256], [-87.7713511, 41.7741582]]}, "properties": {"class": "tertiary"}}, {"type": "Feature", "geometry": {"type": "LineString", "coordinates": [[-87.7716384, 41.781533], [-87.7716354, 41.7814569], [-87.7715699, 41.7797823], [-87.7715668, 41.7797034], [-87.7715637, 41.7796243], [-87.7715603, 41.7795373], [-87.7715127, 41.7783194], [-87.771511, 41.7782764], [-87.7715069, 41.7781704], [-87.7714984, 41.7779546], [-87.7714959, 41.777864]]}, "properties": {"class": "tertiary"}}, {"type": "Feature", "geometry": {"type": "LineString", "coordinates": [[-87.7649198, 41.7816629], [-87.7654291, 41.7816528], [-87.7655318, 41.7816508], [-87.765644, 41.7816486], [-87.7661417, 41.7816389], [-87.7666484, 41.781629], [-87.7667624, 41.7816268], [-87.7668625, 41.7816248], [-87.7673579, 41.7816152], [-87.7678708, 41.7816052], [-87.7679658, 41.7816034], [-87.7680809, 41.7816012], [-87.7685806, 41.7815914], [-87.7690907, 41.7815814], [-87.7691993, 41.7815793], [-87.7693048, 41.7815772], [-87.7697986, 41.7815676], [-87.7703126, 41.7815575], [-87.7704118, 41.7815556], [-87.7705242, 41.7815536], [-87.7710292, 41.7815444], [-87.7715324, 41.7815352], [-87.7716384, 41.781533]]}, "properties": {"class": "residential"}}, {"type": "Feature", "geometry": {"type": "LineString", "coordinates": [[-87.7394936, 41.8076764], [-87.7395967, 41.807675], [-87.7396566, 41.8076742], [-87.7405714, 41.8076618], [-87.7406065, 41.8076613], [-87.7407176, 41.8076599], [-87.7408198, 41.8076585], [-87.7408705, 41.8076578], [-87.7413374, 41.8076515], [-87.7418305, 41.8076449], [-87.7419429, 41.8076434], [-87.7420435, 41.807642], [-87.7424291, 41.8076368]]}, "properties": {"class": "secondary"}}, {"type": "Feature", "geometry": {"type": "LineString", "coordinates": [[-87.7381779, 41.8076941], [-87.7384043, 41.8076911]]}, "properties": {"class": "secondary"}}, {"type": "Feature", "geometry": {"type": "LineString", "coordinates": [[-87.7280638, 41.7931659], [-87.7280612, 41.7930766], [-87.7280504, 41.7927073], [-87.7280135, 41.791433], [-87.7280111, 41.7913516]]}, "properties": {"class": "residential"}}, {"type": "Feature", "geometry": {"type": "LineString", "coordinates": [[-87.7255616, 41.7913751], [-87.7256678, 41.7913741], [-87.7261818, 41.7913691], [-87.7267861, 41.7913633], [-87.7268946, 41.7913622], [-87.7274022, 41.7913573], [-87.7279056, 41.7913526], [-87.7280111, 41.7913516]]}, "properties": {"class": "residential"}}, {"type": "Feature", "geometry": {"type": "LineString", "coordinates": [[-87.7617078, 41.7780481], [-87.7617048, 41.7779634], [-87.7616987, 41.77779]]}, "properties": {"class": "tertiary"}}, {"type": "Feature", "geometry": {"type": "LineString", "coordinates": [[-87.7745346, 41.793845], [-87.774646, 41.7938274], [-87.7750162, 41.7937691], [-87.7754219, 41.7937051]]}, "properties": {"class": "secondary"}}, {"type": "Feature", "geometry": {"type": "LineString", "coordinates": [[-87.7757563, 41.7936545], [-87.7763804, 41.793559], [-87.7769659, 41.7934693], [-87.7771708, 41.7934376], [-87.7773713, 41.7934067], [-87.7774452, 41.7933953], [-87.7775172, 41.7933841], [-87.7780745, 41.7932987], [-87.7781742, 41.7932834]]}, "properties": {"class": "secondary"}}, {"type": "Feature", "geometry": {"type": "LineString", "coordinates": [[-87.7550865, 41.7968446], [-87.7551851, 41.7968297], [-87.7559865, 41.7967085], [-87.7561957, 41.7966763], [-87.7563123, 41.7966584], [-87.7564131, 41.7966433], [-87.7574141, 41.7964936], [-87.7575201, 41.7964777], [-87.7576263, 41.7964612], [-87.7586433, 41.7963028], [-87.7587385, 41.796288], [-87.7588374, 41.7962726], [-87.7593008, 41.7962005]]}, "properties": {"class": "secondary"}}, {"type": "Feature", "geometry": {"type": "LineString", "coordinates": [[-87.7550865, 41.7968446], [-87.7550835, 41.7967381], [-87.755073, 41.79636], [-87.7550573, 41.7958103], [-87.7550557, 41.7957543], [-87.755054, 41.7956936], [-87.7550401, 41.7951994], [-87.7550373, 41.795099], [-87.7550362, 41.7950591], [-87.7550269, 41.7947303], [-87.7550248, 41.7946545]]}, "properties": {"class": "residential"}}, {"type": "Feature", "geometry": {"type": "LineString", "coordinates": [[-87.750636, 41.7975215], [-87.7513262, 41.7974192], [-87.7514345, 41.7974032], [-87.7515242, 41.7973895], [-87.7524078, 41.7972547], [-87.7525234, 41.7972376], [-87.7526348, 41.7972211]]}, "properties": {"class": "secondary"}}, {"type": "Feature", "geometry": {"type": "LineString", "coordinates": [[-87.7733254, 41.794035], [-87.7733223, 41.7939345], [-87.7733099, 41.793558], [-87.7732911, 41.7929778], [-87.7732789, 41.7926013], [-87.7732762, 41.7925175]]}, "properties": {"class": "residential"}}, {"type": "Feature", "geometry": {"type": "LineString", "coordinates": [[-87.7770499, 41.7961395], [-87.7771614, 41.7961377], [-87.7776626, 41.7961294], [-87.7781666, 41.7961211], [-87.7782651, 41.7961194], [-87.7783805, 41.7961175], [-87.7788833, 41.7961092], [-87.7793847, 41.796101], [-87.7794821, 41.7960994], [-87.7795961, 41.7960975], [-87.7801029, 41.7960891], [-87.7806052, 41.7960808], [-87.7807004, 41.7960792], [-87.7808161, 41.7960773], [-87.7813164, 41.7960691], [-87.7818211, 41.7960607], [-87.7819236, 41.7960591], [-87.7820357, 41.7960572], [-87.7825398, 41.7960489], [-87.7830429, 41.7960406], [-87.7831434, 41.7960389], [-87.7832519, 41.7960371], [-87.7837628, 41.7960287], [-87.7842611, 41.7960205], [-87.7843669, 41.7960187], [-87.7844752, 41.7960169], [-87.7849806, 41.7960086], [-87.7854809, 41.7960003], [-87.7855855, 41.7959986], [-87.7856923, 41.7959968], [-87.7861937, 41.7959885], [-87.7867001, 41.7959802], [-87.7867977, 41.7959786]]}, "properties": {"class": "residential"}}, {"type": "Feature", "geometry": {"type": "LineString", "coordinates": [[-87.7325294, 41.7785487], [-87.7326374, 41.7785477], [-87.7327942, 41.7785459], [-87.7331891, 41.7785416], [-87.7336442, 41.7785367], [-87.7337527, 41.7785355], [-87.7338554, 41.7785344], [-87.7343669, 41.7785287], [-87.7348651, 41.778523], [-87.7349699, 41.7785218]]}, "properties": {"class": "secondary"}}, {"type": "Feature", "geometry": {"type": "LineString", "coordinates": [[-87.7325294, 41.7785487], [-87.7325268, 41.7784738], [-87.7325255, 41.7784133], [-87.732518, 41.7781744], [-87.7325161, 41.7780926], [-87.7324911, 41.7768072], [-87.7324888, 41.776733], [-87.7324864, 41.7766489], [-87.7324385, 41.7749883], [-87.7324359, 41.7749059], [-87.7324336, 41.7748291], [-87.7323859, 41.7731704], [-87.7323833, 41.773087], [-87.7323811, 41.7730101], [-87.732344, 41.7717272], [-87.7323331, 41.7713496], [-87.7323305, 41.7712609]]}, "properties": {"class": "residential"}}, {"type": "Feature", "geometry": {"type": "LineString", "coordinates": [[-87.7342099, 41.793572], [-87.7342012, 41.7931982], [-87.734199, 41.7931071]]}, "properties": {"class": "residential"}}, {"type": "Feature", "geometry": {"type": "LineString", "coordinates": [[-87.7333723, 41.8077589], [-87.7334643, 41.8077577], [-87.73351, 41.8077571], [-87.7335215, 41.8077569], [-87.7338603, 41.8077524], [-87.7339926, 41.8077506], [-87.7344283, 41.8077447], [-87.7345956, 41.8077424], [-87.7352044, 41.8077342], [-87.7353143, 41.8077327], [-87.7354109, 41.8077314], [-87.7358137, 41.807726], [-87.7369653, 41.8077105], [-87.737091, 41.8077088], [-87.7372027, 41.8077073], [-87.7381779, 41.8076941]]}, "properties": {"class": "secondary"}}, {"type": "Feature", "geometry": {"type": "LineString", "coordinates": [[-87.7310804, 41.8077898], [-87.7311674, 41.8077886], [-87.7314962, 41.8077842], [-87.7316724, 41.8077818], [-87.7319489, 41.8077781], [-87.7321524, 41.8077754], [-87.7322722, 41.8077737], [-87.7323762, 41.8077723], [-87.7325082, 41.8077706], [-87.7331566, 41.8077618], [-87.7332737, 41.8077603], [-87.7333723, 41.8077589]]}, "properties": {"class": "secondary"}}, {"type": "Feature", "geometry": {"type": "LineString", "coordinates": [[-87.730937, 41.8077918], [-87.7310804, 41.8077898]]}, "properties": {"class": "secondary"}}, {"type": "Feature", "geometry": {"type": "LineString", "coordinates": [[-87.7384043, 41.8076911], [-87.739316, 41.8076788], [-87.7393887, 41.8076778], [-87.7394936, 41.8076764]]}, "properties": {"class": "secondary"}}, {"type": "Feature", "geometry": {"type": "LineString", "coordinates": [[-87.7251697, 41.7768152], [-87.7252621, 41.7768141], [-87.7257659, 41.7768081], [-87.7262695, 41.7768021], [-87.7263758, 41.7768009], [-87.7264822, 41.7767996], [-87.7269947, 41.7767934], [-87.7274911, 41.7767875], [-87.7276003, 41.7767862], [-87.7277056, 41.7767849], [-87.728215, 41.7767788], [-87.7287116, 41.7767729], [-87.7288215, 41.7767716], [-87.7289246, 41.7767703], [-87.7294326, 41.7767643], [-87.729931, 41.7767583], [-87.7300354, 41.7767571]]}, "properties": {"class": "residential"}}, {"type": "Feature", "geometry": {"type": "LineString", "coordinates": [[-87.7300822, 41.7785758], [-87.7300802, 41.7784978], [-87.7300706, 41.7781259], [-87.73007, 41.7781031], [-87.7300375, 41.7768355], [-87.7300354, 41.7767571]]}, "properties": {"class": "residential"}}, {"type": "Feature", "geometry": {"type": "LineString", "coordinates": [[-87.7313578, 41.7803863], [-87.7313603, 41.7804646], [-87.7314152, 41.78213], [-87.7314177, 41.7822055], [-87.7314202, 41.7822872], [-87.7314708, 41.7839311], [-87.7314714, 41.7839516], [-87.7314738, 41.7840301], [-87.7314757, 41.7841108], [-87.731506, 41.7853956], [-87.7315151, 41.7857734], [-87.731517, 41.7858545]]}, "properties": {"class": "residential"}}, {"type": "Feature", "geometry": {"type": "LineString", "coordinates": [[-87.7313128, 41.7785623], [-87.7314143, 41.7785611], [-87.7321012, 41.7785536], [-87.7324221, 41.77855], [-87.7325294, 41.7785487]]}, "properties": {"class": "secondary"}}, {"type": "Feature", "geometry": {"type": "LineString", "coordinates": [[-87.7313128, 41.7785623], [-87.7313148, 41.7786625], [-87.7313224, 41.7790393], [-87.7313556, 41.7803074], [-87.7313578, 41.7803863]]}, "properties": {"class": "residential"}}, {"type": "Feature", "geometry": {"type": "LineString", "coordinates": [[-87.7313578, 41.7803863], [-87.7314718, 41.780385], [-87.7319636, 41.7803794], [-87.732478, 41.7803735], [-87.732594, 41.7803722], [-87.7326888, 41.7803711], [-87.7331909, 41.7803652], [-87.7337012, 41.7803595], [-87.7338062, 41.7803583], [-87.7339041, 41.7803572], [-87.7344069, 41.7803514], [-87.7349167, 41.7803456], [-87.7350277, 41.7803443], [-87.735132, 41.7803431], [-87.7356333, 41.7803375], [-87.7361415, 41.7803317], [-87.7362428, 41.7803305], [-87.7363489, 41.7803293], [-87.7371263, 41.7803203], [-87.7373374, 41.7803179]]}, "properties": {"class": "residential"}}, {"type": "Feature", "geometry": {"type": "LineString", "coordinates": [[-87.7250229, 41.7713609], [-87.7251216, 41.7713595], [-87.7256295, 41.7713526], [-87.7261293, 41.7713459], [-87.726238, 41.7713443], [-87.7263405, 41.7713429], [-87.7268499, 41.7713359], [-87.7273513, 41.7713291], [-87.7274496, 41.7713278]]}, "properties": {"class": "tertiary"}}, {"type": "Feature", "geometry": {"type": "LineString", "coordinates": [[-87.7396263, 41.7711671], [-87.7397497, 41.7711655], [-87.7402521, 41.7711591], [-87.7403245, 41.7711582], [-87.7404736, 41.7711562], [-87.7408605, 41.7711513], [-87.7411887, 41.7711471], [-87.7414577, 41.7711436], [-87.7418563, 41.7711389], [-87.7419442, 41.7711373], [-87.74205, 41.771136], [-87.7421503, 41.7711347]]}, "properties": {"class": "tertiary"}}, {"type": "Feature", "geometry": {"type": "LineString", "coordinates": [[-87.7422099, 41.7729725], [-87.7422023, 41.7727368], [-87.7421983, 41.7726149]]}, "properties": {"class": "primary"}}, {"type": "Feature", "geometry": {"type": "LineString", "coordinates": [[-87.7520095, 41.7782488], [-87.7523764, 41.7782411], [-87.7529812, 41.7782285], [-87.753001, 41.7782281], [-87.7531497, 41.778225], [-87.7532246, 41.7782235]]}, "properties": {"class": "secondary"}}, {"type": "Feature", "geometry": {"type": "LineString", "coordinates": [[-87.7532246, 41.7782235], [-87.753261, 41.7782227]]}, "properties": {"class": "secondary"}}, {"type": "Feature", "geometry": {"type": "LineString", "coordinates": [[-87.7739322, 41.7778151], [-87.7740536, 41.7778129], [-87.7742531, 41.7778093], [-87.7744472, 41.7778058], [-87.7746535, 41.777802], [-87.7751671, 41.7777927], [-87.776284, 41.7777702], [-87.7763791, 41.7777683]]}, "properties": {"class": "secondary"}}, {"type": "Feature", "geometry": {"type": "LineString", "coordinates": [[-87.7327522, 41.785843], [-87.7328573, 41.785842], [-87.7333641, 41.7858368], [-87.7338617, 41.7858317], [-87.7339567, 41.7858308], [-87.7340786, 41.7858296], [-87.7345626, 41.7858247], [-87.7350889, 41.7858194], [-87.7352014, 41.7858183]]}, "properties": {"class": "tertiary"}}, {"type": "Feature", "geometry": {"type": "LineString", "coordinates": [[-87.7327522, 41.785843], [-87.7327498, 41.785761], [-87.732739, 41.7853808], [-87.7327019, 41.7840957], [-87.7326996, 41.7840165], [-87.7326973, 41.7839376], [-87.7326491, 41.7822765], [-87.7326467, 41.7821924], [-87.7326445, 41.7821153], [-87.7325963, 41.7804516], [-87.732594, 41.7803722], [-87.732591, 41.780295], [-87.7325413, 41.7790245], [-87.7325382, 41.7788944], [-87.7325323, 41.7786474], [-87.7325294, 41.7785487]]}, "properties": {"class": "residential"}}, {"type": "Feature", "geometry": {"type": "LineString", "coordinates": [[-87.7648014, 41.7913831], [-87.7647757, 41.7913637], [-87.7647616, 41.7913097], [-87.7647566, 41.7910786], [-87.764753, 41.7909312], [-87.7647603, 41.7908757], [-87.7647826, 41.7908511]]}, "properties": {"class": "residential"}}, {"type": "Feature", "geometry": {"type": "LineString", "coordinates": [[-87.7761404, 41.7717151], [-87.7761251, 41.7712849]]}, "properties": {"class": "residential"}}, {"type": "Feature", "geometry": {"type": "LineString", "coordinates": [[-87.7416482, 41.7966928], [-87.7417503, 41.7966918], [-87.7422532, 41.7966871], [-87.7425908, 41.7966839], [-87.7427008, 41.7966828], [-87.7427776, 41.7966821], [-87.742962, 41.7966804]]}, "properties": {"class": "residential"}}, {"type": "Feature", "geometry": {"type": "LineString", "coordinates": [[-87.7416482, 41.7966928], [-87.7416459, 41.7966102], [-87.7416271, 41.7959268]]}, "properties": {"class": "residential"}}, {"type": "Feature", "geometry": {"type": "LineString", "coordinates": [[-87.7356162, 41.800409], [-87.7358248, 41.8004068], [-87.7362314, 41.8004026], [-87.7368513, 41.8003962], [-87.7375831, 41.8003886]]}, "properties": {"class": "residential"}}, {"type": "Feature", "geometry": {"type": "LineString", "coordinates": [[-87.7356162, 41.800409], [-87.735614, 41.8003346], [-87.7356079, 41.8001316], [-87.7356043, 41.8000139], [-87.7356026, 41.7999329], [-87.7355988, 41.7998285]]}, "properties": {"class": "residential"}}, {"type": "Feature", "geometry": {"type": "LineString", "coordinates": [[-87.7387277, 41.8022053], [-87.73924, 41.8021997], [-87.7393373, 41.8021986], [-87.7394506, 41.8021974], [-87.7399541, 41.8021918], [-87.740461, 41.8021863], [-87.7405661, 41.8021851], [-87.7406722, 41.8021839], [-87.7411745, 41.8021784], [-87.7416849, 41.8021728], [-87.7417875, 41.8021717], [-87.7418961, 41.8021705], [-87.7423954, 41.802165], [-87.7424947, 41.8021639], [-87.7428461, 41.80216], [-87.7429416, 41.802159]]}, "properties": {"class": "residential"}}, {"type": "Feature", "geometry": {"type": "LineString", "coordinates": [[-87.7429416, 41.802159], [-87.7431157, 41.8021565]]}, "properties": {"class": "residential"}}, {"type": "Feature", "geometry": {"type": "LineString", "coordinates": [[-87.7627132, 41.8098547], [-87.7627376, 41.8102976], [-87.7627417, 41.8104113], [-87.7627512, 41.8106792]]}, "properties": {"class": "secondary"}}, {"type": "Feature", "geometry": {"type": "LineString", "coordinates": [[-87.762741, 41.8084757], [-87.762648, 41.8085754], [-87.7626673, 41.8090487], [-87.7627132, 41.8098547]]}, "properties": {"class": "secondary"}}, {"type": "Feature", "geometry": {"type": "LineString", "coordinates": [[-87.7627301, 41.8111218], [-87.7627303, 41.8111884], [-87.7627312, 41.8115326], [-87.7627518, 41.8116972], [-87.7627596, 41.8119539], [-87.7627624, 41.8122559]]}, "properties": {"class": "secondary"}}, {"type": "Feature", "geometry": {"type": "LineString", "coordinates": [[-87.7628905, 41.8109244], [-87.762877, 41.8108133]]}, "properties": {"class": "secondary"}}, {"type": "Feature", "geometry": {"type": "LineString", "coordinates": [[-87.7627367, 41.8108882], [-87.7627294, 41.8109574]]}, "properties": {"class": "secondary"}}, {"type": "Feature", "geometry": {"type": "LineString", "coordinates": [[-87.7627294, 41.8109574], [-87.7627301, 41.8111218]]}, "properties": {"class": "secondary"}}, {"type": "Feature", "geometry": {"type": "LineString", "coordinates": [[-87.762877, 41.8108133], [-87.7628705, 41.8106788]]}, "properties": {"class": "secondary"}}, {"type": "Feature", "geometry": {"type": "LineString", "coordinates": [[-87.7627512, 41.8106792], [-87.7627367, 41.8108882]]}, "properties": {"class": "secondary"}}, {"type": "Feature", "geometry": {"type": "LineString", "coordinates": [[-87.7264216, 41.7786157], [-87.7265341, 41.7786145], [-87.7275406, 41.7786037], [-87.7276504, 41.7786025]]}, "properties": {"class": "secondary"}}, {"type": "Feature", "geometry": {"type": "LineString", "coordinates": [[-87.7490187, 41.798419], [-87.7490155, 41.7983367], [-87.7490093, 41.7981806], [-87.7489986, 41.7978772], [-87.7489949, 41.7977729]]}, "properties": {"class": "residential"}}, {"type": "Feature", "geometry": {"type": "LineString", "coordinates": [[-87.7478052, 41.7984423], [-87.7479075, 41.7984337], [-87.7484145, 41.798428], [-87.7489157, 41.7984205], [-87.7490187, 41.798419]]}, "properties": {"class": "residential"}}, {"type": "Feature", "geometry": {"type": "LineString", "coordinates": [[-87.7527752, 41.8020155], [-87.7528919, 41.8020136], [-87.7533951, 41.8020054], [-87.7539059, 41.8019969], [-87.7539987, 41.8019954], [-87.7541164, 41.8019942], [-87.7546222, 41.801989], [-87.7551271, 41.8019836], [-87.755231, 41.8019825], [-87.7553403, 41.8019811], [-87.7558482, 41.8019744], [-87.756346, 41.8019736], [-87.7564419, 41.8019735], [-87.7565614, 41.8019722], [-87.7570668, 41.8019669], [-87.7575706, 41.8019574]]}, "properties": {"class": "residential"}}, {"type": "Feature", "geometry": {"type": "LineString", "coordinates": [[-87.7575706, 41.8019574], [-87.7576748, 41.8019406], [-87.7577846, 41.8019248]]}, "properties": {"class": "residential"}}, {"type": "Feature", "geometry": {"type": "LineString", "coordinates": [[-87.7395393, 41.8094926], [-87.7396463, 41.8094913], [-87.7401474, 41.8094851], [-87.7406587, 41.8094789], [-87.7407647, 41.8094776], [-87.740871, 41.8094763], [-87.7413748, 41.8094701], [-87.7418813, 41.8094639], [-87.7419878, 41.8094626], [-87.7420912, 41.8094613], [-87.7426024, 41.8094551], [-87.7428893, 41.8094515]]}, "properties": {"class": "residential"}}, {"type": "Feature", "geometry": {"type": "LineString", "coordinates": [[-87.7428893, 41.8094515], [-87.7430352, 41.809487], [-87.7431353, 41.8094485]]}, "properties": {"class": "residential"}}, {"type": "Feature", "geometry": {"type": "LineString", "coordinates": [[-87.7431353, 41.8094485], [-87.743035, 41.8094143], [-87.7428893, 41.8094515]]}, "properties": {"class": "residential"}}, {"type": "Feature", "geometry": {"type": "LineString", "coordinates": [[-87.7426498, 41.8112809], [-87.743088, 41.8112753], [-87.7431825, 41.8112741]]}, "properties": {"class": "residential"}}, {"type": "Feature", "geometry": {"type": "LineString", "coordinates": [[-87.7331572, 41.800208], [-87.733154, 41.8000897], [-87.7331457, 41.7997875], [-87.7331438, 41.7997195], [-87.7331157, 41.7986948], [-87.7331133, 41.7986073], [-87.7331114, 41.7985357], [-87.7330634, 41.7967867], [-87.7330612, 41.7967061], [-87.7330524, 41.796386], [-87.7330154, 41.7950363], [-87.7330131, 41.7949506], [-87.733011, 41.7948759], [-87.7329757, 41.7935857], [-87.7329653, 41.7932084], [-87.7329629, 41.7931195]]}, "properties": {"class": "residential"}}, {"type": "Feature", "geometry": {"type": "LineString", "coordinates": [[-87.731621, 41.7894934], [-87.7316233, 41.7895731], [-87.7316718, 41.7912402], [-87.731674, 41.7913164], [-87.7316764, 41.791399], [-87.7317136, 41.7926764], [-87.7317242, 41.7930425], [-87.7317265, 41.7931226]]}, "properties": {"class": "residential"}}, {"type": "Feature", "geometry": {"type": "LineString", "coordinates": [[-87.7426238, 41.8076341], [-87.7427603, 41.8076323]]}, "properties": {"class": "secondary"}}, {"type": "Feature", "geometry": {"type": "LineString", "coordinates": [[-87.7425294, 41.8076354], [-87.7426238, 41.8076341]]}, "properties": {"class": "secondary"}}, {"type": "Feature", "geometry": {"type": "LineString", "coordinates": [[-87.7626869, 41.8059444], [-87.7626867, 41.8057716]]}, "properties": {"class": "secondary"}}, {"type": "Feature", "geometry": {"type": "LineString", "coordinates": [[-87.7626867, 41.8057716], [-87.7626783, 41.805615], [-87.7626755, 41.8054944]]}, "properties": {"class": "secondary"}}, {"type": "Feature", "geometry": {"type": "LineString", "coordinates": [[-87.7317265, 41.7931226], [-87.7317293, 41.7932202], [-87.7317402, 41.7935932], [-87.7317778, 41.7948898], [-87.7317799, 41.7949646], [-87.7317823, 41.7950491], [-87.7318312, 41.7967876], [-87.7318384, 41.7968812], [-87.7318443, 41.7971751], [-87.7318842, 41.7985464], [-87.7318863, 41.7986218], [-87.7318889, 41.7987082], [-87.7319228, 41.7998755], [-87.7319257, 41.7999774], [-87.7319367, 41.8002839], [-87.731939, 41.8003916]]}, "properties": {"class": "residential"}}, {"type": "Feature", "geometry": {"type": "LineString", "coordinates": [[-87.7343848, 41.8000174], [-87.7343866, 41.8001149], [-87.7343926, 41.8003508], [-87.7343947, 41.8004217], [-87.7343968, 41.8005074], [-87.7344153, 41.8011973], [-87.7344316, 41.8018077], [-87.7344414, 41.8021766], [-87.7344434, 41.8022533]]}, "properties": {"class": "residential"}}, {"type": "Feature", "geometry": {"type": "LineString", "coordinates": [[-87.7368513, 41.8003962], [-87.7368433, 41.8001148], [-87.7368326, 41.7997404], [-87.7368266, 41.7996375]]}, "properties": {"class": "residential"}}, {"type": "Feature", "geometry": {"type": "LineString", "coordinates": [[-87.741708, 41.7988658], [-87.7417041, 41.7987205], [-87.7416959, 41.7984855], [-87.7416939, 41.7984196], [-87.7416503, 41.7967704], [-87.7416482, 41.7966928]]}, "properties": {"class": "residential"}}, {"type": "Feature", "geometry": {"type": "LineString", "coordinates": [[-87.7427198, 41.771126], [-87.7430055, 41.7711229], [-87.7432615, 41.7711201], [-87.7441014, 41.7711108], [-87.7443071, 41.7711086], [-87.7450758, 41.7711001]]}, "properties": {"class": "residential"}}, {"type": "Feature", "geometry": {"type": "LineString", "coordinates": [[-87.7412001, 41.783902], [-87.7412235, 41.7838853], [-87.7412375, 41.7838636], [-87.7412413, 41.7838477], [-87.7412146, 41.7832291]]}, "properties": {"class": "residential"}}, {"type": "Feature", "geometry": {"type": "LineString", "coordinates": [[-87.7412146, 41.7832291], [-87.7411823, 41.7821815], [-87.7411796, 41.7820968], [-87.7411773, 41.7820212], [-87.7411259, 41.780357], [-87.7411233, 41.7802713], [-87.741121, 41.7801975], [-87.7410818, 41.7789277], [-87.741079, 41.7788385], [-87.7410786, 41.7788229], [-87.7410713, 41.7785894], [-87.7410672, 41.7784551]]}, "properties": {"class": "residential"}}, {"type": "Feature", "geometry": {"type": "LineString", "coordinates": [[-87.7398515, 41.7784684], [-87.7398545, 41.7785658], [-87.739859, 41.7787098], [-87.7398668, 41.7789394], [-87.7399053, 41.7802116], [-87.7399075, 41.7802836], [-87.7399102, 41.7803708], [-87.7399613, 41.7820361], [-87.7399639, 41.7821103], [-87.7399659, 41.7821941], [-87.740018, 41.7838618], [-87.7400201, 41.7839312]]}, "properties": {"class": "residential"}}, {"type": "Feature", "geometry": {"type": "LineString", "coordinates": [[-87.7427266, 41.7748111], [-87.7427879, 41.7748098], [-87.7431488, 41.7748019], [-87.7434032, 41.7747964], [-87.7440041, 41.7747834], [-87.7446111, 41.7747702], [-87.7452176, 41.774757], [-87.7458176, 41.774744], [-87.7464309, 41.7747307], [-87.7469321, 41.7747198], [-87.747031, 41.7747176]]}, "properties": {"class": "tertiary"}}, {"type": "Feature", "geometry": {"type": "LineString", "coordinates": [[-87.747031, 41.7747176], [-87.7470264, 41.7746324]]}, "properties": {"class": "residential"}}, {"type": "Feature", "geometry": {"type": "LineString", "coordinates": [[-87.7422699, 41.7748204], [-87.7423882, 41.7748195], [-87.7427266, 41.7748111]]}, "properties": {"class": "tertiary"}}, {"type": "Feature", "geometry": {"type": "LineString", "coordinates": [[-87.7422847, 41.7752764], [-87.7422815, 41.7751859]]}, "properties": {"class": "primary"}}, {"type": "Feature", "geometry": {"type": "LineString", "coordinates": [[-87.7470264, 41.7746324], [-87.7469311, 41.7746345], [-87.7458166, 41.7746584], [-87.7457262, 41.7746604], [-87.7453448, 41.7746687], [-87.744607, 41.7746847], [-87.74451, 41.7746868], [-87.7444487, 41.7746881], [-87.7441109, 41.7746923], [-87.7434006, 41.7747055]]}, "properties": {"class": "tertiary"}}, {"type": "Feature", "geometry": {"type": "LineString", "coordinates": [[-87.7420683, 41.7747844], [-87.7422699, 41.7748204]]}, "properties": {"class": "tertiary"}}, {"type": "Feature", "geometry": {"type": "LineString", "coordinates": [[-87.7434006, 41.7747055], [-87.7423717, 41.7747148], [-87.7422648, 41.7747152]]}, "properties": {"class": "tertiary"}}, {"type": "Feature", "geometry": {"type": "LineString", "coordinates": [[-87.7422699, 41.7748204], [-87.7422648, 41.7747152]]}, "properties": {"class": "primary"}}, {"type": "Feature", "geometry": {"type": "LineString", "coordinates": [[-87.7422648, 41.7747152], [-87.7420683, 41.7747844]]}, "properties": {"class": "tertiary"}}, {"type": "Feature", "geometry": {"type": "LineString", "coordinates": [[-87.7450758, 41.7711001], [-87.7457456, 41.7710919], [-87.7459576, 41.7710894], [-87.7473407, 41.7710724], [-87.7474219, 41.7710714]]}, "properties": {"class": "residential"}}, {"type": "Feature", "geometry": {"type": "LineString", "coordinates": [[-87.7347227, 41.7694125], [-87.7347242, 41.7694909], [-87.7347493, 41.7707788], [-87.7347567, 41.7711606], [-87.7347581, 41.7712296]]}, "properties": {"class": "residential"}}, {"type": "Feature", "geometry": {"type": "LineString", "coordinates": [[-87.7310165, 41.7676308], [-87.7310183, 41.7677103], [-87.7310565, 41.7693785], [-87.7310583, 41.7694569], [-87.7310606, 41.7695371], [-87.7310972, 41.7708252], [-87.7311078, 41.7712036], [-87.7311099, 41.7712776]]}, "properties": {"class": "residential"}}, {"type": "Feature", "geometry": {"type": "LineString", "coordinates": [[-87.7335473, 41.7712453], [-87.7335456, 41.7711759], [-87.733536, 41.7707943], [-87.7335078, 41.7695066], [-87.7335073, 41.7694843]]}, "properties": {"class": "residential"}}, {"type": "Feature", "geometry": {"type": "LineString", "coordinates": [[-87.7479467, 41.8038973], [-87.7479492, 41.8039864], [-87.7479962, 41.8056516], [-87.7479986, 41.8057353], [-87.7480004, 41.8058112], [-87.7480316, 41.8071102], [-87.7480416, 41.8074765], [-87.7480439, 41.807562]]}, "properties": {"class": "residential"}}, {"type": "Feature", "geometry": {"type": "LineString", "coordinates": [[-87.7456013, 41.8075945], [-87.7456032, 41.8076687], [-87.7456129, 41.808042], [-87.7456462, 41.8093333], [-87.7456484, 41.8094177], [-87.7456503, 41.8094921], [-87.7456935, 41.8111631], [-87.7456955, 41.811242]]}, "properties": {"class": "residential"}}]}