{"type": "FeatureCollection", "features": [{"type": "Feature", "geometry": {"type": "LineString", "coordinates": [[-96.7746305, 32.7948178], [-96.7745757, 32.794862], [-96.7741247, 32.795226]]}, "properties": {"class": "residential"}}, {"type": "Feature", "geometry": {"type": "LineString", "coordinates": [[-96.7923945, 32.7973326], [-96.7920145, 32.7976365], [-96.7919071, 32.7977223], [-96.7918654, 32.7977536]]}, "properties": {"class": "residential"}}, {"type": "Feature", "geometry": {"type": "LineString", "coordinates": [[-96.7915157, 32.7980898], [-96.7910082, 32.7985065], [-96.790946, 32.7985193], [-96.790883, 32.7985544], [-96.7902048, 32.7991138], [-96.789756, 32.7994952], [-96.7896791, 32.7995574], [-96.7896292, 32.7995977]]}, "properties": {"class": "residential"}}, {"type": "Feature", "geometry": {"type": "LineString", "coordinates": [[-96.7887348, 32.8000749], [-96.7886899, 32.8001022], [-96.78783, 32.8008196], [-96.7877977, 32.8008454]]}, "properties": {"class": "residential"}}, {"type": "Feature", "geometry": {"type": "LineString", "coordinates": [[-96.7908466, 32.7846911], [-96.7909335, 32.784811], [-96.7910127, 32.7849332], [-96.791105, 32.785091], [-96.7911749, 32.7852879], [-96.7912259, 32.7854594], [-96.7912435, 32.7855187]]}, "properties": {"class": "secondary"}}, {"type": "Feature", "geometry": {"type": "LineString", "coordinates": [[-96.8032828, 32.7813793], [-96.8032913, 32.7814266], [-96.8032938, 32.7814353], [-96.8033725, 32.7817611], [-96.8034181, 32.7818935], [-96.8034621, 32.7819935], [-96.8035062, 32.7820709], [-96.8035841, 32.7822076], [-96.803604, 32.782241], [-96.8036272, 32.7822837]]}, "properties": {"class": "secondary"}}, {"type": "Feature", "geometry": {"type": "LineString", "coordinates": [[-96.7925297, 32.7921028], [-96.7924814, 32.7915087], [-96.792421, 32.7909642]]}, "properties": {"class": "primary"}}, {"type": "Feature", "geometry": {"type": "LineString", "coordinates": [[-96.803982, 32.78389], [-96.8039786, 32.783925], [-96.8039602, 32.784245], [-96.8039462, 32.7845429], [-96.8039428, 32.7846206], [-96.8039355, 32.784785], [-96.8039135, 32.7851375], [-96.803912, 32.7851622], [-96.8039074, 32.7852359], [-96.8039066, 32.7853311], [-96.803917, 32.785407], [-96.8039818, 32.7855445]]}, "properties": {"class": "secondary"}}, {"type": "Feature", "geometry": {"type": "LineString", "coordinates": [[-96.7719616, 32.7809329], [-96.77205, 32.7810694], [-96.7720692, 32.7812051], [-96.7720576, 32.7812948], [-96.7718419, 32.7815906], [-96.7717916, 32.7816621]]}, "properties": {"class": "residential"}}, {"type": "Feature", "geometry": {"type": "LineString", "coordinates": [[-96.8054702, 32.786696], [-96.8050221, 32.7862965], [-96.8049, 32.786184]]}, "properties": {"class": "secondary"}}, {"type": "Feature", "geometry": {"type": "LineString", "coordinates": [[-96.8031093, 32.766998], [-96.8032581, 32.7669102], [-96.8034935, 32.7665795], [-96.8035182, 32.7665223], [-96.803554, 32.766396]]}, "properties": {"class": "secondary"}}, {"type": "Feature", "geometry": {"type": "LineString", "coordinates": [[-96.7952171, 32.7936195], [-96.7949806, 32.7937073], [-96.7947568, 32.7937697], [-96.7945408, 32.7937962], [-96.7943484, 32.7937912], [-96.79418, 32.793761], [-96.7940096, 32.7937058], [-96.7938677, 32.793646], [-96.7937294, 32.7935686], [-96.7936198, 32.7934949], [-96.7934743, 32.7933571], [-96.7934299, 32.7933081], [-96.7933478, 32.7932134], [-96.7932697, 32.7930865], [-96.793231, 32.793004], [-96.7931439, 32.7927567]]}, "properties": {"class": "secondary"}}, {"type": "Feature", "geometry": {"type": "LineString", "coordinates": [[-96.8120176, 32.7704422], [-96.8118598, 32.7704632], [-96.811751, 32.7704878], [-96.8116581, 32.7705077]]}, "properties": {"class": "secondary"}}, {"type": "Feature", "geometry": {"type": "LineString", "coordinates": [[-96.783845, 32.778281], [-96.7839221, 32.778186], [-96.783966, 32.778132], [-96.7845665, 32.7775316], [-96.7848991, 32.7772294], [-96.7853664, 32.7768337], [-96.7855897, 32.7766487], [-96.7857949, 32.7765021], [-96.7861804, 32.7762784], [-96.7862264, 32.7762614], [-96.7862741, 32.7762561], [-96.7863128, 32.7762619], [-96.7863485, 32.7762742]]}, "properties": {"class": "tertiary"}}, {"type": "Feature", "geometry": {"type": "LineString", "coordinates": [[-96.8108717, 32.7973156], [-96.8110893, 32.7974565], [-96.8112587, 32.7975528], [-96.8114426, 32.79765], [-96.8116295, 32.7977339], [-96.8119376, 32.7978429], [-96.8122189, 32.7979189], [-96.812896, 32.798091], [-96.8137564, 32.7982924], [-96.8141722, 32.7983802], [-96.8144417, 32.798451], [-96.81448, 32.7984613]]}, "properties": {"class": "primary"}}, {"type": "Feature", "geometry": {"type": "LineString", "coordinates": [[-96.81567, 32.7600015], [-96.8156066, 32.760977], [-96.815576, 32.761113], [-96.815521, 32.761266], [-96.815372, 32.761473], [-96.8153283, 32.7615214]]}, "properties": {"class": "tertiary"}}, {"type": "Feature", "geometry": {"type": "LineString", "coordinates": [[-96.7810824, 32.7694965], [-96.780871, 32.7697991], [-96.7808374, 32.7698648], [-96.780837, 32.7699503], [-96.7808557, 32.7700133], [-96.7808922, 32.7700748], [-96.7811322, 32.7703507], [-96.7815863, 32.7708891]]}, "properties": {"class": "residential"}}, {"type": "Feature", "geometry": {"type": "LineString", "coordinates": [[-96.8152647, 32.7944297], [-96.8152977, 32.7942502]]}, "properties": {"class": "secondary"}}, {"type": "Feature", "geometry": {"type": "LineString", "coordinates": [[-96.7914603, 32.7868445], [-96.7914604, 32.7869928], [-96.7914608, 32.7875007]]}, "properties": {"class": "primary"}}, {"type": "Feature", "geometry": {"type": "LineString", "coordinates": [[-96.8025101, 32.7939622], [-96.8024958, 32.7939555], [-96.8024196, 32.7939312], [-96.802227, 32.7938874], [-96.8021791, 32.7938768], [-96.8018404, 32.7937832], [-96.8017617, 32.7937595], [-96.8016631, 32.7937221], [-96.801513, 32.7936561], [-96.8013511, 32.7935757], [-96.8011528, 32.7934651], [-96.8010664, 32.7934169], [-96.800999, 32.7933793], [-96.800917, 32.7933452], [-96.8008207, 32.7933052], [-96.8007316, 32.7932769], [-96.8006416, 32.7932482], [-96.800521, 32.7932188], [-96.8004013, 32.7931935], [-96.8002053, 32.7931665], [-96.8000862, 32.7931568], [-96.799973, 32.7931592], [-96.7998284, 32.793167], [-96.79969, 32.7931796], [-96.7992535, 32.7932397]]}, "properties": {"class": "secondary"}}, {"type": "Feature", "geometry": {"type": "LineString", "coordinates": [[-96.7989674, 32.7932723], [-96.7987482, 32.7932429], [-96.7986721, 32.7932368], [-96.7985081, 32.793214], [-96.798295, 32.7931735]]}, "properties": {"class": "secondary"}}, {"type": "Feature", "geometry": {"type": "LineString", "coordinates": [[-96.7762262, 32.80148], [-96.776246, 32.8014979], [-96.776285, 32.801533]]}, "properties": {"class": "residential"}}, {"type": "Feature", "geometry": {"type": "LineString", "coordinates": [[-96.7717997, 32.7981071], [-96.7718651, 32.7981639], [-96.7722207, 32.7984752], [-96.7726925, 32.7988877], [-96.7730689, 32.7992169], [-96.7731225, 32.7992638]]}, "properties": {"class": "residential"}}, {"type": "Feature", "geometry": {"type": "LineString", "coordinates": [[-96.783291, 32.793685], [-96.7833735, 32.7937558], [-96.7838391, 32.7941486], [-96.7838972, 32.7941955], [-96.7839566, 32.7942404], [-96.7841274, 32.7943857], [-96.784476, 32.7946642], [-96.7845318, 32.7947133]]}, "properties": {"class": "residential"}}, {"type": "Feature", "geometry": {"type": "LineString", "coordinates": [[-96.7903368, 32.7770488], [-96.7902605, 32.7771036], [-96.7894889, 32.7775844], [-96.7894655, 32.7775983], [-96.7893908, 32.7776432], [-96.7893173, 32.777687], [-96.7892939, 32.7777005], [-96.7887169, 32.7780521], [-96.7884003, 32.7782396], [-96.7883774, 32.7782529], [-96.7882698, 32.7783138]]}, "properties": {"class": "residential"}}, {"type": "Feature", "geometry": {"type": "LineString", "coordinates": [[-96.7867466, 32.7792184], [-96.786698, 32.7792485], [-96.7866658, 32.779267], [-96.7855164, 32.7799718], [-96.7854825, 32.7799907], [-96.7853661, 32.7800619], [-96.7852698, 32.7801231], [-96.785234, 32.7801455], [-96.7840362, 32.7809015], [-96.7838083, 32.7810368], [-96.7837367, 32.7810739], [-96.7836812, 32.7810984], [-96.7836049, 32.7811218], [-96.7831339, 32.7812261], [-96.7828075, 32.7812927], [-96.7827438, 32.781305], [-96.7826693, 32.7813194], [-96.781898, 32.7814645], [-96.7816442, 32.781511], [-96.7815175, 32.7815339], [-96.7814448, 32.7815488], [-96.7813589, 32.781566], [-96.7804502, 32.7817474], [-96.7801802, 32.7818013], [-96.779868, 32.781864], [-96.7794005, 32.7819599], [-96.7792466, 32.7819784], [-96.7791238, 32.7819821], [-96.7789761, 32.7819428]]}, "properties": {"class": "residential"}}, {"type": "Feature", "geometry": {"type": "LineString", "coordinates": [[-96.7914384, 32.7989386], [-96.7907138, 32.799553], [-96.7902717, 32.7999276], [-96.7901383, 32.8000376]]}, "properties": {"class": "residential"}}, {"type": "Feature", "geometry": {"type": "LineString", "coordinates": [[-96.7913958, 32.7989036], [-96.7920273, 32.7983808], [-96.7922007, 32.7982452]]}, "properties": {"class": "residential"}}, {"type": "Feature", "geometry": {"type": "LineString", "coordinates": [[-96.7909184, 32.7706351], [-96.7906004, 32.7709281], [-96.7905156, 32.7710074], [-96.7904416, 32.7711086], [-96.7903759, 32.7712147], [-96.7903087, 32.7713768], [-96.7902713, 32.7714942], [-96.7902388, 32.7716361], [-96.7902168, 32.7717334], [-96.7898494, 32.7720233], [-96.789804, 32.7720603]]}, "properties": {"class": "residential"}}, {"type": "Feature", "geometry": {"type": "LineString", "coordinates": [[-96.7930668, 32.7692092], [-96.7930253, 32.7692406], [-96.7926332, 32.7695484], [-96.7922386, 32.7698767], [-96.7921588, 32.7699461]]}, "properties": {"class": "residential"}}, {"type": "Feature", "geometry": {"type": "LineString", "coordinates": [[-96.7839476, 32.7877736], [-96.7838754, 32.787878], [-96.7838481, 32.7879314], [-96.783795, 32.7880129], [-96.7837097, 32.7881167], [-96.7835238, 32.7882779], [-96.783383, 32.7884037], [-96.7833581, 32.7884817]]}, "properties": {"class": "tertiary"}}, {"type": "Feature", "geometry": {"type": "LineString", "coordinates": [[-96.7937178, 32.7799413], [-96.7937359, 32.779973], [-96.7937569, 32.7800173], [-96.7938111, 32.7801861], [-96.7938286, 32.7802427], [-96.7938457, 32.7802994], [-96.793912, 32.7805245]]}, "properties": {"class": "secondary"}}, {"type": "Feature", "geometry": {"type": "LineString", "coordinates": [[-96.7880224, 32.7932355], [-96.7870512, 32.7940623]]}, "properties": {"class": "residential"}}, {"type": "Feature", "geometry": {"type": "LineString", "coordinates": [[-96.7739288, 32.7985938], [-96.7739998, 32.7986562], [-96.7747272, 32.799281], [-96.7747693, 32.7993172]]}, "properties": {"class": "residential"}}, {"type": "Feature", "geometry": {"type": "LineString", "coordinates": [[-96.7726883, 32.7973728], [-96.7727567, 32.7974337], [-96.7735992, 32.7981845], [-96.7739408, 32.7984889], [-96.7739959, 32.798538]]}, "properties": {"class": "residential"}}, {"type": "Feature", "geometry": {"type": "LineString", "coordinates": [[-96.793334, 32.7710823], [-96.7932457, 32.7711456], [-96.792612, 32.7716798], [-96.7923767, 32.7718621], [-96.792321, 32.7719005], [-96.7922584, 32.7719394], [-96.7912488, 32.7727116], [-96.7911625, 32.7727788]]}, "properties": {"class": "residential"}}, {"type": "Feature", "geometry": {"type": "LineString", "coordinates": [[-96.7690882, 32.7914925], [-96.7691472, 32.791543], [-96.7694433, 32.791796], [-96.7706562, 32.7928325], [-96.7707158, 32.7928844], [-96.7707816, 32.7929407], [-96.7713854, 32.7934571], [-96.7717741, 32.7937927], [-96.7722432, 32.7941907], [-96.7722898, 32.7942305]]}, "properties": {"class": "residential"}}, {"type": "Feature", "geometry": {"type": "LineString", "coordinates": [[-96.77793, 32.772861], [-96.7773398, 32.772172], [-96.7769486, 32.7717006], [-96.7768665, 32.7715949], [-96.7760081, 32.7706157]]}, "properties": {"class": "residential"}}, {"type": "Feature", "geometry": {"type": "LineString", "coordinates": [[-96.8089762, 32.7538339], [-96.8089185, 32.7538194], [-96.8086357, 32.7538192], [-96.808346, 32.7538191]]}, "properties": {"class": "residential"}}, {"type": "Feature", "geometry": {"type": "LineString", "coordinates": [[-96.822895, 32.753777], [-96.8228318, 32.7537775], [-96.8217509, 32.7537855], [-96.8201831, 32.7537968], [-96.8190849, 32.7537943], [-96.8183156, 32.7537974], [-96.8175793, 32.7538024], [-96.8166282, 32.7537993], [-96.8164666, 32.7538004], [-96.8156688, 32.7538033], [-96.8149041, 32.7538012], [-96.8142459, 32.7537999], [-96.8141451, 32.7537997], [-96.8140906, 32.7537997], [-96.81344, 32.7537998], [-96.8127836, 32.7538052], [-96.8127212, 32.7538077], [-96.8126583, 32.7538065], [-96.8119294, 32.7537934], [-96.8113806, 32.7537937], [-96.8110088, 32.7537949], [-96.8109278, 32.7537939]]}, "properties": {"class": "residential"}}, {"type": "Feature", "geometry": {"type": "LineString", "coordinates": [[-96.785384, 32.787824], [-96.7853425, 32.7878536], [-96.7848718, 32.7881892], [-96.7847546, 32.7882728], [-96.7847094, 32.7883062], [-96.784339, 32.788569], [-96.7831006, 32.7894548], [-96.7825828, 32.7898367], [-96.7825004, 32.7898972]]}, "properties": {"class": "residential"}}, {"type": "Feature", "geometry": {"type": "LineString", "coordinates": [[-96.782886, 32.7902379], [-96.7827995, 32.7903098], [-96.7822329, 32.7907841], [-96.7819146, 32.7910506], [-96.7814213, 32.7914637], [-96.7814005, 32.7914811], [-96.7813108, 32.7915562], [-96.7811715, 32.7916729], [-96.7807991, 32.7919846], [-96.7804536, 32.7922739], [-96.7804173, 32.7923044], [-96.7802106, 32.7924775], [-96.7800974, 32.7925744], [-96.7800251, 32.7926328]]}, "properties": {"class": "residential"}}, {"type": "Feature", "geometry": {"type": "LineString", "coordinates": [[-96.8038231, 32.7964837], [-96.803774, 32.7965258], [-96.8033469, 32.7968922], [-96.8029216, 32.7972572], [-96.8028704, 32.7973005]]}, "properties": {"class": "residential"}}, {"type": "Feature", "geometry": {"type": "LineString", "coordinates": [[-96.8042902, 32.7953797], [-96.8042204, 32.7954357], [-96.8038356, 32.7957613], [-96.8034559, 32.7960826], [-96.8034038, 32.7961267]]}, "properties": {"class": "residential"}}, {"type": "Feature", "geometry": {"type": "LineString", "coordinates": [[-96.7995742, 32.7856039], [-96.7995112, 32.7855485], [-96.799257, 32.785325], [-96.7986919, 32.7848199]]}, "properties": {"class": "tertiary"}}, {"type": "Feature", "geometry": {"type": "LineString", "coordinates": [[-96.8070075, 32.8009314], [-96.8069626, 32.8009694], [-96.8066579, 32.8012201], [-96.8065733, 32.801282], [-96.8065101, 32.8013165], [-96.8064377, 32.8013458], [-96.8064155, 32.8013528], [-96.8059569, 32.8014594], [-96.8059417, 32.8014632], [-96.8058599, 32.8014756]]}, "properties": {"class": "residential"}}, {"type": "Feature", "geometry": {"type": "LineString", "coordinates": [[-96.8077121, 32.7784379], [-96.8076451, 32.7782144], [-96.8076072, 32.7780901]]}, "properties": {"class": "secondary"}}, {"type": "Feature", "geometry": {"type": "LineString", "coordinates": [[-96.8118394, 32.7635824], [-96.8086088, 32.7684932], [-96.8082499, 32.7689853], [-96.8070133, 32.7705375], [-96.805775, 32.7721106], [-96.8049686, 32.7731381]]}, "properties": {"class": "secondary"}}, {"type": "Feature", "geometry": {"type": "LineString", "coordinates": [[-96.7885548, 32.7975242], [-96.7885991, 32.7975663], [-96.7888476, 32.7977807], [-96.789282, 32.7981554], [-96.7893184, 32.7981888]]}, "properties": {"class": "residential"}}, {"type": "Feature", "geometry": {"type": "LineString", "coordinates": [[-96.785865, 32.780623], [-96.7858542, 32.7807165], [-96.7858983, 32.7808974], [-96.7859261, 32.7810662], [-96.7859294, 32.7813091], [-96.7859327, 32.7814555], [-96.7859444, 32.7816143], [-96.7859478, 32.7816593]]}, "properties": {"class": "secondary"}}, {"type": "Feature", "geometry": {"type": "LineString", "coordinates": [[-96.7910736, 32.7977615], [-96.7905691, 32.7981872]]}, "properties": {"class": "residential"}}, {"type": "Feature", "geometry": {"type": "LineString", "coordinates": [[-96.7967088, 32.7906746], [-96.7967893, 32.7907213], [-96.797483, 32.7912957]]}, "properties": {"class": "residential"}}, {"type": "Feature", "geometry": {"type": "LineString", "coordinates": [[-96.7882681, 32.7620437], [-96.7882092, 32.7620609], [-96.7877495, 32.7624438], [-96.7876898, 32.7624975], [-96.7876012, 32.7625775], [-96.787521, 32.7626477], [-96.7868505, 32.7632036], [-96.7867596, 32.7632783]]}, "properties": {"class": "residential"}}, {"type": "Feature", "geometry": {"type": "LineString", "coordinates": [[-96.809297, 32.7566549], [-96.8092514, 32.7566547], [-96.8083935, 32.7566519], [-96.8077965, 32.756638], [-96.807693, 32.7566374], [-96.8069731, 32.7566384]]}, "properties": {"class": "residential"}}, {"type": "Feature", "geometry": {"type": "LineString", "coordinates": [[-96.7874945, 32.7943951], [-96.7874547, 32.7943899], [-96.7870512, 32.7940623], [-96.7866409, 32.793714], [-96.7862202, 32.793362], [-96.7861851, 32.7933327]]}, "properties": {"class": "residential"}}, {"type": "Feature", "geometry": {"type": "LineString", "coordinates": [[-96.8143896, 32.762903], [-96.814557, 32.762631], [-96.8146353, 32.7625201], [-96.8146511, 32.7624978], [-96.814747, 32.762362], [-96.8153559, 32.7616375], [-96.8155138, 32.7614047], [-96.8156198, 32.7611988]]}, "properties": {"class": "tertiary"}}, {"type": "Feature", "geometry": {"type": "LineString", "coordinates": [[-96.8183324, 32.7603601], [-96.8188676, 32.7599165], [-96.8190892, 32.7597463], [-96.8192925, 32.7596053]]}, "properties": {"class": "secondary"}}, {"type": "Feature", "geometry": {"type": "LineString", "coordinates": [[-96.7758231, 32.7580654], [-96.7746588, 32.7590272], [-96.7745613, 32.7590865], [-96.7742586, 32.759319], [-96.774198, 32.759365]]}, "properties": {"class": "residential"}}, {"type": "Feature", "geometry": {"type": "LineString", "coordinates": [[-96.774524, 32.758527], [-96.7736479, 32.7577985], [-96.773289, 32.757531]]}, "properties": {"class": "residential"}}, {"type": "Feature", "geometry": {"type": "LineString", "coordinates": [[-96.7843255, 32.7746992], [-96.7842068, 32.7747754], [-96.784125, 32.77483], [-96.784024, 32.774887], [-96.783924, 32.774911], [-96.783811, 32.774918], [-96.783664, 32.774904], [-96.783482, 32.77487], [-96.783306, 32.774817], [-96.78323, 32.774777], [-96.783161, 32.774709], [-96.7829248, 32.7744276], [-96.7823812, 32.7738027], [-96.7823364, 32.77375]]}, "properties": {"class": "residential"}}, {"type": "Feature", "geometry": {"type": "LineString", "coordinates": [[-96.7792286, 32.7615987], [-96.7788002, 32.7619627], [-96.7786473, 32.7620834], [-96.7783421, 32.7623449], [-96.7783207, 32.7623633], [-96.7782305, 32.7624405], [-96.7781659, 32.7624947], [-96.7778886, 32.7627271], [-96.7777208, 32.762874]]}, "properties": {"class": "residential"}}, {"type": "Feature", "geometry": {"type": "LineString", "coordinates": [[-96.793344, 32.782668], [-96.7933811, 32.782753], [-96.7934287, 32.7829011], [-96.7935558, 32.7833169], [-96.7935637, 32.7833399], [-96.7935931, 32.7834154]]}, "properties": {"class": "tertiary"}}, {"type": "Feature", "geometry": {"type": "LineString", "coordinates": [[-96.7938989, 32.7897905], [-96.7938648, 32.7897308], [-96.7938265, 32.7896637], [-96.7937924, 32.7896349], [-96.7929583, 32.7889429]]}, "properties": {"class": "tertiary"}}, {"type": "Feature", "geometry": {"type": "LineString", "coordinates": [[-96.80341, 32.7812289], [-96.8034024, 32.7812033], [-96.8032446, 32.7806831], [-96.8032183, 32.7806026]]}, "properties": {"class": "secondary"}}, {"type": "Feature", "geometry": {"type": "LineString", "coordinates": [[-96.778007, 32.773826], [-96.777851, 32.7737691]]}, "properties": {"class": "residential"}}, {"type": "Feature", "geometry": {"type": "LineString", "coordinates": [[-96.797277, 32.7935218], [-96.7973088, 32.7935504], [-96.7976653, 32.7938605], [-96.7977163, 32.7939087]]}, "properties": {"class": "residential"}}, {"type": "Feature", "geometry": {"type": "LineString", "coordinates": [[-96.8080304, 32.7709694], [-96.814126, 32.7632301]]}, "properties": {"class": "secondary"}}, {"type": "Feature", "geometry": {"type": "LineString", "coordinates": [[-96.8078333, 32.7788384], [-96.8079605, 32.7788137], [-96.8092795, 32.778515]]}, "properties": {"class": "secondary"}}, {"type": "Feature", "geometry": {"type": "LineString", "coordinates": [[-96.8085935, 32.7954389], [-96.8084912, 32.7955237], [-96.8082022, 32.7957633], [-96.8080364, 32.7959007], [-96.8077419, 32.7961448], [-96.8075139, 32.7963338], [-96.8074587, 32.7963795], [-96.8074161, 32.7964154], [-96.807163, 32.7966247], [-96.8071443, 32.7966402], [-96.8070573, 32.7967123], [-96.8069677, 32.7967865], [-96.8065464, 32.7971357], [-96.8065188, 32.7971586], [-96.8064369, 32.7972264]]}, "properties": {"class": "residential"}}, {"type": "Feature", "geometry": {"type": "LineString", "coordinates": [[-96.7849401, 32.79438], [-96.7849905, 32.7944247], [-96.7851415, 32.7945629], [-96.785321, 32.7947138], [-96.7856635, 32.7949998], [-96.785709, 32.7950402], [-96.785749, 32.7950738], [-96.786106, 32.7953742], [-96.7866134, 32.7958011], [-96.7866695, 32.7958482]]}, "properties": {"class": "residential"}}, {"type": "Feature", "geometry": {"type": "LineString", "coordinates": [[-96.7864836, 32.7960142], [-96.7865376, 32.7960606], [-96.7873411, 32.7967515], [-96.787435, 32.796832]]}, "properties": {"class": "residential"}}, {"type": "Feature", "geometry": {"type": "LineString", "coordinates": [[-96.8156066, 32.760977], [-96.8148706, 32.7609788], [-96.8141876, 32.7609783], [-96.8129177, 32.760978], [-96.8128184, 32.7609765]]}, "properties": {"class": "residential"}}, {"type": "Feature", "geometry": {"type": "LineString", "coordinates": [[-96.8086926, 32.7579541], [-96.8087861, 32.7580116], [-96.8089747, 32.7581135], [-96.8090458, 32.7581395]]}, "properties": {"class": "tertiary"}}, {"type": "Feature", "geometry": {"type": "LineString", "coordinates": [[-96.773888, 32.7550639], [-96.7738348, 32.7551068], [-96.7733642, 32.7554861], [-96.7730542, 32.7557551], [-96.77274, 32.7560201]]}, "properties": {"class": "residential"}}, {"type": "Feature", "geometry": {"type": "LineString", "coordinates": [[-96.7876948, 32.7680045], [-96.7867261, 32.7688048], [-96.786155, 32.769286]]}, "properties": {"class": "residential"}}, {"type": "Feature", "geometry": {"type": "LineString", "coordinates": [[-96.7833438, 32.7719578], [-96.782435, 32.772498]]}, "properties": {"class": "residential"}}, {"type": "Feature", "geometry": {"type": "LineString", "coordinates": [[-96.7992535, 32.7932397], [-96.7992658, 32.7933155], [-96.7992689, 32.7933429], [-96.7992667, 32.7933931], [-96.7992503, 32.7934443], [-96.7992133, 32.7934968], [-96.7991057, 32.7936025], [-96.7989034, 32.7937724], [-96.7988477, 32.7938451]]}, "properties": {"class": "residential"}}, {"type": "Feature", "geometry": {"type": "LineString", "coordinates": [[-96.808768, 32.7520292], [-96.8085761, 32.7520288], [-96.8083578, 32.7520293]]}, "properties": {"class": "residential"}}, {"type": "Feature", "geometry": {"type": "LineString", "coordinates": [[-96.8113834, 32.752021], [-96.8112552, 32.7520051], [-96.8111845, 32.7520046], [-96.8111092, 32.7520041], [-96.8104344, 32.7520125], [-96.810012, 32.7520178], [-96.8099423, 32.7520187]]}, "properties": {"class": "residential"}}, {"type": "Feature", "geometry": {"type": "LineString", "coordinates": [[-96.8012554, 32.7959185], [-96.8012044, 32.7959616], [-96.8011623, 32.795993], [-96.800535, 32.7965258], [-96.800505, 32.7965522], [-96.8004586, 32.7965911], [-96.8004192, 32.7966243], [-96.8003859, 32.7966529], [-96.7997682, 32.7971728], [-96.7997348, 32.797202], [-96.7996864, 32.7972428]]}, "properties": {"class": "residential"}}, {"type": "Feature", "geometry": {"type": "LineString", "coordinates": [[-96.8228549, 32.770051], [-96.822715, 32.7700641], [-96.8218922, 32.7700748]]}, "properties": {"class": "residential"}}, {"type": "Feature", "geometry": {"type": "LineString", "coordinates": [[-96.7748779, 32.7903378], [-96.7749252, 32.7903793], [-96.7749345, 32.790386], [-96.7753391, 32.7907434], [-96.7754766, 32.7908602], [-96.7755082, 32.7908872], [-96.7758596, 32.7911772], [-96.775912, 32.7912178], [-96.7759636, 32.7912584], [-96.7760391, 32.7913228], [-96.7762193, 32.7914767], [-96.776254, 32.7915063], [-96.7764324, 32.7916588], [-96.7765397, 32.7917504], [-96.7766239, 32.7918224], [-96.7766592, 32.7918525], [-96.7768997, 32.7920579], [-96.7769606, 32.79211]]}, "properties": {"class": "residential"}}, {"type": "Feature", "geometry": {"type": "LineString", "coordinates": [[-96.7967173, 32.7685441], [-96.7966446, 32.7686163], [-96.7964451, 32.7688142], [-96.7962905, 32.7689675], [-96.7961845, 32.7690727], [-96.7960301, 32.7692292], [-96.7959657, 32.7692945], [-96.7956635, 32.7696008], [-96.7955855, 32.7696798], [-96.7955371, 32.7697289]]}, "properties": {"class": "tertiary"}}, {"type": "Feature", "geometry": {"type": "LineString", "coordinates": [[-96.778753, 32.7924549], [-96.7787857, 32.7924806], [-96.7788542, 32.7925404], [-96.7790593, 32.7927137], [-96.779157, 32.7927962], [-96.7792739, 32.7928949], [-96.7794554, 32.7930483], [-96.7794913, 32.7930787]]}, "properties": {"class": "residential"}}, {"type": "Feature", "geometry": {"type": "LineString", "coordinates": [[-96.7950609, 32.7948476], [-96.795131, 32.7949069], [-96.7951451, 32.7949189], [-96.795642, 32.7953395], [-96.7956923, 32.7953821]]}, "properties": {"class": "residential"}}, {"type": "Feature", "geometry": {"type": "LineString", "coordinates": [[-96.8021237, 32.8015633], [-96.8017123, 32.8012169], [-96.8016784, 32.8011909], [-96.8015554, 32.8010874]]}, "properties": {"class": "tertiary"}}, {"type": "Feature", "geometry": {"type": "LineString", "coordinates": [[-96.7895317, 32.7905424], [-96.7895753, 32.7905777], [-96.790082, 32.7910186], [-96.7901232, 32.7910545], [-96.7904196, 32.7913125], [-96.7911846, 32.791968], [-96.7912374, 32.7920133], [-96.7912817, 32.7920531], [-96.7916534, 32.7923862]]}, "properties": {"class": "residential"}}, {"type": "Feature", "geometry": {"type": "LineString", "coordinates": [[-96.7906439, 32.7721535], [-96.7906511, 32.7722339], [-96.7906621, 32.7723059], [-96.7906912, 32.7723339]]}, "properties": {"class": "residential"}}, {"type": "Feature", "geometry": {"type": "LineString", "coordinates": [[-96.791841, 32.7948915], [-96.7918862, 32.7949298], [-96.7920499, 32.7950685], [-96.7921631, 32.7951591], [-96.7921847, 32.7951979], [-96.7921928, 32.7952475], [-96.7921908, 32.7952897], [-96.7922085, 32.7953329], [-96.7922806, 32.7953884], [-96.7923465, 32.7954078], [-96.7923878, 32.7954164]]}, "properties": {"class": "residential"}}, {"type": "Feature", "geometry": {"type": "LineString", "coordinates": [[-96.7875932, 32.7921733], [-96.787625, 32.7921783], [-96.7876544, 32.792192], [-96.7876918, 32.7922199], [-96.788055, 32.7925275], [-96.7885404, 32.7929327], [-96.7893383, 32.7936023], [-96.7893896, 32.7936455], [-96.7895072, 32.7937477], [-96.7897251, 32.7939296], [-96.7898023, 32.7940003], [-96.7898225, 32.7940184], [-96.7900536, 32.7942293], [-96.790203, 32.7943656], [-96.7902753, 32.7944316]]}, "properties": {"class": "residential"}}, {"type": "Feature", "geometry": {"type": "LineString", "coordinates": [[-96.7869776, 32.8001505], [-96.7870218, 32.8001876], [-96.7870609, 32.8002201], [-96.7874792, 32.8005754], [-96.7877977, 32.8008454], [-96.7881861, 32.8011886], [-96.7882352, 32.8012328]]}, "properties": {"class": "residential"}}, {"type": "Feature", "geometry": {"type": "LineString", "coordinates": [[-96.782583, 32.796304], [-96.7826448, 32.7963573], [-96.782666, 32.7963741], [-96.7830251, 32.7966769], [-96.7832754, 32.7968926], [-96.7835522, 32.7971313], [-96.7837154, 32.7972707], [-96.7837364, 32.7973036], [-96.7837317, 32.7973389], [-96.7836368, 32.7976517], [-96.7836332, 32.7977039], [-96.7836588, 32.7977584], [-96.7837682, 32.7978521], [-96.7839017, 32.7979626], [-96.7840872, 32.7981157], [-96.7841429, 32.7981611], [-96.784188, 32.7981992], [-96.7845877, 32.7985386], [-96.7847334, 32.7986623], [-96.7849104, 32.7988089], [-96.7849979, 32.7988856]]}, "properties": {"class": "residential"}}, {"type": "Feature", "geometry": {"type": "LineString", "coordinates": [[-96.8057291, 32.8014957], [-96.8057616, 32.8015929], [-96.8057781, 32.8016525], [-96.8057909, 32.8017036], [-96.8058033, 32.8017703], [-96.8058343, 32.8019305], [-96.8058412, 32.8020271], [-96.8058386, 32.8021177], [-96.8058198, 32.802253], [-96.8057912, 32.8023678], [-96.8057518, 32.8024815], [-96.8056896, 32.8026101]]}, "properties": {"class": "secondary"}}, {"type": "Feature", "geometry": {"type": "LineString", "coordinates": [[-96.7809485, 32.7802984], [-96.7808855, 32.7803498], [-96.7806491, 32.7805427], [-96.7805502, 32.7806225], [-96.7804753, 32.7806829], [-96.7802004, 32.7809146], [-96.7801005, 32.7810006], [-96.7799981, 32.7810888], [-96.779921, 32.7811527], [-96.7796397, 32.7813858], [-96.7793203, 32.7816504], [-96.7792717, 32.7816907], [-96.7791258, 32.7818116], [-96.7789761, 32.7819428], [-96.7787972, 32.782097], [-96.7787133, 32.7821828], [-96.778627, 32.7822802], [-96.7785448, 32.782389], [-96.7784765, 32.782511], [-96.7784194, 32.7826418], [-96.7783901, 32.7827533], [-96.7783625, 32.7828758], [-96.7783549, 32.7829735], [-96.7783556, 32.7831061], [-96.7783659, 32.7832577]]}, "properties": {"class": "tertiary"}}, {"type": "Feature", "geometry": {"type": "LineString", "coordinates": [[-96.8016003, 32.7889156], [-96.8015344, 32.788972], [-96.8010645, 32.7893742], [-96.801029, 32.7894051], [-96.8009767, 32.789449]]}, "properties": {"class": "secondary"}}, {"type": "Feature", "geometry": {"type": "LineString", "coordinates": [[-96.8046684, 32.787], [-96.806351, 32.7856414]]}, "properties": {"class": "motorway"}}, {"type": "Feature", "geometry": {"type": "LineString", "coordinates": [[-96.7934081, 32.7978309], [-96.7935275, 32.7972747], [-96.7935992, 32.797038], [-96.7937007, 32.7967369], [-96.793817, 32.7964334], [-96.7938439, 32.796374]]}, "properties": {"class": "secondary"}}, {"type": "Feature", "geometry": {"type": "LineString", "coordinates": [[-96.8076623, 32.7900143], [-96.8076772, 32.790086], [-96.8076848, 32.7901443], [-96.80769, 32.790219]]}, "properties": {"class": "secondary"}}, {"type": "Feature", "geometry": {"type": "LineString", "coordinates": [[-96.7916569, 32.7748659], [-96.7914321, 32.7744789]]}, "properties": {"class": "secondary"}}, {"type": "Feature", "geometry": {"type": "LineString", "coordinates": [[-96.7843487, 32.7693086], [-96.7839385, 32.7690264], [-96.7834757, 32.7687081], [-96.7824881, 32.7680398]]}, "properties": {"class": "residential"}}, {"type": "Feature", "geometry": {"type": "LineString", "coordinates": [[-96.7875845, 32.7727525], [-96.7874402, 32.7726324], [-96.7865124, 32.7718639], [-96.7862146, 32.7716104], [-96.7861729, 32.7715715]]}, "properties": {"class": "residential"}}, {"type": "Feature", "geometry": {"type": "LineString", "coordinates": [[-96.7954702, 32.7806483], [-96.7954456, 32.7805651], [-96.7952798, 32.7800028], [-96.7952631, 32.7799437], [-96.7952435, 32.7798901], [-96.7950581, 32.7793938], [-96.7950371, 32.779331]]}, "properties": {"class": "tertiary"}}, {"type": "Feature", "geometry": {"type": "LineString", "coordinates": [[-96.8094554, 32.7962023], [-96.8093647, 32.7962788], [-96.8089286, 32.7966472], [-96.8087115, 32.7968306], [-96.8086229, 32.7969055], [-96.8084059, 32.7970917], [-96.8083511, 32.7971359], [-96.8083131, 32.7971671], [-96.8079109, 32.797505], [-96.8074185, 32.7979227], [-96.8073446, 32.7979851], [-96.8072949, 32.7980271], [-96.8069853, 32.7982886], [-96.8068956, 32.7983643], [-96.8065162, 32.7986849], [-96.8064624, 32.7987303]]}, "properties": {"class": "residential"}}, {"type": "Feature", "geometry": {"type": "LineString", "coordinates": [[-96.7727574, 32.7847155], [-96.772733, 32.7847797], [-96.7727208, 32.7848099], [-96.7724924, 32.7854306]]}, "properties": {"class": "residential"}}, {"type": "Feature", "geometry": {"type": "LineString", "coordinates": [[-96.8000048, 32.7508706], [-96.800011, 32.751832]]}, "properties": {"class": "residential"}}, {"type": "Feature", "geometry": {"type": "LineString", "coordinates": [[-96.8055263, 32.7545245], [-96.8047155, 32.7545432], [-96.8039454, 32.7545626]]}, "properties": {"class": "residential"}}, {"type": "Feature", "geometry": {"type": "LineString", "coordinates": [[-96.784695, 32.782922], [-96.7846658, 32.7828308], [-96.7846571, 32.7828045], [-96.7846275, 32.7827052], [-96.7845506, 32.7824472], [-96.7844557, 32.7820703], [-96.7844513, 32.7820488], [-96.7844246, 32.7819589], [-96.7843987, 32.7818634], [-96.7843958, 32.7818521], [-96.7842958, 32.7814877]]}, "properties": {"class": "residential"}}, {"type": "Feature", "geometry": {"type": "LineString", "coordinates": [[-96.7750778, 32.7858379], [-96.7752078, 32.7859657], [-96.7752807, 32.7860373], [-96.7753871, 32.786142], [-96.7754621, 32.7862081], [-96.7755025, 32.7862373], [-96.7755464, 32.7862534], [-96.7756134, 32.7862581], [-96.7757499, 32.7862512]]}, "properties": {"class": "secondary"}}, {"type": "Feature", "geometry": {"type": "LineString", "coordinates": [[-96.7862459, 32.7945901], [-96.7862142, 32.7946166], [-96.7857582, 32.7949989], [-96.785709, 32.7950402], [-96.7856667, 32.7950756], [-96.7853749, 32.7953202], [-96.7850739, 32.7955725], [-96.7847611, 32.7958348]]}, "properties": {"class": "residential"}}, {"type": "Feature", "geometry": {"type": "LineString", "coordinates": [[-96.7944175, 32.8010005], [-96.7944264, 32.8010148], [-96.7944409, 32.8010287], [-96.794652, 32.801208], [-96.794667, 32.801243], [-96.794672, 32.801268], [-96.794657, 32.801301], [-96.794202, 32.801705], [-96.794165, 32.801752], [-96.794138, 32.801798], [-96.794125, 32.801866], [-96.7941133, 32.8020064], [-96.7940941, 32.8020332]]}, "properties": {"class": "residential"}}, {"type": "Feature", "geometry": {"type": "LineString", "coordinates": [[-96.8053405, 32.7967687], [-96.8052869, 32.79679], [-96.8052474, 32.7968079], [-96.8051456, 32.7968893], [-96.8047712, 32.7972009], [-96.8047185, 32.7972433]]}, "properties": {"class": "residential"}}, {"type": "Feature", "geometry": {"type": "LineString", "coordinates": [[-96.801139, 32.800179], [-96.8010963, 32.8001883], [-96.8010628, 32.8001905], [-96.8010117, 32.8001851], [-96.8009468, 32.8001596], [-96.8009017, 32.800117], [-96.8008377, 32.8000448], [-96.8008247, 32.8000307]]}, "properties": {"class": "residential"}}, {"type": "Feature", "geometry": {"type": "LineString", "coordinates": [[-96.7929555, 32.7945571], [-96.7929297, 32.7943383], [-96.7929042, 32.7940955], [-96.792885, 32.7937432], [-96.7928475, 32.7933498], [-96.7928006, 32.7928807]]}, "properties": {"class": "motorway"}}, {"type": "Feature", "geometry": {"type": "LineString", "coordinates": [[-96.8008045, 32.751033], [-96.800812, 32.7523438]]}, "properties": {"class": "residential"}}, {"type": "Feature", "geometry": {"type": "LineString", "coordinates": [[-96.7785619, 32.7996606], [-96.7786268, 32.7997169], [-96.7787498, 32.7998225], [-96.7792171, 32.8002251], [-96.7793221, 32.8003155], [-96.7793751, 32.8003612], [-96.7794288, 32.8004075], [-96.7795765, 32.8005347], [-96.7798603, 32.8007792], [-96.7801543, 32.8010326], [-96.7802154, 32.8010852]]}, "properties": {"class": "residential"}}, {"type": "Feature", "geometry": {"type": "LineString", "coordinates": [[-96.8011112, 32.7987106], [-96.8011288, 32.7987136], [-96.8012052, 32.7987324], [-96.8012203, 32.7987362], [-96.8015397, 32.7988171], [-96.8018786, 32.7989029], [-96.8022107, 32.7989927], [-96.8023543, 32.7990253], [-96.8023918, 32.7990452], [-96.8024487, 32.7990888]]}, "properties": {"class": "residential"}}, {"type": "Feature", "geometry": {"type": "LineString", "coordinates": [[-96.7973807, 32.7952717], [-96.7979862, 32.7957893], [-96.7979936, 32.7957956], [-96.7980505, 32.7958443], [-96.7980943, 32.7958817], [-96.7981035, 32.7958896], [-96.7984592, 32.7961937], [-96.7984832, 32.7962142], [-96.7988322, 32.7965126], [-96.7988856, 32.7965582]]}, "properties": {"class": "residential"}}, {"type": "Feature", "geometry": {"type": "LineString", "coordinates": [[-96.7747376, 32.773264], [-96.7742321, 32.772826], [-96.7739312, 32.7725594], [-96.773724, 32.7723763]]}, "properties": {"class": "residential"}}, {"type": "Feature", "geometry": {"type": "LineString", "coordinates": [[-96.775677, 32.774037], [-96.775663, 32.774006], [-96.775608, 32.773952], [-96.775371, 32.773764]]}, "properties": {"class": "residential"}}, {"type": "Feature", "geometry": {"type": "LineString", "coordinates": [[-96.7762709, 32.7694072], [-96.775413, 32.7699346], [-96.7749499, 32.7702193]]}, "properties": {"class": "residential"}}, {"type": "Feature", "geometry": {"type": "LineString", "coordinates": [[-96.791084, 32.79554], [-96.7912515, 32.7956802], [-96.7912869, 32.7957106], [-96.7915838, 32.7959692], [-96.792156, 32.7964743], [-96.792204, 32.796538], [-96.7922209, 32.7965834], [-96.7922179, 32.7966365]]}, "properties": {"class": "residential"}}, {"type": "Feature", "geometry": {"type": "LineString", "coordinates": [[-96.7857775, 32.7690194], [-96.7850578, 32.7697787], [-96.7848044, 32.7700461], [-96.7846934, 32.7701653], [-96.7840906, 32.7707997]]}, "properties": {"class": "residential"}}, {"type": "Feature", "geometry": {"type": "LineString", "coordinates": [[-96.7948484, 32.8003331], [-96.7949531, 32.8004237], [-96.7949951, 32.80046], [-96.7950588, 32.800518], [-96.795317, 32.8007527], [-96.7956596, 32.8010564], [-96.796785, 32.802037]]}, "properties": {"class": "tertiary"}}, {"type": "Feature", "geometry": {"type": "LineString", "coordinates": [[-96.7901576, 32.7963063], [-96.7909708, 32.7970013], [-96.7910897, 32.7971035], [-96.7913936, 32.7973605], [-96.7918594, 32.7977485], [-96.7918654, 32.7977536]]}, "properties": {"class": "tertiary"}}, {"type": "Feature", "geometry": {"type": "LineString", "coordinates": [[-96.7811191, 32.7858636], [-96.781072, 32.7858918], [-96.7810462, 32.785897], [-96.7805269, 32.786003], [-96.7802486, 32.7860611], [-96.7794961, 32.7862177], [-96.7794626, 32.786225], [-96.7793199, 32.7862548]]}, "properties": {"class": "residential"}}, {"type": "Feature", "geometry": {"type": "LineString", "coordinates": [[-96.7758154, 32.7567799], [-96.7747943, 32.755921], [-96.7746016, 32.7557655], [-96.7742134, 32.7554101], [-96.7740791, 32.7552719], [-96.773888, 32.7550639], [-96.773451, 32.7546881], [-96.77325, 32.754441]]}, "properties": {"class": "residential"}}, {"type": "Feature", "geometry": {"type": "LineString", "coordinates": [[-96.7821724, 32.7627432], [-96.7820973, 32.7626785], [-96.781143, 32.7618592], [-96.7800377, 32.7609283], [-96.779447, 32.7604301], [-96.7791902, 32.7602135], [-96.7791136, 32.7601489], [-96.7790436, 32.7600961], [-96.7789499, 32.7600192]]}, "properties": {"class": "residential"}}, {"type": "Feature", "geometry": {"type": "LineString", "coordinates": [[-96.781822, 32.796934], [-96.7818848, 32.7969888], [-96.7819225, 32.7970217], [-96.7822512, 32.7973084], [-96.7825007, 32.7975261], [-96.7826661, 32.7976704], [-96.7827927, 32.7977808], [-96.7831976, 32.7981341], [-96.7835954, 32.7984811], [-96.7836255, 32.7985074], [-96.783681, 32.7985558]]}, "properties": {"class": "residential"}}, {"type": "Feature", "geometry": {"type": "LineString", "coordinates": [[-96.7790109, 32.7943949], [-96.7790675, 32.7944436], [-96.7793582, 32.7946932], [-96.7794719, 32.7947908], [-96.779637, 32.7949327], [-96.7799538, 32.795205], [-96.7801353, 32.795361], [-96.7804663, 32.7956453], [-96.7805997, 32.7957599], [-96.7806785, 32.7958275]]}, "properties": {"class": "residential"}}, {"type": "Feature", "geometry": {"type": "LineString", "coordinates": [[-96.8205646, 32.767006], [-96.8205401, 32.7671256], [-96.8205463, 32.7672332], [-96.8205708, 32.7672921], [-96.8207971, 32.7676342]]}, "properties": {"class": "residential"}}, {"type": "Feature", "geometry": {"type": "LineString", "coordinates": [[-96.8095494, 32.7924014], [-96.809593, 32.7924409], [-96.8097551, 32.7926084], [-96.8109371, 32.793648]]}, "properties": {"class": "residential"}}, {"type": "Feature", "geometry": {"type": "LineString", "coordinates": [[-96.795223, 32.7982067], [-96.7952872, 32.7982431], [-96.7953029, 32.7982524], [-96.7956256, 32.7985338], [-96.7960225, 32.7988749], [-96.7960609, 32.7989079], [-96.7961166, 32.7989558], [-96.7965979, 32.7993693], [-96.7969486, 32.7996663], [-96.7969668, 32.7996794], [-96.7970006, 32.7996885]]}, "properties": {"class": "residential"}}, {"type": "Feature", "geometry": {"type": "LineString", "coordinates": [[-96.8081043, 32.8001142], [-96.8080474, 32.8001611], [-96.8077883, 32.8003827], [-96.807565, 32.8005688]]}, "properties": {"class": "residential"}}, {"type": "Feature", "geometry": {"type": "LineString", "coordinates": [[-96.808548, 32.798986], [-96.808482, 32.799038], [-96.8077908, 32.799583], [-96.8076892, 32.7996631], [-96.8076217, 32.7997163]]}, "properties": {"class": "residential"}}, {"type": "Feature", "geometry": {"type": "LineString", "coordinates": [[-96.813434, 32.7769127], [-96.813543, 32.77689], [-96.8138822, 32.77682], [-96.8139487, 32.7768088], [-96.8141524, 32.7767689], [-96.8146738, 32.7766682], [-96.8148958, 32.7766232], [-96.8154298, 32.7765167]]}, "properties": {"class": "secondary"}}, {"type": "Feature", "geometry": {"type": "LineString", "coordinates": [[-96.77736, 32.7971609], [-96.777303, 32.7972096], [-96.7757235, 32.7985226], [-96.7756657, 32.7985713], [-96.775604, 32.7986233], [-96.7755311, 32.798684], [-96.7747693, 32.7993172], [-96.7742887, 32.7997072], [-96.7742458, 32.799742], [-96.7742015, 32.7997795], [-96.7730097, 32.8007887], [-96.7725337, 32.8011828], [-96.7723004, 32.8013761], [-96.7722489, 32.8014187], [-96.7715581, 32.8019923], [-96.7715076, 32.8020343]]}, "properties": {"class": "residential"}}, {"type": "Feature", "geometry": {"type": "LineString", "coordinates": [[-96.8182787, 32.7503901], [-96.8183226, 32.7504505], [-96.818314, 32.7527898], [-96.8183156, 32.7537974]]}, "properties": {"class": "residential"}}, {"type": "Feature", "geometry": {"type": "LineString", "coordinates": [[-96.7902239, 32.7899711], [-96.7902776, 32.7900126], [-96.790384, 32.790098], [-96.7909129, 32.7905624], [-96.7910816, 32.7907105], [-96.7915084, 32.7910853]]}, "properties": {"class": "residential"}}, {"type": "Feature", "geometry": {"type": "LineString", "coordinates": [[-96.7862791, 32.7614281], [-96.786122, 32.761314], [-96.7847328, 32.7605927], [-96.7835721, 32.7599962], [-96.7835118, 32.7599759], [-96.783371, 32.760005]]}, "properties": {"class": "residential"}}, {"type": "Feature", "geometry": {"type": "LineString", "coordinates": [[-96.7808927, 32.7852031], [-96.7809559, 32.7852548], [-96.7809678, 32.7852929], [-96.7810159, 32.7854789], [-96.7810415, 32.7855744], [-96.7811061, 32.7858127], [-96.7811191, 32.7858636], [-96.7811373, 32.7859303], [-96.7813143, 32.7865828]]}, "properties": {"class": "residential"}}, {"type": "Feature", "geometry": {"type": "LineString", "coordinates": [[-96.7806069, 32.7844877], [-96.7806407, 32.7845613], [-96.7806521, 32.7845937], [-96.7807848, 32.785094], [-96.7807989, 32.7851265], [-96.7808927, 32.7852031]]}, "properties": {"class": "residential"}}, {"type": "Feature", "geometry": {"type": "LineString", "coordinates": [[-96.820272, 32.7585921], [-96.8201614, 32.7585698], [-96.8201242, 32.7585635], [-96.8197717, 32.7585115], [-96.8196004, 32.7584971], [-96.8193943, 32.7584884], [-96.819172, 32.7585025], [-96.8188205, 32.7585472], [-96.8176254, 32.7587409], [-96.8172315, 32.7587763], [-96.8168602, 32.7587807], [-96.8167871, 32.7587816]]}, "properties": {"class": "tertiary"}}, {"type": "Feature", "geometry": {"type": "LineString", "coordinates": [[-96.7949951, 32.80046], [-96.794949, 32.8005], [-96.7944305, 32.80095], [-96.7944155, 32.8009758], [-96.7944175, 32.8010005]]}, "properties": {"class": "residential"}}, {"type": "Feature", "geometry": {"type": "LineString", "coordinates": [[-96.7947612, 32.7724898], [-96.7948424, 32.7724369], [-96.795165, 32.7722268], [-96.7955686, 32.7719628], [-96.7959109, 32.7717261], [-96.7962142, 32.7715231], [-96.796322, 32.7714551], [-96.7964771, 32.7713927], [-96.796646, 32.771358], [-96.7966879, 32.7713542]]}, "properties": {"class": "secondary"}}, {"type": "Feature", "geometry": {"type": "LineString", "coordinates": [[-96.8013625, 32.7736084], [-96.8013021, 32.773497], [-96.801283, 32.773465], [-96.8012333, 32.7733981], [-96.8011962, 32.773363], [-96.8011375, 32.7733105]]}, "properties": {"class": "secondary"}}, {"type": "Feature", "geometry": {"type": "LineString", "coordinates": [[-96.8195155, 32.7482411], [-96.8195312, 32.7482654], [-96.8199036, 32.7487793], [-96.8200252, 32.7489518], [-96.8201294, 32.7491049], [-96.8202223, 32.7492496], [-96.8202159, 32.7493504], [-96.8202033, 32.7494461], [-96.8202003, 32.7495456], [-96.8201943, 32.7502526], [-96.8201928, 32.7507947], [-96.8202015, 32.7513598], [-96.8201993, 32.7522473], [-96.8201855, 32.7527921], [-96.8201858, 32.7532902], [-96.8201831, 32.7537968]]}, "properties": {"class": "residential"}}, {"type": "Feature", "geometry": {"type": "LineString", "coordinates": [[-96.7886455, 32.7987612], [-96.7886862, 32.798799], [-96.7889642, 32.799036], [-96.7889889, 32.7990585], [-96.7892041, 32.7992544], [-96.7895493, 32.79954], [-96.7896292, 32.7995977], [-96.7901383, 32.8000376]]}, "properties": {"class": "residential"}}, {"type": "Feature", "geometry": {"type": "LineString", "coordinates": [[-96.7896164, 32.7705992], [-96.7891045, 32.7701084]]}, "properties": {"class": "residential"}}, {"type": "Feature", "geometry": {"type": "LineString", "coordinates": [[-96.8025101, 32.7939622], [-96.8025237, 32.7939687], [-96.802596, 32.7940009], [-96.8026455, 32.7940263], [-96.802674, 32.7940433], [-96.8028117, 32.7941425], [-96.8030818, 32.7943685], [-96.8031941, 32.7944626], [-96.803504, 32.7947219], [-96.8037857, 32.7949576], [-96.8042902, 32.7953797], [-96.8045636, 32.7956148], [-96.8045881, 32.7956357], [-96.8046495, 32.7956885], [-96.8049974, 32.7959872], [-96.805108, 32.7960834], [-96.8052189, 32.7961741], [-96.8052983, 32.7962529]]}, "properties": {"class": "secondary"}}, {"type": "Feature", "geometry": {"type": "LineString", "coordinates": [[-96.7854687, 32.7852396], [-96.7851311, 32.7851549], [-96.783926, 32.7853952], [-96.783848, 32.7854108], [-96.7837668, 32.785427], [-96.7836643, 32.7854475], [-96.783339, 32.7855124], [-96.782894, 32.7856012], [-96.7828377, 32.7856127], [-96.7828074, 32.7856185], [-96.7827219, 32.7856355]]}, "properties": {"class": "residential"}}, {"type": "Feature", "geometry": {"type": "LineString", "coordinates": [[-96.8084666, 32.7548292], [-96.8084067, 32.7548285], [-96.8083641, 32.7548117], [-96.8083462, 32.7547827]]}, "properties": {"class": "residential"}}, {"type": "Feature", "geometry": {"type": "LineString", "coordinates": [[-96.822887, 32.754793], [-96.822827, 32.7547931], [-96.8222312, 32.7547975], [-96.8218181, 32.7548018], [-96.8217327, 32.754803], [-96.8216576, 32.7548042], [-96.820711, 32.7548108], [-96.8199224, 32.7548157], [-96.8190774, 32.7548153], [-96.8175775, 32.7548193], [-96.8167668, 32.7548175]]}, "properties": {"class": "residential"}}, {"type": "Feature", "geometry": {"type": "LineString", "coordinates": [[-96.78545, 32.7723588], [-96.7846597, 32.7718079], [-96.7845966, 32.7717589]]}, "properties": {"class": "residential"}}, {"type": "Feature", "geometry": {"type": "LineString", "coordinates": [[-96.7834111, 32.7703228], [-96.7829518, 32.7700089], [-96.7825182, 32.7697125], [-96.7815552, 32.7690533]]}, "properties": {"class": "residential"}}, {"type": "Feature", "geometry": {"type": "LineString", "coordinates": [[-96.8229056, 32.7522507], [-96.8228332, 32.7522521], [-96.8228065, 32.7522521], [-96.8217589, 32.7522543], [-96.8201993, 32.7522473]]}, "properties": {"class": "residential"}}, {"type": "Feature", "geometry": {"type": "LineString", "coordinates": [[-96.7969935, 32.7942797], [-96.7969398, 32.7943252], [-96.7969023, 32.794357], [-96.7964991, 32.7946986], [-96.7961107, 32.7950276], [-96.7957685, 32.7953175], [-96.7957418, 32.7953402], [-96.7956923, 32.7953821]]}, "properties": {"class": "residential"}}, {"type": "Feature", "geometry": {"type": "LineString", "coordinates": [[-96.8217669, 32.7494339], [-96.8217677, 32.7495197], [-96.8217679, 32.7495487], [-96.8217748, 32.7501394], [-96.8217742, 32.7507139], [-96.8217708, 32.7509349], [-96.8217577, 32.7521814], [-96.8217589, 32.7522543], [-96.8217596, 32.7523297], [-96.8217509, 32.7537855], [-96.821747, 32.7543046], [-96.8217485, 32.7547403], [-96.8217327, 32.754803]]}, "properties": {"class": "residential"}}, {"type": "Feature", "geometry": {"type": "LineString", "coordinates": [[-96.7983958, 32.7763559], [-96.7983658, 32.7762572], [-96.7982492, 32.7758753], [-96.7981908, 32.7757338], [-96.7981261, 32.7756276], [-96.7980121, 32.775486], [-96.797905, 32.775385], [-96.7976027, 32.7751139], [-96.7969711, 32.7745504], [-96.796824, 32.77451]]}, "properties": {"class": "secondary"}}, {"type": "Feature", "geometry": {"type": "LineString", "coordinates": [[-96.7995349, 32.7805827], [-96.7995104, 32.7804996], [-96.7993438, 32.7799269], [-96.7993189, 32.7798371]]}, "properties": {"class": "residential"}}, {"type": "Feature", "geometry": {"type": "LineString", "coordinates": [[-96.821047, 32.79104], [-96.821331, 32.791539], [-96.8215987, 32.7920074], [-96.8218593, 32.7924553], [-96.8219978, 32.7927016], [-96.8221047, 32.7929035], [-96.8221903, 32.7930575]]}, "properties": {"class": "tertiary"}}, {"type": "Feature", "geometry": {"type": "LineString", "coordinates": [[-96.8075953, 32.792285], [-96.8075918, 32.7922588], [-96.807467, 32.792082], [-96.807426, 32.791998], [-96.807401, 32.791922], [-96.807401, 32.791842], [-96.80743, 32.791748], [-96.807467, 32.791674], [-96.8075116, 32.7916108], [-96.807604, 32.791522], [-96.8076528, 32.7914719]]}, "properties": {"class": "secondary"}}, {"type": "Feature", "geometry": {"type": "LineString", "coordinates": [[-96.8036377, 32.784983], [-96.80347, 32.7848274], [-96.8030421, 32.7844457]]}, "properties": {"class": "tertiary"}}, {"type": "Feature", "geometry": {"type": "LineString", "coordinates": [[-96.8025682, 32.7841428], [-96.8026372, 32.784259], [-96.8026872, 32.7843126], [-96.8028988, 32.784484], [-96.8030183, 32.7845808]]}, "properties": {"class": "tertiary"}}, {"type": "Feature", "geometry": {"type": "LineString", "coordinates": [[-96.7884423, 32.7936015], [-96.7875246, 32.7943825], [-96.7874945, 32.7943951]]}, "properties": {"class": "residential"}}, {"type": "Feature", "geometry": {"type": "LineString", "coordinates": [[-96.7983365, 32.7934677], [-96.7983048, 32.793477], [-96.7982799, 32.7934931], [-96.7978608, 32.7938573], [-96.7978053, 32.7939046]]}, "properties": {"class": "residential"}}, {"type": "Feature", "geometry": {"type": "LineString", "coordinates": [[-96.8217509, 32.7586943], [-96.8217408, 32.7587144], [-96.8217069, 32.758778], [-96.8216903, 32.7588081], [-96.8216655, 32.7588554], [-96.8216648, 32.7588854], [-96.821666, 32.759165], [-96.821668, 32.7605257], [-96.8216719, 32.7622893], [-96.821674, 32.7623395]]}, "properties": {"class": "residential"}}, {"type": "Feature", "geometry": {"type": "LineString", "coordinates": [[-96.7927831, 32.7791193], [-96.7926822, 32.7791841], [-96.7926506, 32.779213], [-96.792555, 32.7793286], [-96.7924189, 32.7794473], [-96.7922821, 32.7795493], [-96.792174, 32.7796109], [-96.7920967, 32.7796479], [-96.791991, 32.7796889], [-96.7918992, 32.7797162], [-96.7918392, 32.7797336], [-96.791659, 32.7797692], [-96.791491, 32.779784], [-96.7913067, 32.7797873], [-96.7912316, 32.7797886]]}, "properties": {"class": "secondary"}}, {"type": "Feature", "geometry": {"type": "LineString", "coordinates": [[-96.78992, 32.7802098], [-96.7899834, 32.7801763], [-96.7900866, 32.7801216], [-96.7902433, 32.7800538], [-96.7903893, 32.7800061], [-96.7906053, 32.7799546], [-96.7907376, 32.7799285], [-96.7908192, 32.7799194], [-96.7908643, 32.7799163]]}, "properties": {"class": "secondary"}}, {"type": "Feature", "geometry": {"type": "LineString", "coordinates": [[-96.7920569, 32.7785094], [-96.792125, 32.7784531], [-96.7923431, 32.7782745], [-96.7926235, 32.7780401], [-96.79291, 32.7777878], [-96.7929817, 32.7777271], [-96.7931893, 32.7775631], [-96.7934151, 32.7773704], [-96.7934369, 32.7773516], [-96.793903, 32.7769607], [-96.7939652, 32.7769089], [-96.7940346, 32.7768515], [-96.7944588, 32.7765007], [-96.7949439, 32.7760996], [-96.7950111, 32.7760472], [-96.7950829, 32.7759863], [-96.7954917, 32.7756398], [-96.7956219, 32.7755293], [-96.79602, 32.7751918], [-96.796074, 32.7751459], [-96.7967401, 32.7745811], [-96.796824, 32.77451]]}, "properties": {"class": "secondary"}}, {"type": "Feature", "geometry": {"type": "LineString", "coordinates": [[-96.7752482, 32.7819733], [-96.7751835, 32.7819284], [-96.7743052, 32.78131], [-96.7742408, 32.7812664]]}, "properties": {"class": "residential"}}, {"type": "Feature", "geometry": {"type": "LineString", "coordinates": [[-96.7722489, 32.8014187], [-96.7723056, 32.8014694], [-96.77264, 32.8017685], [-96.7728173, 32.801921], [-96.7729885, 32.8020696], [-96.7730818, 32.8021437], [-96.7731562, 32.8022107], [-96.7738249, 32.8028127], [-96.7742233, 32.8031596], [-96.7742934, 32.8032204], [-96.7743402, 32.8032613], [-96.7743649, 32.8032828], [-96.7744727, 32.8033767], [-96.774713, 32.8035859], [-96.7750663, 32.8038934], [-96.775078, 32.8039036], [-96.775109, 32.8039306], [-96.7751554, 32.803971], [-96.7755055, 32.8042759], [-96.7758557, 32.8045806], [-96.7758994, 32.8046187]]}, "properties": {"class": "residential"}}, {"type": "Feature", "geometry": {"type": "LineString", "coordinates": [[-96.778743, 32.7704934], [-96.7780286, 32.7709174], [-96.7777037, 32.7710769], [-96.7772122, 32.7713727], [-96.7768665, 32.7715949], [-96.776406, 32.7718795], [-96.7761714, 32.7720543], [-96.776044, 32.772167], [-96.7759402, 32.7722537], [-96.7752843, 32.7728064], [-96.7747376, 32.773264], [-96.7746258, 32.7733611], [-96.774297, 32.7736295], [-96.7740586, 32.7738275], [-96.7739765, 32.7738978], [-96.7735618, 32.774249]]}, "properties": {"class": "residential"}}, {"type": "Feature", "geometry": {"type": "LineString", "coordinates": [[-96.7988856, 32.7965582], [-96.798839, 32.796597], [-96.798431, 32.7969364], [-96.7980371, 32.7972639], [-96.7979922, 32.7973013], [-96.7979441, 32.7973413], [-96.7977761, 32.7974811], [-96.7974784, 32.7977287], [-96.7973756, 32.7978142], [-96.7971031, 32.7980409], [-96.797044, 32.7980901], [-96.7969932, 32.7981323], [-96.7966418, 32.7984246], [-96.796498, 32.7985442], [-96.7961125, 32.798865], [-96.7960609, 32.7989079], [-96.7960171, 32.7989443], [-96.7952858, 32.7995525]]}, "properties": {"class": "residential"}}, {"type": "Feature", "geometry": {"type": "LineString", "coordinates": [[-96.8060967, 32.7952105], [-96.8065271, 32.7955758], [-96.8067212, 32.7957433], [-96.8074087, 32.7963364], [-96.8074587, 32.7963795], [-96.8074979, 32.7964131], [-96.8083035, 32.7970974], [-96.8083511, 32.7971359], [-96.8083967, 32.797174], [-96.8085806, 32.7973265], [-96.8086951, 32.7974235], [-96.8090213, 32.7977042], [-96.8096426, 32.7982248]]}, "properties": {"class": "residential"}}, {"type": "Feature", "geometry": {"type": "LineString", "coordinates": [[-96.8052031, 32.795209], [-96.8053167, 32.7952043], [-96.8053604, 32.7952032], [-96.8056226, 32.7951967], [-96.8059989, 32.7951874], [-96.8060506, 32.7951902], [-96.8060967, 32.7952105]]}, "properties": {"class": "residential"}}, {"type": "Feature", "geometry": {"type": "LineString", "coordinates": [[-96.7799086, 32.7739741], [-96.7789025, 32.7746015]]}, "properties": {"class": "residential"}}, {"type": "Feature", "geometry": {"type": "LineString", "coordinates": [[-96.7887348, 32.8000749], [-96.7887764, 32.8001109], [-96.7894632, 32.8006907], [-96.7896106, 32.8008103], [-96.790296, 32.801385], [-96.7905375, 32.8015869], [-96.7905904, 32.8016311], [-96.7906351, 32.8016729], [-96.7906869, 32.8017168], [-96.7908473, 32.8018524], [-96.790919, 32.8019122]]}, "properties": {"class": "tertiary"}}, {"type": "Feature", "geometry": {"type": "LineString", "coordinates": [[-96.7708774, 32.7988693], [-96.7709437, 32.7989286], [-96.7712979, 32.799244], [-96.7713113, 32.799256], [-96.7717701, 32.7996649], [-96.7721466, 32.7999991], [-96.7722037, 32.8000498], [-96.7722634, 32.8001026], [-96.7726303, 32.8004273], [-96.7729656, 32.800724], [-96.7729734, 32.8007344], [-96.7730097, 32.8007887], [-96.773056, 32.8008514], [-96.7730724, 32.8008737], [-96.7733975, 32.8011426], [-96.7735809, 32.8013103], [-96.7737397, 32.8014554], [-96.7738256, 32.801534]]}, "properties": {"class": "residential"}}, {"type": "Feature", "geometry": {"type": "LineString", "coordinates": [[-96.8104404, 32.7917939], [-96.8103663, 32.791844], [-96.8103431, 32.7918615], [-96.8100344, 32.7920886], [-96.8097773, 32.7922882], [-96.809658, 32.7923434], [-96.8095494, 32.7924014], [-96.8093159, 32.7925845], [-96.8092665, 32.7926115], [-96.8092173, 32.792624], [-96.8091583, 32.7926245]]}, "properties": {"class": "residential"}}, {"type": "Feature", "geometry": {"type": "LineString", "coordinates": [[-96.7744511, 32.7810572], [-96.7742408, 32.7812664], [-96.773879, 32.7816337], [-96.7737613, 32.7817503], [-96.773558, 32.7819602], [-96.7735359, 32.7819831], [-96.7735091, 32.7820071], [-96.7733454, 32.7821538], [-96.7731335, 32.782325], [-96.7729163, 32.7824928], [-96.772859, 32.782537]]}, "properties": {"class": "residential"}}, {"type": "Feature", "geometry": {"type": "LineString", "coordinates": [[-96.7866247, 32.7696027], [-96.786567, 32.7696654], [-96.7861878, 32.7700606], [-96.7859198, 32.7703426], [-96.7856579, 32.7706277], [-96.7853657, 32.7709305], [-96.7851654, 32.771138], [-96.7845966, 32.7717589]]}, "properties": {"class": "residential"}}, {"type": "Feature", "geometry": {"type": "LineString", "coordinates": [[-96.7767589, 32.7771309], [-96.7769808, 32.776992]]}, "properties": {"class": "residential"}}, {"type": "Feature", "geometry": {"type": "LineString", "coordinates": [[-96.775122, 32.779224], [-96.775768, 32.7785966], [-96.776079, 32.7782819], [-96.7768113, 32.7775574], [-96.7768451, 32.7775064], [-96.776863, 32.777447], [-96.776865, 32.777406], [-96.776855, 32.777321], [-96.776841, 32.77727], [-96.776823, 32.777228], [-96.776798, 32.777186], [-96.7767589, 32.7771309]]}, "properties": {"class": "residential"}}, {"type": "Feature", "geometry": {"type": "LineString", "coordinates": [[-96.7880272, 32.7853033], [-96.7879302, 32.7852328], [-96.7877065, 32.7850834], [-96.787263, 32.784795], [-96.787097, 32.7846835], [-96.7869729, 32.7845719], [-96.786877, 32.784464], [-96.7868231, 32.7843881]]}, "properties": {"class": "secondary"}}, {"type": "Feature", "geometry": {"type": "LineString", "coordinates": [[-96.7866129, 32.7843079], [-96.7866636, 32.7844089], [-96.7867242, 32.7845252], [-96.7868248, 32.784662], [-96.7869295, 32.7847736], [-96.7870529, 32.7848866], [-96.7872958, 32.7850838], [-96.787444, 32.7851972]]}, "properties": {"class": "secondary"}}, {"type": "Feature", "geometry": {"type": "LineString", "coordinates": [[-96.7925767, 32.7940194], [-96.7926036, 32.7943343], [-96.7926633, 32.7951367], [-96.7926756, 32.795356], [-96.792714, 32.7964673], [-96.7927272, 32.7966896], [-96.7927456, 32.7969107], [-96.7927662, 32.7971324], [-96.7928038, 32.7974954]]}, "properties": {"class": "motorway"}}, {"type": "Feature", "geometry": {"type": "LineString", "coordinates": [[-96.7911112, 32.7823567], [-96.7911417, 32.782455], [-96.7913165, 32.7829986], [-96.791324, 32.783085]]}, "properties": {"class": "primary"}}, {"type": "Feature", "geometry": {"type": "LineString", "coordinates": [[-96.7916137, 32.7890724], [-96.7916429, 32.7896531], [-96.7916713, 32.7899664]]}, "properties": {"class": "secondary"}}, {"type": "Feature", "geometry": {"type": "LineString", "coordinates": [[-96.803878, 32.783047], [-96.8039036, 32.7831631], [-96.803974, 32.7834633], [-96.8039881, 32.7835661], [-96.8039879, 32.7836594], [-96.803982, 32.78389]]}, "properties": {"class": "secondary"}}, {"type": "Feature", "geometry": {"type": "LineString", "coordinates": [[-96.775677, 32.774037], [-96.775666, 32.774079], [-96.775605, 32.774143], [-96.7754581, 32.7742669], [-96.7750119, 32.7746432], [-96.774922, 32.7747116]]}, "properties": {"class": "residential"}}, {"type": "Feature", "geometry": {"type": "LineString", "coordinates": [[-96.7923724, 32.7945565], [-96.7922922, 32.7945591], [-96.7922009, 32.7945767], [-96.791841, 32.7948915], [-96.7917989, 32.794928], [-96.7916199, 32.795081], [-96.791084, 32.79554], [-96.7909703, 32.7956346], [-96.7902147, 32.7962591], [-96.7901576, 32.7963063]]}, "properties": {"class": "residential"}}, {"type": "Feature", "geometry": {"type": "LineString", "coordinates": [[-96.8060653, 32.7792072], [-96.8060919, 32.7793], [-96.8061165, 32.779383]]}, "properties": {"class": "secondary"}}, {"type": "Feature", "geometry": {"type": "LineString", "coordinates": [[-96.7894824, 32.7847558], [-96.7895013, 32.7847884], [-96.7895433, 32.785016], [-96.7895618, 32.7851331], [-96.7895724, 32.7851984], [-96.7895774, 32.7852284], [-96.7895842, 32.7852704], [-96.7897972, 32.7854775], [-96.7898453, 32.7855244]]}, "properties": {"class": "residential"}}, {"type": "Feature", "geometry": {"type": "LineString", "coordinates": [[-96.7867272, 32.7796659], [-96.7868064, 32.779617], [-96.7869848, 32.779507], [-96.7870498, 32.7794677], [-96.7874623, 32.7792124], [-96.7878477, 32.7789726], [-96.7882639, 32.7787123], [-96.788306, 32.778686]]}, "properties": {"class": "residential"}}, {"type": "Feature", "geometry": {"type": "LineString", "coordinates": [[-96.7878465, 32.7642846], [-96.7876168, 32.7644759], [-96.7870959, 32.7649097]]}, "properties": {"class": "residential"}}, {"type": "Feature", "geometry": {"type": "LineString", "coordinates": [[-96.8007955, 32.8004469], [-96.8007804, 32.8004483], [-96.8007093, 32.8004568], [-96.8006692, 32.8004583], [-96.8006152, 32.800452], [-96.8005685, 32.800432], [-96.800331, 32.8002206], [-96.8003015, 32.8001942], [-96.8002134, 32.8001176], [-96.8001441, 32.8000551], [-96.8000687, 32.7999884], [-96.7999489, 32.7998827], [-96.7985286, 32.798661], [-96.7984419, 32.7985911]]}, "properties": {"class": "residential"}}, {"type": "Feature", "geometry": {"type": "LineString", "coordinates": [[-96.8053179, 32.7868158], [-96.8054702, 32.786696]]}, "properties": {"class": "secondary"}}, {"type": "Feature", "geometry": {"type": "LineString", "coordinates": [[-96.8046176, 32.7873992], [-96.8047806, 32.787259], [-96.8051998, 32.7869147]]}, "properties": {"class": "secondary"}}, {"type": "Feature", "geometry": {"type": "LineString", "coordinates": [[-96.7853791, 32.7809813], [-96.7857893, 32.7807542], [-96.7858542, 32.7807165]]}, "properties": {"class": "residential"}}, {"type": "Feature", "geometry": {"type": "LineString", "coordinates": [[-96.7838972, 32.7941955], [-96.7838551, 32.7942326], [-96.7833339, 32.7946803], [-96.7828949, 32.795047], [-96.7828315, 32.7951007], [-96.7827712, 32.7951517], [-96.7826631, 32.7952505], [-96.7824468, 32.7954277], [-96.7824007, 32.795464]]}, "properties": {"class": "residential"}}, {"type": "Feature", "geometry": {"type": "LineString", "coordinates": [[-96.7973377, 32.7818359], [-96.7973675, 32.7819314], [-96.7975321, 32.7825044], [-96.7975908, 32.7825632], [-96.7976776, 32.7826517], [-96.7982291, 32.7831366], [-96.7982744, 32.7831764], [-96.7982944, 32.7831933], [-96.7983266, 32.7832205], [-96.79836, 32.7832449], [-96.7983871, 32.783269], [-96.798927, 32.7837261], [-96.79897, 32.7837624], [-96.79903, 32.7838142], [-96.7995892, 32.7842965], [-96.7996361, 32.7843377], [-96.7996867, 32.784382], [-96.8000225, 32.7846804], [-96.800349, 32.7849717], [-96.8003985, 32.7850158]]}, "properties": {"class": "secondary"}}, {"type": "Feature", "geometry": {"type": "LineString", "coordinates": [[-96.7770569, 32.7852265], [-96.7769904, 32.7851698], [-96.776402, 32.784628], [-96.7763035, 32.7845536]]}, "properties": {"class": "residential"}}, {"type": "Feature", "geometry": {"type": "LineString", "coordinates": [[-96.8228596, 32.7660743], [-96.8226865, 32.766074], [-96.8226489, 32.7660738], [-96.8215068, 32.7660677], [-96.8214365, 32.7660673], [-96.8210595, 32.766063], [-96.8203797, 32.7660562], [-96.8202314, 32.7660549], [-96.8198511, 32.7660544]]}, "properties": {"class": "residential"}}, {"type": "Feature", "geometry": {"type": "LineString", "coordinates": [[-96.7723898, 32.7914841], [-96.7724614, 32.7915437], [-96.7739341, 32.7927718], [-96.7739903, 32.7928179]]}, "properties": {"class": "residential"}}, {"type": "Feature", "geometry": {"type": "LineString", "coordinates": [[-96.8013993, 32.7976388], [-96.801414, 32.7976422], [-96.8014886, 32.7976616], [-96.8014977, 32.7976641], [-96.801659, 32.7977066], [-96.8019058, 32.7977713], [-96.8019218, 32.7977755], [-96.8021123, 32.7978255], [-96.8021661, 32.7978396], [-96.8022142, 32.7978523], [-96.8023046, 32.7978763], [-96.8023376, 32.797885], [-96.8025074, 32.7979299], [-96.8027772, 32.7980013], [-96.8029127, 32.7980371], [-96.8033503, 32.7981529], [-96.8034124, 32.7981819], [-96.8034213, 32.7981902], [-96.8034657, 32.7982296]]}, "properties": {"class": "residential"}}, {"type": "Feature", "geometry": {"type": "LineString", "coordinates": [[-96.7988273, 32.7951948], [-96.7988732, 32.7952336], [-96.7992645, 32.7955737], [-96.7996171, 32.7958792], [-96.7996671, 32.7959225], [-96.7997253, 32.7959729], [-96.8000617, 32.7962643], [-96.8004076, 32.7965491], [-96.8004586, 32.7965911], [-96.8004949, 32.7966217], [-96.8008363, 32.7969096], [-96.8009267, 32.7969858], [-96.800998, 32.7970459], [-96.8010466, 32.7970869], [-96.8013287, 32.7973247], [-96.8013844, 32.7973369], [-96.8014616, 32.7973526], [-96.8014767, 32.7973557]]}, "properties": {"class": "residential"}}, {"type": "Feature", "geometry": {"type": "LineString", "coordinates": [[-96.7876296, 32.7928878], [-96.7880224, 32.7932355], [-96.7884423, 32.7936015], [-96.7888513, 32.7939335], [-96.7888991, 32.7939744]]}, "properties": {"class": "residential"}}, {"type": "Feature", "geometry": {"type": "LineString", "coordinates": [[-96.7798914, 32.7646931], [-96.7798187, 32.7646338], [-96.7788814, 32.7638396], [-96.7787595, 32.7637305], [-96.7782838, 32.7633359], [-96.7777208, 32.762874]]}, "properties": {"class": "residential"}}, {"type": "Feature", "geometry": {"type": "LineString", "coordinates": [[-96.7831021, 32.7918743], [-96.7836223, 32.7923308], [-96.7836858, 32.7923875], [-96.7841776, 32.792826], [-96.784246, 32.792887]]}, "properties": {"class": "residential"}}, {"type": "Feature", "geometry": {"type": "LineString", "coordinates": [[-96.7834182, 32.7839565], [-96.7834343, 32.784016], [-96.7835989, 32.7846065], [-96.7836076, 32.7846306], [-96.7836266, 32.7846885], [-96.7836482, 32.7847504], [-96.7836553, 32.7847741], [-96.7837431, 32.7850571], [-96.7837791, 32.7851786], [-96.783804, 32.7852623], [-96.7838221, 32.7853234], [-96.783832, 32.7853567], [-96.783848, 32.7854108], [-96.78386, 32.7854514]]}, "properties": {"class": "residential"}}, {"type": "Feature", "geometry": {"type": "LineString", "coordinates": [[-96.778522, 32.755905], [-96.7775743, 32.7567198], [-96.7766593, 32.7574933]]}, "properties": {"class": "residential"}}, {"type": "Feature", "geometry": {"type": "LineString", "coordinates": [[-96.7821721, 32.7841891], [-96.7821517, 32.7841027], [-96.782005, 32.7835488], [-96.781984, 32.7834697], [-96.7819565, 32.7833724], [-96.7819337, 32.7832916], [-96.7818767, 32.7830897], [-96.781848, 32.7829881], [-96.7818173, 32.7828792], [-96.781772, 32.7827188], [-96.7817394, 32.7826035], [-96.781713, 32.78251], [-96.7816893, 32.782425], [-96.7815804, 32.7820349], [-96.7814683, 32.7816269], [-96.7814448, 32.7815488], [-96.781425, 32.781478], [-96.781319, 32.781098], [-96.7812145, 32.7807238], [-96.781173, 32.780624], [-96.7811167, 32.7805251]]}, "properties": {"class": "tertiary"}}, {"type": "Feature", "geometry": {"type": "LineString", "coordinates": [[-96.7853221, 32.7971612], [-96.7852902, 32.7971883], [-96.7852748, 32.7972014], [-96.7849763, 32.7974548], [-96.7847387, 32.7976565], [-96.7846499, 32.7977319], [-96.7846147, 32.7977617], [-96.7844888, 32.7978686], [-96.7841887, 32.7981209], [-96.7841429, 32.7981611], [-96.7841024, 32.7981984], [-96.7839466, 32.7983289], [-96.7837796, 32.7984734], [-96.783681, 32.7985558]]}, "properties": {"class": "residential"}}, {"type": "Feature", "geometry": {"type": "LineString", "coordinates": [[-96.8036272, 32.7822837], [-96.8035639, 32.7823389], [-96.8032435, 32.7826156], [-96.8031267, 32.7827146], [-96.8030298, 32.7827968], [-96.8028598, 32.7829352], [-96.8027304, 32.7830452], [-96.8025953, 32.783155], [-96.802423, 32.7832974], [-96.8021238, 32.7835491], [-96.802014, 32.783648]]}, "properties": {"class": "tertiary"}}, {"type": "Feature", "geometry": {"type": "LineString", "coordinates": [[-96.7827225, 32.7989803], [-96.7826648, 32.7990279], [-96.782291, 32.7993419], [-96.7820733, 32.7995248], [-96.7818912, 32.7996777], [-96.7814088, 32.800086], [-96.7811568, 32.8002927], [-96.7811396, 32.8003075], [-96.7810792, 32.8003597], [-96.7810146, 32.800414], [-96.7809954, 32.8004301], [-96.7807034, 32.8006754], [-96.7806173, 32.8007477], [-96.7802154, 32.8010852], [-96.7793814, 32.8017656], [-96.7793418, 32.8017979]]}, "properties": {"class": "residential"}}, {"type": "Feature", "geometry": {"type": "LineString", "coordinates": [[-96.776827, 32.770058], [-96.7760081, 32.7706157], [-96.7759052, 32.7706792], [-96.7754016, 32.7710611], [-96.7750082, 32.7713901], [-96.7749376, 32.7714116], [-96.7748734, 32.7714336], [-96.7746319, 32.771614], [-96.773724, 32.7723763], [-96.7730518, 32.7729604]]}, "properties": {"class": "residential"}}, {"type": "Feature", "geometry": {"type": "LineString", "coordinates": [[-96.7887618, 32.7665244], [-96.7886806, 32.7665905], [-96.7884655, 32.766762], [-96.788224, 32.7669542], [-96.7881852, 32.7669851]]}, "properties": {"class": "residential"}}, {"type": "Feature", "geometry": {"type": "LineString", "coordinates": [[-96.779691, 32.7661189], [-96.7793803, 32.7657827], [-96.7790764, 32.7654305], [-96.7790315, 32.7653773]]}, "properties": {"class": "residential"}}, {"type": "Feature", "geometry": {"type": "LineString", "coordinates": [[-96.776975, 32.800952], [-96.7770485, 32.8010166], [-96.77707, 32.8010355], [-96.777147, 32.8011032], [-96.7788276, 32.8025241], [-96.778877, 32.8025654]]}, "properties": {"class": "residential"}}, {"type": "Feature", "geometry": {"type": "LineString", "coordinates": [[-96.778178, 32.797874], [-96.7782738, 32.7979562], [-96.7783909, 32.7980575], [-96.7788121, 32.7984195], [-96.7793603, 32.7988829], [-96.779417, 32.798931], [-96.779477, 32.798988], [-96.7800533, 32.7994781], [-96.7802461, 32.7996399], [-96.780663, 32.7999972], [-96.7810325, 32.8003194], [-96.7810792, 32.8003597], [-96.7811196, 32.8003955], [-96.7814448, 32.8006725], [-96.7815494, 32.80077], [-96.7818323, 32.8010186], [-96.782051, 32.8012094], [-96.7821449, 32.801292]]}, "properties": {"class": "secondary"}}, {"type": "Feature", "geometry": {"type": "LineString", "coordinates": [[-96.7778135, 32.7850761], [-96.7777913, 32.7849983], [-96.7777866, 32.7849842], [-96.7777033, 32.7846896], [-96.7776212, 32.7844044], [-96.7776147, 32.7843789], [-96.7775906, 32.7842941]]}, "properties": {"class": "residential"}}, {"type": "Feature", "geometry": {"type": "LineString", "coordinates": [[-96.7738932, 32.7697268], [-96.7738298, 32.7696738], [-96.7728829, 32.7688817], [-96.7723332, 32.7684247], [-96.771789, 32.767956], [-96.771293, 32.767535], [-96.7711433, 32.7674079], [-96.7708717, 32.7671868], [-96.7707729, 32.7671052]]}, "properties": {"class": "residential"}}, {"type": "Feature", "geometry": {"type": "LineString", "coordinates": [[-96.7759402, 32.7722537], [-96.7750437, 32.7714958], [-96.7749376, 32.7714116], [-96.7746204, 32.771139]]}, "properties": {"class": "residential"}}, {"type": "Feature", "geometry": {"type": "LineString", "coordinates": [[-96.8190067, 32.7990171], [-96.8192, 32.7991173], [-96.819551, 32.7993168], [-96.8196796, 32.7993922], [-96.8202566, 32.7997309], [-96.8204876, 32.7998651], [-96.8206254, 32.7999441], [-96.8213572, 32.8003788], [-96.821571, 32.800499], [-96.822064, 32.800767], [-96.822217, 32.8008456], [-96.8224326, 32.8009431], [-96.82278, 32.801091]]}, "properties": {"class": "secondary"}}, {"type": "Feature", "geometry": {"type": "LineString", "coordinates": [[-96.8148104, 32.793065], [-96.8146702, 32.7926903], [-96.8144811, 32.7921601], [-96.8144475, 32.7920527]]}, "properties": {"class": "secondary"}}, {"type": "Feature", "geometry": {"type": "LineString", "coordinates": [[-96.7803985, 32.7837696], [-96.780372, 32.7836819], [-96.780364, 32.7836552], [-96.7802641, 32.783305], [-96.7801646, 32.7829426], [-96.7801569, 32.7829137], [-96.780131, 32.7828191], [-96.7801048, 32.7827234], [-96.7800994, 32.7826998], [-96.7799992, 32.7823376], [-96.7799661, 32.7822165], [-96.7799133, 32.7820237], [-96.7798931, 32.7819534], [-96.7798878, 32.7819365], [-96.779868, 32.781864]]}, "properties": {"class": "residential"}}, {"type": "Feature", "geometry": {"type": "LineString", "coordinates": [[-96.8046557, 32.752509], [-96.8047155, 32.7545432], [-96.8047184, 32.7555564]]}, "properties": {"class": "residential"}}, {"type": "Feature", "geometry": {"type": "LineString", "coordinates": [[-96.8045883, 32.751725], [-96.8045833, 32.7524575]]}, "properties": {"class": "residential"}}, {"type": "Feature", "geometry": {"type": "LineString", "coordinates": [[-96.7867261, 32.7688048], [-96.786259, 32.768445], [-96.7860485, 32.7682608], [-96.7860132, 32.7682153], [-96.7859869, 32.7681596], [-96.7859433, 32.7681063], [-96.7858922, 32.7680588], [-96.7858307, 32.7680015]]}, "properties": {"class": "residential"}}, {"type": "Feature", "geometry": {"type": "LineString", "coordinates": [[-96.7867303, 32.7917945], [-96.7873108, 32.7923094], [-96.787353, 32.7923475]]}, "properties": {"class": "residential"}}, {"type": "Feature", "geometry": {"type": "LineString", "coordinates": [[-96.793106, 32.764657], [-96.792291, 32.765382], [-96.792088, 32.765535], [-96.7919111, 32.7656813], [-96.7918399, 32.7657402], [-96.7915131, 32.7660305], [-96.791454, 32.766083]]}, "properties": {"class": "residential"}}, {"type": "Feature", "geometry": {"type": "LineString", "coordinates": [[-96.7802461, 32.7996399], [-96.7801875, 32.7996887], [-96.7799497, 32.7998854], [-96.7794146, 32.8003285], [-96.7793751, 32.8003612], [-96.77932, 32.8004066], [-96.7789541, 32.8007081], [-96.778706, 32.8009136], [-96.7785658, 32.8010311], [-96.7785183, 32.8010703]]}, "properties": {"class": "residential"}}, {"type": "Feature", "geometry": {"type": "LineString", "coordinates": [[-96.8098685, 32.7537453], [-96.8099025, 32.7533724], [-96.809936, 32.7527902], [-96.8099428, 32.7521547]]}, "properties": {"class": "secondary"}}, {"type": "Feature", "geometry": {"type": "LineString", "coordinates": [[-96.7730378, 32.7865539], [-96.7731283, 32.7864943], [-96.7732102, 32.7863508], [-96.7733189, 32.7861014], [-96.7733561, 32.785967], [-96.7733612, 32.7859439]]}, "properties": {"class": "secondary"}}, {"type": "Feature", "geometry": {"type": "LineString", "coordinates": [[-96.784246, 32.792887], [-96.7843195, 32.7928253], [-96.7850732, 32.7921923], [-96.785146, 32.7921343], [-96.7852375, 32.7920607], [-96.785637, 32.791718], [-96.7857151, 32.7916562], [-96.7859126, 32.7914999], [-96.7861994, 32.7912638], [-96.7866473, 32.7908952], [-96.7868811, 32.7907024], [-96.7876029, 32.7900993], [-96.7881714, 32.7896123]]}, "properties": {"class": "tertiary"}}, {"type": "Feature", "geometry": {"type": "LineString", "coordinates": [[-96.7932568, 32.7745344], [-96.7934308, 32.7746747], [-96.793487, 32.774721], [-96.7935629, 32.7747845], [-96.7941931, 32.7753255], [-96.7942531, 32.7753769], [-96.7943179, 32.7754353], [-96.7947293, 32.7757936], [-96.7948681, 32.7759144], [-96.7949457, 32.7759865], [-96.7950111, 32.7760472], [-96.7950745, 32.7760948], [-96.7953391, 32.7763176], [-96.7956593, 32.7765893], [-96.795723, 32.776654], [-96.7957803, 32.7767348], [-96.7958628, 32.7768877], [-96.79588, 32.776935]]}, "properties": {"class": "secondary"}}, {"type": "Feature", "geometry": {"type": "LineString", "coordinates": [[-96.8226812, 32.7651368], [-96.8226441, 32.7651368], [-96.8214349, 32.7651321], [-96.8199014, 32.7651352], [-96.8198432, 32.7651352]]}, "properties": {"class": "residential"}}, {"type": "Feature", "geometry": {"type": "LineString", "coordinates": [[-96.8009767, 32.789449], [-96.8010405, 32.7895079]]}, "properties": {"class": "secondary"}}, {"type": "Feature", "geometry": {"type": "LineString", "coordinates": [[-96.7943064, 32.7832635], [-96.7942228, 32.7833859], [-96.7941358, 32.7835006], [-96.794079, 32.7836001], [-96.7940582, 32.7836648], [-96.7940506, 32.7837252], [-96.7940499, 32.7838175]]}, "properties": {"class": "tertiary"}}, {"type": "Feature", "geometry": {"type": "LineString", "coordinates": [[-96.8198418, 32.764146], [-96.8195957, 32.7640731], [-96.8194775, 32.7640269], [-96.8193779, 32.7639774], [-96.8192338, 32.7638932], [-96.819153, 32.7638348], [-96.8188993, 32.763633], [-96.818859, 32.7635979], [-96.818375, 32.76319], [-96.8182783, 32.7631156], [-96.8181664, 32.7630429], [-96.817995, 32.762953], [-96.8178755, 32.7628979], [-96.81775, 32.762853], [-96.8175689, 32.762808], [-96.8173397, 32.7627644], [-96.8166803, 32.7626415], [-96.8160332, 32.7625281], [-96.8158891, 32.7624997], [-96.8157744, 32.762471], [-96.8156666, 32.7624359], [-96.815586, 32.7623965]]}, "properties": {"class": "tertiary"}}, {"type": "Feature", "geometry": {"type": "LineString", "coordinates": [[-96.781372, 32.7634104], [-96.7812968, 32.7633471], [-96.7812786, 32.7633311], [-96.7803449, 32.7625381], [-96.7792286, 32.7615987], [-96.7783007, 32.7608177], [-96.7781946, 32.7607244], [-96.778103, 32.7606498], [-96.7780228, 32.7605821], [-96.7772403, 32.7599287]]}, "properties": {"class": "residential"}}, {"type": "Feature", "geometry": {"type": "LineString", "coordinates": [[-96.7858307, 32.7680015], [-96.7857729, 32.7679614], [-96.7845355, 32.7671071], [-96.7844723, 32.7670601]]}, "properties": {"class": "residential"}}, {"type": "Feature", "geometry": {"type": "LineString", "coordinates": [[-96.7767368, 32.7588505], [-96.776422, 32.758572], [-96.7762732, 32.7584472], [-96.7758231, 32.7580654], [-96.7754502, 32.7577614], [-96.7749932, 32.7574828]]}, "properties": {"class": "residential"}}, {"type": "Feature", "geometry": {"type": "LineString", "coordinates": [[-96.7730895, 32.7651304], [-96.7729536, 32.7650167], [-96.7726584, 32.7647696], [-96.7721051, 32.7643065], [-96.7719933, 32.7642136], [-96.7713392, 32.7636887]]}, "properties": {"class": "residential"}}, {"type": "Feature", "geometry": {"type": "LineString", "coordinates": [[-96.816773, 32.7560496], [-96.8156602, 32.7560515], [-96.8148963, 32.7560514], [-96.8141802, 32.7560472], [-96.8134553, 32.7560549], [-96.8127252, 32.7560515], [-96.8120876, 32.756047], [-96.8119483, 32.756047], [-96.8118578, 32.756047], [-96.8111199, 32.7560469], [-96.81105, 32.7560499]]}, "properties": {"class": "residential"}}, {"type": "Feature", "geometry": {"type": "LineString", "coordinates": [[-96.8091147, 32.7560648], [-96.8083985, 32.756054]]}, "properties": {"class": "residential"}}, {"type": "Feature", "geometry": {"type": "LineString", "coordinates": [[-96.8084017, 32.755719], [-96.8077847, 32.7557152], [-96.8076769, 32.7557134], [-96.8070404, 32.755705], [-96.8069691, 32.7557042], [-96.8068999, 32.7557038], [-96.8056063, 32.7556961], [-96.8055337, 32.7556956]]}, "properties": {"class": "residential"}}, {"type": "Feature", "geometry": {"type": "LineString", "coordinates": [[-96.8075455, 32.7945132], [-96.8076332, 32.7944392], [-96.8081651, 32.7939906], [-96.8082148, 32.7939486]]}, "properties": {"class": "residential"}}, {"type": "Feature", "geometry": {"type": "LineString", "coordinates": [[-96.7900985, 32.7921907], [-96.790059, 32.7922231], [-96.78965, 32.7925588], [-96.7893192, 32.7922685]]}, "properties": {"class": "residential"}}, {"type": "Feature", "geometry": {"type": "LineString", "coordinates": [[-96.7897466, 32.7918928], [-96.7897101, 32.7919263], [-96.7893192, 32.7922685], [-96.7892266, 32.7923501], [-96.788575, 32.792903], [-96.7885404, 32.7929327]]}, "properties": {"class": "residential"}}, {"type": "Feature", "geometry": {"type": "LineString", "coordinates": [[-96.7902568, 32.7700502], [-96.7896164, 32.7705992], [-96.7895495, 32.7707153], [-96.7895173, 32.7708188]]}, "properties": {"class": "residential"}}, {"type": "Feature", "geometry": {"type": "LineString", "coordinates": [[-96.7862193, 32.7738669], [-96.7861439, 32.7739262], [-96.7858539, 32.77417], [-96.7858076, 32.7742203], [-96.7857542, 32.7743016], [-96.7855856, 32.7745785]]}, "properties": {"class": "residential"}}, {"type": "Feature", "geometry": {"type": "LineString", "coordinates": [[-96.7924589, 32.7686436], [-96.7924294, 32.7686677], [-96.7922025, 32.7688538], [-96.7921225, 32.7689194], [-96.7920454, 32.7689826], [-96.7917807, 32.7691995], [-96.7916877, 32.7692758], [-96.7916095, 32.7693399]]}, "properties": {"class": "residential"}}, {"type": "Feature", "geometry": {"type": "LineString", "coordinates": [[-96.8046963, 32.7740666], [-96.8047169, 32.7741774], [-96.8049548, 32.7749873], [-96.8051231, 32.7755562]]}, "properties": {"class": "secondary"}}, {"type": "Feature", "geometry": {"type": "LineString", "coordinates": [[-96.8194673, 32.7592997], [-96.8192618, 32.7594649], [-96.819161, 32.7595348], [-96.81899, 32.7596471], [-96.8188299, 32.7597634], [-96.8185268, 32.7600138]]}, "properties": {"class": "secondary"}}, {"type": "Feature", "geometry": {"type": "LineString", "coordinates": [[-96.7760999, 32.785422], [-96.7761284, 32.7855179], [-96.7762903, 32.7860623], [-96.776313, 32.786139]]}, "properties": {"class": "residential"}}, {"type": "Feature", "geometry": {"type": "LineString", "coordinates": [[-96.7996352, 32.7945194], [-96.7995842, 32.7945621], [-96.7988273, 32.7951948], [-96.7984343, 32.7955234], [-96.7980945, 32.7958075], [-96.7980505, 32.7958443], [-96.7980026, 32.7958844], [-96.7978209, 32.7960362], [-96.7975829, 32.7962352], [-96.7974689, 32.7963305], [-96.7971932, 32.796561], [-96.7971447, 32.7966015], [-96.7971013, 32.7966377], [-96.7968143, 32.7968777], [-96.7966672, 32.7970006], [-96.7966058, 32.7970519], [-96.7962599, 32.7973411], [-96.7962074, 32.797385], [-96.7961652, 32.7974202], [-96.7956567, 32.7978453], [-96.79526, 32.7981797], [-96.795223, 32.7982067], [-96.7951812, 32.798242], [-96.794518, 32.7987973], [-96.7944731, 32.7988349]]}, "properties": {"class": "residential"}}, {"type": "Feature", "geometry": {"type": "LineString", "coordinates": [[-96.7906351, 32.8016729], [-96.7905808, 32.8017154], [-96.7905546, 32.8017363], [-96.7902869, 32.8019601], [-96.7901382, 32.8020892], [-96.7898721, 32.8023121], [-96.7897527, 32.8024127], [-96.7897214, 32.8024377], [-96.7896725, 32.8024759], [-96.7897009, 32.8025548]]}, "properties": {"class": "residential"}}, {"type": "Feature", "geometry": {"type": "LineString", "coordinates": [[-96.7908466, 32.7846911], [-96.7907916, 32.7847325], [-96.7905759, 32.7849048], [-96.7905561, 32.7849211], [-96.7902766, 32.7851567], [-96.7899036, 32.7854747], [-96.7898453, 32.7855244]]}, "properties": {"class": "residential"}}, {"type": "Feature", "geometry": {"type": "LineString", "coordinates": [[-96.774896, 32.775395], [-96.7738647, 32.774522], [-96.7735618, 32.774249], [-96.7731186, 32.7738737], [-96.7729529, 32.7737389], [-96.7728175, 32.7736338], [-96.7726634, 32.7734809], [-96.7717149, 32.7726644], [-96.7715698, 32.7725395], [-96.771079, 32.772117]]}, "properties": {"class": "residential"}}, {"type": "Feature", "geometry": {"type": "LineString", "coordinates": [[-96.7759266, 32.776507], [-96.7765, 32.776898], [-96.7765885, 32.7769644], [-96.776676, 32.777043], [-96.7767589, 32.7771309]]}, "properties": {"class": "residential"}}, {"type": "Feature", "geometry": {"type": "LineString", "coordinates": [[-96.7866129, 32.7843079], [-96.7865535, 32.7843309], [-96.7865172, 32.7843541], [-96.7859855, 32.784809], [-96.7854687, 32.7852396]]}, "properties": {"class": "residential"}}, {"type": "Feature", "geometry": {"type": "LineString", "coordinates": [[-96.7909708, 32.7970013], [-96.7909014, 32.7970542], [-96.7908876, 32.797065], [-96.7907254, 32.7972049], [-96.790167, 32.7976865], [-96.7901167, 32.7977127], [-96.7900385, 32.797736], [-96.7899498, 32.7977417], [-96.7898689, 32.7977564], [-96.7898116, 32.7977828], [-96.7895226, 32.7980196], [-96.7893184, 32.7981888], [-96.7892015, 32.7982854], [-96.7886455, 32.7987612], [-96.7885838, 32.7988112], [-96.7882802, 32.7990663], [-96.7879846, 32.7993074], [-96.7879688, 32.7993197], [-96.787911, 32.7993645]]}, "properties": {"class": "residential"}}, {"type": "Feature", "geometry": {"type": "LineString", "coordinates": [[-96.779683, 32.759355], [-96.7797761, 32.7591114], [-96.7798063, 32.7589654], [-96.7798734, 32.7585831], [-96.7798985, 32.7584271], [-96.7800154, 32.7576817]]}, "properties": {"class": "secondary"}}, {"type": "Feature", "geometry": {"type": "LineString", "coordinates": [[-96.8144475, 32.7920527], [-96.8142728, 32.7915432], [-96.8142683, 32.7915277], [-96.8141408, 32.7910923], [-96.8141209, 32.7910245], [-96.8141112, 32.790969], [-96.8140335, 32.7905242], [-96.8139678, 32.7901481], [-96.813958, 32.790092], [-96.813892, 32.789766], [-96.8138306, 32.789528], [-96.813769, 32.789289], [-96.813579, 32.788678], [-96.8135541, 32.7886101], [-96.813414, 32.788228], [-96.8132699, 32.7879005], [-96.81311, 32.787537], [-96.812813, 32.786837], [-96.812714, 32.786407], [-96.812665, 32.786089]]}, "properties": {"class": "secondary"}}, {"type": "Feature", "geometry": {"type": "LineString", "coordinates": [[-96.7885111, 32.7893379], [-96.78858, 32.7893915], [-96.7886648, 32.7894502], [-96.7887176, 32.7894796], [-96.7888233, 32.7895299], [-96.7889203, 32.7895706], [-96.7890383, 32.7896014], [-96.7891439, 32.7896225], [-96.789263, 32.7896335], [-96.7893886, 32.7896423], [-96.7895243, 32.7896536], [-96.78966, 32.789673], [-96.7897752, 32.7897062], [-96.789882, 32.789749], [-96.7900506, 32.789846], [-96.7901717, 32.7899333], [-96.7902239, 32.7899711]]}, "properties": {"class": "residential"}}, {"type": "Feature", "geometry": {"type": "LineString", "coordinates": [[-96.7858649, 32.7868138], [-96.7859308, 32.7868739], [-96.7862326, 32.7871453], [-96.7862678, 32.787177], [-96.7863222, 32.787226], [-96.7868687, 32.7876977], [-96.7869278, 32.7877487]]}, "properties": {"class": "residential"}}, {"type": "Feature", "geometry": {"type": "LineString", "coordinates": [[-96.7880797, 32.781256], [-96.7880194, 32.7811845], [-96.7880073, 32.7811708], [-96.7877849, 32.7809093], [-96.7867922, 32.7797458], [-96.7867272, 32.7796659]]}, "properties": {"class": "residential"}}, {"type": "Feature", "geometry": {"type": "LineString", "coordinates": [[-96.8053274, 32.7761953], [-96.8053544, 32.7762779], [-96.8053635, 32.7763138], [-96.8054152, 32.77677], [-96.8054283, 32.7768823], [-96.8054389, 32.7769613]]}, "properties": {"class": "secondary"}}, {"type": "Feature", "geometry": {"type": "LineString", "coordinates": [[-96.7777128, 32.8003668], [-96.7777718, 32.8004186], [-96.777832, 32.8004716], [-96.7782114, 32.8008012], [-96.7784703, 32.8010278], [-96.7785183, 32.8010703], [-96.7789502, 32.8014481], [-96.7791341, 32.8016124], [-96.7793418, 32.8017979], [-96.7795557, 32.8019904], [-96.7799574, 32.8023423], [-96.7800631, 32.8024346], [-96.7803197, 32.8026587], [-96.780399, 32.802728], [-96.7804781, 32.8027995], [-96.7806567, 32.8029563], [-96.7807941, 32.8030751], [-96.7808854, 32.803155], [-96.7811727, 32.8034064], [-96.7812735, 32.8034953], [-96.7813225, 32.8035381], [-96.7813762, 32.8035851], [-96.7814656, 32.8036631], [-96.7815766, 32.8037602], [-96.781788, 32.803945], [-96.7818444, 32.8039948], [-96.782118, 32.8042364], [-96.782601, 32.8046619], [-96.7830899, 32.8050927], [-96.7832731, 32.8052539], [-96.7837704, 32.8056913], [-96.7840413, 32.8059297], [-96.7840935, 32.8059756], [-96.7841318, 32.8060097], [-96.7848564, 32.8066482], [-96.7849068, 32.8066928], [-96.7849536, 32.8067322], [-96.7851043, 32.8068622], [-96.7853152, 32.8070443], [-96.7855867, 32.8072787], [-96.7856592, 32.8073417], [-96.7862408, 32.807847], [-96.7862957, 32.8078946]]}, "properties": {"class": "tertiary"}}, {"type": "Feature", "geometry": {"type": "LineString", "coordinates": [[-96.8169159, 32.7950726], [-96.8168809, 32.7951251], [-96.8168648, 32.7951493], [-96.8164296, 32.7957969], [-96.816114, 32.79625], [-96.816097, 32.796319], [-96.816095, 32.796346]]}, "properties": {"class": "residential"}}, {"type": "Feature", "geometry": {"type": "LineString", "coordinates": [[-96.8001664, 32.7730294], [-96.8005009, 32.7731295], [-96.800708, 32.7732083], [-96.8007712, 32.7732453], [-96.8008421, 32.7732886]]}, "properties": {"class": "secondary"}}, {"type": "Feature", "geometry": {"type": "LineString", "coordinates": [[-96.7975779, 32.7718168], [-96.7979547, 32.7721799]]}, "properties": {"class": "secondary"}}, {"type": "Feature", "geometry": {"type": "LineString", "coordinates": [[-96.7732107, 32.7768361], [-96.772171, 32.775939], [-96.7712451, 32.7751563]]}, "properties": {"class": "residential"}}, {"type": "Feature", "geometry": {"type": "LineString", "coordinates": [[-96.795171, 32.796507], [-96.795215, 32.796545], [-96.7957357, 32.7969939], [-96.795855, 32.7970928], [-96.7961603, 32.7973459], [-96.7962074, 32.797385], [-96.7962546, 32.7974247], [-96.7966171, 32.7977303], [-96.7969883, 32.7980432], [-96.797044, 32.7980901], [-96.7970911, 32.7981304], [-96.7972789, 32.7982911], [-96.7977132, 32.7986628], [-96.7979408, 32.7988579], [-96.7980265, 32.7989326]]}, "properties": {"class": "residential"}}, {"type": "Feature", "geometry": {"type": "LineString", "coordinates": [[-96.8045962, 32.7988119], [-96.8045354, 32.7988574], [-96.8040645, 32.7992551], [-96.8038896, 32.7994028], [-96.8034185, 32.7998014], [-96.803333, 32.7998728], [-96.8026967, 32.80041], [-96.8026379, 32.8004597], [-96.8025819, 32.8005055], [-96.8017626, 32.8011789], [-96.8017123, 32.8012169]]}, "properties": {"class": "residential"}}, {"type": "Feature", "geometry": {"type": "LineString", "coordinates": [[-96.7730995, 32.754337], [-96.773044, 32.7544138], [-96.772131, 32.7551788], [-96.7719763, 32.7553136]]}, "properties": {"class": "residential"}}, {"type": "Feature", "geometry": {"type": "LineString", "coordinates": [[-96.790647, 32.762659], [-96.7898523, 32.7633218], [-96.789241, 32.7638232], [-96.78915, 32.7638986]]}, "properties": {"class": "residential"}}, {"type": "Feature", "geometry": {"type": "LineString", "coordinates": [[-96.8115168, 32.7907388], [-96.8114199, 32.7907972], [-96.8112776, 32.7908825], [-96.8108597, 32.7911332], [-96.8108072, 32.7911647], [-96.8102776, 32.7914824], [-96.8101939, 32.7915325]]}, "properties": {"class": "residential"}}, {"type": "Feature", "geometry": {"type": "LineString", "coordinates": [[-96.78578, 32.788538], [-96.785837, 32.7885887], [-96.7858482, 32.7885984], [-96.7862728, 32.7889655], [-96.7864103, 32.7890841], [-96.7865635, 32.7892148], [-96.7870663, 32.7896427], [-96.7872337, 32.7897838], [-96.7875269, 32.7900329], [-96.7876029, 32.7900993]]}, "properties": {"class": "residential"}}, {"type": "Feature", "geometry": {"type": "LineString", "coordinates": [[-96.785384, 32.787824], [-96.7854214, 32.7878621], [-96.7856139, 32.7880587], [-96.7859248, 32.7883754], [-96.7859628, 32.7884142]]}, "properties": {"class": "residential"}}, {"type": "Feature", "geometry": {"type": "LineString", "coordinates": [[-96.781464, 32.775447], [-96.7813633, 32.7755072], [-96.7806081, 32.7759855], [-96.7802623, 32.7762147]]}, "properties": {"class": "residential"}}, {"type": "Feature", "geometry": {"type": "LineString", "coordinates": [[-96.776783, 32.780436], [-96.7767283, 32.7804908], [-96.7767033, 32.7805131], [-96.7760626, 32.7811576], [-96.7760074, 32.7812128], [-96.775948, 32.7812688], [-96.7757058, 32.7815149], [-96.7756305, 32.7815903], [-96.7752868, 32.7819346], [-96.7752482, 32.7819733], [-96.7752323, 32.7819892], [-96.7751936, 32.7820259], [-96.7749012, 32.782329]]}, "properties": {"class": "residential"}}, {"type": "Feature", "geometry": {"type": "LineString", "coordinates": [[-96.7782292, 32.7781396], [-96.7781595, 32.7782072], [-96.7774077, 32.778937], [-96.7772434, 32.779098], [-96.7763405, 32.779988], [-96.7763157, 32.7800128], [-96.7762684, 32.7800614]]}, "properties": {"class": "residential"}}, {"type": "Feature", "geometry": {"type": "LineString", "coordinates": [[-96.7984419, 32.7985911], [-96.7984272, 32.7986349], [-96.7984061, 32.7986633], [-96.7981145, 32.7988986], [-96.79809, 32.7989127], [-96.7980635, 32.7989246], [-96.7980265, 32.7989326]]}, "properties": {"class": "residential"}}, {"type": "Feature", "geometry": {"type": "LineString", "coordinates": [[-96.8002714, 32.797743], [-96.8002223, 32.7977834], [-96.8001836, 32.7978171], [-96.799694, 32.7982182], [-96.7994645, 32.7984071], [-96.7994521, 32.7984173], [-96.7993954, 32.798464]]}, "properties": {"class": "residential"}}, {"type": "Feature", "geometry": {"type": "LineString", "coordinates": [[-96.7834182, 32.7839565], [-96.7834049, 32.7838838], [-96.7833958, 32.7838505], [-96.7832523, 32.7833179], [-96.7832485, 32.7832999], [-96.7832427, 32.7832216], [-96.7832383, 32.7831296], [-96.7832339, 32.7831043], [-96.7831344, 32.7827308], [-96.783034, 32.7823671], [-96.7830289, 32.7823467], [-96.7830021, 32.7822515], [-96.7829813, 32.7821788], [-96.7829741, 32.7821549], [-96.7828672, 32.7817661], [-96.782771, 32.7814113], [-96.782762, 32.7813781], [-96.7827438, 32.781305]]}, "properties": {"class": "residential"}}, {"type": "Feature", "geometry": {"type": "LineString", "coordinates": [[-96.7927714, 32.8005499], [-96.792716, 32.8005458], [-96.792633, 32.800542], [-96.7925264, 32.8005607], [-96.7911748, 32.8016929], [-96.7910376, 32.8018091]]}, "properties": {"class": "residential"}}, {"type": "Feature", "geometry": {"type": "LineString", "coordinates": [[-96.79206, 32.7807691], [-96.7921386, 32.780717], [-96.7922211, 32.7806622], [-96.7923249, 32.7806084], [-96.7924086, 32.7805784], [-96.7928277, 32.7804708], [-96.7930815, 32.7804105], [-96.7937541, 32.7802598]]}, "properties": {"class": "residential"}}, {"type": "Feature", "geometry": {"type": "LineString", "coordinates": [[-96.8108351, 32.7777875], [-96.8106309, 32.7779155], [-96.8105342, 32.7779833], [-96.8104407, 32.7780472], [-96.8103479, 32.7781037], [-96.8102541, 32.7781538], [-96.81016, 32.7781963], [-96.810052, 32.7782361], [-96.8099461, 32.7782705], [-96.8098322, 32.7783004], [-96.809708, 32.77833], [-96.8096318, 32.7783457]]}, "properties": {"class": "secondary"}}, {"type": "Feature", "geometry": {"type": "LineString", "coordinates": [[-96.8099042, 32.7785119], [-96.8100254, 32.7784786], [-96.8101419, 32.7784371], [-96.81026, 32.7783862], [-96.8103727, 32.7783298], [-96.8104864, 32.7782697], [-96.8105895, 32.7782047], [-96.8106965, 32.7781341], [-96.8107879, 32.7780626], [-96.8109715, 32.7779014]]}, "properties": {"class": "secondary"}}, {"type": "Feature", "geometry": {"type": "LineString", "coordinates": [[-96.7735753, 32.7849076], [-96.7735132, 32.7848895], [-96.7729587, 32.7847391], [-96.772883, 32.784722], [-96.772824, 32.784717], [-96.7727574, 32.7847155], [-96.772626, 32.784697], [-96.7724355, 32.784645], [-96.7719928, 32.7845211], [-96.7719201, 32.784503], [-96.7718379, 32.7844797], [-96.7711524, 32.7842956], [-96.7710848, 32.784277], [-96.7710105, 32.784256], [-96.7704573, 32.7841056], [-96.770251, 32.7840318], [-96.77021, 32.7840214], [-96.7699108, 32.7839419], [-96.7693753, 32.7837997]]}, "properties": {"class": "tertiary"}}, {"type": "Feature", "geometry": {"type": "LineString", "coordinates": [[-96.8020183, 32.7698705], [-96.8014228, 32.7703734]]}, "properties": {"class": "motorway"}}, {"type": "Feature", "geometry": {"type": "LineString", "coordinates": [[-96.782048, 32.7804535], [-96.781998, 32.7804565], [-96.7812542, 32.7806075], [-96.781173, 32.780624]]}, "properties": {"class": "residential"}}, {"type": "Feature", "geometry": {"type": "LineString", "coordinates": [[-96.797158, 32.766344], [-96.797145, 32.766316], [-96.797108, 32.766284], [-96.7959119, 32.7654616], [-96.795831, 32.765406]]}, "properties": {"class": "residential"}}, {"type": "Feature", "geometry": {"type": "LineString", "coordinates": [[-96.8050606, 32.7996066], [-96.8047188, 32.799817], [-96.804642, 32.7998664], [-96.8041819, 32.8001647], [-96.804079, 32.8002324], [-96.8039218, 32.8003447], [-96.803728, 32.8004927], [-96.8031976, 32.8009239]]}, "properties": {"class": "residential"}}, {"type": "Feature", "geometry": {"type": "LineString", "coordinates": [[-96.8134621, 32.7717969], [-96.8134861, 32.7718217], [-96.8140474, 32.773132], [-96.8140839, 32.773234], [-96.8141024, 32.7733386], [-96.814092, 32.7734602], [-96.8140473, 32.7735912], [-96.8139613, 32.7737288], [-96.8138774, 32.7738383], [-96.8137606, 32.7739533], [-96.8136264, 32.7740311], [-96.8135063, 32.7740823], [-96.8133007, 32.7741397], [-96.8130955, 32.7741818]]}, "properties": {"class": "residential"}}, {"type": "Feature", "geometry": {"type": "LineString", "coordinates": [[-96.7759266, 32.776507], [-96.775139, 32.7776006], [-96.7745123, 32.7784446], [-96.7743798, 32.7786529], [-96.774379, 32.778699]]}, "properties": {"class": "residential"}}, {"type": "Feature", "geometry": {"type": "LineString", "coordinates": [[-96.774675, 32.778912], [-96.774395, 32.779198], [-96.774361, 32.779282], [-96.774275, 32.779916], [-96.774308, 32.779994], [-96.774606, 32.780205]]}, "properties": {"class": "residential"}}, {"type": "Feature", "geometry": {"type": "LineString", "coordinates": [[-96.7828831, 32.7621443], [-96.782809, 32.7620832], [-96.7818575, 32.7612652], [-96.7807441, 32.7603218]]}, "properties": {"class": "residential"}}, {"type": "Feature", "geometry": {"type": "LineString", "coordinates": [[-96.7888606, 32.767638], [-96.7885186, 32.7673145], [-96.7881852, 32.7669851], [-96.7880925, 32.7668926], [-96.7877379, 32.7665566], [-96.78772, 32.7665382], [-96.787649, 32.7664767]]}, "properties": {"class": "residential"}}, {"type": "Feature", "geometry": {"type": "LineString", "coordinates": [[-96.793671, 32.769776], [-96.793955, 32.76953], [-96.7940582, 32.7694407], [-96.7941583, 32.769354]]}, "properties": {"class": "tertiary"}}, {"type": "Feature", "geometry": {"type": "LineString", "coordinates": [[-96.7923925, 32.7819374], [-96.7923262, 32.7817061], [-96.7922576, 32.7814264], [-96.7922406, 32.7813346]]}, "properties": {"class": "secondary"}}, {"type": "Feature", "geometry": {"type": "LineString", "coordinates": [[-96.7879199, 32.7764305], [-96.7878388, 32.7763003], [-96.787761, 32.7762258], [-96.7876738, 32.7761672], [-96.7875934, 32.7761243]]}, "properties": {"class": "primary"}}, {"type": "Feature", "geometry": {"type": "LineString", "coordinates": [[-96.7893908, 32.7776432], [-96.7893305, 32.7775734], [-96.7893143, 32.7775534], [-96.7889982, 32.7771833], [-96.7889768, 32.7771613], [-96.788948, 32.7771511]]}, "properties": {"class": "residential"}}, {"type": "Feature", "geometry": {"type": "LineString", "coordinates": [[-96.8126708, 32.7745885], [-96.8124026, 32.7746658], [-96.8121564, 32.7747201]]}, "properties": {"class": "tertiary"}}, {"type": "Feature", "geometry": {"type": "LineString", "coordinates": [[-96.8077951, 32.7768742], [-96.8082129, 32.7770952], [-96.8084872, 32.7772215]]}, "properties": {"class": "tertiary"}}, {"type": "Feature", "geometry": {"type": "LineString", "coordinates": [[-96.7743891, 32.7571394], [-96.774315, 32.7572075], [-96.7736479, 32.7577985], [-96.7734286, 32.7579826]]}, "properties": {"class": "residential"}}, {"type": "Feature", "geometry": {"type": "LineString", "coordinates": [[-96.778299, 32.7542775], [-96.778299, 32.754451], [-96.7783317, 32.7545773], [-96.7783173, 32.7546222], [-96.778245, 32.754686], [-96.7780415, 32.7548877], [-96.7780131, 32.7549159], [-96.7777824, 32.7551233], [-96.7777012, 32.7551963], [-96.7775996, 32.7552809], [-96.7767222, 32.7560115], [-96.7758154, 32.7567799]]}, "properties": {"class": "residential"}}, {"type": "Feature", "geometry": {"type": "LineString", "coordinates": [[-96.7901491, 32.7678597], [-96.7900827, 32.7679166], [-96.7900593, 32.7679366], [-96.7896403, 32.7682996], [-96.7895953, 32.7683385], [-96.7895638, 32.7683656], [-96.7888964, 32.7689622], [-96.7885555, 32.7692334], [-96.7879216, 32.7697542], [-96.7878031, 32.7698682], [-96.7875577, 32.7701185], [-96.7874863, 32.7701976]]}, "properties": {"class": "residential"}}, {"type": "Feature", "geometry": {"type": "LineString", "coordinates": [[-96.78573, 32.7725611], [-96.7856717, 32.7726452], [-96.7854558, 32.7729438], [-96.7852432, 32.7732599], [-96.7851866, 32.7733462]]}, "properties": {"class": "residential"}}, {"type": "Feature", "geometry": {"type": "LineString", "coordinates": [[-96.7848547, 32.7731729], [-96.784805, 32.7732226], [-96.7847288, 32.7732985], [-96.7845145, 32.7734863], [-96.784421, 32.7735827], [-96.7843389, 32.7736981], [-96.7842724, 32.773809], [-96.7841652, 32.7740034]]}, "properties": {"class": "residential"}}, {"type": "Feature", "geometry": {"type": "LineString", "coordinates": [[-96.7762684, 32.7800614], [-96.7757881, 32.779717], [-96.775122, 32.779224], [-96.774675, 32.778912], [-96.774379, 32.778699]]}, "properties": {"class": "residential"}}, {"type": "Feature", "geometry": {"type": "LineString", "coordinates": [[-96.7985337, 32.7503566], [-96.7944001, 32.7590165]]}, "properties": {"class": "secondary"}}, {"type": "Feature", "geometry": {"type": "LineString", "coordinates": [[-96.7793934, 32.7730299], [-96.77809, 32.77384], [-96.778065, 32.773843], [-96.778007, 32.773826]]}, "properties": {"class": "residential"}}, {"type": "Feature", "geometry": {"type": "LineString", "coordinates": [[-96.7722062, 32.7837373], [-96.7721754, 32.7838201], [-96.7721036, 32.7840131], [-96.7720672, 32.7841108], [-96.7720558, 32.7841412], [-96.7719467, 32.7844266], [-96.7719201, 32.784503], [-96.7718917, 32.7845821], [-96.7717842, 32.7848706]]}, "properties": {"class": "residential"}}, {"type": "Feature", "geometry": {"type": "LineString", "coordinates": [[-96.81567, 32.7600015], [-96.8149114, 32.7600004], [-96.8141816, 32.7600152]]}, "properties": {"class": "residential"}}, {"type": "Feature", "geometry": {"type": "LineString", "coordinates": [[-96.783442, 32.7955915], [-96.7835079, 32.7956445], [-96.7841836, 32.7961875], [-96.7844119, 32.7963804], [-96.7845841, 32.7965301], [-96.7848278, 32.7967386], [-96.7848889, 32.7967909], [-96.7850776, 32.7969524], [-96.7852242, 32.7970778], [-96.7852727, 32.7971191], [-96.7853221, 32.7971612], [-96.786094, 32.7978211], [-96.7861438, 32.7978737]]}, "properties": {"class": "tertiary"}}, {"type": "Feature", "geometry": {"type": "LineString", "coordinates": [[-96.7839846, 32.7951542], [-96.784041, 32.7952042], [-96.7843843, 32.795508], [-96.7845937, 32.7956932], [-96.7847611, 32.7958348], [-96.785673, 32.7966063], [-96.7857277, 32.7966526]]}, "properties": {"class": "residential"}}, {"type": "Feature", "geometry": {"type": "LineString", "coordinates": [[-96.8081775, 32.7918133], [-96.8082365, 32.7918678], [-96.8084584, 32.7920625], [-96.8089027, 32.7924526], [-96.809021, 32.79256], [-96.8090624, 32.7925895], [-96.8091144, 32.7926149], [-96.8091583, 32.7926245]]}, "properties": {"class": "residential"}}, {"type": "Feature", "geometry": {"type": "LineString", "coordinates": [[-96.8001177, 32.7825451], [-96.7999971, 32.7821572]]}, "properties": {"class": "secondary"}}, {"type": "Feature", "geometry": {"type": "LineString", "coordinates": [[-96.8229972, 32.760526], [-96.8228848, 32.760526], [-96.8222728, 32.7605259], [-96.821668, 32.7605257], [-96.8209084, 32.7605281], [-96.8207731, 32.7605285], [-96.8201688, 32.7605304]]}, "properties": {"class": "residential"}}, {"type": "Feature", "geometry": {"type": "LineString", "coordinates": [[-96.8131313, 32.7602066], [-96.8130743, 32.7601894], [-96.8130218, 32.7601646], [-96.812941, 32.760075], [-96.812826, 32.759866], [-96.8127556, 32.7596897]]}, "properties": {"class": "residential"}}, {"type": "Feature", "geometry": {"type": "LineString", "coordinates": [[-96.7869258, 32.7766023], [-96.7870213, 32.7767576], [-96.7871411, 32.7769304], [-96.7872895, 32.7771324]]}, "properties": {"class": "primary"}}, {"type": "Feature", "geometry": {"type": "LineString", "coordinates": [[-96.7908738, 32.7816173], [-96.790908, 32.7817076], [-96.7909864, 32.7819818]]}, "properties": {"class": "primary"}}, {"type": "Feature", "geometry": {"type": "LineString", "coordinates": [[-96.8062784, 32.7828576], [-96.8062414, 32.7828219], [-96.8062151, 32.7827967], [-96.8058252, 32.7824225], [-96.8057901, 32.7823888], [-96.8056876, 32.7822966], [-96.8053827, 32.782019], [-96.805349, 32.7819846], [-96.8052643, 32.7819042]]}, "properties": {"class": "secondary"}}, {"type": "Feature", "geometry": {"type": "LineString", "coordinates": [[-96.8081188, 32.7846345], [-96.8085973, 32.7850603]]}, "properties": {"class": "secondary"}}, {"type": "Feature", "geometry": {"type": "LineString", "coordinates": [[-96.8175086, 32.7861407], [-96.8165356, 32.784758]]}, "properties": {"class": "secondary"}}, {"type": "Feature", "geometry": {"type": "LineString", "coordinates": [[-96.824564, 32.758014], [-96.8244803, 32.758003], [-96.8243215, 32.7579822], [-96.8240935, 32.7579524], [-96.8240451, 32.7579464], [-96.8236558, 32.7578979], [-96.8235221, 32.7578798], [-96.8230128, 32.7578233], [-96.8230006, 32.7578205], [-96.8229165, 32.7578063], [-96.8228922, 32.7578034], [-96.8227893, 32.7577891], [-96.8221024, 32.7576946], [-96.8219683, 32.7576487], [-96.8219268, 32.757625], [-96.8218884, 32.757603], [-96.8218326, 32.7575466], [-96.8218208, 32.7575356], [-96.821772, 32.757469]]}, "properties": {"class": "residential"}}, {"type": "Feature", "geometry": {"type": "LineString", "coordinates": [[-96.7971774, 32.7886801], [-96.7972641, 32.7887534], [-96.798057, 32.7894231], [-96.7981228, 32.7894807]]}, "properties": {"class": "residential"}}, {"type": "Feature", "geometry": {"type": "LineString", "coordinates": [[-96.77286, 32.7839242], [-96.7729147, 32.7839936], [-96.7729767, 32.7840528], [-96.773301, 32.7842845], [-96.7736023, 32.7845232], [-96.7736849, 32.7845887], [-96.7737292, 32.7846238], [-96.773821, 32.7846966]]}, "properties": {"class": "secondary"}}, {"type": "Feature", "geometry": {"type": "LineString", "coordinates": [[-96.7744423, 32.7851816], [-96.7745618, 32.7852823], [-96.7748632, 32.7855806], [-96.7749285, 32.7856542]]}, "properties": {"class": "secondary"}}, {"type": "Feature", "geometry": {"type": "LineString", "coordinates": [[-96.7862512, 32.8007612], [-96.7862917, 32.8007939], [-96.7872355, 32.8016045], [-96.7874617, 32.8017907], [-96.7875053, 32.8018278]]}, "properties": {"class": "residential"}}, {"type": "Feature", "geometry": {"type": "LineString", "coordinates": [[-96.7900385, 32.797736], [-96.7900949, 32.7977862], [-96.7902609, 32.7979306], [-96.7905212, 32.7981485], [-96.7905691, 32.7981872], [-96.790946, 32.7985193], [-96.7913958, 32.7989036], [-96.7914384, 32.7989386], [-96.7917703, 32.7992234], [-96.791876, 32.7993124], [-96.7920192, 32.7994286], [-96.7921316, 32.7995236], [-96.7926062, 32.7999373], [-96.792726, 32.7999543], [-96.7927891, 32.7999603]]}, "properties": {"class": "residential"}}, {"type": "Feature", "geometry": {"type": "LineString", "coordinates": [[-96.8174791, 32.74784], [-96.8182109, 32.7488436], [-96.8182583, 32.7489059], [-96.8186237, 32.749425], [-96.8189839, 32.7499207], [-96.819033, 32.7500003], [-96.8190738, 32.7500791], [-96.8190838, 32.750115], [-96.8190856, 32.7503888], [-96.8190881, 32.7508095], [-96.8190948, 32.7513737], [-96.8190909, 32.7527839], [-96.8190913, 32.7532918], [-96.8190849, 32.7537943], [-96.8190787, 32.7543091], [-96.8190774, 32.7548153]]}, "properties": {"class": "residential"}}, {"type": "Feature", "geometry": {"type": "LineString", "coordinates": [[-96.7810313, 32.7769597], [-96.780179, 32.7775103]]}, "properties": {"class": "residential"}}, {"type": "Feature", "geometry": {"type": "LineString", "coordinates": [[-96.7738647, 32.774522], [-96.7730149, 32.7752395], [-96.772171, 32.775939], [-96.771828, 32.776209]]}, "properties": {"class": "residential"}}, {"type": "Feature", "geometry": {"type": "LineString", "coordinates": [[-96.7895618, 32.7851331], [-96.7894446, 32.7852333], [-96.7892891, 32.7853662], [-96.7889417, 32.7856631]]}, "properties": {"class": "residential"}}, {"type": "Feature", "geometry": {"type": "LineString", "coordinates": [[-96.7884806, 32.7859615], [-96.788428, 32.786009], [-96.7880859, 32.7863117], [-96.7874111, 32.7868953]]}, "properties": {"class": "residential"}}, {"type": "Feature", "geometry": {"type": "LineString", "coordinates": [[-96.8084004, 32.7554905], [-96.8083225, 32.7554194], [-96.807643, 32.7550196], [-96.8071385, 32.7547165], [-96.8070551, 32.7546503], [-96.8069715, 32.7545631], [-96.8061921, 32.7535891], [-96.806102, 32.7534932], [-96.8059582, 32.7533795], [-96.8058066, 32.7532789], [-96.8055128, 32.7530947]]}, "properties": {"class": "residential"}}, {"type": "Feature", "geometry": {"type": "LineString", "coordinates": [[-96.8152977, 32.7942502], [-96.8153026, 32.794175], [-96.8152818, 32.7940221], [-96.8152579, 32.7939224], [-96.8152221, 32.7938097], [-96.814918, 32.7932544], [-96.8148104, 32.793065]]}, "properties": {"class": "secondary"}}, {"type": "Feature", "geometry": {"type": "LineString", "coordinates": [[-96.8023459, 32.7513668], [-96.8023722, 32.7533058]]}, "properties": {"class": "residential"}}, {"type": "Feature", "geometry": {"type": "LineString", "coordinates": [[-96.7692151, 32.7838029], [-96.769311, 32.783638], [-96.769783, 32.7828116], [-96.769921, 32.7826], [-96.7700753, 32.7823884], [-96.7702751, 32.782158], [-96.77051, 32.7819217], [-96.7706575, 32.7817952], [-96.7708716, 32.7816252], [-96.7710869, 32.7814811], [-96.7714257, 32.7812864], [-96.77179, 32.7811088], [-96.7722264, 32.7809403], [-96.7725617, 32.7808478], [-96.7729184, 32.7807689], [-96.7732909, 32.780713]]}, "properties": {"class": "motorway"}}, {"type": "Feature", "geometry": {"type": "LineString", "coordinates": [[-96.7792844, 32.7581907], [-96.7784055, 32.7574428]]}, "properties": {"class": "residential"}}, {"type": "Feature", "geometry": {"type": "LineString", "coordinates": [[-96.7737615, 32.7534106], [-96.7731873, 32.7528939], [-96.7721902, 32.7520126], [-96.772132, 32.751959], [-96.772015, 32.751806], [-96.771938, 32.751665]]}, "properties": {"class": "residential"}}, {"type": "Feature", "geometry": {"type": "LineString", "coordinates": [[-96.8214348, 32.7641887], [-96.821436, 32.7642513], [-96.8214365, 32.7642908], [-96.8214311, 32.7650763], [-96.8214349, 32.7651321], [-96.8214387, 32.7652185], [-96.8214365, 32.7660673]]}, "properties": {"class": "residential"}}, {"type": "Feature", "geometry": {"type": "LineString", "coordinates": [[-96.7980741, 32.7722826], [-96.7981698, 32.7723375], [-96.7982605, 32.7723897]]}, "properties": {"class": "secondary"}}, {"type": "Feature", "geometry": {"type": "LineString", "coordinates": [[-96.8022276, 32.7767253], [-96.8022109, 32.7766434], [-96.8020244, 32.7758823]]}, "properties": {"class": "secondary"}}, {"type": "Feature", "geometry": {"type": "LineString", "coordinates": [[-96.7968634, 32.7778547], [-96.7974412, 32.7777209], [-96.7979032, 32.7776139], [-96.7979911, 32.7775936]]}, "properties": {"class": "secondary"}}, {"type": "Feature", "geometry": {"type": "LineString", "coordinates": [[-96.802053, 32.77673], [-96.8019703, 32.7767332], [-96.8011407, 32.7767894], [-96.8006757, 32.7768378], [-96.8004862, 32.7768641]]}, "properties": {"class": "secondary"}}, {"type": "Feature", "geometry": {"type": "LineString", "coordinates": [[-96.8030958, 32.7515159], [-96.803138, 32.7537687], [-96.8031248, 32.7537962], [-96.8031044, 32.7538101]]}, "properties": {"class": "residential"}}, {"type": "Feature", "geometry": {"type": "LineString", "coordinates": [[-96.8201855, 32.7527921], [-96.8190909, 32.7527839], [-96.818314, 32.7527898], [-96.8175676, 32.7527871], [-96.8166554, 32.7527853], [-96.8157442, 32.7527826], [-96.8156468, 32.7527828]]}, "properties": {"class": "residential"}}, {"type": "Feature", "geometry": {"type": "LineString", "coordinates": [[-96.8089386, 32.7527828], [-96.8088899, 32.7527904], [-96.8083563, 32.7527972]]}, "properties": {"class": "residential"}}, {"type": "Feature", "geometry": {"type": "LineString", "coordinates": [[-96.7740398, 32.7761195], [-96.7730149, 32.7752395], [-96.772032, 32.7743955], [-96.7715085, 32.773952], [-96.7714678, 32.7739174], [-96.770254, 32.772886]]}, "properties": {"class": "residential"}}, {"type": "Feature", "geometry": {"type": "LineString", "coordinates": [[-96.7782627, 32.7798233], [-96.7773041, 32.779141], [-96.7772434, 32.779098], [-96.7771862, 32.779057], [-96.7764356, 32.7785296], [-96.7762579, 32.7784028], [-96.776079, 32.7782819], [-96.7755808, 32.7779176], [-96.775139, 32.7776006]]}, "properties": {"class": "residential"}}, {"type": "Feature", "geometry": {"type": "LineString", "coordinates": [[-96.7818575, 32.7612652], [-96.7814959, 32.7615659], [-96.781143, 32.7618592], [-96.780784, 32.76217], [-96.7803449, 32.7625381]]}, "properties": {"class": "residential"}}, {"type": "Feature", "geometry": {"type": "LineString", "coordinates": [[-96.783371, 32.760005], [-96.782668, 32.7605854]]}, "properties": {"class": "residential"}}, {"type": "Feature", "geometry": {"type": "LineString", "coordinates": [[-96.7753614, 32.7667577], [-96.7750837, 32.766991], [-96.7728829, 32.7688817], [-96.770566, 32.770862], [-96.7694731, 32.7718396], [-96.7694238, 32.7718822]]}, "properties": {"class": "residential"}}, {"type": "Feature", "geometry": {"type": "LineString", "coordinates": [[-96.7787595, 32.7637305], [-96.7770978, 32.7651685], [-96.7768913, 32.7653423], [-96.7768747, 32.7653742], [-96.7768757, 32.7654141], [-96.7769094, 32.7654479], [-96.7769658, 32.7654582], [-96.7770037, 32.765447], [-96.7772106, 32.7652702], [-96.7788814, 32.7638396]]}, "properties": {"class": "residential"}}, {"type": "Feature", "geometry": {"type": "LineString", "coordinates": [[-96.7833231, 32.8002924], [-96.7834011, 32.8003582], [-96.7842149, 32.8010443], [-96.784259, 32.80108], [-96.7843237, 32.8011374], [-96.7850546, 32.8017732]]}, "properties": {"class": "residential"}}, {"type": "Feature", "geometry": {"type": "LineString", "coordinates": [[-96.7952572, 32.7716383], [-96.7951008, 32.7714843], [-96.7950272, 32.7714201], [-96.7949619, 32.771367], [-96.7942975, 32.7706828]]}, "properties": {"class": "residential"}}, {"type": "Feature", "geometry": {"type": "LineString", "coordinates": [[-96.7907463, 32.7863046], [-96.7907009, 32.7863442], [-96.790059, 32.7868733]]}, "properties": {"class": "residential"}}, {"type": "Feature", "geometry": {"type": "LineString", "coordinates": [[-96.7874705, 32.7884715], [-96.787412, 32.7885173], [-96.7873989, 32.7885283], [-96.7870276, 32.7888405], [-96.7866348, 32.7891573], [-96.7866157, 32.7891725], [-96.7865635, 32.7892148]]}, "properties": {"class": "residential"}}, {"type": "Feature", "geometry": {"type": "LineString", "coordinates": [[-96.7776323, 32.782382], [-96.7775864, 32.7823493], [-96.7774611, 32.7822588], [-96.7766678, 32.7816882], [-96.7765202, 32.7815821], [-96.7763155, 32.7814348], [-96.7761944, 32.7813454], [-96.7760595, 32.7812503], [-96.7760074, 32.7812128]]}, "properties": {"class": "residential"}}, {"type": "Feature", "geometry": {"type": "LineString", "coordinates": [[-96.8103443, 32.796968], [-96.8102146, 32.7970794], [-96.8101235, 32.7971643], [-96.8100472, 32.7972778], [-96.8100174, 32.7973432], [-96.8099975, 32.7974123], [-96.8099837, 32.7975256], [-96.8099704, 32.7976789], [-96.8099495, 32.79779], [-96.8099226, 32.7978799], [-96.8099014, 32.7979402], [-96.809849, 32.7980268], [-96.8097985, 32.7980908], [-96.8097516, 32.798137], [-96.8096426, 32.7982248]]}, "properties": {"class": "residential"}}, {"type": "Feature", "geometry": {"type": "LineString", "coordinates": [[-96.7866409, 32.793714], [-96.7876296, 32.7928878], [-96.7880211, 32.7925562], [-96.788055, 32.7925275]]}, "properties": {"class": "residential"}}, {"type": "Feature", "geometry": {"type": "LineString", "coordinates": [[-96.8040734, 32.7788307], [-96.8041011, 32.7789206], [-96.8041521, 32.779094], [-96.8041694, 32.7791519], [-96.8042327, 32.7793633], [-96.8042678, 32.7794808], [-96.8042961, 32.7795754]]}, "properties": {"class": "secondary"}}, {"type": "Feature", "geometry": {"type": "LineString", "coordinates": [[-96.7836497, 32.7900474], [-96.7846608, 32.7909109], [-96.7847161, 32.7909587], [-96.784736, 32.790976], [-96.7847779, 32.7910083], [-96.7849792, 32.7911763], [-96.7855672, 32.7916605], [-96.785637, 32.791718], [-96.7857315, 32.7917905], [-96.7862368, 32.7922015], [-96.7863577, 32.7922627]]}, "properties": {"class": "residential"}}, {"type": "Feature", "geometry": {"type": "LineString", "coordinates": [[-96.8171454, 32.8003541], [-96.8171299, 32.8003356], [-96.8171075, 32.8003068], [-96.817103, 32.8003012], [-96.8170596, 32.800247]]}, "properties": {"class": "primary"}}, {"type": "Feature", "geometry": {"type": "LineString", "coordinates": [[-96.7720223, 32.7630784], [-96.7721017, 32.763144], [-96.772677, 32.7636143], [-96.7728027, 32.7637283], [-96.7734814, 32.7642895]]}, "properties": {"class": "residential"}}, {"type": "Feature", "geometry": {"type": "LineString", "coordinates": [[-96.768248, 32.7921957], [-96.7683118, 32.7921423], [-96.768332, 32.7921256], [-96.7684896, 32.7919935], [-96.7685731, 32.7919236], [-96.7690882, 32.7914925], [-96.7693361, 32.7912798], [-96.7698721, 32.7908307], [-96.7699255, 32.7907861], [-96.7699898, 32.7907303], [-96.7701926, 32.7905573], [-96.7702328, 32.7905199], [-96.7707622, 32.790082], [-96.7715588, 32.7894116], [-96.7716131, 32.7893676], [-96.7716714, 32.7893149], [-96.7720699, 32.7889891], [-96.7722618, 32.7888287], [-96.7723095, 32.788788], [-96.7726403, 32.7885096], [-96.772703, 32.7884571]]}, "properties": {"class": "residential"}}, {"type": "Feature", "geometry": {"type": "LineString", "coordinates": [[-96.7761741, 32.7547624], [-96.7757093, 32.7551418], [-96.7753055, 32.7554857], [-96.7747943, 32.755921], [-96.7747478, 32.7559615], [-96.7743434, 32.7563139], [-96.7737927, 32.7567721]]}, "properties": {"class": "residential"}}, {"type": "Feature", "geometry": {"type": "LineString", "coordinates": [[-96.773212, 32.7564276], [-96.7727251, 32.7568529], [-96.7726718, 32.7568995]]}, "properties": {"class": "residential"}}, {"type": "Feature", "geometry": {"type": "LineString", "coordinates": [[-96.7876443, 32.7777063], [-96.7876677, 32.7777529], [-96.7877704, 32.7779578], [-96.7878761, 32.7781516], [-96.787938, 32.778238], [-96.7881884, 32.7785452], [-96.788306, 32.778686]]}, "properties": {"class": "primary"}}, {"type": "Feature", "geometry": {"type": "LineString", "coordinates": [[-96.7800242, 32.7935338], [-96.7800846, 32.79358], [-96.7801085, 32.7935988], [-96.7813722, 32.7946304], [-96.7814087, 32.7946604], [-96.78167, 32.7948759], [-96.7816881, 32.7948917], [-96.7817714, 32.7949604], [-96.7818555, 32.7950312], [-96.7818764, 32.7950478], [-96.7819736, 32.7951273], [-96.7822388, 32.7953353], [-96.7823658, 32.7954355], [-96.7824007, 32.795464], [-96.782503, 32.7955475], [-96.7828263, 32.7958113], [-96.7829634, 32.7959231], [-96.783006, 32.7959579]]}, "properties": {"class": "residential"}}, {"type": "Feature", "geometry": {"type": "LineString", "coordinates": [[-96.788306, 32.778686], [-96.788526, 32.778581], [-96.7886104, 32.7785514], [-96.7898282, 32.778296], [-96.7899241, 32.7782748], [-96.7900337, 32.778249], [-96.7907664, 32.7780748]]}, "properties": {"class": "secondary"}}, {"type": "Feature", "geometry": {"type": "LineString", "coordinates": [[-96.7922179, 32.7966365], [-96.7922035, 32.7966871], [-96.7921772, 32.7967257], [-96.792059, 32.796846]]}, "properties": {"class": "residential"}}, {"type": "Feature", "geometry": {"type": "LineString", "coordinates": [[-96.7981205, 32.7786641], [-96.7980973, 32.7786691], [-96.7980432, 32.7786808], [-96.7978602, 32.7787204], [-96.7976503, 32.7787658], [-96.7976067, 32.7787752], [-96.7970559, 32.7788944], [-96.7968232, 32.7789447], [-96.7966788, 32.7789759], [-96.7965939, 32.7789943], [-96.7965058, 32.7790133], [-96.795983, 32.7791264], [-96.79587, 32.7791509], [-96.7956847, 32.7791909], [-96.7954956, 32.7792318], [-96.7953607, 32.779261], [-96.7952106, 32.7792935], [-96.7951199, 32.7793131], [-96.7950371, 32.779331]]}, "properties": {"class": "residential"}}, {"type": "Feature", "geometry": {"type": "LineString", "coordinates": [[-96.8020817, 32.7768346], [-96.8022514, 32.7768426]]}, "properties": {"class": "secondary"}}, {"type": "Feature", "geometry": {"type": "LineString", "coordinates": [[-96.794145, 32.781712], [-96.7941747, 32.7818093], [-96.7943453, 32.7823847], [-96.7943661, 32.7824559]]}, "properties": {"class": "tertiary"}}, {"type": "Feature", "geometry": {"type": "LineString", "coordinates": [[-96.8056307, 32.791638], [-96.8056758, 32.7916781], [-96.8060273, 32.7919789], [-96.8062483, 32.7921681], [-96.8063479, 32.7922533], [-96.8063674, 32.79227], [-96.806439, 32.7923312], [-96.8065312, 32.7924092], [-96.8065436, 32.7924198], [-96.8069105, 32.79273], [-96.8069975, 32.7928036], [-96.8070277, 32.7928642]]}, "properties": {"class": "residential"}}, {"type": "Feature", "geometry": {"type": "LineString", "coordinates": [[-96.7944675, 32.7827989], [-96.794471, 32.7829567]]}, "properties": {"class": "tertiary"}}, {"type": "Feature", "geometry": {"type": "LineString", "coordinates": [[-96.7864821, 32.7816321], [-96.7864692, 32.7815617], [-96.7864343, 32.7814349], [-96.7863864, 32.781305], [-96.7863351, 32.7812033], [-96.7862834, 32.7811006], [-96.7862184, 32.7809965], [-96.7861851, 32.780953], [-96.7860769, 32.7808113], [-96.7859727, 32.7806956], [-96.785865, 32.780623]]}, "properties": {"class": "secondary"}}, {"type": "Feature", "geometry": {"type": "LineString", "coordinates": [[-96.776347, 32.759179], [-96.7760601, 32.7594212], [-96.7759277, 32.7595329], [-96.7755861, 32.7598212], [-96.7755496, 32.759852], [-96.7753043, 32.760059], [-96.7752595, 32.7600968], [-96.7751137, 32.7602199], [-96.7750209, 32.7602982]]}, "properties": {"class": "tertiary"}}, {"type": "Feature", "geometry": {"type": "LineString", "coordinates": [[-96.7898523, 32.7633218], [-96.7890235, 32.7626053], [-96.788422, 32.762096], [-96.788338, 32.762051], [-96.7882681, 32.7620437]]}, "properties": {"class": "residential"}}, {"type": "Feature", "geometry": {"type": "LineString", "coordinates": [[-96.8167668, 32.7548175], [-96.816773, 32.7560496], [-96.8167792, 32.7572599], [-96.8167792, 32.7572765], [-96.8167863, 32.7586812], [-96.816786, 32.7586965], [-96.8167871, 32.7587816]]}, "properties": {"class": "residential"}}, {"type": "Feature", "geometry": {"type": "LineString", "coordinates": [[-96.7926792, 32.7688485], [-96.7927824, 32.7689446], [-96.7930668, 32.7692092], [-96.7935591, 32.7696711], [-96.7936374, 32.7697445], [-96.793671, 32.769776]]}, "properties": {"class": "residential"}}, {"type": "Feature", "geometry": {"type": "LineString", "coordinates": [[-96.7959109, 32.7717261], [-96.7958725, 32.771682], [-96.7957884, 32.7715808], [-96.7956093, 32.7713798], [-96.7955524, 32.7713154], [-96.7954966, 32.7712512], [-96.7947558, 32.7703712]]}, "properties": {"class": "residential"}}, {"type": "Feature", "geometry": {"type": "LineString", "coordinates": [[-96.8047806, 32.787259], [-96.8048679, 32.787298], [-96.8050356, 32.7873729], [-96.8052953, 32.7874844], [-96.8054053, 32.787535], [-96.8054608, 32.787572], [-96.8059315, 32.7879755], [-96.806016, 32.788048], [-96.8061846, 32.7882054], [-96.806207, 32.7882267], [-96.806317, 32.788328]]}, "properties": {"class": "residential"}}, {"type": "Feature", "geometry": {"type": "LineString", "coordinates": [[-96.7960799, 32.7768841], [-96.7960495, 32.7767941], [-96.7958371, 32.7761537], [-96.7957381, 32.7758638], [-96.795653, 32.7756188], [-96.7956219, 32.7755293]]}, "properties": {"class": "secondary"}}, {"type": "Feature", "geometry": {"type": "LineString", "coordinates": [[-96.7909184, 32.7706351], [-96.7902568, 32.7700502], [-96.7897311, 32.7695499]]}, "properties": {"class": "residential"}}, {"type": "Feature", "geometry": {"type": "LineString", "coordinates": [[-96.7896614, 32.7696093], [-96.7892825, 32.7692953], [-96.7888964, 32.7689622], [-96.7885009, 32.7686317], [-96.7880977, 32.7682946], [-96.7876948, 32.7680045], [-96.7871921, 32.7676535], [-96.7869225, 32.7674584], [-96.7867754, 32.7673519], [-96.7866978, 32.7672957]]}, "properties": {"class": "residential"}}, {"type": "Feature", "geometry": {"type": "LineString", "coordinates": [[-96.8092901, 32.7572961], [-96.8092355, 32.7572945], [-96.8084081, 32.7572865], [-96.8076797, 32.757288], [-96.8071103, 32.7572969], [-96.8070572, 32.7572921], [-96.8070087, 32.7572787]]}, "properties": {"class": "residential"}}, {"type": "Feature", "geometry": {"type": "LineString", "coordinates": [[-96.8127325, 32.757289], [-96.8126581, 32.7572884], [-96.812108, 32.7572838], [-96.8119467, 32.7572824], [-96.8114327, 32.7572781], [-96.811346, 32.7572774]]}, "properties": {"class": "residential"}}, {"type": "Feature", "geometry": {"type": "LineString", "coordinates": [[-96.807958, 32.7792363], [-96.8078599, 32.7789276], [-96.8078333, 32.7788384]]}, "properties": {"class": "secondary"}}, {"type": "Feature", "geometry": {"type": "LineString", "coordinates": [[-96.8084561, 32.7810943], [-96.8084761, 32.7811729], [-96.8086373, 32.7817172]]}, "properties": {"class": "secondary"}}, {"type": "Feature", "geometry": {"type": "LineString", "coordinates": [[-96.7831481, 32.7673359], [-96.7824881, 32.7680398], [-96.7815552, 32.7690533], [-96.7814986, 32.7690946], [-96.7814402, 32.7691221], [-96.7813168, 32.7691908], [-96.7812721, 32.7692329], [-96.781218, 32.769308]]}, "properties": {"class": "residential"}}, {"type": "Feature", "geometry": {"type": "LineString", "coordinates": [[-96.7751629, 32.7751625], [-96.774896, 32.775395], [-96.7740398, 32.7761195], [-96.7732107, 32.7768361], [-96.7727188, 32.7772505], [-96.7726478, 32.777324], [-96.7725951, 32.7773896], [-96.7725389, 32.7774866], [-96.7724649, 32.7775796], [-96.7722345, 32.7777697], [-96.7711262, 32.7786185], [-96.7709857, 32.7787344], [-96.770945, 32.778768], [-96.770869, 32.778855], [-96.770816, 32.778942]]}, "properties": {"class": "residential"}}, {"type": "Feature", "geometry": {"type": "LineString", "coordinates": [[-96.7821281, 32.77055], [-96.7815863, 32.7708891]]}, "properties": {"class": "residential"}}, {"type": "Feature", "geometry": {"type": "LineString", "coordinates": [[-96.7842063, 32.7679312], [-96.7841491, 32.7679919], [-96.7834757, 32.7687081], [-96.7825182, 32.7697125]]}, "properties": {"class": "residential"}}, {"type": "Feature", "geometry": {"type": "LineString", "coordinates": [[-96.7891441, 32.7805966], [-96.7883257, 32.7811083], [-96.7882438, 32.7811575], [-96.7880797, 32.781256], [-96.7879081, 32.7813629], [-96.7878613, 32.781392]]}, "properties": {"class": "secondary"}}, {"type": "Feature", "geometry": {"type": "LineString", "coordinates": [[-96.8166202, 32.7496523], [-96.8166121, 32.7504772], [-96.8166108, 32.7506202], [-96.8166134, 32.7511112], [-96.816615, 32.7511829], [-96.8166161, 32.7512624], [-96.8166263, 32.7517182], [-96.8166399, 32.7518229], [-96.8166688, 32.75199], [-96.8166766, 32.7527354], [-96.8166554, 32.7527853], [-96.816631, 32.75285], [-96.8166282, 32.7537993]]}, "properties": {"class": "residential"}}, {"type": "Feature", "geometry": {"type": "LineString", "coordinates": [[-96.772859, 32.782537], [-96.7728161, 32.7824994], [-96.7727468, 32.7824388], [-96.7721128, 32.781884], [-96.7719153, 32.7817206], [-96.7718361, 32.7816805], [-96.7717916, 32.7816621], [-96.7717406, 32.781646], [-96.7715298, 32.7815887]]}, "properties": {"class": "secondary"}}, {"type": "Feature", "geometry": {"type": "LineString", "coordinates": [[-96.778743, 32.7704934], [-96.7791277, 32.770939], [-96.7786901, 32.7712043], [-96.7781206, 32.771543]]}, "properties": {"class": "residential"}}, {"type": "Feature", "geometry": {"type": "LineString", "coordinates": [[-96.792258, 32.763982], [-96.7907742, 32.7651906], [-96.790678, 32.765269]]}, "properties": {"class": "residential"}}, {"type": "Feature", "geometry": {"type": "LineString", "coordinates": [[-96.8024326, 32.7822637], [-96.8030043, 32.7818696], [-96.8030731, 32.7818321], [-96.8031522, 32.7818065], [-96.8032825, 32.7817803], [-96.8033725, 32.7817611]]}, "properties": {"class": "tertiary"}}, {"type": "Feature", "geometry": {"type": "LineString", "coordinates": [[-96.7903255, 32.7690223], [-96.7902675, 32.7690738], [-96.7897311, 32.7695499], [-96.7896614, 32.7696093], [-96.7891045, 32.7701084], [-96.7888209, 32.7703647], [-96.7883519, 32.7707921]]}, "properties": {"class": "residential"}}, {"type": "Feature", "geometry": {"type": "LineString", "coordinates": [[-96.7918677, 32.7681031], [-96.7911897, 32.768682], [-96.7911088, 32.7687506]]}, "properties": {"class": "residential"}}, {"type": "Feature", "geometry": {"type": "LineString", "coordinates": [[-96.7900095, 32.7961823], [-96.7899581, 32.7962238], [-96.789702, 32.7964436], [-96.7896509, 32.7965144], [-96.7896161, 32.7965913], [-96.7895698, 32.7966683], [-96.7894008, 32.7968119], [-96.7891191, 32.7970491], [-96.7885548, 32.7975242], [-96.7883158, 32.7977185], [-96.7881048, 32.7978919], [-96.7880551, 32.7979327], [-96.7878139, 32.798131], [-96.7876746, 32.7982455], [-96.7871853, 32.7986483], [-96.7871193, 32.7986986], [-96.787077, 32.7987341], [-96.7867509, 32.7990078], [-96.7864997, 32.7992187], [-96.7859856, 32.7996502], [-96.7859474, 32.7996836], [-96.7859039, 32.7997197], [-96.785389, 32.8001523], [-96.7848033, 32.8006444], [-96.7847386, 32.8006989], [-96.7846818, 32.8007434], [-96.7843008, 32.8010467], [-96.784259, 32.80108], [-96.7842098, 32.8011222], [-96.7838626, 32.8014149], [-96.7835204, 32.8017109], [-96.7832676, 32.8019263], [-96.7831386, 32.8020363], [-96.783075, 32.8020904], [-96.7830222, 32.8021353], [-96.7825994, 32.8024956], [-96.7823645, 32.8026956], [-96.7821683, 32.8028504], [-96.7819398, 32.8030362], [-96.7813724, 32.803496], [-96.7813225, 32.8035381]]}, "properties": {"class": "residential"}}, {"type": "Feature", "geometry": {"type": "LineString", "coordinates": [[-96.7783751, 32.758964], [-96.7783298, 32.7590029], [-96.7776726, 32.7595606], [-96.7772915, 32.7598866], [-96.7772403, 32.7599287]]}, "properties": {"class": "residential"}}, {"type": "Feature", "geometry": {"type": "LineString", "coordinates": [[-96.7728027, 32.7637283], [-96.7721051, 32.7643065], [-96.7709577, 32.7653093], [-96.7698002, 32.7662996], [-96.7686496, 32.7672819], [-96.7678075, 32.7680029], [-96.7676977, 32.7681013], [-96.7675028, 32.7682718], [-96.7669496, 32.7687699]]}, "properties": {"class": "residential"}}, {"type": "Feature", "geometry": {"type": "LineString", "coordinates": [[-96.7741045, 32.7626066], [-96.7734538, 32.7631459], [-96.7733543, 32.7632284]]}, "properties": {"class": "residential"}}, {"type": "Feature", "geometry": {"type": "LineString", "coordinates": [[-96.8096126, 32.7908979], [-96.8095086, 32.7909537], [-96.8086166, 32.7914845], [-96.8084464, 32.7915947], [-96.8083312, 32.7916795], [-96.8081775, 32.7918133], [-96.8080012, 32.7919744], [-96.8079192, 32.7920512], [-96.8078965, 32.7920724], [-96.8077471, 32.7922123], [-96.8077218, 32.7922343], [-96.8076338, 32.7923185]]}, "properties": {"class": "tertiary"}}, {"type": "Feature", "geometry": {"type": "LineString", "coordinates": [[-96.8228781, 32.7623422], [-96.8228104, 32.7623422], [-96.8224131, 32.7623413], [-96.821674, 32.7623395], [-96.8209003, 32.7623375], [-96.8202158, 32.7623358], [-96.820181, 32.7623178]]}, "properties": {"class": "residential"}}, {"type": "Feature", "geometry": {"type": "LineString", "coordinates": [[-96.7915971, 32.7781231], [-96.7915144, 32.7781833], [-96.7912356, 32.7783834], [-96.7911648, 32.7784323], [-96.7905332, 32.7788261], [-96.7904502, 32.7788715]]}, "properties": {"class": "residential"}}, {"type": "Feature", "geometry": {"type": "LineString", "coordinates": [[-96.7993522, 32.7706869], [-96.7992596, 32.7708008], [-96.7990436, 32.7712237], [-96.798864, 32.7715733], [-96.7988369, 32.7716085], [-96.7987714, 32.7716799]]}, "properties": {"class": "secondary"}}, {"type": "Feature", "geometry": {"type": "LineString", "coordinates": [[-96.7961416, 32.7738342], [-96.7960604, 32.7738989], [-96.7953626, 32.7744553], [-96.795307, 32.774499], [-96.7952615, 32.7745369], [-96.7948309, 32.7748956], [-96.7943205, 32.7753208], [-96.7942531, 32.7753769], [-96.7941824, 32.7754364], [-96.7938354, 32.7757285], [-96.7937942, 32.7757631], [-96.7934879, 32.7760209], [-96.7932581, 32.7762144], [-96.7932081, 32.7762564], [-96.7931504, 32.7763043], [-96.792664, 32.7767178], [-96.7922272, 32.7770756], [-96.7913676, 32.7777918], [-96.79126, 32.7778365]]}, "properties": {"class": "secondary"}}, {"type": "Feature", "geometry": {"type": "LineString", "coordinates": [[-96.8134621, 32.7717969], [-96.8134285, 32.7717939], [-96.8125852, 32.7720872], [-96.8125264, 32.7721077], [-96.8124258, 32.7721426]]}, "properties": {"class": "residential"}}, {"type": "Feature", "geometry": {"type": "LineString", "coordinates": [[-96.8024201, 32.7969008], [-96.8024014, 32.7969692], [-96.8023417, 32.7971902], [-96.8022739, 32.7974409], [-96.8021908, 32.7977483], [-96.8021793, 32.7977908], [-96.8021661, 32.7978396], [-96.80215, 32.797899], [-96.802086, 32.7981359], [-96.8020793, 32.7981606], [-96.8020492, 32.798272], [-96.8018939, 32.7988453], [-96.8018786, 32.7989029]]}, "properties": {"class": "residential"}}, {"type": "Feature", "geometry": {"type": "LineString", "coordinates": [[-96.7841529, 32.7838142], [-96.7841328, 32.7837312], [-96.783964, 32.783152], [-96.7839437, 32.783077]]}, "properties": {"class": "residential"}}, {"type": "Feature", "geometry": {"type": "LineString", "coordinates": [[-96.8015692, 32.7821932], [-96.801513, 32.7822325], [-96.8005866, 32.7828969]]}, "properties": {"class": "residential"}}, {"type": "Feature", "geometry": {"type": "LineString", "coordinates": [[-96.8105876, 32.7530838], [-96.810522, 32.753124], [-96.810433, 32.753184], [-96.810368, 32.7532509], [-96.8102845, 32.7533369]]}, "properties": {"class": "secondary"}}, {"type": "Feature", "geometry": {"type": "LineString", "coordinates": [[-96.8042335, 32.7886897], [-96.8042678, 32.7885745], [-96.8042801, 32.7885333], [-96.8044563, 32.787943], [-96.8045067, 32.7877741], [-96.8045847, 32.7875105], [-96.8046176, 32.7873992]]}, "properties": {"class": "tertiary"}}, {"type": "Feature", "geometry": {"type": "LineString", "coordinates": [[-96.8010626, 32.8006481], [-96.8010192, 32.8005996], [-96.8009849, 32.800541]]}, "properties": {"class": "tertiary"}}, {"type": "Feature", "geometry": {"type": "LineString", "coordinates": [[-96.8069715, 32.7545631], [-96.8069692, 32.7556484], [-96.8069691, 32.7557042], [-96.8069693, 32.7557528], [-96.8069731, 32.7566384], [-96.8069681, 32.7572071], [-96.8069809, 32.7572466], [-96.8070087, 32.7572787]]}, "properties": {"class": "residential"}}, {"type": "Feature", "geometry": {"type": "LineString", "coordinates": [[-96.780224, 32.7982617], [-96.7803183, 32.7983404], [-96.7809232, 32.7988428], [-96.7809984, 32.7989102], [-96.7815718, 32.7993999], [-96.7818334, 32.7996274], [-96.7818912, 32.7996777]]}, "properties": {"class": "residential"}}, {"type": "Feature", "geometry": {"type": "LineString", "coordinates": [[-96.8228685, 32.7670072], [-96.8226838, 32.7670085], [-96.8226493, 32.7670102], [-96.8219057, 32.7670063], [-96.8211097, 32.7670022], [-96.8205646, 32.767006]]}, "properties": {"class": "residential"}}, {"type": "Feature", "geometry": {"type": "LineString", "coordinates": [[-96.8050498, 32.7929774], [-96.8049843, 32.7929832], [-96.8046214, 32.7930155], [-96.8042155, 32.7930497], [-96.8040112, 32.7930609], [-96.8037555, 32.7930625], [-96.8035224, 32.7930455]]}, "properties": {"class": "secondary"}}, {"type": "Feature", "geometry": {"type": "LineString", "coordinates": [[-96.7934983, 32.7851559], [-96.7935844, 32.7851922], [-96.793637, 32.7852102], [-96.7938088, 32.7852482]]}, "properties": {"class": "secondary"}}, {"type": "Feature", "geometry": {"type": "LineString", "coordinates": [[-96.7730875, 32.7576182], [-96.772841, 32.757243], [-96.7726718, 32.7568995], [-96.7724994, 32.7565658], [-96.7722872, 32.7561325], [-96.7721508, 32.7557892], [-96.7720442, 32.7555218], [-96.7719763, 32.7553136], [-96.7716892, 32.7542302], [-96.7716465, 32.7540366], [-96.7715021, 32.7535222], [-96.7714009, 32.7531382], [-96.7713849, 32.7530892], [-96.7713657, 32.752971]]}, "properties": {"class": "secondary"}}, {"type": "Feature", "geometry": {"type": "LineString", "coordinates": [[-96.8015838, 32.751205], [-96.801603, 32.7528192]]}, "properties": {"class": "residential"}}, {"type": "Feature", "geometry": {"type": "LineString", "coordinates": [[-96.8085346, 32.7809766], [-96.8084303, 32.7809987]]}, "properties": {"class": "secondary"}}, {"type": "Feature", "geometry": {"type": "LineString", "coordinates": [[-96.7830063, 32.7904968], [-96.7827536, 32.7906881], [-96.7827287, 32.7907347], [-96.7827321, 32.7907803], [-96.7827559, 32.7908052], [-96.7827797, 32.79083]]}, "properties": {"class": "residential"}}, {"type": "Feature", "geometry": {"type": "LineString", "coordinates": [[-96.7798584, 32.7595647], [-96.7797429, 32.7595081], [-96.7796301, 32.759466]]}, "properties": {"class": "residential"}}, {"type": "Feature", "geometry": {"type": "LineString", "coordinates": [[-96.7781946, 32.7607244], [-96.7782791, 32.7607071], [-96.7786707, 32.7603989], [-96.7790436, 32.7600961], [-96.779233, 32.7599412], [-96.7793569, 32.7598337], [-96.7794468, 32.759735], [-96.779517, 32.7596559], [-96.7795774, 32.759563], [-96.7796301, 32.759466]]}, "properties": {"class": "secondary"}}, {"type": "Feature", "geometry": {"type": "LineString", "coordinates": [[-96.7859726, 32.7899297], [-96.7859192, 32.7899753], [-96.7856028, 32.7902451], [-96.785176, 32.7906113], [-96.7847801, 32.7909446], [-96.784736, 32.790976]]}, "properties": {"class": "residential"}}, {"type": "Feature", "geometry": {"type": "LineString", "coordinates": [[-96.8175297, 32.75078], [-96.8175701, 32.7508403], [-96.8175665, 32.7518878], [-96.8175666, 32.7519895], [-96.8175676, 32.7527871], [-96.8175793, 32.7538024], [-96.8175783, 32.7543061], [-96.8175775, 32.7548193]]}, "properties": {"class": "residential"}}, {"type": "Feature", "geometry": {"type": "LineString", "coordinates": [[-96.7732482, 32.7907855], [-96.773187, 32.7908196], [-96.7728504, 32.7911022], [-96.7727433, 32.7911901], [-96.7723898, 32.7914841], [-96.7720357, 32.7917741], [-96.7716126, 32.7921303], [-96.7715529, 32.7921806], [-96.7714938, 32.7922303], [-96.7707606, 32.7928467], [-96.7707158, 32.7928844], [-96.7706682, 32.7929239], [-96.7702887, 32.7932393]]}, "properties": {"class": "residential"}}, {"type": "Feature", "geometry": {"type": "LineString", "coordinates": [[-96.7854785, 32.7939275], [-96.7855334, 32.7939738], [-96.785662, 32.7940826], [-96.7860405, 32.7944104], [-96.7862459, 32.7945901], [-96.7864218, 32.7947387], [-96.7867412, 32.7950083], [-96.7871501, 32.7953535], [-96.7872081, 32.7954025], [-96.787259, 32.7954455], [-96.7876595, 32.7957836], [-96.7881692, 32.7962298], [-96.7882424, 32.7962878], [-96.7886766, 32.7966665], [-96.7890739, 32.797013], [-96.7891191, 32.7970491]]}, "properties": {"class": "residential"}}, {"type": "Feature", "geometry": {"type": "LineString", "coordinates": [[-96.7810203, 32.7927], [-96.7810733, 32.7927454], [-96.7815523, 32.7931548], [-96.7819224, 32.793472], [-96.7820744, 32.793606], [-96.7823586, 32.7938474], [-96.7825057, 32.7939717], [-96.7825477, 32.7940072], [-96.7826481, 32.7940929], [-96.7827245, 32.7941585], [-96.7828178, 32.7942383], [-96.7828475, 32.7942637], [-96.7829956, 32.7943906], [-96.7830939, 32.7944748], [-96.7832779, 32.7946332], [-96.7833339, 32.7946803]]}, "properties": {"class": "residential"}}, {"type": "Feature", "geometry": {"type": "LineString", "coordinates": [[-96.8008543, 32.800805], [-96.8008391, 32.8008163], [-96.800781, 32.8008845], [-96.8005246, 32.801145], [-96.8004926, 32.8011802], [-96.8004017, 32.8012918]]}, "properties": {"class": "residential"}}, {"type": "Feature", "geometry": {"type": "LineString", "coordinates": [[-96.8198418, 32.764146], [-96.8198398, 32.7642036], [-96.8198415, 32.7642454], [-96.8198432, 32.7651352]]}, "properties": {"class": "residential"}}, {"type": "Feature", "geometry": {"type": "LineString", "coordinates": [[-96.8201688, 32.7605304], [-96.8201612, 32.7622876], [-96.820181, 32.7623178]]}, "properties": {"class": "residential"}}, {"type": "Feature", "geometry": {"type": "LineString", "coordinates": [[-96.8195561, 32.7702178], [-96.8206306, 32.7699629], [-96.821363, 32.7697619], [-96.8220646, 32.7695548]]}, "properties": {"class": "motorway"}}, {"type": "Feature", "geometry": {"type": "LineString", "coordinates": [[-96.8174197, 32.7701056], [-96.8170388, 32.770198], [-96.8164511, 32.7703542], [-96.8162307, 32.7704114]]}, "properties": {"class": "motorway"}}, {"type": "Feature", "geometry": {"type": "LineString", "coordinates": [[-96.8098852, 32.7708538], [-96.8103613, 32.7710387], [-96.8108481, 32.7712204], [-96.8112906, 32.7713264], [-96.8116139, 32.7713737], [-96.8122495, 32.7714244], [-96.8127122, 32.7714385], [-96.8133289, 32.7713804]]}, "properties": {"class": "motorway"}}, {"type": "Feature", "geometry": {"type": "LineString", "coordinates": [[-96.814126, 32.7632301], [-96.8143896, 32.762903]]}, "properties": {"class": "secondary"}}, {"type": "Feature", "geometry": {"type": "LineString", "coordinates": [[-96.8038864, 32.7691779], [-96.8041975, 32.7691071], [-96.8045677, 32.7690631], [-96.8047876, 32.7690428], [-96.8049754, 32.7690349], [-96.805363, 32.7690304], [-96.8056701, 32.7690518], [-96.8058418, 32.7690654], [-96.8060724, 32.769098], [-96.8063916, 32.7691543], [-96.8067122, 32.7692413], [-96.8070763, 32.7693542], [-96.807311, 32.7694534], [-96.8076407, 32.7696104], [-96.8086017, 32.7701367], [-96.8089343, 32.7703159]]}, "properties": {"class": "motorway"}}, {"type": "Feature", "geometry": {"type": "LineString", "coordinates": [[-96.8052194, 32.7692403], [-96.8055817, 32.7694071], [-96.8058715, 32.7695092], [-96.8064059, 32.7696866], [-96.8071526, 32.7699688], [-96.8078804, 32.770299], [-96.808738, 32.7707232], [-96.8095482, 32.7712029]]}, "properties": {"class": "motorway"}}, {"type": "Feature", "geometry": {"type": "LineString", "coordinates": [[-96.8090296, 32.7700712], [-96.8087721, 32.7699303], [-96.8080423, 32.7695166], [-96.807494, 32.7692266], [-96.8071413, 32.7690812], [-96.8067698, 32.768956], [-96.8065083, 32.7688838], [-96.8060202, 32.768788], [-96.8056286, 32.7687429], [-96.8052477, 32.7687281], [-96.8048641, 32.7687383], [-96.8044738, 32.7687789], [-96.8040823, 32.7688466], [-96.8036919, 32.7689458], [-96.8033031, 32.7690902], [-96.8029423, 32.7692616], [-96.8025949, 32.7694724], [-96.8022771, 32.769707]]}, "properties": {"class": "motorway"}}, {"type": "Feature", "geometry": {"type": "LineString", "coordinates": [[-96.8068541, 32.7686199], [-96.8066477, 32.7684767], [-96.8064024, 32.7682286], [-96.8063367, 32.7681485], [-96.8062736, 32.7680877], [-96.8061864, 32.7679906], [-96.8060684, 32.7677708], [-96.8059477, 32.7675362], [-96.8058586, 32.7672646], [-96.8058256, 32.767055], [-96.8058108, 32.7668759], [-96.8058075, 32.7667232], [-96.8058179, 32.7665611]]}, "properties": {"class": "motorway"}}, {"type": "Feature", "geometry": {"type": "LineString", "coordinates": [[-96.8014228, 32.7703734], [-96.8006906, 32.7709711], [-96.7998269, 32.7716669], [-96.7994045, 32.7720119], [-96.7991175, 32.7722205], [-96.7988841, 32.7723671], [-96.7986011, 32.7725103], [-96.7982364, 32.7726727], [-96.7980124, 32.7727607], [-96.7977697, 32.7728441], [-96.7975524, 32.7729061], [-96.7969368, 32.7730595], [-96.794753, 32.773553], [-96.794404, 32.773634], [-96.793796, 32.773794], [-96.7932555, 32.7738939], [-96.7929873, 32.7739361]]}, "properties": {"class": "motorway"}}, {"type": "Feature", "geometry": {"type": "LineString", "coordinates": [[-96.8021564, 32.7699596], [-96.802304, 32.769857]]}, "properties": {"class": "motorway"}}, {"type": "Feature", "geometry": {"type": "LineString", "coordinates": [[-96.7927022, 32.765658], [-96.792674, 32.765635], [-96.792612, 32.7656], [-96.792543, 32.765577], [-96.792481, 32.765565], [-96.7924699, 32.7655642], [-96.7921393, 32.7655389], [-96.792088, 32.765535]]}, "properties": {"class": "secondary"}}, {"type": "Feature", "geometry": {"type": "LineString", "coordinates": [[-96.8007281, 32.771416], [-96.8000737, 32.7709384]]}, "properties": {"class": "secondary"}}, {"type": "Feature", "geometry": {"type": "LineString", "coordinates": [[-96.7901491, 32.7678597], [-96.7899658, 32.7676805], [-96.7896914, 32.7674138], [-96.7892052, 32.7669518]]}, "properties": {"class": "secondary"}}, {"type": "Feature", "geometry": {"type": "LineString", "coordinates": [[-96.792674, 32.774037], [-96.7927576, 32.7739907], [-96.7928143, 32.7739593], [-96.7930409, 32.7738184], [-96.7934526, 32.7734835]]}, "properties": {"class": "secondary"}}, {"type": "Feature", "geometry": {"type": "LineString", "coordinates": [[-96.7922322, 32.7736583], [-96.792674, 32.774037]]}, "properties": {"class": "secondary"}}, {"type": "Feature", "geometry": {"type": "LineString", "coordinates": [[-96.778624, 32.762675], [-96.778637, 32.7626866], [-96.7786986, 32.7627414], [-96.778842, 32.7628691], [-96.779208, 32.763195], [-96.77954, 32.7635207], [-96.7799462, 32.7639193], [-96.7802884, 32.7642436], [-96.7803465, 32.7643005]]}, "properties": {"class": "secondary"}}, {"type": "Feature", "geometry": {"type": "LineString", "coordinates": [[-96.7910682, 32.7738398], [-96.790985, 32.7737068], [-96.7909108, 32.7736215], [-96.790769, 32.77351], [-96.7905124, 32.7733359], [-96.7903474, 32.7732306], [-96.7902379, 32.7731469], [-96.7901049, 32.7730163], [-96.7900439, 32.7729394], [-96.7899863, 32.7728548], [-96.7899465, 32.772746], [-96.7899348, 32.7726993], [-96.7899096, 32.7725535], [-96.789893, 32.772431], [-96.789882, 32.772275], [-96.789859, 32.772134], [-96.789804, 32.7720603], [-96.789214, 32.771517]]}, "properties": {"class": "secondary"}}, {"type": "Feature", "geometry": {"type": "LineString", "coordinates": [[-96.7984509, 32.7722972], [-96.7983125, 32.7722361], [-96.798215, 32.77217]]}, "properties": {"class": "secondary"}}, {"type": "Feature", "geometry": {"type": "LineString", "coordinates": [[-96.7912519, 32.7738567], [-96.7911882, 32.7738782]]}, "properties": {"class": "secondary"}}, {"type": "Feature", "geometry": {"type": "LineString", "coordinates": [[-96.7806258, 32.7800066], [-96.7798495, 32.7793425]]}, "properties": {"class": "tertiary"}}, {"type": "Feature", "geometry": {"type": "LineString", "coordinates": [[-96.7776611, 32.7777372], [-96.7775, 32.777623], [-96.7773473, 32.7775024], [-96.777126, 32.777313], [-96.7769664, 32.777156], [-96.7768138, 32.7769788], [-96.7761845, 32.776148]]}, "properties": {"class": "tertiary"}}, {"type": "Feature", "geometry": {"type": "LineString", "coordinates": [[-96.7837953, 32.7782216], [-96.7829916, 32.7772221]]}, "properties": {"class": "secondary"}}, {"type": "Feature", "geometry": {"type": "LineString", "coordinates": [[-96.7731209, 32.7580169], [-96.7724666, 32.756866], [-96.772266, 32.7564593], [-96.7720413, 32.7559586], [-96.7717429, 32.7552229], [-96.7715029, 32.7545087], [-96.7712801, 32.753758], [-96.7711575, 32.7533552]]}, "properties": {"class": "motorway"}}, {"type": "Feature", "geometry": {"type": "LineString", "coordinates": [[-96.811748, 32.7746292], [-96.8116943, 32.7742717], [-96.8116268, 32.7736646], [-96.8115812, 32.7731598], [-96.8115507, 32.7727824]]}, "properties": {"class": "motorway"}}, {"type": "Feature", "geometry": {"type": "LineString", "coordinates": [[-96.8118499, 32.7753102], [-96.8118171, 32.7750914]]}, "properties": {"class": "motorway"}}, {"type": "Feature", "geometry": {"type": "LineString", "coordinates": [[-96.8110345, 32.7753181], [-96.8111465, 32.7761346]]}, "properties": {"class": "motorway"}}, {"type": "Feature", "geometry": {"type": "LineString", "coordinates": [[-96.8109175, 32.7746381], [-96.8110345, 32.7753181]]}, "properties": {"class": "motorway"}}, {"type": "Feature", "geometry": {"type": "LineString", "coordinates": [[-96.8152646, 32.7763814], [-96.8151508, 32.7763989], [-96.8146635, 32.7764911]]}, "properties": {"class": "secondary"}}, {"type": "Feature", "geometry": {"type": "LineString", "coordinates": [[-96.8121382, 32.7767975], [-96.8121007, 32.7764705], [-96.8120641, 32.776262]]}, "properties": {"class": "motorway"}}, {"type": "Feature", "geometry": {"type": "LineString", "coordinates": [[-96.8121703, 32.7771256], [-96.8121382, 32.7767975]]}, "properties": {"class": "motorway"}}, {"type": "Feature", "geometry": {"type": "LineString", "coordinates": [[-96.8112365, 32.7770852], [-96.8112611, 32.7773729]]}, "properties": {"class": "motorway"}}, {"type": "Feature", "geometry": {"type": "LineString", "coordinates": [[-96.811834, 32.784249], [-96.8119459, 32.7851796], [-96.812065, 32.7859245]]}, "properties": {"class": "motorway"}}, {"type": "Feature", "geometry": {"type": "LineString", "coordinates": [[-96.8117809, 32.7837866], [-96.811834, 32.784249]]}, "properties": {"class": "motorway"}}, {"type": "Feature", "geometry": {"type": "LineString", "coordinates": [[-96.812078, 32.7841999], [-96.8120262, 32.7837589]]}, "properties": {"class": "motorway"}}, {"type": "Feature", "geometry": {"type": "LineString", "coordinates": [[-96.8120262, 32.7837589], [-96.811946, 32.78305], [-96.8119193, 32.7825573]]}, "properties": {"class": "motorway"}}, {"type": "Feature", "geometry": {"type": "LineString", "coordinates": [[-96.8080056, 32.7841951], [-96.8083643, 32.7838343]]}, "properties": {"class": "motorway"}}, {"type": "Feature", "geometry": {"type": "LineString", "coordinates": [[-96.8082941, 32.7835435], [-96.8069597, 32.7848035]]}, "properties": {"class": "motorway"}}, {"type": "Feature", "geometry": {"type": "LineString", "coordinates": [[-96.8028835, 32.7882406], [-96.802519, 32.7885438], [-96.8023135, 32.7887147]]}, "properties": {"class": "motorway"}}, {"type": "Feature", "geometry": {"type": "LineString", "coordinates": [[-96.8035736, 32.7881407], [-96.803639, 32.788201]]}, "properties": {"class": "secondary"}}, {"type": "Feature", "geometry": {"type": "LineString", "coordinates": [[-96.8031566, 32.7877431], [-96.8035736, 32.7881407]]}, "properties": {"class": "secondary"}}, {"type": "Feature", "geometry": {"type": "LineString", "coordinates": [[-96.8030454, 32.7885337], [-96.8029998, 32.7884954], [-96.802666, 32.7882153]]}, "properties": {"class": "tertiary"}}, {"type": "Feature", "geometry": {"type": "LineString", "coordinates": [[-96.8050274, 32.7893767], [-96.8049419, 32.7893956], [-96.8048737, 32.7894052], [-96.804446, 32.789404], [-96.804205, 32.7894031], [-96.804171, 32.7893999], [-96.8041232, 32.78939], [-96.8040982, 32.7893835], [-96.8040469, 32.7893669], [-96.8040242, 32.7893554], [-96.8040136, 32.7893475]]}, "properties": {"class": "tertiary"}}, {"type": "Feature", "geometry": {"type": "LineString", "coordinates": [[-96.8059715, 32.790927], [-96.8057641, 32.7908039], [-96.8057164, 32.7907863], [-96.8056655, 32.7907712], [-96.805611, 32.7907664], [-96.805117, 32.7907698], [-96.8051006, 32.79077], [-96.804978, 32.7907843]]}, "properties": {"class": "tertiary"}}, {"type": "Feature", "geometry": {"type": "LineString", "coordinates": [[-96.8032946, 32.7916015], [-96.8033024, 32.791609], [-96.8033084, 32.791615], [-96.8033669, 32.7916678], [-96.8033999, 32.7916981], [-96.80348, 32.7917206], [-96.8039024, 32.7917857], [-96.8043135, 32.7918491]]}, "properties": {"class": "secondary"}}, {"type": "Feature", "geometry": {"type": "LineString", "coordinates": [[-96.8010405, 32.7895079], [-96.8010492, 32.7895159], [-96.8014932, 32.7899231]]}, "properties": {"class": "secondary"}}, {"type": "Feature", "geometry": {"type": "LineString", "coordinates": [[-96.7994244, 32.7907852], [-96.7981497, 32.7918576], [-96.7975845, 32.7923356], [-96.7973499, 32.7925358], [-96.797329, 32.7925524], [-96.7972758, 32.7925889]]}, "properties": {"class": "secondary"}}, {"type": "Feature", "geometry": {"type": "LineString", "coordinates": [[-96.8005829, 32.7897854], [-96.8004734, 32.7898774]]}, "properties": {"class": "secondary"}}, {"type": "Feature", "geometry": {"type": "LineString", "coordinates": [[-96.8006327, 32.7907525], [-96.8001902, 32.7903283], [-96.8000757, 32.7902179]]}, "properties": {"class": "secondary"}}, {"type": "Feature", "geometry": {"type": "LineString", "coordinates": [[-96.8000757, 32.7902179], [-96.8000258, 32.7901692], [-96.7994554, 32.7895487], [-96.7990688, 32.7891286]]}, "properties": {"class": "secondary"}}, {"type": "Feature", "geometry": {"type": "LineString", "coordinates": [[-96.7999598, 32.7903133], [-96.8004331, 32.7907714], [-96.8005168, 32.790849]]}, "properties": {"class": "secondary"}}, {"type": "Feature", "geometry": {"type": "LineString", "coordinates": [[-96.7926856, 32.7985076], [-96.7927653, 32.7985849]]}, "properties": {"class": "tertiary"}}, {"type": "Feature", "geometry": {"type": "LineString", "coordinates": [[-96.7926021, 32.7929991], [-96.7925297, 32.7921028]]}, "properties": {"class": "primary"}}, {"type": "Feature", "geometry": {"type": "LineString", "coordinates": [[-96.7925203, 32.7929968], [-96.7925498, 32.7934512], [-96.7925767, 32.7940194]]}, "properties": {"class": "primary"}}, {"type": "Feature", "geometry": {"type": "LineString", "coordinates": [[-96.7924532, 32.7921051], [-96.7925203, 32.7929968]]}, "properties": {"class": "primary"}}, {"type": "Feature", "geometry": {"type": "LineString", "coordinates": [[-96.7916137, 32.7890724], [-96.7916472, 32.7892381], [-96.7916928, 32.7893666], [-96.7917746, 32.7895019], [-96.7920093, 32.7899123], [-96.7920871, 32.7900645], [-96.7921716, 32.7903125], [-96.7922306, 32.7905662], [-96.7922896, 32.7908604], [-96.7923482, 32.7912088]]}, "properties": {"class": "primary"}}, {"type": "Feature", "geometry": {"type": "LineString", "coordinates": [[-96.7922091, 32.7889376], [-96.7922015, 32.7887285], [-96.7921991, 32.7886624], [-96.792195, 32.7885088]]}, "properties": {"class": "primary"}}, {"type": "Feature", "geometry": {"type": "LineString", "coordinates": [[-96.8012118, 32.7736438], [-96.8015438, 32.7746911], [-96.8015454, 32.774696]]}, "properties": {"class": "secondary"}}, {"type": "Feature", "geometry": {"type": "LineString", "coordinates": [[-96.8015454, 32.774696], [-96.8015602, 32.7747604]]}, "properties": {"class": "secondary"}}, {"type": "Feature", "geometry": {"type": "LineString", "coordinates": [[-96.8165088, 32.8018456], [-96.8162619, 32.800775], [-96.8162069, 32.8005866], [-96.8161371, 32.8003777], [-96.816007, 32.8000515]]}, "properties": {"class": "motorway"}}, {"type": "Feature", "geometry": {"type": "LineString", "coordinates": [[-96.8065105, 32.7775258], [-96.8064897, 32.7774439], [-96.8064829, 32.7774166], [-96.8063361, 32.7768645], [-96.8063111, 32.7767841], [-96.8062863, 32.7766939], [-96.8061254, 32.776119], [-96.8060985, 32.7760307]]}, "properties": {"class": "residential"}}, {"type": "Feature", "geometry": {"type": "LineString", "coordinates": [[-96.7819389, 32.770321], [-96.7800039, 32.7680484], [-96.7799813, 32.7680223]]}, "properties": {"class": "tertiary"}}, {"type": "Feature", "geometry": {"type": "LineString", "coordinates": [[-96.7885381, 32.7755372], [-96.7871554, 32.7744449]]}, "properties": {"class": "secondary"}}, {"type": "Feature", "geometry": {"type": "LineString", "coordinates": [[-96.7912828, 32.7742198], [-96.7911598, 32.7740007], [-96.7911065, 32.7739058]]}, "properties": {"class": "secondary"}}, {"type": "Feature", "geometry": {"type": "LineString", "coordinates": [[-96.7913739, 32.7743788], [-96.791467, 32.7743585], [-96.7921719, 32.7742052], [-96.7923918, 32.7741477]]}, "properties": {"class": "secondary"}}, {"type": "Feature", "geometry": {"type": "LineString", "coordinates": [[-96.7761845, 32.776148], [-96.7753511, 32.7750731]]}, "properties": {"class": "tertiary"}}, {"type": "Feature", "geometry": {"type": "LineString", "coordinates": [[-96.7774655, 32.780354], [-96.7785782, 32.7802504], [-96.7790642, 32.780198], [-96.7794673, 32.7801418], [-96.7798787, 32.7800518], [-96.7802706, 32.7799394], [-96.7806526, 32.779804], [-96.7810402, 32.7796423], [-96.7813857, 32.7794659], [-96.7816088, 32.7793279], [-96.7818094, 32.7791848], [-96.7822364, 32.7788713], [-96.7825546, 32.7786194]]}, "properties": {"class": "motorway"}}, {"type": "Feature", "geometry": {"type": "LineString", "coordinates": [[-96.8094153, 32.7594981], [-96.8095365, 32.759263]]}, "properties": {"class": "motorway"}}, {"type": "Feature", "geometry": {"type": "LineString", "coordinates": [[-96.8063425, 32.7652254], [-96.8075021, 32.7630074], [-96.8088405, 32.7605849], [-96.8090867, 32.7601248], [-96.8094153, 32.7594981]]}, "properties": {"class": "motorway"}}, {"type": "Feature", "geometry": {"type": "LineString", "coordinates": [[-96.809014, 32.7591345], [-96.8087158, 32.7595497], [-96.8081408, 32.7603775], [-96.8078257, 32.7608161], [-96.8068976, 32.762113], [-96.8061657, 32.7631529], [-96.8057513, 32.7637224], [-96.8053193, 32.7643064], [-96.8049414, 32.7648504]]}, "properties": {"class": "motorway"}}, {"type": "Feature", "geometry": {"type": "LineString", "coordinates": [[-96.8036598, 32.7662314], [-96.803554, 32.766396]]}, "properties": {"class": "secondary"}}, {"type": "Feature", "geometry": {"type": "LineString", "coordinates": [[-96.8002406, 32.7698714], [-96.8003241, 32.7698166], [-96.8003588, 32.7697822]]}, "properties": {"class": "secondary"}}, {"type": "Feature", "geometry": {"type": "LineString", "coordinates": [[-96.7820208, 32.7642749], [-96.7819501, 32.7642881], [-96.7818039, 32.7644126], [-96.781579, 32.7646041], [-96.7815097, 32.7646596], [-96.781256, 32.7648625], [-96.7811312, 32.7649624], [-96.7810424, 32.7649913], [-96.7805581, 32.7653807], [-96.779691, 32.7661189], [-96.7793952, 32.7663689], [-96.7793604, 32.7664144], [-96.7793305, 32.7664747], [-96.7793218, 32.7665099], [-96.7793046, 32.7665478], [-96.7792786, 32.7665738], [-96.7789379, 32.7667961]]}, "properties": {"class": "residential"}}, {"type": "Feature", "geometry": {"type": "LineString", "coordinates": [[-96.7940352, 32.7598311], [-96.794075, 32.75994], [-96.7940971, 32.7599711], [-96.794177, 32.760022], [-96.7942511, 32.7600649], [-96.7944677, 32.7601868], [-96.794764, 32.760362], [-96.795847, 32.76099], [-96.796893, 32.761597], [-96.7987501, 32.762664], [-96.8006088, 32.76371], [-96.8017415, 32.7643489], [-96.8021005, 32.764558], [-96.8022416, 32.7646676], [-96.8023731, 32.7647852], [-96.8026378, 32.7650917], [-96.8029692, 32.7656588]]}, "properties": {"class": "secondary"}}, {"type": "Feature", "geometry": {"type": "LineString", "coordinates": [[-96.7927153, 32.7618968], [-96.7927004, 32.7619163], [-96.7926864, 32.7619347], [-96.7922849, 32.7624607]]}, "properties": {"class": "secondary"}}, {"type": "Feature", "geometry": {"type": "LineString", "coordinates": [[-96.7922849, 32.7624607], [-96.7922271, 32.7625344], [-96.7921736, 32.7626022], [-96.7920849, 32.7626973], [-96.7919654, 32.7628076], [-96.7919247, 32.7628384]]}, "properties": {"class": "secondary"}}, {"type": "Feature", "geometry": {"type": "LineString", "coordinates": [[-96.7851027, 32.768553], [-96.7848792, 32.7687583], [-96.7843487, 32.7693086], [-96.7834111, 32.7703228], [-96.7831518, 32.7707441], [-96.783021, 32.7709759], [-96.7829107, 32.7711493], [-96.7828341, 32.7712334], [-96.782832, 32.771237], [-96.7827692, 32.7713038], [-96.7827004, 32.7713578], [-96.7824146, 32.771532], [-96.7819738, 32.7717956], [-96.781903, 32.771838], [-96.7817927, 32.771906]]}, "properties": {"class": "secondary"}}, {"type": "Feature", "geometry": {"type": "LineString", "coordinates": [[-96.7919247, 32.7628384], [-96.7914497, 32.7632416]]}, "properties": {"class": "secondary"}}, {"type": "Feature", "geometry": {"type": "LineString", "coordinates": [[-96.8178391, 32.7978382], [-96.817249, 32.797477], [-96.817038, 32.79735], [-96.816659, 32.797117], [-96.816402, 32.796922], [-96.816276, 32.7968217], [-96.8161956, 32.7967551], [-96.81606, 32.7966308], [-96.8160052, 32.7965768], [-96.8158904, 32.7964672], [-96.8157739, 32.7963312], [-96.8154988, 32.7959647], [-96.815406, 32.79581], [-96.815303, 32.795633], [-96.8152175, 32.7954583], [-96.8151214, 32.7952183]]}, "properties": {"class": "motorway"}}, {"type": "Feature", "geometry": {"type": "LineString", "coordinates": [[-96.8214182, 32.7998944], [-96.8178391, 32.7978382]]}, "properties": {"class": "motorway"}}, {"type": "Feature", "geometry": {"type": "LineString", "coordinates": [[-96.8214095, 32.8001543], [-96.821657, 32.800302], [-96.821682, 32.800311], [-96.821824, 32.800393], [-96.822768, 32.800843], [-96.823078, 32.800976], [-96.823892, 32.80126], [-96.824396, 32.801403], [-96.824716, 32.801478], [-96.825303, 32.801586], [-96.825618, 32.801637], [-96.8266368, 32.8017529]]}, "properties": {"class": "motorway"}}, {"type": "Feature", "geometry": {"type": "LineString", "coordinates": [[-96.8177189, 32.7980041], [-96.8212637, 32.8000676]]}, "properties": {"class": "motorway"}}, {"type": "Feature", "geometry": {"type": "LineString", "coordinates": [[-96.8106875, 32.7850977], [-96.8107906, 32.7850239], [-96.8108695, 32.784944], [-96.8109118, 32.7848881], [-96.81096, 32.7847977], [-96.811114, 32.7844482]]}, "properties": {"class": "secondary"}}, {"type": "Feature", "geometry": {"type": "LineString", "coordinates": [[-96.7978648, 32.7881267], [-96.7979234, 32.7880748], [-96.7982953, 32.7877454], [-96.7983587, 32.7876893]]}, "properties": {"class": "secondary"}}, {"type": "Feature", "geometry": {"type": "LineString", "coordinates": [[-96.8080637, 32.7795692], [-96.8080664, 32.7796973], [-96.8081629, 32.7800386], [-96.8082102, 32.7802063], [-96.8082377, 32.7803034]]}, "properties": {"class": "secondary"}}, {"type": "Feature", "geometry": {"type": "LineString", "coordinates": [[-96.7754236, 32.7916273], [-96.7748769, 32.7920814], [-96.7748135, 32.7921341], [-96.774767, 32.7921727], [-96.7745058, 32.7923898], [-96.7743254, 32.7925396], [-96.7739903, 32.7928179], [-96.7738246, 32.7929556], [-96.7736194, 32.793126], [-96.7732812, 32.793407], [-96.7731966, 32.7934772], [-96.7731304, 32.7935323], [-96.7730819, 32.7935725], [-96.7730091, 32.793633], [-96.7728971, 32.793726], [-96.7727674, 32.7938338], [-96.7722898, 32.7942305], [-96.7716943, 32.7947252], [-96.771636, 32.7947736], [-96.7715601, 32.7948367], [-96.7715252, 32.7948656], [-96.7715019, 32.794885], [-96.7714447, 32.7949325]]}, "properties": {"class": "residential"}}, {"type": "Feature", "geometry": {"type": "LineString", "coordinates": [[-96.784339, 32.788569], [-96.784379, 32.7885981], [-96.7849403, 32.7890614], [-96.7849889, 32.7891012]]}, "properties": {"class": "residential"}}, {"type": "Feature", "geometry": {"type": "LineString", "coordinates": [[-96.8133084, 32.7789721], [-96.8134821, 32.778946]]}, "properties": {"class": "residential"}}, {"type": "Feature", "geometry": {"type": "LineString", "coordinates": [[-96.8160349, 32.7763027], [-96.8221033, 32.7750321]]}, "properties": {"class": "secondary"}}, {"type": "Feature", "geometry": {"type": "LineString", "coordinates": [[-96.7944001, 32.7590165], [-96.7941058, 32.7596452], [-96.7940352, 32.7598311]]}, "properties": {"class": "secondary"}}, {"type": "Feature", "geometry": {"type": "LineString", "coordinates": [[-96.7938679, 32.760155], [-96.7938408, 32.7602026], [-96.7937904, 32.760291]]}, "properties": {"class": "secondary"}}, {"type": "Feature", "geometry": {"type": "LineString", "coordinates": [[-96.791531, 32.7839146], [-96.7915002, 32.784058], [-96.7914536, 32.7842493], [-96.791335, 32.7847571], [-96.7912435, 32.7855187]]}, "properties": {"class": "primary"}}, {"type": "Feature", "geometry": {"type": "LineString", "coordinates": [[-96.7979401, 32.7923613], [-96.7975379, 32.7926726], [-96.797249, 32.7928663]]}, "properties": {"class": "motorway"}}, {"type": "Feature", "geometry": {"type": "LineString", "coordinates": [[-96.8077545, 32.7747809], [-96.80766, 32.7748938], [-96.8073293, 32.7753635], [-96.8072074, 32.775529], [-96.8071514, 32.7755929], [-96.8071082, 32.7756409], [-96.8070346, 32.7757047], [-96.8069287, 32.7757945]]}, "properties": {"class": "tertiary"}}, {"type": "Feature", "geometry": {"type": "LineString", "coordinates": [[-96.8081546, 32.7745007], [-96.8080031, 32.7745658], [-96.8078754, 32.7746602], [-96.8077545, 32.7747809]]}, "properties": {"class": "tertiary"}}, {"type": "Feature", "geometry": {"type": "LineString", "coordinates": [[-96.8129219, 32.7604431], [-96.8129584, 32.7606607], [-96.8129756, 32.7608717], [-96.8129793, 32.7610302], [-96.8129606, 32.7612914], [-96.8129293, 32.761522], [-96.812871, 32.7617493], [-96.8127822, 32.7619958], [-96.8126353, 32.7622946], [-96.8123311, 32.7627856], [-96.8118394, 32.7635824]]}, "properties": {"class": "secondary"}}, {"type": "Feature", "geometry": {"type": "LineString", "coordinates": [[-96.8092576, 32.754364], [-96.8092901, 32.7547441]]}, "properties": {"class": "motorway"}}, {"type": "Feature", "geometry": {"type": "LineString", "coordinates": [[-96.8097214, 32.7588343], [-96.8097911, 32.7586726], [-96.8098816, 32.7583795], [-96.809938, 32.7581868]]}, "properties": {"class": "motorway"}}, {"type": "Feature", "geometry": {"type": "LineString", "coordinates": [[-96.809938, 32.7581868], [-96.810005, 32.757889], [-96.8100471, 32.7575877], [-96.8100597, 32.7573664], [-96.8100561, 32.7570966], [-96.8100314, 32.7567209], [-96.8099487, 32.7562432], [-96.80979, 32.755484], [-96.8096919, 32.7549323], [-96.8096389, 32.7541512], [-96.8096409, 32.7533864]]}, "properties": {"class": "motorway"}}, {"type": "Feature", "geometry": {"type": "LineString", "coordinates": [[-96.771417, 32.7550818], [-96.7714992, 32.7552977], [-96.7715833, 32.7555013], [-96.77167, 32.7557057], [-96.7717619, 32.7559084], [-96.7718559, 32.7561098], [-96.7719569, 32.7563174], [-96.7720588, 32.7565173], [-96.7721572, 32.7567043], [-96.7722646, 32.7569025], [-96.7723752, 32.7571018], [-96.7729926, 32.7581886]]}, "properties": {"class": "motorway"}}, {"type": "Feature", "geometry": {"type": "LineString", "coordinates": [[-96.8049414, 32.7648504], [-96.8047192, 32.7651826], [-96.8045624, 32.7654725], [-96.8044242, 32.7657815]]}, "properties": {"class": "motorway"}}, {"type": "Feature", "geometry": {"type": "LineString", "coordinates": [[-96.802304, 32.769857], [-96.8025842, 32.7697126], [-96.8028216, 32.7695739], [-96.8031471, 32.7694264], [-96.8034814, 32.7693056], [-96.8038864, 32.7691779]]}, "properties": {"class": "motorway"}}, {"type": "Feature", "geometry": {"type": "LineString", "coordinates": [[-96.8102179, 32.75674], [-96.8100089, 32.7555943], [-96.8099197, 32.7550625]]}, "properties": {"class": "secondary"}}, {"type": "Feature", "geometry": {"type": "LineString", "coordinates": [[-96.7644429, 32.7534445], [-96.7645608, 32.7535705], [-96.7650069, 32.7540492], [-96.7657273, 32.7548231], [-96.7659593, 32.755076], [-96.7661819, 32.755338], [-96.7664045, 32.7556056], [-96.7665356, 32.7557806], [-96.7666467, 32.7559287], [-96.7673415, 32.7568754], [-96.7674249, 32.756989], [-96.7679106, 32.7576555], [-96.7683004, 32.7581858], [-96.7683914, 32.7583097], [-96.7684917, 32.758431], [-96.7689259, 32.7589557], [-96.7695088, 32.7595742], [-96.771118, 32.7611986], [-96.7712386, 32.7613203], [-96.7713343, 32.7614181], [-96.7723172, 32.7624233], [-96.7724185, 32.7625269], [-96.7725162, 32.7626279], [-96.7725973, 32.7627142], [-96.7732057, 32.7633616], [-96.7738864, 32.7641471], [-96.7740286, 32.7643111]]}, "properties": {"class": "primary"}}, {"type": "Feature", "geometry": {"type": "LineString", "coordinates": [[-96.7741676, 32.7641971], [-96.7740248, 32.764027], [-96.7733543, 32.7632284], [-96.7727203, 32.7625909], [-96.7726349, 32.7625051], [-96.7725342, 32.7624022], [-96.7724363, 32.7622998], [-96.771489, 32.7613082], [-96.7713781, 32.7611944], [-96.7712754, 32.7610877], [-96.7711064, 32.7609154], [-96.7696519, 32.7594326], [-96.7686305, 32.7583126], [-96.7685178, 32.758189], [-96.7684321, 32.758072], [-96.7673707, 32.756622], [-96.7669156, 32.7559954], [-96.7665833, 32.7555397], [-96.7662983, 32.7551225], [-96.7659933, 32.7546677], [-96.7656963, 32.7542266], [-96.7653608, 32.7538141], [-96.7650502, 32.7534278], [-96.7649258, 32.7532934]]}, "properties": {"class": "primary"}}, {"type": "Feature", "geometry": {"type": "LineString", "coordinates": [[-96.7737988, 32.7645436], [-96.773464, 32.7648422]]}, "properties": {"class": "secondary"}}, {"type": "Feature", "geometry": {"type": "LineString", "coordinates": [[-96.7750882, 32.7634084], [-96.7750119, 32.7634692], [-96.7746424, 32.763787], [-96.7744577, 32.7639485], [-96.7742583, 32.7641194], [-96.7741676, 32.7641971]]}, "properties": {"class": "secondary"}}, {"type": "Feature", "geometry": {"type": "LineString", "coordinates": [[-96.7848055, 32.7815191], [-96.7849056, 32.781569], [-96.7850244, 32.781626], [-96.7851342, 32.781676], [-96.7852527, 32.7817284], [-96.7853722, 32.7817807], [-96.785484, 32.7818292], [-96.7892193, 32.7834389], [-96.7894504, 32.7835394], [-96.7895613, 32.7835896], [-96.7896785, 32.7836437], [-96.7897923, 32.7836982], [-96.7899022, 32.7837528], [-96.7900207, 32.7838168], [-96.7901238, 32.7838765], [-96.790208, 32.7839267], [-96.7903126, 32.7839949]]}, "properties": {"class": "motorway"}}, {"type": "Feature", "geometry": {"type": "LineString", "coordinates": [[-96.7879769, 32.7765946], [-96.7879567, 32.7765196], [-96.7879199, 32.7764305]]}, "properties": {"class": "primary"}}, {"type": "Feature", "geometry": {"type": "LineString", "coordinates": [[-96.7913157, 32.7799091], [-96.7914023, 32.7799028], [-96.7914952, 32.7798934], [-96.7915995, 32.7798793], [-96.7917453, 32.7798534], [-96.7919027, 32.7798181], [-96.7919894, 32.7797932], [-96.7920961, 32.7797566], [-96.7922623, 32.7796749], [-96.7923552, 32.7796181]]}, "properties": {"class": "secondary"}}, {"type": "Feature", "geometry": {"type": "LineString", "coordinates": [[-96.8016971, 32.7746628], [-96.801695, 32.774657], [-96.8013625, 32.7736084]]}, "properties": {"class": "secondary"}}, {"type": "Feature", "geometry": {"type": "LineString", "coordinates": [[-96.7781832, 32.7950821], [-96.7781135, 32.7950214], [-96.7776496, 32.794617], [-96.7774703, 32.7944565], [-96.7771958, 32.794217], [-96.7769475, 32.7940002], [-96.7769228, 32.7939706], [-96.7768739, 32.793916], [-96.7768165, 32.7938502], [-96.7768026, 32.7938343], [-96.7766372, 32.7936912], [-96.7764889, 32.7935651], [-96.7763608, 32.7934552], [-96.7762818, 32.7933899], [-96.7758924, 32.7930582], [-96.7758411, 32.7930145], [-96.7758018, 32.792982], [-96.7755084, 32.7927442], [-96.7753315, 32.7925898], [-96.7752388, 32.7925089], [-96.7748655, 32.792183], [-96.7748135, 32.7921341], [-96.7747687, 32.7920956], [-96.7742048, 32.79161], [-96.7737837, 32.7912465], [-96.7737145, 32.7911866], [-96.7732482, 32.7907855], [-96.7730792, 32.7906369], [-96.772749, 32.7903512], [-96.7721947, 32.7898716], [-96.7716712, 32.7894186], [-96.7716131, 32.7893676], [-96.7715534, 32.7893168], [-96.771182, 32.7889952], [-96.7707933, 32.7886588], [-96.770705, 32.7885825]]}, "properties": {"class": "secondary"}}, {"type": "Feature", "geometry": {"type": "LineString", "coordinates": [[-96.8054095, 32.7974419], [-96.8054428, 32.7977141], [-96.8054446, 32.7978581]]}, "properties": {"class": "secondary"}}, {"type": "Feature", "geometry": {"type": "LineString", "coordinates": [[-96.775261, 32.783833], [-96.775182, 32.783817], [-96.775125, 32.783814], [-96.775054, 32.783819], [-96.774911, 32.783839], [-96.77478, 32.783875], [-96.774689, 32.783907], [-96.7744899, 32.7839849]]}, "properties": {"class": "secondary"}}, {"type": "Feature", "geometry": {"type": "LineString", "coordinates": [[-96.7744423, 32.7851816], [-96.7743574, 32.7850585], [-96.7742718, 32.7849344], [-96.7741925, 32.7848392]]}, "properties": {"class": "secondary"}}, {"type": "Feature", "geometry": {"type": "LineString", "coordinates": [[-96.7791226, 32.785579], [-96.7792417, 32.7855537], [-96.7800923, 32.785372], [-96.7803199, 32.7853233], [-96.7806685, 32.7852502], [-96.7808927, 32.7852031], [-96.7812794, 32.7851282], [-96.7813674, 32.7851111], [-96.7817096, 32.7850452], [-96.7818653, 32.7850152], [-96.7821247, 32.7849653], [-96.782169, 32.7849568], [-96.7824092, 32.7849085], [-96.7825005, 32.7848926], [-96.7825895, 32.7848772], [-96.7827916, 32.7848384], [-96.7833118, 32.784745], [-96.783552, 32.7847027], [-96.7836266, 32.7846885], [-96.7837002, 32.7846731], [-96.7839545, 32.7846233], [-96.7843163, 32.7845488], [-96.7845848, 32.7844935], [-96.7847589, 32.7844577], [-96.7854374, 32.7843129], [-96.7856685, 32.7842636], [-96.7857484, 32.7842466], [-96.7864084, 32.7841117], [-96.7864688, 32.7840994], [-96.78653, 32.7840865]]}, "properties": {"class": "secondary"}}, {"type": "Feature", "geometry": {"type": "LineString", "coordinates": [[-96.7952395, 32.790943], [-96.7953032, 32.7910601], [-96.7957038, 32.7913992], [-96.7957637, 32.7914541]]}, "properties": {"class": "tertiary"}}, {"type": "Feature", "geometry": {"type": "LineString", "coordinates": [[-96.794182, 32.7868486], [-96.7942125, 32.7868744], [-96.7957505, 32.7881549], [-96.7958001, 32.7881947]]}, "properties": {"class": "residential"}}, {"type": "Feature", "geometry": {"type": "LineString", "coordinates": [[-96.7877388, 32.7871836], [-96.7876872, 32.7872198], [-96.7871798, 32.7875761], [-96.7869278, 32.7877487], [-96.7867528, 32.7878735], [-96.7859628, 32.7884142], [-96.78578, 32.788538], [-96.7850414, 32.7890637], [-96.7849889, 32.7891012]]}, "properties": {"class": "residential"}}, {"type": "Feature", "geometry": {"type": "LineString", "coordinates": [[-96.7898609, 32.7870425], [-96.7898188, 32.7870778], [-96.7894108, 32.7874191], [-96.7887582, 32.7879651], [-96.788701, 32.788013]]}, "properties": {"class": "residential"}}, {"type": "Feature", "geometry": {"type": "LineString", "coordinates": [[-96.7931653, 32.7920126], [-96.7931241, 32.7920469], [-96.7930338, 32.7921138], [-96.7919463, 32.7930307]]}, "properties": {"class": "secondary"}}, {"type": "Feature", "geometry": {"type": "LineString", "coordinates": [[-96.7931653, 32.7920126], [-96.7937768, 32.7915245]]}, "properties": {"class": "secondary"}}, {"type": "Feature", "geometry": {"type": "LineString", "coordinates": [[-96.7851273, 32.7797861], [-96.7850754, 32.7797262], [-96.7847557, 32.779357], [-96.7845263, 32.7790922], [-96.784282, 32.778809]]}, "properties": {"class": "secondary"}}, {"type": "Feature", "geometry": {"type": "LineString", "coordinates": [[-96.8113752, 32.7824516], [-96.8120523, 32.7823554]]}, "properties": {"class": "motorway"}}, {"type": "Feature", "geometry": {"type": "LineString", "coordinates": [[-96.8161239, 32.8008082], [-96.8163956, 32.8020058]]}, "properties": {"class": "motorway"}}, {"type": "Feature", "geometry": {"type": "LineString", "coordinates": [[-96.805177, 32.791994], [-96.8051953, 32.7919809], [-96.8052913, 32.7919148], [-96.805439, 32.7917965], [-96.8055116, 32.7917365], [-96.8056307, 32.791638], [-96.8059082, 32.791403], [-96.8059686, 32.7913526]]}, "properties": {"class": "secondary"}}, {"type": "Feature", "geometry": {"type": "LineString", "coordinates": [[-96.7920241, 32.7863902], [-96.7921343, 32.7862951], [-96.7922292, 32.7862132], [-96.7927092, 32.7858269]]}, "properties": {"class": "tertiary"}}, {"type": "Feature", "geometry": {"type": "LineString", "coordinates": [[-96.7961724, 32.7828634], [-96.7961278, 32.7827992], [-96.7959543, 32.7822307], [-96.7959212, 32.7821299]]}, "properties": {"class": "tertiary"}}, {"type": "Feature", "geometry": {"type": "LineString", "coordinates": [[-96.8050274, 32.7893767], [-96.8050164, 32.7895557], [-96.804991, 32.7900481], [-96.804982, 32.7903167], [-96.8049763, 32.790593], [-96.8049769, 32.790676], [-96.8049779, 32.7906965], [-96.8049759, 32.7907305], [-96.804978, 32.7907843]]}, "properties": {"class": "secondary"}}, {"type": "Feature", "geometry": {"type": "LineString", "coordinates": [[-96.8069287, 32.7757945], [-96.8068836, 32.7756556], [-96.806815, 32.7754757]]}, "properties": {"class": "secondary"}}, {"type": "Feature", "geometry": {"type": "LineString", "coordinates": [[-96.8054389, 32.7769613], [-96.8054512, 32.7770536], [-96.8055108, 32.7773417], [-96.8055223, 32.777396], [-96.805589, 32.7776167], [-96.8056172, 32.7777166], [-96.8056462, 32.7778134], [-96.8057247, 32.7780766]]}, "properties": {"class": "secondary"}}, {"type": "Feature", "geometry": {"type": "LineString", "coordinates": [[-96.8070456, 32.7891752], [-96.8071162, 32.7892393], [-96.807334, 32.789451], [-96.807442, 32.789569], [-96.8074953, 32.7896421]]}, "properties": {"class": "secondary"}}, {"type": "Feature", "geometry": {"type": "LineString", "coordinates": [[-96.803878, 32.783047], [-96.8039953, 32.7829501]]}, "properties": {"class": "secondary"}}, {"type": "Feature", "geometry": {"type": "LineString", "coordinates": [[-96.7938989, 32.7897905], [-96.7938077, 32.789866], [-96.7936497, 32.7899969], [-96.7934483, 32.7901637], [-96.7933437, 32.7902798], [-96.793274, 32.7903926], [-96.7932311, 32.7904985], [-96.7932042, 32.790653], [-96.7932083, 32.7908266], [-96.7932592, 32.7909845], [-96.7933357, 32.7911288], [-96.7933902, 32.791234], [-96.7933947, 32.7912426], [-96.7934215, 32.7913621], [-96.7934256, 32.7914005], [-96.7934309, 32.7914501]]}, "properties": {"class": "tertiary"}}, {"type": "Feature", "geometry": {"type": "LineString", "coordinates": [[-96.8136232, 32.7952644], [-96.8138449, 32.7955503], [-96.8141231, 32.7959227], [-96.8143725, 32.7962879], [-96.814748, 32.7968505]]}, "properties": {"class": "tertiary"}}, {"type": "Feature", "geometry": {"type": "LineString", "coordinates": [[-96.8054446, 32.7978581], [-96.8055605, 32.797959]]}, "properties": {"class": "residential"}}, {"type": "Feature", "geometry": {"type": "LineString", "coordinates": [[-96.8009849, 32.800541], [-96.8009235, 32.8004339], [-96.8008762, 32.8002906], [-96.8008639, 32.8002342], [-96.8008456, 32.800131], [-96.8008384, 32.8000967], [-96.8008247, 32.8000307]]}, "properties": {"class": "tertiary"}}, {"type": "Feature", "geometry": {"type": "LineString", "coordinates": [[-96.8009849, 32.800541], [-96.8009814, 32.8004556], [-96.8009868, 32.8004016], [-96.8010111, 32.8003461], [-96.8010529, 32.8002937], [-96.8011229, 32.8002221], [-96.801139, 32.800179]]}, "properties": {"class": "residential"}}, {"type": "Feature", "geometry": {"type": "LineString", "coordinates": [[-96.8159094, 32.7763323], [-96.8160349, 32.7763027]]}, "properties": {"class": "secondary"}}, {"type": "Feature", "geometry": {"type": "LineString", "coordinates": [[-96.8054032, 32.7818705], [-96.8056429, 32.781752], [-96.8057978, 32.7816983], [-96.8059172, 32.781665], [-96.8061113, 32.7816221], [-96.806598, 32.7815259], [-96.8066577, 32.7815129], [-96.8067335, 32.7814977]]}, "properties": {"class": "secondary"}}, {"type": "Feature", "geometry": {"type": "LineString", "coordinates": [[-96.7962352, 32.7779747], [-96.7962687, 32.7780718], [-96.796319, 32.7782042], [-96.7963324, 32.7782394], [-96.7964127, 32.7784697], [-96.7965746, 32.7789342], [-96.7965939, 32.7789943], [-96.7966134, 32.7790683], [-96.7966148, 32.7790731], [-96.7966882, 32.7794784], [-96.7967073, 32.7795892], [-96.7967165, 32.7796424]]}, "properties": {"class": "secondary"}}, {"type": "Feature", "geometry": {"type": "LineString", "coordinates": [[-96.8008543, 32.800805], [-96.8008899, 32.8009945], [-96.8009615, 32.8013681], [-96.8010198, 32.8016727]]}, "properties": {"class": "tertiary"}}, {"type": "Feature", "geometry": {"type": "LineString", "coordinates": [[-96.7947037, 32.7783339], [-96.7946745, 32.7782572], [-96.7943525, 32.7773649], [-96.7943332, 32.7773076], [-96.7942995, 32.7772296], [-96.7942764, 32.777193], [-96.7942513, 32.7771556], [-96.7940352, 32.7769693], [-96.7939652, 32.7769089], [-96.7939035, 32.7768557], [-96.7932776, 32.7763162], [-96.7932081, 32.7762564], [-96.7931439, 32.7762019], [-96.7925099, 32.7756633], [-96.7924454, 32.7756066], [-96.7923827, 32.7755561], [-96.7918785, 32.7751187], [-96.7917878, 32.775033], [-96.7917094, 32.774942], [-96.7916569, 32.7748659]]}, "properties": {"class": "secondary"}}, {"type": "Feature", "geometry": {"type": "LineString", "coordinates": [[-96.8131477, 32.7936187], [-96.8130865, 32.7935437], [-96.8130684, 32.7935224], [-96.8126482, 32.7930278], [-96.812591, 32.7929605], [-96.8121407, 32.7924209], [-96.8120613, 32.7923196], [-96.8119492, 32.7921362], [-96.8118333, 32.7918624], [-96.8116453, 32.791216], [-96.8115586, 32.79089], [-96.8115168, 32.7907388]]}, "properties": {"class": "secondary"}}, {"type": "Feature", "geometry": {"type": "LineString", "coordinates": [[-96.803712, 32.798034], [-96.8036531, 32.7980832], [-96.8034657, 32.7982296], [-96.8031474, 32.7984939], [-96.8025139, 32.7990343], [-96.8024487, 32.7990888], [-96.8023821, 32.7991467], [-96.8017888, 32.7996398], [-96.8017389, 32.7996815]]}, "properties": {"class": "residential"}}, {"type": "Feature", "geometry": {"type": "LineString", "coordinates": [[-96.804306, 32.7826819], [-96.8043852, 32.7826162], [-96.8046453, 32.7824007], [-96.8048793, 32.7822089], [-96.8051591, 32.7819855], [-96.80519, 32.7819611], [-96.8052643, 32.7819042]]}, "properties": {"class": "secondary"}}, {"type": "Feature", "geometry": {"type": "LineString", "coordinates": [[-96.806317, 32.788328], [-96.8062418, 32.7883864], [-96.8061988, 32.7884239], [-96.8060531, 32.7885534]]}, "properties": {"class": "secondary"}}, {"type": "Feature", "geometry": {"type": "LineString", "coordinates": [[-96.8076072, 32.7780901], [-96.807578, 32.7779854], [-96.8074238, 32.7774267], [-96.807396, 32.777333]]}, "properties": {"class": "secondary"}}, {"type": "Feature", "geometry": {"type": "LineString", "coordinates": [[-96.8052983, 32.7962529], [-96.8053088, 32.7963741], [-96.805316, 32.7964663], [-96.8053405, 32.7967687]]}, "properties": {"class": "secondary"}}, {"type": "Feature", "geometry": {"type": "LineString", "coordinates": [[-96.8076072, 32.7780901], [-96.807499, 32.7781005], [-96.8074711, 32.7781032], [-96.8074513, 32.7781073], [-96.8072968, 32.778139], [-96.8072149, 32.7781558], [-96.8067345, 32.7782638], [-96.8059625, 32.778435], [-96.8058458, 32.7784605]]}, "properties": {"class": "secondary"}}, {"type": "Feature", "geometry": {"type": "LineString", "coordinates": [[-96.7989819, 32.7857732], [-96.7988258, 32.7858164], [-96.7987177, 32.7858513], [-96.798607, 32.7859003], [-96.7985268, 32.7859458], [-96.7984557, 32.7859886], [-96.7983534, 32.7860609], [-96.7982752, 32.7861161]]}, "properties": {"class": "tertiary"}}, {"type": "Feature", "geometry": {"type": "LineString", "coordinates": [[-96.7865053, 32.7833358], [-96.7865948, 32.7833174], [-96.7870177, 32.7832265], [-96.787178, 32.783192]]}, "properties": {"class": "secondary"}}, {"type": "Feature", "geometry": {"type": "LineString", "coordinates": [[-96.8039818, 32.7855445], [-96.804565, 32.786102]]}, "properties": {"class": "secondary"}}, {"type": "Feature", "geometry": {"type": "LineString", "coordinates": [[-96.801139, 32.800179], [-96.8012306, 32.8001018]]}, "properties": {"class": "residential"}}, {"type": "Feature", "geometry": {"type": "LineString", "coordinates": [[-96.80558, 32.789915], [-96.8055438, 32.7898448]]}, "properties": {"class": "secondary"}}, {"type": "Feature", "geometry": {"type": "LineString", "coordinates": [[-96.803712, 32.798034], [-96.8037597, 32.7980766], [-96.8041453, 32.7984193], [-96.8045962, 32.7988119], [-96.8047353, 32.7989342], [-96.8052035, 32.7993461], [-96.8052851, 32.7994179]]}, "properties": {"class": "residential"}}, {"type": "Feature", "geometry": {"type": "LineString", "coordinates": [[-96.789214, 32.771517], [-96.7893718, 32.7717981], [-96.7894388, 32.7719717], [-96.7895412, 32.7721497], [-96.7896649, 32.7722885], [-96.789794, 32.77238], [-96.789893, 32.772431], [-96.7902701, 32.7725282]]}, "properties": {"class": "secondary"}}, {"type": "Feature", "geometry": {"type": "LineString", "coordinates": [[-96.7781946, 32.7607244], [-96.7781442, 32.760767], [-96.7780606, 32.7608385], [-96.7779303, 32.7609506], [-96.7777654, 32.7610983], [-96.7777396, 32.761118], [-96.777567, 32.761266], [-96.7772806, 32.761515]]}, "properties": {"class": "secondary"}}, {"type": "Feature", "geometry": {"type": "LineString", "coordinates": [[-96.8029528, 32.801133], [-96.8030074, 32.8011782], [-96.8030226, 32.801192], [-96.8034224, 32.8015294], [-96.8038694, 32.801906], [-96.803935, 32.801962]]}, "properties": {"class": "residential"}}, {"type": "Feature", "geometry": {"type": "LineString", "coordinates": [[-96.8018456, 32.7829742], [-96.8018592, 32.7830291], [-96.801997, 32.7835802], [-96.802014, 32.783648]]}, "properties": {"class": "tertiary"}}, {"type": "Feature", "geometry": {"type": "LineString", "coordinates": [[-96.8063111, 32.7767841], [-96.8064214, 32.7767662], [-96.806612, 32.7767306], [-96.8070525, 32.7766428], [-96.807185, 32.7766361]]}, "properties": {"class": "secondary"}}, {"type": "Feature", "geometry": {"type": "LineString", "coordinates": [[-96.8076409, 32.781206], [-96.8075591, 32.7812243], [-96.8073683, 32.781265], [-96.8068559, 32.7813727], [-96.8067799, 32.7813888], [-96.8067077, 32.781405]]}, "properties": {"class": "secondary"}}, {"type": "Feature", "geometry": {"type": "LineString", "coordinates": [[-96.8047185, 32.7972433], [-96.8046644, 32.7972891], [-96.8043546, 32.797534], [-96.8042224, 32.7976366], [-96.8037703, 32.7979874], [-96.803712, 32.798034]]}, "properties": {"class": "residential"}}, {"type": "Feature", "geometry": {"type": "LineString", "coordinates": [[-96.7988477, 32.7938451], [-96.7989251, 32.7939099], [-96.7991845, 32.7941326], [-96.7995798, 32.794472], [-96.7996352, 32.7945194], [-96.799688, 32.7945664], [-96.8000638, 32.7949012], [-96.8004246, 32.7952165], [-96.8004658, 32.7952533], [-96.8005131, 32.7952964], [-96.8008579, 32.7955818], [-96.8012095, 32.7958781], [-96.8012554, 32.7959185], [-96.8013039, 32.7959606], [-96.8015148, 32.7961438], [-96.801682, 32.7962761], [-96.8017468, 32.7963231], [-96.8017616, 32.7963333]]}, "properties": {"class": "residential"}}, {"type": "Feature", "geometry": {"type": "LineString", "coordinates": [[-96.8060653, 32.7792072], [-96.8061771, 32.7791842], [-96.8069212, 32.7790287], [-96.8077314, 32.7788597], [-96.8078333, 32.7788384]]}, "properties": {"class": "secondary"}}, {"type": "Feature", "geometry": {"type": "LineString", "coordinates": [[-96.7946228, 32.7831958], [-96.7945965, 32.7831217], [-96.7944948, 32.7828362], [-96.7944675, 32.7827989]]}, "properties": {"class": "tertiary"}}, {"type": "Feature", "geometry": {"type": "LineString", "coordinates": [[-96.8152977, 32.7942502], [-96.8152195, 32.7942582], [-96.8151236, 32.7942582], [-96.8150526, 32.7942526], [-96.8149845, 32.7942402]]}, "properties": {"class": "secondary"}}, {"type": "Feature", "geometry": {"type": "LineString", "coordinates": [[-96.8078199, 32.7899675], [-96.8077807, 32.7898425]]}, "properties": {"class": "secondary"}}, {"type": "Feature", "geometry": {"type": "LineString", "coordinates": [[-96.7982752, 32.7861161], [-96.7982164, 32.7860647], [-96.7976635, 32.7855834], [-96.7976146, 32.7855406], [-96.797573, 32.785505]]}, "properties": {"class": "tertiary"}}, {"type": "Feature", "geometry": {"type": "LineString", "coordinates": [[-96.821772, 32.757469], [-96.8217463, 32.7574129], [-96.821724, 32.757364]]}, "properties": {"class": "residential"}}, {"type": "Feature", "geometry": {"type": "LineString", "coordinates": [[-96.8229802, 32.7978092], [-96.8229558, 32.7977769], [-96.8229081, 32.7977377], [-96.8223395, 32.7974593], [-96.8221112, 32.7973473], [-96.8219945, 32.7972948], [-96.8219542, 32.7972757], [-96.82183, 32.797213], [-96.8218073, 32.797202], [-96.8216869, 32.7971433], [-96.8214261, 32.7970115], [-96.8214063, 32.7970033], [-96.8212349, 32.7969198]]}, "properties": {"class": "tertiary"}}, {"type": "Feature", "geometry": {"type": "LineString", "coordinates": [[-96.8003985, 32.7850158], [-96.8004281, 32.785042], [-96.800474, 32.7850831], [-96.8006233, 32.7852162], [-96.8008392, 32.7854086], [-96.8008871, 32.7854319], [-96.800978, 32.785476]]}, "properties": {"class": "secondary"}}, {"type": "Feature", "geometry": {"type": "LineString", "coordinates": [[-96.7983365, 32.7934677], [-96.7983652, 32.7934708], [-96.7983951, 32.7934783], [-96.7987854, 32.7937927], [-96.7988477, 32.7938451]]}, "properties": {"class": "residential"}}, {"type": "Feature", "geometry": {"type": "LineString", "coordinates": [[-96.7947037, 32.7783339], [-96.7946244, 32.7783517], [-96.7944789, 32.7783843], [-96.7943092, 32.7784224], [-96.794212, 32.7784442], [-96.7941247, 32.7784637], [-96.7938356, 32.7785317], [-96.7937595, 32.7785492], [-96.7936972, 32.7785661], [-96.7934119, 32.7786322], [-96.7933015, 32.7786672], [-96.793223, 32.778699], [-96.7931637, 32.7787323], [-96.7930908, 32.7787834], [-96.7930308, 32.7788359]]}, "properties": {"class": "secondary"}}, {"type": "Feature", "geometry": {"type": "LineString", "coordinates": [[-96.797356, 32.786876], [-96.7974374, 32.7869421], [-96.7978663, 32.7872907], [-96.7982755, 32.7876223], [-96.7983587, 32.7876893]]}, "properties": {"class": "tertiary"}}, {"type": "Feature", "geometry": {"type": "LineString", "coordinates": [[-96.8115629, 32.7774447], [-96.8118392, 32.7773027], [-96.8120889, 32.7772172], [-96.8126148, 32.7770903]]}, "properties": {"class": "secondary"}}, {"type": "Feature", "geometry": {"type": "LineString", "coordinates": [[-96.8080203, 32.7843452], [-96.8079302, 32.7843061], [-96.8076425, 32.7840793], [-96.8076183, 32.7840615], [-96.8074884, 32.7840346]]}, "properties": {"class": "secondary"}}, {"type": "Feature", "geometry": {"type": "LineString", "coordinates": [[-96.7957637, 32.7914541], [-96.7958402, 32.7915243], [-96.7962151, 32.7918416], [-96.7967018, 32.7922499], [-96.7967573, 32.7922965], [-96.7970459, 32.792577], [-96.7970801, 32.7926049], [-96.7971611, 32.7926689]]}, "properties": {"class": "tertiary"}}, {"type": "Feature", "geometry": {"type": "LineString", "coordinates": [[-96.8039953, 32.7829501], [-96.8039767, 32.7828654], [-96.8039741, 32.7828531], [-96.80394, 32.782688], [-96.803897, 32.782533]]}, "properties": {"class": "secondary"}}, {"type": "Feature", "geometry": {"type": "LineString", "coordinates": [[-96.804184, 32.782783], [-96.804121, 32.7827218], [-96.803897, 32.782533]]}, "properties": {"class": "residential"}}, {"type": "Feature", "geometry": {"type": "LineString", "coordinates": [[-96.7995186, 32.7883156], [-96.7996098, 32.7883706], [-96.7998103, 32.788517], [-96.7999281, 32.7886027], [-96.8004247, 32.7889831]]}, "properties": {"class": "tertiary"}}, {"type": "Feature", "geometry": {"type": "LineString", "coordinates": [[-96.7988477, 32.7938451], [-96.7988029, 32.7939075], [-96.7982582, 32.7943723], [-96.7977787, 32.7947839], [-96.797749, 32.7948112], [-96.7976797, 32.7948703]]}, "properties": {"class": "residential"}}, {"type": "Feature", "geometry": {"type": "LineString", "coordinates": [[-96.812534, 32.7940793], [-96.812632, 32.7940215], [-96.8129053, 32.7938675]]}, "properties": {"class": "secondary"}}, {"type": "Feature", "geometry": {"type": "LineString", "coordinates": [[-96.800978, 32.785476], [-96.8010787, 32.7855617], [-96.8019043, 32.7862648], [-96.8020498, 32.7864223], [-96.8021614, 32.7865423], [-96.8023566, 32.786778], [-96.8023975, 32.7868275]]}, "properties": {"class": "secondary"}}, {"type": "Feature", "geometry": {"type": "LineString", "coordinates": [[-96.8016003, 32.7889156], [-96.8015382, 32.7888628], [-96.8014016, 32.7887469], [-96.800305, 32.7877981], [-96.8002236, 32.7877322]]}, "properties": {"class": "tertiary"}}, {"type": "Feature", "geometry": {"type": "LineString", "coordinates": [[-96.8085346, 32.7809766], [-96.8085208, 32.7809301], [-96.8084598, 32.7807244], [-96.8083793, 32.7804562], [-96.8083738, 32.7804381], [-96.8083652, 32.7804074], [-96.8083542, 32.7803693], [-96.8083445, 32.7803341], [-96.8083027, 32.7801885], [-96.8082509, 32.780019], [-96.8081475, 32.77968], [-96.8080637, 32.7795692]]}, "properties": {"class": "secondary"}}, {"type": "Feature", "geometry": {"type": "LineString", "coordinates": [[-96.803536, 32.802574], [-96.803601, 32.80247], [-96.803652, 32.80239], [-96.803754, 32.802218], [-96.8038065, 32.8021369], [-96.803842, 32.802082], [-96.803935, 32.801962], [-96.804022, 32.8018667], [-96.8041406, 32.8017541], [-96.804187, 32.80171], [-96.8043861, 32.8015478], [-96.804497, 32.8014575], [-96.8046896, 32.8013006], [-96.8048165, 32.8011971], [-96.8049992, 32.8010575], [-96.8051567, 32.8009375], [-96.8054125, 32.8007437], [-96.8054843, 32.8006927]]}, "properties": {"class": "residential"}}, {"type": "Feature", "geometry": {"type": "LineString", "coordinates": [[-96.7755953, 32.7628815], [-96.7751214, 32.7632621], [-96.7750882, 32.7634084]]}, "properties": {"class": "secondary"}}, {"type": "Feature", "geometry": {"type": "LineString", "coordinates": [[-96.806479, 32.788204], [-96.806317, 32.788328]]}, "properties": {"class": "secondary"}}, {"type": "Feature", "geometry": {"type": "LineString", "coordinates": [[-96.8067077, 32.781405], [-96.8067335, 32.7814977]]}, "properties": {"class": "tertiary"}}, {"type": "Feature", "geometry": {"type": "LineString", "coordinates": [[-96.8152647, 32.7944297], [-96.8154176, 32.7944342], [-96.8155233, 32.7944448], [-96.815657, 32.7944712], [-96.8157903, 32.7945212], [-96.8159534, 32.7945991], [-96.8160713, 32.7946579], [-96.8162482, 32.7947416], [-96.8169159, 32.7950726], [-96.817043, 32.7951345], [-96.8173493, 32.7952866], [-96.8176503, 32.7954238], [-96.8177181, 32.7954573], [-96.8178745, 32.7955366], [-96.8185092, 32.7958522], [-96.8186634, 32.7959255], [-96.8187548, 32.7959702], [-96.8189473, 32.7960635], [-96.8190705, 32.7961221], [-96.8191783, 32.7961733], [-96.8192861, 32.7962226], [-96.8198884, 32.7965131], [-96.8199048, 32.7965208], [-96.8200631, 32.7965995]]}, "properties": {"class": "tertiary"}}, {"type": "Feature", "geometry": {"type": "LineString", "coordinates": [[-96.7910276, 32.7815831], [-96.7909928, 32.7815167], [-96.7909488, 32.7814529]]}, "properties": {"class": "primary"}}, {"type": "Feature", "geometry": {"type": "LineString", "coordinates": [[-96.7912316, 32.7797886], [-96.7911696, 32.7797116], [-96.790965, 32.7794649], [-96.7908776, 32.7793642]]}, "properties": {"class": "tertiary"}}, {"type": "Feature", "geometry": {"type": "LineString", "coordinates": [[-96.7750837, 32.766991], [-96.775431, 32.767305]]}, "properties": {"class": "residential"}}, {"type": "Feature", "geometry": {"type": "LineString", "coordinates": [[-96.788526, 32.778581], [-96.7884317, 32.7784885], [-96.7882698, 32.7783138], [-96.788074, 32.778114]]}, "properties": {"class": "primary"}}, {"type": "Feature", "geometry": {"type": "LineString", "coordinates": [[-96.7912316, 32.7797886], [-96.7911179, 32.7797858], [-96.7909065, 32.7797834], [-96.7907002, 32.7798035], [-96.7905948, 32.7798218], [-96.7904965, 32.7798443], [-96.7903883, 32.7798697], [-96.7902876, 32.7798981], [-96.790178, 32.779943]]}, "properties": {"class": "secondary"}}, {"type": "Feature", "geometry": {"type": "LineString", "coordinates": [[-96.8109259, 32.7527914], [-96.8108799, 32.7527913], [-96.8099906, 32.7527903], [-96.809936, 32.7527902]]}, "properties": {"class": "residential"}}, {"type": "Feature", "geometry": {"type": "LineString", "coordinates": [[-96.8149423, 32.7619228], [-96.8148171, 32.7620325], [-96.8146398, 32.7621736], [-96.814406, 32.7623161], [-96.8141454, 32.7624527], [-96.8140065, 32.7625108], [-96.8136081, 32.7626532]]}, "properties": {"class": "tertiary"}}, {"type": "Feature", "geometry": {"type": "LineString", "coordinates": [[-96.7839377, 32.7879962], [-96.7839627, 32.7879313], [-96.7839705, 32.7878881], [-96.7839722, 32.7878689], [-96.7839476, 32.7877736]]}, "properties": {"class": "tertiary"}}, {"type": "Feature", "geometry": {"type": "LineString", "coordinates": [[-96.8156699, 32.7572784], [-96.815666, 32.756656], [-96.8156602, 32.7560515], [-96.8156622, 32.754822], [-96.8156688, 32.7538033], [-96.815647, 32.7528444], [-96.8156468, 32.7527828], [-96.8156462, 32.752716], [-96.81565, 32.7519379], [-96.8156493, 32.7517651], [-96.8156491, 32.7515413], [-96.8156485, 32.7513095], [-96.8156468, 32.7512233], [-96.8156464, 32.7511384], [-96.8156428, 32.7508232], [-96.815643, 32.7506827], [-96.815644, 32.7502717], [-96.8156427, 32.7498749]]}, "properties": {"class": "tertiary"}}, {"type": "Feature", "geometry": {"type": "LineString", "coordinates": [[-96.7745792, 32.7840622], [-96.7746875, 32.7840174], [-96.7748517, 32.7839613], [-96.775042, 32.7839093], [-96.775214, 32.783866], [-96.775261, 32.783833]]}, "properties": {"class": "secondary"}}, {"type": "Feature", "geometry": {"type": "LineString", "coordinates": [[-96.7849889, 32.7891012], [-96.785043, 32.789147], [-96.7852874, 32.7893538], [-96.7855437, 32.7895705], [-96.7856713, 32.7896784], [-96.7859726, 32.7899297]]}, "properties": {"class": "residential"}}, {"type": "Feature", "geometry": {"type": "LineString", "coordinates": [[-96.8127556, 32.7596897], [-96.8126793, 32.7597715], [-96.81262, 32.7598028], [-96.8125841, 32.7598164], [-96.8124913, 32.7598434]]}, "properties": {"class": "residential"}}, {"type": "Feature", "geometry": {"type": "LineString", "coordinates": [[-96.8127556, 32.7596897], [-96.8125506, 32.7593482], [-96.8123386, 32.7590494], [-96.8122049, 32.7588619], [-96.8121344, 32.7587606]]}, "properties": {"class": "secondary"}}, {"type": "Feature", "geometry": {"type": "LineString", "coordinates": [[-96.7835397, 32.7883956], [-96.7838416, 32.7881484], [-96.7838972, 32.7881032]]}, "properties": {"class": "tertiary"}}, {"type": "Feature", "geometry": {"type": "LineString", "coordinates": [[-96.8127292, 32.7587774], [-96.8127318, 32.7588658], [-96.8127556, 32.7596897]]}, "properties": {"class": "residential"}}, {"type": "Feature", "geometry": {"type": "LineString", "coordinates": [[-96.8130218, 32.7601646], [-96.8129749, 32.7601963], [-96.8129258, 32.7602135], [-96.8128646, 32.7602244]]}, "properties": {"class": "residential"}}, {"type": "Feature", "geometry": {"type": "LineString", "coordinates": [[-96.773821, 32.7846966], [-96.7738791, 32.7847431], [-96.7741055, 32.7849241]]}, "properties": {"class": "secondary"}}, {"type": "Feature", "geometry": {"type": "LineString", "coordinates": [[-96.8136081, 32.7626532], [-96.8131788, 32.7627508], [-96.8129712, 32.7628045], [-96.8127762, 32.7628663], [-96.8126576, 32.7629151], [-96.8125361, 32.762972], [-96.8123639, 32.7630822], [-96.8121326, 32.763273], [-96.8118394, 32.7635824]]}, "properties": {"class": "secondary"}}, {"type": "Feature", "geometry": {"type": "LineString", "coordinates": [[-96.7848311, 32.7874068], [-96.7849356, 32.7873494], [-96.7855303, 32.7870102], [-96.7857636, 32.7868758], [-96.7858649, 32.7868138], [-96.7861089, 32.7866408], [-96.786512, 32.7863454], [-96.7866443, 32.7862418], [-96.786749, 32.7861545], [-96.7869016, 32.7860254], [-96.7870623, 32.7858858], [-96.7871857, 32.7857785], [-96.7873344, 32.7856668], [-96.7874344, 32.7856027]]}, "properties": {"class": "tertiary"}}, {"type": "Feature", "geometry": {"type": "LineString", "coordinates": [[-96.8126793, 32.7597715], [-96.8127465, 32.7599289], [-96.8128646, 32.7602244], [-96.8129219, 32.7604431]]}, "properties": {"class": "secondary"}}, {"type": "Feature", "geometry": {"type": "LineString", "coordinates": [[-96.7805429, 32.7930968], [-96.7804842, 32.7931492], [-96.7800774, 32.7934887], [-96.7800242, 32.7935338], [-96.7799736, 32.7935763], [-96.7791889, 32.794243], [-96.7791445, 32.7942815], [-96.7790109, 32.7943949], [-96.7789677, 32.7944314], [-96.7782402, 32.7950465], [-96.7781832, 32.7950821], [-96.7781293, 32.7951157], [-96.7781144, 32.795125], [-96.7779588, 32.7952534], [-96.7776906, 32.7954746], [-96.7775872, 32.7955599], [-96.7773419, 32.7957622], [-96.7772086, 32.7958726], [-96.7769794, 32.7960613], [-96.776805, 32.7962051], [-96.7767375, 32.7962608], [-96.7765777, 32.7963927], [-96.776522, 32.7964386], [-96.7764621, 32.796488], [-96.7759094, 32.7969478], [-96.7755711, 32.797229], [-96.775306, 32.7974493], [-96.774909, 32.7977792], [-96.7748808, 32.7978033], [-96.7748309, 32.7978441], [-96.774776, 32.7978886], [-96.7747554, 32.7979069], [-96.7739959, 32.798538], [-96.7739288, 32.7985938], [-96.7734275, 32.7990104], [-96.7731225, 32.7992638], [-96.7722459, 32.8000137], [-96.7722037, 32.8000498], [-96.7721689, 32.8000791], [-96.7707382, 32.8012669], [-96.7706888, 32.8013087], [-96.7706382, 32.8013529], [-96.770594, 32.8013915]]}, "properties": {"class": "tertiary"}}, {"type": "Feature", "geometry": {"type": "LineString", "coordinates": [[-96.7781603, 32.7800266], [-96.7776123, 32.7800822], [-96.7767595, 32.7801505]]}, "properties": {"class": "motorway"}}, {"type": "Feature", "geometry": {"type": "LineString", "coordinates": [[-96.7914321, 32.7744789], [-96.7914194, 32.774457], [-96.7913739, 32.7743788], [-96.7912828, 32.7742198]]}, "properties": {"class": "secondary"}}, {"type": "Feature", "geometry": {"type": "LineString", "coordinates": [[-96.7992577, 32.7725951], [-96.7984509, 32.7722972]]}, "properties": {"class": "secondary"}}, {"type": "Feature", "geometry": {"type": "LineString", "coordinates": [[-96.7982605, 32.7723897], [-96.7988102, 32.7725911], [-96.7991027, 32.7726953]]}, "properties": {"class": "secondary"}}, {"type": "Feature", "geometry": {"type": "LineString", "coordinates": [[-96.7875343, 32.7775259], [-96.7876443, 32.7777063]]}, "properties": {"class": "primary"}}, {"type": "Feature", "geometry": {"type": "LineString", "coordinates": [[-96.8062119, 32.7633523], [-96.807045, 32.7621861], [-96.8076174, 32.7614025], [-96.8082485, 32.7605161], [-96.8088392, 32.7596848], [-96.8091148, 32.7592981], [-96.8093528, 32.7589405], [-96.809503, 32.758654], [-96.8096116, 32.7584047], [-96.8097054, 32.7581172]]}, "properties": {"class": "motorway"}}, {"type": "Feature", "geometry": {"type": "LineString", "coordinates": [[-96.8061495, 32.7693245], [-96.8059037, 32.7692353], [-96.8056831, 32.7691369], [-96.8054536, 32.769008], [-96.8052525, 32.7688771], [-96.8049681, 32.7686348], [-96.8047684, 32.7684152], [-96.80459, 32.7681722], [-96.8044506, 32.7678908], [-96.8043632, 32.7676525], [-96.8043043, 32.7673851], [-96.8042713, 32.767128], [-96.8042901, 32.7668449], [-96.8043303, 32.7666228], [-96.8043612, 32.7664807], [-96.8044215, 32.7662506], [-96.8044913, 32.7660476], [-96.8046294, 32.7657138], [-96.8047273, 32.7654917], [-96.8048601, 32.7652492], [-96.8050358, 32.7649548], [-96.8052524, 32.7646562], [-96.8058874, 32.7638148], [-96.8062119, 32.7633523]]}, "properties": {"class": "motorway"}}, {"type": "Feature", "geometry": {"type": "LineString", "coordinates": [[-96.8097054, 32.7581172], [-96.8097525, 32.7579474], [-96.8097996, 32.7577253], [-96.8098427, 32.7574916], [-96.8098607, 32.7572561], [-96.8098595, 32.7570712], [-96.8098376, 32.7567618], [-96.8097912, 32.7563814], [-96.8096599, 32.7557538], [-96.8095863, 32.7553386], [-96.8095249, 32.7548272], [-96.8094924, 32.7543338], [-96.8094781, 32.7537989]]}, "properties": {"class": "motorway"}}, {"type": "Feature", "geometry": {"type": "LineString", "coordinates": [[-96.796824, 32.77451], [-96.7967747, 32.7744612], [-96.7967215, 32.7744085], [-96.796586, 32.7742743]]}, "properties": {"class": "secondary"}}, {"type": "Feature", "geometry": {"type": "LineString", "coordinates": [[-96.796824, 32.77451], [-96.7968734, 32.7746336], [-96.7975952, 32.7752938], [-96.7977563, 32.775447], [-96.7978731, 32.775581], [-96.7979396, 32.77567], [-96.7980162, 32.7757946], [-96.7980629, 32.7758966], [-96.7981991, 32.7763024], [-96.7982276, 32.7763959]]}, "properties": {"class": "secondary"}}, {"type": "Feature", "geometry": {"type": "LineString", "coordinates": [[-96.8041333, 32.7667126], [-96.804101, 32.7669961], [-96.8040782, 32.7673332], [-96.8041038, 32.7676152], [-96.8041667, 32.7679062], [-96.804329, 32.7683043], [-96.8044644, 32.7685252], [-96.8046187, 32.7687304], [-96.8047648, 32.7688806], [-96.8049027, 32.7690001], [-96.8050856, 32.7691476], [-96.8052194, 32.7692403]]}, "properties": {"class": "motorway"}}, {"type": "Feature", "geometry": {"type": "LineString", "coordinates": [[-96.8022865, 32.7678249], [-96.8024756, 32.7676357], [-96.8026629, 32.7674473], [-96.8031093, 32.766998]]}, "properties": {"class": "secondary"}}, {"type": "Feature", "geometry": {"type": "LineString", "coordinates": [[-96.8063122, 32.7800591], [-96.8064676, 32.780607], [-96.8064753, 32.7806326], [-96.8064903, 32.7806853], [-96.8065012, 32.780723], [-96.8065101, 32.7807528], [-96.8066757, 32.7812955], [-96.8066956, 32.7813643], [-96.8067077, 32.781405]]}, "properties": {"class": "tertiary"}}, {"type": "Feature", "geometry": {"type": "LineString", "coordinates": [[-96.8114444, 32.7784911], [-96.8115489, 32.7792862], [-96.8116012, 32.7797293], [-96.8116246, 32.7801898], [-96.8116263, 32.7803016]]}, "properties": {"class": "motorway"}}, {"type": "Feature", "geometry": {"type": "LineString", "coordinates": [[-96.8155495, 32.7837113], [-96.8156458, 32.783845]]}, "properties": {"class": "secondary"}}, {"type": "Feature", "geometry": {"type": "LineString", "coordinates": [[-96.8132361, 32.7767977], [-96.8132374, 32.7769533]]}, "properties": {"class": "secondary"}}, {"type": "Feature", "geometry": {"type": "LineString", "coordinates": [[-96.813434, 32.7769127], [-96.8134347, 32.7767561]]}, "properties": {"class": "secondary"}}, {"type": "Feature", "geometry": {"type": "LineString", "coordinates": [[-96.8134347, 32.7767561], [-96.8132361, 32.7767977]]}, "properties": {"class": "secondary"}}, {"type": "Feature", "geometry": {"type": "LineString", "coordinates": [[-96.8121997, 32.7792593], [-96.8123875, 32.7773857], [-96.8124128, 32.7772974], [-96.8124573, 32.7772332], [-96.8126148, 32.7770903]]}, "properties": {"class": "secondary"}}, {"type": "Feature", "geometry": {"type": "LineString", "coordinates": [[-96.783371, 32.760005], [-96.783211, 32.759847], [-96.7822658, 32.7590647], [-96.782085, 32.7589251], [-96.7814829, 32.7584265]]}, "properties": {"class": "secondary"}}, {"type": "Feature", "geometry": {"type": "LineString", "coordinates": [[-96.7740286, 32.7643111], [-96.7741642, 32.7644785], [-96.7744882, 32.7647801], [-96.7747448, 32.764992], [-96.774996, 32.7651769], [-96.775154, 32.7652809], [-96.7753575, 32.7653988], [-96.77561, 32.7655403], [-96.7760351, 32.7657602], [-96.7762899, 32.7659215], [-96.7765464, 32.7660886], [-96.7766936, 32.7662064], [-96.7768642, 32.7663459], [-96.7773498, 32.7668117]]}, "properties": {"class": "primary"}}, {"type": "Feature", "geometry": {"type": "LineString", "coordinates": [[-96.7817927, 32.771906], [-96.7811731, 32.772293]]}, "properties": {"class": "residential"}}, {"type": "Feature", "geometry": {"type": "LineString", "coordinates": [[-96.7897649, 32.7802961], [-96.7898154, 32.7803546], [-96.7900141, 32.7805834], [-96.790254, 32.7808649], [-96.7905295, 32.7811855], [-96.7907593, 32.7814468], [-96.7908438, 32.7815622], [-96.7908738, 32.7816173]]}, "properties": {"class": "primary"}}, {"type": "Feature", "geometry": {"type": "LineString", "coordinates": [[-96.8044226, 32.7857281], [-96.8044122, 32.7856809], [-96.8043377, 32.7855562], [-96.804242, 32.785399], [-96.804189, 32.785293], [-96.8041256, 32.785086], [-96.8041052, 32.7849869], [-96.804085, 32.784832], [-96.8040924, 32.7845991]]}, "properties": {"class": "secondary"}}, {"type": "Feature", "geometry": {"type": "LineString", "coordinates": [[-96.7907664, 32.7780748], [-96.7909865, 32.7780498], [-96.7912662, 32.7779946], [-96.7914095, 32.7779656]]}, "properties": {"class": "secondary"}}, {"type": "Feature", "geometry": {"type": "LineString", "coordinates": [[-96.7983587, 32.7876893], [-96.7984428, 32.7877568], [-96.7987359, 32.787979], [-96.7987891, 32.7880151], [-96.7988653, 32.7880596], [-96.7989481, 32.7880956], [-96.7991724, 32.788174], [-96.7993623, 32.7882438], [-96.7994225, 32.7882683], [-96.7995186, 32.7883156]]}, "properties": {"class": "tertiary"}}, {"type": "Feature", "geometry": {"type": "LineString", "coordinates": [[-96.7861406, 32.7826097], [-96.7860698, 32.782625], [-96.7857931, 32.7826848], [-96.7856629, 32.7827129], [-96.7850845, 32.7828379], [-96.7848719, 32.7828838], [-96.784695, 32.782922], [-96.7839437, 32.783077]]}, "properties": {"class": "secondary"}}, {"type": "Feature", "geometry": {"type": "LineString", "coordinates": [[-96.8054702, 32.786696], [-96.8055495, 32.7866353], [-96.805719, 32.7864962], [-96.8058117, 32.7864785], [-96.8059463, 32.7864193], [-96.8060739, 32.7863418], [-96.8061303, 32.7862998], [-96.8064931, 32.7860048], [-96.8066646, 32.7858644], [-96.8067384, 32.7858046], [-96.8068192, 32.7857382]]}, "properties": {"class": "secondary"}}, {"type": "Feature", "geometry": {"type": "LineString", "coordinates": [[-96.8126535, 32.7839909], [-96.8127645, 32.7839826], [-96.8131142, 32.7839599], [-96.8136967, 32.7839257], [-96.8143205, 32.7839019], [-96.8147257, 32.7838808]]}, "properties": {"class": "secondary"}}, {"type": "Feature", "geometry": {"type": "LineString", "coordinates": [[-96.7866609, 32.7840598], [-96.7867315, 32.784044], [-96.7873592, 32.7839161], [-96.7877155, 32.7838379], [-96.7884185, 32.7836943], [-96.7888306, 32.7836049], [-96.7889073, 32.7835922], [-96.7891528, 32.7835489], [-96.7902941, 32.7833043]]}, "properties": {"class": "secondary"}}, {"type": "Feature", "geometry": {"type": "LineString", "coordinates": [[-96.7737292, 32.7846238], [-96.7736872, 32.7846948], [-96.7736128, 32.7848208], [-96.7735753, 32.7849076], [-96.7733471, 32.7854985], [-96.773297, 32.7856781]]}, "properties": {"class": "secondary"}}, {"type": "Feature", "geometry": {"type": "LineString", "coordinates": [[-96.7919838, 32.7932911], [-96.7920157, 32.7934348], [-96.7920517, 32.7935858], [-96.7921247, 32.7938058], [-96.7922465, 32.7941708], [-96.7923188, 32.7943524], [-96.7923724, 32.7945565], [-96.7923993, 32.7946793], [-96.7924024, 32.7948128], [-96.7923878, 32.7954164], [-96.7924425, 32.7961163]]}, "properties": {"class": "secondary"}}, {"type": "Feature", "geometry": {"type": "LineString", "coordinates": [[-96.7927831, 32.7791193], [-96.7927052, 32.7790553], [-96.7922355, 32.7786594]]}, "properties": {"class": "secondary"}}, {"type": "Feature", "geometry": {"type": "LineString", "coordinates": [[-96.8114624, 32.7841557], [-96.8115615, 32.7841147], [-96.8116407, 32.7840983], [-96.8117301, 32.7840862]]}, "properties": {"class": "secondary"}}, {"type": "Feature", "geometry": {"type": "LineString", "coordinates": [[-96.7914973, 32.7883787], [-96.7915127, 32.7884647], [-96.7915888, 32.7888948]]}, "properties": {"class": "primary"}}, {"type": "Feature", "geometry": {"type": "LineString", "coordinates": [[-96.7796145, 32.7591718], [-96.779592, 32.7592343], [-96.7795407, 32.7593403], [-96.7794877, 32.759442], [-96.7794061, 32.7595612], [-96.7793341, 32.7596557], [-96.7792705, 32.75972], [-96.7789499, 32.7600192], [-96.7785818, 32.7603297], [-96.778207, 32.7606455], [-96.7781946, 32.7607244]]}, "properties": {"class": "secondary"}}, {"type": "Feature", "geometry": {"type": "LineString", "coordinates": [[-96.7913922, 32.7881884], [-96.7910714, 32.7878844], [-96.7909861, 32.7878053], [-96.7907487, 32.7876039], [-96.7906558, 32.787525]]}, "properties": {"class": "secondary"}}, {"type": "Feature", "geometry": {"type": "LineString", "coordinates": [[-96.8084303, 32.7809987], [-96.8083544, 32.7810176], [-96.8082611, 32.7810423], [-96.8078093, 32.7811619], [-96.8077589, 32.7811747], [-96.8077237, 32.7811846], [-96.8076409, 32.781206]]}, "properties": {"class": "secondary"}}, {"type": "Feature", "geometry": {"type": "LineString", "coordinates": [[-96.7934309, 32.7914501], [-96.7934, 32.7916057], [-96.7933598, 32.7917105], [-96.7932767, 32.7918537]]}, "properties": {"class": "secondary"}}, {"type": "Feature", "geometry": {"type": "LineString", "coordinates": [[-96.7897991, 32.7818453], [-96.7884209, 32.7821322], [-96.7866189, 32.7825073], [-96.7865389, 32.782524]]}, "properties": {"class": "secondary"}}, {"type": "Feature", "geometry": {"type": "LineString", "coordinates": [[-96.7987312, 32.7889908], [-96.7988036, 32.7890646], [-96.799481, 32.789792], [-96.7995246, 32.7898397]]}, "properties": {"class": "secondary"}}, {"type": "Feature", "geometry": {"type": "LineString", "coordinates": [[-96.8114218, 32.7839776], [-96.8113043, 32.7840021], [-96.8112552, 32.7840195], [-96.8111306, 32.7840799], [-96.8109883, 32.7841323], [-96.8108385, 32.7841706], [-96.810684, 32.784205], [-96.8106406, 32.7842143], [-96.8104951, 32.7842471], [-96.8099748, 32.7843624], [-96.8098933, 32.7843764], [-96.809809, 32.7843835], [-96.80977, 32.7843843], [-96.8097302, 32.7843852], [-96.8095972, 32.7843876]]}, "properties": {"class": "secondary"}}, {"type": "Feature", "geometry": {"type": "LineString", "coordinates": [[-96.7930338, 32.7921138], [-96.793011, 32.7919683], [-96.7929937, 32.791839], [-96.7929883, 32.7917928], [-96.7928208, 32.7906524], [-96.792763, 32.7904751], [-96.7926504, 32.7902747], [-96.7924564, 32.790057], [-96.7923513, 32.7898421], [-96.7922615, 32.7897353]]}, "properties": {"class": "secondary"}}, {"type": "Feature", "geometry": {"type": "LineString", "coordinates": [[-96.8007171, 32.7795356], [-96.8006427, 32.7795514], [-96.7993792, 32.7798239], [-96.7993189, 32.7798371], [-96.7992656, 32.779848], [-96.7987449, 32.7799608], [-96.7986624, 32.779978], [-96.7986222, 32.7799866], [-96.7985397, 32.7800045]]}, "properties": {"class": "secondary"}}, {"type": "Feature", "geometry": {"type": "LineString", "coordinates": [[-96.7918542, 32.7829742], [-96.7919637, 32.7829504], [-96.7920385, 32.7829336], [-96.7921968, 32.7828997], [-96.7923664, 32.7828642], [-96.792457, 32.782843]]}, "properties": {"class": "secondary"}}, {"type": "Feature", "geometry": {"type": "LineString", "coordinates": [[-96.7924858, 32.7887724], [-96.7926405, 32.7888482], [-96.7928114, 32.7889641], [-96.7928413, 32.7889869], [-96.7928762, 32.7890131], [-96.7928936, 32.7890263], [-96.79302, 32.7891233], [-96.79371, 32.7897081], [-96.793744, 32.7897364], [-96.7938243, 32.7897645], [-96.7938989, 32.7897905]]}, "properties": {"class": "tertiary"}}, {"type": "Feature", "geometry": {"type": "LineString", "coordinates": [[-96.8177469, 32.7974461], [-96.817584, 32.797358], [-96.8172892, 32.7971986], [-96.8171396, 32.7971177], [-96.817044, 32.797066], [-96.816755, 32.796889], [-96.816615, 32.796802], [-96.8163993, 32.7966228], [-96.816249, 32.796498], [-96.816139, 32.796396], [-96.816095, 32.796346]]}, "properties": {"class": "secondary"}}, {"type": "Feature", "geometry": {"type": "LineString", "coordinates": [[-96.7968625, 32.7873139], [-96.7967924, 32.7872552], [-96.7966979, 32.787176], [-96.7965875, 32.7870833], [-96.7959932, 32.7865963], [-96.795675, 32.786337]]}, "properties": {"class": "secondary"}}, {"type": "Feature", "geometry": {"type": "LineString", "coordinates": [[-96.79126, 32.7778365], [-96.7911883, 32.7777745], [-96.790974, 32.7775894]]}, "properties": {"class": "secondary"}}, {"type": "Feature", "geometry": {"type": "LineString", "coordinates": [[-96.822097, 32.793777], [-96.8220522, 32.7938391], [-96.8219991, 32.7939126], [-96.8218405, 32.7941325], [-96.8216282, 32.7944268], [-96.8215978, 32.7944689], [-96.8213048, 32.7948752], [-96.8212631, 32.7949329], [-96.821086, 32.7951785], [-96.8210113, 32.7952821], [-96.8209617, 32.7953508], [-96.8209208, 32.7954075], [-96.8207477, 32.7956475], [-96.8206356, 32.7958029], [-96.8204909, 32.7960035], [-96.8204281, 32.7960906]]}, "properties": {"class": "secondary"}}, {"type": "Feature", "geometry": {"type": "LineString", "coordinates": [[-96.77286, 32.7839242], [-96.7726215, 32.7838627], [-96.7722964, 32.7837624], [-96.7722062, 32.7837373], [-96.7717896, 32.7836211], [-96.7714734, 32.7835329], [-96.7713663, 32.783503], [-96.7708438, 32.7833596], [-96.7705981, 32.7832922], [-96.7699922, 32.7831259]]}, "properties": {"class": "secondary"}}, {"type": "Feature", "geometry": {"type": "LineString", "coordinates": [[-96.8134314, 32.783792], [-96.8131046, 32.7838057], [-96.8129927, 32.7838109]]}, "properties": {"class": "secondary"}}, {"type": "Feature", "geometry": {"type": "LineString", "coordinates": [[-96.7923877, 32.7929978], [-96.7924492, 32.7935787]]}, "properties": {"class": "motorway"}}, {"type": "Feature", "geometry": {"type": "LineString", "coordinates": [[-96.7783659, 32.7832577], [-96.778276, 32.7832767], [-96.7776663, 32.7834057], [-96.777356, 32.7834714], [-96.7770439, 32.7835332], [-96.776012, 32.7837373], [-96.7756864, 32.7837936], [-96.7754604, 32.7838167], [-96.7753974, 32.7838218], [-96.7753095, 32.783829], [-96.775261, 32.783833]]}, "properties": {"class": "secondary"}}, {"type": "Feature", "geometry": {"type": "LineString", "coordinates": [[-96.7878613, 32.781392], [-96.7876212, 32.7815115], [-96.7873838, 32.7816006], [-96.7872269, 32.7816434], [-96.7870794, 32.7816491], [-96.7868139, 32.7816299], [-96.7866791, 32.7816254], [-96.7866228, 32.781626], [-96.7864821, 32.7816321]]}, "properties": {"class": "secondary"}}, {"type": "Feature", "geometry": {"type": "LineString", "coordinates": [[-96.7864992, 32.7818014], [-96.7866363, 32.7817972], [-96.7867271, 32.7817944], [-96.7869775, 32.7817776], [-96.7872417, 32.7817415], [-96.7873838, 32.78171], [-96.7874992, 32.7816626], [-96.7876641, 32.7815532], [-96.7878613, 32.781392]]}, "properties": {"class": "secondary"}}, {"type": "Feature", "geometry": {"type": "LineString", "coordinates": [[-96.7826136, 32.779456], [-96.7815404, 32.7782128], [-96.7807323, 32.7772573], [-96.7798975, 32.7762643], [-96.7792652, 32.7755229], [-96.779119, 32.7753419], [-96.7789829, 32.7751615], [-96.7788558, 32.7749724], [-96.7787642, 32.7748144]]}, "properties": {"class": "motorway"}}, {"type": "Feature", "geometry": {"type": "LineString", "coordinates": [[-96.8063349, 32.7934835], [-96.8072927, 32.7942979], [-96.807504, 32.7944778], [-96.8075455, 32.7945132]]}, "properties": {"class": "secondary"}}, {"type": "Feature", "geometry": {"type": "LineString", "coordinates": [[-96.7961724, 32.7828634], [-96.7960549, 32.7828885], [-96.7947484, 32.7831677], [-96.7946228, 32.7831958]]}, "properties": {"class": "tertiary"}}, {"type": "Feature", "geometry": {"type": "LineString", "coordinates": [[-96.7943064, 32.7832635], [-96.7942109, 32.7832851], [-96.7939773, 32.7833337], [-96.7936819, 32.7833967], [-96.7935931, 32.7834154]]}, "properties": {"class": "tertiary"}}, {"type": "Feature", "geometry": {"type": "LineString", "coordinates": [[-96.799703, 32.772377], [-96.7997864, 32.7723105], [-96.7998217, 32.7722808], [-96.800088, 32.772053], [-96.8001176, 32.7720281], [-96.8003038, 32.7718716]]}, "properties": {"class": "secondary"}}, {"type": "Feature", "geometry": {"type": "LineString", "coordinates": [[-96.8004247, 32.7889831], [-96.8006518, 32.7891626]]}, "properties": {"class": "secondary"}}, {"type": "Feature", "geometry": {"type": "LineString", "coordinates": [[-96.803639, 32.788201], [-96.8037141, 32.7882668], [-96.8041248, 32.7886013], [-96.8041606, 32.7886304], [-96.8042335, 32.7886897]]}, "properties": {"class": "secondary"}}, {"type": "Feature", "geometry": {"type": "LineString", "coordinates": [[-96.770705, 32.7885825], [-96.7707633, 32.788535], [-96.7710878, 32.7882702], [-96.7711573, 32.7882129], [-96.7717457, 32.7877275], [-96.7717982, 32.787685], [-96.771858, 32.7876354], [-96.7719627, 32.7875486], [-96.7720175, 32.7875064], [-96.7721022, 32.7874355], [-96.7726391, 32.7869831], [-96.7728333, 32.786799], [-96.7729637, 32.7866554], [-96.7730085, 32.7866059]]}, "properties": {"class": "secondary"}}, {"type": "Feature", "geometry": {"type": "LineString", "coordinates": [[-96.7912301, 32.7843587], [-96.7910464, 32.7842085], [-96.7908573, 32.7840653], [-96.7906602, 32.7839323], [-96.7903785, 32.7837722], [-96.7899923, 32.7835816], [-96.7888427, 32.7830905], [-96.7880618, 32.7827509], [-96.7875807, 32.7825425], [-96.7868391, 32.7822257], [-96.7863791, 32.7820238], [-96.7854526, 32.7816254], [-96.7851053, 32.7814664], [-96.7847432, 32.7812894], [-96.7844495, 32.7811281], [-96.7842456, 32.7809985], [-96.7839654, 32.7808046], [-96.7837441, 32.7806298], [-96.7835255, 32.7804359], [-96.7832972, 32.7802153], [-96.7829485, 32.7798398], [-96.7826136, 32.779456]]}, "properties": {"class": "motorway"}}, {"type": "Feature", "geometry": {"type": "LineString", "coordinates": [[-96.7928006, 32.7928807], [-96.7926973, 32.7919901], [-96.792527, 32.7902584]]}, "properties": {"class": "motorway"}}, {"type": "Feature", "geometry": {"type": "LineString", "coordinates": [[-96.8089591, 32.7772997], [-96.8091171, 32.7772861], [-96.8092896, 32.7772492], [-96.8094118, 32.7772078], [-96.8095064, 32.777169], [-96.8095819, 32.7771273], [-96.8096932, 32.7770518], [-96.8098078, 32.7769418], [-96.8099073, 32.7768213], [-96.8099646, 32.7767252], [-96.8100187, 32.7766105], [-96.8100946, 32.7764247], [-96.8101349, 32.7762915], [-96.810157, 32.7761539], [-96.8101691, 32.7759442], [-96.810164, 32.775801], [-96.810142, 32.7756463], [-96.8101146, 32.7755435]]}, "properties": {"class": "tertiary"}}, {"type": "Feature", "geometry": {"type": "LineString", "coordinates": [[-96.8097516, 32.7785449], [-96.8099042, 32.7785119]]}, "properties": {"class": "secondary"}}, {"type": "Feature", "geometry": {"type": "LineString", "coordinates": [[-96.8096318, 32.7783457], [-96.809207, 32.7784041]]}, "properties": {"class": "secondary"}}, {"type": "Feature", "geometry": {"type": "LineString", "coordinates": [[-96.8096869, 32.7784301], [-96.8098645, 32.7783922], [-96.8099798, 32.7783616], [-96.8100956, 32.778323], [-96.8102089, 32.778281], [-96.8103137, 32.778235]]}, "properties": {"class": "secondary"}}, {"type": "Feature", "geometry": {"type": "LineString", "coordinates": [[-96.8092795, 32.778515], [-96.8096869, 32.7784301]]}, "properties": {"class": "secondary"}}, {"type": "Feature", "geometry": {"type": "LineString", "coordinates": [[-96.809207, 32.7784041], [-96.8090757, 32.7784243], [-96.8089548, 32.7784385], [-96.8088303, 32.7784412], [-96.8087056, 32.7784336], [-96.8085824, 32.7784135], [-96.8084569, 32.7783816], [-96.8083343, 32.7783366], [-96.8082229, 32.7782839], [-96.8081173, 32.7782275], [-96.8079945, 32.778179], [-96.8078777, 32.7781456], [-96.8077546, 32.7781172], [-96.8076072, 32.7780901]]}, "properties": {"class": "secondary"}}, {"type": "Feature", "geometry": {"type": "LineString", "coordinates": [[-96.8084872, 32.7772215], [-96.8086845, 32.7772809], [-96.808827, 32.7773001], [-96.8089591, 32.7772997]]}, "properties": {"class": "tertiary"}}, {"type": "Feature", "geometry": {"type": "LineString", "coordinates": [[-96.8093575, 32.7786362], [-96.8097516, 32.7785449]]}, "properties": {"class": "secondary"}}, {"type": "Feature", "geometry": {"type": "LineString", "coordinates": [[-96.8009464, 32.7733624], [-96.8010079, 32.7734096], [-96.8010648, 32.7734532], [-96.8011223, 32.7735011], [-96.8012118, 32.7736438]]}, "properties": {"class": "secondary"}}, {"type": "Feature", "geometry": {"type": "LineString", "coordinates": [[-96.7998001, 32.7727821], [-96.7994547, 32.7726649], [-96.7993615, 32.7726333], [-96.7992897, 32.7726072], [-96.7992577, 32.7725951]]}, "properties": {"class": "secondary"}}, {"type": "Feature", "geometry": {"type": "LineString", "coordinates": [[-96.8152117, 32.7948839], [-96.8152115, 32.7947779], [-96.8152148, 32.7947154], [-96.8152269, 32.7946229], [-96.8152488, 32.7944925], [-96.8152647, 32.7944297]]}, "properties": {"class": "secondary"}}, {"type": "Feature", "geometry": {"type": "LineString", "coordinates": [[-96.7918654, 32.7977536], [-96.7920546, 32.797908], [-96.7921104, 32.7979514]]}, "properties": {"class": "tertiary"}}, {"type": "Feature", "geometry": {"type": "LineString", "coordinates": [[-96.7919463, 32.7930307], [-96.7918807, 32.7930877], [-96.791814, 32.7931456], [-96.7915191, 32.7934016]]}, "properties": {"class": "secondary"}}, {"type": "Feature", "geometry": {"type": "LineString", "coordinates": [[-96.7922211, 32.7980429], [-96.7922707, 32.7981294], [-96.7923747, 32.7982414]]}, "properties": {"class": "tertiary"}}, {"type": "Feature", "geometry": {"type": "LineString", "coordinates": [[-96.7915191, 32.7934016], [-96.7913538, 32.7935387], [-96.7913369, 32.7935527], [-96.7912627, 32.7936142]]}, "properties": {"class": "secondary"}}, {"type": "Feature", "geometry": {"type": "LineString", "coordinates": [[-96.7774781, 32.7666907], [-96.7774072, 32.7665881], [-96.7771812, 32.7664153], [-96.776945, 32.7662163], [-96.776838, 32.7661366], [-96.7765455, 32.7659266], [-96.7762029, 32.7657222], [-96.7759617, 32.7655737], [-96.7757195, 32.7654466], [-96.7753991, 32.7652687], [-96.7751829, 32.7651445], [-96.7749988, 32.7650113], [-96.7745014, 32.7645265], [-96.774317, 32.7643434], [-96.7741676, 32.7641971]]}, "properties": {"class": "primary"}}, {"type": "Feature", "geometry": {"type": "LineString", "coordinates": [[-96.7878877, 32.7772788], [-96.787978, 32.776843], [-96.787989, 32.7766859], [-96.7879769, 32.7765946]]}, "properties": {"class": "primary"}}, {"type": "Feature", "geometry": {"type": "LineString", "coordinates": [[-96.7874177, 32.7773658], [-96.7875343, 32.7775259]]}, "properties": {"class": "primary"}}, {"type": "Feature", "geometry": {"type": "LineString", "coordinates": [[-96.7921863, 32.7883407], [-96.792136, 32.788176], [-96.7921328, 32.7881272], [-96.7921305, 32.7880906], [-96.7921262, 32.7880242], [-96.7920602, 32.7871594]]}, "properties": {"class": "primary"}}, {"type": "Feature", "geometry": {"type": "LineString", "coordinates": [[-96.7914608, 32.7875007], [-96.79145, 32.7877708], [-96.7914458, 32.7879148], [-96.7914481, 32.7879611], [-96.7914619, 32.788124], [-96.79147, 32.7882263]]}, "properties": {"class": "primary"}}, {"type": "Feature", "geometry": {"type": "LineString", "coordinates": [[-96.7918027, 32.7804688], [-96.7917368, 32.7803936], [-96.7914645, 32.7800901]]}, "properties": {"class": "secondary"}}, {"type": "Feature", "geometry": {"type": "LineString", "coordinates": [[-96.8174692, 32.8007594], [-96.8171454, 32.8003541]]}, "properties": {"class": "primary"}}, {"type": "Feature", "geometry": {"type": "LineString", "coordinates": [[-96.8184792, 32.7986726], [-96.8184278, 32.7987519]]}, "properties": {"class": "secondary"}}, {"type": "Feature", "geometry": {"type": "LineString", "coordinates": [[-96.813283, 32.7710874], [-96.8128321, 32.7711525], [-96.8124643, 32.7711664], [-96.8121449, 32.7711583], [-96.8118057, 32.7711381], [-96.8113886, 32.7710861], [-96.8110237, 32.7710001], [-96.8106778, 32.7709035], [-96.8103669, 32.7707793], [-96.8100461, 32.770617]]}, "properties": {"class": "motorway"}}, {"type": "Feature", "geometry": {"type": "LineString", "coordinates": [[-96.7924505, 32.7889788], [-96.7923687, 32.787565], [-96.7923365, 32.7868242], [-96.7923057, 32.7864364], [-96.7922762, 32.7861827], [-96.7922252, 32.7859178], [-96.7921837, 32.7857532], [-96.7921327, 32.7855807], [-96.7920764, 32.7854284], [-96.7919208, 32.7851319]]}, "properties": {"class": "motorway"}}, {"type": "Feature", "geometry": {"type": "LineString", "coordinates": [[-96.7787642, 32.7748144], [-96.7786885, 32.7746766], [-96.7785866, 32.7744523], [-96.7785121, 32.7742492], [-96.7784488, 32.7740434], [-96.7783965, 32.7738326], [-96.7783524, 32.7735924], [-96.7783324, 32.7733765], [-96.778326, 32.7731539], [-96.7783325, 32.7721592]]}, "properties": {"class": "motorway"}}, {"type": "Feature", "geometry": {"type": "LineString", "coordinates": [[-96.7903126, 32.7839949], [-96.7904114, 32.7840629], [-96.7905072, 32.7841356], [-96.7906046, 32.7842156], [-96.7906931, 32.7842935], [-96.7907789, 32.7843741], [-96.790862, 32.7844576], [-96.7909479, 32.7845509], [-96.7910224, 32.7846406], [-96.7910993, 32.7847362], [-96.7911635, 32.784824], [-96.7912286, 32.7849206], [-96.7912868, 32.7850152], [-96.7913373, 32.7851034], [-96.7913896, 32.7852049], [-96.7914363, 32.7853042], [-96.79148, 32.7854079], [-96.7915194, 32.7855152], [-96.7915546, 32.7856227], [-96.7915852, 32.7857289], [-96.7916112, 32.7858389], [-96.7916329, 32.7859484], [-96.7916464, 32.7860297], [-96.7916607, 32.7861381], [-96.7916722, 32.7862471], [-96.791682, 32.7863537], [-96.791689, 32.7864692]]}, "properties": {"class": "motorway"}}, {"type": "Feature", "geometry": {"type": "LineString", "coordinates": [[-96.777419, 32.7691815], [-96.7776342, 32.7698177], [-96.7777244, 32.770076], [-96.7777972, 32.7702835], [-96.7778335, 32.770393], [-96.7778644, 32.7704909], [-96.7778962, 32.7705976], [-96.7779259, 32.7707043], [-96.777955, 32.7708144], [-96.7779817, 32.770925], [-96.7780056, 32.7710306], [-96.778028, 32.7711367], [-96.7780492, 32.771247], [-96.7780684, 32.771357], [-96.7780843, 32.7714645], [-96.7781002, 32.7715737], [-96.7781138, 32.7716862], [-96.7781255, 32.7717933], [-96.7781359, 32.771908], [-96.778143, 32.7720153], [-96.778149, 32.7721239], [-96.7781534, 32.7722422], [-96.7781554, 32.7723548], [-96.7781558, 32.7724602], [-96.7781559, 32.7725671], [-96.7781539, 32.7727877], [-96.7781539, 32.7730133], [-96.7781552, 32.7731228], [-96.7781581, 32.773235], [-96.7781622, 32.7733472], [-96.7781692, 32.7734542], [-96.7781793, 32.7735591], [-96.7781936, 32.773675], [-96.7782101, 32.7737868], [-96.7782304, 32.7738937], [-96.7782533, 32.7739966]]}, "properties": {"class": "motorway"}}, {"type": "Feature", "geometry": {"type": "LineString", "coordinates": [[-96.7781524, 32.7707686], [-96.7780001, 32.7703149], [-96.7778476, 32.7698859], [-96.7776467, 32.7693118], [-96.7772595, 32.7682747], [-96.7768935, 32.7672878], [-96.7766503, 32.7666006], [-96.7762785, 32.7655455], [-96.7759989, 32.7647588], [-96.7755566, 32.7635268]]}, "properties": {"class": "motorway"}}, {"type": "Feature", "geometry": {"type": "LineString", "coordinates": [[-96.7919208, 32.7851319], [-96.7914793, 32.7846092], [-96.7912301, 32.7843587]]}, "properties": {"class": "motorway"}}, {"type": "Feature", "geometry": {"type": "LineString", "coordinates": [[-96.7924492, 32.7935787], [-96.7925767, 32.7940194]]}, "properties": {"class": "motorway"}}, {"type": "Feature", "geometry": {"type": "LineString", "coordinates": [[-96.792527, 32.7902584], [-96.7924747, 32.7894433], [-96.7924505, 32.7889788]]}, "properties": {"class": "motorway"}}, {"type": "Feature", "geometry": {"type": "LineString", "coordinates": [[-96.7920213, 32.7908461], [-96.7921028, 32.7912779], [-96.7921451, 32.7914869], [-96.792188, 32.7917047], [-96.7922313, 32.7919264], [-96.7922707, 32.7921412], [-96.7923032, 32.7923568], [-96.7923349, 32.7925786], [-96.7923643, 32.7927996], [-96.7923877, 32.7929978]]}, "properties": {"class": "motorway"}}, {"type": "Feature", "geometry": {"type": "LineString", "coordinates": [[-96.7793089, 32.7758544], [-96.7824895, 32.7795571]]}, "properties": {"class": "motorway"}}, {"type": "Feature", "geometry": {"type": "LineString", "coordinates": [[-96.791689, 32.7864692], [-96.7918583, 32.7895352], [-96.791866, 32.7896407], [-96.7918748, 32.7897502], [-96.7918859, 32.789863], [-96.791898, 32.7899737], [-96.7919095, 32.7900794], [-96.7919227, 32.7901877], [-96.7919366, 32.790296], [-96.791952, 32.790411], [-96.7919676, 32.7905186], [-96.7919838, 32.7906236], [-96.7920031, 32.7907422], [-96.7920213, 32.7908461]]}, "properties": {"class": "motorway"}}, {"type": "Feature", "geometry": {"type": "LineString", "coordinates": [[-96.7926615, 32.7935991], [-96.792653, 32.7935448], [-96.7926021, 32.7929991]]}, "properties": {"class": "primary"}}, {"type": "Feature", "geometry": {"type": "LineString", "coordinates": [[-96.7923482, 32.7912088], [-96.7923674, 32.7913227], [-96.7924532, 32.7921051]]}, "properties": {"class": "primary"}}, {"type": "Feature", "geometry": {"type": "LineString", "coordinates": [[-96.811936, 32.7807473], [-96.8119508, 32.7801639], [-96.8119901, 32.7794012], [-96.8120463, 32.7787866], [-96.8120819, 32.7783637], [-96.8121153, 32.7779345], [-96.8121591, 32.7773328]]}, "properties": {"class": "motorway"}}, {"type": "Feature", "geometry": {"type": "LineString", "coordinates": [[-96.8109647, 32.7713387], [-96.8107188, 32.7710321], [-96.8102955, 32.7706306], [-96.8100019, 32.7704118], [-96.8096867, 32.7702167], [-96.808685, 32.7696664], [-96.8077287, 32.7691296], [-96.8068541, 32.7686199]]}, "properties": {"class": "motorway"}}, {"type": "Feature", "geometry": {"type": "LineString", "coordinates": [[-96.8120641, 32.776262], [-96.8119009, 32.7755528]]}, "properties": {"class": "motorway"}}, {"type": "Feature", "geometry": {"type": "LineString", "coordinates": [[-96.8125652, 32.7868406], [-96.8123972, 32.7862775], [-96.8122981, 32.7858885], [-96.8121854, 32.785242], [-96.8121309, 32.7846664], [-96.812078, 32.7841999]]}, "properties": {"class": "motorway"}}, {"type": "Feature", "geometry": {"type": "LineString", "coordinates": [[-96.8132599, 32.7891179], [-96.8129849, 32.7882073]]}, "properties": {"class": "motorway"}}, {"type": "Feature", "geometry": {"type": "LineString", "coordinates": [[-96.8089343, 32.7703159], [-96.8093098, 32.7705493], [-96.8098852, 32.7708538]]}, "properties": {"class": "motorway"}}, {"type": "Feature", "geometry": {"type": "LineString", "coordinates": [[-96.8131878, 32.7897476], [-96.814078, 32.792814], [-96.8143372, 32.7935727]]}, "properties": {"class": "motorway"}}, {"type": "Feature", "geometry": {"type": "LineString", "coordinates": [[-96.8147252, 32.7948332], [-96.8148211, 32.7950846]]}, "properties": {"class": "motorway"}}, {"type": "Feature", "geometry": {"type": "LineString", "coordinates": [[-96.8112611, 32.7773729], [-96.8113524, 32.7779185], [-96.8114444, 32.7784911]]}, "properties": {"class": "motorway"}}, {"type": "Feature", "geometry": {"type": "LineString", "coordinates": [[-96.8111465, 32.7761346], [-96.8112365, 32.7770852]]}, "properties": {"class": "motorway"}}, {"type": "Feature", "geometry": {"type": "LineString", "coordinates": [[-96.8106483, 32.7727661], [-96.8106828, 32.7730018], [-96.8107619, 32.7734882], [-96.8108478, 32.7741246], [-96.8109175, 32.7746381]]}, "properties": {"class": "motorway"}}, {"type": "Feature", "geometry": {"type": "LineString", "coordinates": [[-96.8116411, 32.7817205], [-96.811668, 32.782336], [-96.811677, 32.782725], [-96.811711, 32.783118], [-96.8117809, 32.7837866]]}, "properties": {"class": "motorway"}}, {"type": "Feature", "geometry": {"type": "LineString", "coordinates": [[-96.812065, 32.7859245], [-96.8121837, 32.786433], [-96.812339, 32.786982], [-96.812487, 32.787477], [-96.8127661, 32.7884535]]}, "properties": {"class": "motorway"}}, {"type": "Feature", "geometry": {"type": "LineString", "coordinates": [[-96.7977802, 32.7927409], [-96.7981081, 32.7925105]]}, "properties": {"class": "motorway"}}, {"type": "Feature", "geometry": {"type": "LineString", "coordinates": [[-96.8069597, 32.7848035], [-96.80679, 32.784961], [-96.806413, 32.785305], [-96.8049415, 32.7865005]]}, "properties": {"class": "motorway"}}, {"type": "Feature", "geometry": {"type": "LineString", "coordinates": [[-96.8100114, 32.7824851], [-96.8097441, 32.7826], [-96.8095138, 32.7827068], [-96.8092252, 32.7828671], [-96.8088731, 32.7831097], [-96.80842, 32.783448], [-96.8082941, 32.7835435]]}, "properties": {"class": "motorway"}}, {"type": "Feature", "geometry": {"type": "LineString", "coordinates": [[-96.7879468, 32.7746196], [-96.7876404, 32.774675], [-96.7872937, 32.7747567]]}, "properties": {"class": "motorway"}}, {"type": "Feature", "geometry": {"type": "LineString", "coordinates": [[-96.7823594, 32.7784538], [-96.7816995, 32.7790026], [-96.7814425, 32.779161], [-96.7811834, 32.7793128], [-96.7808465, 32.7794868], [-96.7804906, 32.7796385], [-96.7801028, 32.7797657], [-96.7797446, 32.7798635], [-96.7793643, 32.7799379], [-96.7790389, 32.7799837]]}, "properties": {"class": "motorway"}}, {"type": "Feature", "geometry": {"type": "LineString", "coordinates": [[-96.7921169, 32.774416], [-96.7935733, 32.7740157], [-96.7943887, 32.7738139], [-96.7955904, 32.7735365], [-96.797278, 32.773162], [-96.797682, 32.773045], [-96.797979, 32.772931], [-96.798517, 32.772712], [-96.798894, 32.772534], [-96.799069, 32.772427], [-96.799286, 32.772273], [-96.799876, 32.7718], [-96.800369, 32.771416], [-96.8015523, 32.7704573]]}, "properties": {"class": "motorway"}}, {"type": "Feature", "geometry": {"type": "LineString", "coordinates": [[-96.7825546, 32.7786194], [-96.7833501, 32.7780051], [-96.7843007, 32.7772641], [-96.7844256, 32.7771726]]}, "properties": {"class": "motorway"}}, {"type": "Feature", "geometry": {"type": "LineString", "coordinates": [[-96.7847487, 32.7769444], [-96.785685, 32.77626], [-96.786109, 32.776002], [-96.7872459, 32.7754907]]}, "properties": {"class": "motorway"}}, {"type": "Feature", "geometry": {"type": "LineString", "coordinates": [[-96.7843293, 32.7765116], [-96.7836485, 32.7771748]]}, "properties": {"class": "motorway"}}, {"type": "Feature", "geometry": {"type": "LineString", "coordinates": [[-96.776882, 32.7802615], [-96.7775942, 32.7802012], [-96.7782459, 32.7801443], [-96.7787985, 32.7800997], [-96.7791733, 32.7800591], [-96.7794308, 32.7800197], [-96.7797621, 32.7799537], [-96.7799961, 32.7798917], [-96.7802469, 32.7798161], [-96.7805037, 32.7797271], [-96.780733, 32.7796357], [-96.7809436, 32.7795405], [-96.7811756, 32.7794238], [-96.7813861, 32.7793042], [-96.7816181, 32.7791577], [-96.7818528, 32.7789885], [-96.7822471, 32.7786773], [-96.7829271, 32.7781124], [-96.7831457, 32.7779399], [-96.7834116, 32.7777501]]}, "properties": {"class": "motorway"}}, {"type": "Feature", "geometry": {"type": "LineString", "coordinates": [[-96.776937, 32.7803015], [-96.7759848, 32.7803833], [-96.7752761, 32.7804459], [-96.7747698, 32.7804876], [-96.7739551, 32.780553], [-96.7733771, 32.7806054], [-96.7731223, 32.780637], [-96.7728695, 32.7806753], [-96.7726381, 32.7807227], [-96.7724591, 32.7807644], [-96.7722452, 32.7808242], [-96.7720681, 32.7808794], [-96.7718992, 32.7809437], [-96.7717114, 32.7810209], [-96.7715451, 32.7810953], [-96.7713761, 32.7811793], [-96.7712373, 32.7812554], [-96.7710784, 32.7813501], [-96.7709175, 32.7814528], [-96.7707492, 32.7815717], [-96.7706204, 32.7816737], [-96.7704903, 32.7817786], [-96.7703589, 32.7818981], [-96.7701926, 32.7820605], [-96.7700712, 32.7821947], [-96.7699479, 32.7823474], [-96.7697715, 32.7825921], [-96.7696488, 32.7827866], [-96.7694993, 32.7830335], [-96.7693222, 32.7833396], [-96.7689501, 32.7839857], [-96.768708, 32.7844], [-96.7685967, 32.7845804], [-96.7684847, 32.7847558], [-96.7683506, 32.7849508], [-96.7681836, 32.7851774], [-96.7680375, 32.7853646], [-96.7678712, 32.7855625], [-96.7676847, 32.7857728], [-96.767552, 32.7859103], [-96.767389, 32.7860772]]}, "properties": {"class": "motorway"}}, {"type": "Feature", "geometry": {"type": "LineString", "coordinates": [[-96.773408, 32.759482], [-96.7733552, 32.7595275], [-96.7732409, 32.7596493], [-96.7728749, 32.759955], [-96.7724845, 32.7602791], [-96.7719523, 32.7607228]]}, "properties": {"class": "residential"}}, {"type": "Feature", "geometry": {"type": "LineString", "coordinates": [[-96.796521, 32.793894], [-96.7966031, 32.7939603], [-96.7967063, 32.794044], [-96.7969935, 32.7942797], [-96.7971306, 32.794395], [-96.7971695, 32.7944287], [-96.797222, 32.7944741], [-96.7973825, 32.7946131], [-96.7975984, 32.7947999], [-96.7976797, 32.7948703], [-96.7977512, 32.7949321], [-96.7983303, 32.7954342], [-96.798384, 32.7954799], [-96.7984343, 32.7955234]]}, "properties": {"class": "residential"}}, {"type": "Feature", "geometry": {"type": "LineString", "coordinates": [[-96.8215804, 32.7801194], [-96.8202353, 32.7805817], [-96.8197102, 32.7807509]]}, "properties": {"class": "motorway"}}, {"type": "Feature", "geometry": {"type": "LineString", "coordinates": [[-96.7895493, 32.79954], [-96.7893147, 32.7997376], [-96.7892356, 32.7997928], [-96.7890868, 32.7998594], [-96.7889708, 32.7999377], [-96.7889529, 32.7999514], [-96.7888877, 32.8000057], [-96.7888232, 32.8000476], [-96.7887348, 32.8000749]]}, "properties": {"class": "residential"}}, {"type": "Feature", "geometry": {"type": "LineString", "coordinates": [[-96.7882352, 32.8012328], [-96.7881889, 32.8012706], [-96.7875053, 32.8018278], [-96.7874695, 32.801857], [-96.7869718, 32.8022756], [-96.7868145, 32.8024038], [-96.7867604, 32.8024479], [-96.786694, 32.8025], [-96.7863324, 32.802795], [-96.7851394, 32.8037563], [-96.7850804, 32.8038044]]}, "properties": {"class": "residential"}}, {"type": "Feature", "geometry": {"type": "LineString", "coordinates": [[-96.8059715, 32.790927], [-96.805852, 32.790782], [-96.805777, 32.790668], [-96.805725, 32.790555], [-96.8056749, 32.7903455], [-96.8056676, 32.7903148], [-96.8056586, 32.7902841], [-96.8056496, 32.7902371]]}, "properties": {"class": "secondary"}}, {"type": "Feature", "geometry": {"type": "LineString", "coordinates": [[-96.7923349, 32.7903787], [-96.7922721, 32.7898283]]}, "properties": {"class": "primary"}}, {"type": "Feature", "geometry": {"type": "LineString", "coordinates": [[-96.7929583, 32.7889429], [-96.7928892, 32.7888943], [-96.7928399, 32.7888577], [-96.792834, 32.7888533], [-96.7927597, 32.7888049], [-96.7925596, 32.7886933], [-96.7923282, 32.7885654], [-96.7923069, 32.7885564], [-96.792195, 32.7885088]]}, "properties": {"class": "tertiary"}}, {"type": "Feature", "geometry": {"type": "LineString", "coordinates": [[-96.8080637, 32.7795692], [-96.8082297, 32.7794724], [-96.8083564, 32.7793792], [-96.8084466, 32.7792999], [-96.8085257, 32.7792176], [-96.8086052, 32.7791147], [-96.8086639, 32.7790345], [-96.8087508, 32.7789397], [-96.8088344, 32.7788659], [-96.8089336, 32.7787951], [-96.8090392, 32.7787406], [-96.8091535, 32.7786955], [-96.8093575, 32.7786362]]}, "properties": {"class": "secondary"}}, {"type": "Feature", "geometry": {"type": "LineString", "coordinates": [[-96.804519, 32.7803326], [-96.8046412, 32.780306], [-96.8048315, 32.7802645], [-96.8051601, 32.7801932], [-96.8053655, 32.7801485], [-96.8054246, 32.7801357], [-96.8055064, 32.7801186], [-96.8059314, 32.7800297], [-96.8062089, 32.7799716], [-96.806283, 32.7799561]]}, "properties": {"class": "secondary"}}, {"type": "Feature", "geometry": {"type": "LineString", "coordinates": [[-96.8053179, 32.7868158], [-96.8053851, 32.7868767], [-96.8058302, 32.7872799], [-96.805995, 32.787439], [-96.8060657, 32.7875139], [-96.806123, 32.787585], [-96.8061861, 32.7876829], [-96.8062197, 32.7877603]]}, "properties": {"class": "secondary"}}, {"type": "Feature", "geometry": {"type": "LineString", "coordinates": [[-96.8049, 32.786184], [-96.8048364, 32.7861281], [-96.8046972, 32.7859928]]}, "properties": {"class": "secondary"}}, {"type": "Feature", "geometry": {"type": "LineString", "coordinates": [[-96.8036188, 32.7772917], [-96.8036447, 32.7773794], [-96.8036599, 32.7774307], [-96.8037571, 32.777759], [-96.8038325, 32.7780139], [-96.8038584, 32.7781016]]}, "properties": {"class": "secondary"}}, {"type": "Feature", "geometry": {"type": "LineString", "coordinates": [[-96.7741055, 32.7849241], [-96.774193, 32.784991], [-96.7743143, 32.7850837], [-96.7744423, 32.7851816]]}, "properties": {"class": "secondary"}}, {"type": "Feature", "geometry": {"type": "LineString", "coordinates": [[-96.8134347, 32.7767561], [-96.8134364, 32.7766761], [-96.8134416, 32.7764367], [-96.8134512, 32.7755233], [-96.8134552, 32.7751366], [-96.8134457, 32.7749361]]}, "properties": {"class": "secondary"}}, {"type": "Feature", "geometry": {"type": "LineString", "coordinates": [[-96.8113834, 32.752021], [-96.8115204, 32.751698], [-96.8116845, 32.7513114], [-96.811722, 32.7512229]]}, "properties": {"class": "secondary"}}, {"type": "Feature", "geometry": {"type": "LineString", "coordinates": [[-96.8141816, 32.7600152], [-96.8141885, 32.7602264], [-96.8141876, 32.7609783]]}, "properties": {"class": "residential"}}, {"type": "Feature", "geometry": {"type": "LineString", "coordinates": [[-96.8011528, 32.7934651], [-96.8011601, 32.7935642], [-96.8011711, 32.7936348], [-96.8012001, 32.7936981], [-96.801247, 32.7937445], [-96.8015438, 32.7939932]]}, "properties": {"class": "residential"}}, {"type": "Feature", "geometry": {"type": "LineString", "coordinates": [[-96.8109164, 32.8011497], [-96.8109972, 32.8012266], [-96.8110751, 32.8012989], [-96.8111513, 32.8013708], [-96.8118006, 32.8019556], [-96.8118449, 32.8019956], [-96.8119371, 32.8020789], [-96.8121641, 32.8022783], [-96.8123816, 32.8024694], [-96.8124813, 32.802557], [-96.8126314, 32.8026903], [-96.8128202, 32.8028548], [-96.8129302, 32.8029514], [-96.81296, 32.8029776], [-96.8132632, 32.8032395], [-96.8133123, 32.8032838], [-96.8136069, 32.8035218], [-96.8137201, 32.8036205]]}, "properties": {"class": "secondary"}}, {"type": "Feature", "geometry": {"type": "LineString", "coordinates": [[-96.8169247, 32.8014166], [-96.8169335, 32.8013552], [-96.8169845, 32.8011229], [-96.8170651, 32.8009427], [-96.8171749, 32.8007487], [-96.8180467, 32.7995662]]}, "properties": {"class": "secondary"}}, {"type": "Feature", "geometry": {"type": "LineString", "coordinates": [[-96.797882, 32.7929983], [-96.797409, 32.7926788], [-96.7972758, 32.7925889]]}, "properties": {"class": "secondary"}}, {"type": "Feature", "geometry": {"type": "LineString", "coordinates": [[-96.8132374, 32.7769533], [-96.813434, 32.7769127]]}, "properties": {"class": "secondary"}}, {"type": "Feature", "geometry": {"type": "LineString", "coordinates": [[-96.775743, 32.7846696], [-96.7752639, 32.784773], [-96.7748457, 32.7848569]]}, "properties": {"class": "secondary"}}, {"type": "Feature", "geometry": {"type": "LineString", "coordinates": [[-96.7831083, 32.7866472], [-96.7830602, 32.7865255], [-96.7829911, 32.7863953], [-96.7829693, 32.7863314], [-96.7829547, 32.7862891], [-96.7828695, 32.7860148], [-96.7827755, 32.7857051], [-96.7827219, 32.7856355]]}, "properties": {"class": "tertiary"}}, {"type": "Feature", "geometry": {"type": "LineString", "coordinates": [[-96.8101146, 32.7755435], [-96.8100967, 32.7754019], [-96.8101047, 32.7753407], [-96.8101437, 32.7752889], [-96.8102208, 32.7752512], [-96.810361, 32.7752208], [-96.8104698, 32.7751962]]}, "properties": {"class": "tertiary"}}, {"type": "Feature", "geometry": {"type": "LineString", "coordinates": [[-96.8182465, 32.7811896], [-96.8175026, 32.7813412], [-96.8169097, 32.7814272], [-96.8125001, 32.7820364], [-96.8120657, 32.7821013], [-96.811023, 32.7822598], [-96.8106812, 32.7823159], [-96.8104358, 32.7823677], [-96.8102159, 32.7824219], [-96.8100114, 32.7824851]]}, "properties": {"class": "motorway"}}, {"type": "Feature", "geometry": {"type": "LineString", "coordinates": [[-96.7928558, 32.7976226], [-96.7929096, 32.798278], [-96.7929859, 32.7991331], [-96.7930056, 32.79947], [-96.7930195, 32.7997957], [-96.7930098, 32.8008793]]}, "properties": {"class": "motorway"}}, {"type": "Feature", "geometry": {"type": "LineString", "coordinates": [[-96.7931701, 32.8019569], [-96.7931723, 32.8017364], [-96.7931773, 32.8015152], [-96.7931845, 32.801294], [-96.7931926, 32.8010754], [-96.7932011, 32.800857], [-96.7932076, 32.8006397], [-96.793214, 32.8004154], [-96.7932159, 32.8001958], [-96.7932127, 32.7999752], [-96.7932068, 32.7997563], [-96.7931969, 32.799536], [-96.7931837, 32.7993175], [-96.7931329, 32.7985957]]}, "properties": {"class": "motorway"}}, {"type": "Feature", "geometry": {"type": "LineString", "coordinates": [[-96.7934672, 32.8029902], [-96.7934197, 32.8023749], [-96.7934158, 32.8019566], [-96.7934294, 32.8015789], [-96.7934309, 32.8015472], [-96.7934388, 32.8011222], [-96.7934545, 32.8007928], [-96.7934639, 32.8002317], [-96.7934577, 32.7998394]]}, "properties": {"class": "secondary"}}, {"type": "Feature", "geometry": {"type": "LineString", "coordinates": [[-96.7930708, 32.79695], [-96.7930745, 32.796691], [-96.7930762, 32.7964774], [-96.7930786, 32.7962594], [-96.7930829, 32.7960681], [-96.7930853, 32.7958208], [-96.7930838, 32.795716], [-96.7930803, 32.7955944], [-96.7930725, 32.7954634], [-96.7930638, 32.7953619], [-96.7930526, 32.7952605], [-96.7930366, 32.7951399], [-96.7930192, 32.7950353], [-96.7930025, 32.7949453]]}, "properties": {"class": "motorway"}}, {"type": "Feature", "geometry": {"type": "LineString", "coordinates": [[-96.7933343, 32.7949675], [-96.7932592, 32.7944624], [-96.7931989, 32.7939653], [-96.7931881, 32.7937714], [-96.7931989, 32.7932404], [-96.7931761, 32.7929867], [-96.7931439, 32.7927567]]}, "properties": {"class": "secondary"}}, {"type": "Feature", "geometry": {"type": "LineString", "coordinates": [[-96.799184, 32.7919522], [-96.799801, 32.791421], [-96.800151, 32.791133], [-96.800304, 32.791007], [-96.8004264, 32.7909167], [-96.8004552, 32.7908961], [-96.8005168, 32.790849]]}, "properties": {"class": "secondary"}}, {"type": "Feature", "geometry": {"type": "LineString", "coordinates": [[-96.7748841, 32.7604074], [-96.7748262, 32.760339], [-96.774536, 32.759996]]}, "properties": {"class": "secondary"}}, {"type": "Feature", "geometry": {"type": "LineString", "coordinates": [[-96.7767355, 32.7619926], [-96.7766315, 32.7619138], [-96.7762884, 32.7616136], [-96.7762201, 32.761555], [-96.7757806, 32.7611913]]}, "properties": {"class": "secondary"}}, {"type": "Feature", "geometry": {"type": "LineString", "coordinates": [[-96.772979, 32.7652238], [-96.7730936, 32.7653202], [-96.7733436, 32.7655303], [-96.7739908, 32.7660725], [-96.7745365, 32.7665335], [-96.7750837, 32.766991]]}, "properties": {"class": "residential"}}, {"type": "Feature", "geometry": {"type": "LineString", "coordinates": [[-96.7734814, 32.7642895], [-96.7736577, 32.7644488], [-96.7737988, 32.7645436]]}, "properties": {"class": "residential"}}, {"type": "Feature", "geometry": {"type": "LineString", "coordinates": [[-96.7748841, 32.7604074], [-96.774783, 32.760488]]}, "properties": {"class": "tertiary"}}, {"type": "Feature", "geometry": {"type": "LineString", "coordinates": [[-96.8084004, 32.7554905], [-96.8084017, 32.755719], [-96.8083985, 32.756054], [-96.8083935, 32.7566519], [-96.8084081, 32.7572865], [-96.8084175, 32.7579319], [-96.8084177, 32.7586746]]}, "properties": {"class": "residential"}}, {"type": "Feature", "geometry": {"type": "LineString", "coordinates": [[-96.8099428, 32.7521547], [-96.8099423, 32.7520187], [-96.8099333, 32.7516515], [-96.8099369, 32.7514709], [-96.809938, 32.7513581], [-96.8099381, 32.7512226]]}, "properties": {"class": "secondary"}}, {"type": "Feature", "geometry": {"type": "LineString", "coordinates": [[-96.808906, 32.751219], [-96.8089056, 32.7513647], [-96.808906, 32.751473], [-96.808906, 32.7514917], [-96.808906, 32.751615], [-96.8089081, 32.7518034], [-96.808918, 32.752001]]}, "properties": {"class": "secondary"}}, {"type": "Feature", "geometry": {"type": "LineString", "coordinates": [[-96.8094781, 32.7537989], [-96.8094692, 32.7528081], [-96.8094615, 32.7516155], [-96.8094783, 32.7506321], [-96.8095076, 32.750117], [-96.809556, 32.7498334], [-96.8096134, 32.7495784], [-96.8097081, 32.7492186], [-96.8098472, 32.7487892]]}, "properties": {"class": "motorway"}}, {"type": "Feature", "geometry": {"type": "LineString", "coordinates": [[-96.8101565, 32.7534488], [-96.8100517, 32.7534734], [-96.8100207, 32.753469], [-96.810008, 32.7534672], [-96.8099636, 32.7534424], [-96.8099025, 32.7533724]]}, "properties": {"class": "secondary"}}, {"type": "Feature", "geometry": {"type": "LineString", "coordinates": [[-96.8148211, 32.7950846], [-96.8150246, 32.7956388], [-96.8151509, 32.7958885], [-96.815423, 32.796323], [-96.815709, 32.796639], [-96.815762, 32.796698], [-96.815968, 32.7968786], [-96.816161, 32.79704], [-96.816405, 32.797213]]}, "properties": {"class": "motorway"}}, {"type": "Feature", "geometry": {"type": "LineString", "coordinates": [[-96.8143372, 32.7935727], [-96.814498, 32.7940952]]}, "properties": {"class": "motorway"}}, {"type": "Feature", "geometry": {"type": "LineString", "coordinates": [[-96.8146511, 32.7937257], [-96.8143322, 32.7927267], [-96.814132, 32.792071], [-96.8140158, 32.7916967], [-96.8135536, 32.7902087], [-96.8134185, 32.7896431]]}, "properties": {"class": "motorway"}}, {"type": "Feature", "geometry": {"type": "LineString", "coordinates": [[-96.8151214, 32.7952183], [-96.8150162, 32.7949094], [-96.8149082, 32.7945348], [-96.8147711, 32.7941188], [-96.814695, 32.7938694]]}, "properties": {"class": "motorway"}}, {"type": "Feature", "geometry": {"type": "LineString", "coordinates": [[-96.8017389, 32.7996815], [-96.8017914, 32.7997257], [-96.8025864, 32.8004151], [-96.8026379, 32.8004597], [-96.8026952, 32.8005072], [-96.8031653, 32.8008971], [-96.8031976, 32.8009239]]}, "properties": {"class": "residential"}}, {"type": "Feature", "geometry": {"type": "LineString", "coordinates": [[-96.7723261, 32.7806496], [-96.7719834, 32.7807613], [-96.7716642, 32.7808882], [-96.7713707, 32.7810238], [-96.7710986, 32.7811702], [-96.770815, 32.7813507], [-96.7705527, 32.781544], [-96.7703752, 32.781695], [-96.7702164, 32.7818379], [-96.7699926, 32.7820737], [-96.7697839, 32.7823159], [-96.7696342, 32.7825248], [-96.7694937, 32.7827342], [-96.7686275, 32.7842608]]}, "properties": {"class": "motorway"}}, {"type": "Feature", "geometry": {"type": "LineString", "coordinates": [[-96.8004391, 32.7938475], [-96.8004893, 32.7938896], [-96.8005251, 32.7939182], [-96.8008782, 32.7942161], [-96.8012894, 32.7945613], [-96.8013408, 32.7946072], [-96.8015574, 32.7948009], [-96.8016677, 32.7948995], [-96.8017108, 32.7949381], [-96.8018943, 32.7951022]]}, "properties": {"class": "residential"}}, {"type": "Feature", "geometry": {"type": "LineString", "coordinates": [[-96.8080364, 32.7959007], [-96.8080676, 32.795926], [-96.808645, 32.7964096], [-96.8088798, 32.7966063], [-96.8089286, 32.7966472]]}, "properties": {"class": "residential"}}, {"type": "Feature", "geometry": {"type": "LineString", "coordinates": [[-96.81448, 32.7984613], [-96.8146107, 32.7984953], [-96.8148974, 32.7985871], [-96.8151734, 32.798708], [-96.8156011, 32.7989443], [-96.8160472, 32.7992731], [-96.8162792, 32.7994705], [-96.8164182, 32.7996268], [-96.8164534, 32.7996665], [-96.8168315, 32.8001502], [-96.8168873, 32.8002276]]}, "properties": {"class": "primary"}}, {"type": "Feature", "geometry": {"type": "LineString", "coordinates": [[-96.7862916, 32.7655524], [-96.7854566, 32.7662428], [-96.7853279, 32.7663495], [-96.7852785, 32.7663884], [-96.7850188, 32.7666012], [-96.7848907, 32.7667052], [-96.7845141, 32.7670202], [-96.7844723, 32.7670601]]}, "properties": {"class": "residential"}}, {"type": "Feature", "geometry": {"type": "LineString", "coordinates": [[-96.7953243, 32.7699924], [-96.794828, 32.770316], [-96.7947558, 32.7703712], [-96.7942975, 32.7706828], [-96.7938825, 32.7709727], [-96.7935715, 32.7711943], [-96.7935044, 32.7712455]]}, "properties": {"class": "residential"}}, {"type": "Feature", "geometry": {"type": "LineString", "coordinates": [[-96.7908616, 32.7671776], [-96.7908587, 32.7671467], [-96.790848, 32.7671192], [-96.7908123, 32.7670714], [-96.7891743, 32.7654851], [-96.7891413, 32.7654531]]}, "properties": {"class": "residential"}}, {"type": "Feature", "geometry": {"type": "LineString", "coordinates": [[-96.806565, 32.7922324], [-96.8064939, 32.7922882], [-96.806439, 32.7923312], [-96.8063179, 32.7924284], [-96.8062822, 32.7924571]]}, "properties": {"class": "secondary"}}, {"type": "Feature", "geometry": {"type": "LineString", "coordinates": [[-96.7913062, 32.7858073], [-96.7911804, 32.7859204], [-96.7909774, 32.7861029]]}, "properties": {"class": "residential"}}, {"type": "Feature", "geometry": {"type": "LineString", "coordinates": [[-96.7940141, 32.7717542], [-96.7939331, 32.7718161], [-96.7933655, 32.772286], [-96.7930967, 32.7725086], [-96.793049, 32.7725463], [-96.792991, 32.7725934], [-96.7928238, 32.7727384], [-96.7926426, 32.7728919], [-96.7924421, 32.7730536]]}, "properties": {"class": "secondary"}}, {"type": "Feature", "geometry": {"type": "LineString", "coordinates": [[-96.7944731, 32.7988349], [-96.7944291, 32.7988705], [-96.7943656, 32.7989212], [-96.7942957, 32.7989801], [-96.7940545, 32.7991894], [-96.793905, 32.7993128], [-96.793887, 32.7993267], [-96.7938332, 32.799369]]}, "properties": {"class": "residential"}}, {"type": "Feature", "geometry": {"type": "LineString", "coordinates": [[-96.7952858, 32.7995525], [-96.7952441, 32.7995885], [-96.7952024, 32.799625], [-96.79515, 32.7996698], [-96.7946619, 32.8000925], [-96.7946157, 32.8001316]]}, "properties": {"class": "residential"}}, {"type": "Feature", "geometry": {"type": "LineString", "coordinates": [[-96.7952858, 32.7995525], [-96.7953366, 32.7995955], [-96.7953644, 32.7996207], [-96.7954934, 32.7997283], [-96.7958187, 32.7999983], [-96.7961121, 32.8002418], [-96.7961602, 32.8002818], [-96.7961922, 32.8003084], [-96.7962703, 32.8003704]]}, "properties": {"class": "residential"}}, {"type": "Feature", "geometry": {"type": "LineString", "coordinates": [[-96.7961143, 32.7957226], [-96.7961566, 32.7957573], [-96.7970826, 32.7965525], [-96.7971447, 32.7966015], [-96.797195, 32.7966429], [-96.7975694, 32.7969514], [-96.7977793, 32.7971251], [-96.7979397, 32.7972579], [-96.7979922, 32.7973013], [-96.7980371, 32.7973382], [-96.798307, 32.7975598], [-96.7987242, 32.7979023], [-96.798965, 32.7980999]]}, "properties": {"class": "residential"}}, {"type": "Feature", "geometry": {"type": "LineString", "coordinates": [[-96.7961143, 32.7957226], [-96.7960469, 32.7957777], [-96.7960179, 32.7958022], [-96.7958309, 32.7959576], [-96.7956318, 32.7961233], [-96.7955751, 32.7961706], [-96.7952522, 32.79644], [-96.7952236, 32.7964632], [-96.795171, 32.796507]]}, "properties": {"class": "residential"}}, {"type": "Feature", "geometry": {"type": "LineString", "coordinates": [[-96.773297, 32.7856781], [-96.7732636, 32.7857894], [-96.7732533, 32.7858311], [-96.7732295, 32.785928], [-96.7731623, 32.7861507], [-96.7730893, 32.7863446]]}, "properties": {"class": "secondary"}}, {"type": "Feature", "geometry": {"type": "LineString", "coordinates": [[-96.7734144, 32.7856907], [-96.7734738, 32.7854857], [-96.7736554, 32.7849985]]}, "properties": {"class": "secondary"}}, {"type": "Feature", "geometry": {"type": "LineString", "coordinates": [[-96.7867466, 32.7792184], [-96.786711, 32.7791775], [-96.7865399, 32.7789777], [-96.7860277, 32.778366], [-96.7858852, 32.7783075]]}, "properties": {"class": "residential"}}, {"type": "Feature", "geometry": {"type": "LineString", "coordinates": [[-96.8065038, 32.7848154], [-96.8064173, 32.7848829], [-96.806108, 32.7851601], [-96.8059074, 32.7853278], [-96.8056554, 32.7855142], [-96.8053968, 32.7857379]]}, "properties": {"class": "secondary"}}, {"type": "Feature", "geometry": {"type": "LineString", "coordinates": [[-96.8192104, 32.7810952], [-96.8197813, 32.7809103], [-96.820305, 32.7807418], [-96.8235631, 32.7795921]]}, "properties": {"class": "motorway"}}, {"type": "Feature", "geometry": {"type": "LineString", "coordinates": [[-96.8049415, 32.7865005], [-96.8044976, 32.7868626]]}, "properties": {"class": "motorway"}}, {"type": "Feature", "geometry": {"type": "LineString", "coordinates": [[-96.806351, 32.7856414], [-96.807398, 32.784765], [-96.8080056, 32.7841951]]}, "properties": {"class": "motorway"}}, {"type": "Feature", "geometry": {"type": "LineString", "coordinates": [[-96.8001941, 32.7907623], [-96.8012231, 32.7898912]]}, "properties": {"class": "motorway"}}, {"type": "Feature", "geometry": {"type": "LineString", "coordinates": [[-96.8000398, 32.7906221], [-96.7979401, 32.7923613]]}, "properties": {"class": "motorway"}}, {"type": "Feature", "geometry": {"type": "LineString", "coordinates": [[-96.7927301, 32.7841269], [-96.7926656, 32.7838171], [-96.7926114, 32.7837785], [-96.7925804, 32.7837526]]}, "properties": {"class": "secondary"}}, {"type": "Feature", "geometry": {"type": "LineString", "coordinates": [[-96.8156666, 32.7624359], [-96.815635, 32.7624778], [-96.8155842, 32.7625448], [-96.8154439, 32.7627301], [-96.815431, 32.7627575], [-96.8154487, 32.7627841], [-96.8159361, 32.7630404], [-96.8159681, 32.7630424], [-96.8159836, 32.7630204], [-96.8160199, 32.7626593], [-96.8160282, 32.7625767], [-96.8160332, 32.7625281]]}, "properties": {"class": "residential"}}, {"type": "Feature", "geometry": {"type": "LineString", "coordinates": [[-96.814152, 32.7527781], [-96.8140855, 32.752779], [-96.8135675, 32.7527859], [-96.8134314, 32.7527879], [-96.8127776, 32.7527969], [-96.8127088, 32.7527992], [-96.8126588, 32.7527983], [-96.812582, 32.7527989], [-96.8121158, 32.7528021], [-96.8117934, 32.7528044], [-96.8111351, 32.7528091], [-96.811066, 32.7528096]]}, "properties": {"class": "residential"}}, {"type": "Feature", "geometry": {"type": "LineString", "coordinates": [[-96.8141569, 32.7512209], [-96.8141589, 32.7513282], [-96.8141497, 32.7518633], [-96.8141508, 32.7522983], [-96.8141519, 32.7527353], [-96.814152, 32.7527781], [-96.8141515, 32.7528586], [-96.8141491, 32.7532628], [-96.8141455, 32.753744], [-96.8141451, 32.7537997], [-96.8141457, 32.7538754], [-96.8141427, 32.7548227], [-96.8141802, 32.7560472], [-96.8141735, 32.7572807], [-96.8141722, 32.7582989], [-96.8141723, 32.7586985], [-96.8141716, 32.7588111], [-96.81417, 32.758888], [-96.8141816, 32.7600152]]}, "properties": {"class": "residential"}}, {"type": "Feature", "geometry": {"type": "LineString", "coordinates": [[-96.7914286, 32.7864775], [-96.7914523, 32.7867517], [-96.7914603, 32.7868445]]}, "properties": {"class": "primary"}}, {"type": "Feature", "geometry": {"type": "LineString", "coordinates": [[-96.7909488, 32.7814529], [-96.7910161, 32.7814074], [-96.7917378, 32.7809725], [-96.7919678, 32.7808307], [-96.79206, 32.7807691]]}, "properties": {"class": "residential"}}, {"type": "Feature", "geometry": {"type": "LineString", "coordinates": [[-96.7916051, 32.7916892], [-96.7915064, 32.7917725], [-96.7912374, 32.7920133], [-96.7906165, 32.7925419], [-96.7906007, 32.7925594], [-96.7905907, 32.7925903]]}, "properties": {"class": "residential"}}, {"type": "Feature", "geometry": {"type": "LineString", "coordinates": [[-96.8032946, 32.7916015], [-96.8032999, 32.7915854], [-96.8033307, 32.7914939], [-96.8034847, 32.79103], [-96.8035475, 32.7908366], [-96.8035774, 32.7907455]]}, "properties": {"class": "tertiary"}}, {"type": "Feature", "geometry": {"type": "LineString", "coordinates": [[-96.8025101, 32.7939622], [-96.8024681, 32.7940893], [-96.8024148, 32.7942506], [-96.8023181, 32.7945425], [-96.8022891, 32.7946305], [-96.8022601, 32.7947213], [-96.8021492, 32.7950589], [-96.8021162, 32.7951675]]}, "properties": {"class": "tertiary"}}, {"type": "Feature", "geometry": {"type": "LineString", "coordinates": [[-96.8021162, 32.7951675], [-96.8020871, 32.7952618], [-96.8017942, 32.7962238], [-96.8017616, 32.7963333]]}, "properties": {"class": "tertiary"}}, {"type": "Feature", "geometry": {"type": "LineString", "coordinates": [[-96.8017616, 32.7963333], [-96.8017162, 32.7964919], [-96.8016057, 32.7968882], [-96.8014959, 32.7972885], [-96.8014767, 32.7973557], [-96.8014501, 32.797456], [-96.801426, 32.7975402], [-96.8013993, 32.7976388], [-96.8013804, 32.7977073], [-96.8013462, 32.7978332], [-96.8012734, 32.7980757], [-96.8012436, 32.7981916], [-96.8012173, 32.7982939], [-96.8011796, 32.7984405], [-96.8011549, 32.7985377], [-96.8011298, 32.7986371], [-96.8011112, 32.7987106], [-96.8010248, 32.7990922], [-96.8009481, 32.7994306], [-96.8009192, 32.7995583], [-96.8008974, 32.799655]]}, "properties": {"class": "tertiary"}}, {"type": "Feature", "geometry": {"type": "LineString", "coordinates": [[-96.8008974, 32.799655], [-96.8008712, 32.7997782], [-96.800828, 32.7999863]]}, "properties": {"class": "tertiary"}}, {"type": "Feature", "geometry": {"type": "LineString", "coordinates": [[-96.8032946, 32.7916015], [-96.8032653, 32.7916903], [-96.8031926, 32.7919167], [-96.8031417, 32.7920676], [-96.803068, 32.7922861], [-96.8029079, 32.7927605], [-96.8028824, 32.7928369], [-96.8028426, 32.7929565]]}, "properties": {"class": "tertiary"}}, {"type": "Feature", "geometry": {"type": "LineString", "coordinates": [[-96.8035774, 32.7907455], [-96.8036162, 32.7906294], [-96.8037908, 32.7900631], [-96.8038483, 32.7898877], [-96.8039458, 32.7895773], [-96.8039858, 32.7894475], [-96.803996, 32.7894209], [-96.8040136, 32.7893475]]}, "properties": {"class": "tertiary"}}, {"type": "Feature", "geometry": {"type": "LineString", "coordinates": [[-96.8014112, 32.7817148], [-96.8014197, 32.7817416], [-96.8014361, 32.7817912], [-96.8014482, 32.7818278]]}, "properties": {"class": "tertiary"}}, {"type": "Feature", "geometry": {"type": "LineString", "coordinates": [[-96.8017075, 32.7823108], [-96.8016532, 32.7821327], [-96.8015666, 32.781868], [-96.80156, 32.7818446], [-96.8015475, 32.781806]]}, "properties": {"class": "tertiary"}}, {"type": "Feature", "geometry": {"type": "LineString", "coordinates": [[-96.7858055, 32.7475068], [-96.7814679, 32.7538969], [-96.7811948, 32.7543003], [-96.7810788, 32.7544815]]}, "properties": {"class": "secondary"}}, {"type": "Feature", "geometry": {"type": "LineString", "coordinates": [[-96.7800154, 32.7576817], [-96.7801717, 32.7569081], [-96.7802348, 32.7566369], [-96.7803107, 32.7563653], [-96.7803859, 32.7561215], [-96.7804834, 32.7558553], [-96.780595, 32.755586], [-96.7807747, 32.7551983], [-96.7809054, 32.754942], [-96.7810766, 32.7546486], [-96.7812681, 32.7543358], [-96.7815229, 32.753962], [-96.7858789, 32.7475485]]}, "properties": {"class": "secondary"}}, {"type": "Feature", "geometry": {"type": "LineString", "coordinates": [[-96.7799212, 32.7576554], [-96.7798812, 32.7578655], [-96.779749, 32.7586097]]}, "properties": {"class": "secondary"}}, {"type": "Feature", "geometry": {"type": "LineString", "coordinates": [[-96.8177468, 32.7997038], [-96.8175555, 32.799974], [-96.8171179, 32.8005703], [-96.8169851, 32.8007858], [-96.8168887, 32.8009547], [-96.816833, 32.8010997], [-96.8167542, 32.8014048], [-96.8167082, 32.8015646]]}, "properties": {"class": "secondary"}}, {"type": "Feature", "geometry": {"type": "LineString", "coordinates": [[-96.8036188, 32.7772917], [-96.803751, 32.7772947], [-96.8037853, 32.7772944], [-96.8038677, 32.7772876], [-96.8039557, 32.7772724], [-96.8044125, 32.7771765], [-96.8045074, 32.7771573], [-96.8046317, 32.7771296], [-96.8047913, 32.7770957], [-96.8053042, 32.7769893], [-96.8054389, 32.7769613]]}, "properties": {"class": "secondary"}}, {"type": "Feature", "geometry": {"type": "LineString", "coordinates": [[-96.8026768, 32.7770075], [-96.802813, 32.777081], [-96.8029392, 32.7771384], [-96.8031197, 32.7772058], [-96.8032488, 32.7772419], [-96.8033874, 32.7772708], [-96.8034928, 32.7772824], [-96.8036188, 32.7772917]]}, "properties": {"class": "secondary"}}, {"type": "Feature", "geometry": {"type": "LineString", "coordinates": [[-96.8027889, 32.7744849], [-96.8028243, 32.7746016], [-96.8028859, 32.7748002], [-96.8028934, 32.7748252], [-96.8029607, 32.7750499], [-96.8030836, 32.7754707], [-96.8031802, 32.775806], [-96.8033883, 32.7765287], [-96.803408, 32.776597]]}, "properties": {"class": "secondary"}}, {"type": "Feature", "geometry": {"type": "LineString", "coordinates": [[-96.8035888, 32.7771944], [-96.8036188, 32.7772917]]}, "properties": {"class": "secondary"}}, {"type": "Feature", "geometry": {"type": "LineString", "coordinates": [[-96.8087828, 32.7944554], [-96.8090966, 32.7947216], [-96.809231, 32.7948356], [-96.8092703, 32.7948701], [-96.8093114, 32.7949062], [-96.8093893, 32.7949737], [-96.8095707, 32.7951309], [-96.8096682, 32.7952153], [-96.8096984, 32.7952414], [-96.8097479, 32.7952843], [-96.8098031, 32.7953321], [-96.8099147, 32.7954286], [-96.8099307, 32.7954424], [-96.8100948, 32.7955871], [-96.8101483, 32.7956337]]}, "properties": {"class": "residential"}}, {"type": "Feature", "geometry": {"type": "LineString", "coordinates": [[-96.8039107, 32.752001], [-96.8038608, 32.752073], [-96.8038601, 32.7521359], [-96.8039454, 32.7545626], [-96.8039372, 32.7546266], [-96.8039435, 32.7550465], [-96.8039545, 32.755073], [-96.803976, 32.7550952], [-96.8040065, 32.7551144]]}, "properties": {"class": "residential"}}, {"type": "Feature", "geometry": {"type": "LineString", "coordinates": [[-96.7770494, 32.7703181], [-96.7771407, 32.7702509], [-96.778328, 32.769494], [-96.7783743, 32.7694639]]}, "properties": {"class": "residential"}}, {"type": "Feature", "geometry": {"type": "LineString", "coordinates": [[-96.8132361, 32.7767977], [-96.8131285, 32.7768202], [-96.8123381, 32.7769678]]}, "properties": {"class": "secondary"}}, {"type": "Feature", "geometry": {"type": "LineString", "coordinates": [[-96.8072191, 32.7677877], [-96.8076872, 32.7679083]]}, "properties": {"class": "secondary"}}, {"type": "Feature", "geometry": {"type": "LineString", "coordinates": [[-96.8076872, 32.7679083], [-96.8081578, 32.7680121], [-96.8084395, 32.7680854], [-96.8086447, 32.7681587], [-96.8096894, 32.7686312], [-96.8099898, 32.7687936], [-96.8102646, 32.7689619], [-96.8105155, 32.7691556], [-96.8106659, 32.7692958], [-96.8107623, 32.7693856], [-96.8107945, 32.7694234], [-96.810866, 32.7695074], [-96.8109929, 32.7696563], [-96.8112007, 32.7699627], [-96.8113483, 32.7702596], [-96.8114434, 32.7704738]]}, "properties": {"class": "secondary"}}, {"type": "Feature", "geometry": {"type": "LineString", "coordinates": [[-96.8072741, 32.7676479], [-96.8071589, 32.7676173], [-96.806857, 32.7675385], [-96.8067685, 32.7675166]]}, "properties": {"class": "secondary"}}, {"type": "Feature", "geometry": {"type": "LineString", "coordinates": [[-96.8027721, 32.7650067], [-96.8026667, 32.7648626], [-96.8025612, 32.7647472], [-96.8024366, 32.7646317], [-96.8022643, 32.7644876], [-96.8020998, 32.7643741], [-96.8018241, 32.7642039], [-96.800717, 32.76357], [-96.7993009, 32.7627502]]}, "properties": {"class": "secondary"}}, {"type": "Feature", "geometry": {"type": "LineString", "coordinates": [[-96.8121648, 32.7748439], [-96.8124903, 32.774767]]}, "properties": {"class": "tertiary"}}, {"type": "Feature", "geometry": {"type": "LineString", "coordinates": [[-96.8113429, 32.7750194], [-96.8114497, 32.7749966]]}, "properties": {"class": "tertiary"}}, {"type": "Feature", "geometry": {"type": "LineString", "coordinates": [[-96.8113055, 32.7748965], [-96.8107608, 32.7750039]]}, "properties": {"class": "tertiary"}}, {"type": "Feature", "geometry": {"type": "LineString", "coordinates": [[-96.8131551, 32.774472], [-96.8131824, 32.7746246]]}, "properties": {"class": "secondary"}}, {"type": "Feature", "geometry": {"type": "LineString", "coordinates": [[-96.8133969, 32.7745486], [-96.8133792, 32.774453]]}, "properties": {"class": "secondary"}}, {"type": "Feature", "geometry": {"type": "LineString", "coordinates": [[-96.8090255, 32.768179], [-96.8087171, 32.7680234], [-96.8084958, 32.7679433], [-96.8083013, 32.7678937], [-96.8080572, 32.7678317], [-96.807695, 32.7677467], [-96.8072741, 32.7676479]]}, "properties": {"class": "secondary"}}, {"type": "Feature", "geometry": {"type": "LineString", "coordinates": [[-96.812322, 32.7719285], [-96.8117574, 32.7707295]]}, "properties": {"class": "secondary"}}, {"type": "Feature", "geometry": {"type": "LineString", "coordinates": [[-96.8131824, 32.7746246], [-96.813213, 32.7748451], [-96.8132272, 32.7750588], [-96.8132312, 32.7752911], [-96.8132314, 32.7753517], [-96.813232, 32.775519], [-96.8132326, 32.7756985], [-96.8132334, 32.7759492]]}, "properties": {"class": "secondary"}}, {"type": "Feature", "geometry": {"type": "LineString", "coordinates": [[-96.8133792, 32.774453], [-96.8133426, 32.774301], [-96.8133007, 32.7741397], [-96.8132327, 32.7739214], [-96.8131707, 32.7737462], [-96.8130646, 32.7734982], [-96.8129966, 32.7733376], [-96.8128543, 32.7730336], [-96.8128199, 32.7729581], [-96.8127207, 32.7727436], [-96.8125289, 32.7723567], [-96.8124258, 32.7721426], [-96.8123723, 32.7720301], [-96.812322, 32.7719285]]}, "properties": {"class": "secondary"}}, {"type": "Feature", "geometry": {"type": "LineString", "coordinates": [[-96.812322, 32.7719285], [-96.8124417, 32.7719142], [-96.8135183, 32.7716877]]}, "properties": {"class": "secondary"}}, {"type": "Feature", "geometry": {"type": "LineString", "coordinates": [[-96.788482, 32.7913988], [-96.7884387, 32.7913666], [-96.7878269, 32.7908609]]}, "properties": {"class": "residential"}}, {"type": "Feature", "geometry": {"type": "LineString", "coordinates": [[-96.7878269, 32.7908609], [-96.7876567, 32.7909971], [-96.7875147, 32.7911186], [-96.7869548, 32.7915981], [-96.7867303, 32.7917945], [-96.7866602, 32.7918526], [-96.7863907, 32.7920747], [-96.7862368, 32.7922015]]}, "properties": {"class": "residential"}}, {"type": "Feature", "geometry": {"type": "LineString", "coordinates": [[-96.7901383, 32.8000376], [-96.789833, 32.8002867], [-96.7896556, 32.8004569]]}, "properties": {"class": "residential"}}, {"type": "Feature", "geometry": {"type": "LineString", "coordinates": [[-96.781218, 32.769308], [-96.7810824, 32.7694965]]}, "properties": {"class": "residential"}}, {"type": "Feature", "geometry": {"type": "LineString", "coordinates": [[-96.7758411, 32.7930145], [-96.7757872, 32.7930554], [-96.7754679, 32.7933207], [-96.7752947, 32.7934649], [-96.7750105, 32.7937014], [-96.7749036, 32.7937916], [-96.7747416, 32.7939253], [-96.7747311, 32.793934], [-96.7742199, 32.7943588], [-96.7741569, 32.794412], [-96.7741048, 32.7944559], [-96.7725444, 32.795773], [-96.7724954, 32.7958155], [-96.7724406, 32.7958644], [-96.7722055, 32.7960637], [-96.7711863, 32.7969024], [-96.7708319, 32.7971891], [-96.7700843, 32.797823], [-96.7697329, 32.7981013], [-96.7696665, 32.7981539], [-96.7690013, 32.79868], [-96.7683936, 32.7991941], [-96.7683633, 32.7992198], [-96.7683174, 32.7992586], [-96.7682716, 32.7992961], [-96.7682531, 32.7993112], [-96.7679662, 32.7995461], [-96.7666964, 32.8005906], [-96.766687, 32.8005987], [-96.7666553, 32.8006259]]}, "properties": {"class": "residential"}}, {"type": "Feature", "geometry": {"type": "LineString", "coordinates": [[-96.7762886, 32.7623747], [-96.7761165, 32.7624282], [-96.7758756, 32.76263]]}, "properties": {"class": "secondary"}}, {"type": "Feature", "geometry": {"type": "LineString", "coordinates": [[-96.7803465, 32.7643005], [-96.7802762, 32.7643686], [-96.7798914, 32.7646931], [-96.7790315, 32.7653773], [-96.7782929, 32.7660125], [-96.778208, 32.7660829], [-96.7781402, 32.7661411], [-96.7774781, 32.7666907]]}, "properties": {"class": "tertiary"}}, {"type": "Feature", "geometry": {"type": "LineString", "coordinates": [[-96.8092427, 32.784393], [-96.8091241, 32.7843948], [-96.8090889, 32.7843953], [-96.8089588, 32.7843981]]}, "properties": {"class": "secondary"}}, {"type": "Feature", "geometry": {"type": "LineString", "coordinates": [[-96.8095972, 32.7843876], [-96.8092427, 32.784393]]}, "properties": {"class": "secondary"}}, {"type": "Feature", "geometry": {"type": "LineString", "coordinates": [[-96.8049, 32.786184], [-96.804771, 32.7862949]]}, "properties": {"class": "secondary"}}, {"type": "Feature", "geometry": {"type": "LineString", "coordinates": [[-96.8052404, 32.7858913], [-96.8051399, 32.785982]]}, "properties": {"class": "secondary"}}, {"type": "Feature", "geometry": {"type": "LineString", "coordinates": [[-96.811114, 32.7844482], [-96.8112186, 32.7843017], [-96.8113019, 32.784248], [-96.8113374, 32.784224], [-96.8114624, 32.7841557]]}, "properties": {"class": "secondary"}}, {"type": "Feature", "geometry": {"type": "LineString", "coordinates": [[-96.8047101, 32.7811286], [-96.804728, 32.7811875], [-96.8047344, 32.7812099]]}, "properties": {"class": "secondary"}}, {"type": "Feature", "geometry": {"type": "LineString", "coordinates": [[-96.804519, 32.7803326], [-96.8045409, 32.7804178], [-96.8046419, 32.7808647], [-96.8046623, 32.7809543], [-96.8046706, 32.7809911], [-96.8046777, 32.7810193], [-96.804689, 32.7810604], [-96.8046999, 32.7810953], [-96.8047101, 32.7811286]]}, "properties": {"class": "secondary"}}, {"type": "Feature", "geometry": {"type": "LineString", "coordinates": [[-96.8061165, 32.779383], [-96.8062552, 32.7798604], [-96.806283, 32.7799561]]}, "properties": {"class": "secondary"}}, {"type": "Feature", "geometry": {"type": "LineString", "coordinates": [[-96.8028408, 32.7839144], [-96.803006, 32.7837759], [-96.803692, 32.7832025], [-96.8037706, 32.7831368], [-96.8037968, 32.7831149], [-96.8038143, 32.7831036], [-96.803878, 32.783047]]}, "properties": {"class": "secondary"}}, {"type": "Feature", "geometry": {"type": "LineString", "coordinates": [[-96.8025682, 32.7841428], [-96.8026556, 32.7840696], [-96.8027506, 32.7839899], [-96.8028408, 32.7839144]]}, "properties": {"class": "secondary"}}, {"type": "Feature", "geometry": {"type": "LineString", "coordinates": [[-96.8022428, 32.7844156], [-96.8024859, 32.7842119], [-96.8025682, 32.7841428]]}, "properties": {"class": "secondary"}}, {"type": "Feature", "geometry": {"type": "LineString", "coordinates": [[-96.8039953, 32.7829501], [-96.8040681, 32.7828856], [-96.8040939, 32.7828628], [-96.804175, 32.782791], [-96.804184, 32.782783], [-96.804306, 32.7826819]]}, "properties": {"class": "secondary"}}, {"type": "Feature", "geometry": {"type": "LineString", "coordinates": [[-96.8098861, 32.7853046], [-96.8098634, 32.7852358], [-96.8097998, 32.7850437]]}, "properties": {"class": "secondary"}}, {"type": "Feature", "geometry": {"type": "LineString", "coordinates": [[-96.8101662, 32.7862449], [-96.8101468, 32.7861796], [-96.8099157, 32.7854015], [-96.8098861, 32.7853046]]}, "properties": {"class": "secondary"}}, {"type": "Feature", "geometry": {"type": "LineString", "coordinates": [[-96.8057247, 32.7780766], [-96.8058177, 32.7783707], [-96.8058458, 32.7784605]]}, "properties": {"class": "secondary"}}, {"type": "Feature", "geometry": {"type": "LineString", "coordinates": [[-96.8058458, 32.7784605], [-96.8058758, 32.778557], [-96.8059972, 32.7789718], [-96.8060387, 32.7791127], [-96.8060653, 32.7792072]]}, "properties": {"class": "secondary"}}, {"type": "Feature", "geometry": {"type": "LineString", "coordinates": [[-96.7926246, 32.7794003], [-96.7927226, 32.7792822], [-96.7927453, 32.7792345], [-96.7927831, 32.7791193]]}, "properties": {"class": "secondary"}}, {"type": "Feature", "geometry": {"type": "LineString", "coordinates": [[-96.7930308, 32.7788359], [-96.7929794, 32.7788931], [-96.7929349, 32.7789486], [-96.7928463, 32.7790519], [-96.7927831, 32.7791193]]}, "properties": {"class": "secondary"}}, {"type": "Feature", "geometry": {"type": "LineString", "coordinates": [[-96.7968352, 32.7776758], [-96.7966605, 32.7777391], [-96.796382, 32.7778763], [-96.7963213, 32.7779168], [-96.7962352, 32.7779747]]}, "properties": {"class": "secondary"}}, {"type": "Feature", "geometry": {"type": "LineString", "coordinates": [[-96.7985513, 32.7719107], [-96.7982783, 32.772123], [-96.798215, 32.77217]]}, "properties": {"class": "secondary"}}, {"type": "Feature", "geometry": {"type": "LineString", "coordinates": [[-96.7934526, 32.7734835], [-96.7938013, 32.7731959], [-96.7939832, 32.7730547]]}, "properties": {"class": "secondary"}}, {"type": "Feature", "geometry": {"type": "LineString", "coordinates": [[-96.7947612, 32.7724898], [-96.7947096, 32.7724382], [-96.7945856, 32.7723163]]}, "properties": {"class": "secondary"}}, {"type": "Feature", "geometry": {"type": "LineString", "coordinates": [[-96.7941956, 32.7719284], [-96.7940788, 32.7718159], [-96.7940141, 32.7717542]]}, "properties": {"class": "secondary"}}, {"type": "Feature", "geometry": {"type": "LineString", "coordinates": [[-96.7945856, 32.7723163], [-96.7941956, 32.7719284]]}, "properties": {"class": "secondary"}}, {"type": "Feature", "geometry": {"type": "LineString", "coordinates": [[-96.796113, 32.7776013], [-96.7962002, 32.7778667], [-96.7962352, 32.7779747]]}, "properties": {"class": "secondary"}}, {"type": "Feature", "geometry": {"type": "LineString", "coordinates": [[-96.7911065, 32.7739058], [-96.7910769, 32.7738548], [-96.7910682, 32.7738398]]}, "properties": {"class": "secondary"}}, {"type": "Feature", "geometry": {"type": "LineString", "coordinates": [[-96.8003038, 32.7718716], [-96.8004043, 32.7717871], [-96.800716, 32.771525], [-96.8007926, 32.7714606]]}, "properties": {"class": "secondary"}}, {"type": "Feature", "geometry": {"type": "LineString", "coordinates": [[-96.7923918, 32.7741477], [-96.7925326, 32.7740992], [-96.792589, 32.7740744], [-96.792674, 32.774037]]}, "properties": {"class": "secondary"}}, {"type": "Feature", "geometry": {"type": "LineString", "coordinates": [[-96.8060276, 32.7872625], [-96.8056953, 32.7869248]]}, "properties": {"class": "secondary"}}, {"type": "Feature", "geometry": {"type": "LineString", "coordinates": [[-96.806479, 32.788204], [-96.806456, 32.7880866], [-96.8064227, 32.7878857], [-96.8063804, 32.7877184], [-96.8063515, 32.7876332], [-96.806288, 32.787534], [-96.8062056, 32.7874439], [-96.8060276, 32.7872625]]}, "properties": {"class": "secondary"}}, {"type": "Feature", "geometry": {"type": "LineString", "coordinates": [[-96.792674, 32.774037], [-96.7927383, 32.7740919], [-96.7932568, 32.7745344]]}, "properties": {"class": "secondary"}}, {"type": "Feature", "geometry": {"type": "LineString", "coordinates": [[-96.8029906, 32.7798533], [-96.8029809, 32.7797696], [-96.8029492, 32.7794833]]}, "properties": {"class": "secondary"}}, {"type": "Feature", "geometry": {"type": "LineString", "coordinates": [[-96.8029492, 32.7794833], [-96.8029135, 32.7791752], [-96.802903, 32.77908]]}, "properties": {"class": "secondary"}}, {"type": "Feature", "geometry": {"type": "LineString", "coordinates": [[-96.790135, 32.779965], [-96.789912, 32.7800918], [-96.7898516, 32.7801262]]}, "properties": {"class": "secondary"}}, {"type": "Feature", "geometry": {"type": "LineString", "coordinates": [[-96.7920602, 32.7871594], [-96.792047, 32.786919]]}, "properties": {"class": "primary"}}, {"type": "Feature", "geometry": {"type": "LineString", "coordinates": [[-96.792047, 32.786919], [-96.7920437, 32.7868594], [-96.7920299, 32.7865464], [-96.7920241, 32.7863902]]}, "properties": {"class": "primary"}}, {"type": "Feature", "geometry": {"type": "LineString", "coordinates": [[-96.7925162, 32.7823212], [-96.7924676, 32.7821821], [-96.792435, 32.7820781]]}, "properties": {"class": "secondary"}}, {"type": "Feature", "geometry": {"type": "LineString", "coordinates": [[-96.7924745, 32.7833366], [-96.792438, 32.783157], [-96.792432, 32.78306], [-96.7924346, 32.7829628], [-96.792457, 32.782843]]}, "properties": {"class": "secondary"}}, {"type": "Feature", "geometry": {"type": "LineString", "coordinates": [[-96.792457, 32.782843], [-96.7924867, 32.7827599], [-96.792528, 32.782655], [-96.792549, 32.782531], [-96.792547, 32.782466], [-96.7925162, 32.7823212]]}, "properties": {"class": "secondary"}}, {"type": "Feature", "geometry": {"type": "LineString", "coordinates": [[-96.792435, 32.7820781], [-96.7924112, 32.7819973], [-96.7923925, 32.7819374]]}, "properties": {"class": "secondary"}}, {"type": "Feature", "geometry": {"type": "LineString", "coordinates": [[-96.7922406, 32.7813346], [-96.7922249, 32.7812435], [-96.7922205, 32.7812215]]}, "properties": {"class": "secondary"}}, {"type": "Feature", "geometry": {"type": "LineString", "coordinates": [[-96.7922205, 32.7812215], [-96.792206, 32.7811527], [-96.7921887, 32.7810705], [-96.7921583, 32.7809678], [-96.792132, 32.780884], [-96.7921093, 32.7808372], [-96.79206, 32.7807691]]}, "properties": {"class": "secondary"}}, {"type": "Feature", "geometry": {"type": "LineString", "coordinates": [[-96.7893457, 32.7952424], [-96.7891849, 32.7953831], [-96.789133, 32.795428]]}, "properties": {"class": "secondary"}}, {"type": "Feature", "geometry": {"type": "LineString", "coordinates": [[-96.7864656, 32.7976104], [-96.7861936, 32.797833], [-96.7861438, 32.7978737]]}, "properties": {"class": "secondary"}}, {"type": "Feature", "geometry": {"type": "LineString", "coordinates": [[-96.7902753, 32.7944316], [-96.7898179, 32.7948306], [-96.7893457, 32.7952424]]}, "properties": {"class": "secondary"}}, {"type": "Feature", "geometry": {"type": "LineString", "coordinates": [[-96.789133, 32.795428], [-96.7890741, 32.7954692], [-96.7888251, 32.7956842]]}, "properties": {"class": "secondary"}}, {"type": "Feature", "geometry": {"type": "LineString", "coordinates": [[-96.7861438, 32.7978737], [-96.7860644, 32.7979387], [-96.7858124, 32.7981449]]}, "properties": {"class": "secondary"}}, {"type": "Feature", "geometry": {"type": "LineString", "coordinates": [[-96.7824736, 32.8010117], [-96.7822148, 32.8012324], [-96.7821449, 32.801292]]}, "properties": {"class": "secondary"}}, {"type": "Feature", "geometry": {"type": "LineString", "coordinates": [[-96.7888251, 32.7956842], [-96.7886775, 32.7958007], [-96.7885046, 32.7959508], [-96.7882958, 32.7961245], [-96.7881692, 32.7962298], [-96.788029, 32.7963401], [-96.7877131, 32.7966021], [-96.7875425, 32.796742], [-96.787435, 32.796832], [-96.7868886, 32.7972643], [-96.7867257, 32.7973976], [-96.7864656, 32.7976104]]}, "properties": {"class": "secondary"}}, {"type": "Feature", "geometry": {"type": "LineString", "coordinates": [[-96.7858124, 32.7981449], [-96.7855952, 32.7983454], [-96.7854761, 32.7984547], [-96.7852943, 32.7986353], [-96.7852472, 32.7986751], [-96.785046, 32.798845], [-96.7849979, 32.7988856], [-96.7849462, 32.7989289], [-96.7848355, 32.7990206], [-96.7846953, 32.7991367], [-96.7845616, 32.7992473], [-96.7844416, 32.7993502], [-96.7841286, 32.7996149], [-96.7839464, 32.7997659]]}, "properties": {"class": "secondary"}}, {"type": "Feature", "geometry": {"type": "LineString", "coordinates": [[-96.781713, 32.78251], [-96.7816273, 32.7825256], [-96.7813974, 32.7825671], [-96.7813191, 32.7825812]]}, "properties": {"class": "secondary"}}, {"type": "Feature", "geometry": {"type": "LineString", "coordinates": [[-96.7846691, 32.7819072], [-96.7844246, 32.7819589]]}, "properties": {"class": "secondary"}}, {"type": "Feature", "geometry": {"type": "LineString", "coordinates": [[-96.7821418, 32.782428], [-96.7817963, 32.7824941], [-96.781713, 32.78251]]}, "properties": {"class": "secondary"}}, {"type": "Feature", "geometry": {"type": "LineString", "coordinates": [[-96.78488, 32.7818633], [-96.7846691, 32.7819072]]}, "properties": {"class": "secondary"}}, {"type": "Feature", "geometry": {"type": "LineString", "coordinates": [[-96.7740286, 32.7842942], [-96.773928, 32.7843873], [-96.7739176, 32.7843987], [-96.7738865, 32.7844329], [-96.7738255, 32.7845]]}, "properties": {"class": "secondary"}}, {"type": "Feature", "geometry": {"type": "LineString", "coordinates": [[-96.778816, 32.783112], [-96.7785038, 32.7832209], [-96.778492, 32.783225], [-96.7783659, 32.7832577]]}, "properties": {"class": "secondary"}}, {"type": "Feature", "geometry": {"type": "LineString", "coordinates": [[-96.7844246, 32.7819589], [-96.7833284, 32.782184], [-96.7830635, 32.7822385], [-96.7830021, 32.7822515], [-96.7829279, 32.7822664], [-96.7821418, 32.782428]]}, "properties": {"class": "secondary"}}, {"type": "Feature", "geometry": {"type": "LineString", "coordinates": [[-96.7813191, 32.7825812], [-96.7801961, 32.7828061], [-96.780131, 32.7828191], [-96.7800721, 32.7828309], [-96.7791857, 32.7830084], [-96.7789951, 32.7830502], [-96.778816, 32.783112]]}, "properties": {"class": "secondary"}}, {"type": "Feature", "geometry": {"type": "LineString", "coordinates": [[-96.7730895, 32.7651304], [-96.772979, 32.7652238]]}, "properties": {"class": "secondary"}}, {"type": "Feature", "geometry": {"type": "LineString", "coordinates": [[-96.803554, 32.766396], [-96.8034444, 32.7664634], [-96.803387, 32.7665011], [-96.8031505, 32.7668572], [-96.8031093, 32.766998]]}, "properties": {"class": "secondary"}}, {"type": "Feature", "geometry": {"type": "LineString", "coordinates": [[-96.7953528, 32.7675847], [-96.7953221, 32.7675627], [-96.7952013, 32.7674759], [-96.7950626, 32.7673763], [-96.7949559, 32.7672998], [-96.7944124, 32.7669095], [-96.7943703, 32.7668793]]}, "properties": {"class": "secondary"}}, {"type": "Feature", "geometry": {"type": "LineString", "coordinates": [[-96.7912364, 32.7654892], [-96.790852, 32.765467]]}, "properties": {"class": "secondary"}}, {"type": "Feature", "geometry": {"type": "LineString", "coordinates": [[-96.7943703, 32.7668793], [-96.7942701, 32.7668074], [-96.794147, 32.766719]]}, "properties": {"class": "secondary"}}, {"type": "Feature", "geometry": {"type": "LineString", "coordinates": [[-96.790852, 32.765467], [-96.7906543, 32.7654512]]}, "properties": {"class": "secondary"}}, {"type": "Feature", "geometry": {"type": "LineString", "coordinates": [[-96.7957022, 32.7678352], [-96.7956372, 32.7677886], [-96.7953528, 32.7675847]]}, "properties": {"class": "secondary"}}, {"type": "Feature", "geometry": {"type": "LineString", "coordinates": [[-96.7894146, 32.7652061], [-96.7894547, 32.7652188], [-96.789674, 32.7652882]]}, "properties": {"class": "secondary"}}, {"type": "Feature", "geometry": {"type": "LineString", "coordinates": [[-96.789674, 32.7652882], [-96.7899968, 32.7653758], [-96.7904497, 32.7654825], [-96.7906543, 32.7654512]]}, "properties": {"class": "secondary"}}, {"type": "Feature", "geometry": {"type": "LineString", "coordinates": [[-96.799548, 32.7705652], [-96.7994393, 32.7704885]]}, "properties": {"class": "secondary"}}, {"type": "Feature", "geometry": {"type": "LineString", "coordinates": [[-96.7946241, 32.7600732], [-96.7942658, 32.7598632], [-96.794143, 32.7598294], [-96.7940352, 32.7598311]]}, "properties": {"class": "secondary"}}, {"type": "Feature", "geometry": {"type": "LineString", "coordinates": [[-96.7890505, 32.7655265], [-96.7891413, 32.7654531], [-96.7893326, 32.7652768], [-96.7893542, 32.7652582], [-96.7894146, 32.7652061]]}, "properties": {"class": "secondary"}}, {"type": "Feature", "geometry": {"type": "LineString", "coordinates": [[-96.7895079, 32.7651027], [-96.7895471, 32.7650601], [-96.789756, 32.7648111]]}, "properties": {"class": "secondary"}}, {"type": "Feature", "geometry": {"type": "LineString", "coordinates": [[-96.772261, 32.753645], [-96.771969, 32.7533774]]}, "properties": {"class": "secondary"}}, {"type": "Feature", "geometry": {"type": "LineString", "coordinates": [[-96.772733, 32.7540385], [-96.772261, 32.753645]]}, "properties": {"class": "secondary"}}, {"type": "Feature", "geometry": {"type": "LineString", "coordinates": [[-96.8228122, 32.7563093], [-96.8226288, 32.7565294], [-96.822595, 32.7565658], [-96.8224983, 32.7566701], [-96.8223397, 32.7568162], [-96.821724, 32.757364], [-96.8208336, 32.7581205]]}, "properties": {"class": "secondary"}}, {"type": "Feature", "geometry": {"type": "LineString", "coordinates": [[-96.8126148, 32.7770903], [-96.8127258, 32.7770658], [-96.8130833, 32.7769851], [-96.8131247, 32.7769766], [-96.8132374, 32.7769533]]}, "properties": {"class": "secondary"}}, {"type": "Feature", "geometry": {"type": "LineString", "coordinates": [[-96.8132374, 32.7769533], [-96.8132355, 32.777059], [-96.8132301, 32.7773093], [-96.8132259, 32.7775056], [-96.8132244, 32.7776088], [-96.8132181, 32.7780159], [-96.8132138, 32.7783355], [-96.8132309, 32.778561], [-96.8132534, 32.7787559], [-96.8133084, 32.7789721]]}, "properties": {"class": "secondary"}}, {"type": "Feature", "geometry": {"type": "LineString", "coordinates": [[-96.8147583, 32.7817999], [-96.8147246, 32.7817448], [-96.8146254, 32.7815875], [-96.8144466, 32.7813421], [-96.8141601, 32.7809853], [-96.8140881, 32.7808697], [-96.8140254, 32.780749], [-96.8139209, 32.7804625], [-96.8136392, 32.7795313], [-96.8135197, 32.7791293], [-96.8134821, 32.778946]]}, "properties": {"class": "secondary"}}, {"type": "Feature", "geometry": {"type": "LineString", "coordinates": [[-96.8145163, 32.7818298], [-96.8145583, 32.7819165]]}, "properties": {"class": "secondary"}}, {"type": "Feature", "geometry": {"type": "LineString", "coordinates": [[-96.8149755, 32.782332], [-96.8148589, 32.7820118], [-96.8148339, 32.7819591], [-96.8148012, 32.7818878], [-96.8147583, 32.7817999]]}, "properties": {"class": "secondary"}}, {"type": "Feature", "geometry": {"type": "LineString", "coordinates": [[-96.8139926, 32.7810754], [-96.8144439, 32.7817243], [-96.8144833, 32.781778], [-96.8145163, 32.7818298]]}, "properties": {"class": "secondary"}}, {"type": "Feature", "geometry": {"type": "LineString", "coordinates": [[-96.8156048, 32.7834849], [-96.8153985, 32.783182], [-96.8152638, 32.783007], [-96.8151477, 32.7828], [-96.8150675, 32.7826117], [-96.8149755, 32.782332]]}, "properties": {"class": "secondary"}}, {"type": "Feature", "geometry": {"type": "LineString", "coordinates": [[-96.8139698, 32.7766439], [-96.8135824, 32.7767251], [-96.8135434, 32.7767333], [-96.8134347, 32.7767561]]}, "properties": {"class": "secondary"}}, {"type": "Feature", "geometry": {"type": "LineString", "coordinates": [[-96.8134181, 32.7776992], [-96.8134192, 32.7776414], [-96.8134308, 32.7770368], [-96.8134312, 32.7770176], [-96.813434, 32.7769127]]}, "properties": {"class": "secondary"}}, {"type": "Feature", "geometry": {"type": "LineString", "coordinates": [[-96.8132334, 32.7759492], [-96.8132369, 32.7766952], [-96.8132372, 32.7767247], [-96.8132361, 32.7767977]]}, "properties": {"class": "secondary"}}, {"type": "Feature", "geometry": {"type": "LineString", "coordinates": [[-96.8121935, 32.7840426], [-96.8125472, 32.7840019], [-96.8125885, 32.7839971]]}, "properties": {"class": "secondary"}}, {"type": "Feature", "geometry": {"type": "LineString", "coordinates": [[-96.8117301, 32.7840862], [-96.8121935, 32.7840426]]}, "properties": {"class": "secondary"}}, {"type": "Feature", "geometry": {"type": "LineString", "coordinates": [[-96.8175871, 32.801081], [-96.8177711, 32.8013032], [-96.8178295, 32.8013775], [-96.8180487, 32.8016307], [-96.8184555, 32.8020918], [-96.8184756, 32.8021146], [-96.8185599, 32.8022178], [-96.8189611, 32.8027091]]}, "properties": {"class": "primary"}}, {"type": "Feature", "geometry": {"type": "LineString", "coordinates": [[-96.8090316, 32.7901555], [-96.8090907, 32.7902479], [-96.8091335, 32.7903084], [-96.8091754, 32.790368], [-96.809548, 32.7908282], [-96.8096126, 32.7908979], [-96.8096983, 32.7909893], [-96.8101285, 32.7914667], [-96.8101939, 32.7915325]]}, "properties": {"class": "secondary"}}, {"type": "Feature", "geometry": {"type": "LineString", "coordinates": [[-96.808747, 32.7886372], [-96.8087787, 32.7890033], [-96.8087812, 32.7890368], [-96.8087859, 32.7891017]]}, "properties": {"class": "secondary"}}, {"type": "Feature", "geometry": {"type": "LineString", "coordinates": [[-96.8074953, 32.7896421], [-96.80752, 32.789676], [-96.807578, 32.789782], [-96.8076123, 32.7898636], [-96.8076296, 32.78991], [-96.8076623, 32.7900143]]}, "properties": {"class": "secondary"}}, {"type": "Feature", "geometry": {"type": "LineString", "coordinates": [[-96.8078615, 32.7904369], [-96.8078628, 32.7903401], [-96.8078572, 32.7901959], [-96.807844, 32.7900834], [-96.8078393, 32.7900568], [-96.8078199, 32.7899675]]}, "properties": {"class": "secondary"}}, {"type": "Feature", "geometry": {"type": "LineString", "coordinates": [[-96.8054637, 32.7929341], [-96.8052449, 32.792956], [-96.805215, 32.792959], [-96.8051519, 32.7929654]]}, "properties": {"class": "secondary"}}, {"type": "Feature", "geometry": {"type": "LineString", "coordinates": [[-96.8057725, 32.7928296], [-96.8056954, 32.7928755], [-96.805687, 32.7928806], [-96.805618, 32.792904], [-96.8055088, 32.7929293], [-96.8054637, 32.7929341]]}, "properties": {"class": "secondary"}}, {"type": "Feature", "geometry": {"type": "LineString", "coordinates": [[-96.8111047, 32.795439], [-96.8108619, 32.7951875], [-96.8107966, 32.7951258]]}, "properties": {"class": "secondary"}}, {"type": "Feature", "geometry": {"type": "LineString", "coordinates": [[-96.8120688, 32.7964313], [-96.811646, 32.796003], [-96.8111047, 32.795439]]}, "properties": {"class": "secondary"}}, {"type": "Feature", "geometry": {"type": "LineString", "coordinates": [[-96.8078994, 32.7925459], [-96.8077119, 32.7923812], [-96.8076816, 32.7923563], [-96.8076338, 32.7923185]]}, "properties": {"class": "secondary"}}, {"type": "Feature", "geometry": {"type": "LineString", "coordinates": [[-96.8107966, 32.7951258], [-96.8107461, 32.7950783], [-96.8105807, 32.7949292], [-96.8100677, 32.7944724], [-96.8099391, 32.7943562], [-96.8099002, 32.7943236], [-96.8098359, 32.7942664], [-96.8096233, 32.7940771]]}, "properties": {"class": "secondary"}}, {"type": "Feature", "geometry": {"type": "LineString", "coordinates": [[-96.8054446, 32.7978581], [-96.8054496, 32.7979771], [-96.8054215, 32.7982253]]}, "properties": {"class": "secondary"}}, {"type": "Feature", "geometry": {"type": "LineString", "coordinates": [[-96.8052431, 32.7956423], [-96.8052592, 32.7958015]]}, "properties": {"class": "secondary"}}, {"type": "Feature", "geometry": {"type": "LineString", "coordinates": [[-96.8053776, 32.7986212], [-96.8053229, 32.7990873]]}, "properties": {"class": "secondary"}}, {"type": "Feature", "geometry": {"type": "LineString", "coordinates": [[-96.8053894, 32.8003101], [-96.8054604, 32.8005924], [-96.8054843, 32.8006927]]}, "properties": {"class": "secondary"}}, {"type": "Feature", "geometry": {"type": "LineString", "coordinates": [[-96.8053405, 32.7967687], [-96.8053708, 32.7970659], [-96.8054095, 32.7974419]]}, "properties": {"class": "secondary"}}, {"type": "Feature", "geometry": {"type": "LineString", "coordinates": [[-96.8057602, 32.7888035], [-96.8056721, 32.7888787], [-96.8051755, 32.7893031], [-96.8051465, 32.7893276], [-96.8050875, 32.7893569], [-96.8050274, 32.7893767]]}, "properties": {"class": "secondary"}}, {"type": "Feature", "geometry": {"type": "LineString", "coordinates": [[-96.8056659, 32.8008884], [-96.8056111, 32.8007005], [-96.8055955, 32.8006009]]}, "properties": {"class": "secondary"}}, {"type": "Feature", "geometry": {"type": "LineString", "coordinates": [[-96.8055955, 32.8006009], [-96.8055796, 32.8004944], [-96.805544, 32.8003261], [-96.8054903, 32.8001077]]}, "properties": {"class": "secondary"}}, {"type": "Feature", "geometry": {"type": "LineString", "coordinates": [[-96.8054903, 32.8001077], [-96.8054459, 32.7999195], [-96.8054244, 32.7997573], [-96.8054243, 32.7997533], [-96.8054192, 32.7995336]]}, "properties": {"class": "secondary"}}, {"type": "Feature", "geometry": {"type": "LineString", "coordinates": [[-96.8052851, 32.7994179], [-96.8052721, 32.7996114], [-96.8052721, 32.7996745], [-96.8052749, 32.7997019], [-96.8052934, 32.7998845], [-96.8053253, 32.8000432], [-96.8053441, 32.8001251], [-96.8053894, 32.8003101]]}, "properties": {"class": "secondary"}}, {"type": "Feature", "geometry": {"type": "LineString", "coordinates": [[-96.8051706, 32.7940217], [-96.8051514, 32.793727], [-96.8051135, 32.7931906], [-96.8051116, 32.7931641], [-96.805106, 32.7930841]]}, "properties": {"class": "secondary"}}, {"type": "Feature", "geometry": {"type": "LineString", "coordinates": [[-96.8024176, 32.7953056], [-96.8027162, 32.795562], [-96.8027909, 32.7956234], [-96.803196, 32.795956], [-96.8034038, 32.7961267], [-96.8038231, 32.7964837], [-96.804655, 32.7971883], [-96.8047185, 32.7972433]]}, "properties": {"class": "residential"}}, {"type": "Feature", "geometry": {"type": "LineString", "coordinates": [[-96.7918608, 32.7923266], [-96.7918859, 32.7925831], [-96.7919292, 32.7929043], [-96.7919463, 32.7930307]]}, "properties": {"class": "secondary"}}, {"type": "Feature", "geometry": {"type": "LineString", "coordinates": [[-96.7962736, 32.7894375], [-96.7963282, 32.7893912], [-96.7964707, 32.7892697]]}, "properties": {"class": "secondary"}}, {"type": "Feature", "geometry": {"type": "LineString", "coordinates": [[-96.7940539, 32.7912583], [-96.7941357, 32.79119], [-96.7943937, 32.7909746], [-96.7944048, 32.7909654]]}, "properties": {"class": "secondary"}}, {"type": "Feature", "geometry": {"type": "LineString", "coordinates": [[-96.7937768, 32.7915245], [-96.7938153, 32.7914875], [-96.7940539, 32.7912583]]}, "properties": {"class": "secondary"}}, {"type": "Feature", "geometry": {"type": "LineString", "coordinates": [[-96.7944048, 32.7909654], [-96.79464, 32.7907813], [-96.7947454, 32.7906943], [-96.7948612, 32.7906001]]}, "properties": {"class": "secondary"}}, {"type": "Feature", "geometry": {"type": "LineString", "coordinates": [[-96.7912627, 32.7936142], [-96.7911689, 32.7936917], [-96.7910649, 32.7937778], [-96.7907737, 32.7940186], [-96.7906494, 32.7941144], [-96.7904775, 32.7942637], [-96.7904412, 32.7942937], [-96.7902753, 32.7944316]]}, "properties": {"class": "secondary"}}, {"type": "Feature", "geometry": {"type": "LineString", "coordinates": [[-96.7948612, 32.7906001], [-96.7949809, 32.7905036], [-96.7951529, 32.7903619]]}, "properties": {"class": "secondary"}}, {"type": "Feature", "geometry": {"type": "LineString", "coordinates": [[-96.7951529, 32.7903619], [-96.7953165, 32.7902271], [-96.795432, 32.790132], [-96.7955117, 32.7900663], [-96.7956743, 32.7899318], [-96.7957307, 32.7898858], [-96.7957446, 32.7898744], [-96.7957885, 32.7898383], [-96.7958789, 32.7897638], [-96.7962173, 32.789485], [-96.7962736, 32.7894375]]}, "properties": {"class": "secondary"}}, {"type": "Feature", "geometry": {"type": "LineString", "coordinates": [[-96.8150379, 32.7944042], [-96.8152647, 32.7944297]]}, "properties": {"class": "secondary"}}, {"type": "Feature", "geometry": {"type": "LineString", "coordinates": [[-96.8152723, 32.7950479], [-96.8152117, 32.7948839]]}, "properties": {"class": "secondary"}}, {"type": "Feature", "geometry": {"type": "LineString", "coordinates": [[-96.8190359, 32.7981772], [-96.8188993, 32.7980947]]}, "properties": {"class": "secondary"}}, {"type": "Feature", "geometry": {"type": "LineString", "coordinates": [[-96.8193775, 32.7983812], [-96.8191276, 32.798232], [-96.8190973, 32.7982139], [-96.8190359, 32.7981772]]}, "properties": {"class": "secondary"}}, {"type": "Feature", "geometry": {"type": "LineString", "coordinates": [[-96.8152117, 32.7948839], [-96.8150675, 32.7945044], [-96.8150379, 32.7944042]]}, "properties": {"class": "secondary"}}, {"type": "Feature", "geometry": {"type": "LineString", "coordinates": [[-96.8204281, 32.7960906], [-96.8202563, 32.7963304], [-96.8202434, 32.7963485], [-96.8201978, 32.7964121]]}, "properties": {"class": "secondary"}}, {"type": "Feature", "geometry": {"type": "LineString", "coordinates": [[-96.8200631, 32.7965995], [-96.8201331, 32.7965012], [-96.8201978, 32.7964121]]}, "properties": {"class": "secondary"}}, {"type": "Feature", "geometry": {"type": "LineString", "coordinates": [[-96.8200631, 32.7965995], [-96.8200153, 32.7966668], [-96.8199947, 32.7966956], [-96.8198257, 32.7969314]]}, "properties": {"class": "secondary"}}, {"type": "Feature", "geometry": {"type": "LineString", "coordinates": [[-96.8198257, 32.7969314], [-96.819703, 32.7971026], [-96.8194255, 32.79749], [-96.8193442, 32.7976079]]}, "properties": {"class": "secondary"}}, {"type": "Feature", "geometry": {"type": "LineString", "coordinates": [[-96.7874415, 32.8030347], [-96.7874083, 32.8030061], [-96.7872978, 32.8029108], [-96.7868126, 32.8024922], [-96.7867604, 32.8024479], [-96.7867163, 32.802409], [-96.7864267, 32.8021586], [-96.7861365, 32.8019076], [-96.7859603, 32.8017553], [-96.7859306, 32.8017296], [-96.7858522, 32.8016618], [-96.7857406, 32.8015653], [-96.7855616, 32.8014105], [-96.7855234, 32.8013775], [-96.7854703, 32.8013316], [-96.7852884, 32.8011742], [-96.7851078, 32.8010238], [-96.7849809, 32.8009106], [-96.7847816, 32.8007363], [-96.7847386, 32.8006989], [-96.7847006, 32.8006661], [-96.7842248, 32.8002546], [-96.784022, 32.8000792], [-96.7838864, 32.799962], [-96.7837946, 32.7998953]]}, "properties": {"class": "secondary"}}, {"type": "Feature", "geometry": {"type": "LineString", "coordinates": [[-96.7837946, 32.7998953], [-96.7837396, 32.7999415], [-96.7835252, 32.8001186], [-96.7834671, 32.8001672]]}, "properties": {"class": "secondary"}}, {"type": "Feature", "geometry": {"type": "LineString", "coordinates": [[-96.7834671, 32.8001672], [-96.7833601, 32.8002602], [-96.7833231, 32.8002924], [-96.7830429, 32.8005359], [-96.7824736, 32.8010117]]}, "properties": {"class": "secondary"}}, {"type": "Feature", "geometry": {"type": "LineString", "coordinates": [[-96.7922615, 32.7897353], [-96.7922426, 32.7894473]]}, "properties": {"class": "primary"}}, {"type": "Feature", "geometry": {"type": "LineString", "coordinates": [[-96.811103, 32.7893797], [-96.8110061, 32.789064], [-96.8109637, 32.7889232]]}, "properties": {"class": "secondary"}}, {"type": "Feature", "geometry": {"type": "LineString", "coordinates": [[-96.8109637, 32.7889232], [-96.8109333, 32.7888212], [-96.8108933, 32.788687], [-96.8108222, 32.7884483], [-96.8108008, 32.7883763], [-96.810773, 32.7882831], [-96.8107036, 32.78805], [-96.8106394, 32.7878327], [-96.8104769, 32.787289], [-96.8104695, 32.7872642], [-96.8104534, 32.7872102], [-96.8104408, 32.7871679], [-96.8102921, 32.786668], [-96.8101823, 32.7862989], [-96.8101662, 32.7862449]]}, "properties": {"class": "secondary"}}, {"type": "Feature", "geometry": {"type": "LineString", "coordinates": [[-96.773464, 32.7648422], [-96.7733219, 32.7649526]]}, "properties": {"class": "secondary"}}, {"type": "Feature", "geometry": {"type": "LineString", "coordinates": [[-96.7732033, 32.7650461], [-96.7731235, 32.7651069]]}, "properties": {"class": "secondary"}}, {"type": "Feature", "geometry": {"type": "LineString", "coordinates": [[-96.772979, 32.7652238], [-96.7726872, 32.7654609]]}, "properties": {"class": "secondary"}}, {"type": "Feature", "geometry": {"type": "LineString", "coordinates": [[-96.7726872, 32.7654609], [-96.7723532, 32.7657487], [-96.7722242, 32.7658603], [-96.7719367, 32.7661084]]}, "properties": {"class": "secondary"}}, {"type": "Feature", "geometry": {"type": "LineString", "coordinates": [[-96.778208, 32.7660829], [-96.7781201, 32.7660334], [-96.7778913, 32.7658382], [-96.7772528, 32.7653066], [-96.7772106, 32.7652702], [-96.7770978, 32.7651685], [-96.7765989, 32.7647395]]}, "properties": {"class": "residential"}}, {"type": "Feature", "geometry": {"type": "LineString", "coordinates": [[-96.7794578, 32.7567031], [-96.77937, 32.756628], [-96.7792128, 32.7564939], [-96.7790273, 32.7563359], [-96.778522, 32.755905], [-96.7784394, 32.7558334], [-96.7777012, 32.7551963], [-96.777522, 32.755043], [-96.777329, 32.754931], [-96.777112, 32.754851], [-96.776882, 32.754821], [-96.7761741, 32.7547624], [-96.7757024, 32.7547218], [-96.775206, 32.754679]]}, "properties": {"class": "secondary"}}, {"type": "Feature", "geometry": {"type": "LineString", "coordinates": [[-96.7814829, 32.7584265], [-96.781149, 32.75815]]}, "properties": {"class": "secondary"}}, {"type": "Feature", "geometry": {"type": "LineString", "coordinates": [[-96.7940352, 32.7598311], [-96.7939758, 32.7599518], [-96.7939181, 32.7600568], [-96.7938679, 32.760155]]}, "properties": {"class": "secondary"}}, {"type": "Feature", "geometry": {"type": "LineString", "coordinates": [[-96.7937904, 32.760291], [-96.793703, 32.7604538], [-96.7935721, 32.7606922], [-96.7933868, 32.7609822], [-96.7930463, 32.7614247]]}, "properties": {"class": "secondary"}}, {"type": "Feature", "geometry": {"type": "LineString", "coordinates": [[-96.8109834, 32.7530526], [-96.8108495, 32.7530383], [-96.8107725, 32.753035], [-96.8107107, 32.7530324], [-96.8105876, 32.7530838]]}, "properties": {"class": "secondary"}}, {"type": "Feature", "geometry": {"type": "LineString", "coordinates": [[-96.8102845, 32.7533369], [-96.810208, 32.7534038], [-96.8101565, 32.7534488]]}, "properties": {"class": "secondary"}}, {"type": "Feature", "geometry": {"type": "LineString", "coordinates": [[-96.7961155, 32.7681248], [-96.7957772, 32.7678875], [-96.7957022, 32.7678352]]}, "properties": {"class": "secondary"}}, {"type": "Feature", "geometry": {"type": "LineString", "coordinates": [[-96.7924421, 32.7730536], [-96.7920565, 32.7733772], [-96.7919803, 32.7734384]]}, "properties": {"class": "secondary"}}, {"type": "Feature", "geometry": {"type": "LineString", "coordinates": [[-96.7916841, 32.7736789], [-96.791606, 32.773719], [-96.79144, 32.773795], [-96.7912519, 32.7738567]]}, "properties": {"class": "secondary"}}, {"type": "Feature", "geometry": {"type": "LineString", "coordinates": [[-96.8029906, 32.7798533], [-96.8030826, 32.7798329], [-96.8032127, 32.7798041], [-96.8032751, 32.7797903]]}, "properties": {"class": "secondary"}}, {"type": "Feature", "geometry": {"type": "LineString", "coordinates": [[-96.8042961, 32.7795754], [-96.8043874, 32.7795569], [-96.8051011, 32.7794119]]}, "properties": {"class": "secondary"}}, {"type": "Feature", "geometry": {"type": "LineString", "coordinates": [[-96.7997581, 32.7813324], [-96.7997289, 32.7812428], [-96.7995584, 32.780658], [-96.7995349, 32.7805827]]}, "properties": {"class": "secondary"}}, {"type": "Feature", "geometry": {"type": "LineString", "coordinates": [[-96.7998672, 32.7817191], [-96.7997821, 32.7814148], [-96.7997581, 32.7813324]]}, "properties": {"class": "secondary"}}, {"type": "Feature", "geometry": {"type": "LineString", "coordinates": [[-96.8070455, 32.7761391], [-96.8069734, 32.7759103], [-96.8069287, 32.7757945]]}, "properties": {"class": "secondary"}}, {"type": "Feature", "geometry": {"type": "LineString", "coordinates": [[-96.8089676, 32.7832358], [-96.8089579, 32.7831519], [-96.8089029, 32.7826602], [-96.8088264, 32.7819819], [-96.8088105, 32.7818888], [-96.8087872, 32.7818031], [-96.8087236, 32.7816125]]}, "properties": {"class": "secondary"}}, {"type": "Feature", "geometry": {"type": "LineString", "coordinates": [[-96.7928038, 32.7974954], [-96.7928558, 32.7976226]]}, "properties": {"class": "motorway"}}, {"type": "Feature", "geometry": {"type": "LineString", "coordinates": [[-96.7923747, 32.7982414], [-96.7926099, 32.7984413], [-96.7926856, 32.7985076]]}, "properties": {"class": "tertiary"}}, {"type": "Feature", "geometry": {"type": "LineString", "coordinates": [[-96.7932915, 32.7990336], [-96.7934352, 32.799149]]}, "properties": {"class": "tertiary"}}, {"type": "Feature", "geometry": {"type": "LineString", "coordinates": [[-96.7928042, 32.7986188], [-96.7931373, 32.7988957]]}, "properties": {"class": "tertiary"}}, {"type": "Feature", "geometry": {"type": "LineString", "coordinates": [[-96.8201978, 32.7964121], [-96.8200323, 32.7963306], [-96.8190843, 32.7958782], [-96.8187898, 32.7957327], [-96.8186437, 32.7956609], [-96.817843, 32.7952735], [-96.817144, 32.7949288], [-96.8170269, 32.7948733], [-96.8165806, 32.7946561], [-96.8163803, 32.7945567], [-96.8161955, 32.7944678], [-96.8160998, 32.7944183], [-96.8159042, 32.794317], [-96.815803, 32.7942746], [-96.815696, 32.7942431], [-96.8155821, 32.7942209]]}, "properties": {"class": "tertiary"}}, {"type": "Feature", "geometry": {"type": "LineString", "coordinates": [[-96.8210169, 32.7970586], [-96.8212311, 32.7971661], [-96.8216719, 32.797386], [-96.8217088, 32.7974044], [-96.8218673, 32.7974764], [-96.821989, 32.7975312], [-96.8227997, 32.7979176], [-96.8228335, 32.7979288]]}, "properties": {"class": "tertiary"}}, {"type": "Feature", "geometry": {"type": "LineString", "coordinates": [[-96.769, 32.789993], [-96.7691051, 32.790083], [-96.7694779, 32.7904025], [-96.7696539, 32.7905533], [-96.7698706, 32.790739], [-96.7699255, 32.7907861], [-96.7699922, 32.7908432], [-96.7701835, 32.7910072], [-96.7706106, 32.7913732], [-96.7713625, 32.7920175], [-96.7715027, 32.7921376], [-96.7715529, 32.7921806], [-96.7716184, 32.7922367], [-96.7730848, 32.7934933], [-96.7731304, 32.7935323], [-96.7731836, 32.7935779], [-96.7734428, 32.7938], [-96.7735081, 32.7938559], [-96.7735859, 32.7939226], [-96.7737109, 32.7940298], [-96.7741225, 32.794379], [-96.7741569, 32.794412], [-96.7742089, 32.7944565], [-96.7746305, 32.7948178], [-96.7747314, 32.7949043], [-96.7748598, 32.7950143], [-96.775134, 32.7952492], [-96.7751948, 32.7953013]]}, "properties": {"class": "secondary"}}, {"type": "Feature", "geometry": {"type": "LineString", "coordinates": [[-96.7721231, 32.783129], [-96.7724379, 32.7833997], [-96.7726132, 32.7835502], [-96.7726685, 32.7836095], [-96.772786, 32.7837789], [-96.77286, 32.7839242]]}, "properties": {"class": "secondary"}}, {"type": "Feature", "geometry": {"type": "LineString", "coordinates": [[-96.7867596, 32.7632783], [-96.7865115, 32.763478], [-96.7861616, 32.7637535], [-96.7860444, 32.7638538]]}, "properties": {"class": "residential"}}, {"type": "Feature", "geometry": {"type": "LineString", "coordinates": [[-96.7927992, 32.7705636], [-96.7927347, 32.7706461], [-96.7927174, 32.7706663], [-96.7923945, 32.7709367], [-96.7918037, 32.771372], [-96.7917525, 32.7714096], [-96.7917064, 32.7714441], [-96.7906511, 32.7722339]]}, "properties": {"class": "residential"}}, {"type": "Feature", "geometry": {"type": "LineString", "coordinates": [[-96.7968133, 32.7667047], [-96.79649, 32.767032], [-96.7963563, 32.7671683], [-96.7962189, 32.7673084], [-96.7957888, 32.7677469], [-96.7957022, 32.7678352]]}, "properties": {"class": "residential"}}, {"type": "Feature", "geometry": {"type": "LineString", "coordinates": [[-96.8074679, 32.7852066], [-96.8075134, 32.7851711], [-96.8076076, 32.7850785], [-96.8080505, 32.7846917], [-96.8080717, 32.7846739], [-96.8081188, 32.7846345]]}, "properties": {"class": "secondary"}}, {"type": "Feature", "geometry": {"type": "LineString", "coordinates": [[-96.8068192, 32.7857382], [-96.8069079, 32.7856653], [-96.8071042, 32.7855039], [-96.8071566, 32.7854608]]}, "properties": {"class": "secondary"}}, {"type": "Feature", "geometry": {"type": "LineString", "coordinates": [[-96.7996717, 32.7704404], [-96.799548, 32.7705652]]}, "properties": {"class": "secondary"}}, {"type": "Feature", "geometry": {"type": "LineString", "coordinates": [[-96.7987714, 32.7716799], [-96.7987417, 32.7717113], [-96.7986738, 32.7717868], [-96.7985513, 32.7719107]]}, "properties": {"class": "secondary"}}, {"type": "Feature", "geometry": {"type": "LineString", "coordinates": [[-96.7744899, 32.7839849], [-96.7743734, 32.7840393], [-96.7742444, 32.7841174], [-96.7741545, 32.7841876], [-96.7740286, 32.7842942]]}, "properties": {"class": "secondary"}}, {"type": "Feature", "geometry": {"type": "LineString", "coordinates": [[-96.7810788, 32.7544815], [-96.7808751, 32.754827], [-96.7806858, 32.7551818], [-96.7804982, 32.7555992], [-96.7803932, 32.7558649], [-96.7803098, 32.7561273], [-96.7802167, 32.7564094], [-96.7801319, 32.7567259], [-96.7799212, 32.7576554]]}, "properties": {"class": "secondary"}}, {"type": "Feature", "geometry": {"type": "LineString", "coordinates": [[-96.8051894, 32.7944369], [-96.8051452, 32.7945824], [-96.8051544, 32.794693], [-96.8051627, 32.7947703], [-96.8051762, 32.7949188]]}, "properties": {"class": "secondary"}}, {"type": "Feature", "geometry": {"type": "LineString", "coordinates": [[-96.7792705, 32.75972], [-96.7791951, 32.759658], [-96.7783751, 32.758964]]}, "properties": {"class": "residential"}}, {"type": "Feature", "geometry": {"type": "LineString", "coordinates": [[-96.7914497, 32.7632416], [-96.7914084, 32.7632783]]}, "properties": {"class": "secondary"}}, {"type": "Feature", "geometry": {"type": "LineString", "coordinates": [[-96.7930463, 32.7614247], [-96.793029, 32.7614505], [-96.7929219, 32.7616106], [-96.7928394, 32.761723], [-96.7927153, 32.7618968]]}, "properties": {"class": "secondary"}}, {"type": "Feature", "geometry": {"type": "LineString", "coordinates": [[-96.8092822, 32.8011244], [-96.8095547, 32.8013632]]}, "properties": {"class": "residential"}}, {"type": "Feature", "geometry": {"type": "LineString", "coordinates": [[-96.8098292, 32.8015974], [-96.809945, 32.8016885], [-96.810722, 32.80234], [-96.8111329, 32.8026872], [-96.8112229, 32.8027633], [-96.811238, 32.802776], [-96.8118315, 32.8032639], [-96.8118844, 32.8033064]]}, "properties": {"class": "residential"}}, {"type": "Feature", "geometry": {"type": "LineString", "coordinates": [[-96.7884081, 32.7851142], [-96.7884411, 32.7850978], [-96.7888093, 32.7849142], [-96.788958, 32.78484]]}, "properties": {"class": "tertiary"}}, {"type": "Feature", "geometry": {"type": "LineString", "coordinates": [[-96.7755782, 32.7683079], [-96.775424, 32.7684285], [-96.7749575, 32.7688259], [-96.7748074, 32.7689519], [-96.7738932, 32.7697268], [-96.7734887, 32.7700676], [-96.773234, 32.7702836], [-96.7726685, 32.7707648], [-96.7723755, 32.7710085], [-96.772305, 32.7710685], [-96.7721709, 32.7711814], [-96.7720921, 32.7712496], [-96.7720267, 32.7713024], [-96.7716424, 32.771625], [-96.771553, 32.7717]]}, "properties": {"class": "tertiary"}}, {"type": "Feature", "geometry": {"type": "LineString", "coordinates": [[-96.7843291, 32.7609258], [-96.7842431, 32.7609982], [-96.7842187, 32.7610188], [-96.7836824, 32.7614693]]}, "properties": {"class": "tertiary"}}, {"type": "Feature", "geometry": {"type": "LineString", "coordinates": [[-96.8069726, 32.7917697], [-96.8063011, 32.7912014], [-96.8062857, 32.7911883], [-96.806224, 32.791136]]}, "properties": {"class": "secondary"}}, {"type": "Feature", "geometry": {"type": "LineString", "coordinates": [[-96.8075953, 32.792285], [-96.807578, 32.7922725], [-96.8071193, 32.7918882], [-96.8070927, 32.7918645], [-96.8070278, 32.7918142]]}, "properties": {"class": "secondary"}}, {"type": "Feature", "geometry": {"type": "LineString", "coordinates": [[-96.772859, 32.782537], [-96.772792, 32.7825909], [-96.7727779, 32.7826023], [-96.7724112, 32.7828973], [-96.7721877, 32.783077], [-96.7721231, 32.783129]]}, "properties": {"class": "residential"}}, {"type": "Feature", "geometry": {"type": "LineString", "coordinates": [[-96.7885111, 32.7893379], [-96.7885795, 32.7892797], [-96.7887837, 32.7891077], [-96.7889141, 32.7889976]]}, "properties": {"class": "tertiary"}}, {"type": "Feature", "geometry": {"type": "LineString", "coordinates": [[-96.790489, 32.7876661], [-96.7905428, 32.7876206]]}, "properties": {"class": "tertiary"}}, {"type": "Feature", "geometry": {"type": "LineString", "coordinates": [[-96.773807, 32.7858211], [-96.7735715, 32.7857587]]}, "properties": {"class": "secondary"}}, {"type": "Feature", "geometry": {"type": "LineString", "coordinates": [[-96.8052983, 32.7962529], [-96.8054279, 32.7963677]]}, "properties": {"class": "secondary"}}, {"type": "Feature", "geometry": {"type": "LineString", "coordinates": [[-96.7772806, 32.761515], [-96.7771565, 32.7616236], [-96.7769918, 32.7617673], [-96.7768036, 32.7619314], [-96.7767355, 32.7619926]]}, "properties": {"class": "secondary"}}, {"type": "Feature", "geometry": {"type": "LineString", "coordinates": [[-96.7833812, 32.756264], [-96.7827408, 32.7567932], [-96.7823867, 32.7570725], [-96.7823526, 32.7571006], [-96.7814513, 32.7578864], [-96.781149, 32.75815]]}, "properties": {"class": "residential"}}, {"type": "Feature", "geometry": {"type": "LineString", "coordinates": [[-96.793505, 32.766267], [-96.7934438, 32.766326], [-96.793272, 32.7664918], [-96.7931121, 32.766646]]}, "properties": {"class": "residential"}}, {"type": "Feature", "geometry": {"type": "LineString", "coordinates": [[-96.7931121, 32.766646], [-96.7930848, 32.7666724], [-96.7927763, 32.7669699], [-96.7927235, 32.7670222], [-96.7926769, 32.7670675], [-96.7920582, 32.7676935], [-96.7919875, 32.767765]]}, "properties": {"class": "residential"}}, {"type": "Feature", "geometry": {"type": "LineString", "coordinates": [[-96.8053968, 32.7857379], [-96.8053053, 32.7858266]]}, "properties": {"class": "secondary"}}, {"type": "Feature", "geometry": {"type": "LineString", "coordinates": [[-96.8074884, 32.7840346], [-96.8073599, 32.7840933], [-96.8071504, 32.784262], [-96.8069552, 32.7844224], [-96.8067469, 32.7845985]]}, "properties": {"class": "secondary"}}, {"type": "Feature", "geometry": {"type": "LineString", "coordinates": [[-96.8050025, 32.7919955], [-96.8051203, 32.7921255]]}, "properties": {"class": "secondary"}}, {"type": "Feature", "geometry": {"type": "LineString", "coordinates": [[-96.8094554, 32.7962023], [-96.8095076, 32.7962471], [-96.8098657, 32.7965422], [-96.8100766, 32.7967266], [-96.8102959, 32.7969262], [-96.8103443, 32.796968]]}, "properties": {"class": "secondary"}}, {"type": "Feature", "geometry": {"type": "LineString", "coordinates": [[-96.8062822, 32.7924571], [-96.8058757, 32.7927681], [-96.8058521, 32.7927822], [-96.8057725, 32.7928296]]}, "properties": {"class": "secondary"}}, {"type": "Feature", "geometry": {"type": "LineString", "coordinates": [[-96.80762, 32.791282], [-96.807583, 32.791341], [-96.8075, 32.791421], [-96.8071364, 32.7917214], [-96.8071265, 32.79173], [-96.8070278, 32.7918142]]}, "properties": {"class": "secondary"}}, {"type": "Feature", "geometry": {"type": "LineString", "coordinates": [[-96.7934081, 32.7978309], [-96.7934201, 32.7975153], [-96.7934403, 32.7972672], [-96.7935382, 32.7966844], [-96.7935569, 32.7964725], [-96.7935422, 32.7962109], [-96.7934899, 32.7958618], [-96.7934318, 32.7954934], [-96.7933714, 32.7951491]]}, "properties": {"class": "secondary"}}, {"type": "Feature", "geometry": {"type": "LineString", "coordinates": [[-96.7931439, 32.7927567], [-96.793113, 32.7925019]]}, "properties": {"class": "secondary"}}, {"type": "Feature", "geometry": {"type": "LineString", "coordinates": [[-96.7919463, 32.7930307], [-96.7919608, 32.7931678], [-96.7919838, 32.7932911]]}, "properties": {"class": "secondary"}}, {"type": "Feature", "geometry": {"type": "LineString", "coordinates": [[-96.793113, 32.7925019], [-96.7930614, 32.7922568], [-96.7930338, 32.7921138]]}, "properties": {"class": "secondary"}}, {"type": "Feature", "geometry": {"type": "LineString", "coordinates": [[-96.7903745, 32.7842356], [-96.790465, 32.7843147], [-96.7906347, 32.784469], [-96.7908466, 32.7846911]]}, "properties": {"class": "secondary"}}, {"type": "Feature", "geometry": {"type": "LineString", "coordinates": [[-96.7917694, 32.7913556], [-96.791778, 32.7914556], [-96.7918059, 32.7917653], [-96.7918608, 32.7923266]]}, "properties": {"class": "secondary"}}, {"type": "Feature", "geometry": {"type": "LineString", "coordinates": [[-96.8062197, 32.7877603], [-96.8062506, 32.7878505], [-96.8062612, 32.7878969], [-96.8062718, 32.7879437], [-96.8062938, 32.7880961], [-96.8062964, 32.7881285], [-96.806317, 32.788328]]}, "properties": {"class": "secondary"}}, {"type": "Feature", "geometry": {"type": "LineString", "coordinates": [[-96.7864333, 32.7837083], [-96.786472, 32.7838675], [-96.7865084, 32.7840159], [-96.78653, 32.7840865]]}, "properties": {"class": "secondary"}}, {"type": "Feature", "geometry": {"type": "LineString", "coordinates": [[-96.790489, 32.7876661], [-96.790584, 32.7877416], [-96.790817, 32.7879272], [-96.7910377, 32.7880824]]}, "properties": {"class": "secondary"}}, {"type": "Feature", "geometry": {"type": "LineString", "coordinates": [[-96.8038576, 32.782427], [-96.803836, 32.782369], [-96.8037902, 32.7822851], [-96.8037812, 32.7822691], [-96.8037386, 32.7821911]]}, "properties": {"class": "secondary"}}, {"type": "Feature", "geometry": {"type": "LineString", "coordinates": [[-96.8040994, 32.7844872], [-96.8041387, 32.7838385], [-96.8041424, 32.7837584]]}, "properties": {"class": "secondary"}}, {"type": "Feature", "geometry": {"type": "LineString", "coordinates": [[-96.7898453, 32.7855244], [-96.7899156, 32.7855853], [-96.7902918, 32.785911], [-96.7906774, 32.7862459], [-96.7907055, 32.7862692], [-96.7907463, 32.7863046]]}, "properties": {"class": "residential"}}, {"type": "Feature", "geometry": {"type": "LineString", "coordinates": [[-96.8051706, 32.7940217], [-96.8052783, 32.7940195], [-96.8055153, 32.7940195], [-96.805618, 32.7940195], [-96.8057434, 32.7941229], [-96.8061064, 32.7944231], [-96.8061943, 32.7944964], [-96.8063375, 32.794624], [-96.8064735, 32.7947383]]}, "properties": {"class": "residential"}}, {"type": "Feature", "geometry": {"type": "LineString", "coordinates": [[-96.8025448, 32.7881149], [-96.8024916, 32.7880718], [-96.8022395, 32.787867], [-96.8017124, 32.7874126], [-96.8011574, 32.7869441], [-96.8010734, 32.7868733], [-96.8006107, 32.7864834]]}, "properties": {"class": "tertiary"}}, {"type": "Feature", "geometry": {"type": "LineString", "coordinates": [[-96.7974392, 32.7837395], [-96.7967146, 32.7832075]]}, "properties": {"class": "tertiary"}}, {"type": "Feature", "geometry": {"type": "LineString", "coordinates": [[-96.8198527, 32.7986482], [-96.8193775, 32.7983812]]}, "properties": {"class": "secondary"}}, {"type": "Feature", "geometry": {"type": "LineString", "coordinates": [[-96.8186244, 32.7987503], [-96.8189802, 32.7982545]]}, "properties": {"class": "secondary"}}, {"type": "Feature", "geometry": {"type": "LineString", "coordinates": [[-96.818838, 32.798182], [-96.8184792, 32.7986726]]}, "properties": {"class": "secondary"}}, {"type": "Feature", "geometry": {"type": "LineString", "coordinates": [[-96.8189802, 32.7982545], [-96.8190359, 32.7981772]]}, "properties": {"class": "secondary"}}, {"type": "Feature", "geometry": {"type": "LineString", "coordinates": [[-96.8191777, 32.7977208], [-96.8190813, 32.797844], [-96.8189759, 32.7979883], [-96.8189597, 32.7980105], [-96.8188993, 32.7980947], [-96.818838, 32.798182]]}, "properties": {"class": "secondary"}}, {"type": "Feature", "geometry": {"type": "LineString", "coordinates": [[-96.806224, 32.791136], [-96.8063197, 32.7910546], [-96.8065445, 32.7908723], [-96.8066034, 32.790823], [-96.8066499, 32.7907844], [-96.8067076, 32.7907342], [-96.8071688, 32.790385], [-96.8073218, 32.7902692], [-96.8075652, 32.790087], [-96.8075874, 32.7900691], [-96.8076623, 32.7900143]]}, "properties": {"class": "secondary"}}, {"type": "Feature", "geometry": {"type": "LineString", "coordinates": [[-96.788958, 32.78484], [-96.7890484, 32.784796], [-96.7891946, 32.7847252], [-96.7893964, 32.7846267], [-96.7896035, 32.7845231], [-96.7898135, 32.7844285], [-96.7899511, 32.7843743], [-96.7900818, 32.7843289], [-96.7902716, 32.7842669], [-96.7903745, 32.7842356]]}, "properties": {"class": "tertiary"}}, {"type": "Feature", "geometry": {"type": "LineString", "coordinates": [[-96.782668, 32.7605854], [-96.7817127, 32.7597598], [-96.7816242, 32.7597035], [-96.781513, 32.7596854]]}, "properties": {"class": "residential"}}, {"type": "Feature", "geometry": {"type": "LineString", "coordinates": [[-96.779546, 32.758387], [-96.7792844, 32.7581907]]}, "properties": {"class": "residential"}}, {"type": "Feature", "geometry": {"type": "LineString", "coordinates": [[-96.7836824, 32.7614693], [-96.7836146, 32.7614085], [-96.782668, 32.7605854]]}, "properties": {"class": "residential"}}, {"type": "Feature", "geometry": {"type": "LineString", "coordinates": [[-96.7797275, 32.7578161], [-96.7795918, 32.7579308], [-96.7792844, 32.7581907]]}, "properties": {"class": "residential"}}, {"type": "Feature", "geometry": {"type": "LineString", "coordinates": [[-96.77937, 32.756628], [-96.7791426, 32.7568201], [-96.7789815, 32.7569562], [-96.7788596, 32.7570592], [-96.7787671, 32.7571373], [-96.7784055, 32.7574428]]}, "properties": {"class": "tertiary"}}, {"type": "Feature", "geometry": {"type": "LineString", "coordinates": [[-96.7728916, 32.7621525], [-96.7727508, 32.7622101], [-96.7726377, 32.7623104], [-96.7725342, 32.7624022], [-96.7724185, 32.7625269], [-96.7723202, 32.762634], [-96.7720389, 32.762947], [-96.7720223, 32.7630784]]}, "properties": {"class": "tertiary"}}, {"type": "Feature", "geometry": {"type": "LineString", "coordinates": [[-96.8099002, 32.7943236], [-96.8098166, 32.7943986], [-96.809324, 32.7948291], [-96.8092703, 32.7948701], [-96.8092196, 32.7949088], [-96.8089666, 32.7951244], [-96.8088317, 32.7952394], [-96.8087644, 32.7952968], [-96.8086757, 32.795368], [-96.8085935, 32.7954389]]}, "properties": {"class": "residential"}}, {"type": "Feature", "geometry": {"type": "LineString", "coordinates": [[-96.7960483, 32.7879818], [-96.7958255, 32.7881748], [-96.7958001, 32.7881947], [-96.7954231, 32.78851], [-96.7953536, 32.7885689], [-96.7953084, 32.7886072]]}, "properties": {"class": "tertiary"}}, {"type": "Feature", "geometry": {"type": "LineString", "coordinates": [[-96.8003985, 32.7850158], [-96.8003336, 32.785071], [-96.8002736, 32.7851221], [-96.7998666, 32.7854684], [-96.799799, 32.7855059], [-96.7996856, 32.785562], [-96.7996474, 32.7855767], [-96.7995742, 32.7856039]]}, "properties": {"class": "tertiary"}}, {"type": "Feature", "geometry": {"type": "LineString", "coordinates": [[-96.8042176, 32.7817909], [-96.8040087, 32.7819655]]}, "properties": {"class": "tertiary"}}, {"type": "Feature", "geometry": {"type": "LineString", "coordinates": [[-96.7737871, 32.7833608], [-96.7735261, 32.7831291], [-96.7729151, 32.7825868], [-96.772859, 32.782537]]}, "properties": {"class": "secondary"}}, {"type": "Feature", "geometry": {"type": "LineString", "coordinates": [[-96.7851027, 32.768553], [-96.7857775, 32.7690194], [-96.7859853, 32.7691669], [-96.786155, 32.769286], [-96.7866247, 32.7696027], [-96.7869556, 32.7698353], [-96.7874863, 32.7701976], [-96.7879633, 32.7705202], [-96.7881417, 32.7706409], [-96.7882773, 32.7707385], [-96.7883519, 32.7707921], [-96.7887785, 32.7711129], [-96.7889305, 32.7712388], [-96.7891039, 32.7714097], [-96.7891492, 32.7714544], [-96.789214, 32.771517]]}, "properties": {"class": "secondary"}}, {"type": "Feature", "geometry": {"type": "LineString", "coordinates": [[-96.7767355, 32.7619926], [-96.776831, 32.7620555], [-96.77694, 32.762109], [-96.7770399, 32.7621495], [-96.777138, 32.7621853], [-96.7772461, 32.7622192], [-96.7773892, 32.7622529], [-96.777764, 32.76231], [-96.777934, 32.762344], [-96.7781052, 32.7623885], [-96.7782305, 32.7624405], [-96.7784694, 32.7625428], [-96.778624, 32.762675]]}, "properties": {"class": "secondary"}}, {"type": "Feature", "geometry": {"type": "LineString", "coordinates": [[-96.7783207, 32.7623633], [-96.7782489, 32.7623131], [-96.7781276, 32.7622282], [-96.7776887, 32.7618638], [-96.777403, 32.7616171], [-96.7772806, 32.761515]]}, "properties": {"class": "residential"}}, {"type": "Feature", "geometry": {"type": "LineString", "coordinates": [[-96.7783659, 32.7832577], [-96.7783881, 32.7833309], [-96.7784883, 32.7836604]]}, "properties": {"class": "tertiary"}}, {"type": "Feature", "geometry": {"type": "LineString", "coordinates": [[-96.8000737, 32.7709384], [-96.7997691, 32.7707221], [-96.7996827, 32.7706608]]}, "properties": {"class": "secondary"}}, {"type": "Feature", "geometry": {"type": "LineString", "coordinates": [[-96.794147, 32.766719], [-96.7935616, 32.7663068], [-96.793505, 32.766267]]}, "properties": {"class": "secondary"}}, {"type": "Feature", "geometry": {"type": "LineString", "coordinates": [[-96.8007926, 32.7714606], [-96.8007281, 32.771416]]}, "properties": {"class": "secondary"}}, {"type": "Feature", "geometry": {"type": "LineString", "coordinates": [[-96.7843291, 32.7609258], [-96.783371, 32.760005]]}, "properties": {"class": "secondary"}}, {"type": "Feature", "geometry": {"type": "LineString", "coordinates": [[-96.77325, 32.754441], [-96.7730995, 32.754337], [-96.772733, 32.7540385]]}, "properties": {"class": "secondary"}}, {"type": "Feature", "geometry": {"type": "LineString", "coordinates": [[-96.793505, 32.766267], [-96.7934584, 32.7662318], [-96.792743, 32.7656912], [-96.7927022, 32.765658]]}, "properties": {"class": "secondary"}}, {"type": "Feature", "geometry": {"type": "LineString", "coordinates": [[-96.775206, 32.754679], [-96.7748963, 32.7546552], [-96.7746783, 32.7546385], [-96.7744903, 32.7546241], [-96.773747, 32.754567], [-96.773494, 32.754517], [-96.77325, 32.754441]]}, "properties": {"class": "secondary"}}, {"type": "Feature", "geometry": {"type": "LineString", "coordinates": [[-96.7867596, 32.7632783], [-96.785107, 32.761676]]}, "properties": {"class": "secondary"}}, {"type": "Feature", "geometry": {"type": "LineString", "coordinates": [[-96.7881909, 32.7645239], [-96.7882389, 32.7646139], [-96.7883526, 32.7646864]]}, "properties": {"class": "secondary"}}, {"type": "Feature", "geometry": {"type": "LineString", "coordinates": [[-96.7809485, 32.7802984], [-96.7808712, 32.7802209], [-96.7806258, 32.7800066]]}, "properties": {"class": "tertiary"}}, {"type": "Feature", "geometry": {"type": "LineString", "coordinates": [[-96.7811167, 32.7805251], [-96.7810461, 32.780414], [-96.7809485, 32.7802984]]}, "properties": {"class": "tertiary"}}, {"type": "Feature", "geometry": {"type": "LineString", "coordinates": [[-96.8063706, 32.7674179], [-96.8062072, 32.7673901], [-96.8060617, 32.7673569], [-96.8060152, 32.767345], [-96.8054877, 32.7672103], [-96.8053432, 32.7671705]]}, "properties": {"class": "secondary"}}, {"type": "Feature", "geometry": {"type": "LineString", "coordinates": [[-96.7965057, 32.7611397], [-96.7959716, 32.7608371], [-96.7958472, 32.760767], [-96.794875, 32.760219], [-96.7946241, 32.7600732]]}, "properties": {"class": "secondary"}}, {"type": "Feature", "geometry": {"type": "LineString", "coordinates": [[-96.7898453, 32.7855244], [-96.7898071, 32.7855569], [-96.7897248, 32.7856271], [-96.7891754, 32.7860955]]}, "properties": {"class": "residential"}}, {"type": "Feature", "geometry": {"type": "LineString", "coordinates": [[-96.7867528, 32.7878735], [-96.7873009, 32.7883465], [-96.7874105, 32.7884275], [-96.7874705, 32.7884715]]}, "properties": {"class": "residential"}}, {"type": "Feature", "geometry": {"type": "LineString", "coordinates": [[-96.792546, 32.7687246], [-96.7924589, 32.7686436], [-96.7920082, 32.7682315], [-96.7918677, 32.7681031], [-96.791811, 32.7680476]]}, "properties": {"class": "residential"}}, {"type": "Feature", "geometry": {"type": "LineString", "coordinates": [[-96.803639, 32.788201], [-96.803728, 32.7881611], [-96.8037488, 32.7881431], [-96.8046176, 32.7873992]]}, "properties": {"class": "secondary"}}, {"type": "Feature", "geometry": {"type": "LineString", "coordinates": [[-96.7971611, 32.7926689], [-96.7970732, 32.7927261], [-96.796951, 32.7928], [-96.7968099, 32.7928759], [-96.796595, 32.792983]]}, "properties": {"class": "secondary"}}, {"type": "Feature", "geometry": {"type": "LineString", "coordinates": [[-96.7734119, 32.7841898], [-96.773254, 32.7840834], [-96.7730621, 32.783972], [-96.773037, 32.7839603], [-96.77286, 32.7839242]]}, "properties": {"class": "secondary"}}, {"type": "Feature", "geometry": {"type": "LineString", "coordinates": [[-96.8047185, 32.7972433], [-96.8047671, 32.7972818], [-96.8048614, 32.7973584], [-96.8051148, 32.7975747], [-96.8051508, 32.7976067], [-96.805218, 32.7976658], [-96.8053864, 32.7978097], [-96.8054446, 32.7978581]]}, "properties": {"class": "residential"}}, {"type": "Feature", "geometry": {"type": "LineString", "coordinates": [[-96.8084303, 32.7809987], [-96.8084561, 32.7810943]]}, "properties": {"class": "secondary"}}, {"type": "Feature", "geometry": {"type": "LineString", "coordinates": [[-96.7962352, 32.7779747], [-96.7961464, 32.7779938], [-96.7959087, 32.7780498], [-96.795438, 32.7781608], [-96.7952494, 32.7782053], [-96.7949932, 32.7782657], [-96.7947741, 32.7783179], [-96.7947037, 32.7783339]]}, "properties": {"class": "secondary"}}, {"type": "Feature", "geometry": {"type": "LineString", "coordinates": [[-96.7837946, 32.7998953], [-96.7837047, 32.7998331], [-96.7835787, 32.7997219], [-96.7834088, 32.7995717], [-96.7833341, 32.799508], [-96.7829481, 32.7991755], [-96.7827225, 32.7989803], [-96.7815578, 32.797979], [-96.7811362, 32.7976202], [-96.781069, 32.797561], [-96.7810046, 32.7975053], [-96.7806322, 32.797183], [-96.7803208, 32.7969135], [-96.7799296, 32.7965728], [-96.779846, 32.796501]]}, "properties": {"class": "secondary"}}, {"type": "Feature", "geometry": {"type": "LineString", "coordinates": [[-96.7750417, 32.7844728], [-96.7749806, 32.784422], [-96.7746347, 32.784112], [-96.7745792, 32.7840622]]}, "properties": {"class": "secondary"}}, {"type": "Feature", "geometry": {"type": "LineString", "coordinates": [[-96.7741626, 32.7739137], [-96.7740586, 32.7738275], [-96.7735207, 32.7733577], [-96.7733022, 32.773175], [-96.7730518, 32.7729604], [-96.7725001, 32.7725023], [-96.772359, 32.772377], [-96.7721624, 32.7722119], [-96.7720216, 32.7720937], [-96.771634, 32.7717681], [-96.771553, 32.7717]]}, "properties": {"class": "tertiary"}}, {"type": "Feature", "geometry": {"type": "LineString", "coordinates": [[-96.7920241, 32.7863902], [-96.7920112, 32.7862792], [-96.7920004, 32.7861984], [-96.7919912, 32.7861244], [-96.7919431, 32.785816], [-96.7918712, 32.7856044], [-96.7917947, 32.7854149], [-96.7917426, 32.7852736], [-96.7916793, 32.7850798], [-96.7916307, 32.7848679], [-96.7916106, 32.7846765], [-96.7916119, 32.7845075], [-96.7916697, 32.7840725]]}, "properties": {"class": "primary"}}, {"type": "Feature", "geometry": {"type": "LineString", "coordinates": [[-96.7916903, 32.7838721], [-96.7916959, 32.7837695], [-96.7916595, 32.7835797], [-96.791546, 32.7831651], [-96.7914987, 32.7830499]]}, "properties": {"class": "primary"}}, {"type": "Feature", "geometry": {"type": "LineString", "coordinates": [[-96.792552, 32.783651], [-96.7925253, 32.7835582], [-96.7924745, 32.7833366]]}, "properties": {"class": "secondary"}}, {"type": "Feature", "geometry": {"type": "LineString", "coordinates": [[-96.7912747, 32.7823201], [-96.7912505, 32.7822375], [-96.7911679, 32.7819647]]}, "properties": {"class": "primary"}}, {"type": "Feature", "geometry": {"type": "LineString", "coordinates": [[-96.8127488, 32.7704014], [-96.8124233, 32.7704097], [-96.8120176, 32.7704422]]}, "properties": {"class": "secondary"}}, {"type": "Feature", "geometry": {"type": "LineString", "coordinates": [[-96.8085743, 32.7704029], [-96.8081643, 32.7701739], [-96.8061495, 32.7693245]]}, "properties": {"class": "motorway"}}, {"type": "Feature", "geometry": {"type": "LineString", "coordinates": [[-96.8233495, 32.7687416], [-96.8196264, 32.7695064], [-96.8161056, 32.77022], [-96.8156982, 32.7702948], [-96.8152128, 32.7703623], [-96.8148719, 32.7703976], [-96.8144336, 32.7704232], [-96.8139456, 32.7704352], [-96.8127488, 32.7704014]]}, "properties": {"class": "secondary"}}, {"type": "Feature", "geometry": {"type": "LineString", "coordinates": [[-96.8083973, 32.7709903], [-96.8090126, 32.771346], [-96.8091776, 32.7714512], [-96.8093012, 32.7715349], [-96.8094696, 32.7716679], [-96.8096143, 32.7718191], [-96.8097524, 32.7720379], [-96.8098511, 32.7722613], [-96.8099467, 32.7726394], [-96.8099633, 32.7727305], [-96.8101257, 32.7735222]]}, "properties": {"class": "secondary"}}, {"type": "Feature", "geometry": {"type": "LineString", "coordinates": [[-96.815489, 32.7710055], [-96.8159001, 32.7709169]]}, "properties": {"class": "motorway"}}, {"type": "Feature", "geometry": {"type": "LineString", "coordinates": [[-96.8233118, 32.7689145], [-96.8223069, 32.7691153], [-96.8212793, 32.7693235], [-96.8197062, 32.7696464], [-96.8174197, 32.7701056]]}, "properties": {"class": "motorway"}}, {"type": "Feature", "geometry": {"type": "LineString", "coordinates": [[-96.7796301, 32.759466], [-96.779683, 32.759355]]}, "properties": {"class": "secondary"}}, {"type": "Feature", "geometry": {"type": "LineString", "coordinates": [[-96.781149, 32.75815], [-96.7804686, 32.7587313], [-96.7803958, 32.7587912]]}, "properties": {"class": "residential"}}, {"type": "Feature", "geometry": {"type": "LineString", "coordinates": [[-96.7891492, 32.7714544], [-96.7890786, 32.7715111], [-96.7888908, 32.7716644], [-96.7885598, 32.7719405], [-96.7882384, 32.7722104], [-96.7879763, 32.772425], [-96.7876198, 32.772721], [-96.7875845, 32.7727525]]}, "properties": {"class": "residential"}}, {"type": "Feature", "geometry": {"type": "LineString", "coordinates": [[-96.7989674, 32.7932723], [-96.7990854, 32.7932622], [-96.7992535, 32.7932397]]}, "properties": {"class": "secondary"}}, {"type": "Feature", "geometry": {"type": "LineString", "coordinates": [[-96.7977808, 32.7930789], [-96.7978709, 32.7931401], [-96.7979979, 32.793187], [-96.7981341, 32.7932267], [-96.7983244, 32.7932655], [-96.7985537, 32.7932925], [-96.7987442, 32.7932993], [-96.7989674, 32.7932723]]}, "properties": {"class": "secondary"}}, {"type": "Feature", "geometry": {"type": "LineString", "coordinates": [[-96.7971611, 32.7926689], [-96.797702, 32.7930246], [-96.7977808, 32.7930789]]}, "properties": {"class": "secondary"}}, {"type": "Feature", "geometry": {"type": "LineString", "coordinates": [[-96.7972758, 32.7925889], [-96.7971934, 32.7925296], [-96.7969091, 32.7922882], [-96.7964024, 32.7918734], [-96.7962922, 32.7917783], [-96.7959213, 32.7914577], [-96.7958421, 32.7913882]]}, "properties": {"class": "tertiary"}}, {"type": "Feature", "geometry": {"type": "LineString", "coordinates": [[-96.7972758, 32.7925889], [-96.7971611, 32.7926689]]}, "properties": {"class": "secondary"}}, {"type": "Feature", "geometry": {"type": "LineString", "coordinates": [[-96.7882412, 32.7775663], [-96.7881507, 32.7776101], [-96.7880829, 32.7776332], [-96.7880143, 32.7776495], [-96.7880035, 32.7776506], [-96.787898, 32.7776615]]}, "properties": {"class": "residential"}}, {"type": "Feature", "geometry": {"type": "LineString", "coordinates": [[-96.8086317, 32.7867036], [-96.8086269, 32.7867346], [-96.8086197, 32.7868226], [-96.808617, 32.7869275], [-96.8086245, 32.7871138]]}, "properties": {"class": "secondary"}}, {"type": "Feature", "geometry": {"type": "LineString", "coordinates": [[-96.8062784, 32.7828576], [-96.8063335, 32.7829086], [-96.8063486, 32.7829226], [-96.8065, 32.783068], [-96.80673, 32.7832902], [-96.8067527, 32.7833122], [-96.8067894, 32.7833486], [-96.8068337, 32.7833926], [-96.8068554, 32.783414], [-96.8074044, 32.7839565], [-96.807427, 32.7839788], [-96.8074884, 32.7840346]]}, "properties": {"class": "secondary"}}, {"type": "Feature", "geometry": {"type": "LineString", "coordinates": [[-96.777851, 32.7737691], [-96.7770416, 32.7749067], [-96.7770058, 32.7749708], [-96.7770088, 32.7750302]]}, "properties": {"class": "residential"}}, {"type": "Feature", "geometry": {"type": "LineString", "coordinates": [[-96.7753511, 32.7750731], [-96.7752838, 32.7749872], [-96.7751382, 32.7748147], [-96.7749851, 32.7746427]]}, "properties": {"class": "tertiary"}}, {"type": "Feature", "geometry": {"type": "LineString", "coordinates": [[-96.7798495, 32.7793425], [-96.7795803, 32.7791165], [-96.7793456, 32.7789467], [-96.778656, 32.778442], [-96.7782729, 32.7781705], [-96.7782292, 32.7781396], [-96.7777207, 32.7777793], [-96.7776611, 32.7777372]]}, "properties": {"class": "tertiary"}}, {"type": "Feature", "geometry": {"type": "LineString", "coordinates": [[-96.7880925, 32.7668926], [-96.7880482, 32.7669301], [-96.7879556, 32.7670083], [-96.7876656, 32.7672534], [-96.7872355, 32.7676168], [-96.7871921, 32.7676535]]}, "properties": {"class": "residential"}}, {"type": "Feature", "geometry": {"type": "LineString", "coordinates": [[-96.8105404, 32.8008037], [-96.8109164, 32.8011497]]}, "properties": {"class": "secondary"}}, {"type": "Feature", "geometry": {"type": "LineString", "coordinates": [[-96.8064369, 32.7972264], [-96.806497, 32.7972762], [-96.8065698, 32.7973366], [-96.8067066, 32.7974541], [-96.806807, 32.7975377], [-96.8070675, 32.7977545], [-96.8072925, 32.7979418], [-96.8073446, 32.7979851], [-96.8073936, 32.7980251], [-96.8077082, 32.7982798], [-96.8078596, 32.7984071], [-96.8080848, 32.7985925], [-96.8082311, 32.7987168], [-96.808548, 32.798986], [-96.8085689, 32.7990041], [-96.8089438, 32.799328], [-96.8093002, 32.7996307]]}, "properties": {"class": "secondary"}}, {"type": "Feature", "geometry": {"type": "LineString", "coordinates": [[-96.8078044, 32.7947411], [-96.8077068, 32.7948235], [-96.8072148, 32.7952388], [-96.807132, 32.7953086]]}, "properties": {"class": "residential"}}, {"type": "Feature", "geometry": {"type": "LineString", "coordinates": [[-96.8064735, 32.7947383], [-96.8070613, 32.7952452], [-96.807132, 32.7953086]]}, "properties": {"class": "residential"}}, {"type": "Feature", "geometry": {"type": "LineString", "coordinates": [[-96.7939164, 32.798382], [-96.7939375, 32.7983843], [-96.7939643, 32.7983935], [-96.7939808, 32.7984041], [-96.7944363, 32.7988029], [-96.7944731, 32.7988349]]}, "properties": {"class": "residential"}}, {"type": "Feature", "geometry": {"type": "LineString", "coordinates": [[-96.788948, 32.7771511], [-96.788908, 32.7771592], [-96.7888588, 32.7771797], [-96.7883411, 32.7775038], [-96.7882412, 32.7775663]]}, "properties": {"class": "residential"}}, {"type": "Feature", "geometry": {"type": "LineString", "coordinates": [[-96.815035, 32.7978088], [-96.8150052, 32.7978858], [-96.814976, 32.7979491], [-96.8148608, 32.7981103], [-96.8147929, 32.7981831], [-96.8147521, 32.7982329], [-96.8147069, 32.7982921], [-96.8146107, 32.7984953]]}, "properties": {"class": "tertiary"}}, {"type": "Feature", "geometry": {"type": "LineString", "coordinates": [[-96.8151647, 32.7978239], [-96.8151843, 32.7977165], [-96.8151905, 32.797626], [-96.8151848, 32.7975211], [-96.8151556, 32.7974306], [-96.8151132, 32.7973136], [-96.814902, 32.7969885], [-96.814748, 32.7968505]]}, "properties": {"class": "tertiary"}}, {"type": "Feature", "geometry": {"type": "LineString", "coordinates": [[-96.8119193, 32.7825573], [-96.8118983, 32.781711]]}, "properties": {"class": "motorway"}}, {"type": "Feature", "geometry": {"type": "LineString", "coordinates": [[-96.808918, 32.752204], [-96.8089181, 32.7524846], [-96.8089386, 32.7527828], [-96.808963, 32.7529648], [-96.8089794, 32.753145], [-96.8089827, 32.7535848], [-96.8089762, 32.7538339], [-96.808954, 32.7540797], [-96.8089079, 32.7543794], [-96.8089137, 32.7546223], [-96.8089223, 32.7548417], [-96.8089716, 32.7550358]]}, "properties": {"class": "secondary"}}, {"type": "Feature", "geometry": {"type": "LineString", "coordinates": [[-96.8135183, 32.7716877], [-96.8149082, 32.7713905], [-96.8163295, 32.771073], [-96.8198597, 32.7703387], [-96.8205544, 32.7701875], [-96.8219975, 32.7697872], [-96.8227297, 32.7695989], [-96.8233855, 32.7694631]]}, "properties": {"class": "secondary"}}, {"type": "Feature", "geometry": {"type": "LineString", "coordinates": [[-96.8121591, 32.7773328], [-96.8121703, 32.7771256]]}, "properties": {"class": "motorway"}}, {"type": "Feature", "geometry": {"type": "LineString", "coordinates": [[-96.8154245, 32.7622718], [-96.8154834, 32.7623357], [-96.8155235, 32.7623686], [-96.815586, 32.7623965]]}, "properties": {"class": "tertiary"}}, {"type": "Feature", "geometry": {"type": "LineString", "coordinates": [[-96.8228962, 32.7588375], [-96.8228121, 32.758827], [-96.8228063, 32.7588263], [-96.8222603, 32.758758], [-96.8217509, 32.7586943], [-96.8212826, 32.7586464], [-96.8209623, 32.7586137]]}, "properties": {"class": "tertiary"}}, {"type": "Feature", "geometry": {"type": "LineString", "coordinates": [[-96.820415, 32.7586453], [-96.8205075, 32.7586631], [-96.8205225, 32.7586664], [-96.8207331, 32.7586946], [-96.8209135, 32.758716], [-96.8216903, 32.7588081], [-96.8222403, 32.758869], [-96.8224408, 32.7588912], [-96.8228024, 32.7589313], [-96.8228955, 32.7589416]]}, "properties": {"class": "tertiary"}}, {"type": "Feature", "geometry": {"type": "LineString", "coordinates": [[-96.7930025, 32.7949453], [-96.7929555, 32.7945571]]}, "properties": {"class": "motorway"}}, {"type": "Feature", "geometry": {"type": "LineString", "coordinates": [[-96.8044976, 32.7868626], [-96.8037075, 32.787535]]}, "properties": {"class": "motorway"}}, {"type": "Feature", "geometry": {"type": "LineString", "coordinates": [[-96.8030242, 32.7883665], [-96.8038805, 32.7876534]]}, "properties": {"class": "motorway"}}, {"type": "Feature", "geometry": {"type": "LineString", "coordinates": [[-96.7981081, 32.7925105], [-96.8001941, 32.7907623]]}, "properties": {"class": "motorway"}}, {"type": "Feature", "geometry": {"type": "LineString", "coordinates": [[-96.8142693, 32.7708538], [-96.813283, 32.7710874]]}, "properties": {"class": "motorway"}}, {"type": "Feature", "geometry": {"type": "LineString", "coordinates": [[-96.811195, 32.77747], [-96.8110181, 32.7776393], [-96.8108351, 32.7777875]]}, "properties": {"class": "secondary"}}, {"type": "Feature", "geometry": {"type": "LineString", "coordinates": [[-96.8116278, 32.780595], [-96.8116277, 32.7807876], [-96.8116338, 32.7813809]]}, "properties": {"class": "motorway"}}, {"type": "Feature", "geometry": {"type": "LineString", "coordinates": [[-96.8116338, 32.7813809], [-96.8116411, 32.7817205]]}, "properties": {"class": "motorway"}}, {"type": "Feature", "geometry": {"type": "LineString", "coordinates": [[-96.8118983, 32.781711], [-96.811936, 32.7807473]]}, "properties": {"class": "motorway"}}, {"type": "Feature", "geometry": {"type": "LineString", "coordinates": [[-96.8180303, 32.7814835], [-96.8187198, 32.781274]]}, "properties": {"class": "motorway"}}, {"type": "Feature", "geometry": {"type": "LineString", "coordinates": [[-96.8197102, 32.7807509], [-96.8194011, 32.7808647]]}, "properties": {"class": "motorway"}}, {"type": "Feature", "geometry": {"type": "LineString", "coordinates": [[-96.8194011, 32.7808647], [-96.8191458, 32.7809413]]}, "properties": {"class": "motorway"}}, {"type": "Feature", "geometry": {"type": "LineString", "coordinates": [[-96.8191458, 32.7809413], [-96.8188573, 32.7810249]]}, "properties": {"class": "motorway"}}, {"type": "Feature", "geometry": {"type": "LineString", "coordinates": [[-96.8188573, 32.7810249], [-96.8185683, 32.7811049], [-96.8182465, 32.7811896]]}, "properties": {"class": "motorway"}}, {"type": "Feature", "geometry": {"type": "LineString", "coordinates": [[-96.8086926, 32.7579541], [-96.8084175, 32.7579319]]}, "properties": {"class": "tertiary"}}, {"type": "Feature", "geometry": {"type": "LineString", "coordinates": [[-96.81038, 32.7584386], [-96.8090871, 32.7579991]]}, "properties": {"class": "tertiary"}}, {"type": "Feature", "geometry": {"type": "LineString", "coordinates": [[-96.8109012, 32.7586478], [-96.8112297, 32.7587038], [-96.8115945, 32.7587404]]}, "properties": {"class": "tertiary"}}, {"type": "Feature", "geometry": {"type": "LineString", "coordinates": [[-96.810498, 32.797086], [-96.8108717, 32.7973156]]}, "properties": {"class": "primary"}}, {"type": "Feature", "geometry": {"type": "LineString", "coordinates": [[-96.8124394, 32.7966826], [-96.8120688, 32.7964313]]}, "properties": {"class": "primary"}}, {"type": "Feature", "geometry": {"type": "LineString", "coordinates": [[-96.8147069, 32.7982921], [-96.814634, 32.7982528], [-96.8144878, 32.7981787], [-96.8140543, 32.797924], [-96.81401, 32.797898], [-96.8135626, 32.7975865]]}, "properties": {"class": "primary"}}, {"type": "Feature", "geometry": {"type": "LineString", "coordinates": [[-96.8127325, 32.757289], [-96.8127307, 32.7572257], [-96.8127252, 32.7560515], [-96.8127209, 32.7553788], [-96.8127201, 32.7552511], [-96.8127172, 32.7548151], [-96.8127158, 32.7547597], [-96.812719, 32.7538626], [-96.8127212, 32.7538077], [-96.8127198, 32.75376], [-96.81271, 32.7528505], [-96.8127088, 32.7527992], [-96.8127088, 32.7527407], [-96.8127035, 32.7524037], [-96.8127062, 32.7523284], [-96.8127075, 32.752175], [-96.812709, 32.7519236], [-96.8127078, 32.7513088], [-96.8127056, 32.7512219]]}, "properties": {"class": "tertiary"}}, {"type": "Feature", "geometry": {"type": "LineString", "coordinates": [[-96.7879061, 32.7773994], [-96.7878877, 32.7772788]]}, "properties": {"class": "primary"}}, {"type": "Feature", "geometry": {"type": "LineString", "coordinates": [[-96.7790389, 32.7799837], [-96.7788726, 32.779998], [-96.7783906, 32.7800176], [-96.7781603, 32.7800266]]}, "properties": {"class": "motorway"}}, {"type": "Feature", "geometry": {"type": "LineString", "coordinates": [[-96.7770806, 32.7803849], [-96.7774655, 32.780354]]}, "properties": {"class": "motorway"}}, {"type": "Feature", "geometry": {"type": "LineString", "coordinates": [[-96.7732909, 32.780713], [-96.7739023, 32.7806539], [-96.7747588, 32.7805823], [-96.7764908, 32.7804367], [-96.7770806, 32.7803849]]}, "properties": {"class": "motorway"}}, {"type": "Feature", "geometry": {"type": "LineString", "coordinates": [[-96.7728926, 32.7804957], [-96.7723261, 32.7806496]]}, "properties": {"class": "motorway"}}, {"type": "Feature", "geometry": {"type": "LineString", "coordinates": [[-96.7767595, 32.7801505], [-96.7761743, 32.7802056], [-96.7744347, 32.7803453], [-96.7738713, 32.7803909], [-96.7734253, 32.7804306], [-96.7728926, 32.7804957]]}, "properties": {"class": "motorway"}}, {"type": "Feature", "geometry": {"type": "LineString", "coordinates": [[-96.7782533, 32.7739966], [-96.7782778, 32.7740941], [-96.7783055, 32.7741904], [-96.7783377, 32.7742914], [-96.7783755, 32.7743974], [-96.7784135, 32.7744953], [-96.7784577, 32.7746011], [-96.7785064, 32.7747074], [-96.7785611, 32.7748177], [-96.7786166, 32.7749198], [-96.7786724, 32.7750158], [-96.7787271, 32.7751055], [-96.7787948, 32.7752079]]}, "properties": {"class": "motorway"}}, {"type": "Feature", "geometry": {"type": "LineString", "coordinates": [[-96.7783325, 32.7721592], [-96.7782976, 32.7717223], [-96.7782644, 32.7712816], [-96.7781524, 32.7707686]]}, "properties": {"class": "motorway"}}, {"type": "Feature", "geometry": {"type": "LineString", "coordinates": [[-96.7725931, 32.7579175], [-96.7728529, 32.7584359], [-96.7729538, 32.7586288], [-96.773175, 32.759082], [-96.773408, 32.759482], [-96.7735007, 32.7596659], [-96.773813, 32.7602321], [-96.7739451, 32.7605747], [-96.7739662, 32.7606299], [-96.7740314, 32.7608076], [-96.7740877, 32.760947], [-96.7741301, 32.7610549], [-96.774177, 32.7611743], [-96.774226, 32.761299], [-96.774543, 32.7621065]]}, "properties": {"class": "secondary"}}, {"type": "Feature", "geometry": {"type": "LineString", "coordinates": [[-96.774232, 32.7604916], [-96.7742773, 32.7605903], [-96.7743681, 32.760795], [-96.7744542, 32.7609997], [-96.7745385, 32.761203]]}, "properties": {"class": "motorway"}}, {"type": "Feature", "geometry": {"type": "LineString", "coordinates": [[-96.7746785, 32.7610579], [-96.7743679, 32.7603609]]}, "properties": {"class": "motorway"}}, {"type": "Feature", "geometry": {"type": "LineString", "coordinates": [[-96.7751489, 32.7623913], [-96.77486, 32.761573], [-96.7746785, 32.7610579]]}, "properties": {"class": "motorway"}}, {"type": "Feature", "geometry": {"type": "LineString", "coordinates": [[-96.7745385, 32.761203], [-96.7746201, 32.7614127], [-96.7746986, 32.7616221], [-96.7749954, 32.7624387]]}, "properties": {"class": "motorway"}}, {"type": "Feature", "geometry": {"type": "LineString", "coordinates": [[-96.7749954, 32.7624387], [-96.7754184, 32.7636177], [-96.7757193, 32.7644547], [-96.77588, 32.7648918], [-96.7760281, 32.7652911], [-96.776184, 32.7657144], [-96.7769778, 32.7679151], [-96.7771278, 32.7683336], [-96.7772757, 32.768759], [-96.777419, 32.7691815]]}, "properties": {"class": "motorway"}}, {"type": "Feature", "geometry": {"type": "LineString", "coordinates": [[-96.7715285, 32.7520092], [-96.771462, 32.7521352], [-96.7714284, 32.75224], [-96.7714217, 32.7523449], [-96.7714499, 32.75246], [-96.7715277, 32.7525716], [-96.7719501, 32.7529055], [-96.7720038, 32.7529867], [-96.7720091, 32.7530454], [-96.7719919, 32.7531177]]}, "properties": {"class": "residential"}}, {"type": "Feature", "geometry": {"type": "LineString", "coordinates": [[-96.8131816, 32.7937084], [-96.8132647, 32.7937607], [-96.8133692, 32.7938043], [-96.813474, 32.7938379], [-96.8135642, 32.7938556], [-96.8137808, 32.7938802]]}, "properties": {"class": "secondary"}}, {"type": "Feature", "geometry": {"type": "LineString", "coordinates": [[-96.808794, 32.7892205], [-96.8089265, 32.7891309], [-96.8089801, 32.7890958], [-96.8090612, 32.7890554], [-96.8091416, 32.7890287], [-96.8092288, 32.7890119], [-96.8093851, 32.789001], [-96.8094564, 32.7889961], [-96.8095534, 32.7889895], [-96.8099773, 32.7889673]]}, "properties": {"class": "tertiary"}}, {"type": "Feature", "geometry": {"type": "LineString", "coordinates": [[-96.8030183, 32.7845808], [-96.8033149, 32.7848492], [-96.8036743, 32.7851744], [-96.8037224, 32.7852323], [-96.8038162, 32.7853452], [-96.8038517, 32.7853908], [-96.8039818, 32.7855445]]}, "properties": {"class": "tertiary"}}, {"type": "Feature", "geometry": {"type": "LineString", "coordinates": [[-96.8030421, 32.7844457], [-96.8028299, 32.7842746], [-96.8026972, 32.7841975], [-96.8025682, 32.7841428]]}, "properties": {"class": "tertiary"}}, {"type": "Feature", "geometry": {"type": "LineString", "coordinates": [[-96.7914603, 32.7868445], [-96.7920241, 32.7863902]]}, "properties": {"class": "tertiary"}}, {"type": "Feature", "geometry": {"type": "LineString", "coordinates": [[-96.7898609, 32.7870425], [-96.7900824, 32.7872497], [-96.790414, 32.7875886], [-96.790489, 32.7876661]]}, "properties": {"class": "secondary"}}, {"type": "Feature", "geometry": {"type": "LineString", "coordinates": [[-96.7930098, 32.8008793], [-96.7930061, 32.8010047], [-96.7929921, 32.8014477], [-96.792983, 32.8020063], [-96.7929887, 32.8023585], [-96.7930035, 32.8026911], [-96.7930284, 32.8030205], [-96.7931183, 32.8038958], [-96.7931677, 32.8043368], [-96.7932024, 32.8047739], [-96.7932268, 32.8052124], [-96.7932341, 32.8056551], [-96.7932328, 32.8059713], [-96.7932137, 32.8064111], [-96.7931771, 32.8068594], [-96.79311, 32.807297], [-96.7930667, 32.8076374], [-96.7930108, 32.8079464], [-96.7929334, 32.8082669], [-96.7928442, 32.8085825], [-96.7927326, 32.8089031], [-96.7926078, 32.8092202], [-96.7924694, 32.8095219], [-96.7923136, 32.8098274], [-96.791195, 32.8119124]]}, "properties": {"class": "motorway"}}, {"type": "Feature", "geometry": {"type": "LineString", "coordinates": [[-96.7931329, 32.7985957], [-96.7931096, 32.7983382], [-96.7930844, 32.7980124], [-96.793072, 32.7977937], [-96.7930681, 32.7976827], [-96.7930665, 32.7975808], [-96.7930665, 32.7974677], [-96.793071, 32.7970259]]}, "properties": {"class": "motorway"}}, {"type": "Feature", "geometry": {"type": "LineString", "coordinates": [[-96.8115507, 32.7727824], [-96.8114235, 32.7722228]]}, "properties": {"class": "motorway"}}, {"type": "Feature", "geometry": {"type": "LineString", "coordinates": [[-96.8114235, 32.7722228], [-96.8113222, 32.7719676], [-96.8111989, 32.7717223], [-96.8110694, 32.7715], [-96.8109647, 32.7713387]]}, "properties": {"class": "motorway"}}, {"type": "Feature", "geometry": {"type": "LineString", "coordinates": [[-96.8105213, 32.7718093], [-96.8107376, 32.7721732], [-96.8108538, 32.7723945], [-96.8109188, 32.7725629], [-96.8109717, 32.772713], [-96.8110246, 32.7729012], [-96.8110755, 32.7732277]]}, "properties": {"class": "motorway"}}, {"type": "Feature", "geometry": {"type": "LineString", "coordinates": [[-96.8042727, 32.7662157], [-96.8041333, 32.7667126]]}, "properties": {"class": "motorway"}}, {"type": "Feature", "geometry": {"type": "LineString", "coordinates": [[-96.8062488, 32.7654117], [-96.8063425, 32.7652254]]}, "properties": {"class": "motorway"}}, {"type": "Feature", "geometry": {"type": "LineString", "coordinates": [[-96.8058179, 32.7665611], [-96.8058424, 32.7664133], [-96.8058759, 32.7662655], [-96.8059396, 32.7660738], [-96.8060225, 32.7658929], [-96.8062488, 32.7654117]]}, "properties": {"class": "motorway"}}, {"type": "Feature", "geometry": {"type": "LineString", "coordinates": [[-96.8095325, 32.7580654], [-96.8093892, 32.7584641], [-96.8093021, 32.7586444], [-96.8092018, 32.7588269], [-96.809014, 32.7591345]]}, "properties": {"class": "motorway"}}, {"type": "Feature", "geometry": {"type": "LineString", "coordinates": [[-96.8022771, 32.769707], [-96.8020183, 32.7698705]]}, "properties": {"class": "motorway"}}, {"type": "Feature", "geometry": {"type": "LineString", "coordinates": [[-96.7799693, 32.767031], [-96.779488, 32.766593], [-96.7793305, 32.7664747]]}, "properties": {"class": "residential"}}, {"type": "Feature", "geometry": {"type": "LineString", "coordinates": [[-96.7737643, 32.7613707], [-96.7732925, 32.7617951], [-96.7732331, 32.7618486]]}, "properties": {"class": "tertiary"}}, {"type": "Feature", "geometry": {"type": "LineString", "coordinates": [[-96.7720223, 32.7630784], [-96.7721245, 32.7630333], [-96.7724106, 32.7627372], [-96.7725162, 32.7626279], [-96.7726349, 32.7625051], [-96.772726, 32.7624072], [-96.7728527, 32.762271], [-96.7728916, 32.7621525]]}, "properties": {"class": "tertiary"}}, {"type": "Feature", "geometry": {"type": "LineString", "coordinates": [[-96.7737045, 32.7606675], [-96.7737533, 32.7607146], [-96.7737866, 32.7607272], [-96.773827, 32.7607389], [-96.7738746, 32.7607468], [-96.773924, 32.7607605], [-96.7739531, 32.7607688], [-96.7739933, 32.7607874], [-96.7740314, 32.7608076]]}, "properties": {"class": "residential"}}, {"type": "Feature", "geometry": {"type": "LineString", "coordinates": [[-96.772261, 32.753645], [-96.7722017, 32.7536942], [-96.7718184, 32.7540124]]}, "properties": {"class": "residential"}}, {"type": "Feature", "geometry": {"type": "LineString", "coordinates": [[-96.7913671, 32.7633119], [-96.7902088, 32.7642702], [-96.790164, 32.7643072]]}, "properties": {"class": "secondary"}}, {"type": "Feature", "geometry": {"type": "LineString", "coordinates": [[-96.788626, 32.7657185], [-96.788574, 32.7657568], [-96.7885313, 32.7657928], [-96.7884481, 32.7658459], [-96.7883139, 32.7659435], [-96.7882471, 32.7660417]]}, "properties": {"class": "secondary"}}, {"type": "Feature", "geometry": {"type": "LineString", "coordinates": [[-96.7882471, 32.7660417], [-96.7884162, 32.76601], [-96.7885583, 32.7659071], [-96.7886326, 32.7658511], [-96.7886719, 32.7658233], [-96.7888215, 32.7657116]]}, "properties": {"class": "secondary"}}, {"type": "Feature", "geometry": {"type": "LineString", "coordinates": [[-96.788574, 32.7657568], [-96.7884989, 32.7657126], [-96.7883049, 32.7655964], [-96.7881012, 32.7654825], [-96.7871475, 32.7649486], [-96.7870959, 32.7649097]]}, "properties": {"class": "residential"}}, {"type": "Feature", "geometry": {"type": "LineString", "coordinates": [[-96.7906543, 32.7654512], [-96.790504, 32.7653885], [-96.7901086, 32.7652904], [-96.7897911, 32.7651982]]}, "properties": {"class": "secondary"}}, {"type": "Feature", "geometry": {"type": "LineString", "coordinates": [[-96.7881909, 32.7645239], [-96.7878465, 32.7642846], [-96.7867596, 32.7632783]]}, "properties": {"class": "secondary"}}, {"type": "Feature", "geometry": {"type": "LineString", "coordinates": [[-96.7893861, 32.7650509], [-96.7892805, 32.7650059], [-96.7887823, 32.7647937], [-96.7884175, 32.7645919], [-96.7883223, 32.7645355], [-96.7881909, 32.7645239]]}, "properties": {"class": "secondary"}}, {"type": "Feature", "geometry": {"type": "LineString", "coordinates": [[-96.7767355, 32.7619926], [-96.7766818, 32.762037], [-96.7763658, 32.7623084], [-96.7762886, 32.7623747]]}, "properties": {"class": "secondary"}}, {"type": "Feature", "geometry": {"type": "LineString", "coordinates": [[-96.7750882, 32.7634084], [-96.7752459, 32.7633869], [-96.7756549, 32.7630352]]}, "properties": {"class": "secondary"}}, {"type": "Feature", "geometry": {"type": "LineString", "coordinates": [[-96.773289, 32.757531], [-96.773067, 32.757375], [-96.7730042, 32.757351], [-96.772841, 32.757243]]}, "properties": {"class": "residential"}}, {"type": "Feature", "geometry": {"type": "LineString", "coordinates": [[-96.772422, 32.755726], [-96.772354, 32.755667], [-96.7722998, 32.7556162], [-96.7721802, 32.7555044], [-96.7721338, 32.755461], [-96.7720973, 32.7554268], [-96.7719763, 32.7553136]]}, "properties": {"class": "residential"}}, {"type": "Feature", "geometry": {"type": "LineString", "coordinates": [[-96.7748457, 32.7848569], [-96.7745965, 32.7849343], [-96.774458, 32.7849587], [-96.7743831, 32.7849597], [-96.7742718, 32.7849344]]}, "properties": {"class": "secondary"}}, {"type": "Feature", "geometry": {"type": "LineString", "coordinates": [[-96.7735715, 32.7857587], [-96.7735329, 32.785721], [-96.7734939, 32.7857053], [-96.7734144, 32.7856907]]}, "properties": {"class": "secondary"}}, {"type": "Feature", "geometry": {"type": "LineString", "coordinates": [[-96.7794912, 32.7871428], [-96.7795287, 32.7870235], [-96.779522, 32.7869547], [-96.7795176, 32.7869119], [-96.7794858, 32.786668], [-96.7794096, 32.7865741]]}, "properties": {"class": "tertiary"}}, {"type": "Feature", "geometry": {"type": "LineString", "coordinates": [[-96.7791226, 32.785579], [-96.7790973, 32.7854922], [-96.7790099, 32.7851926]]}, "properties": {"class": "tertiary"}}, {"type": "Feature", "geometry": {"type": "LineString", "coordinates": [[-96.7794096, 32.7865741], [-96.7793839, 32.7866206], [-96.779375, 32.7866753], [-96.7793938, 32.7868673], [-96.7794011, 32.7869217], [-96.7794068, 32.7869638], [-96.7794144, 32.7870347], [-96.7794912, 32.7871428]]}, "properties": {"class": "tertiary"}}, {"type": "Feature", "geometry": {"type": "LineString", "coordinates": [[-96.7827219, 32.7856355], [-96.7827058, 32.7857153], [-96.7827792, 32.7860329], [-96.7828597, 32.7863135], [-96.7828727, 32.7863563], [-96.7829079, 32.7864532], [-96.7829204, 32.7864876], [-96.7829579, 32.7865575], [-96.7829834, 32.7865868], [-96.7831083, 32.7866472]]}, "properties": {"class": "tertiary"}}, {"type": "Feature", "geometry": {"type": "LineString", "coordinates": [[-96.7821721, 32.7841891], [-96.7821895, 32.784263], [-96.7821936, 32.7842805], [-96.7822903, 32.784466], [-96.7823625, 32.7846045], [-96.7824722, 32.7848151], [-96.7825005, 32.7848926], [-96.7825281, 32.7849691], [-96.7825752, 32.7851261], [-96.7826202, 32.7852822], [-96.7826773, 32.7854805], [-96.782693, 32.785535], [-96.7827219, 32.7856355]]}, "properties": {"class": "tertiary"}}, {"type": "Feature", "geometry": {"type": "LineString", "coordinates": [[-96.8051894, 32.7944369], [-96.8051706, 32.7940217]]}, "properties": {"class": "secondary"}}, {"type": "Feature", "geometry": {"type": "LineString", "coordinates": [[-96.8051107, 32.7919917], [-96.8051203, 32.7921255]]}, "properties": {"class": "secondary"}}, {"type": "Feature", "geometry": {"type": "LineString", "coordinates": [[-96.8049895, 32.7912141], [-96.8050721, 32.7915356], [-96.8050888, 32.7917322]]}, "properties": {"class": "secondary"}}, {"type": "Feature", "geometry": {"type": "LineString", "coordinates": [[-96.8049895, 32.7912141], [-96.8049683, 32.7915307], [-96.8049842, 32.7918277], [-96.8049874, 32.7918649], [-96.8050025, 32.7919955]]}, "properties": {"class": "secondary"}}, {"type": "Feature", "geometry": {"type": "LineString", "coordinates": [[-96.8051519, 32.7929654], [-96.8051495, 32.7928887], [-96.8051324, 32.7923282], [-96.8051203, 32.7921255]]}, "properties": {"class": "secondary"}}, {"type": "Feature", "geometry": {"type": "LineString", "coordinates": [[-96.8054192, 32.7995336], [-96.8054169, 32.7994321], [-96.8054163, 32.7994057]]}, "properties": {"class": "secondary"}}, {"type": "Feature", "geometry": {"type": "LineString", "coordinates": [[-96.8054192, 32.7995336], [-96.8054841, 32.799591], [-96.8055031, 32.7996078], [-96.8056629, 32.7997491], [-96.8057282, 32.7998068], [-96.805764, 32.7998384], [-96.8060033, 32.8000506], [-96.8060772, 32.8001219], [-96.8061256, 32.8001687]]}, "properties": {"class": "residential"}}, {"type": "Feature", "geometry": {"type": "LineString", "coordinates": [[-96.7849889, 32.7891012], [-96.7849358, 32.7891392], [-96.7841377, 32.789711], [-96.7840163, 32.7897979], [-96.7836497, 32.7900474]]}, "properties": {"class": "residential"}}, {"type": "Feature", "geometry": {"type": "LineString", "coordinates": [[-96.786899, 32.7927186], [-96.7868838, 32.7926418], [-96.786432, 32.7922628], [-96.7863577, 32.7922627]]}, "properties": {"class": "residential"}}, {"type": "Feature", "geometry": {"type": "LineString", "coordinates": [[-96.7863577, 32.7922627], [-96.7863677, 32.7923233], [-96.7868134, 32.7927026], [-96.786899, 32.7927186]]}, "properties": {"class": "residential"}}, {"type": "Feature", "geometry": {"type": "LineString", "coordinates": [[-96.8116581, 32.7705077], [-96.8116185, 32.7704194], [-96.8115187, 32.7702043]]}, "properties": {"class": "secondary"}}, {"type": "Feature", "geometry": {"type": "LineString", "coordinates": [[-96.7832836, 32.7905892], [-96.7835174, 32.7907834], [-96.7838193, 32.7910342], [-96.7839352, 32.7911304], [-96.7841587, 32.7913161], [-96.7842991, 32.7914327], [-96.7844865, 32.7915883], [-96.784628, 32.7917059], [-96.7846682, 32.7917393], [-96.7848352, 32.7918784], [-96.7848494, 32.7918903], [-96.785074, 32.792076], [-96.785146, 32.7921343]]}, "properties": {"class": "residential"}}, {"type": "Feature", "geometry": {"type": "LineString", "coordinates": [[-96.781074, 32.7885846], [-96.7808426, 32.788385]]}, "properties": {"class": "residential"}}, {"type": "Feature", "geometry": {"type": "LineString", "coordinates": [[-96.7934352, 32.799149], [-96.7935104, 32.7992143], [-96.793855, 32.7995154], [-96.7940047, 32.7996038]]}, "properties": {"class": "tertiary"}}, {"type": "Feature", "geometry": {"type": "LineString", "coordinates": [[-96.793316, 32.7989018], [-96.7930238, 32.7986495]]}, "properties": {"class": "tertiary"}}, {"type": "Feature", "geometry": {"type": "LineString", "coordinates": [[-96.7927721, 32.7984322], [-96.7926766, 32.7983463], [-96.7926014, 32.798285], [-96.7923212, 32.7980715]]}, "properties": {"class": "tertiary"}}, {"type": "Feature", "geometry": {"type": "LineString", "coordinates": [[-96.7940047, 32.7996038], [-96.7939261, 32.7994665], [-96.7938666, 32.7994027], [-96.7938332, 32.799369], [-96.7937474, 32.7992888]]}, "properties": {"class": "tertiary"}}, {"type": "Feature", "geometry": {"type": "LineString", "coordinates": [[-96.7792481, 32.7728667], [-96.7791965, 32.7727208], [-96.7788296, 32.7722932], [-96.7788011, 32.772258], [-96.7785906, 32.7720217], [-96.77848, 32.7719512]]}, "properties": {"class": "secondary"}}, {"type": "Feature", "geometry": {"type": "LineString", "coordinates": [[-96.77848, 32.7719512], [-96.7785041, 32.7720865], [-96.7787299, 32.7723558], [-96.7787588, 32.7723903], [-96.7790985, 32.772765], [-96.7792481, 32.7728667]]}, "properties": {"class": "secondary"}}, {"type": "Feature", "geometry": {"type": "LineString", "coordinates": [[-96.7807539, 32.7746204], [-96.7808062, 32.7746799], [-96.7810953, 32.7750233], [-96.781464, 32.775447], [-96.781609, 32.775607]]}, "properties": {"class": "secondary"}}, {"type": "Feature", "geometry": {"type": "LineString", "coordinates": [[-96.7752304, 32.7863938], [-96.775301, 32.7863695], [-96.7753944, 32.7863486], [-96.7754398, 32.7863362], [-96.7757499, 32.7862512]]}, "properties": {"class": "secondary"}}, {"type": "Feature", "geometry": {"type": "LineString", "coordinates": [[-96.7889073, 32.7835922], [-96.7891866, 32.7836634], [-96.7893283, 32.7837067], [-96.7894408, 32.783741], [-96.7894925, 32.7837636], [-96.7897533, 32.7838775], [-96.7901181, 32.7840793]]}, "properties": {"class": "secondary"}}, {"type": "Feature", "geometry": {"type": "LineString", "coordinates": [[-96.7794912, 32.7871428], [-96.7795111, 32.7872295], [-96.7795301, 32.7872685], [-96.7795565, 32.7873015], [-96.7796888, 32.7874281]]}, "properties": {"class": "residential"}}, {"type": "Feature", "geometry": {"type": "LineString", "coordinates": [[-96.8044226, 32.7857281], [-96.8043534, 32.785705], [-96.80426, 32.7856166], [-96.804044, 32.7853961], [-96.8039074, 32.7852359]]}, "properties": {"class": "secondary"}}, {"type": "Feature", "geometry": {"type": "LineString", "coordinates": [[-96.7924425, 32.7961163], [-96.7924519, 32.7964635], [-96.7924958, 32.7967739]]}, "properties": {"class": "secondary"}}, {"type": "Feature", "geometry": {"type": "LineString", "coordinates": [[-96.7792226, 32.7919438], [-96.7793041, 32.7920136], [-96.7794603, 32.7921477], [-96.7796821, 32.7923382], [-96.7799831, 32.7925968], [-96.7800251, 32.7926328]]}, "properties": {"class": "tertiary"}}, {"type": "Feature", "geometry": {"type": "LineString", "coordinates": [[-96.7786795, 32.7923928], [-96.7787177, 32.7923612], [-96.7790484, 32.7920878], [-96.7791532, 32.7920019], [-96.7792226, 32.7919438]]}, "properties": {"class": "tertiary"}}, {"type": "Feature", "geometry": {"type": "LineString", "coordinates": [[-96.7787205, 32.7915112], [-96.7791378, 32.79187], [-96.7792226, 32.7919438]]}, "properties": {"class": "tertiary"}}, {"type": "Feature", "geometry": {"type": "LineString", "coordinates": [[-96.7792226, 32.7919438], [-96.7793148, 32.7918655], [-96.7797695, 32.7914793]]}, "properties": {"class": "tertiary"}}, {"type": "Feature", "geometry": {"type": "LineString", "coordinates": [[-96.7797695, 32.7914793], [-96.7798547, 32.791407], [-96.7803733, 32.7909664], [-96.7804953, 32.7908628], [-96.780789, 32.7906172], [-96.7808049, 32.790604], [-96.7815741, 32.7899694], [-96.7820081, 32.7896113], [-96.7820954, 32.7895393], [-96.7821812, 32.7894734], [-96.7823525, 32.7893328], [-96.7824993, 32.7892122], [-96.7831718, 32.7886499], [-96.7833581, 32.7884817]]}, "properties": {"class": "tertiary"}}, {"type": "Feature", "geometry": {"type": "LineString", "coordinates": [[-96.7751038, 32.7883911], [-96.7753151, 32.7885744], [-96.7754393, 32.7886822], [-96.7756272, 32.7888452], [-96.7758349, 32.7890253]]}, "properties": {"class": "tertiary"}}, {"type": "Feature", "geometry": {"type": "LineString", "coordinates": [[-96.7782071, 32.791045], [-96.7782655, 32.7910981], [-96.7787205, 32.7915112]]}, "properties": {"class": "tertiary"}}, {"type": "Feature", "geometry": {"type": "LineString", "coordinates": [[-96.7768739, 32.793916], [-96.7769471, 32.793854], [-96.7770034, 32.7938072]]}, "properties": {"class": "tertiary"}}, {"type": "Feature", "geometry": {"type": "LineString", "coordinates": [[-96.7779874, 32.7929869], [-96.7780392, 32.7929434], [-96.7781215, 32.7928743], [-96.7782306, 32.7927827], [-96.7783379, 32.7926926], [-96.7783645, 32.7926693], [-96.7785342, 32.7925203], [-96.7786795, 32.7923928]]}, "properties": {"class": "tertiary"}}, {"type": "Feature", "geometry": {"type": "LineString", "coordinates": [[-96.7770034, 32.7938072], [-96.7774972, 32.7933956], [-96.7775894, 32.7933187], [-96.7777967, 32.7931458], [-96.7779251, 32.7930388], [-96.7779874, 32.7929869]]}, "properties": {"class": "tertiary"}}, {"type": "Feature", "geometry": {"type": "LineString", "coordinates": [[-96.7722894, 32.7579754], [-96.7724437, 32.7581343], [-96.7726817, 32.7583345]]}, "properties": {"class": "residential"}}, {"type": "Feature", "geometry": {"type": "LineString", "coordinates": [[-96.7708774, 32.7988693], [-96.7710536, 32.7987237], [-96.7714419, 32.7984028], [-96.7717997, 32.7981071], [-96.7726883, 32.7973728], [-96.7728468, 32.7972418], [-96.7731667, 32.7969774], [-96.7734586, 32.7967362], [-96.7735245, 32.796681], [-96.7735842, 32.7966324], [-96.7736454, 32.7965818], [-96.7737756, 32.7964742], [-96.7738806, 32.7963875], [-96.7740123, 32.7962786], [-96.7740979, 32.7962079], [-96.7741196, 32.79619], [-96.774693, 32.7957161], [-96.7749301, 32.7955201], [-96.7751287, 32.795356], [-96.7751948, 32.7953013]]}, "properties": {"class": "secondary"}}, {"type": "Feature", "geometry": {"type": "LineString", "coordinates": [[-96.7977536, 32.7882109], [-96.7978349, 32.7882728], [-96.7983733, 32.7886829], [-96.798416, 32.7887154]]}, "properties": {"class": "secondary"}}, {"type": "Feature", "geometry": {"type": "LineString", "coordinates": [[-96.7988383, 32.7888991], [-96.7987608, 32.7888252], [-96.7987025, 32.7887695], [-96.798225, 32.788404]]}, "properties": {"class": "secondary"}}, {"type": "Feature", "geometry": {"type": "LineString", "coordinates": [[-96.7977536, 32.7882109], [-96.7978648, 32.7881267]]}, "properties": {"class": "secondary"}}, {"type": "Feature", "geometry": {"type": "LineString", "coordinates": [[-96.7964707, 32.7892697], [-96.7965839, 32.7891746], [-96.7969327, 32.7888815], [-96.7970387, 32.7887924], [-96.7971774, 32.7886801], [-96.7976807, 32.7882702], [-96.7977536, 32.7882109]]}, "properties": {"class": "secondary"}}, {"type": "Feature", "geometry": {"type": "LineString", "coordinates": [[-96.8054843, 32.8006927], [-96.8055955, 32.8006009]]}, "properties": {"class": "residential"}}, {"type": "Feature", "geometry": {"type": "LineString", "coordinates": [[-96.8055955, 32.8006009], [-96.8056712, 32.8005412], [-96.8058221, 32.8004183], [-96.8060657, 32.8002142], [-96.8061256, 32.8001687], [-96.8061808, 32.8001254], [-96.8063084, 32.8000216], [-96.806685, 32.7997233], [-96.8070347, 32.7994408], [-96.8071135, 32.7993772], [-96.8071649, 32.7993357], [-96.8072319, 32.7992816], [-96.8076166, 32.7989708], [-96.8077831, 32.7988363], [-96.8079889, 32.79867], [-96.8080124, 32.798651], [-96.8080848, 32.7985925]]}, "properties": {"class": "residential"}}, {"type": "Feature", "geometry": {"type": "LineString", "coordinates": [[-96.800978, 32.785476], [-96.801082, 32.785389], [-96.8014895, 32.7850484]]}, "properties": {"class": "secondary"}}, {"type": "Feature", "geometry": {"type": "LineString", "coordinates": [[-96.8014895, 32.7850484], [-96.8021919, 32.7844582], [-96.8022428, 32.7844156]]}, "properties": {"class": "secondary"}}, {"type": "Feature", "geometry": {"type": "LineString", "coordinates": [[-96.8001939, 32.7861321], [-96.8002446, 32.7860902], [-96.8002694, 32.786069], [-96.8004821, 32.7858911]]}, "properties": {"class": "secondary"}}, {"type": "Feature", "geometry": {"type": "LineString", "coordinates": [[-96.8023975, 32.7868275], [-96.8024601, 32.7869051], [-96.8026628, 32.7871529], [-96.8027997, 32.7873178], [-96.8030394, 32.7876064], [-96.8030901, 32.7876675]]}, "properties": {"class": "secondary"}}, {"type": "Feature", "geometry": {"type": "LineString", "coordinates": [[-96.7749285, 32.7856542], [-96.774813, 32.7856762], [-96.774611, 32.7857324], [-96.7743526, 32.7858327], [-96.774228, 32.785881]]}, "properties": {"class": "secondary"}}, {"type": "Feature", "geometry": {"type": "LineString", "coordinates": [[-96.7834182, 32.7839565], [-96.7833392, 32.7839712], [-96.7830898, 32.7840178], [-96.7824515, 32.7841372]]}, "properties": {"class": "secondary"}}, {"type": "Feature", "geometry": {"type": "LineString", "coordinates": [[-96.7858204, 32.7834754], [-96.7855531, 32.7835294], [-96.7852439, 32.7835923], [-96.7850654, 32.7836286], [-96.7842097, 32.7838027], [-96.7841529, 32.7838142], [-96.7840936, 32.7838263], [-96.7834819, 32.7839423], [-96.7834182, 32.7839565]]}, "properties": {"class": "secondary"}}, {"type": "Feature", "geometry": {"type": "LineString", "coordinates": [[-96.7865053, 32.7833358], [-96.7863565, 32.783366]]}, "properties": {"class": "secondary"}}, {"type": "Feature", "geometry": {"type": "LineString", "coordinates": [[-96.7866609, 32.7840598], [-96.7866372, 32.7839901], [-96.7865443, 32.7836638], [-96.7865118, 32.7834944], [-96.7865069, 32.7834335], [-96.7865053, 32.7833358]]}, "properties": {"class": "secondary"}}, {"type": "Feature", "geometry": {"type": "LineString", "coordinates": [[-96.792195, 32.7885088], [-96.7921053, 32.7884739], [-96.79147, 32.7882263]]}, "properties": {"class": "secondary"}}, {"type": "Feature", "geometry": {"type": "LineString", "coordinates": [[-96.7814999, 32.7890132], [-96.7815668, 32.7890723], [-96.7818001, 32.7892785], [-96.7820275, 32.7894794], [-96.7820954, 32.7895393]]}, "properties": {"class": "residential"}}, {"type": "Feature", "geometry": {"type": "LineString", "coordinates": [[-96.7831058, 32.7876166], [-96.7830491, 32.7877245], [-96.7830397, 32.7877441], [-96.7829644, 32.7878048], [-96.7825358, 32.7881503], [-96.7821473, 32.7884739], [-96.7821113, 32.7885039], [-96.7819103, 32.7886713], [-96.7815836, 32.7889438], [-96.7814999, 32.7890132]]}, "properties": {"class": "residential"}}, {"type": "Feature", "geometry": {"type": "LineString", "coordinates": [[-96.7821449, 32.801292], [-96.7820904, 32.8013387], [-96.7820164, 32.8014021]]}, "properties": {"class": "secondary"}}, {"type": "Feature", "geometry": {"type": "LineString", "coordinates": [[-96.8002497, 32.7804326], [-96.7995894, 32.7805713], [-96.7995349, 32.7805827]]}, "properties": {"class": "secondary"}}, {"type": "Feature", "geometry": {"type": "LineString", "coordinates": [[-96.8029906, 32.7798533], [-96.802839, 32.7798868]]}, "properties": {"class": "secondary"}}, {"type": "Feature", "geometry": {"type": "LineString", "coordinates": [[-96.7817714, 32.7949604], [-96.7818197, 32.7949213], [-96.781915, 32.7948408], [-96.7820504, 32.7947228], [-96.782148, 32.7946387], [-96.7822105, 32.7945882], [-96.7822786, 32.7945323], [-96.7823208, 32.7944977], [-96.7824623, 32.7943794], [-96.7824764, 32.7943659], [-96.7827245, 32.7941585], [-96.7832203, 32.7937441], [-96.783291, 32.793685], [-96.783728, 32.793315], [-96.7842091, 32.7929174], [-96.784246, 32.792887]]}, "properties": {"class": "tertiary"}}, {"type": "Feature", "geometry": {"type": "LineString", "coordinates": [[-96.7738256, 32.801534], [-96.7738759, 32.8014923], [-96.775052, 32.8005175], [-96.7750976, 32.8004805], [-96.7751388, 32.8004459], [-96.7752282, 32.8003708], [-96.7756526, 32.8000103], [-96.7758778, 32.7998191], [-96.776014, 32.7997042], [-96.7762002, 32.7995495]]}, "properties": {"class": "tertiary"}}, {"type": "Feature", "geometry": {"type": "LineString", "coordinates": [[-96.7724954, 32.7958155], [-96.772565, 32.7958575], [-96.7731095, 32.7963276], [-96.7732573, 32.7964485], [-96.7733455, 32.7965207], [-96.77346, 32.7966209], [-96.7735245, 32.796681]]}, "properties": {"class": "tertiary"}}, {"type": "Feature", "geometry": {"type": "LineString", "coordinates": [[-96.7735245, 32.796681], [-96.7735943, 32.7967458], [-96.7736925, 32.7968289], [-96.7737959, 32.7969189], [-96.7741054, 32.7971977], [-96.7747715, 32.7977941], [-96.7748309, 32.7978441]]}, "properties": {"class": "tertiary"}}, {"type": "Feature", "geometry": {"type": "LineString", "coordinates": [[-96.779351, 32.7883428], [-96.7788824, 32.7887335]]}, "properties": {"class": "residential"}}, {"type": "Feature", "geometry": {"type": "LineString", "coordinates": [[-96.8066647, 32.7931886], [-96.8065538, 32.7932878]]}, "properties": {"class": "residential"}}, {"type": "Feature", "geometry": {"type": "LineString", "coordinates": [[-96.8010626, 32.8006481], [-96.8010506, 32.8006574], [-96.8008543, 32.800805]]}, "properties": {"class": "residential"}}, {"type": "Feature", "geometry": {"type": "LineString", "coordinates": [[-96.8007955, 32.8004469], [-96.8008206, 32.8005995]]}, "properties": {"class": "tertiary"}}, {"type": "Feature", "geometry": {"type": "LineString", "coordinates": [[-96.8008247, 32.8000307], [-96.800795, 32.8000872], [-96.8007833, 32.8001777], [-96.8007813, 32.8003402], [-96.8007955, 32.8004469]]}, "properties": {"class": "tertiary"}}, {"type": "Feature", "geometry": {"type": "LineString", "coordinates": [[-96.8017616, 32.7963333], [-96.8017743, 32.7963427], [-96.8018372, 32.7963953], [-96.8022026, 32.7967157], [-96.8023072, 32.7968046], [-96.8023653, 32.7968538], [-96.8024201, 32.7969008], [-96.8028704, 32.7973005], [-96.8029683, 32.7973861], [-96.8036656, 32.797994], [-96.803712, 32.798034]]}, "properties": {"class": "residential"}}, {"type": "Feature", "geometry": {"type": "LineString", "coordinates": [[-96.8091936, 32.7558068], [-96.8092013, 32.756043], [-96.8092607, 32.7563663], [-96.809297, 32.7566549], [-96.8093135, 32.7568491], [-96.8093129, 32.7570753], [-96.8092901, 32.7572961], [-96.8092579, 32.7574656], [-96.8092036, 32.7576692], [-96.8091078, 32.7579378], [-96.8090871, 32.7579991], [-96.8090458, 32.7581395]]}, "properties": {"class": "secondary"}}, {"type": "Feature", "geometry": {"type": "LineString", "coordinates": [[-96.802839, 32.7798868], [-96.8027656, 32.7799022], [-96.8018946, 32.7800851], [-96.8018099, 32.7801029], [-96.8017221, 32.7801213], [-96.8016114, 32.7801446], [-96.8015753, 32.7801521], [-96.8013224, 32.7802053], [-96.8010447, 32.7802635], [-96.8009635, 32.7802806]]}, "properties": {"class": "secondary"}}, {"type": "Feature", "geometry": {"type": "LineString", "coordinates": [[-96.8009635, 32.7802806], [-96.8008985, 32.7802944], [-96.8002497, 32.7804326]]}, "properties": {"class": "secondary"}}, {"type": "Feature", "geometry": {"type": "LineString", "coordinates": [[-96.7974965, 32.7810053], [-96.7972023, 32.7810667], [-96.7971161, 32.7810847]]}, "properties": {"class": "secondary"}}, {"type": "Feature", "geometry": {"type": "LineString", "coordinates": [[-96.7971161, 32.7810847], [-96.7971447, 32.7811773], [-96.7972286, 32.7814494]]}, "properties": {"class": "secondary"}}, {"type": "Feature", "geometry": {"type": "LineString", "coordinates": [[-96.7987814, 32.780739], [-96.7978832, 32.7809252], [-96.7974965, 32.7810053]]}, "properties": {"class": "secondary"}}, {"type": "Feature", "geometry": {"type": "LineString", "coordinates": [[-96.792435, 32.7820781], [-96.792334, 32.7820998], [-96.7922334, 32.7821206], [-96.7920877, 32.7821508], [-96.7918393, 32.7822009]]}, "properties": {"class": "secondary"}}, {"type": "Feature", "geometry": {"type": "LineString", "coordinates": [[-96.7956985, 32.7813951], [-96.7957814, 32.7813778], [-96.7969599, 32.7811182]]}, "properties": {"class": "secondary"}}, {"type": "Feature", "geometry": {"type": "LineString", "coordinates": [[-96.794145, 32.781712], [-96.7942527, 32.781689], [-96.7956251, 32.7814106], [-96.7956985, 32.7813951]]}, "properties": {"class": "secondary"}}, {"type": "Feature", "geometry": {"type": "LineString", "coordinates": [[-96.7940256, 32.7812658], [-96.7940481, 32.7813689], [-96.7941284, 32.7816454], [-96.794145, 32.781712]]}, "properties": {"class": "secondary"}}, {"type": "Feature", "geometry": {"type": "LineString", "coordinates": [[-96.794145, 32.781712], [-96.7940608, 32.7817301], [-96.7933647, 32.7818794], [-96.792547, 32.7820548], [-96.792435, 32.7820781]]}, "properties": {"class": "secondary"}}, {"type": "Feature", "geometry": {"type": "LineString", "coordinates": [[-96.799548, 32.7705652], [-96.7994404, 32.7706229], [-96.7994366, 32.7706249], [-96.7993522, 32.7706869]]}, "properties": {"class": "secondary"}}, {"type": "Feature", "geometry": {"type": "LineString", "coordinates": [[-96.817938, 32.7994319], [-96.8177468, 32.7997038]]}, "properties": {"class": "secondary"}}, {"type": "Feature", "geometry": {"type": "LineString", "coordinates": [[-96.8180467, 32.7995662], [-96.8181067, 32.7994841]]}, "properties": {"class": "secondary"}}, {"type": "Feature", "geometry": {"type": "LineString", "coordinates": [[-96.8183124, 32.799211], [-96.8185238, 32.798903], [-96.8185391, 32.7988807], [-96.8185734, 32.7988307]]}, "properties": {"class": "secondary"}}, {"type": "Feature", "geometry": {"type": "LineString", "coordinates": [[-96.8182099, 32.7990788], [-96.817938, 32.7994319]]}, "properties": {"class": "secondary"}}, {"type": "Feature", "geometry": {"type": "LineString", "coordinates": [[-96.7819172, 32.7842378], [-96.7815116, 32.7843152], [-96.7813748, 32.7843413], [-96.7806653, 32.7844766], [-96.7806069, 32.7844877], [-96.780539, 32.7845025], [-96.7795148, 32.7847245], [-96.7793948, 32.784749], [-96.7790285, 32.7848317], [-96.7789085, 32.7848572]]}, "properties": {"class": "secondary"}}, {"type": "Feature", "geometry": {"type": "LineString", "coordinates": [[-96.8055605, 32.797959], [-96.8056156, 32.7980062], [-96.8061535, 32.7984662], [-96.8064141, 32.798689], [-96.8064624, 32.7987303], [-96.8064988, 32.7987616], [-96.8071204, 32.7992971], [-96.8071649, 32.7993357], [-96.8072224, 32.7993856], [-96.8076217, 32.7997163], [-96.8077372, 32.799812], [-96.8081043, 32.8001142]]}, "properties": {"class": "residential"}}, {"type": "Feature", "geometry": {"type": "LineString", "coordinates": [[-96.8055605, 32.797959], [-96.8055555, 32.797825], [-96.8055419, 32.7976057], [-96.8055057, 32.7972369], [-96.8054678, 32.7968287]]}, "properties": {"class": "secondary"}}, {"type": "Feature", "geometry": {"type": "LineString", "coordinates": [[-96.794511, 32.784293], [-96.7945981, 32.7843688], [-96.7950396, 32.7847531], [-96.7956924, 32.7853213], [-96.7957096, 32.7853498], [-96.7957365, 32.7853931], [-96.7957591, 32.7854296], [-96.795779, 32.7854617], [-96.795784, 32.7854672], [-96.7959105, 32.7856216], [-96.7959531, 32.7856735], [-96.7959676, 32.7856899], [-96.7960536, 32.7857877], [-96.7961207, 32.7858444], [-96.7961713, 32.7858871]]}, "properties": {"class": "tertiary"}}, {"type": "Feature", "geometry": {"type": "LineString", "coordinates": [[-96.7916903, 32.7838721], [-96.7918216, 32.7838378], [-96.7922301, 32.7837337]]}, "properties": {"class": "tertiary"}}, {"type": "Feature", "geometry": {"type": "LineString", "coordinates": [[-96.810926, 32.7560587], [-96.8109697, 32.7563488], [-96.8110171, 32.7565829], [-96.8110917, 32.7568772], [-96.81113, 32.7569925], [-96.811225, 32.757278]]}, "properties": {"class": "secondary"}}, {"type": "Feature", "geometry": {"type": "LineString", "coordinates": [[-96.8156648, 32.7587838], [-96.8155686, 32.7587858], [-96.814903, 32.7587948], [-96.8141716, 32.7588111], [-96.8134701, 32.7588141], [-96.8131707, 32.7588133], [-96.8130291, 32.7588059], [-96.8129145, 32.7587901], [-96.8128199, 32.7587813], [-96.8127292, 32.7587774]]}, "properties": {"class": "tertiary"}}, {"type": "Feature", "geometry": {"type": "LineString", "coordinates": [[-96.8167668, 32.7548175], [-96.8164716, 32.7548171]]}, "properties": {"class": "residential"}}, {"type": "Feature", "geometry": {"type": "LineString", "coordinates": [[-96.8164716, 32.7548171], [-96.8156622, 32.754822], [-96.8149018, 32.7548224], [-96.8141427, 32.7548227], [-96.8134419, 32.7548187], [-96.8127172, 32.7548151], [-96.8119384, 32.754814], [-96.8118551, 32.754814], [-96.8109954, 32.7548141], [-96.8109167, 32.754814], [-96.8107827, 32.7548178]]}, "properties": {"class": "residential"}}, {"type": "Feature", "geometry": {"type": "LineString", "coordinates": [[-96.7882352, 32.8012328], [-96.788274, 32.8012663], [-96.7886244, 32.8015694], [-96.7886715, 32.8016101], [-96.7891938, 32.8020618], [-96.7894592, 32.8022913], [-96.7896255, 32.8024352], [-96.7896725, 32.8024759]]}, "properties": {"class": "residential"}}, {"type": "Feature", "geometry": {"type": "LineString", "coordinates": [[-96.7865053, 32.7833358], [-96.7865035, 32.7832354], [-96.786517, 32.782911], [-96.7865327, 32.7826337], [-96.7865389, 32.782524]]}, "properties": {"class": "secondary"}}, {"type": "Feature", "geometry": {"type": "LineString", "coordinates": [[-96.78653, 32.7840865], [-96.7865535, 32.7841642], [-96.7866129, 32.7843079]]}, "properties": {"class": "secondary"}}, {"type": "Feature", "geometry": {"type": "LineString", "coordinates": [[-96.78653, 32.7840865], [-96.7866609, 32.7840598]]}, "properties": {"class": "secondary"}}, {"type": "Feature", "geometry": {"type": "LineString", "coordinates": [[-96.7842825, 32.7877797], [-96.7843568, 32.7876671]]}, "properties": {"class": "tertiary"}}, {"type": "Feature", "geometry": {"type": "LineString", "coordinates": [[-96.792457, 32.782843], [-96.7926065, 32.7828148], [-96.7930209, 32.7827318], [-96.793344, 32.782668], [-96.7938786, 32.7825571], [-96.7942757, 32.7824747], [-96.7943661, 32.7824559]]}, "properties": {"class": "secondary"}}, {"type": "Feature", "geometry": {"type": "LineString", "coordinates": [[-96.7935931, 32.7834154], [-96.7935209, 32.7834319], [-96.7932589, 32.783491], [-96.7928944, 32.7835735], [-96.792778, 32.7835998], [-96.792709, 32.7836152], [-96.792552, 32.783651]]}, "properties": {"class": "tertiary"}}, {"type": "Feature", "geometry": {"type": "LineString", "coordinates": [[-96.7954702, 32.7806483], [-96.7954001, 32.7806632], [-96.7951745, 32.7807133], [-96.7947331, 32.7808112], [-96.7940938, 32.7809534], [-96.7939913, 32.7809751]]}, "properties": {"class": "secondary"}}, {"type": "Feature", "geometry": {"type": "LineString", "coordinates": [[-96.8039082, 32.7820495], [-96.8038212, 32.7821223], [-96.8038038, 32.7821376], [-96.8037386, 32.7821911]]}, "properties": {"class": "tertiary"}}, {"type": "Feature", "geometry": {"type": "LineString", "coordinates": [[-96.8047344, 32.7812099], [-96.804777, 32.7813533]]}, "properties": {"class": "secondary"}}, {"type": "Feature", "geometry": {"type": "LineString", "coordinates": [[-96.811225, 32.757278], [-96.8112757, 32.7575876], [-96.8113197, 32.7577358], [-96.8113423, 32.7578118], [-96.811452, 32.758018], [-96.8117662, 32.7584719], [-96.8118879, 32.7586403], [-96.8119712, 32.7587594]]}, "properties": {"class": "secondary"}}, {"type": "Feature", "geometry": {"type": "LineString", "coordinates": [[-96.811225, 32.757278], [-96.8111349, 32.7572805], [-96.8104284, 32.7573005], [-96.810344, 32.7573018]]}, "properties": {"class": "residential"}}, {"type": "Feature", "geometry": {"type": "LineString", "coordinates": [[-96.8127292, 32.7587774], [-96.8127298, 32.7586685], [-96.8127352, 32.7582573], [-96.8127327, 32.7573474], [-96.8127325, 32.757289]]}, "properties": {"class": "tertiary"}}, {"type": "Feature", "geometry": {"type": "LineString", "coordinates": [[-96.8156699, 32.7572784], [-96.8149087, 32.7572786], [-96.8147829, 32.7572786], [-96.8141735, 32.7572807], [-96.8134474, 32.7572849], [-96.8128012, 32.7572886], [-96.8127325, 32.757289]]}, "properties": {"class": "residential"}}, {"type": "Feature", "geometry": {"type": "LineString", "coordinates": [[-96.8167792, 32.7572765], [-96.8156699, 32.7572784]]}, "properties": {"class": "residential"}}, {"type": "Feature", "geometry": {"type": "LineString", "coordinates": [[-96.8156648, 32.7587838], [-96.815664, 32.7587098], [-96.8156649, 32.7585306], [-96.8156666, 32.7584256], [-96.8156699, 32.7572784]]}, "properties": {"class": "tertiary"}}, {"type": "Feature", "geometry": {"type": "LineString", "coordinates": [[-96.803408, 32.776597], [-96.8034337, 32.776683], [-96.8035888, 32.7771944]]}, "properties": {"class": "secondary"}}, {"type": "Feature", "geometry": {"type": "LineString", "coordinates": [[-96.8053274, 32.7761953], [-96.8052421, 32.7762134], [-96.8049609, 32.776269], [-96.8046862, 32.7763281], [-96.8043935, 32.7763923]]}, "properties": {"class": "secondary"}}, {"type": "Feature", "geometry": {"type": "LineString", "coordinates": [[-96.8068137, 32.7758581], [-96.806736, 32.7758905], [-96.806617, 32.7759255], [-96.8062182, 32.7760049], [-96.8060985, 32.7760307], [-96.8059897, 32.7760527], [-96.8054439, 32.7761708], [-96.8053274, 32.7761953]]}, "properties": {"class": "secondary"}}, {"type": "Feature", "geometry": {"type": "LineString", "coordinates": [[-96.807185, 32.7766361], [-96.8071659, 32.7765493], [-96.8071475, 32.7764737]]}, "properties": {"class": "secondary"}}, {"type": "Feature", "geometry": {"type": "LineString", "coordinates": [[-96.8022514, 32.7768426], [-96.8023576, 32.7768758], [-96.8024674, 32.7769119], [-96.8025701, 32.7769525], [-96.8026768, 32.7770075]]}, "properties": {"class": "secondary"}}, {"type": "Feature", "geometry": {"type": "LineString", "coordinates": [[-96.802903, 32.77908], [-96.8028808, 32.7789928], [-96.802728, 32.7784481], [-96.8027037, 32.7783734], [-96.8026827, 32.7783115], [-96.8025766, 32.7779148]]}, "properties": {"class": "secondary"}}, {"type": "Feature", "geometry": {"type": "LineString", "coordinates": [[-96.8040087, 32.7819655], [-96.8039082, 32.7820495]]}, "properties": {"class": "tertiary"}}, {"type": "Feature", "geometry": {"type": "LineString", "coordinates": [[-96.804777, 32.7813533], [-96.8046661, 32.7814324], [-96.804581, 32.7815015]]}, "properties": {"class": "tertiary"}}, {"type": "Feature", "geometry": {"type": "LineString", "coordinates": [[-96.8040734, 32.7788307], [-96.8039718, 32.7788539], [-96.803243, 32.779007], [-96.8029835, 32.7790626], [-96.802903, 32.77908]]}, "properties": {"class": "secondary"}}, {"type": "Feature", "geometry": {"type": "LineString", "coordinates": [[-96.8048669, 32.7815171], [-96.8048159, 32.781433], [-96.8047959, 32.7813941], [-96.804777, 32.7813533]]}, "properties": {"class": "secondary"}}, {"type": "Feature", "geometry": {"type": "LineString", "coordinates": [[-96.8042961, 32.7795754], [-96.8043236, 32.7796685], [-96.8044658, 32.7801388], [-96.8044971, 32.7802438], [-96.804519, 32.7803326]]}, "properties": {"class": "secondary"}}, {"type": "Feature", "geometry": {"type": "LineString", "coordinates": [[-96.7973377, 32.7818359], [-96.7974299, 32.781818], [-96.798175, 32.7816625], [-96.7984873, 32.7815979], [-96.798581, 32.7815785], [-96.7996844, 32.781348], [-96.7997581, 32.7813324], [-96.7998329, 32.7813152], [-96.8003669, 32.7812021], [-96.8004652, 32.7811812], [-96.8007061, 32.7811305], [-96.8011158, 32.7810432], [-96.8012138, 32.7810215]]}, "properties": {"class": "secondary"}}, {"type": "Feature", "geometry": {"type": "LineString", "coordinates": [[-96.7972286, 32.7814494], [-96.7973136, 32.7817504], [-96.7973377, 32.7818359]]}, "properties": {"class": "secondary"}}, {"type": "Feature", "geometry": {"type": "LineString", "coordinates": [[-96.7956985, 32.7813951], [-96.7956735, 32.7813224], [-96.7954947, 32.7807325], [-96.7954702, 32.7806483]]}, "properties": {"class": "tertiary"}}, {"type": "Feature", "geometry": {"type": "LineString", "coordinates": [[-96.7908738, 32.7816173], [-96.7907671, 32.7816416], [-96.7907063, 32.7816545], [-96.7902792, 32.7817443]]}, "properties": {"class": "secondary"}}, {"type": "Feature", "geometry": {"type": "LineString", "coordinates": [[-96.7722894, 32.7579754], [-96.7718573, 32.757589]]}, "properties": {"class": "residential"}}, {"type": "Feature", "geometry": {"type": "LineString", "coordinates": [[-96.7722543, 32.757254], [-96.7721906, 32.7573077], [-96.7718573, 32.757589]]}, "properties": {"class": "residential"}}, {"type": "Feature", "geometry": {"type": "LineString", "coordinates": [[-96.7732331, 32.7618486], [-96.773174, 32.7619012], [-96.7728916, 32.7621525]]}, "properties": {"class": "tertiary"}}, {"type": "Feature", "geometry": {"type": "LineString", "coordinates": [[-96.8042335, 32.7886897], [-96.8042997, 32.7887465], [-96.8043188, 32.7887629], [-96.8046788, 32.7890713], [-96.8049116, 32.7892708], [-96.8049343, 32.7892912], [-96.8050274, 32.7893767]]}, "properties": {"class": "secondary"}}, {"type": "Feature", "geometry": {"type": "LineString", "coordinates": [[-96.8030901, 32.7876675], [-96.8031566, 32.7877431]]}, "properties": {"class": "secondary"}}, {"type": "Feature", "geometry": {"type": "LineString", "coordinates": [[-96.8045443, 32.7864614], [-96.8042496, 32.7867044], [-96.8038641, 32.787024], [-96.8036253, 32.787223]]}, "properties": {"class": "secondary"}}, {"type": "Feature", "geometry": {"type": "LineString", "coordinates": [[-96.8071566, 32.7854608], [-96.8074679, 32.7852066]]}, "properties": {"class": "secondary"}}, {"type": "Feature", "geometry": {"type": "LineString", "coordinates": [[-96.8170664, 32.8004517], [-96.8173848, 32.8008366]]}, "properties": {"class": "primary"}}, {"type": "Feature", "geometry": {"type": "LineString", "coordinates": [[-96.8085935, 32.7954389], [-96.8086354, 32.7954762], [-96.8089975, 32.7957977], [-96.80929, 32.796058], [-96.8094035, 32.7961596], [-96.8094554, 32.7962023]]}, "properties": {"class": "secondary"}}, {"type": "Feature", "geometry": {"type": "LineString", "coordinates": [[-96.8101483, 32.7956337], [-96.8100946, 32.7956789], [-96.8095547, 32.7961215], [-96.8094554, 32.7962023]]}, "properties": {"class": "residential"}}, {"type": "Feature", "geometry": {"type": "LineString", "coordinates": [[-96.8107966, 32.7951258], [-96.8106741, 32.7951755], [-96.8102005, 32.795587], [-96.8101483, 32.7956337]]}, "properties": {"class": "residential"}}, {"type": "Feature", "geometry": {"type": "LineString", "coordinates": [[-96.8101483, 32.7956337], [-96.8101908, 32.7956702], [-96.8103018, 32.7957683], [-96.8104074, 32.7958621], [-96.8104498, 32.7958997], [-96.8104824, 32.7959292], [-96.8105412, 32.7959824], [-96.8109758, 32.7963739], [-96.8110129, 32.7964069]]}, "properties": {"class": "residential"}}, {"type": "Feature", "geometry": {"type": "LineString", "coordinates": [[-96.8070277, 32.7928642], [-96.8070699, 32.7929235], [-96.8072763, 32.7931004], [-96.8081672, 32.7939033], [-96.8082148, 32.7939486]]}, "properties": {"class": "residential"}}, {"type": "Feature", "geometry": {"type": "LineString", "coordinates": [[-96.8082148, 32.7939486], [-96.808261, 32.7939093], [-96.808668, 32.7935663], [-96.8087697, 32.7934805], [-96.8087813, 32.7934707], [-96.808864, 32.793401]]}, "properties": {"class": "residential"}}, {"type": "Feature", "geometry": {"type": "LineString", "coordinates": [[-96.8075455, 32.7945132], [-96.8076108, 32.7945707], [-96.8078044, 32.7947411]]}, "properties": {"class": "secondary"}}, {"type": "Feature", "geometry": {"type": "LineString", "coordinates": [[-96.8050025, 32.7919955], [-96.8051107, 32.7919917]]}, "properties": {"class": "secondary"}}, {"type": "Feature", "geometry": {"type": "LineString", "coordinates": [[-96.8076623, 32.7900143], [-96.8078199, 32.7899675]]}, "properties": {"class": "secondary"}}, {"type": "Feature", "geometry": {"type": "LineString", "coordinates": [[-96.8109333, 32.7888212], [-96.810824, 32.7888272], [-96.810285, 32.7888666], [-96.8101975, 32.788873], [-96.8099646, 32.78889], [-96.8095473, 32.7889205], [-96.8094517, 32.788927]]}, "properties": {"class": "tertiary"}}, {"type": "Feature", "geometry": {"type": "LineString", "coordinates": [[-96.8052643, 32.7819042], [-96.8052008, 32.7818477], [-96.805167, 32.7818171], [-96.8050656, 32.7817197], [-96.8049157, 32.7815762], [-96.8048669, 32.7815171]]}, "properties": {"class": "secondary"}}, {"type": "Feature", "geometry": {"type": "LineString", "coordinates": [[-96.8037386, 32.7821911], [-96.8036272, 32.7822837]]}, "properties": {"class": "tertiary"}}, {"type": "Feature", "geometry": {"type": "LineString", "coordinates": [[-96.8036272, 32.7822837], [-96.8036691, 32.7823598], [-96.803765, 32.782618], [-96.803783, 32.7826788], [-96.8037928, 32.7827122]]}, "properties": {"class": "secondary"}}, {"type": "Feature", "geometry": {"type": "LineString", "coordinates": [[-96.7838227, 32.7676678], [-96.7842063, 32.7679312], [-96.7851027, 32.768553]]}, "properties": {"class": "secondary"}}, {"type": "Feature", "geometry": {"type": "LineString", "coordinates": [[-96.7866978, 32.7672957], [-96.7866455, 32.7673408], [-96.7864998, 32.7674748], [-96.786267, 32.7676675], [-96.7860542, 32.7678304], [-96.7859997, 32.7678722], [-96.7858307, 32.7680015]]}, "properties": {"class": "secondary"}}, {"type": "Feature", "geometry": {"type": "LineString", "coordinates": [[-96.789896, 32.764529], [-96.7897803, 32.764581], [-96.7895515, 32.7648542]]}, "properties": {"class": "secondary"}}, {"type": "Feature", "geometry": {"type": "LineString", "coordinates": [[-96.7895079, 32.7651027], [-96.7893861, 32.7650509]]}, "properties": {"class": "secondary"}}, {"type": "Feature", "geometry": {"type": "LineString", "coordinates": [[-96.7957022, 32.7678352], [-96.7956343, 32.7679009], [-96.7952508, 32.7682722], [-96.794926, 32.768603], [-96.7948876, 32.7686428], [-96.7943498, 32.769183]]}, "properties": {"class": "tertiary"}}, {"type": "Feature", "geometry": {"type": "LineString", "coordinates": [[-96.7941583, 32.769354], [-96.7943183, 32.7692139], [-96.7943498, 32.769183]]}, "properties": {"class": "tertiary"}}, {"type": "Feature", "geometry": {"type": "LineString", "coordinates": [[-96.792546, 32.7687246], [-96.792635, 32.7688074], [-96.7926792, 32.7688485]]}, "properties": {"class": "residential"}}, {"type": "Feature", "geometry": {"type": "LineString", "coordinates": [[-96.793671, 32.769776], [-96.7933589, 32.7700523], [-96.7931621, 32.7702281], [-96.7928579, 32.7704962], [-96.7927992, 32.7705636]]}, "properties": {"class": "tertiary"}}, {"type": "Feature", "geometry": {"type": "LineString", "coordinates": [[-96.7940141, 32.7717542], [-96.7939501, 32.7716954], [-96.7938822, 32.7716269], [-96.7935044, 32.7712455], [-96.793334, 32.7710823], [-96.7928482, 32.770613], [-96.7927992, 32.7705636]]}, "properties": {"class": "secondary"}}, {"type": "Feature", "geometry": {"type": "LineString", "coordinates": [[-96.8000464, 32.7771202], [-96.800142, 32.7770989], [-96.800703, 32.7769837], [-96.8007879, 32.7769679], [-96.8010956, 32.776919], [-96.8013284, 32.7768902]]}, "properties": {"class": "secondary"}}, {"type": "Feature", "geometry": {"type": "LineString", "coordinates": [[-96.803408, 32.776597], [-96.8032779, 32.7766216], [-96.8031368, 32.7766482], [-96.8029752, 32.7766708], [-96.8028226, 32.7766895], [-96.802546, 32.776715], [-96.8023512, 32.776722], [-96.8022276, 32.7767253]]}, "properties": {"class": "secondary"}}, {"type": "Feature", "geometry": {"type": "LineString", "coordinates": [[-96.8023652, 32.7772226], [-96.8022703, 32.7769154], [-96.8022514, 32.7768426]]}, "properties": {"class": "secondary"}}, {"type": "Feature", "geometry": {"type": "LineString", "coordinates": [[-96.8113201, 32.7926776], [-96.8114709, 32.7928387], [-96.8119866, 32.7934393], [-96.812448, 32.7939767], [-96.812486, 32.7940227], [-96.812534, 32.7940793]]}, "properties": {"class": "secondary"}}, {"type": "Feature", "geometry": {"type": "LineString", "coordinates": [[-96.8131477, 32.7936187], [-96.8130253, 32.7936934], [-96.8125842, 32.7939625], [-96.812486, 32.7940227]]}, "properties": {"class": "secondary"}}, {"type": "Feature", "geometry": {"type": "LineString", "coordinates": [[-96.8131477, 32.7936187], [-96.8131816, 32.7937084]]}, "properties": {"class": "secondary"}}, {"type": "Feature", "geometry": {"type": "LineString", "coordinates": [[-96.8131816, 32.7937084], [-96.8132572, 32.7936347]]}, "properties": {"class": "secondary"}}, {"type": "Feature", "geometry": {"type": "LineString", "coordinates": [[-96.8089588, 32.7843981], [-96.8089448, 32.784487]]}, "properties": {"class": "secondary"}}, {"type": "Feature", "geometry": {"type": "LineString", "coordinates": [[-96.8115168, 32.7907388], [-96.8114973, 32.7906573], [-96.8112928, 32.7899991], [-96.811265, 32.789912], [-96.8111981, 32.7896912], [-96.811103, 32.7893797]]}, "properties": {"class": "secondary"}}, {"type": "Feature", "geometry": {"type": "LineString", "coordinates": [[-96.8089136, 32.7852913], [-96.8090157, 32.7853253], [-96.8090841, 32.785343], [-96.8091882, 32.7853644], [-96.8093097, 32.7853799], [-96.809402, 32.7853819], [-96.8095121, 32.7853739]]}, "properties": {"class": "secondary"}}, {"type": "Feature", "geometry": {"type": "LineString", "coordinates": [[-96.8096272, 32.784522], [-96.8096256, 32.7845151], [-96.8096198, 32.784489], [-96.8095972, 32.7843876]]}, "properties": {"class": "secondary"}}, {"type": "Feature", "geometry": {"type": "LineString", "coordinates": [[-96.7986592, 32.7771864], [-96.7983958, 32.7763559]]}, "properties": {"class": "secondary"}}, {"type": "Feature", "geometry": {"type": "LineString", "coordinates": [[-96.7982276, 32.7763959], [-96.7984862, 32.7771829], [-96.798489, 32.7772204]]}, "properties": {"class": "secondary"}}, {"type": "Feature", "geometry": {"type": "LineString", "coordinates": [[-96.7986803, 32.7772531], [-96.7985943, 32.7772724], [-96.7984809, 32.7772977], [-96.7975973, 32.7774956], [-96.7970585, 32.7776162]]}, "properties": {"class": "secondary"}}, {"type": "Feature", "geometry": {"type": "LineString", "coordinates": [[-96.7958421, 32.7913882], [-96.7957812, 32.7913348], [-96.795373, 32.7909966], [-96.7952395, 32.790943]]}, "properties": {"class": "tertiary"}}, {"type": "Feature", "geometry": {"type": "LineString", "coordinates": [[-96.8205073, 32.758565], [-96.8206141, 32.7584694], [-96.8206443, 32.7584423], [-96.821772, 32.757469], [-96.8221705, 32.7571242], [-96.8225326, 32.7567933]]}, "properties": {"class": "secondary"}}, {"type": "Feature", "geometry": {"type": "LineString", "coordinates": [[-96.820272, 32.7585921], [-96.8203371, 32.7586148], [-96.8204044, 32.7586415], [-96.820415, 32.7586453]]}, "properties": {"class": "tertiary"}}, {"type": "Feature", "geometry": {"type": "LineString", "coordinates": [[-96.7838972, 32.7881032], [-96.7841077, 32.7879263], [-96.7841539, 32.7878875], [-96.7842381, 32.7878197], [-96.7842825, 32.7877797]]}, "properties": {"class": "tertiary"}}, {"type": "Feature", "geometry": {"type": "LineString", "coordinates": [[-96.7827174, 32.7869715], [-96.7824155, 32.7872228], [-96.782355, 32.7872736]]}, "properties": {"class": "residential"}}, {"type": "Feature", "geometry": {"type": "LineString", "coordinates": [[-96.7930157, 32.7847558], [-96.792925, 32.7846508], [-96.7928618, 32.7845558], [-96.7928279, 32.7844884], [-96.7928093, 32.7844339]]}, "properties": {"class": "secondary"}}, {"type": "Feature", "geometry": {"type": "LineString", "coordinates": [[-96.7935931, 32.7834154], [-96.7936412, 32.7835068], [-96.7936841, 32.7835562], [-96.7938746, 32.7837206], [-96.7939032, 32.7837443], [-96.7939563, 32.7837884], [-96.7939912, 32.7838076], [-96.7940499, 32.7838175]]}, "properties": {"class": "tertiary"}}, {"type": "Feature", "geometry": {"type": "LineString", "coordinates": [[-96.8058458, 32.7784605], [-96.8057433, 32.7784811], [-96.8054965, 32.7785312], [-96.8053642, 32.7785609], [-96.8050687, 32.7786186], [-96.8049577, 32.7786423], [-96.8048646, 32.7786618], [-96.8043694, 32.7787676], [-96.8041999, 32.7788038], [-96.8040734, 32.7788307]]}, "properties": {"class": "secondary"}}, {"type": "Feature", "geometry": {"type": "LineString", "coordinates": [[-96.8152549, 32.7621478], [-96.815056, 32.7622525], [-96.8148455, 32.7623426], [-96.8146914, 32.7623953], [-96.8145212, 32.7624458], [-96.8143552, 32.7624885], [-96.8136081, 32.7626532]]}, "properties": {"class": "secondary"}}, {"type": "Feature", "geometry": {"type": "LineString", "coordinates": [[-96.8032183, 32.7806026], [-96.8032909, 32.780587], [-96.8037683, 32.7804877], [-96.8043655, 32.7803637], [-96.804519, 32.7803326]]}, "properties": {"class": "secondary"}}, {"type": "Feature", "geometry": {"type": "LineString", "coordinates": [[-96.8032183, 32.7806026], [-96.8031857, 32.7805124], [-96.8030153, 32.7799423], [-96.8029906, 32.7798533]]}, "properties": {"class": "secondary"}}, {"type": "Feature", "geometry": {"type": "LineString", "coordinates": [[-96.8040136, 32.7893475], [-96.8039867, 32.7893266], [-96.8039292, 32.7892841], [-96.8035686, 32.7889815], [-96.8035501, 32.7889662], [-96.8035032, 32.7889272], [-96.8032183, 32.7886905], [-96.8031503, 32.7886301]]}, "properties": {"class": "tertiary"}}, {"type": "Feature", "geometry": {"type": "LineString", "coordinates": [[-96.8040136, 32.7893475], [-96.8040215, 32.7893212], [-96.8040452, 32.789246], [-96.8040549, 32.7892148], [-96.8041903, 32.7888169], [-96.8041987, 32.7887921], [-96.8042335, 32.7886897]]}, "properties": {"class": "tertiary"}}, {"type": "Feature", "geometry": {"type": "LineString", "coordinates": [[-96.8015588, 32.7899786], [-96.8016119, 32.7900243], [-96.8020283, 32.7904035], [-96.8022867, 32.7906473], [-96.8024135, 32.7907681], [-96.8024948, 32.7908466], [-96.8025341, 32.7908845]]}, "properties": {"class": "secondary"}}, {"type": "Feature", "geometry": {"type": "LineString", "coordinates": [[-96.8015588, 32.7899786], [-96.8016112, 32.7899363], [-96.8016422, 32.7899104], [-96.8017548, 32.789814], [-96.8020801, 32.7895356], [-96.8021503, 32.7894773], [-96.802212, 32.7894233], [-96.802551, 32.7891367], [-96.8028282, 32.7889024], [-96.8030863, 32.7886842], [-96.8031503, 32.7886301]]}, "properties": {"class": "secondary"}}, {"type": "Feature", "geometry": {"type": "LineString", "coordinates": [[-96.7943661, 32.7824559], [-96.794398, 32.7825639], [-96.7944675, 32.7827989]]}, "properties": {"class": "tertiary"}}, {"type": "Feature", "geometry": {"type": "LineString", "coordinates": [[-96.7943661, 32.7824559], [-96.7944651, 32.7824356], [-96.7958219, 32.7821477], [-96.7959212, 32.7821299]]}, "properties": {"class": "secondary"}}, {"type": "Feature", "geometry": {"type": "LineString", "coordinates": [[-96.7855234, 32.8013775], [-96.7854608, 32.8014304], [-96.785196, 32.8016459], [-96.7850546, 32.8017732], [-96.7839356, 32.8027172], [-96.7838698, 32.8027727], [-96.783825, 32.8028105], [-96.7833899, 32.8031689], [-96.7829696, 32.8035242], [-96.7821687, 32.8041943], [-96.782118, 32.8042364]]}, "properties": {"class": "residential"}}, {"type": "Feature", "geometry": {"type": "LineString", "coordinates": [[-96.788161, 32.7945978], [-96.7882057, 32.7946359], [-96.7886295, 32.7949979], [-96.7887435, 32.7950953], [-96.7889705, 32.7952861], [-96.7890275, 32.7953339], [-96.789133, 32.795428]]}, "properties": {"class": "residential"}}, {"type": "Feature", "geometry": {"type": "LineString", "coordinates": [[-96.7959212, 32.7821299], [-96.7958962, 32.7820462], [-96.7957271, 32.7814818], [-96.7956985, 32.7813951]]}, "properties": {"class": "tertiary"}}, {"type": "Feature", "geometry": {"type": "LineString", "coordinates": [[-96.7959212, 32.7821299], [-96.7960239, 32.7821099], [-96.7962748, 32.7820577], [-96.7969412, 32.7819203]]}, "properties": {"class": "secondary"}}, {"type": "Feature", "geometry": {"type": "LineString", "coordinates": [[-96.8001939, 32.7861321], [-96.8001305, 32.7860781], [-96.7998572, 32.7858451], [-96.7996534, 32.7856714], [-96.7995742, 32.7856039]]}, "properties": {"class": "tertiary"}}, {"type": "Feature", "geometry": {"type": "LineString", "coordinates": [[-96.7821449, 32.801292], [-96.7822156, 32.8013518], [-96.7824742, 32.8015705], [-96.7826268, 32.8017025], [-96.7830196, 32.8020424], [-96.783075, 32.8020904], [-96.7831276, 32.8021356], [-96.7838044, 32.8027166], [-96.7838698, 32.8027727], [-96.7839097, 32.8028069], [-96.784273, 32.8031144], [-96.7846134, 32.803411], [-96.7846461, 32.803439], [-96.784711, 32.8034947], [-96.7850804, 32.8038044]]}, "properties": {"class": "secondary"}}, {"type": "Feature", "geometry": {"type": "LineString", "coordinates": [[-96.7912366, 32.7840569], [-96.791411, 32.7839997], [-96.791531, 32.7839146]]}, "properties": {"class": "tertiary"}}, {"type": "Feature", "geometry": {"type": "LineString", "coordinates": [[-96.794511, 32.784293], [-96.7945806, 32.784234], [-96.7948579, 32.784005]]}, "properties": {"class": "tertiary"}}, {"type": "Feature", "geometry": {"type": "LineString", "coordinates": [[-96.7936386, 32.7850358], [-96.7935354, 32.7850085], [-96.7934206, 32.784981], [-96.7933342, 32.7849512], [-96.7932479, 32.7849098]]}, "properties": {"class": "secondary"}}, {"type": "Feature", "geometry": {"type": "LineString", "coordinates": [[-96.7906558, 32.787525], [-96.7907128, 32.7874768], [-96.7908891, 32.7873277]]}, "properties": {"class": "tertiary"}}, {"type": "Feature", "geometry": {"type": "LineString", "coordinates": [[-96.7736554, 32.7849985], [-96.7737328, 32.7848529], [-96.7737681, 32.7847904], [-96.7737812, 32.7847672], [-96.773821, 32.7846966]]}, "properties": {"class": "secondary"}}, {"type": "Feature", "geometry": {"type": "LineString", "coordinates": [[-96.7738255, 32.7845], [-96.7737292, 32.7846238]]}, "properties": {"class": "secondary"}}, {"type": "Feature", "geometry": {"type": "LineString", "coordinates": [[-96.7738255, 32.7845], [-96.7737822, 32.7844645], [-96.7735896, 32.7843144], [-96.7734119, 32.7841898]]}, "properties": {"class": "secondary"}}, {"type": "Feature", "geometry": {"type": "LineString", "coordinates": [[-96.7778135, 32.7850761], [-96.7770569, 32.7852265], [-96.7760999, 32.785422], [-96.7754251, 32.7855553]]}, "properties": {"class": "secondary"}}, {"type": "Feature", "geometry": {"type": "LineString", "coordinates": [[-96.7757499, 32.7862512], [-96.7760602, 32.7861894], [-96.776313, 32.786139], [-96.7765126, 32.7860992], [-96.7773838, 32.7859256], [-96.7777614, 32.7858503]]}, "properties": {"class": "secondary"}}, {"type": "Feature", "geometry": {"type": "LineString", "coordinates": [[-96.7794096, 32.7865741], [-96.7793803, 32.7864697]]}, "properties": {"class": "tertiary"}}, {"type": "Feature", "geometry": {"type": "LineString", "coordinates": [[-96.7823155, 32.7873086], [-96.7822648, 32.7873536]]}, "properties": {"class": "residential"}}, {"type": "Feature", "geometry": {"type": "LineString", "coordinates": [[-96.7865389, 32.782524], [-96.7861406, 32.7826097]]}, "properties": {"class": "secondary"}}, {"type": "Feature", "geometry": {"type": "LineString", "coordinates": [[-96.7861406, 32.7826097], [-96.786168, 32.7827035], [-96.7862654, 32.7830386]]}, "properties": {"class": "secondary"}}, {"type": "Feature", "geometry": {"type": "LineString", "coordinates": [[-96.7968916, 32.7803427], [-96.7968196, 32.7803578], [-96.7961875, 32.7804903], [-96.796115, 32.7805047]]}, "properties": {"class": "secondary"}}, {"type": "Feature", "geometry": {"type": "LineString", "coordinates": [[-96.7968916, 32.7803427], [-96.7969209, 32.780447], [-96.7970926, 32.781008], [-96.7971161, 32.7810847]]}, "properties": {"class": "secondary"}}, {"type": "Feature", "geometry": {"type": "LineString", "coordinates": [[-96.821281, 32.791024], [-96.821072, 32.790833]]}, "properties": {"class": "secondary"}}, {"type": "Feature", "geometry": {"type": "LineString", "coordinates": [[-96.7741925, 32.7848392], [-96.7740161, 32.7846656], [-96.7739667, 32.7846215], [-96.7739156, 32.784576]]}, "properties": {"class": "secondary"}}, {"type": "Feature", "geometry": {"type": "LineString", "coordinates": [[-96.8158387, 32.7838375], [-96.8157546, 32.7837113]]}, "properties": {"class": "secondary"}}, {"type": "Feature", "geometry": {"type": "LineString", "coordinates": [[-96.8145583, 32.7819165], [-96.8145983, 32.7819898], [-96.8146579, 32.7821415], [-96.8148899, 32.7827527], [-96.8149594, 32.7828871], [-96.8150423, 32.7830148]]}, "properties": {"class": "secondary"}}, {"type": "Feature", "geometry": {"type": "LineString", "coordinates": [[-96.8060641, 32.7931632], [-96.8063349, 32.7934835]]}, "properties": {"class": "secondary"}}, {"type": "Feature", "geometry": {"type": "LineString", "coordinates": [[-96.7967538, 32.7874115], [-96.7968128, 32.7874586], [-96.7972626, 32.7878189], [-96.7973482, 32.787887]]}, "properties": {"class": "secondary"}}, {"type": "Feature", "geometry": {"type": "LineString", "coordinates": [[-96.797356, 32.786876], [-96.797286, 32.7869381], [-96.7969228, 32.7872604], [-96.7968625, 32.7873139]]}, "properties": {"class": "tertiary"}}, {"type": "Feature", "geometry": {"type": "LineString", "coordinates": [[-96.8119712, 32.7587594], [-96.8120447, 32.7588607], [-96.812488, 32.7594707], [-96.8126793, 32.7597715]]}, "properties": {"class": "secondary"}}, {"type": "Feature", "geometry": {"type": "LineString", "coordinates": [[-96.8121344, 32.7587606], [-96.8122139, 32.7587659], [-96.8124259, 32.7587703]]}, "properties": {"class": "tertiary"}}, {"type": "Feature", "geometry": {"type": "LineString", "coordinates": [[-96.8090458, 32.7581395], [-96.8103549, 32.7585677]]}, "properties": {"class": "tertiary"}}, {"type": "Feature", "geometry": {"type": "LineString", "coordinates": [[-96.8089716, 32.7550358], [-96.8089967, 32.7551386], [-96.8091936, 32.7558068]]}, "properties": {"class": "secondary"}}, {"type": "Feature", "geometry": {"type": "LineString", "coordinates": [[-96.8092922, 32.7497007], [-96.8092221, 32.7501996], [-96.809175, 32.7513329], [-96.8091926, 32.7530193], [-96.8092203, 32.7535172], [-96.8092319, 32.7537392]]}, "properties": {"class": "motorway"}}, {"type": "Feature", "geometry": {"type": "LineString", "coordinates": [[-96.7733612, 32.7859439], [-96.7733704, 32.7858619], [-96.773378, 32.7858194], [-96.7734144, 32.7856907]]}, "properties": {"class": "secondary"}}, {"type": "Feature", "geometry": {"type": "LineString", "coordinates": [[-96.8032751, 32.7797903], [-96.8036369, 32.7797141], [-96.8040734, 32.7796223], [-96.8042042, 32.7795947], [-96.8042961, 32.7795754]]}, "properties": {"class": "secondary"}}, {"type": "Feature", "geometry": {"type": "LineString", "coordinates": [[-96.7824895, 32.7795571], [-96.7829711, 32.7801123], [-96.783051, 32.780199], [-96.7831403, 32.7802934], [-96.7832206, 32.7803745], [-96.7833113, 32.7804633], [-96.7833913, 32.7805396], [-96.7834889, 32.7806278], [-96.7835737, 32.7807025], [-96.7836711, 32.7807831], [-96.7837617, 32.7808564], [-96.7838627, 32.780933], [-96.7839623, 32.7810055], [-96.7840621, 32.7810754], [-96.7841632, 32.7811441], [-96.7842653, 32.7812105], [-96.7843736, 32.7812778], [-96.7844756, 32.7813382], [-96.7845737, 32.7813945], [-96.7846827, 32.7814545], [-96.7848055, 32.7815191]]}, "properties": {"class": "motorway"}}, {"type": "Feature", "geometry": {"type": "LineString", "coordinates": [[-96.7673495, 32.7860439], [-96.7674876, 32.7859052], [-96.7676767, 32.7857051], [-96.7678899, 32.7854633], [-96.7681092, 32.7851893], [-96.7682829, 32.7849565], [-96.7684532, 32.7847045], [-96.7685907, 32.7844863], [-96.7693947, 32.7830989], [-96.7695341, 32.7828655], [-96.7696495, 32.7826778], [-96.7697789, 32.7824856], [-96.7699009, 32.7823209], [-96.7700055, 32.7821902], [-96.7701242, 32.7820582], [-96.7702657, 32.7819117], [-96.7703944, 32.7817927], [-96.7705252, 32.7816799], [-96.7707156, 32.78153], [-96.7709577, 32.7813614], [-96.771175, 32.7812312], [-96.771405, 32.78111], [-96.7715706, 32.7810339], [-96.7717637, 32.7809493], [-96.7719193, 32.7808862], [-96.7720856, 32.7808264], [-96.7722867, 32.7807655], [-96.7724785, 32.7807125], [-96.7726958, 32.7806629], [-96.7729439, 32.7806189], [-96.7732027, 32.7805817], [-96.7735179, 32.7805479], [-96.7744607, 32.7804645], [-96.7753418, 32.7803889], [-96.7762745, 32.7803139], [-96.776882, 32.7802615]]}, "properties": {"class": "motorway"}}, {"type": "Feature", "geometry": {"type": "LineString", "coordinates": [[-96.7834116, 32.7777501], [-96.7832918, 32.7778891], [-96.7830773, 32.778082], [-96.7826508, 32.7784281], [-96.7822351, 32.7787686], [-96.7818884, 32.7790297], [-96.7816886, 32.7791695], [-96.781472, 32.7793087], [-96.78125, 32.7794345], [-96.7809784, 32.7795737], [-96.78078, 32.7796656], [-96.7805547, 32.7797564], [-96.7802717, 32.779855], [-96.7799585, 32.7799469], [-96.7796896, 32.7800112], [-96.7794053, 32.7800659], [-96.7791224, 32.7801065], [-96.7787857, 32.7801409], [-96.7780294, 32.7802051], [-96.776937, 32.7803015]]}, "properties": {"class": "motorway"}}, {"type": "Feature", "geometry": {"type": "LineString", "coordinates": [[-96.7939913, 32.7809751], [-96.7938815, 32.7809975], [-96.7937649, 32.7810226], [-96.793154, 32.781148], [-96.79293, 32.781194]]}, "properties": {"class": "secondary"}}, {"type": "Feature", "geometry": {"type": "LineString", "coordinates": [[-96.7902806, 32.782536], [-96.7909336, 32.7823942], [-96.7910337, 32.7823724], [-96.7911112, 32.7823567]]}, "properties": {"class": "secondary"}}, {"type": "Feature", "geometry": {"type": "LineString", "coordinates": [[-96.7911112, 32.7823567], [-96.7912747, 32.7823201], [-96.7913559, 32.7823024], [-96.7918393, 32.7822009]]}, "properties": {"class": "secondary"}}, {"type": "Feature", "geometry": {"type": "LineString", "coordinates": [[-96.7902941, 32.7833043], [-96.7906444, 32.7832297], [-96.7907769, 32.7832015], [-96.7912347, 32.7831044], [-96.791324, 32.783085]]}, "properties": {"class": "secondary"}}, {"type": "Feature", "geometry": {"type": "LineString", "coordinates": [[-96.791324, 32.783085], [-96.7913522, 32.7831791], [-96.7914558, 32.7835249]]}, "properties": {"class": "primary"}}, {"type": "Feature", "geometry": {"type": "LineString", "coordinates": [[-96.80234, 32.777693], [-96.8022582, 32.7777248], [-96.802025, 32.7778126], [-96.8018196, 32.7778689], [-96.8015508, 32.7779247], [-96.8014643, 32.7779431], [-96.8004794, 32.7781574], [-96.8003899, 32.7781754]]}, "properties": {"class": "residential"}}, {"type": "Feature", "geometry": {"type": "LineString", "coordinates": [[-96.8024884, 32.7776301], [-96.80234, 32.777693]]}, "properties": {"class": "residential"}}, {"type": "Feature", "geometry": {"type": "LineString", "coordinates": [[-96.7978648, 32.7881267], [-96.7977713, 32.7880509], [-96.7975342, 32.7878586], [-96.7971674, 32.7875611]]}, "properties": {"class": "secondary"}}, {"type": "Feature", "geometry": {"type": "LineString", "coordinates": [[-96.7968625, 32.7873139], [-96.7967538, 32.7874115]]}, "properties": {"class": "tertiary"}}, {"type": "Feature", "geometry": {"type": "LineString", "coordinates": [[-96.802014, 32.783648], [-96.8020684, 32.7836967], [-96.8022348, 32.7838457], [-96.8022947, 32.7838992], [-96.8025196, 32.7840996], [-96.8025682, 32.7841428]]}, "properties": {"class": "tertiary"}}, {"type": "Feature", "geometry": {"type": "LineString", "coordinates": [[-96.802014, 32.783648], [-96.8019345, 32.7837118], [-96.8018613, 32.7837705], [-96.8017327, 32.7838755], [-96.8015984, 32.7839815], [-96.8014683, 32.7840859], [-96.8012398, 32.7842693], [-96.801155, 32.7843422], [-96.8008135, 32.7846368], [-96.800739, 32.7847]]}, "properties": {"class": "tertiary"}}, {"type": "Feature", "geometry": {"type": "LineString", "coordinates": [[-96.8031503, 32.7886301], [-96.8030454, 32.7885337]]}, "properties": {"class": "tertiary"}}, {"type": "Feature", "geometry": {"type": "LineString", "coordinates": [[-96.8031503, 32.7886301], [-96.8032066, 32.78858], [-96.8032259, 32.7885623], [-96.8035523, 32.7882768], [-96.803639, 32.788201]]}, "properties": {"class": "secondary"}}, {"type": "Feature", "geometry": {"type": "LineString", "coordinates": [[-96.8070278, 32.7918142], [-96.8069559, 32.7918772], [-96.806565, 32.7922324]]}, "properties": {"class": "secondary"}}, {"type": "Feature", "geometry": {"type": "LineString", "coordinates": [[-96.7910276, 32.7815831], [-96.7908738, 32.7816173]]}, "properties": {"class": "secondary"}}, {"type": "Feature", "geometry": {"type": "LineString", "coordinates": [[-96.7898516, 32.7801262], [-96.7896943, 32.7802148]]}, "properties": {"class": "secondary"}}, {"type": "Feature", "geometry": {"type": "LineString", "coordinates": [[-96.821047, 32.79104], [-96.821456, 32.791384], [-96.8215721, 32.7914655], [-96.82163, 32.7915118]]}, "properties": {"class": "secondary"}}, {"type": "Feature", "geometry": {"type": "LineString", "coordinates": [[-96.8217085, 32.7913743], [-96.8215357, 32.7912366], [-96.821281, 32.791024]]}, "properties": {"class": "secondary"}}, {"type": "Feature", "geometry": {"type": "LineString", "coordinates": [[-96.8200631, 32.7965995], [-96.8202215, 32.7966758], [-96.8205126, 32.7968116], [-96.8208089, 32.7969593], [-96.8210169, 32.7970586]]}, "properties": {"class": "tertiary"}}, {"type": "Feature", "geometry": {"type": "LineString", "coordinates": [[-96.8212349, 32.7969198], [-96.8203783, 32.7964974], [-96.8203493, 32.7964848], [-96.8201978, 32.7964121]]}, "properties": {"class": "tertiary"}}, {"type": "Feature", "geometry": {"type": "LineString", "coordinates": [[-96.8190359, 32.7981772], [-96.8191058, 32.7980817], [-96.8192169, 32.7979064], [-96.8193206, 32.7977269], [-96.8193455, 32.7976632], [-96.8193442, 32.7976079]]}, "properties": {"class": "secondary"}}, {"type": "Feature", "geometry": {"type": "LineString", "coordinates": [[-96.8184278, 32.7987519], [-96.8183974, 32.7988006], [-96.8182099, 32.7990788]]}, "properties": {"class": "secondary"}}, {"type": "Feature", "geometry": {"type": "LineString", "coordinates": [[-96.7906558, 32.787525], [-96.7905755, 32.7874536], [-96.7899997, 32.7869265], [-96.7896688, 32.7866274]]}, "properties": {"class": "secondary"}}, {"type": "Feature", "geometry": {"type": "LineString", "coordinates": [[-96.7877585, 32.7854277], [-96.7878671, 32.7855069], [-96.7881335, 32.7857016], [-96.7884806, 32.7859615], [-96.7889314, 32.7862999]]}, "properties": {"class": "secondary"}}, {"type": "Feature", "geometry": {"type": "LineString", "coordinates": [[-96.7880272, 32.7853033], [-96.7880971, 32.785268], [-96.7884081, 32.7851142]]}, "properties": {"class": "tertiary"}}, {"type": "Feature", "geometry": {"type": "LineString", "coordinates": [[-96.7877585, 32.7854277], [-96.7878411, 32.7853918], [-96.7879394, 32.7853458], [-96.7880272, 32.7853033]]}, "properties": {"class": "tertiary"}}, {"type": "Feature", "geometry": {"type": "LineString", "coordinates": [[-96.7859478, 32.7816593], [-96.7859667, 32.7818421], [-96.7859787, 32.7819211], [-96.7860105, 32.7820961], [-96.7860342, 32.7821896], [-96.7860758, 32.7823541], [-96.7861217, 32.7825352], [-96.7861406, 32.7826097]]}, "properties": {"class": "secondary"}}, {"type": "Feature", "geometry": {"type": "LineString", "coordinates": [[-96.7859478, 32.7816593], [-96.7858575, 32.7816658], [-96.7856071, 32.7816977], [-96.7855546, 32.781706], [-96.7850836, 32.781813], [-96.78488, 32.7818633]]}, "properties": {"class": "secondary"}}, {"type": "Feature", "geometry": {"type": "LineString", "coordinates": [[-96.78488, 32.7818633], [-96.7851784, 32.7818887], [-96.7855302, 32.781875], [-96.7858734, 32.7818489], [-96.7859667, 32.7818421], [-96.7861226, 32.78183]]}, "properties": {"class": "secondary"}}, {"type": "Feature", "geometry": {"type": "LineString", "coordinates": [[-96.7865389, 32.782524], [-96.7865358, 32.7824256], [-96.7865322, 32.7821339], [-96.7865063, 32.7818724], [-96.7864992, 32.7818014]]}, "properties": {"class": "secondary"}}, {"type": "Feature", "geometry": {"type": "LineString", "coordinates": [[-96.7895302, 32.7800255], [-96.789652, 32.7801665], [-96.7896943, 32.7802148]]}, "properties": {"class": "primary"}}, {"type": "Feature", "geometry": {"type": "LineString", "coordinates": [[-96.7896943, 32.7802148], [-96.7896282, 32.7802543], [-96.7894917, 32.7803405]]}, "properties": {"class": "secondary"}}, {"type": "Feature", "geometry": {"type": "LineString", "coordinates": [[-96.7896943, 32.7802148], [-96.7897649, 32.7802961]]}, "properties": {"class": "primary"}}, {"type": "Feature", "geometry": {"type": "LineString", "coordinates": [[-96.78992, 32.7802098], [-96.7898516, 32.7801262]]}, "properties": {"class": "primary"}}, {"type": "Feature", "geometry": {"type": "LineString", "coordinates": [[-96.7891441, 32.7805966], [-96.7892913, 32.7805733], [-96.7896982, 32.7803351], [-96.7897649, 32.7802961]]}, "properties": {"class": "secondary"}}, {"type": "Feature", "geometry": {"type": "LineString", "coordinates": [[-96.7894917, 32.7803405], [-96.7892217, 32.7805083], [-96.7891441, 32.7805966]]}, "properties": {"class": "secondary"}}, {"type": "Feature", "geometry": {"type": "LineString", "coordinates": [[-96.7898516, 32.7801262], [-96.7898058, 32.7800717], [-96.7897074, 32.779956], [-96.7893537, 32.7795386], [-96.7886088, 32.7786724], [-96.788526, 32.778581]]}, "properties": {"class": "primary"}}, {"type": "Feature", "geometry": {"type": "LineString", "coordinates": [[-96.788306, 32.778686], [-96.7883683, 32.7787559], [-96.7888474, 32.7792928], [-96.7893369, 32.7798214], [-96.7895302, 32.7800255]]}, "properties": {"class": "primary"}}, {"type": "Feature", "geometry": {"type": "LineString", "coordinates": [[-96.7914095, 32.7779656], [-96.7915374, 32.7779316], [-96.7915863, 32.7779197], [-96.7918323, 32.7778897], [-96.7918849, 32.7778813], [-96.791936, 32.7778699], [-96.7923781, 32.777769], [-96.7924305, 32.7777538], [-96.7925727, 32.7776933], [-96.7926152, 32.7776786], [-96.7927693, 32.7776432], [-96.7928625, 32.7776265], [-96.7930062, 32.7776007], [-96.7931893, 32.7775631]]}, "properties": {"class": "secondary"}}, {"type": "Feature", "geometry": {"type": "LineString", "coordinates": [[-96.79126, 32.7778365], [-96.7911335, 32.777883], [-96.7910587, 32.7779265], [-96.7909332, 32.7779793], [-96.7907664, 32.7780748]]}, "properties": {"class": "secondary"}}, {"type": "Feature", "geometry": {"type": "LineString", "coordinates": [[-96.7914095, 32.7779656], [-96.79126, 32.7778365]]}, "properties": {"class": "secondary"}}, {"type": "Feature", "geometry": {"type": "LineString", "coordinates": [[-96.7917012, 32.7782106], [-96.7916529, 32.77817], [-96.7915971, 32.7781231], [-96.7914606, 32.7780085], [-96.7914095, 32.7779656]]}, "properties": {"class": "secondary"}}, {"type": "Feature", "geometry": {"type": "LineString", "coordinates": [[-96.774783, 32.760488], [-96.7741301, 32.7610549]]}, "properties": {"class": "tertiary"}}, {"type": "Feature", "geometry": {"type": "LineString", "coordinates": [[-96.7750209, 32.7602982], [-96.7749574, 32.7603488], [-96.7748841, 32.7604074]]}, "properties": {"class": "tertiary"}}, {"type": "Feature", "geometry": {"type": "LineString", "coordinates": [[-96.775206, 32.754679], [-96.7754797, 32.7549307], [-96.7757093, 32.7551418], [-96.7767222, 32.7560115], [-96.7775743, 32.7567198], [-96.7784055, 32.7574428]]}, "properties": {"class": "residential"}}, {"type": "Feature", "geometry": {"type": "LineString", "coordinates": [[-96.7784055, 32.7574428], [-96.7775027, 32.7582165]]}, "properties": {"class": "tertiary"}}, {"type": "Feature", "geometry": {"type": "LineString", "coordinates": [[-96.7794577, 32.7779472], [-96.7787732, 32.7771312], [-96.7781386, 32.7763901], [-96.7780877, 32.7763296], [-96.7780372, 32.7762694], [-96.7779766, 32.7761978], [-96.7778535, 32.7760577], [-96.7774347, 32.7755714], [-96.7773961, 32.7755294], [-96.7773503, 32.7754731], [-96.7770591, 32.7751261], [-96.7770273, 32.7750825], [-96.7770088, 32.7750302]]}, "properties": {"class": "residential"}}, {"type": "Feature", "geometry": {"type": "LineString", "coordinates": [[-96.7794577, 32.7779472], [-96.7793332, 32.7780241], [-96.779081, 32.7781798], [-96.7788136, 32.7783448], [-96.7787264, 32.7783987], [-96.778656, 32.778442]]}, "properties": {"class": "residential"}}, {"type": "Feature", "geometry": {"type": "LineString", "coordinates": [[-96.8184278, 32.7987519], [-96.8185734, 32.7988307]]}, "properties": {"class": "secondary"}}, {"type": "Feature", "geometry": {"type": "LineString", "coordinates": [[-96.8185734, 32.7988307], [-96.8186244, 32.7987503]]}, "properties": {"class": "secondary"}}, {"type": "Feature", "geometry": {"type": "LineString", "coordinates": [[-96.7946228, 32.7831958], [-96.7945658, 32.7832083], [-96.7943064, 32.7832635]]}, "properties": {"class": "tertiary"}}, {"type": "Feature", "geometry": {"type": "LineString", "coordinates": [[-96.7952839, 32.783648], [-96.7947044, 32.7832577], [-96.7946228, 32.7831958]]}, "properties": {"class": "tertiary"}}, {"type": "Feature", "geometry": {"type": "LineString", "coordinates": [[-96.7970585, 32.7776162], [-96.7968352, 32.7776758]]}, "properties": {"class": "secondary"}}, {"type": "Feature", "geometry": {"type": "LineString", "coordinates": [[-96.8004862, 32.7768641], [-96.8000916, 32.7769355], [-96.7999839, 32.776955]]}, "properties": {"class": "secondary"}}, {"type": "Feature", "geometry": {"type": "LineString", "coordinates": [[-96.8143896, 32.762903], [-96.8146449, 32.7626786], [-96.8148036, 32.7625451], [-96.814941, 32.7624469], [-96.8153679, 32.7622017], [-96.8155005, 32.7621245], [-96.8156094, 32.7620752], [-96.8157418, 32.762013], [-96.8173308, 32.7610224]]}, "properties": {"class": "secondary"}}, {"type": "Feature", "geometry": {"type": "LineString", "coordinates": [[-96.8161264, 32.7616211], [-96.815362, 32.7620877], [-96.8152549, 32.7621478]]}, "properties": {"class": "secondary"}}, {"type": "Feature", "geometry": {"type": "LineString", "coordinates": [[-96.7938989, 32.7897905], [-96.7939704, 32.7898484], [-96.7941241, 32.7899807], [-96.79428, 32.7901116], [-96.794777, 32.7905282], [-96.7948612, 32.7906001]]}, "properties": {"class": "tertiary"}}, {"type": "Feature", "geometry": {"type": "LineString", "coordinates": [[-96.7953084, 32.7886072], [-96.7952602, 32.7886483], [-96.7951226, 32.7887635], [-96.7948974, 32.788953], [-96.7948277, 32.7890116], [-96.7944881, 32.7892972], [-96.7943576, 32.7894071], [-96.7943454, 32.7894173], [-96.7940882, 32.7896348], [-96.7940032, 32.7897067], [-96.7938989, 32.7897905]]}, "properties": {"class": "tertiary"}}, {"type": "Feature", "geometry": {"type": "LineString", "coordinates": [[-96.7948612, 32.7906001], [-96.7949475, 32.7906778], [-96.7952395, 32.790943]]}, "properties": {"class": "tertiary"}}, {"type": "Feature", "geometry": {"type": "LineString", "coordinates": [[-96.8014889, 32.7719574], [-96.8009938, 32.7716164], [-96.8008609, 32.7715135], [-96.8007926, 32.7714606]]}, "properties": {"class": "secondary"}}, {"type": "Feature", "geometry": {"type": "LineString", "coordinates": [[-96.7720223, 32.7630784], [-96.7718495, 32.7632443], [-96.7713392, 32.7636887]]}, "properties": {"class": "tertiary"}}, {"type": "Feature", "geometry": {"type": "LineString", "coordinates": [[-96.8192895, 32.7702691], [-96.8195561, 32.7702178]]}, "properties": {"class": "motorway"}}, {"type": "Feature", "geometry": {"type": "LineString", "coordinates": [[-96.8159001, 32.7709169], [-96.8162839, 32.770845], [-96.8183908, 32.7704533]]}, "properties": {"class": "motorway"}}, {"type": "Feature", "geometry": {"type": "LineString", "coordinates": [[-96.8133289, 32.7713804], [-96.8139352, 32.771243], [-96.8150113, 32.7710086], [-96.815489, 32.7710055]]}, "properties": {"class": "motorway"}}, {"type": "Feature", "geometry": {"type": "LineString", "coordinates": [[-96.8183908, 32.7704533], [-96.8192895, 32.7702691]]}, "properties": {"class": "motorway"}}, {"type": "Feature", "geometry": {"type": "LineString", "coordinates": [[-96.8162307, 32.7704114], [-96.8153684, 32.7706173], [-96.8142693, 32.7708538]]}, "properties": {"class": "motorway"}}, {"type": "Feature", "geometry": {"type": "LineString", "coordinates": [[-96.8104698, 32.7751962], [-96.8113429, 32.7750194]]}, "properties": {"class": "tertiary"}}, {"type": "Feature", "geometry": {"type": "LineString", "coordinates": [[-96.7986225, 32.784758], [-96.7985602, 32.7847023], [-96.798264, 32.7844334], [-96.7981822, 32.7843592]]}, "properties": {"class": "tertiary"}}, {"type": "Feature", "geometry": {"type": "LineString", "coordinates": [[-96.7986919, 32.7848199], [-96.7986225, 32.784758]]}, "properties": {"class": "tertiary"}}, {"type": "Feature", "geometry": {"type": "LineString", "coordinates": [[-96.7927831, 32.7791193], [-96.7928812, 32.7792017], [-96.7932562, 32.7795167]]}, "properties": {"class": "secondary"}}, {"type": "Feature", "geometry": {"type": "LineString", "coordinates": [[-96.7869848, 32.779507], [-96.786955, 32.7794709], [-96.7869379, 32.7794502], [-96.7868137, 32.7792997], [-96.7867466, 32.7792184]]}, "properties": {"class": "residential"}}, {"type": "Feature", "geometry": {"type": "LineString", "coordinates": [[-96.791531, 32.7839146], [-96.7914169, 32.7839156], [-96.7912743, 32.7839474], [-96.7904453, 32.7841717], [-96.7903745, 32.7842356]]}, "properties": {"class": "tertiary"}}, {"type": "Feature", "geometry": {"type": "LineString", "coordinates": [[-96.8078199, 32.7899675], [-96.8078974, 32.7899241], [-96.8087017, 32.7892895], [-96.808794, 32.7892205]]}, "properties": {"class": "tertiary"}}, {"type": "Feature", "geometry": {"type": "LineString", "coordinates": [[-96.8087859, 32.7891017], [-96.8086868, 32.7891603], [-96.8080289, 32.7896534]]}, "properties": {"class": "tertiary"}}, {"type": "Feature", "geometry": {"type": "LineString", "coordinates": [[-96.8045067, 32.7877741], [-96.8046073, 32.7878069], [-96.8048543, 32.7880259], [-96.8056146, 32.7886787]]}, "properties": {"class": "residential"}}, {"type": "Feature", "geometry": {"type": "LineString", "coordinates": [[-96.8058051, 32.7887651], [-96.8057165, 32.7887368], [-96.8056743, 32.7887146], [-96.8056146, 32.7886787]]}, "properties": {"class": "residential"}}, {"type": "Feature", "geometry": {"type": "LineString", "coordinates": [[-96.8056146, 32.7886787], [-96.8056448, 32.7887379], [-96.8056568, 32.7887892], [-96.8056721, 32.7888787]]}, "properties": {"class": "residential"}}, {"type": "Feature", "geometry": {"type": "LineString", "coordinates": [[-96.8077807, 32.7898425], [-96.8076623, 32.7900143]]}, "properties": {"class": "secondary"}}, {"type": "Feature", "geometry": {"type": "LineString", "coordinates": [[-96.8050025, 32.7919955], [-96.8050441, 32.7928742], [-96.8050455, 32.7929], [-96.8050498, 32.7929774]]}, "properties": {"class": "secondary"}}, {"type": "Feature", "geometry": {"type": "LineString", "coordinates": [[-96.7977857, 32.7939938], [-96.797807, 32.7939824], [-96.7978194, 32.7939685], [-96.7978257, 32.7939519], [-96.7978254, 32.7939345], [-96.7978183, 32.7939182], [-96.7978053, 32.7939046], [-96.7977888, 32.7938956], [-96.7977697, 32.7938914], [-96.79775, 32.7938923], [-96.7977316, 32.7938982], [-96.7977163, 32.7939087], [-96.7977043, 32.7939251], [-96.7977001, 32.7939441], [-96.7977042, 32.793963], [-96.7977161, 32.7939795], [-96.7977363, 32.7939922], [-96.7977608, 32.7939972], [-96.7977857, 32.7939938]]}, "properties": {"class": "residential"}}, {"type": "Feature", "geometry": {"type": "LineString", "coordinates": [[-96.797807, 32.7939824], [-96.7978613, 32.7940291], [-96.7982122, 32.7943326], [-96.7982582, 32.7943723]]}, "properties": {"class": "residential"}}, {"type": "Feature", "geometry": {"type": "LineString", "coordinates": [[-96.7977161, 32.7939795], [-96.7976568, 32.7940297], [-96.797266, 32.7943516], [-96.7972204, 32.7943869], [-96.7971695, 32.7944287]]}, "properties": {"class": "residential"}}, {"type": "Feature", "geometry": {"type": "LineString", "coordinates": [[-96.798965, 32.7980999], [-96.7989071, 32.7981522], [-96.7988675, 32.7981849], [-96.7985427, 32.7984536], [-96.7984644, 32.7985162], [-96.7984544, 32.7985348], [-96.798445, 32.7985748], [-96.7984419, 32.7985911]]}, "properties": {"class": "residential"}}, {"type": "Feature", "geometry": {"type": "LineString", "coordinates": [[-96.8055089, 32.7985414], [-96.8055504, 32.7980786], [-96.8055605, 32.797959]]}, "properties": {"class": "secondary"}}, {"type": "Feature", "geometry": {"type": "LineString", "coordinates": [[-96.8081043, 32.8001142], [-96.8083094, 32.800286], [-96.8086546, 32.800572]]}, "properties": {"class": "residential"}}, {"type": "Feature", "geometry": {"type": "LineString", "coordinates": [[-96.8052851, 32.7994179], [-96.8052356, 32.799444], [-96.8051413, 32.7995317], [-96.8050606, 32.7996066]]}, "properties": {"class": "residential"}}, {"type": "Feature", "geometry": {"type": "LineString", "coordinates": [[-96.802273, 32.7923197], [-96.8021638, 32.7924049]]}, "properties": {"class": "residential"}}, {"type": "Feature", "geometry": {"type": "LineString", "coordinates": [[-96.7980265, 32.7989326], [-96.7979556, 32.7989395], [-96.7979199, 32.7989491], [-96.7978915, 32.7989625], [-96.7970547, 32.7996683], [-96.7970318, 32.7996838], [-96.7970006, 32.7996885]]}, "properties": {"class": "residential"}}, {"type": "Feature", "geometry": {"type": "LineString", "coordinates": [[-96.7948144, 32.7978819], [-96.7948657, 32.7979277], [-96.7949007, 32.797959], [-96.7951434, 32.7981705], [-96.7951726, 32.7981831], [-96.795223, 32.7982067]]}, "properties": {"class": "residential"}}, {"type": "Feature", "geometry": {"type": "LineString", "coordinates": [[-96.7762101, 32.7608165], [-96.7758485, 32.7611327], [-96.7757806, 32.7611913], [-96.77573, 32.7612329], [-96.7756476, 32.7613005], [-96.7755423, 32.7613707], [-96.7754116, 32.7614111], [-96.7752023, 32.7614508]]}, "properties": {"class": "residential"}}, {"type": "Feature", "geometry": {"type": "LineString", "coordinates": [[-96.7935446, 32.7986746], [-96.7937387, 32.7985097]]}, "properties": {"class": "residential"}}, {"type": "Feature", "geometry": {"type": "LineString", "coordinates": [[-96.7898244, 32.7619852], [-96.7890235, 32.7626053]]}, "properties": {"class": "residential"}}, {"type": "Feature", "geometry": {"type": "LineString", "coordinates": [[-96.783442, 32.7955915], [-96.7833815, 32.7956427], [-96.7833562, 32.7956653], [-96.7832237, 32.7957759], [-96.783006, 32.7959579], [-96.7829063, 32.7960395], [-96.782583, 32.796304], [-96.782191, 32.7966296], [-96.781822, 32.796934], [-96.7815774, 32.7971376], [-96.781121, 32.7975177], [-96.781069, 32.797561], [-96.7810132, 32.7976064], [-96.7803647, 32.798145], [-96.780224, 32.7982617], [-96.7800219, 32.7984293], [-96.7798179, 32.7985985], [-96.7794833, 32.798876], [-96.779417, 32.798931], [-96.7793548, 32.7989847], [-96.7788384, 32.7994304], [-96.7785619, 32.7996606], [-96.7783777, 32.7998139], [-96.7782202, 32.799945], [-96.7778762, 32.8002314], [-96.7777599, 32.8003283], [-96.7777128, 32.8003668], [-96.7776547, 32.8004132], [-96.7775674, 32.8004824], [-96.7773931, 32.8006206], [-96.776975, 32.800952], [-96.7767223, 32.8011648], [-96.7763372, 32.801489], [-96.776285, 32.801533]]}, "properties": {"class": "tertiary"}}, {"type": "Feature", "geometry": {"type": "LineString", "coordinates": [[-96.7909774, 32.7861029], [-96.7909543, 32.786123], [-96.7908149, 32.7862447], [-96.7907463, 32.7863046]]}, "properties": {"class": "residential"}}, {"type": "Feature", "geometry": {"type": "LineString", "coordinates": [[-96.7890185, 32.7863664], [-96.7891684, 32.7864809], [-96.7894792, 32.786722], [-96.7895782, 32.7868014], [-96.7898609, 32.7870425]]}, "properties": {"class": "secondary"}}, {"type": "Feature", "geometry": {"type": "LineString", "coordinates": [[-96.7812992, 32.7888359], [-96.7813345, 32.7888671], [-96.7814048, 32.7889292], [-96.7814999, 32.7890132]]}, "properties": {"class": "residential"}}, {"type": "Feature", "geometry": {"type": "LineString", "coordinates": [[-96.7809776, 32.788629], [-96.781025, 32.7886701], [-96.7810434, 32.7886853], [-96.78113, 32.7887571], [-96.7812992, 32.7888359]]}, "properties": {"class": "residential"}}, {"type": "Feature", "geometry": {"type": "LineString", "coordinates": [[-96.7807649, 32.7884502], [-96.7809776, 32.788629]]}, "properties": {"class": "residential"}}, {"type": "Feature", "geometry": {"type": "LineString", "coordinates": [[-96.7812992, 32.7888359], [-96.7812804, 32.7888066], [-96.7812173, 32.7887082], [-96.78112, 32.7886253], [-96.7811017, 32.7886097], [-96.781074, 32.7885846]]}, "properties": {"class": "residential"}}, {"type": "Feature", "geometry": {"type": "LineString", "coordinates": [[-96.7808426, 32.788385], [-96.780708, 32.7882689], [-96.7804755, 32.7880863], [-96.7803655, 32.7880615]]}, "properties": {"class": "residential"}}, {"type": "Feature", "geometry": {"type": "LineString", "coordinates": [[-96.7803655, 32.7880615], [-96.7804447, 32.7881878], [-96.7806277, 32.7883349], [-96.7807649, 32.7884502]]}, "properties": {"class": "residential"}}, {"type": "Feature", "geometry": {"type": "LineString", "coordinates": [[-96.7777208, 32.762874], [-96.7773347, 32.7631907], [-96.7766092, 32.7638006], [-96.7765685, 32.7638365], [-96.7763631, 32.7639531]]}, "properties": {"class": "residential"}}, {"type": "Feature", "geometry": {"type": "LineString", "coordinates": [[-96.7777208, 32.762874], [-96.7772151, 32.7624459], [-96.776843, 32.762138], [-96.776831, 32.7620555]]}, "properties": {"class": "residential"}}, {"type": "Feature", "geometry": {"type": "LineString", "coordinates": [[-96.7794913, 32.7930787], [-96.7794458, 32.7931172], [-96.7794428, 32.7931196], [-96.7790392, 32.7934563], [-96.7787173, 32.7937252], [-96.7785919, 32.79383], [-96.7784037, 32.7939871], [-96.7779841, 32.7943376], [-96.7779504, 32.7943658], [-96.7776889, 32.7945844], [-96.7776496, 32.794617]]}, "properties": {"class": "residential"}}, {"type": "Feature", "geometry": {"type": "LineString", "coordinates": [[-96.7905144, 32.7925825], [-96.7905075, 32.792619], [-96.7904956, 32.7926369], [-96.7896941, 32.7933097], [-96.7893823, 32.7935661], [-96.7893383, 32.7936023], [-96.7892967, 32.7936376], [-96.7888991, 32.7939744], [-96.7888777, 32.7939925], [-96.788161, 32.7945978], [-96.7881284, 32.7946253], [-96.7879271, 32.7947953], [-96.7875762, 32.7950916], [-96.7872531, 32.7953642], [-96.7872081, 32.7954025], [-96.7871525, 32.7954485], [-96.7869147, 32.7956453], [-96.7867542, 32.7957781], [-96.7866695, 32.7958482], [-96.7866113, 32.7959002], [-96.7864836, 32.7960142], [-96.7861141, 32.7963263], [-96.7858827, 32.7965217], [-96.7857277, 32.7966526], [-96.7854756, 32.7968654], [-96.7852713, 32.797038], [-96.7852655, 32.7970429], [-96.7852242, 32.7970778]]}, "properties": {"class": "residential"}}, {"type": "Feature", "geometry": {"type": "LineString", "coordinates": [[-96.7905907, 32.7925903], [-96.7906027, 32.7926199], [-96.7906262, 32.7926401], [-96.7909434, 32.7929176], [-96.7910355, 32.792995], [-96.7912545, 32.7931791], [-96.7914355, 32.7933313], [-96.7915191, 32.7934016]]}, "properties": {"class": "residential"}}, {"type": "Feature", "geometry": {"type": "LineString", "coordinates": [[-96.7874705, 32.7884715], [-96.7875262, 32.7885126], [-96.7879047, 32.7888315], [-96.7879657, 32.7888838], [-96.7881505, 32.7890406], [-96.7884261, 32.7892678], [-96.7885111, 32.7893379]]}, "properties": {"class": "residential"}}, {"type": "Feature", "geometry": {"type": "LineString", "coordinates": [[-96.8015438, 32.7939932], [-96.8019767, 32.7943559], [-96.8020304, 32.7943993], [-96.8021838, 32.7945199], [-96.8022244, 32.7945266], [-96.802303, 32.79454], [-96.8023181, 32.7945425]]}, "properties": {"class": "residential"}}, {"type": "Feature", "geometry": {"type": "LineString", "coordinates": [[-96.8243386, 32.7791581], [-96.8241351, 32.779229], [-96.8215804, 32.7801194]]}, "properties": {"class": "motorway"}}, {"type": "Feature", "geometry": {"type": "LineString", "coordinates": [[-96.8157546, 32.7837113], [-96.8155495, 32.7837113]]}, "properties": {"class": "secondary"}}, {"type": "Feature", "geometry": {"type": "LineString", "coordinates": [[-96.8157546, 32.7837113], [-96.8157116, 32.7836452], [-96.8156664, 32.7835773], [-96.8156048, 32.7834849]]}, "properties": {"class": "secondary"}}, {"type": "Feature", "geometry": {"type": "LineString", "coordinates": [[-96.812875, 32.797063], [-96.8124394, 32.7966826]]}, "properties": {"class": "primary"}}, {"type": "Feature", "geometry": {"type": "LineString", "coordinates": [[-96.806815, 32.7754757], [-96.8066791, 32.7751473], [-96.8063661, 32.7741202]]}, "properties": {"class": "secondary"}}, {"type": "Feature", "geometry": {"type": "LineString", "coordinates": [[-96.7748457, 32.7848569], [-96.7743651, 32.7848888], [-96.7742986, 32.7848755], [-96.7742427, 32.7848591], [-96.7741925, 32.7848392]]}, "properties": {"class": "secondary"}}, {"type": "Feature", "geometry": {"type": "LineString", "coordinates": [[-96.8092319, 32.7537392], [-96.8092318, 32.7539188], [-96.8092576, 32.754364]]}, "properties": {"class": "motorway"}}, {"type": "Feature", "geometry": {"type": "LineString", "coordinates": [[-96.8092901, 32.7547441], [-96.8093503, 32.7551693], [-96.8094376, 32.7556623], [-96.8095271, 32.756149], [-96.8096146, 32.75673], [-96.8096562, 32.7571511], [-96.8096504, 32.757475], [-96.8096288, 32.7575989]]}, "properties": {"class": "motorway"}}, {"type": "Feature", "geometry": {"type": "LineString", "coordinates": [[-96.808918, 32.752001], [-96.808918, 32.752204]]}, "properties": {"class": "secondary"}}, {"type": "Feature", "geometry": {"type": "LineString", "coordinates": [[-96.8044242, 32.7657815], [-96.8042727, 32.7662157]]}, "properties": {"class": "motorway"}}, {"type": "Feature", "geometry": {"type": "LineString", "coordinates": [[-96.8110755, 32.7732277], [-96.8112167, 32.7741944]]}, "properties": {"class": "motorway"}}, {"type": "Feature", "geometry": {"type": "LineString", "coordinates": [[-96.8114047, 32.7773331], [-96.811195, 32.77747]]}, "properties": {"class": "secondary"}}, {"type": "Feature", "geometry": {"type": "LineString", "coordinates": [[-96.8119009, 32.7755528], [-96.8118499, 32.7753102]]}, "properties": {"class": "motorway"}}, {"type": "Feature", "geometry": {"type": "LineString", "coordinates": [[-96.8010994, 32.7911889], [-96.8007065, 32.7908215], [-96.8006911, 32.7908071], [-96.8006327, 32.7907525]]}, "properties": {"class": "secondary"}}, {"type": "Feature", "geometry": {"type": "LineString", "coordinates": [[-96.7890932, 32.7913395], [-96.7894246, 32.7916202], [-96.7897466, 32.7918928], [-96.7900985, 32.7921907], [-96.7904872, 32.7925224], [-96.7905063, 32.7925477], [-96.7905144, 32.7925825]]}, "properties": {"class": "residential"}}, {"type": "Feature", "geometry": {"type": "LineString", "coordinates": [[-96.7761569, 32.8014174], [-96.7762262, 32.80148]]}, "properties": {"class": "residential"}}, {"type": "Feature", "geometry": {"type": "LineString", "coordinates": [[-96.7734275, 32.7990104], [-96.7735008, 32.7990769], [-96.7742051, 32.7997057], [-96.7742458, 32.799742], [-96.7742951, 32.7997848], [-96.7749993, 32.8003963], [-96.7750976, 32.8004805], [-96.7751643, 32.800539], [-96.7751912, 32.800562], [-96.7756967, 32.8010015], [-96.7761569, 32.8014174]]}, "properties": {"class": "residential"}}, {"type": "Feature", "geometry": {"type": "LineString", "coordinates": [[-96.8015523, 32.7704573], [-96.8021564, 32.7699596]]}, "properties": {"class": "motorway"}}, {"type": "Feature", "geometry": {"type": "LineString", "coordinates": [[-96.8100461, 32.770617], [-96.8098919, 32.7705437], [-96.8090296, 32.7700712]]}, "properties": {"class": "motorway"}}, {"type": "Feature", "geometry": {"type": "LineString", "coordinates": [[-96.7896556, 32.8004569], [-96.7896394, 32.8005343], [-96.7895705, 32.800594], [-96.7894632, 32.8006907]]}, "properties": {"class": "residential"}}, {"type": "Feature", "geometry": {"type": "LineString", "coordinates": [[-96.8114497, 32.7749966], [-96.8121648, 32.7748439]]}, "properties": {"class": "tertiary"}}, {"type": "Feature", "geometry": {"type": "LineString", "coordinates": [[-96.8121564, 32.7747201], [-96.8114127, 32.7748739]]}, "properties": {"class": "tertiary"}}, {"type": "Feature", "geometry": {"type": "LineString", "coordinates": [[-96.8131551, 32.774472], [-96.8130485, 32.7744865], [-96.8129624, 32.7745058]]}, "properties": {"class": "tertiary"}}, {"type": "Feature", "geometry": {"type": "LineString", "coordinates": [[-96.8133792, 32.774453], [-96.8131551, 32.774472]]}, "properties": {"class": "tertiary"}}, {"type": "Feature", "geometry": {"type": "LineString", "coordinates": [[-96.8131824, 32.7746246], [-96.8133969, 32.7745486]]}, "properties": {"class": "tertiary"}}, {"type": "Feature", "geometry": {"type": "LineString", "coordinates": [[-96.8212637, 32.8000676], [-96.8214095, 32.8001543]]}, "properties": {"class": "motorway"}}, {"type": "Feature", "geometry": {"type": "LineString", "coordinates": [[-96.821782, 32.800099], [-96.8214182, 32.7998944]]}, "properties": {"class": "motorway"}}, {"type": "Feature", "geometry": {"type": "LineString", "coordinates": [[-96.8238013, 32.800753], [-96.8237622, 32.8007391], [-96.822952, 32.800451], [-96.822548, 32.8002579], [-96.822477, 32.800224], [-96.8220408, 32.7999789], [-96.8217154, 32.7997932], [-96.8215809, 32.7997153], [-96.8210859, 32.7994285], [-96.8210194, 32.7993884], [-96.8206119, 32.7991214], [-96.8203178, 32.7989218], [-96.8198527, 32.7986482]]}, "properties": {"class": "secondary"}}, {"type": "Feature", "geometry": {"type": "LineString", "coordinates": [[-96.7905196, 32.7742164], [-96.78951, 32.774362], [-96.7887641, 32.7744735], [-96.7879468, 32.7746196]]}, "properties": {"class": "motorway"}}, {"type": "Feature", "geometry": {"type": "LineString", "coordinates": [[-96.7906853, 32.7747344], [-96.791331, 32.7746021], [-96.7921169, 32.774416]]}, "properties": {"class": "motorway"}}, {"type": "Feature", "geometry": {"type": "LineString", "coordinates": [[-96.7872459, 32.7754907], [-96.787639, 32.775355], [-96.7882787, 32.7751851], [-96.788921, 32.7750576], [-96.7906853, 32.7747344]]}, "properties": {"class": "motorway"}}, {"type": "Feature", "geometry": {"type": "LineString", "coordinates": [[-96.7836264, 32.7560658], [-96.7835041, 32.756158], [-96.7833812, 32.756264]]}, "properties": {"class": "residential"}}, {"type": "Feature", "geometry": {"type": "LineString", "coordinates": [[-96.7908776, 32.7793642], [-96.7907148, 32.7791765], [-96.7904956, 32.7789242], [-96.7904502, 32.7788715], [-96.7903975, 32.7788123], [-96.7900152, 32.7783876], [-96.7899843, 32.7783528], [-96.7899241, 32.7782748]]}, "properties": {"class": "tertiary"}}, {"type": "Feature", "geometry": {"type": "LineString", "coordinates": [[-96.8089152, 32.8008013], [-96.8091499, 32.8010079], [-96.8092822, 32.8011244]]}, "properties": {"class": "residential"}}, {"type": "Feature", "geometry": {"type": "LineString", "coordinates": [[-96.787178, 32.783192], [-96.7874416, 32.783134], [-96.7900997, 32.7825737]]}, "properties": {"class": "secondary"}}, {"type": "Feature", "geometry": {"type": "LineString", "coordinates": [[-96.7901181, 32.7840793], [-96.7902636, 32.784168], [-96.7903745, 32.7842356]]}, "properties": {"class": "secondary"}}, {"type": "Feature", "geometry": {"type": "LineString", "coordinates": [[-96.7959657, 32.7692945], [-96.7959209, 32.7692623], [-96.7955879, 32.7690228], [-96.7955217, 32.7689752]]}, "properties": {"class": "residential"}}, {"type": "Feature", "geometry": {"type": "LineString", "coordinates": [[-96.7956635, 32.7696008], [-96.7956198, 32.7695709], [-96.7953133, 32.7693624]]}, "properties": {"class": "residential"}}, {"type": "Feature", "geometry": {"type": "LineString", "coordinates": [[-96.7839464, 32.7997659], [-96.7838496, 32.799849], [-96.7837946, 32.7998953]]}, "properties": {"class": "secondary"}}, {"type": "Feature", "geometry": {"type": "LineString", "coordinates": [[-96.7772345, 32.7705311], [-96.7775604, 32.7709115]]}, "properties": {"class": "secondary"}}, {"type": "Feature", "geometry": {"type": "LineString", "coordinates": [[-96.7775604, 32.7709115], [-96.7777037, 32.7710769], [-96.7779484, 32.7713607], [-96.7781206, 32.771543], [-96.77848, 32.7719512]]}, "properties": {"class": "secondary"}}, {"type": "Feature", "geometry": {"type": "LineString", "coordinates": [[-96.7733219, 32.7649526], [-96.7732323, 32.7650233], [-96.7732033, 32.7650461]]}, "properties": {"class": "secondary"}}, {"type": "Feature", "geometry": {"type": "LineString", "coordinates": [[-96.7731235, 32.7651069], [-96.7730895, 32.7651304]]}, "properties": {"class": "secondary"}}, {"type": "Feature", "geometry": {"type": "LineString", "coordinates": [[-96.7916697, 32.7840725], [-96.7916776, 32.7840176], [-96.7916903, 32.7838721]]}, "properties": {"class": "primary"}}, {"type": "Feature", "geometry": {"type": "LineString", "coordinates": [[-96.7911679, 32.7819647], [-96.7910691, 32.7816732], [-96.7910276, 32.7815831]]}, "properties": {"class": "primary"}}, {"type": "Feature", "geometry": {"type": "LineString", "coordinates": [[-96.793912, 32.7805245], [-96.7939571, 32.7806894], [-96.7939737, 32.7807791], [-96.7939855, 32.7808891]]}, "properties": {"class": "secondary"}}, {"type": "Feature", "geometry": {"type": "LineString", "coordinates": [[-96.7938286, 32.7802427], [-96.7939131, 32.7802235], [-96.7943013, 32.7801431], [-96.7944107, 32.7801204], [-96.7949003, 32.7800189], [-96.7949574, 32.7800071], [-96.795196, 32.7799576], [-96.7952631, 32.7799437], [-96.7953303, 32.7799298], [-96.7958881, 32.7798141], [-96.7959135, 32.7798089], [-96.7962979, 32.7797292], [-96.7966384, 32.7796586], [-96.7967165, 32.7796424]]}, "properties": {"class": "residential"}}, {"type": "Feature", "geometry": {"type": "LineString", "coordinates": [[-96.7914645, 32.7800901], [-96.7913601, 32.7799636], [-96.7913157, 32.7799091]]}, "properties": {"class": "secondary"}}, {"type": "Feature", "geometry": {"type": "LineString", "coordinates": [[-96.7909488, 32.7814529], [-96.7908811, 32.7813713], [-96.7906911, 32.7811403], [-96.7903708, 32.7807546], [-96.7902368, 32.7805966]]}, "properties": {"class": "primary"}}, {"type": "Feature", "geometry": {"type": "LineString", "coordinates": [[-96.8125885, 32.7839971], [-96.8126535, 32.7839909]]}, "properties": {"class": "secondary"}}, {"type": "Feature", "geometry": {"type": "LineString", "coordinates": [[-96.8098861, 32.7853046], [-96.8099808, 32.7852855], [-96.8104638, 32.7851861], [-96.8105869, 32.7851468], [-96.8106875, 32.7850977]]}, "properties": {"class": "secondary"}}, {"type": "Feature", "geometry": {"type": "LineString", "coordinates": [[-96.8155495, 32.7837113], [-96.8153852, 32.7837135], [-96.8147352, 32.7837352], [-96.8145314, 32.7837413], [-96.8142624, 32.7837543], [-96.8134314, 32.783792]]}, "properties": {"class": "secondary"}}, {"type": "Feature", "geometry": {"type": "LineString", "coordinates": [[-96.8038805, 32.7876534], [-96.8046684, 32.787]]}, "properties": {"class": "motorway"}}, {"type": "Feature", "geometry": {"type": "LineString", "coordinates": [[-96.8037075, 32.787535], [-96.8028835, 32.7882406]]}, "properties": {"class": "motorway"}}, {"type": "Feature", "geometry": {"type": "LineString", "coordinates": [[-96.8043935, 32.7763923], [-96.8035327, 32.7765699], [-96.803408, 32.776597]]}, "properties": {"class": "secondary"}}, {"type": "Feature", "geometry": {"type": "LineString", "coordinates": [[-96.8110751, 32.8012989], [-96.8109949, 32.8013451], [-96.8108396, 32.8014258], [-96.8106122, 32.8015232], [-96.8104473, 32.8015782], [-96.8102249, 32.8016385], [-96.8100474, 32.8016743], [-96.809945, 32.8016885], [-96.8093944, 32.8017712], [-96.8091316, 32.8018481], [-96.8088921, 32.8019439], [-96.8087333, 32.8020275], [-96.8085157, 32.8021721], [-96.807862, 32.8026201], [-96.8077971, 32.8026651], [-96.8071013, 32.8031477], [-96.806966, 32.8032415], [-96.8067216, 32.8033966], [-96.8065782, 32.8034702], [-96.8063178, 32.8035854], [-96.8061841, 32.8036393], [-96.8060685, 32.8036729], [-96.8059405, 32.8036923]]}, "properties": {"class": "residential"}}, {"type": "Feature", "geometry": {"type": "LineString", "coordinates": [[-96.8135626, 32.7975865], [-96.8135519, 32.797579], [-96.8133363, 32.7974289], [-96.812875, 32.797063]]}, "properties": {"class": "primary"}}, {"type": "Feature", "geometry": {"type": "LineString", "coordinates": [[-96.7820164, 32.8014021], [-96.781809, 32.8015671]]}, "properties": {"class": "secondary"}}, {"type": "Feature", "geometry": {"type": "LineString", "coordinates": [[-96.781809, 32.8015671], [-96.7817719, 32.8015976], [-96.7815155, 32.8018038], [-96.7814762, 32.8018355], [-96.781399, 32.8018979], [-96.781234, 32.802031]]}, "properties": {"class": "secondary"}}, {"type": "Feature", "geometry": {"type": "LineString", "coordinates": [[-96.8178771, 32.8012383], [-96.8174692, 32.8007594]]}, "properties": {"class": "primary"}}, {"type": "Feature", "geometry": {"type": "LineString", "coordinates": [[-96.8110129, 32.7964069], [-96.8109619, 32.7964461], [-96.8107717, 32.7966004], [-96.8106737, 32.7966844], [-96.8104383, 32.7968849], [-96.8103443, 32.796968]]}, "properties": {"class": "residential"}}, {"type": "Feature", "geometry": {"type": "LineString", "coordinates": [[-96.8110129, 32.7964069], [-96.8113454, 32.7966984], [-96.811917, 32.7971839], [-96.8120251, 32.7972724], [-96.8120426, 32.7972869], [-96.8120781, 32.7973149]]}, "properties": {"class": "residential"}}, {"type": "Feature", "geometry": {"type": "LineString", "coordinates": [[-96.7743574, 32.7850585], [-96.7743143, 32.7850837], [-96.7742557, 32.7851452], [-96.7739964, 32.7858076], [-96.7739728, 32.7858632]]}, "properties": {"class": "residential"}}, {"type": "Feature", "geometry": {"type": "LineString", "coordinates": [[-96.7995349, 32.7805827], [-96.79948, 32.7805941], [-96.7987814, 32.780739]]}, "properties": {"class": "secondary"}}, {"type": "Feature", "geometry": {"type": "LineString", "coordinates": [[-96.7982979, 32.7793006], [-96.7982843, 32.7792473], [-96.7981393, 32.7787219], [-96.7981205, 32.7786641]]}, "properties": {"class": "residential"}}, {"type": "Feature", "geometry": {"type": "LineString", "coordinates": [[-96.7974836, 32.7794743], [-96.7975449, 32.7794613], [-96.7982979, 32.7793006]]}, "properties": {"class": "residential"}}, {"type": "Feature", "geometry": {"type": "LineString", "coordinates": [[-96.8032518, 32.781233], [-96.8032587, 32.7812602]]}, "properties": {"class": "secondary"}}, {"type": "Feature", "geometry": {"type": "LineString", "coordinates": [[-96.802839, 32.7798868], [-96.8028624, 32.7799729], [-96.8030367, 32.7805429], [-96.8030697, 32.7806355]]}, "properties": {"class": "secondary"}}, {"type": "Feature", "geometry": {"type": "LineString", "coordinates": [[-96.8012208, 32.7811106], [-96.8013978, 32.781674], [-96.8014012, 32.7816849], [-96.8014112, 32.7817148]]}, "properties": {"class": "tertiary"}}, {"type": "Feature", "geometry": {"type": "LineString", "coordinates": [[-96.8012138, 32.7810215], [-96.8012208, 32.7811106]]}, "properties": {"class": "tertiary"}}, {"type": "Feature", "geometry": {"type": "LineString", "coordinates": [[-96.7999536, 32.7820033], [-96.7998672, 32.7817191]]}, "properties": {"class": "secondary"}}, {"type": "Feature", "geometry": {"type": "LineString", "coordinates": [[-96.7999581, 32.7820198], [-96.7999536, 32.7820033]]}, "properties": {"class": "secondary"}}, {"type": "Feature", "geometry": {"type": "LineString", "coordinates": [[-96.7999971, 32.7821572], [-96.799991, 32.7821376], [-96.7999863, 32.7821219], [-96.7999796, 32.7820996], [-96.7999688, 32.7820633], [-96.7999581, 32.7820198]]}, "properties": {"class": "secondary"}}, {"type": "Feature", "geometry": {"type": "LineString", "coordinates": [[-96.8085605, 32.7810711], [-96.8085346, 32.7809766]]}, "properties": {"class": "secondary"}}, {"type": "Feature", "geometry": {"type": "LineString", "coordinates": [[-96.8084561, 32.7810943], [-96.8085605, 32.7810711]]}, "properties": {"class": "secondary"}}, {"type": "Feature", "geometry": {"type": "LineString", "coordinates": [[-96.7889314, 32.7862999], [-96.7890185, 32.7863664]]}, "properties": {"class": "secondary"}}, {"type": "Feature", "geometry": {"type": "LineString", "coordinates": [[-96.7896688, 32.7866274], [-96.7895489, 32.7865215], [-96.7891996, 32.786217]]}, "properties": {"class": "secondary"}}, {"type": "Feature", "geometry": {"type": "LineString", "coordinates": [[-96.7891996, 32.786217], [-96.7891162, 32.786146], [-96.7887353, 32.7858395], [-96.7883246, 32.7855276]]}, "properties": {"class": "secondary"}}, {"type": "Feature", "geometry": {"type": "LineString", "coordinates": [[-96.7793199, 32.7862548], [-96.7792341, 32.785956], [-96.7791456, 32.7856577], [-96.7791226, 32.785579]]}, "properties": {"class": "tertiary"}}, {"type": "Feature", "geometry": {"type": "LineString", "coordinates": [[-96.7755174, 32.7950355], [-96.775696, 32.7948872], [-96.7759403, 32.7946853], [-96.7762632, 32.7944183], [-96.7763448, 32.7943509], [-96.7764392, 32.7942733], [-96.7766607, 32.7940912], [-96.7768053, 32.7939724], [-96.7768739, 32.793916]]}, "properties": {"class": "secondary"}}, {"type": "Feature", "geometry": {"type": "LineString", "coordinates": [[-96.807337, 32.777144], [-96.8072264, 32.7767927]]}, "properties": {"class": "secondary"}}, {"type": "Feature", "geometry": {"type": "LineString", "coordinates": [[-96.776823, 32.777228], [-96.7772887, 32.7776169], [-96.7775601, 32.7778081], [-96.7776056, 32.777826], [-96.7776547, 32.7778179], [-96.7777207, 32.7777793]]}, "properties": {"class": "residential"}}, {"type": "Feature", "geometry": {"type": "LineString", "coordinates": [[-96.7749851, 32.7746427], [-96.774785, 32.774459], [-96.774492, 32.774213], [-96.7741626, 32.7739137]]}, "properties": {"class": "tertiary"}}, {"type": "Feature", "geometry": {"type": "LineString", "coordinates": [[-96.7739765, 32.7738978], [-96.774922, 32.7747116], [-96.7751594, 32.774971], [-96.7752063, 32.7750544], [-96.7752063, 32.775104], [-96.7751983, 32.7751243], [-96.7751629, 32.7751625]]}, "properties": {"class": "residential"}}, {"type": "Feature", "geometry": {"type": "LineString", "coordinates": [[-96.7827979, 32.7754707], [-96.782469, 32.775078], [-96.7815959, 32.774046]]}, "properties": {"class": "residential"}}, {"type": "Feature", "geometry": {"type": "LineString", "coordinates": [[-96.8045285, 32.7772494], [-96.8045074, 32.7771573]]}, "properties": {"class": "residential"}}, {"type": "Feature", "geometry": {"type": "LineString", "coordinates": [[-96.7917445, 32.7910906], [-96.7917694, 32.7913556]]}, "properties": {"class": "secondary"}}, {"type": "Feature", "geometry": {"type": "LineString", "coordinates": [[-96.8065538, 32.7932878], [-96.8064273, 32.7934009], [-96.8063349, 32.7934835]]}, "properties": {"class": "residential"}}, {"type": "Feature", "geometry": {"type": "LineString", "coordinates": [[-96.7913157, 32.7799091], [-96.7912316, 32.7797886]]}, "properties": {"class": "secondary"}}, {"type": "Feature", "geometry": {"type": "LineString", "coordinates": [[-96.8187294, 32.7880743], [-96.8187863, 32.788151], [-96.8194317, 32.7890169], [-96.8199111, 32.7896682]]}, "properties": {"class": "secondary"}}, {"type": "Feature", "geometry": {"type": "LineString", "coordinates": [[-96.8156458, 32.783845], [-96.8158387, 32.7838375]]}, "properties": {"class": "secondary"}}, {"type": "Feature", "geometry": {"type": "LineString", "coordinates": [[-96.8041424, 32.7837584], [-96.8041379, 32.7836601], [-96.8041248, 32.7835601]]}, "properties": {"class": "secondary"}}, {"type": "Feature", "geometry": {"type": "LineString", "coordinates": [[-96.8040781, 32.7833268], [-96.8040279, 32.7830983], [-96.8040223, 32.7830704], [-96.8039953, 32.7829501]]}, "properties": {"class": "secondary"}}, {"type": "Feature", "geometry": {"type": "LineString", "coordinates": [[-96.8134821, 32.778946], [-96.8135648, 32.7789286], [-96.8143205, 32.778769], [-96.8150983, 32.7786103], [-96.8155763, 32.7785751], [-96.8166876, 32.7783549], [-96.8167292, 32.7783308], [-96.8167646, 32.7782908], [-96.8167701, 32.7782477], [-96.816642, 32.7778115], [-96.8160686, 32.7766336], [-96.815989, 32.7764917], [-96.815951, 32.7764163], [-96.8159094, 32.7763323]]}, "properties": {"class": "residential"}}, {"type": "Feature", "geometry": {"type": "LineString", "coordinates": [[-96.8134821, 32.778946], [-96.8134492, 32.7787546], [-96.8134217, 32.778428], [-96.8134189, 32.7782997], [-96.8134134, 32.7780146], [-96.8134157, 32.7778231]]}, "properties": {"class": "secondary"}}, {"type": "Feature", "geometry": {"type": "LineString", "coordinates": [[-96.8133084, 32.7789721], [-96.8133447, 32.7791321], [-96.8136028, 32.7799426]]}, "properties": {"class": "secondary"}}, {"type": "Feature", "geometry": {"type": "LineString", "coordinates": [[-96.7944434, 32.7830671], [-96.7944102, 32.7831326], [-96.7943852, 32.7831651], [-96.7943064, 32.7832635]]}, "properties": {"class": "tertiary"}}, {"type": "Feature", "geometry": {"type": "LineString", "coordinates": [[-96.7839437, 32.783077], [-96.7838063, 32.7831053], [-96.7836372, 32.7831402], [-96.7835318, 32.783162], [-96.7832427, 32.7832216], [-96.7827388, 32.7833209], [-96.7820776, 32.7834512], [-96.781984, 32.7834697], [-96.7818854, 32.7834883], [-96.7816065, 32.783541], [-96.7815652, 32.7835488], [-96.7814785, 32.7835652], [-96.7811108, 32.7836346]]}, "properties": {"class": "secondary"}}, {"type": "Feature", "geometry": {"type": "LineString", "coordinates": [[-96.7950371, 32.779331], [-96.7950247, 32.7792901], [-96.7949289, 32.7790051], [-96.7948836, 32.7788698], [-96.7947795, 32.7785598], [-96.7947358, 32.7784296], [-96.7947037, 32.7783339]]}, "properties": {"class": "tertiary"}}, {"type": "Feature", "geometry": {"type": "LineString", "coordinates": [[-96.7950371, 32.779331], [-96.794973, 32.7793444], [-96.7935438, 32.779642], [-96.7934377, 32.7796641]]}, "properties": {"class": "residential"}}, {"type": "Feature", "geometry": {"type": "LineString", "coordinates": [[-96.8003899, 32.7781754], [-96.8003149, 32.7781918], [-96.8001018, 32.7782357], [-96.7996848, 32.7783273], [-96.7996578, 32.7783323]]}, "properties": {"class": "residential"}}, {"type": "Feature", "geometry": {"type": "LineString", "coordinates": [[-96.8024326, 32.7822637], [-96.8023843, 32.7822959], [-96.8021284, 32.7824772], [-96.8020511, 32.7825315], [-96.8018912, 32.7826383], [-96.8018705, 32.7826557], [-96.8018139, 32.7826919], [-96.801748, 32.7827377], [-96.8016691, 32.7827923], [-96.8016483, 32.7828069], [-96.8012031, 32.7831196], [-96.8010487, 32.7832281], [-96.8008942, 32.7833367], [-96.8005121, 32.7836044], [-96.800448, 32.7836559]]}, "properties": {"class": "tertiary"}}, {"type": "Feature", "geometry": {"type": "LineString", "coordinates": [[-96.7987317, 32.7774239], [-96.7987583, 32.7774951], [-96.7989624, 32.7780416], [-96.7990879, 32.7783776], [-96.7991072, 32.7784293]]}, "properties": {"class": "residential"}}, {"type": "Feature", "geometry": {"type": "LineString", "coordinates": [[-96.7934983, 32.7851559], [-96.7936386, 32.7850358]]}, "properties": {"class": "tertiary"}}, {"type": "Feature", "geometry": {"type": "LineString", "coordinates": [[-96.79147, 32.7882263], [-96.7914973, 32.7883787]]}, "properties": {"class": "primary"}}, {"type": "Feature", "geometry": {"type": "LineString", "coordinates": [[-96.79147, 32.7882263], [-96.7913922, 32.7881884]]}, "properties": {"class": "secondary"}}, {"type": "Feature", "geometry": {"type": "LineString", "coordinates": [[-96.8095482, 32.7712029], [-96.8098068, 32.7714134], [-96.8100173, 32.7716273], [-96.8101073, 32.7717477], [-96.8102631, 32.7719561], [-96.8103798, 32.7721389], [-96.8104819, 32.7723322], [-96.8105938, 32.7725966], [-96.8106483, 32.7727661]]}, "properties": {"class": "motorway"}}, {"type": "Feature", "geometry": {"type": "LineString", "coordinates": [[-96.8128952, 32.788843], [-96.8130652, 32.7893557]]}, "properties": {"class": "motorway"}}, {"type": "Feature", "geometry": {"type": "LineString", "coordinates": [[-96.8129849, 32.7882073], [-96.8126466, 32.7870992], [-96.8125652, 32.7868406]]}, "properties": {"class": "motorway"}}, {"type": "Feature", "geometry": {"type": "LineString", "coordinates": [[-96.816405, 32.797213], [-96.816749, 32.7974342], [-96.8171868, 32.7976939], [-96.8177189, 32.7980041]]}, "properties": {"class": "motorway"}}, {"type": "Feature", "geometry": {"type": "LineString", "coordinates": [[-96.826121, 32.801457], [-96.825415, 32.801371], [-96.824967, 32.801297], [-96.824205, 32.801114], [-96.823773, 32.800994], [-96.823326, 32.80084], [-96.822805, 32.800626], [-96.821782, 32.800099]]}, "properties": {"class": "motorway"}}, {"type": "Feature", "geometry": {"type": "LineString", "coordinates": [[-96.8088865, 32.7832969], [-96.808967, 32.78322], [-96.8090984, 32.7831113], [-96.809269, 32.7829947], [-96.8094723, 32.7828874], [-96.8096656, 32.7827985], [-96.8099205, 32.7827157], [-96.8102318, 32.782627], [-96.8105098, 32.7825756], [-96.8110711, 32.7824943], [-96.8113752, 32.7824516]]}, "properties": {"class": "motorway"}}, {"type": "Feature", "geometry": {"type": "LineString", "coordinates": [[-96.8120523, 32.7823554], [-96.8129531, 32.7822313], [-96.8140729, 32.7820825], [-96.8167732, 32.7817334], [-96.8172031, 32.7816542], [-96.8175366, 32.7815873], [-96.8180303, 32.7814835]]}, "properties": {"class": "motorway"}}, {"type": "Feature", "geometry": {"type": "LineString", "coordinates": [[-96.7844256, 32.7771726], [-96.7847487, 32.7769444]]}, "properties": {"class": "motorway"}}, {"type": "Feature", "geometry": {"type": "LineString", "coordinates": [[-96.7929873, 32.7739361], [-96.7924322, 32.773998]]}, "properties": {"class": "motorway"}}, {"type": "Feature", "geometry": {"type": "LineString", "coordinates": [[-96.8083643, 32.7838343], [-96.8088865, 32.7832969]]}, "properties": {"class": "motorway"}}, {"type": "Feature", "geometry": {"type": "LineString", "coordinates": [[-96.8089588, 32.7843981], [-96.8090361, 32.7842754], [-96.8090218, 32.783758], [-96.8090073, 32.783595]]}, "properties": {"class": "secondary"}}, {"type": "Feature", "geometry": {"type": "LineString", "coordinates": [[-96.8055128, 32.7530947], [-96.8055261, 32.7532151], [-96.8055263, 32.7545245], [-96.8055337, 32.7556956], [-96.8055334, 32.7557695]]}, "properties": {"class": "residential"}}, {"type": "Feature", "geometry": {"type": "LineString", "coordinates": [[-96.8035774, 32.7907455], [-96.8035637, 32.7907398], [-96.8034763, 32.7906933], [-96.8034172, 32.7906499], [-96.8029191, 32.7901867]]}, "properties": {"class": "tertiary"}}, {"type": "Feature", "geometry": {"type": "LineString", "coordinates": [[-96.804978, 32.7907843], [-96.804983, 32.7908447], [-96.8049876, 32.7911568], [-96.8049895, 32.7912141]]}, "properties": {"class": "secondary"}}, {"type": "Feature", "geometry": {"type": "LineString", "coordinates": [[-96.8025768, 32.770463], [-96.802669, 32.7703801], [-96.80278, 32.7703032], [-96.8034055, 32.7700038], [-96.8036771, 32.7698969], [-96.8038166, 32.7698551], [-96.8040014, 32.7698119], [-96.8042628, 32.7697615], [-96.8045738, 32.7697286], [-96.8047952, 32.7697221], [-96.805201, 32.7697357], [-96.8055269, 32.7697712], [-96.805816, 32.7698213]]}, "properties": {"class": "secondary"}}, {"type": "Feature", "geometry": {"type": "LineString", "coordinates": [[-96.807185, 32.7766361], [-96.8073281, 32.7766837], [-96.8075069, 32.776736], [-96.8076565, 32.7767999], [-96.8077951, 32.7768742]]}, "properties": {"class": "tertiary"}}, {"type": "Feature", "geometry": {"type": "LineString", "coordinates": [[-96.8098861, 32.7751252], [-96.8098173, 32.7750383], [-96.8097153, 32.7749206], [-96.8096262, 32.7748348], [-96.8095279, 32.7747497], [-96.8093582, 32.774628], [-96.8092308, 32.77455], [-96.8091872, 32.7745262], [-96.8090328, 32.7744675], [-96.80888, 32.7744314], [-96.8087181, 32.774414], [-96.8085756, 32.7744117], [-96.8084517, 32.7744219], [-96.8083415, 32.7744464], [-96.8082483, 32.7744707], [-96.8081546, 32.7745007]]}, "properties": {"class": "tertiary"}}, {"type": "Feature", "geometry": {"type": "LineString", "coordinates": [[-96.807396, 32.777333], [-96.8073713, 32.7772537], [-96.807337, 32.777144]]}, "properties": {"class": "secondary"}}, {"type": "Feature", "geometry": {"type": "LineString", "coordinates": [[-96.802903, 32.77908], [-96.8027601, 32.7791117], [-96.8026799, 32.7791283], [-96.8016325, 32.7793481], [-96.8015511, 32.7793643], [-96.8015022, 32.7793747], [-96.8012734, 32.7794212], [-96.8011852, 32.7794394], [-96.8010768, 32.7794618], [-96.8010169, 32.7794734]]}, "properties": {"class": "secondary"}}, {"type": "Feature", "geometry": {"type": "LineString", "coordinates": [[-96.8012138, 32.7810215], [-96.8013717, 32.7809899], [-96.8016177, 32.7809403], [-96.8023222, 32.780795], [-96.8024152, 32.7807761], [-96.8029946, 32.780652], [-96.8030697, 32.7806355]]}, "properties": {"class": "secondary"}}, {"type": "Feature", "geometry": {"type": "LineString", "coordinates": [[-96.8173848, 32.8008366], [-96.8175871, 32.801081]]}, "properties": {"class": "primary"}}, {"type": "Feature", "geometry": {"type": "LineString", "coordinates": [[-96.8167002, 32.8021274], [-96.8167727, 32.801955], [-96.8168544, 32.8017364], [-96.8169247, 32.8014166]]}, "properties": {"class": "secondary"}}, {"type": "Feature", "geometry": {"type": "LineString", "coordinates": [[-96.8181067, 32.7994841], [-96.8182292, 32.7993214]]}, "properties": {"class": "secondary"}}, {"type": "Feature", "geometry": {"type": "LineString", "coordinates": [[-96.8185734, 32.7988307], [-96.8186651, 32.7988769], [-96.8190067, 32.7990171]]}, "properties": {"class": "secondary"}}, {"type": "Feature", "geometry": {"type": "LineString", "coordinates": [[-96.8024884, 32.7776301], [-96.8024611, 32.7775301], [-96.8023652, 32.7772226]]}, "properties": {"class": "secondary"}}, {"type": "Feature", "geometry": {"type": "LineString", "coordinates": [[-96.7987317, 32.7774239], [-96.7988251, 32.7774055], [-96.7998032, 32.7771757], [-96.7998505, 32.7771651], [-96.8000464, 32.7771202]]}, "properties": {"class": "secondary"}}, {"type": "Feature", "geometry": {"type": "LineString", "coordinates": [[-96.8010867, 32.7690611], [-96.8013207, 32.7688226], [-96.801448, 32.7687228], [-96.8016122, 32.7685632], [-96.8017588, 32.7684225]]}, "properties": {"class": "secondary"}}, {"type": "Feature", "geometry": {"type": "LineString", "coordinates": [[-96.7970852, 32.7850897], [-96.7970547, 32.7850648], [-96.7970308, 32.7850435], [-96.796676, 32.7847641], [-96.7966361, 32.7847355], [-96.7966023, 32.7847078], [-96.7965698, 32.7846815], [-96.7965493, 32.7846637], [-96.7962257, 32.784392], [-96.7960843, 32.784277], [-96.7959399, 32.78416], [-96.7958746, 32.784107], [-96.7953631, 32.7837063], [-96.7952839, 32.783648]]}, "properties": {"class": "tertiary"}}, {"type": "Feature", "geometry": {"type": "LineString", "coordinates": [[-96.7961713, 32.7858871], [-96.7963066, 32.7860001], [-96.7965, 32.7861615]]}, "properties": {"class": "tertiary"}}, {"type": "Feature", "geometry": {"type": "LineString", "coordinates": [[-96.8048755, 32.7907929], [-96.8045501, 32.7907922], [-96.804368, 32.7907918], [-96.8041833, 32.7907911], [-96.8038235, 32.7907945], [-96.8037338, 32.7907878], [-96.80369, 32.7907772], [-96.803593, 32.7907511], [-96.8035774, 32.7907455]]}, "properties": {"class": "tertiary"}}, {"type": "Feature", "geometry": {"type": "LineString", "coordinates": [[-96.8031976, 32.8009239], [-96.8029528, 32.801133], [-96.8028165, 32.8012598], [-96.802732, 32.801375], [-96.8024892, 32.8017267], [-96.8024744, 32.8017516], [-96.8024252, 32.801834]]}, "properties": {"class": "residential"}}, {"type": "Feature", "geometry": {"type": "LineString", "coordinates": [[-96.8173308, 32.7610224], [-96.8177964, 32.7607355]]}, "properties": {"class": "secondary"}}, {"type": "Feature", "geometry": {"type": "LineString", "coordinates": [[-96.8201688, 32.7605304], [-96.8189198, 32.760529], [-96.8187198, 32.7605226], [-96.8185852, 32.760495], [-96.8184683, 32.7604437], [-96.8184112, 32.7604077], [-96.8183324, 32.7603601], [-96.8183001, 32.7603412], [-96.8182338, 32.760304], [-96.8182012, 32.7602842]]}, "properties": {"class": "residential"}}, {"type": "Feature", "geometry": {"type": "LineString", "coordinates": [[-96.8199515, 32.7590706], [-96.8200686, 32.7591746], [-96.8201132, 32.7592226], [-96.8201436, 32.7592771], [-96.8201665, 32.7593626], [-96.8201679, 32.7600676], [-96.8201688, 32.7605304]]}, "properties": {"class": "residential"}}, {"type": "Feature", "geometry": {"type": "LineString", "coordinates": [[-96.8199515, 32.7590706], [-96.8201289, 32.7589051], [-96.8203559, 32.7586996], [-96.820415, 32.7586453]]}, "properties": {"class": "secondary"}}, {"type": "Feature", "geometry": {"type": "LineString", "coordinates": [[-96.7771602, 32.790167], [-96.777219, 32.7902178], [-96.7774012, 32.7903703]]}, "properties": {"class": "tertiary"}}, {"type": "Feature", "geometry": {"type": "LineString", "coordinates": [[-96.772703, 32.7884571], [-96.7727613, 32.788506], [-96.7727778, 32.7885206], [-96.773268, 32.7889563]]}, "properties": {"class": "residential"}}, {"type": "Feature", "geometry": {"type": "LineString", "coordinates": [[-96.7739719, 32.7874155], [-96.7740266, 32.78737], [-96.7743196, 32.7871239], [-96.7745533, 32.7869318], [-96.7747821, 32.786737], [-96.7748488, 32.7866801]]}, "properties": {"class": "residential"}}, {"type": "Feature", "geometry": {"type": "LineString", "coordinates": [[-96.7787334, 32.7844671], [-96.7787408, 32.7844829], [-96.7787478, 32.7844977], [-96.7788762, 32.7847706], [-96.7789085, 32.7848572]]}, "properties": {"class": "tertiary"}}, {"type": "Feature", "geometry": {"type": "LineString", "coordinates": [[-96.7786159, 32.7840806], [-96.7784846, 32.7841069], [-96.7775906, 32.7842941]]}, "properties": {"class": "secondary"}}, {"type": "Feature", "geometry": {"type": "LineString", "coordinates": [[-96.7749285, 32.7856542], [-96.7749965, 32.7857358], [-96.7750778, 32.7858379]]}, "properties": {"class": "secondary"}}, {"type": "Feature", "geometry": {"type": "LineString", "coordinates": [[-96.7787422, 32.7888504], [-96.778589, 32.7889779], [-96.7783245, 32.789198], [-96.7781722, 32.7893248], [-96.7780283, 32.7894446], [-96.7779347, 32.7895225], [-96.777892, 32.7895581], [-96.7777954, 32.7896385], [-96.7777563, 32.789671], [-96.7777217, 32.7896998]]}, "properties": {"class": "residential"}}, {"type": "Feature", "geometry": {"type": "LineString", "coordinates": [[-96.7764643, 32.7907522], [-96.7759523, 32.7911828], [-96.775912, 32.7912178], [-96.7758557, 32.7912661], [-96.7755891, 32.7914882], [-96.7754562, 32.7915999], [-96.7754236, 32.7916273]]}, "properties": {"class": "residential"}}, {"type": "Feature", "geometry": {"type": "LineString", "coordinates": [[-96.7800568, 32.7877725], [-96.7799769, 32.7878363], [-96.7797085, 32.7880596]]}, "properties": {"class": "residential"}}, {"type": "Feature", "geometry": {"type": "LineString", "coordinates": [[-96.7800568, 32.7877725], [-96.7801096, 32.787822], [-96.7802314, 32.787936], [-96.7803655, 32.7880615]]}, "properties": {"class": "residential"}}, {"type": "Feature", "geometry": {"type": "LineString", "coordinates": [[-96.7795887, 32.7881542], [-96.7794482, 32.7882713], [-96.779351, 32.7883428]]}, "properties": {"class": "residential"}}, {"type": "Feature", "geometry": {"type": "LineString", "coordinates": [[-96.7836497, 32.7900474], [-96.7834267, 32.7903324], [-96.7833333, 32.7904901], [-96.7832836, 32.7905892]]}, "properties": {"class": "residential"}}, {"type": "Feature", "geometry": {"type": "LineString", "coordinates": [[-96.7824265, 32.7898319], [-96.7825004, 32.7898972], [-96.7826518, 32.790031], [-96.782886, 32.7902379]]}, "properties": {"class": "residential"}}, {"type": "Feature", "geometry": {"type": "LineString", "coordinates": [[-96.7832836, 32.7905892], [-96.7832282, 32.7906945], [-96.783212, 32.7907232], [-96.783146, 32.790847], [-96.783087, 32.790939], [-96.7829997, 32.7910452], [-96.7828412, 32.791187], [-96.7827148, 32.7912959], [-96.7825732, 32.7914104], [-96.7824983, 32.7914725], [-96.7824543, 32.7915097], [-96.7819537, 32.7919316], [-96.7818221, 32.7920386], [-96.7815581, 32.7922531], [-96.7810203, 32.7927], [-96.7807906, 32.7928928], [-96.7807367, 32.7929357], [-96.7806076, 32.793043], [-96.7805429, 32.7930968]]}, "properties": {"class": "tertiary"}}, {"type": "Feature", "geometry": {"type": "LineString", "coordinates": [[-96.7800251, 32.7926328], [-96.7800828, 32.7926845], [-96.7805054, 32.7930632], [-96.7805429, 32.7930968]]}, "properties": {"class": "tertiary"}}, {"type": "Feature", "geometry": {"type": "LineString", "coordinates": [[-96.7739719, 32.7874155], [-96.7740149, 32.7874523], [-96.77454, 32.7879018]]}, "properties": {"class": "tertiary"}}, {"type": "Feature", "geometry": {"type": "LineString", "coordinates": [[-96.7738501, 32.7894534], [-96.7738988, 32.7894953], [-96.7741776, 32.7897352], [-96.7742395, 32.7897885], [-96.7742724, 32.7898168], [-96.774367, 32.7898982], [-96.7744467, 32.7899668], [-96.7748023, 32.7902729], [-96.774811, 32.7902803], [-96.7748779, 32.7903378]]}, "properties": {"class": "residential"}}, {"type": "Feature", "geometry": {"type": "LineString", "coordinates": [[-96.7788824, 32.7887335], [-96.7788522, 32.7887586]]}, "properties": {"class": "residential"}}, {"type": "Feature", "geometry": {"type": "LineString", "coordinates": [[-96.7771602, 32.790167], [-96.7770965, 32.7902206], [-96.7768864, 32.7903973], [-96.7766688, 32.7905803], [-96.7765976, 32.7906413], [-96.7764643, 32.7907522]]}, "properties": {"class": "residential"}}, {"type": "Feature", "geometry": {"type": "LineString", "coordinates": [[-96.7730085, 32.7866059], [-96.7731001, 32.7866792], [-96.7735367, 32.7870465], [-96.7739035, 32.7873569], [-96.7739719, 32.7874155]]}, "properties": {"class": "tertiary"}}, {"type": "Feature", "geometry": {"type": "LineString", "coordinates": [[-96.7727541, 32.7884155], [-96.7729532, 32.788253], [-96.7732437, 32.7880214], [-96.7739131, 32.7874644], [-96.7739719, 32.7874155]]}, "properties": {"class": "residential"}}, {"type": "Feature", "geometry": {"type": "LineString", "coordinates": [[-96.7717982, 32.787685], [-96.7718905, 32.7877614], [-96.7719129, 32.787783], [-96.7721914, 32.7880187], [-96.7722805, 32.7880941], [-96.7723547, 32.7881614], [-96.7726424, 32.7884054], [-96.7726495, 32.7884114], [-96.772703, 32.7884571]]}, "properties": {"class": "residential"}}, {"type": "Feature", "geometry": {"type": "LineString", "coordinates": [[-96.799239, 32.786929], [-96.7993147, 32.7868659], [-96.799517, 32.7866971]]}, "properties": {"class": "secondary"}}, {"type": "Feature", "geometry": {"type": "LineString", "coordinates": [[-96.8002236, 32.7877322], [-96.800146, 32.7876728], [-96.7999134, 32.7874843], [-96.7996533, 32.7872658]]}, "properties": {"class": "tertiary"}}, {"type": "Feature", "geometry": {"type": "LineString", "coordinates": [[-96.799239, 32.786929], [-96.799167, 32.786879], [-96.7991595, 32.7868726], [-96.7985252, 32.78633], [-96.7983478, 32.7861782], [-96.7982752, 32.7861161]]}, "properties": {"class": "tertiary"}}, {"type": "Feature", "geometry": {"type": "LineString", "coordinates": [[-96.7982752, 32.7861161], [-96.7982095, 32.7861667], [-96.7974231, 32.7868188], [-96.7973949, 32.7868433], [-96.797356, 32.786876]]}, "properties": {"class": "tertiary"}}, {"type": "Feature", "geometry": {"type": "LineString", "coordinates": [[-96.7922406, 32.7813346], [-96.7921335, 32.7813567], [-96.7918813, 32.7814086], [-96.7911081, 32.7815652], [-96.7910276, 32.7815831]]}, "properties": {"class": "secondary"}}, {"type": "Feature", "geometry": {"type": "LineString", "coordinates": [[-96.7861438, 32.7978737], [-96.786248, 32.7979534], [-96.7866684, 32.798313], [-96.787081, 32.7986658], [-96.7871193, 32.7986986], [-96.7871694, 32.7987393], [-96.7878694, 32.7993305], [-96.787911, 32.7993645]]}, "properties": {"class": "tertiary"}}, {"type": "Feature", "geometry": {"type": "LineString", "coordinates": [[-96.782886, 32.7902379], [-96.7831003, 32.7904273]]}, "properties": {"class": "residential"}}, {"type": "Feature", "geometry": {"type": "LineString", "coordinates": [[-96.804565, 32.786102], [-96.8046803, 32.7862139], [-96.8047017, 32.7862339], [-96.804771, 32.7862949]]}, "properties": {"class": "secondary"}}, {"type": "Feature", "geometry": {"type": "LineString", "coordinates": [[-96.796824, 32.77451], [-96.7969219, 32.7744387], [-96.7970998, 32.7742877], [-96.7980938, 32.7734871], [-96.7983283, 32.7733138], [-96.7985674, 32.7731544], [-96.7987047, 32.7730629], [-96.7991251, 32.7727827], [-96.799202, 32.7727314]]}, "properties": {"class": "secondary"}}, {"type": "Feature", "geometry": {"type": "LineString", "coordinates": [[-96.7926423, 32.7978309], [-96.7926471, 32.7979207], [-96.7926613, 32.798116], [-96.7926673, 32.7982535], [-96.7926766, 32.7983463], [-96.7926856, 32.7985076]]}, "properties": {"class": "secondary"}}, {"type": "Feature", "geometry": {"type": "LineString", "coordinates": [[-96.8129927, 32.7838109], [-96.8128142, 32.7838177], [-96.812755, 32.7838202]]}, "properties": {"class": "secondary"}}, {"type": "Feature", "geometry": {"type": "LineString", "coordinates": [[-96.8126521, 32.7838312], [-96.812579, 32.7838383], [-96.8123096, 32.7838646]]}, "properties": {"class": "secondary"}}, {"type": "Feature", "geometry": {"type": "LineString", "coordinates": [[-96.8123096, 32.7838646], [-96.8116693, 32.7839384], [-96.8114792, 32.7839675], [-96.8114218, 32.7839776]]}, "properties": {"class": "secondary"}}, {"type": "Feature", "geometry": {"type": "LineString", "coordinates": [[-96.812755, 32.7838202], [-96.8126521, 32.7838312]]}, "properties": {"class": "secondary"}}, {"type": "Feature", "geometry": {"type": "LineString", "coordinates": [[-96.8167082, 32.8015646], [-96.8166189, 32.8018262], [-96.8165119, 32.8020822]]}, "properties": {"class": "secondary"}}, {"type": "Feature", "geometry": {"type": "LineString", "coordinates": [[-96.8120001, 32.7770501], [-96.811793, 32.7771308], [-96.8116015, 32.7772197], [-96.8114047, 32.7773331]]}, "properties": {"class": "secondary"}}, {"type": "Feature", "geometry": {"type": "LineString", "coordinates": [[-96.8117574, 32.7707295], [-96.8116581, 32.7705077]]}, "properties": {"class": "secondary"}}, {"type": "Feature", "geometry": {"type": "LineString", "coordinates": [[-96.7933714, 32.7951491], [-96.7933343, 32.7949675]]}, "properties": {"class": "secondary"}}, {"type": "Feature", "geometry": {"type": "LineString", "coordinates": [[-96.7934577, 32.7998394], [-96.7934409, 32.7993822], [-96.7934378, 32.799258]]}, "properties": {"class": "secondary"}}, {"type": "Feature", "geometry": {"type": "LineString", "coordinates": [[-96.793423, 32.79898], [-96.793316, 32.7989018]]}, "properties": {"class": "tertiary"}}, {"type": "Feature", "geometry": {"type": "LineString", "coordinates": [[-96.7934104, 32.7984351], [-96.7934169, 32.7980534], [-96.7934081, 32.7978309]]}, "properties": {"class": "secondary"}}, {"type": "Feature", "geometry": {"type": "LineString", "coordinates": [[-96.8150379, 32.7944042], [-96.8149845, 32.7942402]]}, "properties": {"class": "secondary"}}, {"type": "Feature", "geometry": {"type": "LineString", "coordinates": [[-96.8149845, 32.7942402], [-96.8148985, 32.7942151], [-96.8148166, 32.7941865], [-96.8142428, 32.7939128], [-96.814094, 32.7938621]]}, "properties": {"class": "secondary"}}, {"type": "Feature", "geometry": {"type": "LineString", "coordinates": [[-96.7784091, 32.7872005], [-96.7782384, 32.7871993], [-96.7778504, 32.787174], [-96.7770134, 32.7870982], [-96.7766094, 32.7870616]]}, "properties": {"class": "tertiary"}}, {"type": "Feature", "geometry": {"type": "LineString", "coordinates": [[-96.7716857, 32.7951396], [-96.772429, 32.7957697], [-96.7724954, 32.7958155]]}, "properties": {"class": "tertiary"}}, {"type": "Feature", "geometry": {"type": "LineString", "coordinates": [[-96.80891, 32.7840391], [-96.8089097, 32.7842574], [-96.8089096, 32.7842973], [-96.8089588, 32.7843981]]}, "properties": {"class": "secondary"}}, {"type": "Feature", "geometry": {"type": "LineString", "coordinates": [[-96.8049763, 32.790593], [-96.8051024, 32.7905941], [-96.8051512, 32.7905948], [-96.8052036, 32.7905828], [-96.8052424, 32.7905633], [-96.8055356, 32.7903284], [-96.8055655, 32.7903056], [-96.8056496, 32.7902371]]}, "properties": {"class": "residential"}}, {"type": "Feature", "geometry": {"type": "LineString", "coordinates": [[-96.8056496, 32.7902371], [-96.8056367, 32.790171], [-96.8056132, 32.7900683], [-96.80558, 32.789915]]}, "properties": {"class": "secondary"}}, {"type": "Feature", "geometry": {"type": "LineString", "coordinates": [[-96.8053811, 32.7896757], [-96.8053422, 32.7896428], [-96.8052102, 32.7895311], [-96.8051872, 32.7895117], [-96.8050274, 32.7893767]]}, "properties": {"class": "secondary"}}, {"type": "Feature", "geometry": {"type": "LineString", "coordinates": [[-96.8045274, 32.7670435], [-96.8048856, 32.7671889], [-96.8049111, 32.7671977], [-96.8052074, 32.7672994], [-96.8055565, 32.7673907], [-96.8058927, 32.7674787], [-96.8070885, 32.7677566], [-96.8072191, 32.7677877]]}, "properties": {"class": "secondary"}}, {"type": "Feature", "geometry": {"type": "LineString", "coordinates": [[-96.8116263, 32.7803016], [-96.8116278, 32.780595]]}, "properties": {"class": "motorway"}}, {"type": "Feature", "geometry": {"type": "LineString", "coordinates": [[-96.7807539, 32.7746204], [-96.7808494, 32.774522], [-96.7809114, 32.7744737], [-96.7815959, 32.774046], [-96.7819839, 32.7738069], [-96.7820401, 32.7737807], [-96.7821012, 32.7737671], [-96.7821672, 32.7737577], [-96.782235, 32.773759], [-96.7823364, 32.77375], [-96.7823931, 32.7737258], [-96.7829203, 32.7733958], [-96.782976, 32.773362], [-96.7830919, 32.7732887], [-96.7831654, 32.7732443], [-96.7839011, 32.772781], [-96.7839308, 32.7727618], [-96.7839903, 32.7727154]]}, "properties": {"class": "residential"}}, {"type": "Feature", "geometry": {"type": "LineString", "coordinates": [[-96.7981822, 32.7843592], [-96.7981688, 32.7843475], [-96.7976774, 32.783927], [-96.7976374, 32.7838946]]}, "properties": {"class": "tertiary"}}, {"type": "Feature", "geometry": {"type": "LineString", "coordinates": [[-96.8178643, 32.760528], [-96.8175422, 32.7607279]]}, "properties": {"class": "secondary"}}, {"type": "Feature", "geometry": {"type": "LineString", "coordinates": [[-96.8177964, 32.7607355], [-96.8180957, 32.7605365], [-96.8183324, 32.7603601]]}, "properties": {"class": "secondary"}}, {"type": "Feature", "geometry": {"type": "LineString", "coordinates": [[-96.7965, 32.7861615], [-96.7972909, 32.7868217], [-96.797356, 32.786876]]}, "properties": {"class": "tertiary"}}, {"type": "Feature", "geometry": {"type": "LineString", "coordinates": [[-96.7924322, 32.773998], [-96.7914745, 32.7741048], [-96.7905196, 32.7742164]]}, "properties": {"class": "motorway"}}, {"type": "Feature", "geometry": {"type": "LineString", "coordinates": [[-96.7872937, 32.7747567], [-96.7869383, 32.7748548], [-96.7865733, 32.7749853], [-96.7862215, 32.775139], [-96.7859446, 32.7752726], [-96.785685, 32.775412], [-96.785476, 32.775542], [-96.7850788, 32.7758176], [-96.7847958, 32.7760375], [-96.7846322, 32.7761931], [-96.78449, 32.776351], [-96.7843293, 32.7765116]]}, "properties": {"class": "motorway"}}, {"type": "Feature", "geometry": {"type": "LineString", "coordinates": [[-96.8053432, 32.7671705], [-96.8051927, 32.7671291], [-96.8051075, 32.7670957]]}, "properties": {"class": "secondary"}}, {"type": "Feature", "geometry": {"type": "LineString", "coordinates": [[-96.8051075, 32.7670957], [-96.8049888, 32.7670581], [-96.8045878, 32.7668889], [-96.8045141, 32.7668506]]}, "properties": {"class": "secondary"}}, {"type": "Feature", "geometry": {"type": "LineString", "coordinates": [[-96.8040697, 32.7665236], [-96.8038918, 32.766404], [-96.8036598, 32.7662314]]}, "properties": {"class": "secondary"}}, {"type": "Feature", "geometry": {"type": "LineString", "coordinates": [[-96.8045141, 32.7668506], [-96.804207, 32.766616], [-96.8040697, 32.7665236]]}, "properties": {"class": "secondary"}}, {"type": "Feature", "geometry": {"type": "LineString", "coordinates": [[-96.8053053, 32.7858266], [-96.8052404, 32.7858913]]}, "properties": {"class": "secondary"}}, {"type": "Feature", "geometry": {"type": "LineString", "coordinates": [[-96.7938439, 32.796374], [-96.7939193, 32.796222], [-96.7941493, 32.7958282], [-96.7942173, 32.7957229], [-96.7944493, 32.7953977], [-96.7945854, 32.7952405], [-96.7946497, 32.7951708], [-96.7947078, 32.7951164], [-96.7947911, 32.7950451], [-96.7948571, 32.7949919], [-96.7950609, 32.7948476], [-96.796069, 32.794182], [-96.796521, 32.793894], [-96.7969276, 32.7936361], [-96.7972121, 32.7934573], [-96.7974588, 32.7933002]]}, "properties": {"class": "secondary"}}, {"type": "Feature", "geometry": {"type": "LineString", "coordinates": [[-96.7974588, 32.7933002], [-96.7976854, 32.7931533], [-96.79771, 32.7931344], [-96.7977808, 32.7930789], [-96.797882, 32.7929983]]}, "properties": {"class": "secondary"}}, {"type": "Feature", "geometry": {"type": "LineString", "coordinates": [[-96.8008206, 32.8005995], [-96.8008543, 32.800805]]}, "properties": {"class": "tertiary"}}, {"type": "Feature", "geometry": {"type": "LineString", "coordinates": [[-96.8010198, 32.8016727], [-96.8010226, 32.8017218], [-96.8010166, 32.8017661], [-96.8010094, 32.8018029], [-96.8009876, 32.8018652], [-96.8009168, 32.801988], [-96.8007647, 32.8022117], [-96.8005467, 32.8025325], [-96.8003857, 32.8027694], [-96.8002726, 32.8029366], [-96.8002339, 32.8029954]]}, "properties": {"class": "tertiary"}}, {"type": "Feature", "geometry": {"type": "LineString", "coordinates": [[-96.7950971, 32.7858451], [-96.7945714, 32.785394], [-96.7944786, 32.7853276], [-96.7943777, 32.7852735], [-96.7942703, 32.7852259], [-96.794077, 32.7851572], [-96.7939563, 32.7851199], [-96.7938685, 32.7850967], [-96.7937472, 32.7850617], [-96.7936386, 32.7850358]]}, "properties": {"class": "secondary"}}, {"type": "Feature", "geometry": {"type": "LineString", "coordinates": [[-96.7952301, 32.7859644], [-96.7952073, 32.7859445], [-96.7951437, 32.7858868], [-96.7950971, 32.7858451]]}, "properties": {"class": "secondary"}}, {"type": "Feature", "geometry": {"type": "LineString", "coordinates": [[-96.7951271, 32.7860549], [-96.7951613, 32.7860817], [-96.7954839, 32.7863511]]}, "properties": {"class": "secondary"}}, {"type": "Feature", "geometry": {"type": "LineString", "coordinates": [[-96.795, 32.7859473], [-96.7950369, 32.7859794], [-96.7951047, 32.7860346], [-96.7951271, 32.7860549]]}, "properties": {"class": "secondary"}}, {"type": "Feature", "geometry": {"type": "LineString", "coordinates": [[-96.8023135, 32.7887147], [-96.8019688, 32.7890014]]}, "properties": {"class": "motorway"}}, {"type": "Feature", "geometry": {"type": "LineString", "coordinates": [[-96.8019688, 32.7890014], [-96.8000398, 32.7906221]]}, "properties": {"class": "motorway"}}, {"type": "Feature", "geometry": {"type": "LineString", "coordinates": [[-96.8012231, 32.7898912], [-96.8027101, 32.7886324]]}, "properties": {"class": "motorway"}}, {"type": "Feature", "geometry": {"type": "LineString", "coordinates": [[-96.8018184, 32.7751073], [-96.8017508, 32.7748592], [-96.8017145, 32.7747261]]}, "properties": {"class": "secondary"}}, {"type": "Feature", "geometry": {"type": "LineString", "coordinates": [[-96.8016025, 32.7749798], [-96.801628, 32.7750746]]}, "properties": {"class": "secondary"}}, {"type": "Feature", "geometry": {"type": "LineString", "coordinates": [[-96.8025606, 32.7784052], [-96.8025818, 32.7784759], [-96.802736, 32.779022], [-96.8027601, 32.7791117], [-96.8027704, 32.7792025], [-96.8028305, 32.7798001], [-96.802839, 32.7798868]]}, "properties": {"class": "secondary"}}, {"type": "Feature", "geometry": {"type": "LineString", "coordinates": [[-96.8017145, 32.7747261], [-96.8016971, 32.7746628]]}, "properties": {"class": "secondary"}}, {"type": "Feature", "geometry": {"type": "LineString", "coordinates": [[-96.8015602, 32.7747604], [-96.8015845, 32.7748864], [-96.8016025, 32.7749798]]}, "properties": {"class": "secondary"}}, {"type": "Feature", "geometry": {"type": "LineString", "coordinates": [[-96.793071, 32.7970259], [-96.7930708, 32.79695]]}, "properties": {"class": "motorway"}}, {"type": "Feature", "geometry": {"type": "LineString", "coordinates": [[-96.8074395, 32.7893466], [-96.8072668, 32.7891737]]}, "properties": {"class": "secondary"}}, {"type": "Feature", "geometry": {"type": "LineString", "coordinates": [[-96.8072668, 32.7891737], [-96.8072377, 32.7891467], [-96.8071682, 32.7890778], [-96.8071293, 32.7890401], [-96.806686, 32.788632]]}, "properties": {"class": "secondary"}}, {"type": "Feature", "geometry": {"type": "LineString", "coordinates": [[-96.806686, 32.788632], [-96.806612, 32.788552], [-96.80657, 32.788489], [-96.806542, 32.78842], [-96.8065211, 32.7883506], [-96.8065127, 32.7883187], [-96.806479, 32.788204]]}, "properties": {"class": "secondary"}}, {"type": "Feature", "geometry": {"type": "LineString", "coordinates": [[-96.7910377, 32.7880824], [-96.7910862, 32.7881165], [-96.7912949, 32.7882555], [-96.7914973, 32.7883787]]}, "properties": {"class": "secondary"}}, {"type": "Feature", "geometry": {"type": "LineString", "coordinates": [[-96.7916713, 32.7899664], [-96.7917399, 32.79102], [-96.7917445, 32.7910906]]}, "properties": {"class": "secondary"}}, {"type": "Feature", "geometry": {"type": "LineString", "coordinates": [[-96.8006518, 32.7891626], [-96.800744, 32.7892439], [-96.800918, 32.7893973], [-96.8009767, 32.789449]]}, "properties": {"class": "secondary"}}, {"type": "Feature", "geometry": {"type": "LineString", "coordinates": [[-96.8080289, 32.7896534], [-96.8078827, 32.7897621], [-96.8078473, 32.7897889], [-96.8077807, 32.7898425]]}, "properties": {"class": "tertiary"}}, {"type": "Feature", "geometry": {"type": "LineString", "coordinates": [[-96.8101257, 32.7735222], [-96.8104212, 32.7750074], [-96.8104363, 32.7750661]]}, "properties": {"class": "secondary"}}, {"type": "Feature", "geometry": {"type": "LineString", "coordinates": [[-96.7978702, 32.780137], [-96.7977489, 32.780161], [-96.7976976, 32.7801711], [-96.7976102, 32.7801897], [-96.7969747, 32.7803252], [-96.7968916, 32.7803427]]}, "properties": {"class": "secondary"}}, {"type": "Feature", "geometry": {"type": "LineString", "coordinates": [[-96.8052851, 32.7994179], [-96.8054192, 32.7995336]]}, "properties": {"class": "residential"}}, {"type": "Feature", "geometry": {"type": "LineString", "coordinates": [[-96.8054163, 32.7994057], [-96.8054154, 32.7993639], [-96.8054268, 32.7991931], [-96.8054647, 32.7989418], [-96.805478, 32.79884]]}, "properties": {"class": "secondary"}}, {"type": "Feature", "geometry": {"type": "LineString", "coordinates": [[-96.8190684, 32.8026515], [-96.818575, 32.8020546], [-96.8185575, 32.8020342], [-96.8182339, 32.801642]]}, "properties": {"class": "primary"}}, {"type": "Feature", "geometry": {"type": "LineString", "coordinates": [[-96.8155821, 32.7942209], [-96.815451, 32.7942346], [-96.8152977, 32.7942502]]}, "properties": {"class": "tertiary"}}, {"type": "Feature", "geometry": {"type": "LineString", "coordinates": [[-96.8015151, 32.7816938], [-96.8015063, 32.781664], [-96.8013396, 32.7810876], [-96.8012138, 32.7810215]]}, "properties": {"class": "tertiary"}}, {"type": "Feature", "geometry": {"type": "LineString", "coordinates": [[-96.8015475, 32.781806], [-96.8015355, 32.7817667], [-96.8015219, 32.7817188], [-96.8015151, 32.7816938]]}, "properties": {"class": "tertiary"}}, {"type": "Feature", "geometry": {"type": "LineString", "coordinates": [[-96.8015692, 32.7821932], [-96.8016433, 32.7824209], [-96.8017292, 32.7826768], [-96.801748, 32.7827377], [-96.801776, 32.7827967], [-96.8018456, 32.7829742]]}, "properties": {"class": "tertiary"}}, {"type": "Feature", "geometry": {"type": "LineString", "coordinates": [[-96.7954839, 32.7863511], [-96.7960475, 32.7868218], [-96.7963619, 32.7870843], [-96.7966894, 32.7873577], [-96.7967538, 32.7874115]]}, "properties": {"class": "secondary"}}, {"type": "Feature", "geometry": {"type": "LineString", "coordinates": [[-96.8127457, 32.7745658], [-96.8126708, 32.7745885]]}, "properties": {"class": "tertiary"}}, {"type": "Feature", "geometry": {"type": "LineString", "coordinates": [[-96.8129624, 32.7745058], [-96.8127457, 32.7745658]]}, "properties": {"class": "tertiary"}}, {"type": "Feature", "geometry": {"type": "LineString", "coordinates": [[-96.8127198, 32.7747259], [-96.8127989, 32.7747117]]}, "properties": {"class": "tertiary"}}, {"type": "Feature", "geometry": {"type": "LineString", "coordinates": [[-96.8127989, 32.7747117], [-96.8131027, 32.7746566], [-96.8131824, 32.7746246]]}, "properties": {"class": "tertiary"}}, {"type": "Feature", "geometry": {"type": "LineString", "coordinates": [[-96.8124903, 32.774767], [-96.8127198, 32.7747259]]}, "properties": {"class": "tertiary"}}, {"type": "Feature", "geometry": {"type": "LineString", "coordinates": [[-96.7811108, 32.7836346], [-96.7811063, 32.7836355], [-96.7809534, 32.7836644]]}, "properties": {"class": "secondary"}}, {"type": "Feature", "geometry": {"type": "LineString", "coordinates": [[-96.7809534, 32.7836644], [-96.7804715, 32.7837553], [-96.7803985, 32.7837696], [-96.7803448, 32.7837792], [-96.7801894, 32.7838086], [-96.7797417, 32.7838933], [-96.7791693, 32.7839688], [-96.7787405, 32.7840553], [-96.7786159, 32.7840806]]}, "properties": {"class": "secondary"}}, {"type": "Feature", "geometry": {"type": "LineString", "coordinates": [[-96.79588, 32.776935], [-96.7959071, 32.7770117], [-96.796113, 32.7776013]]}, "properties": {"class": "secondary"}}, {"type": "Feature", "geometry": {"type": "LineString", "coordinates": [[-96.8083573, 32.7516928], [-96.8083578, 32.7520293], [-96.8083548, 32.752554], [-96.8083563, 32.7527972], [-96.8083605, 32.7529659], [-96.8083592, 32.753126], [-96.808346, 32.7538191], [-96.8083467, 32.7538426], [-96.8083456, 32.7544048], [-96.8083462, 32.7547827]]}, "properties": {"class": "residential"}}, {"type": "Feature", "geometry": {"type": "LineString", "coordinates": [[-96.8118171, 32.7750914], [-96.811748, 32.7746292]]}, "properties": {"class": "motorway"}}, {"type": "Feature", "geometry": {"type": "LineString", "coordinates": [[-96.7937474, 32.7992888], [-96.7934952, 32.7990479], [-96.793423, 32.79898]]}, "properties": {"class": "tertiary"}}, {"type": "Feature", "geometry": {"type": "LineString", "coordinates": [[-96.8067685, 32.7675166], [-96.8063706, 32.7674179]]}, "properties": {"class": "secondary"}}, {"type": "Feature", "geometry": {"type": "LineString", "coordinates": [[-96.798295, 32.7931735], [-96.7981538, 32.7931318], [-96.7980101, 32.7930769], [-96.797986, 32.7930645], [-96.797882, 32.7929983]]}, "properties": {"class": "secondary"}}, {"type": "Feature", "geometry": {"type": "LineString", "coordinates": [[-96.8056042, 32.7930444], [-96.8056634, 32.7930529], [-96.8057248, 32.7930744], [-96.8057955, 32.7931088], [-96.8063349, 32.7934835]]}, "properties": {"class": "secondary"}}, {"type": "Feature", "geometry": {"type": "LineString", "coordinates": [[-96.8044899, 32.7931467], [-96.8049601, 32.7931032], [-96.8049895, 32.7931005], [-96.805106, 32.7930841]]}, "properties": {"class": "secondary"}}, {"type": "Feature", "geometry": {"type": "LineString", "coordinates": [[-96.8028426, 32.7929565], [-96.802858, 32.7929641], [-96.8029269, 32.7930011], [-96.8031141, 32.7930747], [-96.8032801, 32.7931242], [-96.8034491, 32.7931591], [-96.8035914, 32.7931772], [-96.8037143, 32.7931846], [-96.8038444, 32.7931875], [-96.804108, 32.793182], [-96.8042975, 32.7931679], [-96.8044899, 32.7931467]]}, "properties": {"class": "secondary"}}, {"type": "Feature", "geometry": {"type": "LineString", "coordinates": [[-96.8028426, 32.7929565], [-96.8028185, 32.7930277], [-96.8026935, 32.7934107], [-96.8025492, 32.7938515], [-96.8025101, 32.7939622]]}, "properties": {"class": "tertiary"}}, {"type": "Feature", "geometry": {"type": "LineString", "coordinates": [[-96.8025099, 32.7927391], [-96.8025863, 32.7927991], [-96.8026699, 32.7928573], [-96.8027549, 32.7929064], [-96.8028301, 32.7929485], [-96.8028426, 32.7929565]]}, "properties": {"class": "secondary"}}, {"type": "Feature", "geometry": {"type": "LineString", "coordinates": [[-96.8021638, 32.7924049], [-96.8024344, 32.7926768], [-96.8025099, 32.7927391]]}, "properties": {"class": "secondary"}}, {"type": "Feature", "geometry": {"type": "LineString", "coordinates": [[-96.8021638, 32.7924049], [-96.8020921, 32.7924625], [-96.8019948, 32.7925461], [-96.8017268, 32.7927719], [-96.8016567, 32.792831], [-96.8014683, 32.7929897], [-96.8012775, 32.7931505], [-96.8010788, 32.7933174], [-96.800999, 32.7933793]]}, "properties": {"class": "residential"}}, {"type": "Feature", "geometry": {"type": "LineString", "coordinates": [[-96.8018988, 32.7921559], [-96.8021638, 32.7924049]]}, "properties": {"class": "secondary"}}, {"type": "Feature", "geometry": {"type": "LineString", "coordinates": [[-96.8005168, 32.790849], [-96.800577, 32.7909034], [-96.8007016, 32.7910308], [-96.8018988, 32.7921559]]}, "properties": {"class": "secondary"}}, {"type": "Feature", "geometry": {"type": "LineString", "coordinates": [[-96.8005168, 32.790849], [-96.8006327, 32.7907525]]}, "properties": {"class": "secondary"}}, {"type": "Feature", "geometry": {"type": "LineString", "coordinates": [[-96.8054678, 32.7968287], [-96.805436, 32.7964853], [-96.8054279, 32.7963677]]}, "properties": {"class": "secondary"}}, {"type": "Feature", "geometry": {"type": "LineString", "coordinates": [[-96.8054279, 32.7963677], [-96.8055028, 32.7964364], [-96.8058094, 32.7966979], [-96.8061892, 32.7970157], [-96.8063901, 32.7971848], [-96.8064369, 32.7972264]]}, "properties": {"class": "secondary"}}, {"type": "Feature", "geometry": {"type": "LineString", "coordinates": [[-96.8054279, 32.7963677], [-96.8054123, 32.7962303], [-96.8053902, 32.795993], [-96.8053471, 32.7955298]]}, "properties": {"class": "secondary"}}, {"type": "Feature", "geometry": {"type": "LineString", "coordinates": [[-96.8053471, 32.7955298], [-96.8053336, 32.7953859]]}, "properties": {"class": "secondary"}}, {"type": "Feature", "geometry": {"type": "LineString", "coordinates": [[-96.8053336, 32.7953859], [-96.8053167, 32.7952043], [-96.8052759, 32.7947688], [-96.8052588, 32.7945821], [-96.8051894, 32.7944369]]}, "properties": {"class": "secondary"}}, {"type": "Feature", "geometry": {"type": "LineString", "coordinates": [[-96.796115, 32.7805047], [-96.7960305, 32.7805244], [-96.7955541, 32.7806297], [-96.7954702, 32.7806483]]}, "properties": {"class": "secondary"}}, {"type": "Feature", "geometry": {"type": "LineString", "coordinates": [[-96.8051762, 32.7949188], [-96.8052031, 32.795209]]}, "properties": {"class": "secondary"}}, {"type": "Feature", "geometry": {"type": "LineString", "coordinates": [[-96.8052031, 32.795209], [-96.8052199, 32.7953914], [-96.8052431, 32.7956423]]}, "properties": {"class": "secondary"}}, {"type": "Feature", "geometry": {"type": "LineString", "coordinates": [[-96.8020244, 32.7758823], [-96.8019824, 32.7757224], [-96.8019257, 32.7755063], [-96.8019014, 32.7754162], [-96.8018947, 32.7753912]]}, "properties": {"class": "secondary"}}, {"type": "Feature", "geometry": {"type": "LineString", "coordinates": [[-96.8018947, 32.7753912], [-96.8018184, 32.7751073]]}, "properties": {"class": "secondary"}}, {"type": "Feature", "geometry": {"type": "LineString", "coordinates": [[-96.7922426, 32.7894473], [-96.7922119, 32.7889805], [-96.7922091, 32.7889376]]}, "properties": {"class": "primary"}}, {"type": "Feature", "geometry": {"type": "LineString", "coordinates": [[-96.8025341, 32.7908845], [-96.8025608, 32.7909091], [-96.8032212, 32.7915218], [-96.8032665, 32.7915764], [-96.8032823, 32.7915905], [-96.8032946, 32.7916015]]}, "properties": {"class": "secondary"}}, {"type": "Feature", "geometry": {"type": "LineString", "coordinates": [[-96.7777614, 32.7858503], [-96.7790023, 32.785603], [-96.7791226, 32.785579]]}, "properties": {"class": "secondary"}}, {"type": "Feature", "geometry": {"type": "LineString", "coordinates": [[-96.7911882, 32.7738782], [-96.7911065, 32.7739058]]}, "properties": {"class": "secondary"}}, {"type": "Feature", "geometry": {"type": "LineString", "coordinates": [[-96.7730085, 32.7866059], [-96.7730378, 32.7865539]]}, "properties": {"class": "secondary"}}, {"type": "Feature", "geometry": {"type": "LineString", "coordinates": [[-96.7781129, 32.7909662], [-96.7781641, 32.791009], [-96.7782071, 32.791045]]}, "properties": {"class": "tertiary"}}, {"type": "Feature", "geometry": {"type": "LineString", "coordinates": [[-96.800828, 32.7999863], [-96.8008264, 32.7999982], [-96.8008247, 32.8000307]]}, "properties": {"class": "tertiary"}}, {"type": "Feature", "geometry": {"type": "LineString", "coordinates": [[-96.8012306, 32.8001018], [-96.8014324, 32.799935], [-96.8017389, 32.7996815]]}, "properties": {"class": "residential"}}, {"type": "Feature", "geometry": {"type": "LineString", "coordinates": [[-96.8138383, 32.7806757], [-96.8139286, 32.7809308], [-96.8139926, 32.7810754]]}, "properties": {"class": "secondary"}}, {"type": "Feature", "geometry": {"type": "LineString", "coordinates": [[-96.7836485, 32.7771748], [-96.7831288, 32.7777052]]}, "properties": {"class": "motorway"}}, {"type": "Feature", "geometry": {"type": "LineString", "coordinates": [[-96.7831288, 32.7777052], [-96.7826781, 32.778154], [-96.7823594, 32.7784538]]}, "properties": {"class": "motorway"}}, {"type": "Feature", "geometry": {"type": "LineString", "coordinates": [[-96.776285, 32.801533], [-96.7763475, 32.8015889], [-96.7764956, 32.8017213]]}, "properties": {"class": "residential"}}, {"type": "Feature", "geometry": {"type": "LineString", "coordinates": [[-96.814695, 32.7938694], [-96.8146511, 32.7937257]]}, "properties": {"class": "motorway"}}, {"type": "Feature", "geometry": {"type": "LineString", "coordinates": [[-96.8056953, 32.7869248], [-96.8056464, 32.7868751], [-96.8055628, 32.7867902], [-96.8055385, 32.7867663], [-96.8054702, 32.786696]]}, "properties": {"class": "secondary"}}, {"type": "Feature", "geometry": {"type": "LineString", "coordinates": [[-96.8052592, 32.7958015], [-96.8052718, 32.7959534], [-96.8052873, 32.796121], [-96.8052983, 32.7962529]]}, "properties": {"class": "secondary"}}, {"type": "Feature", "geometry": {"type": "LineString", "coordinates": [[-96.8051399, 32.785982], [-96.8050948, 32.7860202]]}, "properties": {"class": "secondary"}}, {"type": "Feature", "geometry": {"type": "LineString", "coordinates": [[-96.8050948, 32.7860202], [-96.8049734, 32.786122], [-96.8049484, 32.7861436], [-96.8049, 32.786184]]}, "properties": {"class": "secondary"}}, {"type": "Feature", "geometry": {"type": "LineString", "coordinates": [[-96.7900997, 32.7825737], [-96.7902806, 32.782536]]}, "properties": {"class": "secondary"}}, {"type": "Feature", "geometry": {"type": "LineString", "coordinates": [[-96.8082511, 32.7951307], [-96.8085464, 32.7953971], [-96.8085935, 32.7954389]]}, "properties": {"class": "secondary"}}, {"type": "Feature", "geometry": {"type": "LineString", "coordinates": [[-96.8168873, 32.8002276], [-96.8169498, 32.8003058]]}, "properties": {"class": "primary"}}, {"type": "Feature", "geometry": {"type": "LineString", "coordinates": [[-96.8169498, 32.8003058], [-96.8170007, 32.8003695], [-96.8170664, 32.8004517]]}, "properties": {"class": "primary"}}, {"type": "Feature", "geometry": {"type": "LineString", "coordinates": [[-96.8170596, 32.800247], [-96.8169922, 32.8001629]]}, "properties": {"class": "primary"}}, {"type": "Feature", "geometry": {"type": "LineString", "coordinates": [[-96.8169922, 32.8001629], [-96.8165044, 32.7995538], [-96.8163515, 32.7993847], [-96.8159718, 32.7990329]]}, "properties": {"class": "primary"}}, {"type": "Feature", "geometry": {"type": "LineString", "coordinates": [[-96.7967165, 32.7796424], [-96.7967291, 32.7797224], [-96.7968717, 32.780268], [-96.7968916, 32.7803427]]}, "properties": {"class": "secondary"}}, {"type": "Feature", "geometry": {"type": "LineString", "coordinates": [[-96.7967165, 32.7796424], [-96.7967922, 32.7796213], [-96.7969698, 32.7795833], [-96.7972554, 32.7795227], [-96.7974516, 32.7794811], [-96.7974836, 32.7794743]]}, "properties": {"class": "residential"}}, {"type": "Feature", "geometry": {"type": "LineString", "coordinates": [[-96.7872895, 32.7771324], [-96.7874177, 32.7773658]]}, "properties": {"class": "primary"}}, {"type": "Feature", "geometry": {"type": "LineString", "coordinates": [[-96.8027101, 32.7886324], [-96.8030242, 32.7883665]]}, "properties": {"class": "motorway"}}, {"type": "Feature", "geometry": {"type": "LineString", "coordinates": [[-96.8072264, 32.7767927], [-96.8072107, 32.7767348], [-96.807185, 32.7766361]]}, "properties": {"class": "secondary"}}, {"type": "Feature", "geometry": {"type": "LineString", "coordinates": [[-96.788074, 32.778114], [-96.787981, 32.777941], [-96.7879401, 32.7778287], [-96.787902, 32.777698], [-96.787898, 32.7776615], [-96.7878943, 32.7775655], [-96.7879061, 32.7773994]]}, "properties": {"class": "primary"}}, {"type": "Feature", "geometry": {"type": "LineString", "coordinates": [[-96.7934352, 32.799149], [-96.793423, 32.79898]]}, "properties": {"class": "secondary"}}, {"type": "Feature", "geometry": {"type": "LineString", "coordinates": [[-96.7916903, 32.7838721], [-96.791531, 32.7839146]]}, "properties": {"class": "tertiary"}}, {"type": "Feature", "geometry": {"type": "LineString", "coordinates": [[-96.8103549, 32.7585677], [-96.81038, 32.7584386], [-96.8103908, 32.7583636], [-96.8104032, 32.7582292], [-96.8104137, 32.7580338], [-96.8104182, 32.7579493], [-96.810398, 32.7576279], [-96.810344, 32.7573018], [-96.8102179, 32.75674]]}, "properties": {"class": "secondary"}}, {"type": "Feature", "geometry": {"type": "LineString", "coordinates": [[-96.792195, 32.7885088], [-96.7921907, 32.7884252], [-96.7921863, 32.7883407]]}, "properties": {"class": "primary"}}, {"type": "Feature", "geometry": {"type": "LineString", "coordinates": [[-96.7787948, 32.7752079], [-96.7788624, 32.7753048], [-96.7789326, 32.775399], [-96.7790037, 32.7754914], [-96.7790795, 32.7755838], [-96.7791569, 32.7756764], [-96.7793089, 32.7758544]]}, "properties": {"class": "motorway"}}, {"type": "Feature", "geometry": {"type": "LineString", "coordinates": [[-96.7923212, 32.7980715], [-96.7922211, 32.7980429]]}, "properties": {"class": "tertiary"}}, {"type": "Feature", "geometry": {"type": "LineString", "coordinates": [[-96.8188993, 32.7980947], [-96.818816, 32.7980459], [-96.8182865, 32.7977403], [-96.8178432, 32.7974982], [-96.8177469, 32.7974461]]}, "properties": {"class": "secondary"}}, {"type": "Feature", "geometry": {"type": "LineString", "coordinates": [[-96.8067469, 32.7845985], [-96.8065038, 32.7848154]]}, "properties": {"class": "secondary"}}, {"type": "Feature", "geometry": {"type": "LineString", "coordinates": [[-96.8050498, 32.7929774], [-96.805106, 32.7930841]]}, "properties": {"class": "secondary"}}, {"type": "Feature", "geometry": {"type": "LineString", "coordinates": [[-96.8074884, 32.7840346], [-96.8075342, 32.7841451], [-96.8079207, 32.7844615]]}, "properties": {"class": "secondary"}}, {"type": "Feature", "geometry": {"type": "LineString", "coordinates": [[-96.8085973, 32.7850603], [-96.8086959, 32.785148], [-96.808731, 32.7851789], [-96.8088178, 32.7852387], [-96.8088268, 32.7852449], [-96.8089136, 32.7852913]]}, "properties": {"class": "secondary"}}, {"type": "Feature", "geometry": {"type": "LineString", "coordinates": [[-96.799202, 32.7727314], [-96.7993615, 32.7726333], [-96.7994215, 32.7725882], [-96.799703, 32.772377]]}, "properties": {"class": "secondary"}}, {"type": "Feature", "geometry": {"type": "LineString", "coordinates": [[-96.7991027, 32.7726953], [-96.7991422, 32.7727109], [-96.799202, 32.7727314]]}, "properties": {"class": "secondary"}}, {"type": "Feature", "geometry": {"type": "LineString", "coordinates": [[-96.799202, 32.7727314], [-96.7993039, 32.7727667], [-96.7996834, 32.7728983], [-96.8001664, 32.7730294]]}, "properties": {"class": "secondary"}}, {"type": "Feature", "geometry": {"type": "LineString", "coordinates": [[-96.8008421, 32.7732886], [-96.8009464, 32.7733624]]}, "properties": {"class": "secondary"}}, {"type": "Feature", "geometry": {"type": "LineString", "coordinates": [[-96.8127938, 32.7734018], [-96.8129679, 32.773817], [-96.813032, 32.7739941], [-96.8130559, 32.7740641], [-96.8130955, 32.7741818], [-96.8131274, 32.774326], [-96.8131551, 32.774472]]}, "properties": {"class": "secondary"}}, {"type": "Feature", "geometry": {"type": "LineString", "coordinates": [[-96.8118157, 32.7712756], [-96.8119907, 32.7716511]]}, "properties": {"class": "secondary"}}, {"type": "Feature", "geometry": {"type": "LineString", "coordinates": [[-96.8119907, 32.7716511], [-96.8121819, 32.7720817], [-96.8122373, 32.7722085]]}, "properties": {"class": "secondary"}}, {"type": "Feature", "geometry": {"type": "LineString", "coordinates": [[-96.8122373, 32.7722085], [-96.8125179, 32.7728128]]}, "properties": {"class": "secondary"}}, {"type": "Feature", "geometry": {"type": "LineString", "coordinates": [[-96.812727, 32.7732574], [-96.8127938, 32.7734018]]}, "properties": {"class": "secondary"}}, {"type": "Feature", "geometry": {"type": "LineString", "coordinates": [[-96.7714554, 32.7557336], [-96.771729, 32.756295], [-96.7722543, 32.757254], [-96.7725931, 32.7579175]]}, "properties": {"class": "secondary"}}, {"type": "Feature", "geometry": {"type": "LineString", "coordinates": [[-96.7863565, 32.783366], [-96.7863795, 32.7834577], [-96.7864235, 32.7836681], [-96.7864333, 32.7837083]]}, "properties": {"class": "secondary"}}, {"type": "Feature", "geometry": {"type": "LineString", "coordinates": [[-96.7862654, 32.7830386], [-96.786332, 32.783268], [-96.7863565, 32.783366]]}, "properties": {"class": "secondary"}}, {"type": "Feature", "geometry": {"type": "LineString", "coordinates": [[-96.7985397, 32.7800045], [-96.7984138, 32.7800294]]}, "properties": {"class": "secondary"}}, {"type": "Feature", "geometry": {"type": "LineString", "coordinates": [[-96.7984138, 32.7800294], [-96.7978702, 32.780137]]}, "properties": {"class": "secondary"}}, {"type": "Feature", "geometry": {"type": "LineString", "coordinates": [[-96.8071809, 32.7797728], [-96.8072579, 32.7797569], [-96.8079667, 32.7796065], [-96.8080637, 32.7795692]]}, "properties": {"class": "secondary"}}, {"type": "Feature", "geometry": {"type": "LineString", "coordinates": [[-96.787444, 32.7851972], [-96.7876682, 32.7853586]]}, "properties": {"class": "secondary"}}, {"type": "Feature", "geometry": {"type": "LineString", "coordinates": [[-96.7876682, 32.7853586], [-96.7877585, 32.7854277]]}, "properties": {"class": "secondary"}}, {"type": "Feature", "geometry": {"type": "LineString", "coordinates": [[-96.7864992, 32.7818014], [-96.7864821, 32.7816321]]}, "properties": {"class": "secondary"}}, {"type": "Feature", "geometry": {"type": "LineString", "coordinates": [[-96.7864821, 32.7816321], [-96.7862324, 32.7816451], [-96.7859478, 32.7816593]]}, "properties": {"class": "secondary"}}, {"type": "Feature", "geometry": {"type": "LineString", "coordinates": [[-96.8022514, 32.7768426], [-96.8022276, 32.7767253]]}, "properties": {"class": "secondary"}}, {"type": "Feature", "geometry": {"type": "LineString", "coordinates": [[-96.8095121, 32.7853739], [-96.8095829, 32.7853635], [-96.8096734, 32.7853483], [-96.8097897, 32.7853244], [-96.8098861, 32.7853046]]}, "properties": {"class": "secondary"}}, {"type": "Feature", "geometry": {"type": "LineString", "coordinates": [[-96.8041248, 32.7835601], [-96.8040781, 32.7833268]]}, "properties": {"class": "secondary"}}, {"type": "Feature", "geometry": {"type": "LineString", "coordinates": [[-96.795675, 32.786337], [-96.7952956, 32.7860188], [-96.7952661, 32.7859951], [-96.7952301, 32.7859644]]}, "properties": {"class": "secondary"}}, {"type": "Feature", "geometry": {"type": "LineString", "coordinates": [[-96.8008968, 32.7852181], [-96.8008298, 32.7850009], [-96.8007731, 32.7848129], [-96.800739, 32.7847]]}, "properties": {"class": "secondary"}}, {"type": "Feature", "geometry": {"type": "LineString", "coordinates": [[-96.800739, 32.7847], [-96.8006646, 32.7847676], [-96.8005915, 32.7848358], [-96.8004623, 32.7849563], [-96.8003985, 32.7850158]]}, "properties": {"class": "tertiary"}}, {"type": "Feature", "geometry": {"type": "LineString", "coordinates": [[-96.8043135, 32.7918491], [-96.8044467, 32.7918696], [-96.8048274, 32.7919283], [-96.8048783, 32.791942], [-96.8049172, 32.7919571], [-96.8049411, 32.7919664], [-96.8050025, 32.7919955]]}, "properties": {"class": "secondary"}}, {"type": "Feature", "geometry": {"type": "LineString", "coordinates": [[-96.7995742, 32.7856039], [-96.7995048, 32.7856288], [-96.7993904, 32.7856698], [-96.7991947, 32.7857277], [-96.7989819, 32.7857732]]}, "properties": {"class": "tertiary"}}, {"type": "Feature", "geometry": {"type": "LineString", "coordinates": [[-96.8024252, 32.801834], [-96.8022695, 32.8016942], [-96.8021237, 32.8015633]]}, "properties": {"class": "tertiary"}}, {"type": "Feature", "geometry": {"type": "LineString", "coordinates": [[-96.8015554, 32.8010874], [-96.8011222, 32.8007053], [-96.8010626, 32.8006481]]}, "properties": {"class": "tertiary"}}, {"type": "Feature", "geometry": {"type": "LineString", "coordinates": [[-96.7976374, 32.7838946], [-96.7976096, 32.783871], [-96.7975785, 32.7838435], [-96.7975379, 32.7838116]]}, "properties": {"class": "tertiary"}}, {"type": "Feature", "geometry": {"type": "LineString", "coordinates": [[-96.7975379, 32.7838116], [-96.7974392, 32.7837395]]}, "properties": {"class": "tertiary"}}, {"type": "Feature", "geometry": {"type": "LineString", "coordinates": [[-96.7965131, 32.7830782], [-96.7963178, 32.7829515], [-96.7961724, 32.7828634]]}, "properties": {"class": "tertiary"}}, {"type": "Feature", "geometry": {"type": "LineString", "coordinates": [[-96.7967146, 32.7832075], [-96.7965131, 32.7830782]]}, "properties": {"class": "tertiary"}}, {"type": "Feature", "geometry": {"type": "LineString", "coordinates": [[-96.8022276, 32.7767253], [-96.802053, 32.77673]]}, "properties": {"class": "secondary"}}, {"type": "Feature", "geometry": {"type": "LineString", "coordinates": [[-96.801628, 32.7750746], [-96.801746, 32.7755481], [-96.8018299, 32.7758515], [-96.8019618, 32.7763644]]}, "properties": {"class": "secondary"}}, {"type": "Feature", "geometry": {"type": "LineString", "coordinates": [[-96.8013284, 32.7768902], [-96.8014695, 32.776872], [-96.8017535, 32.7768537], [-96.8019821, 32.7768389], [-96.8020817, 32.7768346]]}, "properties": {"class": "secondary"}}, {"type": "Feature", "geometry": {"type": "LineString", "coordinates": [[-96.8147257, 32.7838808], [-96.8147872, 32.7838789], [-96.8151247, 32.7838668], [-96.8154401, 32.7838541], [-96.8154906, 32.7838493], [-96.8156458, 32.783845]]}, "properties": {"class": "secondary"}}, {"type": "Feature", "geometry": {"type": "LineString", "coordinates": [[-96.8069287, 32.7757945], [-96.8068137, 32.7758581]]}, "properties": {"class": "secondary"}}, {"type": "Feature", "geometry": {"type": "LineString", "coordinates": [[-96.7962352, 32.7779747], [-96.7963419, 32.7779788], [-96.796434, 32.7779655], [-96.7968634, 32.7778547]]}, "properties": {"class": "secondary"}}, {"type": "Feature", "geometry": {"type": "LineString", "coordinates": [[-96.7979911, 32.7775936], [-96.7986481, 32.7774415], [-96.7987317, 32.7774239]]}, "properties": {"class": "secondary"}}, {"type": "Feature", "geometry": {"type": "LineString", "coordinates": [[-96.820272, 32.7585921], [-96.8201377, 32.7587112], [-96.8201006, 32.758744], [-96.819665, 32.7591262]]}, "properties": {"class": "secondary"}}, {"type": "Feature", "geometry": {"type": "LineString", "coordinates": [[-96.819665, 32.7591262], [-96.8194673, 32.7592997]]}, "properties": {"class": "secondary"}}, {"type": "Feature", "geometry": {"type": "LineString", "coordinates": [[-96.8185268, 32.7600138], [-96.8182012, 32.7602842]]}, "properties": {"class": "secondary"}}, {"type": "Feature", "geometry": {"type": "LineString", "coordinates": [[-96.8182012, 32.7602842], [-96.8179937, 32.7604335], [-96.8178643, 32.760528]]}, "properties": {"class": "secondary"}}, {"type": "Feature", "geometry": {"type": "LineString", "coordinates": [[-96.8086531, 32.7813972], [-96.8086266, 32.7813039], [-96.8085826, 32.781149], [-96.8085605, 32.7810711]]}, "properties": {"class": "secondary"}}, {"type": "Feature", "geometry": {"type": "LineString", "coordinates": [[-96.814748, 32.7968505], [-96.8148117, 32.7970152], [-96.8149297, 32.7972158], [-96.8150148, 32.7973589]]}, "properties": {"class": "tertiary"}}, {"type": "Feature", "geometry": {"type": "LineString", "coordinates": [[-96.8150148, 32.7973589], [-96.8150276, 32.7974035], [-96.8150531, 32.7975579], [-96.8150558, 32.797669], [-96.815035, 32.7978088]]}, "properties": {"class": "tertiary"}}, {"type": "Feature", "geometry": {"type": "LineString", "coordinates": [[-96.7883246, 32.7855276], [-96.788129, 32.785378], [-96.7880272, 32.7853033]]}, "properties": {"class": "secondary"}}, {"type": "Feature", "geometry": {"type": "LineString", "coordinates": [[-96.8099773, 32.7889673], [-96.8103003, 32.7889511], [-96.8108416, 32.7889273], [-96.8109637, 32.7889232]]}, "properties": {"class": "tertiary"}}, {"type": "Feature", "geometry": {"type": "LineString", "coordinates": [[-96.8055438, 32.7898448], [-96.805528, 32.789814], [-96.805488, 32.789766], [-96.8053811, 32.7896757]]}, "properties": {"class": "secondary"}}, {"type": "Feature", "geometry": {"type": "LineString", "coordinates": [[-96.797882, 32.7929983], [-96.797941, 32.7929503], [-96.7980342, 32.7928764]]}, "properties": {"class": "secondary"}}, {"type": "Feature", "geometry": {"type": "LineString", "coordinates": [[-96.8005866, 32.7828969], [-96.8005612, 32.7829073], [-96.8003343, 32.7829591], [-96.800255, 32.7829772]]}, "properties": {"class": "residential"}}, {"type": "Feature", "geometry": {"type": "LineString", "coordinates": [[-96.8146107, 32.7984953], [-96.8148134, 32.7983555]]}, "properties": {"class": "tertiary"}}, {"type": "Feature", "geometry": {"type": "LineString", "coordinates": [[-96.8148134, 32.7983555], [-96.8147069, 32.7982921]]}, "properties": {"class": "primary"}}, {"type": "Feature", "geometry": {"type": "LineString", "coordinates": [[-96.815036, 32.7984783], [-96.8148756, 32.7983908], [-96.8148134, 32.7983555]]}, "properties": {"class": "primary"}}, {"type": "Feature", "geometry": {"type": "LineString", "coordinates": [[-96.8070278, 32.7918142], [-96.8069726, 32.7917697]]}, "properties": {"class": "secondary"}}, {"type": "Feature", "geometry": {"type": "LineString", "coordinates": [[-96.8059686, 32.7913526], [-96.8061306, 32.791213], [-96.8061534, 32.7911945], [-96.806224, 32.791136]]}, "properties": {"class": "secondary"}}, {"type": "Feature", "geometry": {"type": "LineString", "coordinates": [[-96.8035224, 32.7930455], [-96.8033428, 32.7930167], [-96.8032182, 32.79298], [-96.8031214, 32.7929477], [-96.8029635, 32.7928759]]}, "properties": {"class": "secondary"}}, {"type": "Feature", "geometry": {"type": "LineString", "coordinates": [[-96.8027946, 32.7927936], [-96.8027492, 32.7927645], [-96.8026888, 32.7927233], [-96.8026434, 32.7926855], [-96.8025566, 32.7926042]]}, "properties": {"class": "secondary"}}, {"type": "Feature", "geometry": {"type": "LineString", "coordinates": [[-96.8029635, 32.7928759], [-96.8028976, 32.7928443], [-96.8028824, 32.7928369], [-96.8028678, 32.7928297], [-96.8027946, 32.7927936]]}, "properties": {"class": "secondary"}}, {"type": "Feature", "geometry": {"type": "LineString", "coordinates": [[-96.7995246, 32.7898397], [-96.7998953, 32.7902436], [-96.7999131, 32.7902636], [-96.7999598, 32.7903133]]}, "properties": {"class": "secondary"}}, {"type": "Feature", "geometry": {"type": "LineString", "coordinates": [[-96.8004734, 32.7898774], [-96.8001738, 32.7901344], [-96.8001393, 32.7901638], [-96.8000757, 32.7902179]]}, "properties": {"class": "secondary"}}, {"type": "Feature", "geometry": {"type": "LineString", "coordinates": [[-96.796595, 32.792983], [-96.7952171, 32.7936195]]}, "properties": {"class": "secondary"}}, {"type": "Feature", "geometry": {"type": "LineString", "coordinates": [[-96.8030697, 32.7806355], [-96.8030973, 32.7807165], [-96.8032518, 32.781233]]}, "properties": {"class": "secondary"}}, {"type": "Feature", "geometry": {"type": "LineString", "coordinates": [[-96.8030697, 32.7806355], [-96.8032183, 32.7806026]]}, "properties": {"class": "secondary"}}, {"type": "Feature", "geometry": {"type": "LineString", "coordinates": [[-96.8040924, 32.7845991], [-96.8040994, 32.7844872]]}, "properties": {"class": "secondary"}}, {"type": "Feature", "geometry": {"type": "LineString", "coordinates": [[-96.806224, 32.791136], [-96.8059715, 32.790927]]}, "properties": {"class": "secondary"}}, {"type": "Feature", "geometry": {"type": "LineString", "coordinates": [[-96.775743, 32.7846696], [-96.7755214, 32.7846612], [-96.775401, 32.7846474], [-96.7752955, 32.784615], [-96.7751791, 32.7845614], [-96.7750417, 32.7844728]]}, "properties": {"class": "secondary"}}, {"type": "Feature", "geometry": {"type": "LineString", "coordinates": [[-96.8030901, 32.7876675], [-96.8030076, 32.7877349], [-96.8026249, 32.7880469], [-96.8025964, 32.7880709], [-96.8025448, 32.7881149]]}, "properties": {"class": "secondary"}}, {"type": "Feature", "geometry": {"type": "LineString", "coordinates": [[-96.802666, 32.7882153], [-96.8025448, 32.7881149]]}, "properties": {"class": "tertiary"}}, {"type": "Feature", "geometry": {"type": "LineString", "coordinates": [[-96.8006107, 32.7864834], [-96.8002864, 32.7862101], [-96.8001939, 32.7861321]]}, "properties": {"class": "tertiary"}}, {"type": "Feature", "geometry": {"type": "LineString", "coordinates": [[-96.79293, 32.781194], [-96.792599, 32.7812619], [-96.7923402, 32.781315], [-96.7922406, 32.7813346]]}, "properties": {"class": "secondary"}}, {"type": "Feature", "geometry": {"type": "LineString", "coordinates": [[-96.806317, 32.788328], [-96.8063542, 32.7884399], [-96.806392, 32.788517], [-96.806441, 32.788587], [-96.806512, 32.788673], [-96.8066087, 32.7887669]]}, "properties": {"class": "secondary"}}, {"type": "Feature", "geometry": {"type": "LineString", "coordinates": [[-96.8066087, 32.7887669], [-96.8067361, 32.7888855]]}, "properties": {"class": "secondary"}}, {"type": "Feature", "geometry": {"type": "LineString", "coordinates": [[-96.8071682, 32.7890778], [-96.8070456, 32.7891752]]}, "properties": {"class": "residential"}}, {"type": "Feature", "geometry": {"type": "LineString", "coordinates": [[-96.8067361, 32.7888855], [-96.8069768, 32.7891091], [-96.8070056, 32.7891376], [-96.8070456, 32.7891752]]}, "properties": {"class": "secondary"}}, {"type": "Feature", "geometry": {"type": "LineString", "coordinates": [[-96.8037928, 32.7827122], [-96.803822, 32.782811], [-96.8038464, 32.782914], [-96.8038569, 32.7829582], [-96.803878, 32.783047]]}, "properties": {"class": "secondary"}}, {"type": "Feature", "geometry": {"type": "LineString", "coordinates": [[-96.7908643, 32.7799163], [-96.7909093, 32.7799131], [-96.7910133, 32.7799087], [-96.7912236, 32.7799094], [-96.7913157, 32.7799091]]}, "properties": {"class": "secondary"}}, {"type": "Feature", "geometry": {"type": "LineString", "coordinates": [[-96.8014482, 32.7818278], [-96.8014603, 32.7818637], [-96.8015567, 32.7821554], [-96.8015692, 32.7821932]]}, "properties": {"class": "tertiary"}}, {"type": "Feature", "geometry": {"type": "LineString", "coordinates": [[-96.8054389, 32.7769613], [-96.8055388, 32.7769416], [-96.8061847, 32.7768039], [-96.8063111, 32.7767841]]}, "properties": {"class": "secondary"}}, {"type": "Feature", "geometry": {"type": "LineString", "coordinates": [[-96.804771, 32.7862949], [-96.8052461, 32.786753], [-96.8053179, 32.7868158]]}, "properties": {"class": "secondary"}}, {"type": "Feature", "geometry": {"type": "LineString", "coordinates": [[-96.8046972, 32.7859928], [-96.8044979, 32.7858157], [-96.8044226, 32.7857281]]}, "properties": {"class": "secondary"}}, {"type": "Feature", "geometry": {"type": "LineString", "coordinates": [[-96.8148134, 32.7983555], [-96.8148636, 32.7983006], [-96.8149558, 32.7981993]]}, "properties": {"class": "tertiary"}}, {"type": "Feature", "geometry": {"type": "LineString", "coordinates": [[-96.8150408, 32.7980975], [-96.8150807, 32.7980331], [-96.8151175, 32.7979646], [-96.8151647, 32.7978239]]}, "properties": {"class": "tertiary"}}, {"type": "Feature", "geometry": {"type": "LineString", "coordinates": [[-96.8149558, 32.7981993], [-96.8150408, 32.7980975]]}, "properties": {"class": "tertiary"}}, {"type": "Feature", "geometry": {"type": "LineString", "coordinates": [[-96.7914973, 32.7883787], [-96.7917833, 32.7885166], [-96.7918273, 32.7885378], [-96.7920057, 32.7886066], [-96.7921991, 32.7886624]]}, "properties": {"class": "secondary"}}, {"type": "Feature", "geometry": {"type": "LineString", "coordinates": [[-96.7932767, 32.7918537], [-96.7931653, 32.7920126]]}, "properties": {"class": "secondary"}}, {"type": "Feature", "geometry": {"type": "LineString", "coordinates": [[-96.800978, 32.785476], [-96.800948, 32.7853809], [-96.8008968, 32.7852181]]}, "properties": {"class": "secondary"}}, {"type": "Feature", "geometry": {"type": "LineString", "coordinates": [[-96.8054215, 32.7982253], [-96.8053875, 32.7985223]]}, "properties": {"class": "secondary"}}, {"type": "Feature", "geometry": {"type": "LineString", "coordinates": [[-96.8053875, 32.7985223], [-96.8053776, 32.7986212]]}, "properties": {"class": "secondary"}}, {"type": "Feature", "geometry": {"type": "LineString", "coordinates": [[-96.8053229, 32.7990873], [-96.8052987, 32.7992991], [-96.8052851, 32.7994179]]}, "properties": {"class": "secondary"}}, {"type": "Feature", "geometry": {"type": "LineString", "coordinates": [[-96.8089588, 32.7843981], [-96.8088369, 32.7843988], [-96.8084355, 32.7844004]]}, "properties": {"class": "secondary"}}, {"type": "Feature", "geometry": {"type": "LineString", "coordinates": [[-96.8084355, 32.7844004], [-96.8082543, 32.7843906]]}, "properties": {"class": "secondary"}}, {"type": "Feature", "geometry": {"type": "LineString", "coordinates": [[-96.8082543, 32.7843906], [-96.8081547, 32.7843767], [-96.8080203, 32.7843452]]}, "properties": {"class": "secondary"}}, {"type": "Feature", "geometry": {"type": "LineString", "coordinates": [[-96.8182292, 32.7993214], [-96.8183124, 32.799211]]}, "properties": {"class": "secondary"}}, {"type": "Feature", "geometry": {"type": "LineString", "coordinates": [[-96.7936386, 32.7850358], [-96.7936841, 32.7849997], [-96.7939275, 32.7847847], [-96.7941158, 32.7846261]]}, "properties": {"class": "tertiary"}}, {"type": "Feature", "geometry": {"type": "LineString", "coordinates": [[-96.7941712, 32.7840153], [-96.7944515, 32.7842443], [-96.794511, 32.784293]]}, "properties": {"class": "tertiary"}}, {"type": "Feature", "geometry": {"type": "LineString", "coordinates": [[-96.7941158, 32.7846261], [-96.7944456, 32.7843483], [-96.794511, 32.784293]]}, "properties": {"class": "tertiary"}}, {"type": "Feature", "geometry": {"type": "LineString", "coordinates": [[-96.7950621, 32.7838363], [-96.7952118, 32.7837127]]}, "properties": {"class": "tertiary"}}, {"type": "Feature", "geometry": {"type": "LineString", "coordinates": [[-96.7861226, 32.78183], [-96.7864992, 32.7818014]]}, "properties": {"class": "secondary"}}, {"type": "Feature", "geometry": {"type": "LineString", "coordinates": [[-96.7919803, 32.7734384], [-96.7919039, 32.7735018], [-96.7917834, 32.773608], [-96.7916841, 32.7736789]]}, "properties": {"class": "secondary"}}, {"type": "Feature", "geometry": {"type": "LineString", "coordinates": [[-96.8058599, 32.8014756], [-96.8058105, 32.8013285], [-96.8057642, 32.8011905], [-96.8056993, 32.8009952], [-96.8056659, 32.8008884]]}, "properties": {"class": "secondary"}}, {"type": "Feature", "geometry": {"type": "LineString", "coordinates": [[-96.8058599, 32.8014756], [-96.8057291, 32.8014957]]}, "properties": {"class": "residential"}}, {"type": "Feature", "geometry": {"type": "LineString", "coordinates": [[-96.8059396, 32.8017105], [-96.8059026, 32.8016092], [-96.8058599, 32.8014756]]}, "properties": {"class": "secondary"}}, {"type": "Feature", "geometry": {"type": "LineString", "coordinates": [[-96.800739, 32.7847], [-96.8007187, 32.7846236], [-96.8006665, 32.7844269], [-96.8006474, 32.784355], [-96.8006123, 32.784226], [-96.8005258, 32.7839264]]}, "properties": {"class": "secondary"}}, {"type": "Feature", "geometry": {"type": "LineString", "coordinates": [[-96.8005258, 32.7839264], [-96.8004745, 32.7837488], [-96.800448, 32.7836559]]}, "properties": {"class": "secondary"}}, {"type": "Feature", "geometry": {"type": "LineString", "coordinates": [[-96.800448, 32.7836559], [-96.8003659, 32.7837276], [-96.8003593, 32.7837334], [-96.7996929, 32.7842902], [-96.7996361, 32.7843377]]}, "properties": {"class": "tertiary"}}, {"type": "Feature", "geometry": {"type": "LineString", "coordinates": [[-96.800448, 32.7836559], [-96.8004268, 32.7835815], [-96.8003158, 32.7831846]]}, "properties": {"class": "secondary"}}, {"type": "Feature", "geometry": {"type": "LineString", "coordinates": [[-96.8003158, 32.7831846], [-96.800255, 32.7829772], [-96.8002354, 32.7829174], [-96.8002014, 32.782814]]}, "properties": {"class": "secondary"}}, {"type": "Feature", "geometry": {"type": "LineString", "coordinates": [[-96.8002014, 32.782814], [-96.8001177, 32.7825451]]}, "properties": {"class": "secondary"}}, {"type": "Feature", "geometry": {"type": "LineString", "coordinates": [[-96.8090073, 32.783595], [-96.8089717, 32.7832847], [-96.8089676, 32.7832358]]}, "properties": {"class": "secondary"}}, {"type": "Feature", "geometry": {"type": "LineString", "coordinates": [[-96.7914987, 32.7830499], [-96.7916108, 32.783026], [-96.7917082, 32.783006], [-96.7917495, 32.782997], [-96.7918542, 32.7829742]]}, "properties": {"class": "secondary"}}, {"type": "Feature", "geometry": {"type": "LineString", "coordinates": [[-96.7914987, 32.7830499], [-96.7914701, 32.7829695], [-96.7913926, 32.7827052], [-96.7913009, 32.7824184], [-96.7912747, 32.7823201]]}, "properties": {"class": "primary"}}, {"type": "Feature", "geometry": {"type": "LineString", "coordinates": [[-96.791324, 32.783085], [-96.7914987, 32.7830499]]}, "properties": {"class": "secondary"}}, {"type": "Feature", "geometry": {"type": "LineString", "coordinates": [[-96.7990688, 32.7891286], [-96.7989155, 32.7889707], [-96.7988383, 32.7888991]]}, "properties": {"class": "secondary"}}, {"type": "Feature", "geometry": {"type": "LineString", "coordinates": [[-96.7739156, 32.784576], [-96.7739785, 32.7845096], [-96.7741613, 32.78434], [-96.7742071, 32.7842894], [-96.7742673, 32.7842375]]}, "properties": {"class": "secondary"}}, {"type": "Feature", "geometry": {"type": "LineString", "coordinates": [[-96.7742673, 32.7842375], [-96.7743574, 32.7841777], [-96.7744411, 32.7841295], [-96.7745792, 32.7840622]]}, "properties": {"class": "secondary"}}, {"type": "Feature", "geometry": {"type": "LineString", "coordinates": [[-96.7745792, 32.7840622], [-96.7744899, 32.7839849]]}, "properties": {"class": "secondary"}}, {"type": "Feature", "geometry": {"type": "LineString", "coordinates": [[-96.7739156, 32.784576], [-96.7738255, 32.7845]]}, "properties": {"class": "secondary"}}, {"type": "Feature", "geometry": {"type": "LineString", "coordinates": [[-96.773821, 32.7846966], [-96.7739156, 32.784576]]}, "properties": {"class": "secondary"}}, {"type": "Feature", "geometry": {"type": "LineString", "coordinates": [[-96.798225, 32.788404], [-96.7979399, 32.7881845], [-96.7978648, 32.7881267]]}, "properties": {"class": "secondary"}}, {"type": "Feature", "geometry": {"type": "LineString", "coordinates": [[-96.7969412, 32.7819203], [-96.7972564, 32.7818532], [-96.7973377, 32.7818359]]}, "properties": {"class": "secondary"}}, {"type": "Feature", "geometry": {"type": "LineString", "coordinates": [[-96.7763035, 32.7845536], [-96.7759614, 32.7846244], [-96.7758717, 32.784643], [-96.775743, 32.7846696]]}, "properties": {"class": "secondary"}}, {"type": "Feature", "geometry": {"type": "LineString", "coordinates": [[-96.7971674, 32.7875611], [-96.7969224, 32.7873625], [-96.7968625, 32.7873139]]}, "properties": {"class": "secondary"}}, {"type": "Feature", "geometry": {"type": "LineString", "coordinates": [[-96.7973482, 32.787887], [-96.7976646, 32.7881401], [-96.7977536, 32.7882109]]}, "properties": {"class": "secondary"}}, {"type": "Feature", "geometry": {"type": "LineString", "coordinates": [[-96.7894146, 32.7652061], [-96.7895079, 32.7651027]]}, "properties": {"class": "secondary"}}, {"type": "Feature", "geometry": {"type": "LineString", "coordinates": [[-96.789756, 32.7648111], [-96.7898731, 32.7646579], [-96.789896, 32.764529]]}, "properties": {"class": "secondary"}}, {"type": "Feature", "geometry": {"type": "LineString", "coordinates": [[-96.7996533, 32.7872658], [-96.79934, 32.7870017], [-96.799239, 32.786929]]}, "properties": {"class": "tertiary"}}, {"type": "Feature", "geometry": {"type": "LineString", "coordinates": [[-96.798416, 32.7887154], [-96.7986054, 32.788866], [-96.798652, 32.7889122], [-96.7987312, 32.7889908]]}, "properties": {"class": "secondary"}}, {"type": "Feature", "geometry": {"type": "LineString", "coordinates": [[-96.8018456, 32.7829742], [-96.8018216, 32.7827618], [-96.8018139, 32.7826919], [-96.8017992, 32.7826299], [-96.8017471, 32.7824444]]}, "properties": {"class": "tertiary"}}, {"type": "Feature", "geometry": {"type": "LineString", "coordinates": [[-96.8017471, 32.7824444], [-96.8017075, 32.7823108]]}, "properties": {"class": "tertiary"}}, {"type": "Feature", "geometry": {"type": "LineString", "coordinates": [[-96.8096288, 32.7575989], [-96.8095761, 32.7578965], [-96.8095325, 32.7580654]]}, "properties": {"class": "motorway"}}, {"type": "Feature", "geometry": {"type": "LineString", "coordinates": [[-96.8103443, 32.796968], [-96.810498, 32.797086]]}, "properties": {"class": "secondary"}}, {"type": "Feature", "geometry": {"type": "LineString", "coordinates": [[-96.7903745, 32.7842356], [-96.7908517, 32.7841791], [-96.7909259, 32.7841584]]}, "properties": {"class": "tertiary"}}, {"type": "Feature", "geometry": {"type": "LineString", "coordinates": [[-96.7909259, 32.7841584], [-96.7912366, 32.7840569]]}, "properties": {"class": "tertiary"}}, {"type": "Feature", "geometry": {"type": "LineString", "coordinates": [[-96.8076528, 32.7914719], [-96.807682, 32.791442], [-96.807711, 32.7914075], [-96.8077383, 32.7913657], [-96.8077681, 32.7913123], [-96.8077947, 32.7912469], [-96.8078146, 32.7911636], [-96.8078299, 32.7910378]]}, "properties": {"class": "secondary"}}, {"type": "Feature", "geometry": {"type": "LineString", "coordinates": [[-96.807853, 32.790734], [-96.8078577, 32.7905705], [-96.8078607, 32.7904652]]}, "properties": {"class": "secondary"}}, {"type": "Feature", "geometry": {"type": "LineString", "coordinates": [[-96.8078299, 32.7910378], [-96.807853, 32.790734]]}, "properties": {"class": "secondary"}}, {"type": "Feature", "geometry": {"type": "LineString", "coordinates": [[-96.8078607, 32.7904652], [-96.8078615, 32.7904369]]}, "properties": {"class": "secondary"}}, {"type": "Feature", "geometry": {"type": "LineString", "coordinates": [[-96.8020817, 32.7768346], [-96.8021112, 32.7769301], [-96.8022365, 32.7773554]]}, "properties": {"class": "secondary"}}, {"type": "Feature", "geometry": {"type": "LineString", "coordinates": [[-96.8022365, 32.7773554], [-96.802313, 32.7776051], [-96.80234, 32.777693]]}, "properties": {"class": "secondary"}}, {"type": "Feature", "geometry": {"type": "LineString", "coordinates": [[-96.80234, 32.777693], [-96.8023691, 32.7777864], [-96.8024988, 32.7782072]]}, "properties": {"class": "secondary"}}, {"type": "Feature", "geometry": {"type": "LineString", "coordinates": [[-96.8024988, 32.7782072], [-96.8025403, 32.7783456], [-96.8025606, 32.7784052]]}, "properties": {"class": "secondary"}}, {"type": "Feature", "geometry": {"type": "LineString", "coordinates": [[-96.8051998, 32.7869147], [-96.8052463, 32.786875], [-96.8052671, 32.7868567], [-96.8053179, 32.7868158]]}, "properties": {"class": "secondary"}}, {"type": "Feature", "geometry": {"type": "LineString", "coordinates": [[-96.8037386, 32.7821911], [-96.8037153, 32.7821501], [-96.8036317, 32.7820058], [-96.8035829, 32.7819029]]}, "properties": {"class": "secondary"}}, {"type": "Feature", "geometry": {"type": "LineString", "coordinates": [[-96.8034862, 32.7816168], [-96.8034442, 32.7813916], [-96.8034366, 32.7813487]]}, "properties": {"class": "secondary"}}, {"type": "Feature", "geometry": {"type": "LineString", "coordinates": [[-96.8034366, 32.7813487], [-96.8034283, 32.7813114], [-96.80342, 32.7812738], [-96.80341, 32.7812289]]}, "properties": {"class": "secondary"}}, {"type": "Feature", "geometry": {"type": "LineString", "coordinates": [[-96.7758526, 32.7628528], [-96.7760643, 32.7626665], [-96.7762484, 32.7625044], [-96.7762886, 32.7623747]]}, "properties": {"class": "secondary"}}, {"type": "Feature", "geometry": {"type": "LineString", "coordinates": [[-96.7756549, 32.7630352], [-96.7757331, 32.7629631], [-96.7758526, 32.7628528]]}, "properties": {"class": "secondary"}}, {"type": "Feature", "geometry": {"type": "LineString", "coordinates": [[-96.8025766, 32.7779148], [-96.8025294, 32.7777485], [-96.8024884, 32.7776301]]}, "properties": {"class": "secondary"}}, {"type": "Feature", "geometry": {"type": "LineString", "coordinates": [[-96.8054922, 32.7987227], [-96.8055089, 32.7985414]]}, "properties": {"class": "secondary"}}, {"type": "Feature", "geometry": {"type": "LineString", "coordinates": [[-96.805478, 32.79884], [-96.8054922, 32.7987227]]}, "properties": {"class": "secondary"}}, {"type": "Feature", "geometry": {"type": "LineString", "coordinates": [[-96.794471, 32.7829567], [-96.7944612, 32.7830214], [-96.7944434, 32.7830671]]}, "properties": {"class": "tertiary"}}, {"type": "Feature", "geometry": {"type": "LineString", "coordinates": [[-96.8134457, 32.7749361], [-96.8134154, 32.774671], [-96.8133969, 32.7745486]]}, "properties": {"class": "secondary"}}, {"type": "Feature", "geometry": {"type": "LineString", "coordinates": [[-96.7940499, 32.7838175], [-96.7940703, 32.7838884], [-96.7941109, 32.783958], [-96.7941712, 32.7840153]]}, "properties": {"class": "tertiary"}}, {"type": "Feature", "geometry": {"type": "LineString", "coordinates": [[-96.8115187, 32.7702043], [-96.8113662, 32.7699049], [-96.8112973, 32.7697951]]}, "properties": {"class": "secondary"}}, {"type": "Feature", "geometry": {"type": "LineString", "coordinates": [[-96.8112973, 32.7697951], [-96.8112396, 32.7697073], [-96.8111381, 32.7695735]]}, "properties": {"class": "secondary"}}, {"type": "Feature", "geometry": {"type": "LineString", "coordinates": [[-96.8111381, 32.7695735], [-96.8109574, 32.769357], [-96.8108496, 32.7692482], [-96.810697, 32.7691032], [-96.8106212, 32.7690312], [-96.8104954, 32.7689221], [-96.8103063, 32.7687868], [-96.8100796, 32.7686526], [-96.8097752, 32.7684925], [-96.8096476, 32.7684321]]}, "properties": {"class": "secondary"}}, {"type": "Feature", "geometry": {"type": "LineString", "coordinates": [[-96.8096476, 32.7684321], [-96.8094011, 32.7683222], [-96.8091422, 32.7682286], [-96.8090255, 32.768179]]}, "properties": {"class": "secondary"}}, {"type": "Feature", "geometry": {"type": "LineString", "coordinates": [[-96.7934378, 32.799258], [-96.7934352, 32.799149]]}, "properties": {"class": "secondary"}}, {"type": "Feature", "geometry": {"type": "LineString", "coordinates": [[-96.7997179, 32.7905251], [-96.7995546, 32.7906699], [-96.7994966, 32.7907212], [-96.7994244, 32.7907852]]}, "properties": {"class": "secondary"}}, {"type": "Feature", "geometry": {"type": "LineString", "coordinates": [[-96.7999598, 32.7903133], [-96.7999069, 32.7903612], [-96.7997179, 32.7905251]]}, "properties": {"class": "secondary"}}, {"type": "Feature", "geometry": {"type": "LineString", "coordinates": [[-96.798215, 32.77217], [-96.7980741, 32.7722826]]}, "properties": {"class": "secondary"}}, {"type": "Feature", "geometry": {"type": "LineString", "coordinates": [[-96.7930238, 32.7986495], [-96.7927721, 32.7984322]]}, "properties": {"class": "tertiary"}}, {"type": "Feature", "geometry": {"type": "LineString", "coordinates": [[-96.803897, 32.782533], [-96.8038792, 32.782485], [-96.8038576, 32.782427]]}, "properties": {"class": "secondary"}}, {"type": "Feature", "geometry": {"type": "LineString", "coordinates": [[-96.8187198, 32.781274], [-96.8192104, 32.7810952]]}, "properties": {"class": "motorway"}}, {"type": "Feature", "geometry": {"type": "LineString", "coordinates": [[-96.7842958, 32.7814877], [-96.7842643, 32.7814079], [-96.7842153, 32.7813587], [-96.7837367, 32.7810739]]}, "properties": {"class": "residential"}}, {"type": "Feature", "geometry": {"type": "LineString", "coordinates": [[-96.7923552, 32.7796181], [-96.7924108, 32.779584], [-96.792502, 32.7795162], [-96.7926246, 32.7794003]]}, "properties": {"class": "secondary"}}, {"type": "Feature", "geometry": {"type": "LineString", "coordinates": [[-96.821583, 32.7917325], [-96.8215416, 32.79164], [-96.8214847, 32.7914714], [-96.821456, 32.791384], [-96.8214289, 32.791295], [-96.8213806, 32.7911867], [-96.821281, 32.791024]]}, "properties": {"class": "tertiary"}}, {"type": "Feature", "geometry": {"type": "LineString", "coordinates": [[-96.8224549, 32.7932809], [-96.8223919, 32.7931761], [-96.8223349, 32.7930731], [-96.8221228, 32.7927008], [-96.8216976, 32.7919548], [-96.8216274, 32.7918316], [-96.821583, 32.7917325]]}, "properties": {"class": "tertiary"}}, {"type": "Feature", "geometry": {"type": "LineString", "coordinates": [[-96.7931373, 32.7988957], [-96.7932915, 32.7990336]]}, "properties": {"class": "tertiary"}}, {"type": "Feature", "geometry": {"type": "LineString", "coordinates": [[-96.7927653, 32.7985849], [-96.7928042, 32.7986188]]}, "properties": {"class": "tertiary"}}, {"type": "Feature", "geometry": {"type": "LineString", "coordinates": [[-96.7912435, 32.7855187], [-96.7912737, 32.7856573], [-96.7913062, 32.7858073], [-96.7913819, 32.7861558]]}, "properties": {"class": "primary"}}, {"type": "Feature", "geometry": {"type": "LineString", "coordinates": [[-96.7913819, 32.7861558], [-96.7914079, 32.7862755], [-96.7914165, 32.7863383], [-96.7914286, 32.7864775]]}, "properties": {"class": "primary"}}, {"type": "Feature", "geometry": {"type": "LineString", "coordinates": [[-96.8082377, 32.7803034], [-96.8082466, 32.7803328], [-96.8082566, 32.7803698], [-96.8082663, 32.7804089], [-96.8082744, 32.7804404], [-96.8084174, 32.7809526], [-96.8084303, 32.7809987]]}, "properties": {"class": "secondary"}}, {"type": "Feature", "geometry": {"type": "LineString", "coordinates": [[-96.8011375, 32.7733105], [-96.8010603, 32.7732392]]}, "properties": {"class": "secondary"}}, {"type": "Feature", "geometry": {"type": "LineString", "coordinates": [[-96.8010603, 32.7732392], [-96.801008, 32.7731985], [-96.8009467, 32.7731542], [-96.800747, 32.773049], [-96.8002125, 32.77288]]}, "properties": {"class": "secondary"}}, {"type": "Feature", "geometry": {"type": "LineString", "coordinates": [[-96.8002125, 32.77288], [-96.7998001, 32.7727821]]}, "properties": {"class": "secondary"}}, {"type": "Feature", "geometry": {"type": "LineString", "coordinates": [[-96.8091605, 32.7889468], [-96.8090298, 32.7889874], [-96.8089178, 32.7890308], [-96.8087859, 32.7891017]]}, "properties": {"class": "tertiary"}}, {"type": "Feature", "geometry": {"type": "LineString", "coordinates": [[-96.8094517, 32.788927], [-96.8093789, 32.7889319], [-96.8092281, 32.7889388], [-96.8091605, 32.7889468]]}, "properties": {"class": "tertiary"}}, {"type": "Feature", "geometry": {"type": "LineString", "coordinates": [[-96.8101146, 32.7755435], [-96.8100535, 32.7754153], [-96.8098861, 32.7751252]]}, "properties": {"class": "tertiary"}}, {"type": "Feature", "geometry": {"type": "LineString", "coordinates": [[-96.7744899, 32.7839849], [-96.774442, 32.7839421], [-96.7740753, 32.7836017], [-96.7737871, 32.7833608]]}, "properties": {"class": "secondary"}}, {"type": "Feature", "geometry": {"type": "LineString", "coordinates": [[-96.798215, 32.77217], [-96.7981579, 32.7721233], [-96.7980768, 32.772057], [-96.7978786, 32.7718886], [-96.7977066, 32.7717233], [-96.7974598, 32.7714945], [-96.7973547, 32.7713955], [-96.7972425, 32.7713163], [-96.7971268, 32.7712593], [-96.7969953, 32.7712164], [-96.7967457, 32.7711718]]}, "properties": {"class": "secondary"}}, {"type": "Feature", "geometry": {"type": "LineString", "coordinates": [[-96.7962691, 32.7711825], [-96.7962001, 32.771194], [-96.796128, 32.771206], [-96.7955524, 32.7713154], [-96.7950272, 32.7714201], [-96.794773, 32.7714715]]}, "properties": {"class": "secondary"}}, {"type": "Feature", "geometry": {"type": "LineString", "coordinates": [[-96.794773, 32.7714715], [-96.7944802, 32.7715353], [-96.7943918, 32.7715569], [-96.7942692, 32.7716022], [-96.7941712, 32.7716503], [-96.7940897, 32.7716977], [-96.7940141, 32.7717542]]}, "properties": {"class": "secondary"}}, {"type": "Feature", "geometry": {"type": "LineString", "coordinates": [[-96.8175422, 32.7607279], [-96.8169276, 32.7611189]]}, "properties": {"class": "secondary"}}, {"type": "Feature", "geometry": {"type": "LineString", "coordinates": [[-96.8169276, 32.7611189], [-96.8161264, 32.7616211]]}, "properties": {"class": "secondary"}}, {"type": "Feature", "geometry": {"type": "LineString", "coordinates": [[-96.8154298, 32.7765167], [-96.8157756, 32.7764076], [-96.8159094, 32.7763323]]}, "properties": {"class": "secondary"}}, {"type": "Feature", "geometry": {"type": "LineString", "coordinates": [[-96.8208336, 32.7581205], [-96.8204396, 32.758462], [-96.820272, 32.7585921]]}, "properties": {"class": "secondary"}}, {"type": "Feature", "geometry": {"type": "LineString", "coordinates": [[-96.8104363, 32.7750661], [-96.8103244, 32.7750887], [-96.8101356, 32.7751337], [-96.810056, 32.7751447], [-96.8099781, 32.775143], [-96.8098861, 32.7751252]]}, "properties": {"class": "tertiary"}}, {"type": "Feature", "geometry": {"type": "LineString", "coordinates": [[-96.8104363, 32.7750661], [-96.8104698, 32.7751962]]}, "properties": {"class": "secondary"}}, {"type": "Feature", "geometry": {"type": "LineString", "coordinates": [[-96.8114127, 32.7748739], [-96.8113055, 32.7748965]]}, "properties": {"class": "tertiary"}}, {"type": "Feature", "geometry": {"type": "LineString", "coordinates": [[-96.8107608, 32.7750039], [-96.8104363, 32.7750661]]}, "properties": {"class": "tertiary"}}, {"type": "Feature", "geometry": {"type": "LineString", "coordinates": [[-96.7914558, 32.7835249], [-96.7915302, 32.7838123], [-96.791531, 32.7839146]]}, "properties": {"class": "primary"}}, {"type": "Feature", "geometry": {"type": "LineString", "coordinates": [[-96.805816, 32.7698213], [-96.8068572, 32.7702536]]}, "properties": {"class": "secondary"}}, {"type": "Feature", "geometry": {"type": "LineString", "coordinates": [[-96.7941971, 32.7728886], [-96.7946752, 32.7725457], [-96.7947612, 32.7724898]]}, "properties": {"class": "secondary"}}, {"type": "Feature", "geometry": {"type": "LineString", "coordinates": [[-96.7939832, 32.7730547], [-96.7941971, 32.7728886]]}, "properties": {"class": "secondary"}}, {"type": "Feature", "geometry": {"type": "LineString", "coordinates": [[-96.7979547, 32.7721799], [-96.7980205, 32.7722365], [-96.7980741, 32.7722826]]}, "properties": {"class": "secondary"}}, {"type": "Feature", "geometry": {"type": "LineString", "coordinates": [[-96.8054843, 32.8006927], [-96.8055035, 32.8007748], [-96.8056638, 32.8012893]]}, "properties": {"class": "secondary"}}, {"type": "Feature", "geometry": {"type": "LineString", "coordinates": [[-96.8056638, 32.8012893], [-96.8057291, 32.8014957]]}, "properties": {"class": "secondary"}}, {"type": "Feature", "geometry": {"type": "LineString", "coordinates": [[-96.7868231, 32.7843881], [-96.7867592, 32.7842817], [-96.7866909, 32.7841313], [-96.7866609, 32.7840598]]}, "properties": {"class": "secondary"}}, {"type": "Feature", "geometry": {"type": "LineString", "coordinates": [[-96.7895515, 32.7648542], [-96.7894464, 32.7649792], [-96.7894139, 32.7650178], [-96.7893861, 32.7650509]]}, "properties": {"class": "secondary"}}, {"type": "Feature", "geometry": {"type": "LineString", "coordinates": [[-96.8032587, 32.7812602], [-96.8032674, 32.7813077], [-96.8032755, 32.7813457], [-96.8032828, 32.7813793]]}, "properties": {"class": "secondary"}}, {"type": "Feature", "geometry": {"type": "LineString", "coordinates": [[-96.812665, 32.786089], [-96.812636, 32.785666], [-96.812638, 32.78521]]}, "properties": {"class": "secondary"}}, {"type": "Feature", "geometry": {"type": "LineString", "coordinates": [[-96.812638, 32.78521], [-96.812641, 32.784498]]}, "properties": {"class": "secondary"}}, {"type": "Feature", "geometry": {"type": "LineString", "coordinates": [[-96.812641, 32.784498], [-96.8126493, 32.7841018], [-96.8126507, 32.7840769], [-96.812653, 32.7840221], [-96.8126535, 32.7839909]]}, "properties": {"class": "secondary"}}, {"type": "Feature", "geometry": {"type": "LineString", "coordinates": [[-96.8126535, 32.7839909], [-96.8126521, 32.7838312]]}, "properties": {"class": "secondary"}}, {"type": "Feature", "geometry": {"type": "LineString", "coordinates": [[-96.8126521, 32.7838312], [-96.8126474, 32.7837837], [-96.812646, 32.7837473], [-96.8125714, 32.7830258], [-96.812539, 32.782758], [-96.812492, 32.782373]]}, "properties": {"class": "secondary"}}, {"type": "Feature", "geometry": {"type": "LineString", "coordinates": [[-96.812492, 32.782373], [-96.8124175, 32.7819565], [-96.8123043, 32.7816334]]}, "properties": {"class": "secondary"}}, {"type": "Feature", "geometry": {"type": "LineString", "coordinates": [[-96.8123043, 32.7816334], [-96.8122266, 32.7814117], [-96.8122145, 32.7813562]]}, "properties": {"class": "secondary"}}, {"type": "Feature", "geometry": {"type": "LineString", "coordinates": [[-96.8121591, 32.780667], [-96.8121852, 32.7796168], [-96.8121997, 32.7792593]]}, "properties": {"class": "secondary"}}, {"type": "Feature", "geometry": {"type": "LineString", "coordinates": [[-96.8122145, 32.7813562], [-96.8121581, 32.7810977], [-96.8121589, 32.780747], [-96.8121591, 32.780667]]}, "properties": {"class": "secondary"}}, {"type": "Feature", "geometry": {"type": "LineString", "coordinates": [[-96.8088477, 32.7832579], [-96.8088541, 32.7833137], [-96.8088855, 32.7835787], [-96.8089102, 32.7838807], [-96.80891, 32.7840391]]}, "properties": {"class": "secondary"}}, {"type": "Feature", "geometry": {"type": "LineString", "coordinates": [[-96.8088223, 32.7830295], [-96.8088384, 32.7831725], [-96.8088477, 32.7832579]]}, "properties": {"class": "secondary"}}, {"type": "Feature", "geometry": {"type": "LineString", "coordinates": [[-96.8145312, 32.794203], [-96.8147252, 32.7948332]]}, "properties": {"class": "motorway"}}, {"type": "Feature", "geometry": {"type": "LineString", "coordinates": [[-96.8019618, 32.7763644], [-96.8020349, 32.7766572], [-96.802053, 32.77673]]}, "properties": {"class": "secondary"}}, {"type": "Feature", "geometry": {"type": "LineString", "coordinates": [[-96.805106, 32.7930841], [-96.8052173, 32.79307], [-96.805451, 32.793045], [-96.8055329, 32.793042], [-96.8056042, 32.7930444]]}, "properties": {"class": "secondary"}}, {"type": "Feature", "geometry": {"type": "LineString", "coordinates": [[-96.8182339, 32.801642], [-96.8179408, 32.8013131]]}, "properties": {"class": "primary"}}, {"type": "Feature", "geometry": {"type": "LineString", "coordinates": [[-96.8179408, 32.8013131], [-96.8178771, 32.8012383]]}, "properties": {"class": "primary"}}, {"type": "Feature", "geometry": {"type": "LineString", "coordinates": [[-96.7902368, 32.7805966], [-96.7899635, 32.7802633], [-96.78992, 32.7802098]]}, "properties": {"class": "primary"}}, {"type": "Feature", "geometry": {"type": "LineString", "coordinates": [[-96.7730893, 32.7863446], [-96.7730231, 32.7864745], [-96.7730378, 32.7865539]]}, "properties": {"class": "secondary"}}, {"type": "Feature", "geometry": {"type": "LineString", "coordinates": [[-96.776285, 32.801533], [-96.7762276, 32.8015824], [-96.7759345, 32.8018344], [-96.7750888, 32.8025609], [-96.7750402, 32.8026026]]}, "properties": {"class": "tertiary"}}, {"type": "Feature", "geometry": {"type": "LineString", "coordinates": [[-96.7738256, 32.801534], [-96.7738947, 32.8015932], [-96.7739159, 32.8016113], [-96.7744299, 32.8020583], [-96.7749654, 32.8025334], [-96.7750402, 32.8026026]]}, "properties": {"class": "residential"}}, {"type": "Feature", "geometry": {"type": "LineString", "coordinates": [[-96.771269, 32.803652], [-96.7713701, 32.8035668], [-96.7715822, 32.8033881], [-96.7716514, 32.8033297], [-96.7718009, 32.8032036], [-96.7721767, 32.8028868], [-96.7722899, 32.8027913], [-96.7723334, 32.8027547], [-96.7723931, 32.8027055], [-96.7730377, 32.8021797], [-96.7730818, 32.8021437], [-96.7731225, 32.8021102], [-96.7735495, 32.8017584], [-96.7737769, 32.8015736], [-96.7738256, 32.801534]]}, "properties": {"class": "tertiary"}}, {"type": "Feature", "geometry": {"type": "LineString", "coordinates": [[-96.792421, 32.7909642], [-96.7923349, 32.7903787]]}, "properties": {"class": "primary"}}, {"type": "Feature", "geometry": {"type": "LineString", "coordinates": [[-96.7922721, 32.7898283], [-96.7922615, 32.7897353]]}, "properties": {"class": "primary"}}, {"type": "Feature", "geometry": {"type": "LineString", "coordinates": [[-96.8151886, 32.7832208], [-96.8154284, 32.7835498], [-96.8154529, 32.7835833], [-96.8154977, 32.7836448], [-96.8155495, 32.7837113]]}, "properties": {"class": "secondary"}}, {"type": "Feature", "geometry": {"type": "LineString", "coordinates": [[-96.8150423, 32.7830148], [-96.8151518, 32.7831703], [-96.8151886, 32.7832208]]}, "properties": {"class": "secondary"}}, {"type": "Feature", "geometry": {"type": "LineString", "coordinates": [[-96.8081357, 32.7811708], [-96.8083793, 32.7811126], [-96.8084561, 32.7810943]]}, "properties": {"class": "secondary"}}, {"type": "Feature", "geometry": {"type": "LineString", "coordinates": [[-96.82163, 32.7915118], [-96.8217695, 32.7916188], [-96.8220834, 32.7918388]]}, "properties": {"class": "secondary"}}, {"type": "Feature", "geometry": {"type": "LineString", "coordinates": [[-96.8134157, 32.7778231], [-96.8134181, 32.7776992]]}, "properties": {"class": "secondary"}}, {"type": "Feature", "geometry": {"type": "LineString", "coordinates": [[-96.821072, 32.790833], [-96.820764, 32.790525], [-96.8205178, 32.7902318]]}, "properties": {"class": "secondary"}}, {"type": "Feature", "geometry": {"type": "LineString", "coordinates": [[-96.8205178, 32.7902318], [-96.8202249, 32.789851]]}, "properties": {"class": "secondary"}}, {"type": "Feature", "geometry": {"type": "LineString", "coordinates": [[-96.8202249, 32.789851], [-96.8199257, 32.789434], [-96.8195697, 32.7889424], [-96.8191551, 32.7883869]]}, "properties": {"class": "secondary"}}, {"type": "Feature", "geometry": {"type": "LineString", "coordinates": [[-96.8191551, 32.7883869], [-96.8189272, 32.788082], [-96.8188681, 32.7880024]]}, "properties": {"class": "secondary"}}, {"type": "Feature", "geometry": {"type": "LineString", "coordinates": [[-96.8188681, 32.7880024], [-96.8188275, 32.7879442], [-96.8185415, 32.7875327], [-96.8182307, 32.7870871], [-96.8178062, 32.7865307]]}, "properties": {"class": "secondary"}}, {"type": "Feature", "geometry": {"type": "LineString", "coordinates": [[-96.8178062, 32.7865307], [-96.8175086, 32.7861407]]}, "properties": {"class": "secondary"}}, {"type": "Feature", "geometry": {"type": "LineString", "coordinates": [[-96.8161095, 32.7842083], [-96.8159494, 32.7839924], [-96.8159252, 32.7839598], [-96.8158789, 32.7838975], [-96.8158387, 32.7838375]]}, "properties": {"class": "secondary"}}, {"type": "Feature", "geometry": {"type": "LineString", "coordinates": [[-96.8165356, 32.784758], [-96.816382, 32.7845426], [-96.8162791, 32.7844183]]}, "properties": {"class": "secondary"}}, {"type": "Feature", "geometry": {"type": "LineString", "coordinates": [[-96.8162791, 32.7844183], [-96.8161095, 32.7842083]]}, "properties": {"class": "secondary"}}, {"type": "Feature", "geometry": {"type": "LineString", "coordinates": [[-96.8195805, 32.7593835], [-96.8199515, 32.7590706]]}, "properties": {"class": "secondary"}}, {"type": "Feature", "geometry": {"type": "LineString", "coordinates": [[-96.8192925, 32.7596053], [-96.8194037, 32.7595235], [-96.8195805, 32.7593835]]}, "properties": {"class": "secondary"}}, {"type": "Feature", "geometry": {"type": "LineString", "coordinates": [[-96.7897911, 32.7651982], [-96.789596, 32.7651324], [-96.789553, 32.7651179], [-96.7895079, 32.7651027]]}, "properties": {"class": "secondary"}}, {"type": "Feature", "geometry": {"type": "LineString", "coordinates": [[-96.7889992, 32.7650234], [-96.7891708, 32.7650988], [-96.7891836, 32.7651044], [-96.7892828, 32.765149]]}, "properties": {"class": "secondary"}}, {"type": "Feature", "geometry": {"type": "LineString", "coordinates": [[-96.7893861, 32.7650509], [-96.7892828, 32.765149]]}, "properties": {"class": "secondary"}}, {"type": "Feature", "geometry": {"type": "LineString", "coordinates": [[-96.7892828, 32.765149], [-96.7894146, 32.7652061]]}, "properties": {"class": "secondary"}}, {"type": "Feature", "geometry": {"type": "LineString", "coordinates": [[-96.7987317, 32.7774239], [-96.7987002, 32.7773193], [-96.7986803, 32.7772531]]}, "properties": {"class": "secondary"}}, {"type": "Feature", "geometry": {"type": "LineString", "coordinates": [[-96.7999839, 32.776955], [-96.7998002, 32.7769872], [-96.7997576, 32.7769952], [-96.7987664, 32.7772312], [-96.7986803, 32.7772531]]}, "properties": {"class": "secondary"}}, {"type": "Feature", "geometry": {"type": "LineString", "coordinates": [[-96.779749, 32.7586097], [-96.7796867, 32.7589469]]}, "properties": {"class": "secondary"}}, {"type": "Feature", "geometry": {"type": "LineString", "coordinates": [[-96.7796867, 32.7589469], [-96.779672, 32.7589819]]}, "properties": {"class": "secondary"}}, {"type": "Feature", "geometry": {"type": "LineString", "coordinates": [[-96.8006327, 32.7907525], [-96.8007107, 32.790687], [-96.801123, 32.7903449]]}, "properties": {"class": "secondary"}}, {"type": "Feature", "geometry": {"type": "LineString", "coordinates": [[-96.8014932, 32.7899231], [-96.8015588, 32.7899786]]}, "properties": {"class": "secondary"}}, {"type": "Feature", "geometry": {"type": "LineString", "coordinates": [[-96.801123, 32.7903449], [-96.8014974, 32.7900308], [-96.8015588, 32.7899786]]}, "properties": {"class": "secondary"}}, {"type": "Feature", "geometry": {"type": "LineString", "coordinates": [[-96.7921104, 32.7979514], [-96.7922211, 32.7980429]]}, "properties": {"class": "tertiary"}}, {"type": "Feature", "geometry": {"type": "LineString", "coordinates": [[-96.7902168, 32.7717334], [-96.7902443, 32.7717747], [-96.7904391, 32.7719671]]}, "properties": {"class": "residential"}}, {"type": "Feature", "geometry": {"type": "LineString", "coordinates": [[-96.8136863, 32.7802025], [-96.8138383, 32.7806757]]}, "properties": {"class": "secondary"}}, {"type": "Feature", "geometry": {"type": "LineString", "coordinates": [[-96.8136028, 32.7799426], [-96.8136354, 32.7800452], [-96.8136863, 32.7802025]]}, "properties": {"class": "secondary"}}, {"type": "Feature", "geometry": {"type": "LineString", "coordinates": [[-96.793423, 32.79898], [-96.7934149, 32.7988527], [-96.7934104, 32.7984351]]}, "properties": {"class": "secondary"}}, {"type": "Feature", "geometry": {"type": "LineString", "coordinates": [[-96.790178, 32.779943], [-96.790135, 32.779965]]}, "properties": {"class": "secondary"}}, {"type": "Feature", "geometry": {"type": "LineString", "coordinates": [[-96.7892828, 32.765149], [-96.7892182, 32.7652061], [-96.7890443, 32.765371], [-96.7888436, 32.765539]]}, "properties": {"class": "secondary"}}, {"type": "Feature", "geometry": {"type": "LineString", "coordinates": [[-96.7888436, 32.765539], [-96.788626, 32.7657185]]}, "properties": {"class": "secondary"}}, {"type": "Feature", "geometry": {"type": "LineString", "coordinates": [[-96.7888215, 32.7657116], [-96.7889596, 32.7656]]}, "properties": {"class": "secondary"}}, {"type": "Feature", "geometry": {"type": "LineString", "coordinates": [[-96.7889596, 32.7656], [-96.7890505, 32.7655265]]}, "properties": {"class": "secondary"}}, {"type": "Feature", "geometry": {"type": "LineString", "coordinates": [[-96.8205073, 32.758565], [-96.820272, 32.7585921]]}, "properties": {"class": "tertiary"}}, {"type": "Feature", "geometry": {"type": "LineString", "coordinates": [[-96.820415, 32.7586453], [-96.820425, 32.7586367], [-96.8204709, 32.7585961], [-96.8205073, 32.758565]]}, "properties": {"class": "secondary"}}, {"type": "Feature", "geometry": {"type": "LineString", "coordinates": [[-96.8209623, 32.7586137], [-96.8209094, 32.7586083], [-96.8206056, 32.7585763], [-96.8205073, 32.758565]]}, "properties": {"class": "tertiary"}}, {"type": "Feature", "geometry": {"type": "LineString", "coordinates": [[-96.8121344, 32.7587606], [-96.8120488, 32.7586484], [-96.8119678, 32.7585411]]}, "properties": {"class": "secondary"}}, {"type": "Feature", "geometry": {"type": "LineString", "coordinates": [[-96.811346, 32.7572774], [-96.811225, 32.757278]]}, "properties": {"class": "residential"}}, {"type": "Feature", "geometry": {"type": "LineString", "coordinates": [[-96.8114048, 32.7576088], [-96.8113834, 32.7575112], [-96.811346, 32.7572774]]}, "properties": {"class": "secondary"}}, {"type": "Feature", "geometry": {"type": "LineString", "coordinates": [[-96.811346, 32.7572774], [-96.8112714, 32.757038], [-96.8111594, 32.7566635], [-96.8111175, 32.7564698]]}, "properties": {"class": "secondary"}}, {"type": "Feature", "geometry": {"type": "LineString", "coordinates": [[-96.81105, 32.7560499], [-96.810926, 32.7560587]]}, "properties": {"class": "residential"}}, {"type": "Feature", "geometry": {"type": "LineString", "coordinates": [[-96.8111175, 32.7564698], [-96.8110954, 32.7563674], [-96.81105, 32.7560499]]}, "properties": {"class": "secondary"}}, {"type": "Feature", "geometry": {"type": "LineString", "coordinates": [[-96.81105, 32.7560499], [-96.8109167, 32.754814]]}, "properties": {"class": "secondary"}}, {"type": "Feature", "geometry": {"type": "LineString", "coordinates": [[-96.8109009, 32.7540526], [-96.8109278, 32.7537939]]}, "properties": {"class": "secondary"}}, {"type": "Feature", "geometry": {"type": "LineString", "coordinates": [[-96.8109278, 32.7537939], [-96.8107975, 32.7537978], [-96.8106605, 32.7537982], [-96.8106075, 32.7537983], [-96.8099498, 32.7538089], [-96.8098626, 32.7538098]]}, "properties": {"class": "residential"}}, {"type": "Feature", "geometry": {"type": "LineString", "coordinates": [[-96.8109278, 32.7537939], [-96.8109514, 32.7534833], [-96.810958, 32.7532642]]}, "properties": {"class": "secondary"}}, {"type": "Feature", "geometry": {"type": "LineString", "coordinates": [[-96.810958, 32.7532642], [-96.8109588, 32.7532389], [-96.8109618, 32.7531416], [-96.8109834, 32.7530526]]}, "properties": {"class": "secondary"}}, {"type": "Feature", "geometry": {"type": "LineString", "coordinates": [[-96.8109834, 32.7530526], [-96.8110001, 32.7530044], [-96.8110201, 32.7529467], [-96.811066, 32.7528096], [-96.8112615, 32.752324]]}, "properties": {"class": "secondary"}}, {"type": "Feature", "geometry": {"type": "LineString", "coordinates": [[-96.8112615, 32.752324], [-96.8113834, 32.752021]]}, "properties": {"class": "secondary"}}, {"type": "Feature", "geometry": {"type": "LineString", "coordinates": [[-96.7970266, 32.7614371], [-96.7965057, 32.7611397]]}, "properties": {"class": "secondary"}}, {"type": "Feature", "geometry": {"type": "LineString", "coordinates": [[-96.7975685, 32.7617498], [-96.7970266, 32.7614371]]}, "properties": {"class": "secondary"}}, {"type": "Feature", "geometry": {"type": "LineString", "coordinates": [[-96.7988827, 32.7625081], [-96.7975685, 32.7617498]]}, "properties": {"class": "secondary"}}, {"type": "Feature", "geometry": {"type": "LineString", "coordinates": [[-96.7993009, 32.7627502], [-96.7988827, 32.7625081]]}, "properties": {"class": "secondary"}}, {"type": "Feature", "geometry": {"type": "LineString", "coordinates": [[-96.8031663, 32.7656665], [-96.8029881, 32.7653606], [-96.8029277, 32.7652569], [-96.8027721, 32.7650067]]}, "properties": {"class": "secondary"}}, {"type": "Feature", "geometry": {"type": "LineString", "coordinates": [[-96.8036598, 32.7662314], [-96.8035693, 32.7661436], [-96.8034439, 32.7660206], [-96.8033406, 32.7659044], [-96.8032571, 32.7657963], [-96.8031663, 32.7656665]]}, "properties": {"class": "secondary"}}, {"type": "Feature", "geometry": {"type": "LineString", "coordinates": [[-96.8029692, 32.7656588], [-96.8030116, 32.7657285], [-96.8031248, 32.7659161], [-96.8032047, 32.7660401], [-96.803316, 32.7661754], [-96.8034637, 32.7663134], [-96.803554, 32.766396]]}, "properties": {"class": "secondary"}}, {"type": "Feature", "geometry": {"type": "LineString", "coordinates": [[-96.8004017, 32.8012918], [-96.8000791, 32.8016498], [-96.7999161, 32.8018299], [-96.7995246, 32.8022564], [-96.7993263, 32.8024751], [-96.7992747, 32.8025269], [-96.7990475, 32.8027584], [-96.7989271, 32.8028812], [-96.7984349, 32.8033355], [-96.7983857, 32.8033817], [-96.7983349, 32.8034294], [-96.7972021, 32.8044307], [-96.7970181, 32.8045876], [-96.7969588, 32.8046383], [-96.7968961, 32.8046917], [-96.7966723, 32.8048826], [-96.7965078, 32.8050229], [-96.7964483, 32.8050737], [-96.7963429, 32.8051637], [-96.7962037, 32.8052824], [-96.7960057, 32.8054513], [-96.7959387, 32.8055085]]}, "properties": {"class": "residential"}}, {"type": "Feature", "geometry": {"type": "LineString", "coordinates": [[-96.7925804, 32.7837526], [-96.792552, 32.783651]]}, "properties": {"class": "secondary"}}, {"type": "Feature", "geometry": {"type": "LineString", "coordinates": [[-96.7925804, 32.7837526], [-96.7925584, 32.783788], [-96.7925318, 32.7838272], [-96.7925997, 32.7842507], [-96.7926422, 32.784425], [-96.7926722, 32.7845072], [-96.7927118, 32.7845748], [-96.7927964, 32.7847037], [-96.7928962, 32.7847997], [-96.7930018, 32.7848833], [-96.7932273, 32.7850199], [-96.7934041, 32.7851114], [-96.7934983, 32.7851559]]}, "properties": {"class": "secondary"}}, {"type": "Feature", "geometry": {"type": "LineString", "coordinates": [[-96.7828315, 32.7951007], [-96.7828786, 32.7951386], [-96.7833961, 32.7955546], [-96.783442, 32.7955915]]}, "properties": {"class": "tertiary"}}, {"type": "Feature", "geometry": {"type": "LineString", "coordinates": [[-96.7805429, 32.7930968], [-96.7806011, 32.7931485], [-96.7814927, 32.7939429], [-96.7820044, 32.7943999], [-96.7821451, 32.7945285], [-96.7822105, 32.7945882], [-96.782297, 32.7946588], [-96.7823524, 32.7947086], [-96.7824623, 32.794796], [-96.7826119, 32.7949195], [-96.7826911, 32.794986], [-96.7827776, 32.795054], [-96.7828315, 32.7951007]]}, "properties": {"class": "tertiary"}}, {"type": "Feature", "geometry": {"type": "LineString", "coordinates": [[-96.7875663, 32.7921801], [-96.7875513, 32.7921873], [-96.787353, 32.7923475], [-96.7869861, 32.7926468], [-96.786899, 32.7927186], [-96.7868239, 32.7927846], [-96.786232, 32.7932923], [-96.7861851, 32.7933327], [-96.78616, 32.7933545], [-96.7859626, 32.7935254], [-96.7855341, 32.7938814], [-96.7854785, 32.7939275], [-96.7854315, 32.7939671], [-96.7850124, 32.7943193], [-96.7849401, 32.79438], [-96.7848951, 32.7944146], [-96.7845789, 32.7946745], [-96.7845318, 32.7947133], [-96.7844783, 32.7947563], [-96.7843075, 32.794894], [-96.7839846, 32.7951542]]}, "properties": {"class": "tertiary"}}, {"type": "Feature", "geometry": {"type": "LineString", "coordinates": [[-96.7924958, 32.7967739], [-96.7925687, 32.7972699], [-96.7926423, 32.7978309]]}, "properties": {"class": "secondary"}}, {"type": "Feature", "geometry": {"type": "LineString", "coordinates": [[-96.7926856, 32.7985076], [-96.7926955, 32.7986412], [-96.7927026, 32.7987368]]}, "properties": {"class": "secondary"}}, {"type": "Feature", "geometry": {"type": "LineString", "coordinates": [[-96.787911, 32.7993645], [-96.7878608, 32.7994053], [-96.7878426, 32.7994196], [-96.7869776, 32.8001505], [-96.7867366, 32.8003538], [-96.7862512, 32.8007612], [-96.7858251, 32.8011221], [-96.78558, 32.8013296], [-96.7855234, 32.8013775]]}, "properties": {"class": "residential"}}, {"type": "Feature", "geometry": {"type": "LineString", "coordinates": [[-96.787911, 32.7993645], [-96.7879603, 32.7994036], [-96.7885842, 32.799947], [-96.7887348, 32.8000749]]}, "properties": {"class": "tertiary"}}, {"type": "Feature", "geometry": {"type": "LineString", "coordinates": [[-96.7921991, 32.7886624], [-96.7923127, 32.788706], [-96.7924858, 32.7887724]]}, "properties": {"class": "tertiary"}}, {"type": "Feature", "geometry": {"type": "LineString", "coordinates": [[-96.8061256, 32.8001687], [-96.8061792, 32.8002122], [-96.8063055, 32.8003216], [-96.8070075, 32.8009314], [-96.8070622, 32.8009686]]}, "properties": {"class": "residential"}}, {"type": "Feature", "geometry": {"type": "LineString", "coordinates": [[-96.7922355, 32.7786594], [-96.7921501, 32.7785877], [-96.7920569, 32.7785094]]}, "properties": {"class": "secondary"}}, {"type": "Feature", "geometry": {"type": "LineString", "coordinates": [[-96.7863797, 32.7739456], [-96.7862193, 32.7738669], [-96.7854751, 32.7734881], [-96.7851866, 32.7733462]]}, "properties": {"class": "secondary"}}, {"type": "Feature", "geometry": {"type": "LineString", "coordinates": [[-96.7871554, 32.7744449], [-96.7870289, 32.7743491], [-96.7869624, 32.7743004], [-96.7867855, 32.7741751], [-96.7866486, 32.7740898], [-96.7865665, 32.7740452], [-96.7863797, 32.7739456]]}, "properties": {"class": "secondary"}}, {"type": "Feature", "geometry": {"type": "LineString", "coordinates": [[-96.8097998, 32.7850437], [-96.8096981, 32.7847364], [-96.8096272, 32.784522]]}, "properties": {"class": "secondary"}}, {"type": "Feature", "geometry": {"type": "LineString", "coordinates": [[-96.774228, 32.785881], [-96.7741486, 32.785891], [-96.7740396, 32.7858795]]}, "properties": {"class": "secondary"}}, {"type": "Feature", "geometry": {"type": "LineString", "coordinates": [[-96.7939913, 32.7809751], [-96.7939969, 32.7810508], [-96.7940256, 32.7812658]]}, "properties": {"class": "secondary"}}, {"type": "Feature", "geometry": {"type": "LineString", "coordinates": [[-96.7934377, 32.7796641], [-96.7935264, 32.7797423], [-96.793606, 32.779814], [-96.793693, 32.779909], [-96.7937178, 32.7799413]]}, "properties": {"class": "secondary"}}, {"type": "Feature", "geometry": {"type": "LineString", "coordinates": [[-96.7932562, 32.7795167], [-96.7933923, 32.7796276], [-96.7934377, 32.7796641]]}, "properties": {"class": "secondary"}}, {"type": "Feature", "geometry": {"type": "LineString", "coordinates": [[-96.7920569, 32.7785094], [-96.7919969, 32.778459], [-96.7917012, 32.7782106]]}, "properties": {"class": "secondary"}}, {"type": "Feature", "geometry": {"type": "LineString", "coordinates": [[-96.7908216, 32.7774578], [-96.7903368, 32.7770488]]}, "properties": {"class": "secondary"}}, {"type": "Feature", "geometry": {"type": "LineString", "coordinates": [[-96.7903368, 32.7770488], [-96.7898933, 32.7766727]]}, "properties": {"class": "secondary"}}, {"type": "Feature", "geometry": {"type": "LineString", "coordinates": [[-96.7898933, 32.7766727], [-96.7897608, 32.7765603], [-96.7892072, 32.7760812], [-96.7890675, 32.7759589]]}, "properties": {"class": "secondary"}}, {"type": "Feature", "geometry": {"type": "LineString", "coordinates": [[-96.7890675, 32.7759589], [-96.78876, 32.7757103], [-96.788669, 32.775639], [-96.7885381, 32.7755372]]}, "properties": {"class": "secondary"}}, {"type": "Feature", "geometry": {"type": "LineString", "coordinates": [[-96.8146635, 32.7764911], [-96.8145674, 32.7765099], [-96.8139698, 32.7766439]]}, "properties": {"class": "secondary"}}, {"type": "Feature", "geometry": {"type": "LineString", "coordinates": [[-96.8159094, 32.7763323], [-96.8157322, 32.7763364], [-96.815386, 32.7763662], [-96.8152646, 32.7763814]]}, "properties": {"class": "secondary"}}, {"type": "Feature", "geometry": {"type": "LineString", "coordinates": [[-96.8082148, 32.7939486], [-96.8082654, 32.7939925], [-96.8083757, 32.7940881], [-96.8087828, 32.7944554]]}, "properties": {"class": "residential"}}, {"type": "Feature", "geometry": {"type": "LineString", "coordinates": [[-96.8078044, 32.7947411], [-96.8082511, 32.7951307]]}, "properties": {"class": "secondary"}}, {"type": "Feature", "geometry": {"type": "LineString", "coordinates": [[-96.808853, 32.7896518], [-96.8088719, 32.7897278], [-96.8088948, 32.7898105], [-96.8089249, 32.7899055], [-96.8089513, 32.7899768], [-96.8089865, 32.7900566], [-96.8090316, 32.7901555]]}, "properties": {"class": "secondary"}}, {"type": "Feature", "geometry": {"type": "LineString", "coordinates": [[-96.808794, 32.7892205], [-96.8088035, 32.7893222], [-96.808853, 32.7896518]]}, "properties": {"class": "secondary"}}, {"type": "Feature", "geometry": {"type": "LineString", "coordinates": [[-96.8087859, 32.7891017], [-96.808794, 32.7892205]]}, "properties": {"class": "secondary"}}, {"type": "Feature", "geometry": {"type": "LineString", "coordinates": [[-96.8086645, 32.7875599], [-96.808747, 32.7886372]]}, "properties": {"class": "secondary"}}, {"type": "Feature", "geometry": {"type": "LineString", "coordinates": [[-96.8086373, 32.7872472], [-96.8086475, 32.7873341], [-96.8086645, 32.7875599]]}, "properties": {"class": "secondary"}}, {"type": "Feature", "geometry": {"type": "LineString", "coordinates": [[-96.8086245, 32.7871138], [-96.8086373, 32.7872472]]}, "properties": {"class": "secondary"}}, {"type": "Feature", "geometry": {"type": "LineString", "coordinates": [[-96.8087875, 32.785987], [-96.8087404, 32.7861969], [-96.8087214, 32.7862838], [-96.8086317, 32.7867036]]}, "properties": {"class": "secondary"}}, {"type": "Feature", "geometry": {"type": "LineString", "coordinates": [[-96.8088311, 32.7857686], [-96.8087875, 32.785987]]}, "properties": {"class": "secondary"}}, {"type": "Feature", "geometry": {"type": "LineString", "coordinates": [[-96.808878, 32.7855216], [-96.8088584, 32.7856335], [-96.8088311, 32.7857686]]}, "properties": {"class": "secondary"}}, {"type": "Feature", "geometry": {"type": "LineString", "coordinates": [[-96.8089136, 32.7852913], [-96.8089055, 32.7853694], [-96.808878, 32.7855216]]}, "properties": {"class": "secondary"}}, {"type": "Feature", "geometry": {"type": "LineString", "coordinates": [[-96.8089337, 32.784683], [-96.8089182, 32.785208], [-96.8089136, 32.7852913]]}, "properties": {"class": "secondary"}}, {"type": "Feature", "geometry": {"type": "LineString", "coordinates": [[-96.8010169, 32.7794734], [-96.8008029, 32.7795178], [-96.8007171, 32.7795356]]}, "properties": {"class": "secondary"}}, {"type": "Feature", "geometry": {"type": "LineString", "coordinates": [[-96.8039074, 32.7852359], [-96.8038386, 32.7851637], [-96.8036377, 32.784983]]}, "properties": {"class": "tertiary"}}, {"type": "Feature", "geometry": {"type": "LineString", "coordinates": [[-96.79334, 32.785292], [-96.7934326, 32.7852114], [-96.7934983, 32.7851559]]}, "properties": {"class": "tertiary"}}, {"type": "Feature", "geometry": {"type": "LineString", "coordinates": [[-96.7831003, 32.7904273], [-96.7830063, 32.7904968]]}, "properties": {"class": "residential"}}, {"type": "Feature", "geometry": {"type": "LineString", "coordinates": [[-96.7836497, 32.7900474], [-96.7831003, 32.7904273]]}, "properties": {"class": "residential"}}, {"type": "Feature", "geometry": {"type": "LineString", "coordinates": [[-96.7827797, 32.79083], [-96.7829997, 32.7910452]]}, "properties": {"class": "residential"}}, {"type": "Feature", "geometry": {"type": "LineString", "coordinates": [[-96.7828412, 32.791187], [-96.7827797, 32.79083]]}, "properties": {"class": "residential"}}, {"type": "Feature", "geometry": {"type": "LineString", "coordinates": [[-96.7752639, 32.784773], [-96.7750417, 32.7844728]]}, "properties": {"class": "secondary"}}, {"type": "Feature", "geometry": {"type": "LineString", "coordinates": [[-96.8051203, 32.7921255], [-96.805177, 32.791994]]}, "properties": {"class": "secondary"}}, {"type": "Feature", "geometry": {"type": "LineString", "coordinates": [[-96.80769, 32.790219], [-96.807694, 32.790407], [-96.807687, 32.790571]]}, "properties": {"class": "secondary"}}, {"type": "Feature", "geometry": {"type": "LineString", "coordinates": [[-96.807687, 32.790571], [-96.8076737, 32.79091], [-96.8076545, 32.7911375], [-96.807641, 32.79122], [-96.80762, 32.791282]]}, "properties": {"class": "secondary"}}, {"type": "Feature", "geometry": {"type": "LineString", "coordinates": [[-96.7811946, 32.7870803], [-96.781178, 32.7870786], [-96.7811308, 32.7870755], [-96.7808426, 32.7870569], [-96.7805701, 32.7870526], [-96.7803479, 32.7870595], [-96.7801859, 32.787068]]}, "properties": {"class": "tertiary"}}, {"type": "Feature", "geometry": {"type": "LineString", "coordinates": [[-96.7831058, 32.7876166], [-96.7824452, 32.7873603], [-96.7823155, 32.7873086]]}, "properties": {"class": "tertiary"}}, {"type": "Feature", "geometry": {"type": "LineString", "coordinates": [[-96.782355, 32.7872736], [-96.7823155, 32.7873086]]}, "properties": {"class": "residential"}}, {"type": "Feature", "geometry": {"type": "LineString", "coordinates": [[-96.7801859, 32.787068], [-96.7796525, 32.7871269], [-96.7794912, 32.7871428]]}, "properties": {"class": "tertiary"}}, {"type": "Feature", "geometry": {"type": "LineString", "coordinates": [[-96.7831058, 32.7876166], [-96.7832964, 32.7876869], [-96.7834309, 32.7877284], [-96.7836153, 32.787763], [-96.7837579, 32.7877727], [-96.7837991, 32.7877755], [-96.7839476, 32.7877736]]}, "properties": {"class": "tertiary"}}, {"type": "Feature", "geometry": {"type": "LineString", "coordinates": [[-96.7839476, 32.7877736], [-96.7840302, 32.7877609], [-96.7841216, 32.7877439], [-96.7841502, 32.7877366], [-96.7842177, 32.7877194], [-96.7843568, 32.7876671]]}, "properties": {"class": "tertiary"}}, {"type": "Feature", "geometry": {"type": "LineString", "coordinates": [[-96.7838971, 32.7873911], [-96.7838301, 32.7872759], [-96.7836463, 32.7870808], [-96.783365, 32.7868541], [-96.783281, 32.7867864], [-96.7831083, 32.7866472]]}, "properties": {"class": "tertiary"}}, {"type": "Feature", "geometry": {"type": "LineString", "coordinates": [[-96.8033201, 32.787474], [-96.8031817, 32.7875905], [-96.8030901, 32.7876675]]}, "properties": {"class": "secondary"}}, {"type": "Feature", "geometry": {"type": "LineString", "coordinates": [[-96.7821876, 32.776233], [-96.7824901, 32.7765848], [-96.7826792, 32.7768251], [-96.7829603, 32.7771823], [-96.7829916, 32.7772221]]}, "properties": {"class": "secondary"}}, {"type": "Feature", "geometry": {"type": "LineString", "coordinates": [[-96.784282, 32.778809], [-96.7841458, 32.7786445], [-96.7840033, 32.7784723], [-96.783845, 32.778281], [-96.7837953, 32.7782216]]}, "properties": {"class": "secondary"}}, {"type": "Feature", "geometry": {"type": "LineString", "coordinates": [[-96.7853034, 32.7799895], [-96.7851273, 32.7797861]]}, "properties": {"class": "secondary"}}, {"type": "Feature", "geometry": {"type": "LineString", "coordinates": [[-96.7853661, 32.7800619], [-96.7853034, 32.7799895]]}, "properties": {"class": "secondary"}}, {"type": "Feature", "geometry": {"type": "LineString", "coordinates": [[-96.785865, 32.780623], [-96.7854348, 32.7801395], [-96.7853661, 32.7800619]]}, "properties": {"class": "secondary"}}, {"type": "Feature", "geometry": {"type": "LineString", "coordinates": [[-96.7769808, 32.776992], [-96.7780877, 32.7763296], [-96.7789308, 32.7758078]]}, "properties": {"class": "residential"}}, {"type": "Feature", "geometry": {"type": "LineString", "coordinates": [[-96.7792481, 32.7728667], [-96.7793934, 32.7730299], [-96.7796963, 32.773376], [-96.7797661, 32.7734557], [-96.7800863, 32.7738297], [-96.7804522, 32.7742621], [-96.7807539, 32.7746204]]}, "properties": {"class": "secondary"}}, {"type": "Feature", "geometry": {"type": "LineString", "coordinates": [[-96.782595, 32.780804], [-96.782542, 32.780748], [-96.782348, 32.780614], [-96.78214, 32.7804865], [-96.7821, 32.7804655], [-96.782048, 32.7804535]]}, "properties": {"class": "residential"}}, {"type": "Feature", "geometry": {"type": "LineString", "coordinates": [[-96.782469, 32.775078], [-96.7817144, 32.7755421], [-96.781609, 32.775607]]}, "properties": {"class": "residential"}}, {"type": "Feature", "geometry": {"type": "LineString", "coordinates": [[-96.8051519, 32.7929654], [-96.8050498, 32.7929774]]}, "properties": {"class": "secondary"}}, {"type": "Feature", "geometry": {"type": "LineString", "coordinates": [[-96.805106, 32.7930841], [-96.8051519, 32.7929654]]}, "properties": {"class": "secondary"}}, {"type": "Feature", "geometry": {"type": "LineString", "coordinates": [[-96.7928093, 32.7844339], [-96.7927774, 32.7843432], [-96.7927301, 32.7841269]]}, "properties": {"class": "secondary"}}, {"type": "Feature", "geometry": {"type": "LineString", "coordinates": [[-96.8000757, 32.7902179], [-96.7999598, 32.7903133]]}, "properties": {"class": "secondary"}}, {"type": "Feature", "geometry": {"type": "LineString", "coordinates": [[-96.8098685, 32.7537453], [-96.8099615, 32.7536496], [-96.8101565, 32.7534488]]}, "properties": {"class": "secondary"}}, {"type": "Feature", "geometry": {"type": "LineString", "coordinates": [[-96.7915888, 32.7888948], [-96.7916137, 32.7890724]]}, "properties": {"class": "primary"}}, {"type": "Feature", "geometry": {"type": "LineString", "coordinates": [[-96.8076338, 32.7923185], [-96.8075617, 32.7923858], [-96.8075443, 32.7924024], [-96.8073584, 32.7925685], [-96.8073136, 32.7926085], [-96.80708, 32.7928174], [-96.8070277, 32.7928642], [-96.8069804, 32.7929064], [-96.8067207, 32.7931385], [-96.8066647, 32.7931886]]}, "properties": {"class": "residential"}}, {"type": "Feature", "geometry": {"type": "LineString", "coordinates": [[-96.8076338, 32.7923185], [-96.8075953, 32.792285]]}, "properties": {"class": "secondary"}}, {"type": "Feature", "geometry": {"type": "LineString", "coordinates": [[-96.7909864, 32.7819818], [-96.7910858, 32.7822728], [-96.7911112, 32.7823567]]}, "properties": {"class": "primary"}}, {"type": "Feature", "geometry": {"type": "LineString", "coordinates": [[-96.804771, 32.7862949], [-96.8047027, 32.7863354], [-96.8045443, 32.7864614]]}, "properties": {"class": "secondary"}}, {"type": "Feature", "geometry": {"type": "LineString", "coordinates": [[-96.8060531, 32.7885534], [-96.8058613, 32.7887171], [-96.8058051, 32.7887651], [-96.8057602, 32.7888035]]}, "properties": {"class": "secondary"}}, {"type": "Feature", "geometry": {"type": "LineString", "coordinates": [[-96.8051107, 32.7919917], [-96.805177, 32.791994]]}, "properties": {"class": "secondary"}}, {"type": "Feature", "geometry": {"type": "LineString", "coordinates": [[-96.8043242, 32.7817018], [-96.8042176, 32.7817909]]}, "properties": {"class": "tertiary"}}, {"type": "Feature", "geometry": {"type": "LineString", "coordinates": [[-96.804581, 32.7815015], [-96.8043242, 32.7817018]]}, "properties": {"class": "tertiary"}}, {"type": "Feature", "geometry": {"type": "LineString", "coordinates": [[-96.8119712, 32.7587594], [-96.8121344, 32.7587606]]}, "properties": {"class": "tertiary"}}, {"type": "Feature", "geometry": {"type": "LineString", "coordinates": [[-96.8167871, 32.7587816], [-96.8166115, 32.758781], [-96.8162034, 32.7587821], [-96.8157767, 32.7587829], [-96.8156648, 32.7587838]]}, "properties": {"class": "tertiary"}}, {"type": "Feature", "geometry": {"type": "LineString", "coordinates": [[-96.81567, 32.7600015], [-96.8156645, 32.7594354], [-96.815665, 32.7588629], [-96.8156648, 32.7587838]]}, "properties": {"class": "tertiary"}}, {"type": "Feature", "geometry": {"type": "LineString", "coordinates": [[-96.7967538, 32.7874115], [-96.796692, 32.7874601], [-96.796255, 32.7878093], [-96.7960483, 32.7879818]]}, "properties": {"class": "tertiary"}}, {"type": "Feature", "geometry": {"type": "LineString", "coordinates": [[-96.776522, 32.7964386], [-96.7765884, 32.7964951], [-96.7767835, 32.796664], [-96.77736, 32.7971609], [-96.7776102, 32.7973804], [-96.7777346, 32.7974895], [-96.777776, 32.7975258], [-96.7779131, 32.7976481], [-96.7781046, 32.7978116], [-96.778178, 32.797874]]}, "properties": {"class": "secondary"}}, {"type": "Feature", "geometry": {"type": "LineString", "coordinates": [[-96.778178, 32.797874], [-96.7782552, 32.7978105], [-96.7784214, 32.7976736], [-96.7785838, 32.7975398], [-96.7788541, 32.7973172], [-96.7792041, 32.797029], [-96.7797787, 32.7965558], [-96.779846, 32.796501]]}, "properties": {"class": "tertiary"}}, {"type": "Feature", "geometry": {"type": "LineString", "coordinates": [[-96.779846, 32.796501], [-96.7799002, 32.796456], [-96.7799873, 32.7963837], [-96.7802323, 32.7961822], [-96.7806785, 32.7958275], [-96.7807552, 32.7957636], [-96.78172, 32.7950009], [-96.7817714, 32.7949604]]}, "properties": {"class": "tertiary"}}, {"type": "Feature", "geometry": {"type": "LineString", "coordinates": [[-96.779846, 32.796501], [-96.7797736, 32.7964371], [-96.7791716, 32.7959213], [-96.778741, 32.7955562], [-96.778241, 32.7951312], [-96.7781832, 32.7950821]]}, "properties": {"class": "secondary"}}, {"type": "Feature", "geometry": {"type": "LineString", "coordinates": [[-96.806283, 32.7799561], [-96.8064014, 32.7799319], [-96.8065905, 32.7798933], [-96.8068064, 32.7798493], [-96.807111, 32.779787], [-96.8071809, 32.7797728]]}, "properties": {"class": "secondary"}}, {"type": "Feature", "geometry": {"type": "LineString", "coordinates": [[-96.7932479, 32.7849098], [-96.7931613, 32.7848626], [-96.7930725, 32.7848038], [-96.7930157, 32.7847558]]}, "properties": {"class": "secondary"}}, {"type": "Feature", "geometry": {"type": "LineString", "coordinates": [[-96.796586, 32.7742743], [-96.7964111, 32.7741011], [-96.7963672, 32.7740576]]}, "properties": {"class": "secondary"}}, {"type": "Feature", "geometry": {"type": "LineString", "coordinates": [[-96.7963672, 32.7740576], [-96.7962085, 32.7739004], [-96.7961416, 32.7738342]]}, "properties": {"class": "secondary"}}, {"type": "Feature", "geometry": {"type": "LineString", "coordinates": [[-96.8038584, 32.7781016], [-96.8038841, 32.7781923], [-96.8040505, 32.7787572], [-96.8040734, 32.7788307]]}, "properties": {"class": "secondary"}}, {"type": "Feature", "geometry": {"type": "LineString", "coordinates": [[-96.802053, 32.77673], [-96.8020817, 32.7768346]]}, "properties": {"class": "secondary"}}, {"type": "Feature", "geometry": {"type": "LineString", "coordinates": [[-96.77454, 32.7879018], [-96.774638, 32.7879869], [-96.7751038, 32.7883911]]}, "properties": {"class": "tertiary"}}, {"type": "Feature", "geometry": {"type": "LineString", "coordinates": [[-96.7761391, 32.7892893], [-96.7762022, 32.7893425], [-96.7766108, 32.7896872], [-96.7771083, 32.7901217], [-96.7771602, 32.790167]]}, "properties": {"class": "tertiary"}}, {"type": "Feature", "geometry": {"type": "LineString", "coordinates": [[-96.7831083, 32.7866472], [-96.7830347, 32.7867125], [-96.7827174, 32.7869715]]}, "properties": {"class": "residential"}}, {"type": "Feature", "geometry": {"type": "LineString", "coordinates": [[-96.8035829, 32.7819029], [-96.8035563, 32.781844], [-96.8035253, 32.7817671], [-96.8035063, 32.7816955], [-96.8034862, 32.7816168]]}, "properties": {"class": "secondary"}}, {"type": "Feature", "geometry": {"type": "LineString", "coordinates": [[-96.7739451, 32.7605747], [-96.7739013, 32.7606196], [-96.773876, 32.7606453], [-96.7738378, 32.7606656], [-96.7738022, 32.7606763], [-96.7737574, 32.760678], [-96.7737045, 32.7606675]]}, "properties": {"class": "residential"}}, {"type": "Feature", "geometry": {"type": "LineString", "coordinates": [[-96.7834116, 32.7777501], [-96.7837153, 32.7775533], [-96.7840898, 32.7773231], [-96.7843007, 32.7772641]]}, "properties": {"class": "motorway"}}, {"type": "Feature", "geometry": {"type": "LineString", "coordinates": [[-96.784002, 32.7769346], [-96.7836494, 32.7774215], [-96.7834116, 32.7777501]]}, "properties": {"class": "motorway"}}, {"type": "Feature", "geometry": {"type": "LineString", "coordinates": [[-96.8159718, 32.7990329], [-96.815486, 32.798717], [-96.815456, 32.798703], [-96.8152, 32.798571], [-96.815036, 32.7984783]]}, "properties": {"class": "primary"}}, {"type": "Feature", "geometry": {"type": "LineString", "coordinates": [[-96.7897649, 32.7802961], [-96.78992, 32.7802098]]}, "properties": {"class": "secondary"}}, {"type": "Feature", "geometry": {"type": "LineString", "coordinates": [[-96.8071475, 32.7764737], [-96.8070455, 32.7761391]]}, "properties": {"class": "secondary"}}, {"type": "Feature", "geometry": {"type": "LineString", "coordinates": [[-96.8096409, 32.7533864], [-96.8096456, 32.7515732]]}, "properties": {"class": "motorway"}}, {"type": "Feature", "geometry": {"type": "LineString", "coordinates": [[-96.783681, 32.7985558], [-96.7829965, 32.7991352], [-96.7829481, 32.7991755]]}, "properties": {"class": "residential"}}, {"type": "Feature", "geometry": {"type": "LineString", "coordinates": [[-96.8004821, 32.7858911], [-96.8008952, 32.7855453], [-96.800978, 32.785476]]}, "properties": {"class": "secondary"}}, {"type": "Feature", "geometry": {"type": "LineString", "coordinates": [[-96.797573, 32.785505], [-96.7974218, 32.7853745], [-96.7973265, 32.7852922], [-96.7973023, 32.7852711], [-96.7971557, 32.7851485], [-96.7970852, 32.7850897]]}, "properties": {"class": "tertiary"}}, {"type": "Feature", "geometry": {"type": "LineString", "coordinates": [[-96.8021162, 32.7951675], [-96.8021329, 32.7951654], [-96.8022127, 32.7951552], [-96.8022633, 32.7951732], [-96.8024176, 32.7953056]]}, "properties": {"class": "residential"}}, {"type": "Feature", "geometry": {"type": "LineString", "coordinates": [[-96.8018943, 32.7951022], [-96.801975, 32.7951661], [-96.8020112, 32.795182], [-96.8020987, 32.7951699], [-96.8021162, 32.7951675]]}, "properties": {"class": "residential"}}, {"type": "Feature", "geometry": {"type": "LineString", "coordinates": [[-96.7983587, 32.7876893], [-96.7983996, 32.7876548], [-96.7984298, 32.7876302], [-96.7986595, 32.7874312]]}, "properties": {"class": "secondary"}}, {"type": "Feature", "geometry": {"type": "LineString", "coordinates": [[-96.7986595, 32.7874312], [-96.7989088, 32.7872152]]}, "properties": {"class": "secondary"}}, {"type": "Feature", "geometry": {"type": "LineString", "coordinates": [[-96.7989088, 32.7872152], [-96.7991669, 32.7869915], [-96.799239, 32.786929]]}, "properties": {"class": "secondary"}}, {"type": "Feature", "geometry": {"type": "LineString", "coordinates": [[-96.802273, 32.7923197], [-96.8017891, 32.7918587], [-96.8015498, 32.791633], [-96.8015064, 32.7915895], [-96.8011783, 32.7912664], [-96.8010994, 32.7911889]]}, "properties": {"class": "secondary"}}, {"type": "Feature", "geometry": {"type": "LineString", "coordinates": [[-96.8024307, 32.7924779], [-96.802273, 32.7923197]]}, "properties": {"class": "secondary"}}, {"type": "Feature", "geometry": {"type": "LineString", "coordinates": [[-96.8025566, 32.7926042], [-96.8024307, 32.7924779]]}, "properties": {"class": "secondary"}}, {"type": "Feature", "geometry": {"type": "LineString", "coordinates": [[-96.8009767, 32.789449], [-96.8009012, 32.7895135], [-96.8007457, 32.7896463], [-96.8005829, 32.7897854]]}, "properties": {"class": "secondary"}}, {"type": "Feature", "geometry": {"type": "LineString", "coordinates": [[-96.8025448, 32.7881149], [-96.8024894, 32.7881619], [-96.8016716, 32.7888539], [-96.8016003, 32.7889156]]}, "properties": {"class": "secondary"}}, {"type": "Feature", "geometry": {"type": "LineString", "coordinates": [[-96.799517, 32.7866971], [-96.7998932, 32.7863831]]}, "properties": {"class": "secondary"}}, {"type": "Feature", "geometry": {"type": "LineString", "coordinates": [[-96.7998932, 32.7863831], [-96.8001416, 32.7861757], [-96.8001939, 32.7861321]]}, "properties": {"class": "secondary"}}, {"type": "Feature", "geometry": {"type": "LineString", "coordinates": [[-96.7820954, 32.7895393], [-96.7821849, 32.7896184], [-96.7824265, 32.7898319]]}, "properties": {"class": "residential"}}, {"type": "Feature", "geometry": {"type": "LineString", "coordinates": [[-96.7784883, 32.7836604], [-96.7785902, 32.783996], [-96.7786159, 32.7840806]]}, "properties": {"class": "tertiary"}}, {"type": "Feature", "geometry": {"type": "LineString", "coordinates": [[-96.7786159, 32.7840806], [-96.778643, 32.7841697], [-96.7787018, 32.784363], [-96.7787052, 32.7843744], [-96.7787334, 32.7844671]]}, "properties": {"class": "tertiary"}}, {"type": "Feature", "geometry": {"type": "LineString", "coordinates": [[-96.7790099, 32.7851926], [-96.7789328, 32.7849227], [-96.7789085, 32.7848572]]}, "properties": {"class": "tertiary"}}, {"type": "Feature", "geometry": {"type": "LineString", "coordinates": [[-96.7793803, 32.7864697], [-96.7793199, 32.7862548]]}, "properties": {"class": "tertiary"}}, {"type": "Feature", "geometry": {"type": "LineString", "coordinates": [[-96.7796888, 32.7874281], [-96.7800568, 32.7877725]]}, "properties": {"class": "residential"}}, {"type": "Feature", "geometry": {"type": "LineString", "coordinates": [[-96.7797085, 32.7880596], [-96.7795887, 32.7881542]]}, "properties": {"class": "residential"}}, {"type": "Feature", "geometry": {"type": "LineString", "coordinates": [[-96.7769606, 32.79211], [-96.776911, 32.7921505], [-96.7764605, 32.7925159], [-96.776152, 32.7927629], [-96.7758916, 32.7929702], [-96.7758411, 32.7930145]]}, "properties": {"class": "residential"}}, {"type": "Feature", "geometry": {"type": "LineString", "coordinates": [[-96.7774012, 32.7903703], [-96.7777163, 32.7906342], [-96.7781129, 32.7909662]]}, "properties": {"class": "tertiary"}}, {"type": "Feature", "geometry": {"type": "LineString", "coordinates": [[-96.7774679, 32.7925431], [-96.7778816, 32.7928958], [-96.7779122, 32.792923], [-96.7779874, 32.7929869]]}, "properties": {"class": "residential"}}, {"type": "Feature", "geometry": {"type": "LineString", "coordinates": [[-96.773268, 32.7889563], [-96.7737928, 32.7894025], [-96.7738501, 32.7894534]]}, "properties": {"class": "residential"}}, {"type": "Feature", "geometry": {"type": "LineString", "coordinates": [[-96.7759758, 32.7891476], [-96.7760638, 32.7892239], [-96.7761391, 32.7892893]]}, "properties": {"class": "tertiary"}}, {"type": "Feature", "geometry": {"type": "LineString", "coordinates": [[-96.7758349, 32.7890253], [-96.7759758, 32.7891476]]}, "properties": {"class": "tertiary"}}, {"type": "Feature", "geometry": {"type": "LineString", "coordinates": [[-96.7800251, 32.7926328], [-96.7799565, 32.7926901], [-96.7795433, 32.7930332], [-96.7795328, 32.7930424], [-96.7794913, 32.7930787]]}, "properties": {"class": "residential"}}, {"type": "Feature", "geometry": {"type": "LineString", "coordinates": [[-96.7789085, 32.7848572], [-96.778802, 32.7848798], [-96.7783294, 32.7849737], [-96.7778135, 32.7850761]]}, "properties": {"class": "secondary"}}, {"type": "Feature", "geometry": {"type": "LineString", "coordinates": [[-96.7775906, 32.7842941], [-96.7775636, 32.7841996], [-96.7775557, 32.7841723], [-96.7774679, 32.7838642], [-96.7773797, 32.7835508], [-96.7773734, 32.7835325], [-96.777356, 32.7834714]]}, "properties": {"class": "residential"}}, {"type": "Feature", "geometry": {"type": "LineString", "coordinates": [[-96.7775906, 32.7842941], [-96.7763035, 32.7845536]]}, "properties": {"class": "secondary"}}, {"type": "Feature", "geometry": {"type": "LineString", "coordinates": [[-96.7817331, 32.78716], [-96.7815444, 32.7871248], [-96.7813532, 32.7870966], [-96.7811946, 32.7870803]]}, "properties": {"class": "tertiary"}}, {"type": "Feature", "geometry": {"type": "LineString", "coordinates": [[-96.7823155, 32.7873086], [-96.7821439, 32.7872502], [-96.7819401, 32.7872021], [-96.7817331, 32.78716]]}, "properties": {"class": "tertiary"}}, {"type": "Feature", "geometry": {"type": "LineString", "coordinates": [[-96.7839476, 32.7877736], [-96.7839461, 32.787639], [-96.7839434, 32.7876146], [-96.7839356, 32.7875429], [-96.7838971, 32.7873911]]}, "properties": {"class": "tertiary"}}, {"type": "Feature", "geometry": {"type": "LineString", "coordinates": [[-96.8156198, 32.7611988], [-96.8156618, 32.7610575], [-96.8156984, 32.7608854], [-96.8157219, 32.7607058], [-96.815713, 32.760503], [-96.8156811, 32.760124], [-96.81567, 32.7600015]]}, "properties": {"class": "tertiary"}}, {"type": "Feature", "geometry": {"type": "LineString", "coordinates": [[-96.8153283, 32.7615214], [-96.8151604, 32.7617077], [-96.8150542, 32.7618229], [-96.8149423, 32.7619228]]}, "properties": {"class": "tertiary"}}, {"type": "Feature", "geometry": {"type": "LineString", "coordinates": [[-96.8200993, 32.7899184], [-96.8204829, 32.7903826], [-96.8206529, 32.7905838], [-96.8207687, 32.7907208], [-96.821047, 32.79104]]}, "properties": {"class": "secondary"}}, {"type": "Feature", "geometry": {"type": "LineString", "coordinates": [[-96.8199111, 32.7896682], [-96.8200993, 32.7899184]]}, "properties": {"class": "secondary"}}, {"type": "Feature", "geometry": {"type": "LineString", "coordinates": [[-96.8185195, 32.7877841], [-96.8186858, 32.788014], [-96.8187294, 32.7880743]]}, "properties": {"class": "secondary"}}, {"type": "Feature", "geometry": {"type": "LineString", "coordinates": [[-96.8180744, 32.7871689], [-96.8185195, 32.7877841]]}, "properties": {"class": "secondary"}}, {"type": "Feature", "geometry": {"type": "LineString", "coordinates": [[-96.817868, 32.7868916], [-96.8180744, 32.7871689]]}, "properties": {"class": "secondary"}}, {"type": "Feature", "geometry": {"type": "LineString", "coordinates": [[-96.8173649, 32.7862157], [-96.817868, 32.7868916]]}, "properties": {"class": "secondary"}}, {"type": "Feature", "geometry": {"type": "LineString", "coordinates": [[-96.8171892, 32.7859744], [-96.817223, 32.7860209], [-96.8173649, 32.7862157]]}, "properties": {"class": "secondary"}}, {"type": "Feature", "geometry": {"type": "LineString", "coordinates": [[-96.816363, 32.7848435], [-96.8170769, 32.7858202], [-96.8171892, 32.7859744]]}, "properties": {"class": "secondary"}}, {"type": "Feature", "geometry": {"type": "LineString", "coordinates": [[-96.8162006, 32.7846089], [-96.816363, 32.7848435]]}, "properties": {"class": "secondary"}}, {"type": "Feature", "geometry": {"type": "LineString", "coordinates": [[-96.8156458, 32.783845], [-96.8156956, 32.783921], [-96.8157244, 32.7839679], [-96.8158381, 32.7841323], [-96.8160218, 32.7843762], [-96.8162006, 32.7846089]]}, "properties": {"class": "secondary"}}, {"type": "Feature", "geometry": {"type": "LineString", "coordinates": [[-96.8052874, 32.7793733], [-96.8054589, 32.7793362], [-96.8058173, 32.7792603], [-96.805974, 32.7792261], [-96.8060653, 32.7792072]]}, "properties": {"class": "secondary"}}, {"type": "Feature", "geometry": {"type": "LineString", "coordinates": [[-96.8101939, 32.7915325], [-96.8102832, 32.7916249], [-96.8104404, 32.7917939]]}, "properties": {"class": "secondary"}}, {"type": "Feature", "geometry": {"type": "LineString", "coordinates": [[-96.7944117, 32.7999538], [-96.7945636, 32.8000855], [-96.7946157, 32.8001316]]}, "properties": {"class": "tertiary"}}, {"type": "Feature", "geometry": {"type": "LineString", "coordinates": [[-96.7946157, 32.8001316], [-96.7946641, 32.8001743], [-96.7947483, 32.8002469], [-96.7948484, 32.8003331]]}, "properties": {"class": "tertiary"}}, {"type": "Feature", "geometry": {"type": "LineString", "coordinates": [[-96.7940047, 32.7996038], [-96.7944117, 32.7999538]]}, "properties": {"class": "tertiary"}}, {"type": "Feature", "geometry": {"type": "LineString", "coordinates": [[-96.8051203, 32.7921255], [-96.8052111, 32.7922257], [-96.8054312, 32.792463], [-96.8057044, 32.7927565], [-96.8057289, 32.7927828], [-96.8057725, 32.7928296], [-96.8058315, 32.7928971], [-96.8060641, 32.7931632]]}, "properties": {"class": "secondary"}}, {"type": "Feature", "geometry": {"type": "LineString", "coordinates": [[-96.8050888, 32.7917322], [-96.8050974, 32.7918329], [-96.8050999, 32.7918628], [-96.8051107, 32.7919917]]}, "properties": {"class": "secondary"}}, {"type": "Feature", "geometry": {"type": "LineString", "coordinates": [[-96.7937387, 32.7985097], [-96.7938618, 32.7984051], [-96.7938795, 32.7983917], [-96.7939013, 32.7983836], [-96.7939164, 32.798382]]}, "properties": {"class": "residential"}}, {"type": "Feature", "geometry": {"type": "LineString", "coordinates": [[-96.8078333, 32.7788384], [-96.8078053, 32.778747], [-96.8077479, 32.7785568]]}, "properties": {"class": "secondary"}}, {"type": "Feature", "geometry": {"type": "LineString", "coordinates": [[-96.8077479, 32.7785568], [-96.8077121, 32.7784379]]}, "properties": {"class": "secondary"}}, {"type": "Feature", "geometry": {"type": "LineString", "coordinates": [[-96.8080637, 32.7795692], [-96.8080317, 32.7794684], [-96.807999, 32.7793655]]}, "properties": {"class": "secondary"}}, {"type": "Feature", "geometry": {"type": "LineString", "coordinates": [[-96.807999, 32.7793655], [-96.807958, 32.7792363]]}, "properties": {"class": "secondary"}}, {"type": "Feature", "geometry": {"type": "LineString", "coordinates": [[-96.7776573, 32.7897533], [-96.7775875, 32.7898114], [-96.7774564, 32.7899205], [-96.7774147, 32.7899553], [-96.7772239, 32.790114], [-96.7771602, 32.790167]]}, "properties": {"class": "residential"}}, {"type": "Feature", "geometry": {"type": "LineString", "coordinates": [[-96.77879, 32.7888106], [-96.7787422, 32.7888504]]}, "properties": {"class": "residential"}}, {"type": "Feature", "geometry": {"type": "LineString", "coordinates": [[-96.7788522, 32.7887586], [-96.7788402, 32.7887687], [-96.77879, 32.7888106]]}, "properties": {"class": "residential"}}, {"type": "Feature", "geometry": {"type": "LineString", "coordinates": [[-96.7777217, 32.7896998], [-96.7776573, 32.7897533]]}, "properties": {"class": "residential"}}, {"type": "Feature", "geometry": {"type": "LineString", "coordinates": [[-96.7825182, 32.7697125], [-96.7819389, 32.770321]]}, "properties": {"class": "residential"}}, {"type": "Feature", "geometry": {"type": "LineString", "coordinates": [[-96.8105213, 32.7718093], [-96.8104081, 32.7716615], [-96.810173, 32.7714413], [-96.8094271, 32.7708794], [-96.8085743, 32.7704029]]}, "properties": {"class": "motorway"}}, {"type": "Feature", "geometry": {"type": "LineString", "coordinates": [[-96.7996717, 32.7704404], [-96.8002406, 32.7698714]]}, "properties": {"class": "secondary"}}, {"type": "Feature", "geometry": {"type": "LineString", "coordinates": [[-96.801695, 32.7683423], [-96.8015291, 32.7685058], [-96.801396, 32.768637], [-96.8013509, 32.7686895], [-96.8012951, 32.7687622], [-96.8012707, 32.7687949], [-96.8010543, 32.7690231]]}, "properties": {"class": "secondary"}}, {"type": "Feature", "geometry": {"type": "LineString", "coordinates": [[-96.8010543, 32.7690231], [-96.8002781, 32.7697845], [-96.8002406, 32.7698714]]}, "properties": {"class": "secondary"}}, {"type": "Feature", "geometry": {"type": "LineString", "coordinates": [[-96.8017588, 32.7684225], [-96.8019088, 32.7682759], [-96.8021997, 32.767995], [-96.8022865, 32.7678249]]}, "properties": {"class": "secondary"}}, {"type": "Feature", "geometry": {"type": "LineString", "coordinates": [[-96.8022865, 32.7678249], [-96.8021023, 32.7679371], [-96.8018208, 32.7682165], [-96.801695, 32.7683423]]}, "properties": {"class": "secondary"}}, {"type": "Feature", "geometry": {"type": "LineString", "coordinates": [[-96.8003588, 32.7697822], [-96.8010867, 32.7690611]]}, "properties": {"class": "secondary"}}, {"type": "Feature", "geometry": {"type": "LineString", "coordinates": [[-96.8152638, 32.783007], [-96.8153343, 32.7829754], [-96.8153738, 32.782963], [-96.8166353, 32.7829067], [-96.8168046, 32.7828841], [-96.8169383, 32.7828544], [-96.817072, 32.782813], [-96.8174262, 32.7826446]]}, "properties": {"class": "residential"}}, {"type": "Feature", "geometry": {"type": "LineString", "coordinates": [[-96.8023722, 32.7533058], [-96.8023998, 32.753369], [-96.8030387, 32.7537982], [-96.8030715, 32.7538087], [-96.8031044, 32.7538101]]}, "properties": {"class": "residential"}}, {"type": "Feature", "geometry": {"type": "LineString", "coordinates": [[-96.7839846, 32.7951542], [-96.7839375, 32.7951922], [-96.7837581, 32.7953367], [-96.7836519, 32.7954223], [-96.7835254, 32.7955216], [-96.7835062, 32.7955397], [-96.783442, 32.7955915]]}, "properties": {"class": "tertiary"}}, {"type": "Feature", "geometry": {"type": "LineString", "coordinates": [[-96.7927092, 32.7858269], [-96.79334, 32.785292]]}, "properties": {"class": "tertiary"}}, {"type": "Feature", "geometry": {"type": "LineString", "coordinates": [[-96.7815863, 32.7708891], [-96.7812651, 32.7710934], [-96.7811605, 32.7711609]]}, "properties": {"class": "residential"}}, {"type": "Feature", "geometry": {"type": "LineString", "coordinates": [[-96.8105876, 32.7530838], [-96.8106957, 32.7531158], [-96.8107609, 32.7531234], [-96.8108209, 32.7531304]]}, "properties": {"class": "secondary"}}, {"type": "Feature", "geometry": {"type": "LineString", "coordinates": [[-96.7910668, 32.7892569], [-96.79063, 32.7896443]]}, "properties": {"class": "tertiary"}}, {"type": "Feature", "geometry": {"type": "LineString", "coordinates": [[-96.7881714, 32.7896123], [-96.788327, 32.7894866], [-96.7884478, 32.789389], [-96.7885111, 32.7893379]]}, "properties": {"class": "tertiary"}}, {"type": "Feature", "geometry": {"type": "LineString", "coordinates": [[-96.7890633, 32.7888716], [-96.7893336, 32.7886433], [-96.7893887, 32.7885968]]}, "properties": {"class": "tertiary"}}, {"type": "Feature", "geometry": {"type": "LineString", "coordinates": [[-96.7889141, 32.7889976], [-96.7890633, 32.7888716]]}, "properties": {"class": "tertiary"}}, {"type": "Feature", "geometry": {"type": "LineString", "coordinates": [[-96.7893887, 32.7885968], [-96.7894525, 32.7885429], [-96.7896944, 32.7883383]]}, "properties": {"class": "tertiary"}}, {"type": "Feature", "geometry": {"type": "LineString", "coordinates": [[-96.7896944, 32.7883383], [-96.7898023, 32.788247], [-96.7904449, 32.7877034], [-96.790489, 32.7876661]]}, "properties": {"class": "tertiary"}}, {"type": "Feature", "geometry": {"type": "LineString", "coordinates": [[-96.7919634, 32.7806566], [-96.7918404, 32.7805125], [-96.7918027, 32.7804688]]}, "properties": {"class": "secondary"}}, {"type": "Feature", "geometry": {"type": "LineString", "coordinates": [[-96.79206, 32.7807691], [-96.7919939, 32.7806913], [-96.7919634, 32.7806566]]}, "properties": {"class": "secondary"}}, {"type": "Feature", "geometry": {"type": "LineString", "coordinates": [[-96.8077807, 32.7898425], [-96.8077592, 32.7897887], [-96.807719, 32.789698], [-96.807657, 32.789597]]}, "properties": {"class": "secondary"}}, {"type": "Feature", "geometry": {"type": "LineString", "coordinates": [[-96.807657, 32.789597], [-96.8075648, 32.7894827], [-96.8074395, 32.7893466]]}, "properties": {"class": "secondary"}}, {"type": "Feature", "geometry": {"type": "LineString", "coordinates": [[-96.7927026, 32.7987368], [-96.7927322, 32.7991818], [-96.7927891, 32.7999603], [-96.7927828, 32.8002562], [-96.7927714, 32.8005499], [-96.7926723, 32.8017528]]}, "properties": {"class": "secondary"}}, {"type": "Feature", "geometry": {"type": "LineString", "coordinates": [[-96.7997608, 32.7789942], [-96.8004212, 32.778858], [-96.8004881, 32.7788453]]}, "properties": {"class": "residential"}}, {"type": "Feature", "geometry": {"type": "LineString", "coordinates": [[-96.7938088, 32.7852482], [-96.7938799, 32.7852658], [-96.7940161, 32.7852995], [-96.7941223, 32.7853351], [-96.7942089, 32.7853687], [-96.7943287, 32.7854233], [-96.7944337, 32.7854864], [-96.7945175, 32.7855457], [-96.7949619, 32.785915], [-96.7949746, 32.7859265], [-96.795, 32.7859473]]}, "properties": {"class": "secondary"}}, {"type": "Feature", "geometry": {"type": "LineString", "coordinates": [[-96.7743956, 32.7623524], [-96.7741719, 32.7625485], [-96.7741045, 32.7626066]]}, "properties": {"class": "residential"}}, {"type": "Feature", "geometry": {"type": "LineString", "coordinates": [[-96.7741045, 32.7626066], [-96.7732885, 32.7618968], [-96.7732331, 32.7618486]]}, "properties": {"class": "residential"}}, {"type": "Feature", "geometry": {"type": "LineString", "coordinates": [[-96.7740286, 32.7643111], [-96.7739, 32.7644412], [-96.7737988, 32.7645436]]}, "properties": {"class": "secondary"}}, {"type": "Feature", "geometry": {"type": "LineString", "coordinates": [[-96.7756549, 32.7630352], [-96.7755953, 32.7628815]]}, "properties": {"class": "secondary"}}, {"type": "Feature", "geometry": {"type": "LineString", "coordinates": [[-96.7758756, 32.76263], [-96.7756812, 32.7628027], [-96.7755953, 32.7628815]]}, "properties": {"class": "secondary"}}, {"type": "Feature", "geometry": {"type": "LineString", "coordinates": [[-96.7741676, 32.7641971], [-96.7740286, 32.7643111]]}, "properties": {"class": "secondary"}}, {"type": "Feature", "geometry": {"type": "LineString", "coordinates": [[-96.7744829, 32.7629515], [-96.7741045, 32.7626066]]}, "properties": {"class": "residential"}}, {"type": "Feature", "geometry": {"type": "LineString", "coordinates": [[-96.7747624, 32.7631878], [-96.7744829, 32.7629515]]}, "properties": {"class": "residential"}}, {"type": "Feature", "geometry": {"type": "LineString", "coordinates": [[-96.7845239, 32.7729997], [-96.7840704, 32.7727681], [-96.7839903, 32.7727154], [-96.7838349, 32.7725467], [-96.7833438, 32.7719578], [-96.782983, 32.7715451], [-96.7827692, 32.7713038]]}, "properties": {"class": "secondary"}}, {"type": "Feature", "geometry": {"type": "LineString", "coordinates": [[-96.7732331, 32.7618486], [-96.7731714, 32.7617782], [-96.7729773, 32.7616092], [-96.7728467, 32.7615081], [-96.7727917, 32.761471], [-96.7727333, 32.761445], [-96.7726679, 32.761427], [-96.7725526, 32.7613839], [-96.7724832, 32.7613498], [-96.771974, 32.760907], [-96.7719356, 32.7608666], [-96.7719226, 32.7608085], [-96.7719523, 32.7607228]]}, "properties": {"class": "residential"}}, {"type": "Feature", "geometry": {"type": "LineString", "coordinates": [[-96.775323, 32.7864336], [-96.7753359, 32.7864861], [-96.775358, 32.7865397], [-96.7753986, 32.7866088], [-96.7754457, 32.7866779], [-96.7755028, 32.7867478], [-96.7755673, 32.7868176], [-96.7756846, 32.7869043], [-96.7757636, 32.7869506], [-96.7758518, 32.7869918], [-96.7759354, 32.7870217], [-96.77604, 32.7870493], [-96.7761767, 32.7870741], [-96.7763093, 32.7870894], [-96.7764399, 32.7870961], [-96.7766094, 32.7870616]]}, "properties": {"class": "tertiary"}}, {"type": "Feature", "geometry": {"type": "LineString", "coordinates": [[-96.7766094, 32.7870616], [-96.7764551, 32.7869854], [-96.7761969, 32.78696], [-96.7761123, 32.7869436], [-96.7760223, 32.7869225], [-96.7759113, 32.786887], [-96.7758323, 32.7868532], [-96.7757561, 32.7868154], [-96.7756843, 32.7867703], [-96.7756228, 32.7867212], [-96.7755557, 32.786657], [-96.7754814, 32.7864984], [-96.7754563, 32.7864304], [-96.7754476, 32.7864068], [-96.775442, 32.7863611], [-96.7754398, 32.7863362]]}, "properties": {"class": "tertiary"}}, {"type": "Feature", "geometry": {"type": "LineString", "coordinates": [[-96.7755557, 32.786657], [-96.7754854, 32.7866284], [-96.7754471, 32.786589], [-96.7754082, 32.7865313], [-96.7753868, 32.7864933], [-96.7753591, 32.7864626], [-96.775323, 32.7864336]]}, "properties": {"class": "tertiary"}}, {"type": "Feature", "geometry": {"type": "LineString", "coordinates": [[-96.8119678, 32.7585411], [-96.8117274, 32.7582221], [-96.8115221, 32.7579104], [-96.8114261, 32.7577063], [-96.8114048, 32.7576088]]}, "properties": {"class": "secondary"}}, {"type": "Feature", "geometry": {"type": "LineString", "coordinates": [[-96.8115945, 32.7587404], [-96.8119037, 32.7587572], [-96.8119712, 32.7587594]]}, "properties": {"class": "tertiary"}}, {"type": "Feature", "geometry": {"type": "LineString", "coordinates": [[-96.8130652, 32.7893557], [-96.8131878, 32.7897476]]}, "properties": {"class": "motorway"}}, {"type": "Feature", "geometry": {"type": "LineString", "coordinates": [[-96.8095365, 32.759263], [-96.8097214, 32.7588343]]}, "properties": {"class": "motorway"}}, {"type": "Feature", "geometry": {"type": "LineString", "coordinates": [[-96.8103549, 32.7585677], [-96.8104319, 32.7585875], [-96.8106705, 32.7586474], [-96.8109012, 32.7586478]]}, "properties": {"class": "tertiary"}}, {"type": "Feature", "geometry": {"type": "LineString", "coordinates": [[-96.8090871, 32.7579991], [-96.8090111, 32.7579697], [-96.8089631, 32.757957], [-96.8088372, 32.7579425], [-96.8086926, 32.7579541]]}, "properties": {"class": "tertiary"}}, {"type": "Feature", "geometry": {"type": "LineString", "coordinates": [[-96.8109012, 32.7586478], [-96.8107282, 32.7585335], [-96.8104684, 32.758463], [-96.81038, 32.7584386]]}, "properties": {"class": "tertiary"}}, {"type": "Feature", "geometry": {"type": "LineString", "coordinates": [[-96.8114434, 32.7704738], [-96.811516, 32.7706328], [-96.8118157, 32.7712756]]}, "properties": {"class": "secondary"}}, {"type": "Feature", "geometry": {"type": "LineString", "coordinates": [[-96.8125179, 32.7728128], [-96.812727, 32.7732574]]}, "properties": {"class": "secondary"}}, {"type": "Feature", "geometry": {"type": "LineString", "coordinates": [[-96.8068572, 32.7702536], [-96.8069038, 32.7702723], [-96.8075148, 32.7705213], [-96.8083973, 32.7709903]]}, "properties": {"class": "secondary"}}, {"type": "Feature", "geometry": {"type": "LineString", "coordinates": [[-96.803554, 32.766396], [-96.8037858, 32.766572], [-96.8041117, 32.7668212], [-96.8042874, 32.7669272], [-96.8045274, 32.7670435]]}, "properties": {"class": "secondary"}}, {"type": "Feature", "geometry": {"type": "LineString", "coordinates": [[-96.7789761, 32.7819428], [-96.7788998, 32.7819089], [-96.7788402, 32.781868], [-96.7787495, 32.7818043], [-96.7784303, 32.7815822], [-96.7778325, 32.7811662], [-96.777258, 32.7807665], [-96.7769085, 32.7805223]]}, "properties": {"class": "residential"}}, {"type": "Feature", "geometry": {"type": "LineString", "coordinates": [[-96.7769085, 32.7805223], [-96.776783, 32.780436], [-96.7762684, 32.7800614]]}, "properties": {"class": "residential"}}, {"type": "Feature", "geometry": {"type": "LineString", "coordinates": [[-96.7757881, 32.779717], [-96.7757319, 32.7797714], [-96.7750516, 32.7804595], [-96.7750165, 32.780495], [-96.7749655, 32.7805457], [-96.7744511, 32.7810572]]}, "properties": {"class": "residential"}}, {"type": "Feature", "geometry": {"type": "LineString", "coordinates": [[-96.7713108, 32.7825073], [-96.771387, 32.782541], [-96.771455, 32.782581], [-96.7717257, 32.7827942], [-96.7721231, 32.783129]]}, "properties": {"class": "secondary"}}, {"type": "Feature", "geometry": {"type": "LineString", "coordinates": [[-96.780179, 32.7775103], [-96.7799051, 32.7776854], [-96.7794577, 32.7779472]]}, "properties": {"class": "residential"}}, {"type": "Feature", "geometry": {"type": "LineString", "coordinates": [[-96.7821876, 32.776233], [-96.7820839, 32.7763003], [-96.7815858, 32.7766247], [-96.7810313, 32.7769597]]}, "properties": {"class": "residential"}}, {"type": "Feature", "geometry": {"type": "LineString", "coordinates": [[-96.7795487, 32.7766532], [-96.7787732, 32.7771312], [-96.7778168, 32.7777237], [-96.7777207, 32.7777793]]}, "properties": {"class": "residential"}}, {"type": "Feature", "geometry": {"type": "LineString", "coordinates": [[-96.7795135, 32.7754372], [-96.7802548, 32.7749763], [-96.7804487, 32.7748566], [-96.7806502, 32.7747293], [-96.7806974, 32.7746886], [-96.7807539, 32.7746204]]}, "properties": {"class": "residential"}}, {"type": "Feature", "geometry": {"type": "LineString", "coordinates": [[-96.7784055, 32.774905], [-96.7777361, 32.7753133], [-96.7775998, 32.7753982], [-96.7773961, 32.7755294], [-96.77633, 32.7761938]]}, "properties": {"class": "residential"}}, {"type": "Feature", "geometry": {"type": "LineString", "coordinates": [[-96.7811605, 32.7711609], [-96.7817488, 32.7718549], [-96.7817927, 32.771906], [-96.781854, 32.7719781], [-96.7823051, 32.7725683], [-96.7829299, 32.7733052], [-96.782976, 32.773362]]}, "properties": {"class": "primary"}}, {"type": "Feature", "geometry": {"type": "LineString", "coordinates": [[-96.7796532, 32.7694128], [-96.7811605, 32.7711609]]}, "properties": {"class": "primary"}}, {"type": "Feature", "geometry": {"type": "LineString", "coordinates": [[-96.7830919, 32.7732887], [-96.7830458, 32.7732326], [-96.782435, 32.772498], [-96.7819646, 32.7719132], [-96.781903, 32.771838], [-96.7818519, 32.7717784], [-96.7812651, 32.7710934]]}, "properties": {"class": "primary"}}, {"type": "Feature", "geometry": {"type": "LineString", "coordinates": [[-96.7812651, 32.7710934], [-96.7797663, 32.7693428]]}, "properties": {"class": "primary"}}, {"type": "Feature", "geometry": {"type": "LineString", "coordinates": [[-96.7741301, 32.7610549], [-96.7740686, 32.7611044], [-96.7737643, 32.7613707]]}, "properties": {"class": "tertiary"}}, {"type": "Feature", "geometry": {"type": "LineString", "coordinates": [[-96.7749497, 32.7608151], [-96.7748362, 32.7606002], [-96.774783, 32.760488], [-96.7747406, 32.7604061], [-96.774667, 32.760264], [-96.774536, 32.759996], [-96.7743415, 32.759633], [-96.774198, 32.759365], [-96.773966, 32.7589741], [-96.7733505, 32.7580287]]}, "properties": {"class": "secondary"}}, {"type": "Feature", "geometry": {"type": "LineString", "coordinates": [[-96.7733505, 32.7580287], [-96.7731418, 32.7577096], [-96.7730875, 32.7576182]]}, "properties": {"class": "secondary"}}, {"type": "Feature", "geometry": {"type": "LineString", "coordinates": [[-96.7743679, 32.7603609], [-96.7743523, 32.7603291], [-96.7741001, 32.7598163], [-96.7737794, 32.7592011]]}, "properties": {"class": "motorway"}}, {"type": "Feature", "geometry": {"type": "LineString", "coordinates": [[-96.7737794, 32.7592011], [-96.7731209, 32.7580169]]}, "properties": {"class": "motorway"}}, {"type": "Feature", "geometry": {"type": "LineString", "coordinates": [[-96.7730477, 32.7582864], [-96.7736623, 32.759379], [-96.773774, 32.7595799], [-96.7738818, 32.7597803], [-96.7739848, 32.7599808], [-96.7740852, 32.7601817], [-96.7741819, 32.7603826], [-96.774232, 32.7604916]]}, "properties": {"class": "motorway"}}, {"type": "Feature", "geometry": {"type": "LineString", "coordinates": [[-96.7729926, 32.7581886], [-96.7730477, 32.7582864]]}, "properties": {"class": "motorway"}}, {"type": "Feature", "geometry": {"type": "LineString", "coordinates": [[-96.8093002, 32.7996307], [-96.8105404, 32.8008037]]}, "properties": {"class": "secondary"}}, {"type": "Feature", "geometry": {"type": "LineString", "coordinates": [[-96.8086546, 32.800572], [-96.8089152, 32.8008013]]}, "properties": {"class": "residential"}}, {"type": "Feature", "geometry": {"type": "LineString", "coordinates": [[-96.8109715, 32.7779014], [-96.81115, 32.7777542], [-96.8114127, 32.7775327], [-96.8115629, 32.7774447]]}, "properties": {"class": "secondary"}}, {"type": "Feature", "geometry": {"type": "LineString", "coordinates": [[-96.8123381, 32.7769678], [-96.8120001, 32.7770501]]}, "properties": {"class": "secondary"}}, {"type": "Feature", "geometry": {"type": "LineString", "coordinates": [[-96.785107, 32.761676], [-96.7843291, 32.7609258]]}, "properties": {"class": "secondary"}}, {"type": "Feature", "geometry": {"type": "LineString", "coordinates": [[-96.78245, 32.766367], [-96.7830864, 32.766999]]}, "properties": {"class": "secondary"}}, {"type": "Feature", "geometry": {"type": "LineString", "coordinates": [[-96.7830864, 32.766999], [-96.7832716, 32.767186], [-96.7835657, 32.7674686], [-96.7836942, 32.7675717], [-96.7838227, 32.7676678]]}, "properties": {"class": "secondary"}}, {"type": "Feature", "geometry": {"type": "LineString", "coordinates": [[-96.7799813, 32.7680223], [-96.7799568, 32.7679939], [-96.779417, 32.7673522], [-96.7789379, 32.7667961], [-96.7785408, 32.7663305], [-96.7783924, 32.7662081], [-96.77827, 32.7661193], [-96.778208, 32.7660829]]}, "properties": {"class": "tertiary"}}, {"type": "Feature", "geometry": {"type": "LineString", "coordinates": [[-96.7827692, 32.7713038], [-96.7827051, 32.7712287], [-96.7821281, 32.77055], [-96.7819389, 32.770321]]}, "properties": {"class": "tertiary"}}, {"type": "Feature", "geometry": {"type": "LineString", "coordinates": [[-96.781149, 32.75815], [-96.7794578, 32.7567031]]}, "properties": {"class": "secondary"}}, {"type": "Feature", "geometry": {"type": "LineString", "coordinates": [[-96.812534, 32.7940793], [-96.812568, 32.7941161], [-96.8130564, 32.7946414], [-96.8133618, 32.7949626], [-96.8136232, 32.7952644]]}, "properties": {"class": "tertiary"}}, {"type": "Feature", "geometry": {"type": "LineString", "coordinates": [[-96.814498, 32.7940952], [-96.8145312, 32.794203]]}, "properties": {"class": "motorway"}}, {"type": "Feature", "geometry": {"type": "LineString", "coordinates": [[-96.814094, 32.7938621], [-96.8139857, 32.7938253], [-96.81381, 32.7937898], [-96.8136278, 32.7937637], [-96.8135358, 32.7937458]]}, "properties": {"class": "secondary"}}, {"type": "Feature", "geometry": {"type": "LineString", "coordinates": [[-96.8141281, 32.7939805], [-96.8142708, 32.7940442], [-96.8146866, 32.7942833], [-96.8148631, 32.7943565], [-96.8150379, 32.7944042]]}, "properties": {"class": "secondary"}}, {"type": "Feature", "geometry": {"type": "LineString", "coordinates": [[-96.8124259, 32.7587703], [-96.8127292, 32.7587774]]}, "properties": {"class": "tertiary"}}, {"type": "Feature", "geometry": {"type": "LineString", "coordinates": [[-96.8086373, 32.7817172], [-96.808687, 32.7818852], [-96.8087177, 32.7820499], [-96.8087409, 32.7822414], [-96.8088223, 32.7830295]]}, "properties": {"class": "secondary"}}, {"type": "Feature", "geometry": {"type": "LineString", "coordinates": [[-96.8087236, 32.7816125], [-96.8086807, 32.7814908], [-96.8086531, 32.7813972]]}, "properties": {"class": "secondary"}}, {"type": "Feature", "geometry": {"type": "LineString", "coordinates": [[-96.7980342, 32.7928764], [-96.7986932, 32.7923519], [-96.799184, 32.7919522]]}, "properties": {"class": "secondary"}}, {"type": "Feature", "geometry": {"type": "LineString", "coordinates": [[-96.816095, 32.796346], [-96.8158796, 32.7961134], [-96.8157079, 32.7958744], [-96.8154987, 32.7955362], [-96.8153378, 32.7952206], [-96.8152723, 32.7950479]]}, "properties": {"class": "secondary"}}, {"type": "Feature", "geometry": {"type": "LineString", "coordinates": [[-96.8063661, 32.7741202], [-96.8062029, 32.7735838], [-96.8061819, 32.7734927], [-96.8061751, 32.7733996], [-96.8061969, 32.7733185], [-96.8062247, 32.7732635], [-96.806684, 32.7726775], [-96.8080304, 32.7709694]]}, "properties": {"class": "secondary"}}, {"type": "Feature", "geometry": {"type": "LineString", "coordinates": [[-96.8217327, 32.754803], [-96.8217203, 32.7548737], [-96.8217193, 32.7553093], [-96.8217053, 32.7572278], [-96.821724, 32.757364]]}, "properties": {"class": "residential"}}, {"type": "Feature", "geometry": {"type": "LineString", "coordinates": [[-96.7753804, 32.7621024], [-96.7752023, 32.7614508], [-96.7749497, 32.7608151]]}, "properties": {"class": "secondary"}}, {"type": "Feature", "geometry": {"type": "LineString", "coordinates": [[-96.7755953, 32.7628815], [-96.7755716, 32.7627978], [-96.7755001, 32.7625459], [-96.7753804, 32.7621024]]}, "properties": {"class": "secondary"}}, {"type": "Feature", "geometry": {"type": "LineString", "coordinates": [[-96.7775027, 32.7582165], [-96.7767825, 32.7588138], [-96.7767368, 32.7588505], [-96.7764144, 32.7591225], [-96.776347, 32.759179]]}, "properties": {"class": "tertiary"}}, {"type": "Feature", "geometry": {"type": "LineString", "coordinates": [[-96.774543, 32.7621065], [-96.774659, 32.7623832], [-96.7750189, 32.7632423], [-96.7750882, 32.7634084]]}, "properties": {"class": "secondary"}}, {"type": "Feature", "geometry": {"type": "LineString", "coordinates": [[-96.7737045, 32.7606675], [-96.773217, 32.7602379], [-96.7728749, 32.759955]]}, "properties": {"class": "residential"}}, {"type": "Feature", "geometry": {"type": "LineString", "coordinates": [[-96.8116198, 32.7512233], [-96.811579, 32.7513109], [-96.8113999, 32.7516949], [-96.8112552, 32.7520051], [-96.8109259, 32.7527914], [-96.8108495, 32.7530383], [-96.8108209, 32.7531304]]}, "properties": {"class": "secondary"}}, {"type": "Feature", "geometry": {"type": "LineString", "coordinates": [[-96.8108209, 32.7531304], [-96.8109618, 32.7531416]]}, "properties": {"class": "secondary"}}, {"type": "Feature", "geometry": {"type": "LineString", "coordinates": [[-96.8108209, 32.7531304], [-96.8108101, 32.7533087], [-96.8108094, 32.7533356], [-96.8108048, 32.7535127], [-96.8107975, 32.7537978]]}, "properties": {"class": "secondary"}}, {"type": "Feature", "geometry": {"type": "LineString", "coordinates": [[-96.8107975, 32.7537978], [-96.8107627, 32.7543897], [-96.8107827, 32.7548178]]}, "properties": {"class": "secondary"}}, {"type": "Feature", "geometry": {"type": "LineString", "coordinates": [[-96.8109167, 32.754814], [-96.81089, 32.7544836], [-96.810886, 32.7542296], [-96.8109009, 32.7540526]]}, "properties": {"class": "secondary"}}, {"type": "Feature", "geometry": {"type": "LineString", "coordinates": [[-96.8223658, 32.7918474], [-96.8221118, 32.791672], [-96.8217085, 32.7913743]]}, "properties": {"class": "secondary"}}, {"type": "Feature", "geometry": {"type": "LineString", "coordinates": [[-96.781513, 32.7596854], [-96.7804788, 32.7588546], [-96.7803958, 32.7587912]]}, "properties": {"class": "residential"}}, {"type": "Feature", "geometry": {"type": "LineString", "coordinates": [[-96.7822658, 32.7590647], [-96.781513, 32.7596854]]}, "properties": {"class": "residential"}}, {"type": "Feature", "geometry": {"type": "LineString", "coordinates": [[-96.781513, 32.7596854], [-96.7807441, 32.7603218]]}, "properties": {"class": "residential"}}, {"type": "Feature", "geometry": {"type": "LineString", "coordinates": [[-96.7807441, 32.7603218], [-96.7799208, 32.7596085], [-96.7798584, 32.7595647]]}, "properties": {"class": "residential"}}, {"type": "Feature", "geometry": {"type": "LineString", "coordinates": [[-96.7807441, 32.7603218], [-96.7803953, 32.7606213], [-96.7800377, 32.7609283], [-96.7796699, 32.7612314], [-96.7792286, 32.7615987]]}, "properties": {"class": "residential"}}, {"type": "Feature", "geometry": {"type": "LineString", "coordinates": [[-96.7783751, 32.758964], [-96.7775634, 32.7582754], [-96.7775027, 32.7582165]]}, "properties": {"class": "residential"}}, {"type": "Feature", "geometry": {"type": "LineString", "coordinates": [[-96.7792844, 32.7581907], [-96.7784238, 32.7589213], [-96.7783751, 32.758964]]}, "properties": {"class": "residential"}}, {"type": "Feature", "geometry": {"type": "LineString", "coordinates": [[-96.7751948, 32.7953013], [-96.7752659, 32.7953622], [-96.7755422, 32.7955989], [-96.7758407, 32.7958548], [-96.7761432, 32.796114], [-96.7764664, 32.7963906], [-96.776522, 32.7964386]]}, "properties": {"class": "secondary"}}, {"type": "Feature", "geometry": {"type": "LineString", "coordinates": [[-96.7751948, 32.7953013], [-96.7752693, 32.7952397], [-96.7753557, 32.7951683], [-96.7755174, 32.7950355]]}, "properties": {"class": "secondary"}}, {"type": "Feature", "geometry": {"type": "LineString", "coordinates": [[-96.789133, 32.795428], [-96.7891814, 32.7954715], [-96.7893752, 32.7956364], [-96.7894465, 32.7956981], [-96.7895034, 32.7957466], [-96.7896083, 32.7958349], [-96.7898009, 32.7960033], [-96.7900095, 32.7961823], [-96.7901576, 32.7963063]]}, "properties": {"class": "tertiary"}}, {"type": "Feature", "geometry": {"type": "LineString", "coordinates": [[-96.7889314, 32.7862999], [-96.7888744, 32.7863421]]}, "properties": {"class": "residential"}}, {"type": "Feature", "geometry": {"type": "LineString", "coordinates": [[-96.7891754, 32.7860955], [-96.7891162, 32.786146]]}, "properties": {"class": "residential"}}, {"type": "Feature", "geometry": {"type": "LineString", "coordinates": [[-96.7893964, 32.7846267], [-96.7894824, 32.7847558]]}, "properties": {"class": "residential"}}, {"type": "Feature", "geometry": {"type": "LineString", "coordinates": [[-96.8134185, 32.7896431], [-96.8132599, 32.7891179]]}, "properties": {"class": "motorway"}}, {"type": "Feature", "geometry": {"type": "LineString", "coordinates": [[-96.8127661, 32.7884535], [-96.8128952, 32.788843]]}, "properties": {"class": "motorway"}}, {"type": "Feature", "geometry": {"type": "LineString", "coordinates": [[-96.8129053, 32.7938675], [-96.8130854, 32.793766], [-96.8131175, 32.7937468], [-96.8131816, 32.7937084]]}, "properties": {"class": "secondary"}}, {"type": "Feature", "geometry": {"type": "LineString", "coordinates": [[-96.8137808, 32.7938802], [-96.8138989, 32.7939042], [-96.8140169, 32.793937], [-96.8141281, 32.7939805]]}, "properties": {"class": "secondary"}}, {"type": "Feature", "geometry": {"type": "LineString", "coordinates": [[-96.8135358, 32.7937458], [-96.8134085, 32.7937081], [-96.8133017, 32.7936598], [-96.8132572, 32.7936347], [-96.8131477, 32.7936187]]}, "properties": {"class": "secondary"}}, {"type": "Feature", "geometry": {"type": "LineString", "coordinates": [[-96.798489, 32.7772204], [-96.7984809, 32.7772977]]}, "properties": {"class": "secondary"}}, {"type": "Feature", "geometry": {"type": "LineString", "coordinates": [[-96.7986803, 32.7772531], [-96.7986592, 32.7771864]]}, "properties": {"class": "secondary"}}, {"type": "Feature", "geometry": {"type": "LineString", "coordinates": [[-96.7905428, 32.7876206], [-96.7905798, 32.7875893], [-96.7906188, 32.7875563], [-96.7906558, 32.787525]]}, "properties": {"class": "tertiary"}}, {"type": "Feature", "geometry": {"type": "LineString", "coordinates": [[-96.7908891, 32.7873277], [-96.7911777, 32.7870835], [-96.7914603, 32.7868445]]}, "properties": {"class": "tertiary"}}, {"type": "Feature", "geometry": {"type": "LineString", "coordinates": [[-96.8049686, 32.7731381], [-96.8048763, 32.7732671], [-96.8047921, 32.7734256], [-96.8047431, 32.7735623], [-96.804706, 32.7737093], [-96.8046891, 32.7738738], [-96.8046898, 32.7739683], [-96.8046963, 32.7740666]]}, "properties": {"class": "secondary"}}, {"type": "Feature", "geometry": {"type": "LineString", "coordinates": [[-96.8051231, 32.7755562], [-96.8051519, 32.7756526], [-96.8052978, 32.7761111], [-96.8053274, 32.7761953]]}, "properties": {"class": "secondary"}}, {"type": "Feature", "geometry": {"type": "LineString", "coordinates": [[-96.8089448, 32.784487], [-96.8089374, 32.7845576]]}, "properties": {"class": "secondary"}}, {"type": "Feature", "geometry": {"type": "LineString", "coordinates": [[-96.7888606, 32.767638], [-96.7888236, 32.7676677], [-96.7888034, 32.7676839], [-96.7881529, 32.7682262], [-96.7880977, 32.7682946]]}, "properties": {"class": "residential"}}, {"type": "Feature", "geometry": {"type": "LineString", "coordinates": [[-96.7967457, 32.7711718], [-96.796568, 32.771155], [-96.7964571, 32.7711618], [-96.796356, 32.771168], [-96.7962691, 32.7711825]]}, "properties": {"class": "secondary"}}, {"type": "Feature", "geometry": {"type": "LineString", "coordinates": [[-96.7938013, 32.7731959], [-96.7937454, 32.7731472], [-96.7935599, 32.7729853], [-96.7934165, 32.7728602], [-96.7931116, 32.7726019], [-96.793049, 32.7725463], [-96.7929857, 32.7724885], [-96.792321, 32.7719005]]}, "properties": {"class": "residential"}}, {"type": "Feature", "geometry": {"type": "LineString", "coordinates": [[-96.792321, 32.7719005], [-96.7922676, 32.771856], [-96.7920688, 32.771684], [-96.792015, 32.7716379], [-96.7917965, 32.771451], [-96.7917525, 32.7714096]]}, "properties": {"class": "residential"}}, {"type": "Feature", "geometry": {"type": "LineString", "coordinates": [[-96.7911625, 32.7727788], [-96.791222, 32.772815], [-96.791543, 32.7730781], [-96.7919187, 32.773386], [-96.7919803, 32.7734384], [-96.7920516, 32.7735011], [-96.7922322, 32.7736583]]}, "properties": {"class": "secondary"}}, {"type": "Feature", "geometry": {"type": "LineString", "coordinates": [[-96.7902701, 32.7725282], [-96.7908174, 32.7726681], [-96.7910489, 32.7727311], [-96.7911625, 32.7727788]]}, "properties": {"class": "secondary"}}, {"type": "Feature", "geometry": {"type": "LineString", "coordinates": [[-96.7923945, 32.7709367], [-96.7923517, 32.7708995], [-96.7923133, 32.770867], [-96.7918364, 32.7704346]]}, "properties": {"class": "residential"}}, {"type": "Feature", "geometry": {"type": "LineString", "coordinates": [[-96.791503, 32.7701225], [-96.7914628, 32.7700784], [-96.7914505, 32.7700649], [-96.7908925, 32.7695309]]}, "properties": {"class": "residential"}}, {"type": "Feature", "geometry": {"type": "LineString", "coordinates": [[-96.7918364, 32.7704346], [-96.791567, 32.7701887], [-96.7915407, 32.770163], [-96.791503, 32.7701225]]}, "properties": {"class": "residential"}}, {"type": "Feature", "geometry": {"type": "LineString", "coordinates": [[-96.791503, 32.7701225], [-96.7914476, 32.770171], [-96.7913346, 32.7702702], [-96.7909184, 32.7706351]]}, "properties": {"class": "residential"}}, {"type": "Feature", "geometry": {"type": "LineString", "coordinates": [[-96.7917525, 32.7714096], [-96.791709, 32.7713676], [-96.7915397, 32.7712041], [-96.7909184, 32.7706351]]}, "properties": {"class": "residential"}}, {"type": "Feature", "geometry": {"type": "LineString", "coordinates": [[-96.7908925, 32.7695309], [-96.7908284, 32.7695771], [-96.7902568, 32.7700502]]}, "properties": {"class": "residential"}}, {"type": "Feature", "geometry": {"type": "LineString", "coordinates": [[-96.7892052, 32.7669518], [-96.7887618, 32.7665244], [-96.7883527, 32.7661407], [-96.7882471, 32.7660417]]}, "properties": {"class": "secondary"}}, {"type": "Feature", "geometry": {"type": "LineString", "coordinates": [[-96.7927992, 32.7705636], [-96.7927551, 32.7705206], [-96.7921588, 32.7699461], [-96.7919558, 32.7697254]]}, "properties": {"class": "secondary"}}, {"type": "Feature", "geometry": {"type": "LineString", "coordinates": [[-96.7919558, 32.7697254], [-96.7919022, 32.7696692], [-96.7916095, 32.7693399], [-96.7912242, 32.768886], [-96.791155, 32.7688048], [-96.7911088, 32.7687506], [-96.7901491, 32.7678597]]}, "properties": {"class": "secondary"}}, {"type": "Feature", "geometry": {"type": "LineString", "coordinates": [[-96.7882471, 32.7660417], [-96.7881763, 32.7660933], [-96.7879718, 32.7662422], [-96.7876908, 32.7664469], [-96.787649, 32.7664767]]}, "properties": {"class": "secondary"}}, {"type": "Feature", "geometry": {"type": "LineString", "coordinates": [[-96.790164, 32.7643072], [-96.7899878, 32.764453], [-96.789896, 32.764529]]}, "properties": {"class": "secondary"}}, {"type": "Feature", "geometry": {"type": "LineString", "coordinates": [[-96.7914084, 32.7632783], [-96.7913671, 32.7633119]]}, "properties": {"class": "secondary"}}, {"type": "Feature", "geometry": {"type": "LineString", "coordinates": [[-96.7879819, 32.7677581], [-96.7876948, 32.7680045]]}, "properties": {"class": "residential"}}, {"type": "Feature", "geometry": {"type": "LineString", "coordinates": [[-96.7885186, 32.7673145], [-96.7884811, 32.7673438], [-96.7879819, 32.7677581]]}, "properties": {"class": "residential"}}, {"type": "Feature", "geometry": {"type": "LineString", "coordinates": [[-96.7868241, 32.7659167], [-96.786776, 32.7658847], [-96.7865441, 32.7657259], [-96.7862916, 32.7655524]]}, "properties": {"class": "residential"}}, {"type": "Feature", "geometry": {"type": "LineString", "coordinates": [[-96.7908925, 32.7695309], [-96.7905642, 32.7692377], [-96.7903255, 32.7690223]]}, "properties": {"class": "residential"}}, {"type": "Feature", "geometry": {"type": "LineString", "coordinates": [[-96.7880977, 32.7682946], [-96.7880394, 32.7683605], [-96.7870876, 32.7691405], [-96.7869686, 32.7692505], [-96.786695, 32.7695354], [-96.7866247, 32.7696027]]}, "properties": {"class": "residential"}}, {"type": "Feature", "geometry": {"type": "LineString", "coordinates": [[-96.7911088, 32.7687506], [-96.7910371, 32.7688144], [-96.7906226, 32.769183], [-96.7905642, 32.7692377]]}, "properties": {"class": "residential"}}, {"type": "Feature", "geometry": {"type": "LineString", "coordinates": [[-96.7955686, 32.7719628], [-96.7955236, 32.7719141], [-96.7954392, 32.7718273], [-96.7952572, 32.7716383]]}, "properties": {"class": "residential"}}, {"type": "Feature", "geometry": {"type": "LineString", "coordinates": [[-96.7906912, 32.7723339], [-96.7908942, 32.7725287], [-96.7909028, 32.772537], [-96.7911625, 32.7727788]]}, "properties": {"class": "residential"}}, {"type": "Feature", "geometry": {"type": "LineString", "coordinates": [[-96.7904391, 32.7719671], [-96.7904567, 32.771983], [-96.7905282, 32.7720473], [-96.7906439, 32.7721535]]}, "properties": {"class": "residential"}}, {"type": "Feature", "geometry": {"type": "LineString", "coordinates": [[-96.7966879, 32.7713542], [-96.796772, 32.771348], [-96.796896, 32.771358], [-96.7969616, 32.771368], [-96.7970219, 32.7713867], [-96.7971152, 32.7714269], [-96.797207, 32.7714931], [-96.797459, 32.771716], [-96.7975779, 32.7718168]]}, "properties": {"class": "secondary"}}, {"type": "Feature", "geometry": {"type": "LineString", "coordinates": [[-96.791811, 32.7680476], [-96.7917228, 32.7679612], [-96.7914714, 32.7677148], [-96.791348, 32.767594]]}, "properties": {"class": "residential"}}, {"type": "Feature", "geometry": {"type": "LineString", "coordinates": [[-96.7870761, 32.7706351], [-96.7861729, 32.7715715], [-96.7854956, 32.7723064], [-96.7854845, 32.7723196], [-96.78545, 32.7723588]]}, "properties": {"class": "residential"}}, {"type": "Feature", "geometry": {"type": "LineString", "coordinates": [[-96.7845966, 32.7717589], [-96.7842466, 32.7721203]]}, "properties": {"class": "residential"}}, {"type": "Feature", "geometry": {"type": "LineString", "coordinates": [[-96.7842466, 32.7721203], [-96.7839192, 32.7724694], [-96.7838973, 32.7724926], [-96.7838349, 32.7725467]]}, "properties": {"class": "residential"}}, {"type": "Feature", "geometry": {"type": "LineString", "coordinates": [[-96.7840906, 32.7707997], [-96.7837592, 32.7711484]]}, "properties": {"class": "residential"}}, {"type": "Feature", "geometry": {"type": "LineString", "coordinates": [[-96.7969558, 32.7665645], [-96.7968133, 32.7667047]]}, "properties": {"class": "residential"}}, {"type": "Feature", "geometry": {"type": "LineString", "coordinates": [[-96.797158, 32.766344], [-96.79715, 32.766368], [-96.797127, 32.766396], [-96.7969558, 32.7665645]]}, "properties": {"class": "residential"}}, {"type": "Feature", "geometry": {"type": "LineString", "coordinates": [[-96.7927235, 32.7670222], [-96.7926844, 32.7669912], [-96.791896, 32.766439], [-96.791454, 32.766083]]}, "properties": {"class": "residential"}}, {"type": "Feature", "geometry": {"type": "LineString", "coordinates": [[-96.791454, 32.766083], [-96.7913172, 32.7659533], [-96.7911993, 32.7658497], [-96.7911742, 32.7658276], [-96.7910337, 32.7656859], [-96.7909704, 32.7656097], [-96.7908836, 32.7655051], [-96.790852, 32.765467]]}, "properties": {"class": "residential"}}, {"type": "Feature", "geometry": {"type": "LineString", "coordinates": [[-96.790852, 32.765467], [-96.790678, 32.765269], [-96.7903327, 32.7649422]]}, "properties": {"class": "residential"}}, {"type": "Feature", "geometry": {"type": "LineString", "coordinates": [[-96.7903327, 32.7649422], [-96.7900224, 32.7646486], [-96.789896, 32.764529]]}, "properties": {"class": "residential"}}, {"type": "Feature", "geometry": {"type": "LineString", "coordinates": [[-96.7874491, 32.7624504], [-96.7869579, 32.7620413]]}, "properties": {"class": "residential"}}, {"type": "Feature", "geometry": {"type": "LineString", "coordinates": [[-96.789896, 32.764529], [-96.7898232, 32.7644689], [-96.78915, 32.7638986], [-96.7876012, 32.7625775], [-96.7874491, 32.7624504]]}, "properties": {"class": "residential"}}, {"type": "Feature", "geometry": {"type": "LineString", "coordinates": [[-96.7869579, 32.7620413], [-96.7867885, 32.7619002], [-96.786707, 32.761832]]}, "properties": {"class": "residential"}}, {"type": "Feature", "geometry": {"type": "LineString", "coordinates": [[-96.7883526, 32.7646864], [-96.7885845, 32.7648203], [-96.7887951, 32.7649336]]}, "properties": {"class": "secondary"}}, {"type": "Feature", "geometry": {"type": "LineString", "coordinates": [[-96.7887951, 32.7649336], [-96.7889992, 32.7650234]]}, "properties": {"class": "secondary"}}, {"type": "Feature", "geometry": {"type": "LineString", "coordinates": [[-96.792088, 32.765535], [-96.7914898, 32.7655039], [-96.7912364, 32.7654892]]}, "properties": {"class": "secondary"}}, {"type": "Feature", "geometry": {"type": "LineString", "coordinates": [[-96.7845966, 32.7717589], [-96.7845367, 32.771713], [-96.7837592, 32.7711484], [-96.7836098, 32.7710554], [-96.7831518, 32.7707441]]}, "properties": {"class": "residential"}}, {"type": "Feature", "geometry": {"type": "LineString", "coordinates": [[-96.78573, 32.7725611], [-96.78545, 32.7723588]]}, "properties": {"class": "residential"}}, {"type": "Feature", "geometry": {"type": "LineString", "coordinates": [[-96.7937541, 32.7802598], [-96.7938286, 32.7802427]]}, "properties": {"class": "residential"}}, {"type": "Feature", "geometry": {"type": "LineString", "coordinates": [[-96.7996578, 32.7783323], [-96.7995966, 32.7783365], [-96.7994905, 32.7783399], [-96.7994384, 32.7783489], [-96.7991866, 32.7784091], [-96.7991072, 32.7784293], [-96.799025, 32.7784486], [-96.7985771, 32.7785454], [-96.7985507, 32.7785529], [-96.7984371, 32.7785935], [-96.7984024, 32.778603], [-96.7981205, 32.7786641]]}, "properties": {"class": "residential"}}, {"type": "Feature", "geometry": {"type": "LineString", "coordinates": [[-96.7788659, 32.7687857], [-96.7790087, 32.7686393]]}, "properties": {"class": "residential"}}, {"type": "Feature", "geometry": {"type": "LineString", "coordinates": [[-96.7851866, 32.7733462], [-96.7848547, 32.7731729], [-96.7845931, 32.773034], [-96.7845239, 32.7729997]]}, "properties": {"class": "secondary"}}, {"type": "Feature", "geometry": {"type": "LineString", "coordinates": [[-96.7908616, 32.7671776], [-96.7908606, 32.7671988], [-96.7908528, 32.7672314], [-96.790809, 32.767295], [-96.790729, 32.7673619], [-96.790226, 32.767794], [-96.7901491, 32.7678597]]}, "properties": {"class": "residential"}}, {"type": "Feature", "geometry": {"type": "LineString", "coordinates": [[-96.7903255, 32.7690223], [-96.789641, 32.7683808], [-96.7896383, 32.7683783], [-96.7895953, 32.7683385], [-96.7895628, 32.7683086], [-96.7895457, 32.7682928], [-96.7888606, 32.767638]]}, "properties": {"class": "residential"}}, {"type": "Feature", "geometry": {"type": "LineString", "coordinates": [[-96.7919558, 32.7697254], [-96.7918814, 32.7697923], [-96.79185, 32.7698182], [-96.7916284, 32.7700125], [-96.7915421, 32.7700908], [-96.791503, 32.7701225]]}, "properties": {"class": "residential"}}, {"type": "Feature", "geometry": {"type": "LineString", "coordinates": [[-96.7833581, 32.7884817], [-96.7834906, 32.788436]]}, "properties": {"class": "tertiary"}}, {"type": "Feature", "geometry": {"type": "LineString", "coordinates": [[-96.7834906, 32.788436], [-96.7835397, 32.7883956]]}, "properties": {"class": "tertiary"}}, {"type": "Feature", "geometry": {"type": "LineString", "coordinates": [[-96.7838972, 32.7881032], [-96.7839377, 32.7879962]]}, "properties": {"class": "tertiary"}}, {"type": "Feature", "geometry": {"type": "LineString", "coordinates": [[-96.7843568, 32.7876671], [-96.7848311, 32.7874068]]}, "properties": {"class": "tertiary"}}, {"type": "Feature", "geometry": {"type": "LineString", "coordinates": [[-96.7874344, 32.7856027], [-96.787621, 32.7854915]]}, "properties": {"class": "tertiary"}}, {"type": "Feature", "geometry": {"type": "LineString", "coordinates": [[-96.8052643, 32.7819042], [-96.8054032, 32.7818705]]}, "properties": {"class": "secondary"}}, {"type": "Feature", "geometry": {"type": "LineString", "coordinates": [[-96.8053406, 32.7818172], [-96.8052643, 32.7819042]]}, "properties": {"class": "secondary"}}, {"type": "Feature", "geometry": {"type": "LineString", "coordinates": [[-96.8076625, 32.781284], [-96.8077454, 32.7812641], [-96.8081357, 32.7811708]]}, "properties": {"class": "secondary"}}, {"type": "Feature", "geometry": {"type": "LineString", "coordinates": [[-96.7911309, 32.7866271], [-96.7912878, 32.7867566]]}, "properties": {"class": "residential"}}, {"type": "Feature", "geometry": {"type": "LineString", "coordinates": [[-96.7907463, 32.7863046], [-96.7908045, 32.7863532], [-96.7908244, 32.7863697], [-96.7908862, 32.7864214], [-96.7910258, 32.7865379], [-96.7911309, 32.7866271]]}, "properties": {"class": "residential"}}, {"type": "Feature", "geometry": {"type": "LineString", "coordinates": [[-96.790059, 32.7868733], [-96.7899997, 32.7869265]]}, "properties": {"class": "residential"}}, {"type": "Feature", "geometry": {"type": "LineString", "coordinates": [[-96.806283, 32.7799561], [-96.8063122, 32.7800591]]}, "properties": {"class": "tertiary"}}, {"type": "Feature", "geometry": {"type": "LineString", "coordinates": [[-96.7769606, 32.79211], [-96.776999, 32.7921427], [-96.7774679, 32.7925431]]}, "properties": {"class": "residential"}}, {"type": "Feature", "geometry": {"type": "LineString", "coordinates": [[-96.7786795, 32.7923928], [-96.778753, 32.7924549]]}, "properties": {"class": "residential"}}, {"type": "Feature", "geometry": {"type": "LineString", "coordinates": [[-96.7794913, 32.7930787], [-96.7795381, 32.7931187], [-96.7796323, 32.7931993], [-96.7799559, 32.7934761], [-96.7799793, 32.7934961], [-96.7800242, 32.7935338]]}, "properties": {"class": "residential"}}, {"type": "Feature", "geometry": {"type": "LineString", "coordinates": [[-96.7825732, 32.7914104], [-96.7826319, 32.7914621], [-96.7826635, 32.791488], [-96.7829698, 32.7917551], [-96.7831021, 32.7918743]]}, "properties": {"class": "residential"}}, {"type": "Feature", "geometry": {"type": "LineString", "coordinates": [[-96.7748488, 32.7866801], [-96.7749906, 32.7866089], [-96.7751734, 32.7864485], [-96.7752304, 32.7863938]]}, "properties": {"class": "residential"}}, {"type": "Feature", "geometry": {"type": "LineString", "coordinates": [[-96.7752304, 32.7863938], [-96.7751199, 32.7864186], [-96.7749875, 32.7865229], [-96.7749284, 32.7865719], [-96.7748488, 32.7866801]]}, "properties": {"class": "residential"}}, {"type": "Feature", "geometry": {"type": "LineString", "coordinates": [[-96.8067077, 32.781405], [-96.8066308, 32.7814226], [-96.8060866, 32.7815451], [-96.8058658, 32.7815954], [-96.8057742, 32.7816211], [-96.8056514, 32.7816632], [-96.8055114, 32.7817259], [-96.8053783, 32.7817909], [-96.8053406, 32.7818172]]}, "properties": {"class": "secondary"}}, {"type": "Feature", "geometry": {"type": "LineString", "coordinates": [[-96.8067335, 32.7814977], [-96.8068062, 32.781481], [-96.8075358, 32.7813137], [-96.807581, 32.7813028], [-96.8076625, 32.781284]]}, "properties": {"class": "secondary"}}, {"type": "Feature", "geometry": {"type": "LineString", "coordinates": [[-96.7740396, 32.7858795], [-96.7739728, 32.7858632], [-96.773807, 32.7858211]]}, "properties": {"class": "secondary"}}, {"type": "Feature", "geometry": {"type": "LineString", "coordinates": [[-96.8079207, 32.7844615], [-96.8080001, 32.7845292], [-96.8080761, 32.7845962], [-96.8081188, 32.7846345]]}, "properties": {"class": "secondary"}}, {"type": "Feature", "geometry": {"type": "LineString", "coordinates": [[-96.8036253, 32.787223], [-96.8033201, 32.787474]]}, "properties": {"class": "secondary"}}, {"type": "Feature", "geometry": {"type": "LineString", "coordinates": [[-96.787649, 32.7664767], [-96.7875943, 32.7665176], [-96.7872071, 32.7668361], [-96.7871646, 32.7668699], [-96.7869582, 32.767052], [-96.7867485, 32.7672521], [-96.7866978, 32.7672957]]}, "properties": {"class": "secondary"}}, {"type": "Feature", "geometry": {"type": "LineString", "coordinates": [[-96.7866978, 32.7672957], [-96.7866337, 32.7672521], [-96.7864468, 32.767125], [-96.7858732, 32.7667349], [-96.7858584, 32.766725], [-96.7853827, 32.7663871], [-96.7853279, 32.7663495]]}, "properties": {"class": "residential"}}, {"type": "Feature", "geometry": {"type": "LineString", "coordinates": [[-96.7858307, 32.7680015], [-96.7853253, 32.768365], [-96.7851661, 32.7684995], [-96.7851027, 32.768553]]}, "properties": {"class": "secondary"}}, {"type": "Feature", "geometry": {"type": "LineString", "coordinates": [[-96.8051894, 32.779394], [-96.8052874, 32.7793733]]}, "properties": {"class": "secondary"}}, {"type": "Feature", "geometry": {"type": "LineString", "coordinates": [[-96.8051011, 32.7794119], [-96.8051894, 32.779394]]}, "properties": {"class": "secondary"}}, {"type": "Feature", "geometry": {"type": "LineString", "coordinates": [[-96.7889417, 32.7856631], [-96.788796, 32.7857876], [-96.7887353, 32.7858395]]}, "properties": {"class": "residential"}}, {"type": "Feature", "geometry": {"type": "LineString", "coordinates": [[-96.7874863, 32.7701976], [-96.7874444, 32.7702413], [-96.7874277, 32.7702582], [-96.7873953, 32.7702962], [-96.7870761, 32.7706351]]}, "properties": {"class": "residential"}}, {"type": "Feature", "geometry": {"type": "LineString", "coordinates": [[-96.8153679, 32.7622017], [-96.8153848, 32.7622223], [-96.8154245, 32.7622718]]}, "properties": {"class": "tertiary"}}, {"type": "Feature", "geometry": {"type": "LineString", "coordinates": [[-96.8224843, 32.7641645], [-96.8222576, 32.7641904], [-96.8214348, 32.7641887], [-96.8201296, 32.7641861], [-96.8199802, 32.7641716], [-96.8198418, 32.764146]]}, "properties": {"class": "tertiary"}}, {"type": "Feature", "geometry": {"type": "LineString", "coordinates": [[-96.8198432, 32.7651352], [-96.8198511, 32.7660544]]}, "properties": {"class": "residential"}}, {"type": "Feature", "geometry": {"type": "LineString", "coordinates": [[-96.7957307, 32.7898858], [-96.7958166, 32.7899553], [-96.7959557, 32.790069], [-96.7966136, 32.7906198], [-96.7967088, 32.7906746]]}, "properties": {"class": "residential"}}, {"type": "Feature", "geometry": {"type": "LineString", "coordinates": [[-96.7980957, 32.7918117], [-96.7981497, 32.7918576]]}, "properties": {"class": "residential"}}, {"type": "Feature", "geometry": {"type": "LineString", "coordinates": [[-96.7972121, 32.7934573], [-96.797277, 32.7935218]]}, "properties": {"class": "residential"}}, {"type": "Feature", "geometry": {"type": "LineString", "coordinates": [[-96.797483, 32.7912957], [-96.7979199, 32.791662], [-96.7979754, 32.79171], [-96.7979943, 32.7917259]]}, "properties": {"class": "residential"}}, {"type": "Feature", "geometry": {"type": "LineString", "coordinates": [[-96.7979943, 32.7917259], [-96.7980751, 32.7917941], [-96.7980957, 32.7918117]]}, "properties": {"class": "residential"}}, {"type": "Feature", "geometry": {"type": "LineString", "coordinates": [[-96.7922007, 32.7982452], [-96.7923008, 32.7982319], [-96.7923747, 32.7982414]]}, "properties": {"class": "residential"}}, {"type": "Feature", "geometry": {"type": "LineString", "coordinates": [[-96.7922707, 32.7981294], [-96.7922603, 32.7981605], [-96.7922472, 32.7981824], [-96.7922007, 32.7982452]]}, "properties": {"class": "residential"}}, {"type": "Feature", "geometry": {"type": "LineString", "coordinates": [[-96.807693, 32.7566374], [-96.8077004, 32.7566762], [-96.8076927, 32.7572438], [-96.8076797, 32.757288], [-96.8076943, 32.7579769]]}, "properties": {"class": "residential"}}, {"type": "Feature", "geometry": {"type": "LineString", "coordinates": [[-96.807643, 32.7550196], [-96.8076559, 32.7556603], [-96.8076769, 32.7557134]]}, "properties": {"class": "residential"}}, {"type": "Feature", "geometry": {"type": "LineString", "coordinates": [[-96.8055128, 32.7530947], [-96.8046557, 32.752509], [-96.8045833, 32.7524575], [-96.8039107, 32.752001], [-96.8034843, 32.7517], [-96.8033613, 32.7516227], [-96.8032395, 32.751554]]}, "properties": {"class": "residential"}}, {"type": "Feature", "geometry": {"type": "LineString", "coordinates": [[-96.8055324, 32.7516957], [-96.8055257, 32.7520183], [-96.8055024, 32.7529506], [-96.8055128, 32.7530947]]}, "properties": {"class": "residential"}}, {"type": "Feature", "geometry": {"type": "LineString", "coordinates": [[-96.8055334, 32.7557695], [-96.805535, 32.7558239], [-96.8055511, 32.7558675], [-96.8055953, 32.7558948], [-96.8056568, 32.7559062]]}, "properties": {"class": "residential"}}, {"type": "Feature", "geometry": {"type": "LineString", "coordinates": [[-96.8193442, 32.7976079], [-96.8192398, 32.7976581], [-96.8191777, 32.7977208]]}, "properties": {"class": "secondary"}}, {"type": "Feature", "geometry": {"type": "LineString", "coordinates": [[-96.7881335, 32.7857016], [-96.7880829, 32.7857435], [-96.7877584, 32.7860208], [-96.7876181, 32.786133], [-96.7874734, 32.786252], [-96.7873163, 32.7863827], [-96.7871033, 32.7865593], [-96.7870616, 32.7865953]]}, "properties": {"class": "residential"}}, {"type": "Feature", "geometry": {"type": "LineString", "coordinates": [[-96.8095547, 32.8013632], [-96.8098292, 32.8015974]]}, "properties": {"class": "residential"}}, {"type": "Feature", "geometry": {"type": "LineString", "coordinates": [[-96.7755782, 32.7683079], [-96.7756098, 32.7684194], [-96.7756427, 32.7685312], [-96.7756853, 32.7686304], [-96.7757598, 32.7687682], [-96.7758848, 32.7689501], [-96.7762709, 32.7694072], [-96.7765809, 32.7697617], [-96.7768007, 32.7700233], [-96.776827, 32.770058], [-96.7770494, 32.7703181], [-96.7772345, 32.7705311]]}, "properties": {"class": "secondary"}}, {"type": "Feature", "geometry": {"type": "LineString", "coordinates": [[-96.7744692, 32.7656445], [-96.7739908, 32.7660725], [-96.7733735, 32.7665836], [-96.7725467, 32.7672904], [-96.771789, 32.767956], [-96.7711677, 32.7684751], [-96.7708585, 32.7687266], [-96.770622, 32.7689335]]}, "properties": {"class": "residential"}}, {"type": "Feature", "geometry": {"type": "LineString", "coordinates": [[-96.7726817, 32.7583345], [-96.7727652, 32.7584059], [-96.7728254, 32.7584583]]}, "properties": {"class": "residential"}}, {"type": "Feature", "geometry": {"type": "LineString", "coordinates": [[-96.7728529, 32.7584359], [-96.7728254, 32.7584583]]}, "properties": {"class": "residential"}}, {"type": "Feature", "geometry": {"type": "LineString", "coordinates": [[-96.7734286, 32.7579826], [-96.7734156, 32.7579902], [-96.7733505, 32.7580287]]}, "properties": {"class": "residential"}}, {"type": "Feature", "geometry": {"type": "LineString", "coordinates": [[-96.7743891, 32.7571394], [-96.7737927, 32.7567721], [-96.7734426, 32.7565698], [-96.773212, 32.7564276], [-96.7730937, 32.7563269], [-96.77274, 32.7560201], [-96.772422, 32.755726]]}, "properties": {"class": "residential"}}, {"type": "Feature", "geometry": {"type": "LineString", "coordinates": [[-96.7749932, 32.7574828], [-96.7743891, 32.7571394]]}, "properties": {"class": "residential"}}, {"type": "Feature", "geometry": {"type": "LineString", "coordinates": [[-96.7775027, 32.7582165], [-96.7774505, 32.758161], [-96.777123, 32.7578832], [-96.7766593, 32.7574933], [-96.7762131, 32.7571194], [-96.7758154, 32.7567799]]}, "properties": {"class": "residential"}}, {"type": "Feature", "geometry": {"type": "LineString", "coordinates": [[-96.7758154, 32.7567799], [-96.7757646, 32.7568239], [-96.7757411, 32.7568442], [-96.7750502, 32.7574309], [-96.7749932, 32.7574828]]}, "properties": {"class": "residential"}}, {"type": "Feature", "geometry": {"type": "LineString", "coordinates": [[-96.7772403, 32.7599287], [-96.7764035, 32.7592267], [-96.776347, 32.759179]]}, "properties": {"class": "residential"}}, {"type": "Feature", "geometry": {"type": "LineString", "coordinates": [[-96.7772403, 32.7599287], [-96.77719, 32.759972], [-96.7771769, 32.7599836], [-96.7768263, 32.760285]]}, "properties": {"class": "residential"}}, {"type": "Feature", "geometry": {"type": "LineString", "coordinates": [[-96.787649, 32.7664767], [-96.787572, 32.7664208], [-96.7875538, 32.7664079], [-96.7874886, 32.7663654], [-96.7873078, 32.7662454], [-96.7872649, 32.7662169], [-96.7868241, 32.7659167]]}, "properties": {"class": "residential"}}, {"type": "Feature", "geometry": {"type": "LineString", "coordinates": [[-96.7863422, 32.7655111], [-96.7862916, 32.7655524]]}, "properties": {"class": "residential"}}, {"type": "Feature", "geometry": {"type": "LineString", "coordinates": [[-96.7844723, 32.7670601], [-96.7844144, 32.7671197], [-96.784279, 32.7672733], [-96.7841806, 32.7673646], [-96.7840712, 32.7674589], [-96.7838979, 32.7676028], [-96.7838799, 32.7676184], [-96.7838227, 32.7676678]]}, "properties": {"class": "residential"}}, {"type": "Feature", "geometry": {"type": "LineString", "coordinates": [[-96.7818619, 32.7657982], [-96.7819989, 32.7659307], [-96.78245, 32.766367]]}, "properties": {"class": "secondary"}}, {"type": "Feature", "geometry": {"type": "LineString", "coordinates": [[-96.7836824, 32.7614693], [-96.7828831, 32.7621443], [-96.7825695, 32.762408], [-96.7821724, 32.7627432], [-96.781372, 32.7634104]]}, "properties": {"class": "tertiary"}}, {"type": "Feature", "geometry": {"type": "LineString", "coordinates": [[-96.7803465, 32.7643005], [-96.7804048, 32.7643571], [-96.7804978, 32.7644497], [-96.7806358, 32.7645872], [-96.7806514, 32.7646027], [-96.7810424, 32.7649913], [-96.781612, 32.7655527], [-96.7817114, 32.7656492], [-96.7818619, 32.7657982]]}, "properties": {"class": "secondary"}}, {"type": "Feature", "geometry": {"type": "LineString", "coordinates": [[-96.781372, 32.7634104], [-96.7809472, 32.7637779], [-96.7809306, 32.7637897], [-96.7808759, 32.763837], [-96.780406, 32.7642484], [-96.7803465, 32.7643005]]}, "properties": {"class": "tertiary"}}, {"type": "Feature", "geometry": {"type": "LineString", "coordinates": [[-96.800999, 32.7933793], [-96.8009219, 32.7934437], [-96.8004391, 32.7938475], [-96.7996352, 32.7945194]]}, "properties": {"class": "residential"}}, {"type": "Feature", "geometry": {"type": "LineString", "coordinates": [[-96.7956923, 32.7953821], [-96.7957388, 32.7954196], [-96.7958058, 32.7954737], [-96.7959645, 32.7956017], [-96.7960587, 32.7956777], [-96.7961143, 32.7957226]]}, "properties": {"class": "residential"}}, {"type": "Feature", "geometry": {"type": "LineString", "coordinates": [[-96.7942173, 32.7957229], [-96.7942914, 32.7957597], [-96.7943063, 32.7957671], [-96.7943326, 32.7957801], [-96.7946343, 32.7960417], [-96.7947809, 32.7961688], [-96.7951224, 32.796465], [-96.795171, 32.796507]]}, "properties": {"class": "residential"}}, {"type": "Feature", "geometry": {"type": "LineString", "coordinates": [[-96.798965, 32.7980999], [-96.7993531, 32.7984278], [-96.7993954, 32.798464], [-96.7994505, 32.7985131], [-96.7998058, 32.7988253], [-96.7998595, 32.7988739], [-96.7999003, 32.7989077], [-96.8004078, 32.7993276]]}, "properties": {"class": "residential"}}, {"type": "Feature", "geometry": {"type": "LineString", "coordinates": [[-96.8002714, 32.797743], [-96.8003226, 32.7977867], [-96.8006259, 32.7980459], [-96.8006787, 32.7980911], [-96.8009483, 32.7983216], [-96.8010211, 32.7983827], [-96.8010362, 32.7983954], [-96.8010659, 32.7984054], [-96.8010895, 32.7984133], [-96.8011636, 32.7984382], [-96.8011796, 32.7984405]]}, "properties": {"class": "residential"}}, {"type": "Feature", "geometry": {"type": "LineString", "coordinates": [[-96.7988856, 32.7965582], [-96.7989454, 32.7966093], [-96.7991172, 32.7967562], [-96.7992814, 32.7968966], [-96.7996864, 32.7972428], [-96.7998386, 32.7973729], [-96.8000607, 32.7975628], [-96.800223, 32.7977016], [-96.8002714, 32.797743]]}, "properties": {"class": "residential"}}, {"type": "Feature", "geometry": {"type": "LineString", "coordinates": [[-96.8004658, 32.7952533], [-96.800423, 32.7952883], [-96.7997364, 32.7958649], [-96.7997178, 32.79588], [-96.7996671, 32.7959225], [-96.7996227, 32.7959586], [-96.799601, 32.7959756], [-96.7990922, 32.7963901], [-96.7989472, 32.796508], [-96.7988856, 32.7965582]]}, "properties": {"class": "residential"}}, {"type": "Feature", "geometry": {"type": "LineString", "coordinates": [[-96.8012894, 32.7945613], [-96.8012357, 32.7946065], [-96.8012176, 32.7946221], [-96.8005173, 32.7952093], [-96.8004658, 32.7952533]]}, "properties": {"class": "residential"}}, {"type": "Feature", "geometry": {"type": "LineString", "coordinates": [[-96.7939855, 32.7808891], [-96.7939913, 32.7809751]]}, "properties": {"class": "secondary"}}, {"type": "Feature", "geometry": {"type": "LineString", "coordinates": [[-96.7728749, 32.759955], [-96.7722773, 32.7594421], [-96.7719866, 32.7591887]]}, "properties": {"class": "residential"}}, {"type": "Feature", "geometry": {"type": "LineString", "coordinates": [[-96.7728254, 32.7584583], [-96.7727589, 32.7585142], [-96.7726633, 32.7586137], [-96.772045, 32.7591325], [-96.7719866, 32.7591887]]}, "properties": {"class": "residential"}}, {"type": "Feature", "geometry": {"type": "LineString", "coordinates": [[-96.7922301, 32.7837337], [-96.7923281, 32.7837087], [-96.7924243, 32.7836842], [-96.792552, 32.783651]]}, "properties": {"class": "tertiary"}}, {"type": "Feature", "geometry": {"type": "LineString", "coordinates": [[-96.7764964, 32.799295], [-96.7765464, 32.7992515], [-96.7766699, 32.7991465], [-96.7767723, 32.7990607], [-96.7769015, 32.7989516], [-96.776953, 32.7989072], [-96.7770385, 32.7988337], [-96.7770815, 32.7987982], [-96.7772586, 32.7986524], [-96.7773668, 32.798563], [-96.777394, 32.7985405], [-96.7775132, 32.7984382], [-96.7776084, 32.7983548], [-96.7777509, 32.7982346], [-96.7778667, 32.7981368], [-96.7780336, 32.7979959], [-96.778116, 32.7979274], [-96.778178, 32.797874]]}, "properties": {"class": "tertiary"}}, {"type": "Feature", "geometry": {"type": "LineString", "coordinates": [[-96.7748309, 32.7978441], [-96.7748952, 32.7979002], [-96.7756154, 32.7985275], [-96.7756657, 32.7985713], [-96.7757078, 32.798608], [-96.7757989, 32.7986873], [-96.7760687, 32.7989224], [-96.7761732, 32.7990134], [-96.7764201, 32.7992286], [-96.7764964, 32.799295]]}, "properties": {"class": "tertiary"}}, {"type": "Feature", "geometry": {"type": "LineString", "coordinates": [[-96.7762002, 32.7995495], [-96.7762927, 32.7994689], [-96.7763449, 32.7994232], [-96.776437, 32.7993464], [-96.7764964, 32.799295]]}, "properties": {"class": "tertiary"}}, {"type": "Feature", "geometry": {"type": "LineString", "coordinates": [[-96.8099197, 32.7550625], [-96.8098894, 32.7547118], [-96.8098581, 32.754243], [-96.8098461, 32.7539897], [-96.8098626, 32.7538098], [-96.8098685, 32.7537453]]}, "properties": {"class": "secondary"}}, {"type": "Feature", "geometry": {"type": "LineString", "coordinates": [[-96.8107827, 32.7548178], [-96.810926, 32.7560587]]}, "properties": {"class": "secondary"}}, {"type": "Feature", "geometry": {"type": "LineString", "coordinates": [[-96.7888744, 32.7863421], [-96.7887541, 32.7864312], [-96.7884926, 32.786625], [-96.788314, 32.7867574], [-96.7881626, 32.7868695], [-96.7880269, 32.7869701], [-96.7877889, 32.7871465], [-96.7877388, 32.7871836]]}, "properties": {"class": "residential"}}, {"type": "Feature", "geometry": {"type": "LineString", "coordinates": [[-96.7838416, 32.7881484], [-96.7838845, 32.7881835], [-96.78428, 32.7885174], [-96.784339, 32.788569]]}, "properties": {"class": "residential"}}, {"type": "Feature", "geometry": {"type": "LineString", "coordinates": [[-96.7859726, 32.7899297], [-96.7863644, 32.7902647], [-96.7867924, 32.7906273], [-96.7868811, 32.7907024]]}, "properties": {"class": "residential"}}, {"type": "Feature", "geometry": {"type": "LineString", "coordinates": [[-96.7849356, 32.7873494], [-96.7849992, 32.7874168], [-96.7853359, 32.7877731], [-96.785384, 32.787824]]}, "properties": {"class": "residential"}}, {"type": "Feature", "geometry": {"type": "LineString", "coordinates": [[-96.785955, 32.787406], [-96.7857473, 32.787558], [-96.7856524, 32.7876275], [-96.7855923, 32.7876715]]}, "properties": {"class": "residential"}}, {"type": "Feature", "geometry": {"type": "LineString", "coordinates": [[-96.7855923, 32.7876715], [-96.7854279, 32.7877919], [-96.785384, 32.787824]]}, "properties": {"class": "residential"}}, {"type": "Feature", "geometry": {"type": "LineString", "coordinates": [[-96.7870616, 32.7865953], [-96.7870122, 32.7866387], [-96.7866618, 32.7868864], [-96.7863251, 32.7871349], [-96.7862678, 32.787177], [-96.7862129, 32.7872172], [-96.785955, 32.787406]]}, "properties": {"class": "residential"}}, {"type": "Feature", "geometry": {"type": "LineString", "coordinates": [[-96.7876029, 32.7900993], [-96.7876979, 32.7901783], [-96.788078, 32.7905014], [-96.7887314, 32.7910567], [-96.7888187, 32.7911281]]}, "properties": {"class": "residential"}}, {"type": "Feature", "geometry": {"type": "LineString", "coordinates": [[-96.7883627, 32.7877222], [-96.7881351, 32.7879222], [-96.787862, 32.7881483], [-96.7878072, 32.7881934], [-96.7875605, 32.7884027], [-96.7875276, 32.7884283], [-96.7874705, 32.7884715]]}, "properties": {"class": "residential"}}, {"type": "Feature", "geometry": {"type": "LineString", "coordinates": [[-96.7831003, 32.7904273], [-96.7832836, 32.7905892]]}, "properties": {"class": "residential"}}, {"type": "Feature", "geometry": {"type": "LineString", "coordinates": [[-96.772703, 32.7884571], [-96.7727541, 32.7884155]]}, "properties": {"class": "residential"}}, {"type": "Feature", "geometry": {"type": "LineString", "coordinates": [[-96.7902792, 32.7817443], [-96.7900438, 32.7817938], [-96.7897991, 32.7818453]]}, "properties": {"class": "secondary"}}, {"type": "Feature", "geometry": {"type": "LineString", "coordinates": [[-96.7800863, 32.7738297], [-96.7799086, 32.7739741]]}, "properties": {"class": "residential"}}, {"type": "Feature", "geometry": {"type": "LineString", "coordinates": [[-96.7789308, 32.7758078], [-96.7795135, 32.7754372]]}, "properties": {"class": "residential"}}, {"type": "Feature", "geometry": {"type": "LineString", "coordinates": [[-96.7789025, 32.7746015], [-96.7784055, 32.774905]]}, "properties": {"class": "residential"}}, {"type": "Feature", "geometry": {"type": "LineString", "coordinates": [[-96.7761758, 32.7762908], [-96.7760522, 32.7763802], [-96.7759959, 32.7764288], [-96.7759266, 32.776507]]}, "properties": {"class": "residential"}}, {"type": "Feature", "geometry": {"type": "LineString", "coordinates": [[-96.77633, 32.7761938], [-96.7761758, 32.7762908]]}, "properties": {"class": "residential"}}, {"type": "Feature", "geometry": {"type": "LineString", "coordinates": [[-96.7802623, 32.7762147], [-96.7795487, 32.7766532]]}, "properties": {"class": "residential"}}, {"type": "Feature", "geometry": {"type": "LineString", "coordinates": [[-96.7760074, 32.7812128], [-96.7759476, 32.7811699], [-96.7750165, 32.780495], [-96.7749653, 32.7804635], [-96.7749142, 32.7804267], [-96.774606, 32.780205]]}, "properties": {"class": "residential"}}, {"type": "Feature", "geometry": {"type": "LineString", "coordinates": [[-96.7827438, 32.781305], [-96.7827267, 32.7812423], [-96.7827179, 32.7812072], [-96.7826557, 32.78099], [-96.782619, 32.780862], [-96.782608, 32.7808355], [-96.782595, 32.780804]]}, "properties": {"class": "residential"}}, {"type": "Feature", "geometry": {"type": "LineString", "coordinates": [[-96.7806069, 32.7844877], [-96.7805809, 32.7844253], [-96.7805713, 32.7843938], [-96.7804321, 32.7838884]]}, "properties": {"class": "residential"}}, {"type": "Feature", "geometry": {"type": "LineString", "coordinates": [[-96.7804321, 32.7838884], [-96.7804231, 32.7838559], [-96.7803985, 32.7837696]]}, "properties": {"class": "residential"}}, {"type": "Feature", "geometry": {"type": "LineString", "coordinates": [[-96.782693, 32.785535], [-96.7826103, 32.7855516], [-96.7825887, 32.7855562], [-96.7824633, 32.7855791], [-96.7821333, 32.7856424], [-96.7817319, 32.7857195], [-96.7812058, 32.7858228], [-96.7811676, 32.7858313], [-96.7811191, 32.7858636]]}, "properties": {"class": "residential"}}, {"type": "Feature", "geometry": {"type": "LineString", "coordinates": [[-96.7764964, 32.799295], [-96.776571, 32.7993607], [-96.77678, 32.7995449], [-96.7768471, 32.799604], [-96.7770944, 32.7998219], [-96.7771921, 32.799908], [-96.7773462, 32.8000437], [-96.7775284, 32.8002043], [-96.7776449, 32.8003069], [-96.7777128, 32.8003668]]}, "properties": {"class": "tertiary"}}, {"type": "Feature", "geometry": {"type": "LineString", "coordinates": [[-96.8004078, 32.7993276], [-96.8004235, 32.7993412], [-96.8005006, 32.7994051], [-96.8006251, 32.7995083], [-96.8007604, 32.7996204], [-96.8007765, 32.799632], [-96.8008056, 32.7996393], [-96.8008797, 32.7996519], [-96.8008974, 32.799655]]}, "properties": {"class": "residential"}}, {"type": "Feature", "geometry": {"type": "LineString", "coordinates": [[-96.7849979, 32.7988856], [-96.7850659, 32.798944], [-96.7850871, 32.7989616], [-96.7853474, 32.7991804], [-96.7854765, 32.7992901], [-96.7859044, 32.7996489], [-96.7859474, 32.7996836], [-96.7859884, 32.7997197], [-96.7861317, 32.7998404], [-96.7866745, 32.8002998], [-96.7866887, 32.8003127], [-96.7867366, 32.8003538]]}, "properties": {"class": "residential"}}, {"type": "Feature", "geometry": {"type": "LineString", "coordinates": [[-96.7948579, 32.784005], [-96.7949407, 32.7839366]]}, "properties": {"class": "tertiary"}}, {"type": "Feature", "geometry": {"type": "LineString", "coordinates": [[-96.7949407, 32.7839366], [-96.7950621, 32.7838363]]}, "properties": {"class": "tertiary"}}, {"type": "Feature", "geometry": {"type": "LineString", "coordinates": [[-96.7952118, 32.7837127], [-96.7952839, 32.783648]]}, "properties": {"class": "tertiary"}}, {"type": "Feature", "geometry": {"type": "LineString", "coordinates": [[-96.790974, 32.7775894], [-96.7908216, 32.7774578]]}, "properties": {"class": "secondary"}}, {"type": "Feature", "geometry": {"type": "LineString", "coordinates": [[-96.775323, 32.7864336], [-96.7752812, 32.786408], [-96.7752304, 32.7863938]]}, "properties": {"class": "tertiary"}}, {"type": "Feature", "geometry": {"type": "LineString", "coordinates": [[-96.7904189, 32.7898304], [-96.7903023, 32.7899288], [-96.7902239, 32.7899711]]}, "properties": {"class": "tertiary"}}, {"type": "Feature", "geometry": {"type": "LineString", "coordinates": [[-96.79063, 32.7896443], [-96.7904189, 32.7898304]]}, "properties": {"class": "tertiary"}}, {"type": "Feature", "geometry": {"type": "LineString", "coordinates": [[-96.782976, 32.773362], [-96.78317, 32.7736069], [-96.7833951, 32.7738326], [-96.7835409, 32.7739466]]}, "properties": {"class": "primary"}}, {"type": "Feature", "geometry": {"type": "LineString", "coordinates": [[-96.7834704, 32.7737309], [-96.783316, 32.7735703], [-96.7830919, 32.7732887]]}, "properties": {"class": "primary"}}, {"type": "Feature", "geometry": {"type": "LineString", "coordinates": [[-96.7950349, 32.7727544], [-96.7948283, 32.7725578], [-96.7947612, 32.7724898]]}, "properties": {"class": "secondary"}}, {"type": "Feature", "geometry": {"type": "LineString", "coordinates": [[-96.781609, 32.775607], [-96.7818197, 32.7758376], [-96.7821876, 32.776233]]}, "properties": {"class": "secondary"}}, {"type": "Feature", "geometry": {"type": "LineString", "coordinates": [[-96.7996827, 32.7706608], [-96.799548, 32.7705652]]}, "properties": {"class": "secondary"}}, {"type": "Feature", "geometry": {"type": "LineString", "coordinates": [[-96.7994393, 32.7704885], [-96.7993769, 32.7704451], [-96.7988168, 32.7700553], [-96.7981908, 32.7696197], [-96.7979928, 32.769482], [-96.7972513, 32.7689426], [-96.7970016, 32.7687563], [-96.7969686, 32.7687317], [-96.7967173, 32.7685441], [-96.7966635, 32.7685065], [-96.7963601, 32.7682941], [-96.7961155, 32.7681248]]}, "properties": {"class": "secondary"}}, {"type": "Feature", "geometry": {"type": "LineString", "coordinates": [[-96.804978, 32.7907843], [-96.8048755, 32.7907929]]}, "properties": {"class": "tertiary"}}, {"type": "Feature", "geometry": {"type": "LineString", "coordinates": [[-96.8029191, 32.7901867], [-96.8028649, 32.7901362], [-96.8024453, 32.7897459], [-96.8023901, 32.7896935]]}, "properties": {"class": "tertiary"}}, {"type": "Feature", "geometry": {"type": "LineString", "coordinates": [[-96.7969599, 32.7811182], [-96.7970435, 32.7810998], [-96.7971161, 32.7810847]]}, "properties": {"class": "secondary"}}, {"type": "Feature", "geometry": {"type": "LineString", "coordinates": [[-96.7863565, 32.783366], [-96.7862924, 32.7833801], [-96.7858204, 32.7834754]]}, "properties": {"class": "secondary"}}, {"type": "Feature", "geometry": {"type": "LineString", "coordinates": [[-96.7824515, 32.7841372], [-96.7822547, 32.784174], [-96.7821721, 32.7841891]]}, "properties": {"class": "secondary"}}, {"type": "Feature", "geometry": {"type": "LineString", "coordinates": [[-96.7821721, 32.7841891], [-96.7820733, 32.784208], [-96.7819172, 32.7842378]]}, "properties": {"class": "secondary"}}, {"type": "Feature", "geometry": {"type": "LineString", "coordinates": [[-96.7754251, 32.7855553], [-96.7750639, 32.7856267], [-96.7749285, 32.7856542]]}, "properties": {"class": "secondary"}}, {"type": "Feature", "geometry": {"type": "LineString", "coordinates": [[-96.779672, 32.7589819], [-96.7796145, 32.7591718]]}, "properties": {"class": "secondary"}}, {"type": "Feature", "geometry": {"type": "LineString", "coordinates": [[-96.79117, 32.78922], [-96.7911446, 32.789221], [-96.7911129, 32.7892306], [-96.7910898, 32.7892415], [-96.7910668, 32.7892569]]}, "properties": {"class": "tertiary"}}, {"type": "Feature", "geometry": {"type": "LineString", "coordinates": [[-96.7875932, 32.7921733], [-96.7875663, 32.7921801]]}, "properties": {"class": "tertiary"}}, {"type": "Feature", "geometry": {"type": "LineString", "coordinates": [[-96.7755566, 32.7635268], [-96.7752606, 32.7627024], [-96.7751489, 32.7623913]]}, "properties": {"class": "motorway"}}, {"type": "Feature", "geometry": {"type": "LineString", "coordinates": [[-96.8104404, 32.7917939], [-96.8113201, 32.7926776]]}, "properties": {"class": "secondary"}}, {"type": "Feature", "geometry": {"type": "LineString", "coordinates": [[-96.7797663, 32.7693428], [-96.7790954, 32.7685548], [-96.7785332, 32.7678869], [-96.7780263, 32.7673567], [-96.7775443, 32.7668141], [-96.7774781, 32.7666907]]}, "properties": {"class": "primary"}}, {"type": "Feature", "geometry": {"type": "LineString", "coordinates": [[-96.7773498, 32.7668117], [-96.7780832, 32.7675651], [-96.7784173, 32.767952], [-96.7790087, 32.7686393], [-96.779575, 32.7693188], [-96.7796532, 32.7694128]]}, "properties": {"class": "primary"}}, {"type": "Feature", "geometry": {"type": "LineString", "coordinates": [[-96.774543, 32.7621065], [-96.7744706, 32.7622491], [-96.7743956, 32.7623524]]}, "properties": {"class": "residential"}}, {"type": "Feature", "geometry": {"type": "LineString", "coordinates": [[-96.7743956, 32.7623524], [-96.7745095, 32.7623532], [-96.774659, 32.7623832]]}, "properties": {"class": "residential"}}, {"type": "Feature", "geometry": {"type": "LineString", "coordinates": [[-96.787621, 32.7854915], [-96.7876917, 32.7854572], [-96.7877585, 32.7854277]]}, "properties": {"class": "tertiary"}}, {"type": "Feature", "geometry": {"type": "LineString", "coordinates": [[-96.7774781, 32.7666907], [-96.7773498, 32.7668117], [-96.77657, 32.7674726], [-96.7759837, 32.767984], [-96.7757273, 32.7681984], [-96.7755782, 32.7683079]]}, "properties": {"class": "secondary"}}, {"type": "Feature", "geometry": {"type": "LineString", "coordinates": [[-96.8089374, 32.7845576], [-96.8089337, 32.784683]]}, "properties": {"class": "secondary"}}, {"type": "Feature", "geometry": {"type": "LineString", "coordinates": [[-96.8096233, 32.7940771], [-96.8092912, 32.7937814], [-96.809236, 32.793732], [-96.8090962, 32.7936077], [-96.808864, 32.793401], [-96.8084652, 32.7930496], [-96.8078994, 32.7925459]]}, "properties": {"class": "secondary"}}]}