{"type": "FeatureCollection", "features": [{"type": "Feature", "geometry": {"type": "LineString", "coordinates": [[55.2619166, 25.2199865], [55.2616324, 25.2201912], [55.2606408, 25.2209493], [55.2605653, 25.2210028], [55.2600337, 25.2214038], [55.2597864, 25.2215959], [55.2596227, 25.2217181], [55.2593364, 25.2219387], [55.2589882, 25.2222092], [55.2582868, 25.2227367], [55.2581488, 25.2228455], [55.2581193, 25.2228669]]}, "properties": {"class": "residential"}}, {"type": "Feature", "geometry": {"type": "LineString", "coordinates": [[55.2900748, 25.2288327], [55.2901944, 25.2288459], [55.2903134, 25.2288655], [55.2904318, 25.2288851], [55.2905568, 25.2289306], [55.2906409, 25.2289822], [55.2906946, 25.2290279], [55.2907481, 25.2290887], [55.2908136, 25.2291941], [55.2908227, 25.2292573], [55.2908528, 25.2293401], [55.2908725, 25.2294255], [55.2908764, 25.2295327], [55.2908588, 25.2296391], [55.2908244, 25.2297422], [55.2907739, 25.2298397], [55.2907083, 25.2299295], [55.290629, 25.2300098], [55.2905607, 25.2300615], [55.2905377, 25.2300789], [55.2904593, 25.2301275], [55.2903072, 25.2301974]]}, "properties": {"class": "primary"}}, {"type": "Feature", "geometry": {"type": "LineString", "coordinates": [[55.2501159, 25.2144083], [55.2501592, 25.2144655], [55.2502432, 25.2145764], [55.2503136, 25.2146694], [55.2509118, 25.215453], [55.2509813, 25.2155441], [55.2510141, 25.2155871], [55.2511466, 25.2157606], [55.2514473, 25.2161544], [55.2516079, 25.2163647], [55.2518497, 25.2166814], [55.2523372, 25.2173198], [55.2523513, 25.2173383], [55.2524141, 25.2174206], [55.2525797, 25.2176375], [55.2530741, 25.218285], [55.2536457, 25.2190334]]}, "properties": {"class": "primary"}}, {"type": "Feature", "geometry": {"type": "LineString", "coordinates": [[55.2650651, 25.2076646], [55.2651957, 25.2075947]]}, "properties": {"class": "primary"}}, {"type": "Feature", "geometry": {"type": "LineString", "coordinates": [[55.2910795, 25.2298933], [55.2907014, 25.2298135], [55.2904016, 25.22975], [55.2901033, 25.2296806], [55.2898069, 25.2296053], [55.2895123, 25.2295242], [55.2892197, 25.2294373], [55.2889293, 25.2293446], [55.2886412, 25.2292462], [55.2883556, 25.2291421]]}, "properties": {"class": "motorway"}}, {"type": "Feature", "geometry": {"type": "LineString", "coordinates": [[55.2851351, 25.2260809], [55.2825811, 25.2223342], [55.2819295, 25.221348]]}, "properties": {"class": "motorway"}}, {"type": "Feature", "geometry": {"type": "LineString", "coordinates": [[55.2884128, 25.2290298], [55.2886929, 25.2291346], [55.2889757, 25.2292331], [55.2895489, 25.2294114], [55.289839, 25.2294911], [55.290131, 25.2295643], [55.290425, 25.2296311], [55.2907207, 25.2296914], [55.2911151, 25.2297731]]}, "properties": {"class": "motorway"}}, {"type": "Feature", "geometry": {"type": "LineString", "coordinates": [[55.2911151, 25.2297731], [55.2912574, 25.2298038], [55.2913646, 25.2298305], [55.2932989, 25.2303592], [55.2934628, 25.2304049], [55.2936302, 25.2304464], [55.2950703, 25.230806], [55.2962365, 25.231085]]}, "properties": {"class": "motorway"}}, {"type": "Feature", "geometry": {"type": "LineString", "coordinates": [[55.2866894, 25.2269279], [55.2867272, 25.2269087], [55.2867702, 25.2269035], [55.2868077, 25.2269111], [55.2868404, 25.2269295], [55.2868646, 25.2269565], [55.2868776, 25.2269892], [55.2868781, 25.227024], [55.2868659, 25.227057], [55.2868441, 25.2270831], [55.2868145, 25.2271019], [55.2867799, 25.2271115], [55.2867448, 25.227111], [55.2867051, 25.2270979], [55.2866732, 25.2270727], [55.2866535, 25.2270389], [55.2866486, 25.2270009], [55.2866591, 25.2269638], [55.2866621, 25.2269584], [55.2866894, 25.2269279]]}, "properties": {"class": "tertiary"}}, {"type": "Feature", "geometry": {"type": "LineString", "coordinates": [[55.2467134, 25.2099605], [55.2467831, 25.2099143], [55.2469328, 25.2098177], [55.2471206, 25.2097268], [55.247456, 25.2095851], [55.2478825, 25.2094265], [55.2484653, 25.2092256], [55.2490354, 25.2089967], [55.2495912, 25.2087405], [55.2500863, 25.2085185], [55.2505654, 25.2082876], [55.2506258, 25.20825], [55.2506579, 25.2082253], [55.2506815, 25.2082071], [55.2507316, 25.208159]]}, "properties": {"class": "secondary"}}, {"type": "Feature", "geometry": {"type": "LineString", "coordinates": [[55.2535451, 25.2069691], [55.2533523, 25.2070727], [55.2532608, 25.2071218], [55.2531192, 25.2071978], [55.2528997, 25.2073131], [55.251566, 25.2079445], [55.251257, 25.2080908], [55.2511981, 25.2081203], [55.2511425, 25.2081546], [55.2510905, 25.2081933], [55.2510439, 25.2082363]]}, "properties": {"class": "secondary"}}, {"type": "Feature", "geometry": {"type": "LineString", "coordinates": [[55.2452076, 25.183066], [55.2452262, 25.1830201], [55.2452526, 25.1829847], [55.2452856, 25.1829542], [55.2453235, 25.1829288], [55.2458826, 25.1825549], [55.2467134, 25.1820655], [55.246863, 25.1819728], [55.2470105, 25.1818774], [55.2479711, 25.181241], [55.2480672, 25.1811718]]}, "properties": {"class": "secondary"}}, {"type": "Feature", "geometry": {"type": "LineString", "coordinates": [[55.2481403, 25.1812362], [55.2494197, 25.1803516], [55.2498343, 25.1800671], [55.2509338, 25.1792872]]}, "properties": {"class": "primary"}}, {"type": "Feature", "geometry": {"type": "LineString", "coordinates": [[55.2510052, 25.1793582], [55.2498957, 25.1801445], [55.2482087, 25.1813098]]}, "properties": {"class": "primary"}}, {"type": "Feature", "geometry": {"type": "LineString", "coordinates": [[55.2565332, 25.2111178], [55.256435, 25.2111729], [55.2563944, 25.2111957], [55.2562258, 25.2112755]]}, "properties": {"class": "tertiary"}}, {"type": "Feature", "geometry": {"type": "LineString", "coordinates": [[55.2513925, 25.2175372], [55.2513932, 25.2175486], [55.2513995, 25.2175585], [55.2517838, 25.2180612], [55.2519181, 25.2182368], [55.2520877, 25.2184587], [55.2521053, 25.2184816]]}, "properties": {"class": "residential"}}, {"type": "Feature", "geometry": {"type": "LineString", "coordinates": [[55.2525526, 25.218999], [55.2525593, 25.2189668], [55.2525786, 25.2189383], [55.2526058, 25.2189156], [55.2529907, 25.2186597]]}, "properties": {"class": "residential"}}, {"type": "Feature", "geometry": {"type": "LineString", "coordinates": [[55.2549051, 25.2220653], [55.2544288, 25.2214747], [55.2536086, 25.2204169], [55.2531975, 25.2198889], [55.2528555, 25.2194497], [55.2527788, 25.2193512], [55.2525797, 25.2190919], [55.2525584, 25.2190644], [55.2525476, 25.2190324], [55.2525526, 25.218999]]}, "properties": {"class": "residential"}}, {"type": "Feature", "geometry": {"type": "LineString", "coordinates": [[55.2620941, 25.2262165], [55.2621803, 25.2263322], [55.2625678, 25.2268522], [55.2626453, 25.226955], [55.2640568, 25.2288498], [55.2642765, 25.2291465], [55.2649193, 25.2299961], [55.2657814, 25.2311498], [55.2659935, 25.2314512], [55.2660332, 25.231515], [55.2660715, 25.2315868], [55.2661029, 25.2316605], [55.2663108, 25.2322349], [55.2663363, 25.2323155]]}, "properties": {"class": "residential"}}, {"type": "Feature", "geometry": {"type": "LineString", "coordinates": [[55.2645321, 25.2246519], [55.2649606, 25.2252506], [55.2649936, 25.2252996], [55.2650251, 25.2253524], [55.2650533, 25.2254067], [55.2655201, 25.2263279]]}, "properties": {"class": "residential"}}, {"type": "Feature", "geometry": {"type": "LineString", "coordinates": [[55.2627352, 25.2258041], [55.2626818, 25.2257392], [55.2619573, 25.2248589], [55.2615937, 25.2243214], [55.2612605, 25.2238086], [55.260905, 25.2232677], [55.2606194, 25.2228506], [55.2605176, 25.2226959], [55.2601478, 25.2221338], [55.2597864, 25.2215959]]}, "properties": {"class": "residential"}}, {"type": "Feature", "geometry": {"type": "LineString", "coordinates": [[55.2589749, 25.2239058], [55.2597661, 25.2233952], [55.2598644, 25.2233333], [55.2606194, 25.2228506]]}, "properties": {"class": "residential"}}, {"type": "Feature", "geometry": {"type": "LineString", "coordinates": [[55.2621617, 25.2232399], [55.2621141, 25.2232693], [55.2613632, 25.2237331], [55.2612605, 25.2238086], [55.2605676, 25.2242615], [55.2604681, 25.224325], [55.2596856, 25.2248245]]}, "properties": {"class": "residential"}}, {"type": "Feature", "geometry": {"type": "LineString", "coordinates": [[55.2593607, 25.2264394], [55.2594059, 25.2264521], [55.2594527, 25.226458], [55.2594999, 25.226457], [55.2595464, 25.2264491], [55.2596046, 25.2264286]]}, "properties": {"class": "residential"}}, {"type": "Feature", "geometry": {"type": "LineString", "coordinates": [[55.2581488, 25.2228455], [55.2589435, 25.2238629], [55.2589749, 25.2239058], [55.2592777, 25.2242998], [55.2596856, 25.2248245], [55.260054, 25.2253024], [55.2604825, 25.2258634]]}, "properties": {"class": "residential"}}, {"type": "Feature", "geometry": {"type": "LineString", "coordinates": [[55.2615937, 25.2243214], [55.2625185, 25.2237755]]}, "properties": {"class": "residential"}}, {"type": "Feature", "geometry": {"type": "LineString", "coordinates": [[55.260905, 25.2232677], [55.2618109, 25.2227055]]}, "properties": {"class": "residential"}}, {"type": "Feature", "geometry": {"type": "LineString", "coordinates": [[55.2606408, 25.2209493], [55.2610065, 25.2215001], [55.261057, 25.2215757], [55.2612753, 25.2219028], [55.2616379, 25.2224463], [55.2618109, 25.2227055], [55.262006, 25.2230027], [55.2621617, 25.2232399], [55.2625185, 25.2237755], [55.2627289, 25.2240991], [55.2631064, 25.2246795], [55.2635231, 25.2253048]]}, "properties": {"class": "residential"}}, {"type": "Feature", "geometry": {"type": "LineString", "coordinates": [[55.2554103, 25.2140209], [55.2560979, 25.2135917]]}, "properties": {"class": "residential"}}, {"type": "Feature", "geometry": {"type": "LineString", "coordinates": [[55.2598644, 25.2233333], [55.2593381, 25.2226585], [55.2589882, 25.2222092]]}, "properties": {"class": "residential"}}, {"type": "Feature", "geometry": {"type": "LineString", "coordinates": [[55.2649936, 25.2252996], [55.2648909, 25.2253653], [55.263852, 25.2260302], [55.2634056, 25.2263159], [55.2632112, 25.2264404], [55.2626412, 25.2268052], [55.2625678, 25.2268522]]}, "properties": {"class": "residential"}}, {"type": "Feature", "geometry": {"type": "LineString", "coordinates": [[55.2651525, 25.2277453], [55.2648811, 25.2273966], [55.2645229, 25.2269184], [55.2644982, 25.2268857], [55.2639935, 25.2262175], [55.263852, 25.2260302]]}, "properties": {"class": "residential"}}, {"type": "Feature", "geometry": {"type": "LineString", "coordinates": [[55.2642765, 25.2291465], [55.2642278, 25.2291785], [55.2636423, 25.2295633], [55.2631632, 25.2298721], [55.2630063, 25.2299705], [55.2627, 25.2301749], [55.262431, 25.2303543]]}, "properties": {"class": "residential"}}, {"type": "Feature", "geometry": {"type": "LineString", "coordinates": [[55.2636423, 25.2295633], [55.2637238, 25.2296703], [55.2645132, 25.2307067], [55.265342, 25.2317952]]}, "properties": {"class": "residential"}}, {"type": "Feature", "geometry": {"type": "LineString", "coordinates": [[55.2667786, 25.229118], [55.2666673, 25.2291625], [55.2664166, 25.2292628], [55.2661421, 25.2293751], [55.2658719, 25.2294956], [55.2656063, 25.2296242], [55.2655489, 25.2296545], [55.2649193, 25.2299961]]}, "properties": {"class": "residential"}}, {"type": "Feature", "geometry": {"type": "LineString", "coordinates": [[55.268069, 25.2317909], [55.2680385, 25.2317279], [55.2675747, 25.2307678], [55.2674063, 25.2304192], [55.2673165, 25.2302321], [55.2671771, 25.2299427], [55.2671432, 25.2298785], [55.2667786, 25.229118], [55.266447, 25.2284326], [55.2661222, 25.2277614], [55.2660258, 25.2275638], [55.2659625, 25.2274315]]}, "properties": {"class": "residential"}}, {"type": "Feature", "geometry": {"type": "LineString", "coordinates": [[55.2656063, 25.2296242], [55.2650786, 25.2289224], [55.2649583, 25.2287621], [55.2647378, 25.2284688], [55.2646767, 25.2283866], [55.2644244, 25.2280488], [55.2633109, 25.2265705], [55.2632112, 25.2264404]]}, "properties": {"class": "residential"}}, {"type": "Feature", "geometry": {"type": "LineString", "coordinates": [[55.2651948, 25.2242833], [55.2649267, 25.2244175], [55.2648487, 25.2244512]]}, "properties": {"class": "tertiary"}}, {"type": "Feature", "geometry": {"type": "LineString", "coordinates": [[55.2626273, 25.2294683], [55.2631528, 25.2291336], [55.2631834, 25.2290999], [55.263203, 25.22906], [55.2632103, 25.2290169], [55.2632048, 25.2289735], [55.2631868, 25.228933], [55.2630431, 25.2287452], [55.2625101, 25.2280485], [55.2620012, 25.2273833], [55.2619558, 25.2273208], [55.2615872, 25.2268138]]}, "properties": {"class": "residential"}}, {"type": "Feature", "geometry": {"type": "LineString", "coordinates": [[55.2619558, 25.2273208], [55.2617552, 25.2274442], [55.2614557, 25.2276285], [55.2614079, 25.2276723], [55.261383, 25.2277295], [55.2613849, 25.2277911], [55.2614134, 25.227847], [55.261463, 25.2279132], [55.261875, 25.2284636], [55.2619156, 25.2285177], [55.2623995, 25.2291641], [55.2626273, 25.2294683], [55.2626956, 25.229559], [55.2630063, 25.2299705]]}, "properties": {"class": "residential"}}, {"type": "Feature", "geometry": {"type": "LineString", "coordinates": [[55.2644244, 25.2280488], [55.2651525, 25.2277453], [55.2659625, 25.2274315], [55.2663988, 25.2272539]]}, "properties": {"class": "residential"}}, {"type": "Feature", "geometry": {"type": "LineString", "coordinates": [[55.2636919, 25.2221142], [55.2636486, 25.2221123], [55.2636055, 25.2221159], [55.2635634, 25.2221251], [55.2635232, 25.2221396], [55.2634856, 25.2221591], [55.2630698, 25.2223962], [55.2627654, 25.2225697], [55.2624945, 25.2227242], [55.262006, 25.2230027]]}, "properties": {"class": "residential"}}, {"type": "Feature", "geometry": {"type": "LineString", "coordinates": [[55.2627289, 25.2240991], [55.2627982, 25.2240854], [55.2628342, 25.2240749], [55.2628682, 25.2240597], [55.2628997, 25.2240405], [55.2632385, 25.2238227], [55.2634795, 25.2236677], [55.263506, 25.2236486], [55.2635294, 25.2236264], [55.2635491, 25.2236015], [55.2635717, 25.2235513]]}, "properties": {"class": "residential"}}, {"type": "Feature", "geometry": {"type": "LineString", "coordinates": [[55.2631064, 25.2246795], [55.2638422, 25.2242221], [55.2638705, 25.2242005], [55.2638938, 25.2241743], [55.2639109, 25.2241445], [55.2639191, 25.2241142]]}, "properties": {"class": "residential"}}, {"type": "Feature", "geometry": {"type": "LineString", "coordinates": [[55.2721881, 25.2248031], [55.272549, 25.2252756], [55.2725791, 25.225315], [55.2729847, 25.2258554], [55.2731022, 25.226011], [55.2732625, 25.2262249], [55.2733646, 25.2263481], [55.273527, 25.2265165], [55.2736804, 25.2266915], [55.2738245, 25.2268728], [55.2739855, 25.2270954]]}, "properties": {"class": "secondary"}}, {"type": "Feature", "geometry": {"type": "LineString", "coordinates": [[55.2753277, 25.2152997], [55.2752318, 25.2153545], [55.2750178, 25.2154711], [55.2745022, 25.2157578], [55.2743438, 25.215858], [55.2741939, 25.2159686], [55.2740795, 25.2160688], [55.2739999, 25.2161385], [55.2739588, 25.2161724], [55.2738834, 25.2162531], [55.27383, 25.2163106], [55.2736898, 25.2164809], [55.2735867, 25.2166226], [55.2734656, 25.2167676], [55.2733314, 25.216903], [55.273185, 25.2170276], [55.2730276, 25.2171407], [55.2727992, 25.2172919], [55.2717851, 25.2179464], [55.2717662, 25.2179586], [55.2716744, 25.2180181]]}, "properties": {"class": "secondary"}}, {"type": "Feature", "geometry": {"type": "LineString", "coordinates": [[55.2724157, 25.2173851], [55.2725582, 25.2172997], [55.2728229, 25.2171277], [55.2729868, 25.2170215], [55.2731402, 25.2169032], [55.2732572, 25.2167996], [55.2733653, 25.2166883], [55.2734639, 25.21657], [55.2735326, 25.2164752]]}, "properties": {"class": "secondary"}}, {"type": "Feature", "geometry": {"type": "LineString", "coordinates": [[55.2857182, 25.2308056], [55.2849575, 25.2298028], [55.283941, 25.2284585], [55.2838175, 25.2282984], [55.283805, 25.2282822], [55.28373, 25.2281841], [55.283706, 25.2281548], [55.2836059, 25.2280194], [55.2830429, 25.2272771], [55.2828614, 25.2270265], [55.2821686, 25.2261011], [55.2820365, 25.2259384], [55.281885, 25.2257471], [55.2817925, 25.2256283], [55.2815802, 25.225355], [55.2815574, 25.225325], [55.2814311, 25.2251712], [55.2809408, 25.2245109], [55.2807222, 25.2242165], [55.2805715, 25.2240172], [55.2801303, 25.2234339], [55.2801195, 25.2234196], [55.279719, 25.2228901], [55.2796541, 25.2228044], [55.2794918, 25.2225902], [55.2792689, 25.2222961], [55.2790761, 25.2220396], [55.2790564, 25.2220134], [55.2790339, 25.2219873], [55.2789536, 25.2218856], [55.2787841, 25.2216519], [55.2786996, 25.2215354], [55.278449, 25.2212255], [55.2780714, 25.220723], [55.2778877, 25.2204799], [55.2776579, 25.2201757], [55.2774739, 25.2199322], [55.277301, 25.2196872], [55.2771802, 25.2195145], [55.2771631, 25.2194901], [55.2770161, 25.2192726], [55.2769006, 25.2190981], [55.2767938, 25.218919], [55.2766961, 25.2187358]]}, "properties": {"class": "secondary"}}, {"type": "Feature", "geometry": {"type": "LineString", "coordinates": [[55.2751617, 25.2148386], [55.2752765, 25.2150084], [55.2752961, 25.2150373], [55.2753734, 25.2151385], [55.2754306, 25.2152122], [55.2754986, 25.2152991], [55.2756469, 25.215515], [55.2757546, 25.2156748], [55.2759025, 25.2158981], [55.275978, 25.2160191], [55.2760482, 25.2161427], [55.2761129, 25.2162687], [55.2761721, 25.216397], [55.2762127, 25.2164944], [55.2762699, 25.2166489], [55.2763051, 25.2167562], [55.2763182, 25.216801], [55.2763541, 25.2169364], [55.2763895, 25.2170862], [55.2764212, 25.2172486], [55.2764643, 25.2175776], [55.2765064, 25.2178287], [55.2765647, 25.2180771], [55.276642, 25.218321], [55.2767523, 25.2185934], [55.2767845, 25.2186567], [55.2768864, 25.218857], [55.2769689, 25.2189899], [55.2770434, 25.21911], [55.2772217, 25.2193555], [55.277239, 25.2193793], [55.277328, 25.2194902], [55.2773351, 25.2194992], [55.2774977, 25.2197222], [55.2775618, 25.2198115], [55.2778643, 25.2202279]]}, "properties": {"class": "secondary"}}, {"type": "Feature", "geometry": {"type": "LineString", "coordinates": [[55.2894836, 25.2288555], [55.2895557, 25.2287655], [55.2896249, 25.2286668], [55.2896428, 25.2286413], [55.2896847, 25.2285762], [55.2897578, 25.2284461], [55.2897856, 25.2283873], [55.2898831, 25.2281772], [55.2900289, 25.2278595], [55.2901265, 25.2276612], [55.2902362, 25.2274725], [55.2903592, 25.2272904], [55.2904929, 25.2271183], [55.2906341, 25.2269588], [55.2907401, 25.2268512], [55.2907818, 25.2268066], [55.2909601, 25.226637], [55.2912273, 25.2263961], [55.2913832, 25.2262457], [55.2921586, 25.225526], [55.2921868, 25.2254999], [55.292269, 25.2254273]]}, "properties": {"class": "primary"}}, {"type": "Feature", "geometry": {"type": "LineString", "coordinates": [[55.2945812, 25.2275354], [55.2945051, 25.2274688], [55.2936187, 25.2266424], [55.2935432, 25.226572], [55.2935149, 25.2265456], [55.2932963, 25.2263391], [55.2931123, 25.2261652], [55.2926293, 25.2257158], [55.292595, 25.2256838], [55.2924942, 25.2256063]]}, "properties": {"class": "secondary"}}, {"type": "Feature", "geometry": {"type": "LineString", "coordinates": [[55.2702862, 25.2229917], [55.270277, 25.2229954], [55.2699346, 25.2231345], [55.2695831, 25.2232772], [55.2691086, 25.2234699], [55.2689699, 25.2235262], [55.2688079, 25.223592], [55.2683935, 25.2237603], [55.268085, 25.2238856], [55.2679652, 25.2239342], [55.2677625, 25.2240165], [55.2674626, 25.2241383], [55.267365, 25.2241779], [55.2671551, 25.2242632], [55.2669563, 25.2243439], [55.2668455, 25.224387], [55.2667098, 25.2244395]]}, "properties": {"class": "tertiary"}}, {"type": "Feature", "geometry": {"type": "LineString", "coordinates": [[55.2663701, 25.2173258], [55.2661143, 25.2169787], [55.2660895, 25.2169451], [55.2654406, 25.2160774], [55.2651148, 25.2156453], [55.2649966, 25.215496], [55.2647482, 25.2151662], [55.2645611, 25.2149266], [55.2641259, 25.2143215], [55.2640785, 25.2142588], [55.264013, 25.2141724], [55.263955, 25.2140959], [55.2638842, 25.2140001], [55.263643, 25.2136626]]}, "properties": {"class": "secondary"}}, {"type": "Feature", "geometry": {"type": "LineString", "coordinates": [[55.2483724, 25.1887441], [55.2490018, 25.1896213], [55.2491638, 25.1898601], [55.2493626, 25.1901437], [55.2494352, 25.1902461], [55.2495275, 25.1903784], [55.2498961, 25.1908947], [55.2506814, 25.1920184], [55.2508373, 25.1922546], [55.2511215, 25.1926616], [55.2513235, 25.1929517], [55.251527, 25.1932451], [55.2517379, 25.1935473]]}, "properties": {"class": "residential"}}, {"type": "Feature", "geometry": {"type": "LineString", "coordinates": [[55.244565, 25.1930618], [55.2449614, 25.1928326], [55.245087, 25.19276], [55.2451401, 25.1927293], [55.2457473, 25.1923783], [55.2464962, 25.1919445], [55.2467673, 25.1917886], [55.2468211, 25.1917589], [55.2472494, 25.1915098], [55.247468, 25.1913835], [55.2479001, 25.1911336], [55.2480759, 25.191032], [55.2486904, 25.1906767], [55.2494352, 25.1902461]]}, "properties": {"class": "residential"}}, {"type": "Feature", "geometry": {"type": "LineString", "coordinates": [[55.2481112, 25.1899803], [55.2481098, 25.1900427], [55.2480822, 25.1900998], [55.2480326, 25.190143], [55.2474403, 25.1904965], [55.2463797, 25.1911071], [55.2459649, 25.1913463], [55.2453094, 25.1917243], [55.2447015, 25.1920649], [55.2446598, 25.1920875], [55.2446068, 25.1921023], [55.2445515, 25.1920989], [55.2445013, 25.1920777], [55.2444629, 25.1920416]]}, "properties": {"class": "residential"}}, {"type": "Feature", "geometry": {"type": "LineString", "coordinates": [[55.2441198, 25.1915436], [55.2442377, 25.1914745], [55.245538, 25.1907393], [55.2458287, 25.190575], [55.247753, 25.1894427]]}, "properties": {"class": "residential"}}, {"type": "Feature", "geometry": {"type": "LineString", "coordinates": [[55.2533319, 25.1872757], [55.2533682, 25.1873143], [55.2539157, 25.1878958], [55.2540832, 25.1880761], [55.2542795, 25.18829], [55.2543625, 25.188374], [55.2546861, 25.188724], [55.2549248, 25.1889836]]}, "properties": {"class": "residential"}}, {"type": "Feature", "geometry": {"type": "LineString", "coordinates": [[55.2514162, 25.1895484], [55.25168, 25.189399], [55.2521292, 25.1891446], [55.2521843, 25.1891132], [55.2524633, 25.1889543], [55.2526346, 25.1888571], [55.2527046, 25.1888157], [55.2527453, 25.1887896], [55.2527924, 25.1887583], [55.2529176, 25.1886651], [55.2529983, 25.1886046], [55.2530304, 25.1885798], [55.2539157, 25.1878958]]}, "properties": {"class": "residential"}}, {"type": "Feature", "geometry": {"type": "LineString", "coordinates": [[55.2499082, 25.1873638], [55.2499916, 25.1874848], [55.2506532, 25.1884447], [55.2506987, 25.1885107], [55.2509222, 25.1888352], [55.2514162, 25.1895484], [55.2517428, 25.1900229], [55.2518111, 25.1901192], [55.2518882, 25.1902278], [55.2519264, 25.1902816], [55.2522052, 25.1906881]]}, "properties": {"class": "residential"}}, {"type": "Feature", "geometry": {"type": "LineString", "coordinates": [[55.2539296, 25.1899871], [55.2541127, 25.1898474], [55.2541957, 25.1897841], [55.2542853, 25.1897159], [55.2544447, 25.1895943], [55.2544781, 25.1895688], [55.2545214, 25.1895343], [55.2548372, 25.1892841], [55.2550294, 25.1891422]]}, "properties": {"class": "residential"}}, {"type": "Feature", "geometry": {"type": "LineString", "coordinates": [[55.2449614, 25.1928326], [55.2450275, 25.1929272], [55.2454165, 25.1934831], [55.2458193, 25.1940588], [55.246186, 25.1945829], [55.2465961, 25.1951689], [55.2469671, 25.1956991], [55.24702, 25.1957747], [55.2470478, 25.1958173]]}, "properties": {"class": "residential"}}, {"type": "Feature", "geometry": {"type": "LineString", "coordinates": [[55.2467673, 25.1917886], [55.2468804, 25.1919503], [55.247122, 25.1922956], [55.2472183, 25.1924334], [55.2473288, 25.1925913], [55.2476005, 25.1929797], [55.2482971, 25.1939756], [55.2483982, 25.19412], [55.248498, 25.1942627], [55.2487163, 25.1945747], [55.2488606, 25.1947811]]}, "properties": {"class": "residential"}}, {"type": "Feature", "geometry": {"type": "LineString", "coordinates": [[55.2454165, 25.1934831], [55.2454687, 25.1934526], [55.2460827, 25.1930949], [55.2462822, 25.1929787], [55.2467452, 25.192709], [55.2472183, 25.1924334]]}, "properties": {"class": "residential"}}, {"type": "Feature", "geometry": {"type": "LineString", "coordinates": [[55.2465961, 25.1951689], [55.2472637, 25.1947804], [55.2474596, 25.1946663], [55.2479228, 25.1943967], [55.2483982, 25.19412]]}, "properties": {"class": "residential"}}, {"type": "Feature", "geometry": {"type": "LineString", "coordinates": [[55.2460827, 25.1930949], [55.246485, 25.1936691], [55.2466753, 25.1939407], [55.2468507, 25.1941911], [55.2472637, 25.1947804]]}, "properties": {"class": "residential"}}, {"type": "Feature", "geometry": {"type": "LineString", "coordinates": [[55.2467452, 25.192709], [55.2473299, 25.1935469], [55.2479228, 25.1943967]]}, "properties": {"class": "residential"}}, {"type": "Feature", "geometry": {"type": "LineString", "coordinates": [[55.2486904, 25.1906767], [55.2491505, 25.191338], [55.2496632, 25.1920781], [55.2499139, 25.1924355], [55.2503242, 25.1930258], [55.2503417, 25.1930482], [55.2507547, 25.1936447], [55.2507771, 25.1936771]]}, "properties": {"class": "residential"}}, {"type": "Feature", "geometry": {"type": "LineString", "coordinates": [[55.247468, 25.1913835], [55.2479263, 25.1920399], [55.2482931, 25.1925652], [55.2491024, 25.193724], [55.2495594, 25.1943785]]}, "properties": {"class": "residential"}}, {"type": "Feature", "geometry": {"type": "LineString", "coordinates": [[55.2479263, 25.1920399], [55.2485179, 25.1917007], [55.2485926, 25.1916578], [55.2491505, 25.191338]]}, "properties": {"class": "residential"}}, {"type": "Feature", "geometry": {"type": "LineString", "coordinates": [[55.2491024, 25.193724], [55.249768, 25.1933437], [55.2503242, 25.1930258]]}, "properties": {"class": "residential"}}, {"type": "Feature", "geometry": {"type": "LineString", "coordinates": [[55.2485926, 25.1916578], [55.249768, 25.1933437]]}, "properties": {"class": "residential"}}, {"type": "Feature", "geometry": {"type": "LineString", "coordinates": [[55.255434, 25.1932183], [55.2548632, 25.1926024], [55.2544013, 25.1921065], [55.2542817, 25.1919805], [55.2535741, 25.1912132], [55.2532322, 25.1908378]]}, "properties": {"class": "residential"}}, {"type": "Feature", "geometry": {"type": "LineString", "coordinates": [[55.24797, 25.1970676], [55.249394, 25.1962457], [55.2499236, 25.1959401], [55.2515982, 25.1949737]]}, "properties": {"class": "residential"}}, {"type": "Feature", "geometry": {"type": "LineString", "coordinates": [[55.2552236, 25.2045556], [55.2552072, 25.2044982], [55.2551967, 25.2044498], [55.2551847, 25.2044009], [55.2551677, 25.2043533], [55.255146, 25.2043073], [55.2550922, 25.2042089]]}, "properties": {"class": "residential"}}, {"type": "Feature", "geometry": {"type": "LineString", "coordinates": [[55.2504419, 25.1975724], [55.2496237, 25.1980452], [55.2495092, 25.1981132], [55.2490473, 25.1983768], [55.2490167, 25.1984061], [55.2489917, 25.1984406]]}, "properties": {"class": "residential"}}, {"type": "Feature", "geometry": {"type": "LineString", "coordinates": [[55.2508795, 25.2012616], [55.2514611, 25.2009184], [55.2515936, 25.2008403], [55.2524007, 25.2003641]]}, "properties": {"class": "residential"}}, {"type": "Feature", "geometry": {"type": "LineString", "coordinates": [[55.2496237, 25.1980452], [55.2499994, 25.1985784], [55.2503364, 25.1990618], [55.2503637, 25.1991003], [55.2507207, 25.1996032], [55.2508024, 25.1997169], [55.2508722, 25.199814], [55.251218, 25.2003061], [55.2515936, 25.2008403]]}, "properties": {"class": "residential"}}, {"type": "Feature", "geometry": {"type": "LineString", "coordinates": [[55.2513466, 25.1988667], [55.2518487, 25.1985754], [55.2521104, 25.1984242], [55.252264, 25.1983346], [55.2526235, 25.1981233], [55.2527691, 25.1980397], [55.2528661, 25.1979833], [55.2532448, 25.1977693], [55.2535937, 25.1975696], [55.2540744, 25.1972934], [55.2544116, 25.1970996], [55.2550828, 25.1967103], [55.255544, 25.1964474]]}, "properties": {"class": "residential"}}, {"type": "Feature", "geometry": {"type": "LineString", "coordinates": [[55.2550828, 25.1967103], [55.2545904, 25.1960152], [55.2542567, 25.1955313]]}, "properties": {"class": "residential"}}, {"type": "Feature", "geometry": {"type": "LineString", "coordinates": [[55.2516292, 25.1977288], [55.2522899, 25.1973485], [55.2531097, 25.1968713], [55.2534098, 25.1966979], [55.2539325, 25.1963959], [55.2545904, 25.1960152]]}, "properties": {"class": "residential"}}, {"type": "Feature", "geometry": {"type": "LineString", "coordinates": [[55.2552335, 25.2018099], [55.2547422, 25.2011155], [55.2544423, 25.2006981], [55.2540545, 25.2001583], [55.2539198, 25.1999787], [55.2537698, 25.1997606], [55.2535443, 25.1994328], [55.2531265, 25.198837], [55.252812, 25.1983886], [55.2526235, 25.1981233]]}, "properties": {"class": "residential"}}, {"type": "Feature", "geometry": {"type": "LineString", "coordinates": [[55.2539448, 25.2025658], [55.2547032, 25.2021255], [55.2552335, 25.2018099], [55.2556203, 25.2015852], [55.2563307, 25.2011733], [55.2565146, 25.2010662], [55.2570245, 25.2007718], [55.2574375, 25.2005353], [55.2581346, 25.2001308]]}, "properties": {"class": "residential"}}, {"type": "Feature", "geometry": {"type": "LineString", "coordinates": [[55.2535443, 25.1994328], [55.254201, 25.1990391], [55.2546835, 25.1987645], [55.2550415, 25.1985553], [55.255348, 25.1983772], [55.256009, 25.1979928], [55.2565001, 25.197712]]}, "properties": {"class": "residential"}}, {"type": "Feature", "geometry": {"type": "LineString", "coordinates": [[55.256009, 25.1979928], [55.2556808, 25.1975137], [55.2556429, 25.1974812], [55.2555964, 25.1974596], [55.2555452, 25.1974506], [55.2554932, 25.197455], [55.2554419, 25.1974755], [55.2545439, 25.1979952], [55.2539036, 25.1983657], [55.2538713, 25.1983907], [55.2538484, 25.1984231], [55.2538369, 25.1984601], [55.2538411, 25.1985125], [55.2538678, 25.1985593], [55.254201, 25.1990391]]}, "properties": {"class": "residential"}}, {"type": "Feature", "geometry": {"type": "LineString", "coordinates": [[55.255348, 25.1983772], [55.2557735, 25.1989841], [55.2563168, 25.1997623], [55.2565344, 25.200074], [55.2565588, 25.2001088], [55.2570245, 25.2007718]]}, "properties": {"class": "residential"}}, {"type": "Feature", "geometry": {"type": "LineString", "coordinates": [[55.2546835, 25.1987645], [55.2550805, 25.1993465], [55.2552239, 25.1995449], [55.2554696, 25.1998911], [55.2558037, 25.2003685], [55.2558148, 25.2003973], [55.2558186, 25.2004256], [55.2558108, 25.2004564]]}, "properties": {"class": "residential"}}, {"type": "Feature", "geometry": {"type": "LineString", "coordinates": [[55.2554696, 25.1998911], [55.2550833, 25.2001052], [55.2550292, 25.2001195], [55.254985, 25.2001167], [55.2549433, 25.2001014], [55.2549106, 25.2000769], [55.2546804, 25.1997597], [55.2546558, 25.1997129], [55.2546498, 25.1996614], [55.2546629, 25.199611], [55.2546984, 25.199568], [55.2550805, 25.1993465]]}, "properties": {"class": "residential"}}, {"type": "Feature", "geometry": {"type": "LineString", "coordinates": [[55.2565344, 25.200074], [55.2570655, 25.1997574], [55.2571038, 25.1997272], [55.2571288, 25.1996873], [55.2571382, 25.1996417], [55.2571341, 25.1996102], [55.2571222, 25.19958], [55.2569578, 25.199345], [55.2565186, 25.1987173], [55.2564926, 25.1986858], [55.2564575, 25.1986626], [55.2564168, 25.19865], [55.2563619, 25.1986505], [55.2563114, 25.1986693], [55.2557735, 25.1989841]]}, "properties": {"class": "residential"}}, {"type": "Feature", "geometry": {"type": "LineString", "coordinates": [[55.2539208, 25.2046246], [55.2532996, 25.2037349], [55.2532116, 25.2036081], [55.2530101, 25.2033174], [55.2528579, 25.2030975], [55.252634, 25.2027744], [55.2522702, 25.2022696]]}, "properties": {"class": "residential"}}, {"type": "Feature", "geometry": {"type": "LineString", "coordinates": [[55.252634, 25.2027744], [55.2530574, 25.2025326], [55.2530992, 25.2025189], [55.2531435, 25.2025151], [55.2531874, 25.2025216], [55.2532242, 25.2025358], [55.2532565, 25.2025572], [55.2532825, 25.2025847], [55.2537655, 25.2032785], [55.2538286, 25.2033711], [55.2544032, 25.2041983], [55.2544174, 25.2042383], [55.2544211, 25.2042802], [55.2544141, 25.2043216]]}, "properties": {"class": "residential"}}, {"type": "Feature", "geometry": {"type": "LineString", "coordinates": [[55.2574375, 25.2005353], [55.2579246, 25.2012366], [55.2582499, 25.2016894], [55.2582688, 25.2017288], [55.258281, 25.2017703], [55.2582826, 25.201813]]}, "properties": {"class": "residential"}}, {"type": "Feature", "geometry": {"type": "LineString", "coordinates": [[55.2556203, 25.2015852], [55.256104, 25.2022899], [55.2565262, 25.2028801]]}, "properties": {"class": "residential"}}, {"type": "Feature", "geometry": {"type": "LineString", "coordinates": [[55.2551933, 25.2028158], [55.256104, 25.2022899]]}, "properties": {"class": "residential"}}, {"type": "Feature", "geometry": {"type": "LineString", "coordinates": [[55.2565146, 25.2010662], [55.2570088, 25.2017538], [55.2574291, 25.2023668]]}, "properties": {"class": "residential"}}, {"type": "Feature", "geometry": {"type": "LineString", "coordinates": [[55.2579246, 25.2012366], [55.2570088, 25.2017538]]}, "properties": {"class": "residential"}}, {"type": "Feature", "geometry": {"type": "LineString", "coordinates": [[55.259012, 25.1978245], [55.2593275, 25.1982812], [55.2593902, 25.1983692], [55.259946, 25.1991613], [55.2599812, 25.1992111], [55.2604021, 25.1998083]]}, "properties": {"class": "residential"}}, {"type": "Feature", "geometry": {"type": "LineString", "coordinates": [[55.2583617, 25.1982827], [55.2587057, 25.1987633], [55.2591793, 25.1994494], [55.2592118, 25.1994834], [55.2592498, 25.1995038], [55.2593048, 25.199514], [55.2593548, 25.1995065], [55.2593992, 25.1994842], [55.259946, 25.1991613]]}, "properties": {"class": "residential"}}, {"type": "Feature", "geometry": {"type": "LineString", "coordinates": [[55.2513925, 25.2175372], [55.251398, 25.2175264], [55.2514069, 25.2175192], [55.2518801, 25.2172075]]}, "properties": {"class": "residential"}}, {"type": "Feature", "geometry": {"type": "LineString", "coordinates": [[55.2497204, 25.2163971], [55.249817, 25.2163411], [55.2502744, 25.2160758], [55.2503166, 25.2160513], [55.2504537, 25.2159707], [55.2504848, 25.2159526], [55.2505495, 25.2159162], [55.2507228, 25.2158157]]}, "properties": {"class": "residential"}}, {"type": "Feature", "geometry": {"type": "LineString", "coordinates": [[55.2710483, 25.2225674], [55.2711118, 25.2225067], [55.2711799, 25.2224501], [55.2712521, 25.222398], [55.2713842, 25.22231], [55.2715448, 25.2222234], [55.2717867, 25.2221142], [55.2718957, 25.2220669], [55.2720262, 25.2220019], [55.272148, 25.2219304], [55.2722603, 25.2218535], [55.2725453, 25.2216724], [55.2726677, 25.2215923], [55.2728581, 25.2214677], [55.2743473, 25.2205487], [55.2743939, 25.2205129], [55.2744308, 25.2204688], [55.2744579, 25.2204179]]}, "properties": {"class": "tertiary"}}, {"type": "Feature", "geometry": {"type": "LineString", "coordinates": [[55.2833463, 25.1807976], [55.2835594, 25.1808663], [55.2837696, 25.1809417], [55.2839767, 25.1810239], [55.2841805, 25.1811127], [55.2843806, 25.181208], [55.2845641, 25.1813029], [55.2847441, 25.1814032], [55.2849202, 25.1815089], [55.2850924, 25.1816199], [55.2852604, 25.181736], [55.2854115, 25.1818482], [55.2855585, 25.1819647], [55.2857013, 25.1820856], [55.2858397, 25.1822105], [55.2859921, 25.1823579], [55.2861384, 25.1825104], [55.2862783, 25.1826676], [55.2864117, 25.1828294]]}, "properties": {"class": "motorway"}}, {"type": "Feature", "geometry": {"type": "LineString", "coordinates": [[55.258925, 25.2285598], [55.2590318, 25.2286849], [55.2590603, 25.2287184], [55.2591333, 25.2288102], [55.2596295, 25.229469], [55.2598617, 25.2297775], [55.2603086, 25.2303751], [55.2606623, 25.2308483], [55.2611517, 25.2314969], [55.2612112, 25.2315759], [55.2615952, 25.2320895], [55.2619322, 25.2325348], [55.2621235, 25.2327852], [55.2624523, 25.2332156], [55.2624767, 25.2332377], [55.2625129, 25.2332513], [55.2625554, 25.2332558], [55.2626109, 25.23325], [55.262727, 25.2332162]]}, "properties": {"class": "residential"}}, {"type": "Feature", "geometry": {"type": "LineString", "coordinates": [[55.2821139, 25.2159685], [55.2821103, 25.2160496], [55.2820838, 25.2161271], [55.2820363, 25.2161959], [55.2819709, 25.2162513], [55.2819244, 25.2162768], [55.281874, 25.2162954], [55.2818211, 25.2163067], [55.2817668, 25.2163103], [55.2817126, 25.2163062], [55.2816786, 25.2162995], [55.281592, 25.2162666], [55.2815184, 25.2162138], [55.2814631, 25.2161451], [55.2814303, 25.2160655], [55.281422, 25.2159851], [55.2814367, 25.2159054], [55.2814689, 25.2158388], [55.2815171, 25.2157806], [55.2815788, 25.215734], [55.2816508, 25.2157015], [55.2817291, 25.2156849], [55.2818095, 25.2156851], [55.2818877, 25.215702], [55.2819738, 25.2157437], [55.2820436, 25.2158055], [55.2820916, 25.2158825], [55.2821139, 25.2159685]]}, "properties": {"class": "tertiary"}}, {"type": "Feature", "geometry": {"type": "LineString", "coordinates": [[55.2815473, 25.2034396], [55.2815958, 25.2037576], [55.2817048, 25.2044542], [55.2817412, 25.204771], [55.2817525, 25.2049606], [55.2817569, 25.2051413], [55.2817596, 25.2052375], [55.2817663, 25.2053336], [55.2817769, 25.2054294], [55.2817915, 25.2055247], [55.282296, 25.2084483]]}, "properties": {"class": "residential"}}, {"type": "Feature", "geometry": {"type": "LineString", "coordinates": [[55.2779477, 25.2015845], [55.2782275, 25.2020271], [55.2782947, 25.2021472], [55.2783536, 25.2022709], [55.278404, 25.2023976], [55.2784457, 25.2025268], [55.2784786, 25.2026581], [55.2785025, 25.202791], [55.2786756, 25.2037794], [55.2787056, 25.2039538], [55.2787257, 25.2040438], [55.2787528, 25.2041322], [55.2787868, 25.2042186], [55.2788272, 25.2043027]]}, "properties": {"class": "secondary"}}, {"type": "Feature", "geometry": {"type": "LineString", "coordinates": [[55.2933626, 25.212632], [55.2917738, 25.2126268], [55.2916981, 25.2126143], [55.2916258, 25.2125904], [55.2915589, 25.212556], [55.2914994, 25.2125119], [55.2914488, 25.2124595], [55.2914087, 25.2124001], [55.2913801, 25.2123354], [55.2913639, 25.2122674], [55.291341, 25.2121395], [55.2911231, 25.2109238], [55.2908744, 25.2094598], [55.2908661, 25.2094103], [55.2906911, 25.2083733], [55.2906107, 25.2078577], [55.2905793, 25.207685], [55.2905653, 25.2076478], [55.2905441, 25.2076135], [55.2905244, 25.2075885], [55.2904834, 25.2075577], [55.2904458, 25.207538], [55.2904049, 25.2075246], [55.2903621, 25.2075181], [55.2903046, 25.2075206], [55.2894501, 25.2076402], [55.2888988, 25.2077174], [55.2881823, 25.2078158], [55.2879379, 25.2078494], [55.2876785, 25.2078784], [55.2875621, 25.207886], [55.2874783, 25.2078914], [55.2872778, 25.2078996], [55.2870744, 25.2078992], [55.2869625, 25.2078988], [55.2868738, 25.2078984], [55.2866115, 25.2079065], [55.2863469, 25.2079176], [55.2860827, 25.2079353], [55.2858191, 25.2079595], [55.2855563, 25.2079902], [55.2850772, 25.2080578], [55.2845574, 25.2081311], [55.2833209, 25.2083055], [55.282296, 25.2084483], [55.2815936, 25.2085462], [55.2814242, 25.2085698]]}, "properties": {"class": "tertiary"}}, {"type": "Feature", "geometry": {"type": "LineString", "coordinates": [[55.294046, 25.1865125], [55.293979, 25.1876918], [55.2939754, 25.1879598], [55.2939627, 25.1882276], [55.2939409, 25.188495], [55.2939127, 25.1887413], [55.2938333, 25.1892312]]}, "properties": {"class": "trunk"}}, {"type": "Feature", "geometry": {"type": "LineString", "coordinates": [[55.2866621, 25.2269584], [55.2866536, 25.226909], [55.2866387, 25.2268609], [55.2866176, 25.2268147], [55.2865907, 25.2267711]]}, "properties": {"class": "tertiary"}}, {"type": "Feature", "geometry": {"type": "LineString", "coordinates": [[55.2846894, 25.2239377], [55.2847049, 25.2239628], [55.2847237, 25.223993], [55.2847636, 25.2240454], [55.2848083, 25.2240946], [55.284857, 25.2241406], [55.2848936, 25.2241787], [55.2849275, 25.2242189], [55.2849585, 25.2242609], [55.2850395, 25.2243868], [55.2853082, 25.2247868], [55.2858713, 25.2256251], [55.2866311, 25.2267414], [55.2866609, 25.2267856], [55.2866926, 25.2268282], [55.2867292, 25.2268675], [55.2867702, 25.2269035]]}, "properties": {"class": "tertiary"}}, {"type": "Feature", "geometry": {"type": "LineString", "coordinates": [[55.2915519, 25.2248397], [55.2913755, 25.2246469], [55.2912045, 25.2244502], [55.2910838, 25.2243049], [55.290966, 25.2241576], [55.2907327, 25.2238617], [55.290506, 25.2235472], [55.2904141, 25.2234108], [55.2903657, 25.2233329]]}, "properties": {"class": "primary"}}, {"type": "Feature", "geometry": {"type": "LineString", "coordinates": [[55.2818877, 25.215702], [55.2820215, 25.2156983], [55.2821356, 25.2156815], [55.2822512, 25.215638], [55.2823917, 25.2155677], [55.2824347, 25.2155463], [55.2824812, 25.215523], [55.2826652, 25.2154162], [55.2831152, 25.2151551], [55.2833933, 25.2149937], [55.2839024, 25.2146983]]}, "properties": {"class": "tertiary"}}, {"type": "Feature", "geometry": {"type": "LineString", "coordinates": [[55.2799531, 25.2171231], [55.2799999, 25.2170953], [55.2800925, 25.2170402], [55.2803702, 25.2168751], [55.280835, 25.2165989], [55.2809192, 25.2165385], [55.2810088, 25.2164845], [55.2811054, 25.2164268], [55.2811684, 25.2163901], [55.2812274, 25.2163483], [55.2812827, 25.2163026]]}, "properties": {"class": "tertiary"}}, {"type": "Feature", "geometry": {"type": "LineString", "coordinates": [[55.2816786, 25.2162995], [55.2815789, 25.2163004], [55.2815417, 25.2163028], [55.281505, 25.2163086], [55.2814692, 25.2163179], [55.2814346, 25.2163304], [55.2814015, 25.216346], [55.2811659, 25.2164787], [55.2811355, 25.216488], [55.2811039, 25.2164933], [55.2810719, 25.2164945], [55.28104, 25.2164915], [55.2810088, 25.2164845], [55.2809742, 25.2164645], [55.2809428, 25.2164405], [55.2809063, 25.2164026], [55.2808777, 25.2163596], [55.2807648, 25.2161914], [55.2807413, 25.2161563], [55.2806627, 25.2160387], [55.2804891, 25.2157829], [55.2804639, 25.2157459], [55.2804333, 25.2157007], [55.280414, 25.2156723], [55.2802201, 25.2153866], [55.2801872, 25.2153381], [55.2799839, 25.2150386], [55.2797868, 25.214771], [55.2797398, 25.2147072], [55.2797124, 25.2146699], [55.2795758, 25.2144845], [55.2792363, 25.2140283]]}, "properties": {"class": "tertiary"}}, {"type": "Feature", "geometry": {"type": "LineString", "coordinates": [[55.2793987, 25.2139512], [55.2794178, 25.2139806], [55.2794433, 25.2140197], [55.2795358, 25.2141578], [55.2795535, 25.2141891], [55.2796265, 25.2143013], [55.2796957, 25.2144076], [55.2800995, 25.2149939], [55.2802443, 25.2152042], [55.2804255, 25.2154673], [55.2804732, 25.2155364], [55.2807166, 25.2158899], [55.2807931, 25.2160055], [55.2809357, 25.2162155], [55.2809754, 25.2162611], [55.2810257, 25.2162938], [55.2810828, 25.2163155], [55.2811438, 25.2163253], [55.2812057, 25.2163226], [55.2812123, 25.2163225], [55.2812827, 25.2163026], [55.2813368, 25.216258], [55.2813686, 25.2162258], [55.2813946, 25.2161895], [55.2814139, 25.21615], [55.2814263, 25.2161082], [55.2814303, 25.2160655]]}, "properties": {"class": "tertiary"}}, {"type": "Feature", "geometry": {"type": "LineString", "coordinates": [[55.2793301, 25.1945183], [55.2793532, 25.1945096], [55.2793948, 25.1945039], [55.2794418, 25.1945116], [55.2794832, 25.1945335], [55.2795138, 25.1945669], [55.2795299, 25.1946093], [55.2795285, 25.1946541], [55.2795135, 25.1946897], [55.2794873, 25.1947195], [55.2794524, 25.1947407], [55.2794121, 25.1947514], [55.2793684, 25.1947502], [55.2793273, 25.1947366], [55.2792881, 25.194707], [55.2792636, 25.1946664], [55.2792572, 25.1946205], [55.2792697, 25.1945757], [55.2792866, 25.194551], [55.2793086, 25.1945306], [55.2793301, 25.1945183]]}, "properties": {"class": "tertiary"}}, {"type": "Feature", "geometry": {"type": "LineString", "coordinates": [[55.2859278, 25.1815745], [55.286466, 25.1818173], [55.2866082, 25.1818787], [55.2867519, 25.1819374], [55.2868969, 25.1819933], [55.2874138, 25.1821811], [55.2877828, 25.1823095], [55.2881682, 25.1824323], [55.2885479, 25.1825386], [55.288939, 25.1826295], [55.2893333, 25.1827049], [55.2899972, 25.1828355], [55.2902815, 25.1828792], [55.2905947, 25.1829108], [55.2912849, 25.1829689], [55.2916252, 25.1829913], [55.2919827, 25.1830103], [55.2923673, 25.1830256], [55.2927092, 25.1830346], [55.2930942, 25.1830398], [55.2935716, 25.1830324]]}, "properties": {"class": "motorway"}}, {"type": "Feature", "geometry": {"type": "LineString", "coordinates": [[55.2845218, 25.1822066], [55.2843004, 25.1821164], [55.2840708, 25.1820175], [55.2838723, 25.1819301], [55.2836739, 25.1818403], [55.2834768, 25.1817419], [55.2832069, 25.1816027], [55.2829424, 25.1814553]]}, "properties": {"class": "motorway"}}, {"type": "Feature", "geometry": {"type": "LineString", "coordinates": [[55.2774752, 25.2013516], [55.2774272, 25.2012719]]}, "properties": {"class": "primary"}}, {"type": "Feature", "geometry": {"type": "LineString", "coordinates": [[55.2772611, 25.1884009], [55.2772092, 25.1884244], [55.2771603, 25.1884529], [55.2771152, 25.188486], [55.2770716, 25.1885261], [55.2768925, 25.1887194], [55.2767223, 25.1889146], [55.2763735, 25.1893193], [55.2763434, 25.1893643], [55.2763197, 25.1893992], [55.2762984, 25.1894422]]}, "properties": {"class": "tertiary"}}, {"type": "Feature", "geometry": {"type": "LineString", "coordinates": [[55.2729022, 25.2037381], [55.271643, 25.2044132], [55.2708125, 25.2048916], [55.2707264, 25.2049434], [55.2706419, 25.2049986], [55.2705591, 25.2050558], [55.2704525, 25.2051346]]}, "properties": {"class": "primary"}}, {"type": "Feature", "geometry": {"type": "LineString", "coordinates": [[55.2777203, 25.2010014], [55.2778507, 25.2009318], [55.2779388, 25.2008852], [55.2782341, 25.2007333], [55.278452, 25.2006284], [55.2790294, 25.2003188], [55.2814088, 25.1990427], [55.2821934, 25.1986346], [55.282343, 25.1985572], [55.2833666, 25.1979994], [55.283678, 25.1978315], [55.283716, 25.197811], [55.2837832, 25.1977766]]}, "properties": {"class": "primary"}}, {"type": "Feature", "geometry": {"type": "LineString", "coordinates": [[55.2716684, 25.1876266], [55.2717545, 25.1877249], [55.2719457, 25.1879432], [55.2720932, 25.1880932]]}, "properties": {"class": "secondary"}}, {"type": "Feature", "geometry": {"type": "LineString", "coordinates": [[55.2778692, 25.2016317], [55.2773155, 25.2007835], [55.2772234, 25.20066], [55.2771236, 25.2005414], [55.2770165, 25.2004282], [55.2769024, 25.2003206], [55.2767818, 25.2002192], [55.2766549, 25.2001242], [55.2765222, 25.2000358], [55.2763842, 25.1999545], [55.2762413, 25.1998804], [55.2760939, 25.1998138], [55.2759426, 25.199755], [55.2757878, 25.1997041], [55.27563, 25.1996612], [55.2740158, 25.199307], [55.273871, 25.199273], [55.2737251, 25.1992433], [55.2735782, 25.1992179], [55.2734305, 25.1991968], [55.2732831, 25.1991866], [55.2731355, 25.1991897], [55.2729886, 25.1992028], [55.2728432, 25.1992259], [55.2727001, 25.1992587], [55.2725601, 25.1993011]]}, "properties": {"class": "secondary"}}, {"type": "Feature", "geometry": {"type": "LineString", "coordinates": [[55.2700944, 25.1990686], [55.2700076, 25.1989792], [55.2699276, 25.1988848], [55.2698546, 25.1987858], [55.269789, 25.1986826], [55.2697312, 25.1985757], [55.2696813, 25.1984656], [55.2696406, 25.1983716], [55.2695202, 25.198047], [55.2694523, 25.1978936], [55.2693789, 25.1977422], [55.2693001, 25.1975931], [55.2692161, 25.1974464], [55.2691269, 25.1973021]]}, "properties": {"class": "secondary"}}, {"type": "Feature", "geometry": {"type": "LineString", "coordinates": [[55.2725378, 25.1992332], [55.2726468, 25.1992013], [55.2727576, 25.1991748], [55.2728698, 25.1991538], [55.2729831, 25.1991384], [55.2730971, 25.1991287], [55.2732116, 25.1991245], [55.2733262, 25.199126], [55.2734404, 25.1991332], [55.2735867, 25.1991527], [55.2737324, 25.1991754], [55.2738811, 25.1992019], [55.2740291, 25.1992316], [55.2756557, 25.1995899], [55.2758194, 25.1996304], [55.27598, 25.1996797], [55.2761371, 25.1997377], [55.27629, 25.1998042], [55.2764382, 25.1998789], [55.2765812, 25.1999616], [55.2767184, 25.2000519], [55.2768493, 25.2001495], [55.2769735, 25.2002541], [55.2770905, 25.2003653], [55.2771999, 25.2004827], [55.2773012, 25.2006058], [55.2773942, 25.2007342], [55.2779477, 25.2015845]]}, "properties": {"class": "secondary"}}, {"type": "Feature", "geometry": {"type": "LineString", "coordinates": [[55.2581122, 25.1884374], [55.2580708, 25.1884683], [55.2580209, 25.1884852], [55.2579677, 25.1884863], [55.2579171, 25.1884715], [55.2578746, 25.1884425], [55.257845, 25.1884025], [55.2578316, 25.1883559], [55.257835, 25.1883113], [55.2578533, 25.1882698], [55.2578848, 25.1882353], [55.2579264, 25.1882112], [55.2579742, 25.1881997], [55.2580236, 25.188202], [55.2580698, 25.188218], [55.2581084, 25.1882459], [55.2581357, 25.1882832], [55.2581474, 25.1883165], [55.25815, 25.1883514], [55.2581432, 25.1883858], [55.2581274, 25.1884176], [55.2581122, 25.1884374]]}, "properties": {"class": "tertiary"}}, {"type": "Feature", "geometry": {"type": "LineString", "coordinates": [[55.2564156, 25.1867106], [55.2567478, 25.1870744], [55.2567908, 25.1871214], [55.2569658, 25.187313], [55.2570447, 25.1873994], [55.2570688, 25.1874252], [55.2574065, 25.1877871], [55.2576604, 25.1880591], [55.2577384, 25.1881446]]}, "properties": {"class": "tertiary"}}, {"type": "Feature", "geometry": {"type": "LineString", "coordinates": [[55.2581122, 25.1884374], [55.2581267, 25.1884986], [55.2581472, 25.1885584], [55.2581737, 25.1886162], [55.2582059, 25.1886716], [55.2582419, 25.1887242], [55.2582829, 25.1887758], [55.2583245, 25.188825], [55.2583697, 25.1888715], [55.2584163, 25.188917], [55.2585407, 25.1890275], [55.2586626, 25.1891403], [55.258782, 25.1892553], [55.2589421, 25.1894154], [55.2590995, 25.1895777], [55.2592542, 25.1897421], [55.2594063, 25.1899085], [55.2595689, 25.1900922], [55.2596065, 25.1901284], [55.259654, 25.1901542], [55.2597071, 25.1901684], [55.2597625, 25.1901702], [55.2598166, 25.1901595], [55.2598661, 25.1901369], [55.2599626, 25.19008], [55.2600081, 25.1900555], [55.260055, 25.1900331], [55.2601031, 25.1900131], [55.2601523, 25.1899953]]}, "properties": {"class": "tertiary"}}, {"type": "Feature", "geometry": {"type": "LineString", "coordinates": [[55.2826194, 25.2196573], [55.2830611, 25.2194131], [55.2830847, 25.219399], [55.2834035, 25.2192196], [55.28348, 25.2191776], [55.2837004, 25.2190643], [55.2839157, 25.2189489], [55.2841267, 25.2188284], [55.284331, 25.2186981], [55.2845417, 25.2185538], [55.2847466, 25.218403], [55.2848824, 25.2183187], [55.2850204, 25.2182376], [55.2851607, 25.2181596], [55.2853032, 25.2180849]]}, "properties": {"class": "secondary"}}, {"type": "Feature", "geometry": {"type": "LineString", "coordinates": [[55.2934694, 25.2282493], [55.2940145, 25.2281455], [55.2942425, 25.2280956], [55.2944678, 25.2280361], [55.2946449, 25.2279811], [55.2949217, 25.2278908], [55.2950719, 25.2278368], [55.2952543, 25.2277828], [55.2954219, 25.227746], [55.2955924, 25.2277136], [55.2957617, 25.2276794], [55.2959403, 25.2276433], [55.2963235, 25.2275953]]}, "properties": {"class": "residential"}}, {"type": "Feature", "geometry": {"type": "LineString", "coordinates": [[55.2688061, 25.2202624], [55.2689354, 25.2203161], [55.2689629, 25.2203323], [55.2689882, 25.2203511], [55.269005, 25.2203659], [55.2690291, 25.2203939], [55.2691729, 25.2205935], [55.2695627, 25.2211156], [55.2697887, 25.2214194], [55.2700943, 25.2218242], [55.2705351, 25.2224079], [55.2705456, 25.2224266], [55.2705525, 25.2224466], [55.2705556, 25.2224673], [55.270556, 25.2224826], [55.2705476, 25.2225935]]}, "properties": {"class": "residential"}}, {"type": "Feature", "geometry": {"type": "LineString", "coordinates": [[55.2739274, 25.2186677], [55.2735053, 25.2181201], [55.2733215, 25.2178813], [55.2731065, 25.2176018]]}, "properties": {"class": "residential"}}, {"type": "Feature", "geometry": {"type": "LineString", "coordinates": [[55.2760452, 25.2267709], [55.2766897, 25.2276406], [55.2770683, 25.2281467], [55.278065, 25.2294798], [55.2790592, 25.2308141]]}, "properties": {"class": "residential"}}, {"type": "Feature", "geometry": {"type": "LineString", "coordinates": [[55.2815037, 25.229516], [55.2814507, 25.2294526], [55.2814033, 25.229396], [55.2813564, 25.2293375], [55.2811076, 25.2290464], [55.2808686, 25.2287275], [55.2806989, 25.2285045], [55.280136, 25.2277584], [55.2799788, 25.2275519], [55.2795366, 25.226966], [55.2791968, 25.2265154], [55.2790063, 25.2262637], [55.2787464, 25.2259203], [55.2785943, 25.2257207], [55.2781847, 25.2251779], [55.2776809, 25.2245101], [55.2775406, 25.2243214], [55.2770609, 25.2237213], [55.2770238, 25.2236808], [55.2769848, 25.2236419], [55.276944, 25.2236045]]}, "properties": {"class": "residential"}}, {"type": "Feature", "geometry": {"type": "LineString", "coordinates": [[55.2741109, 25.216368], [55.2742353, 25.2165346], [55.2743048, 25.216627], [55.2744578, 25.2168198], [55.2745638, 25.2169656], [55.2747452, 25.2171984], [55.2749144, 25.2174158], [55.2752384, 25.2178362], [55.2754636, 25.2181279], [55.2754958, 25.2181675], [55.2756531, 25.2183611]]}, "properties": {"class": "residential"}}, {"type": "Feature", "geometry": {"type": "LineString", "coordinates": [[55.2708086, 25.2229413], [55.270942, 25.2229889], [55.2709743, 25.223008], [55.271004, 25.2230304], [55.2710305, 25.2230558], [55.271086, 25.2231249], [55.2713423, 25.2234827], [55.2716106, 25.2238585], [55.2716782, 25.2239531], [55.2716916, 25.2239774], [55.2717001, 25.2240035], [55.2717033, 25.2240305], [55.2717012, 25.2240576], [55.2716911, 25.2241304]]}, "properties": {"class": "residential"}}, {"type": "Feature", "geometry": {"type": "LineString", "coordinates": [[55.2713423, 25.2234827], [55.2715395, 25.2233619], [55.2717198, 25.2232514], [55.2721034, 25.2230163]]}, "properties": {"class": "residential"}}, {"type": "Feature", "geometry": {"type": "LineString", "coordinates": [[55.2744688, 25.2277406], [55.2746039, 25.2276592], [55.2748516, 25.22751], [55.2748761, 25.2274951], [55.2750843, 25.2273605]]}, "properties": {"class": "residential"}}, {"type": "Feature", "geometry": {"type": "LineString", "coordinates": [[55.2762766, 25.2286242], [55.2772763, 25.229959], [55.2782861, 25.2312965], [55.2785159, 25.2316071], [55.2792537, 25.2325961], [55.2792657, 25.2326109], [55.2792802, 25.2326237], [55.2793033, 25.2326374], [55.2793238, 25.2326542], [55.2793414, 25.2326734], [55.2795181, 25.2329119], [55.2796678, 25.2331139], [55.2797985, 25.2332903], [55.2799396, 25.2334808], [55.2799704, 25.2335223]]}, "properties": {"class": "residential"}}, {"type": "Feature", "geometry": {"type": "LineString", "coordinates": [[55.2722024, 25.2207678], [55.272104, 25.2206387], [55.2716959, 25.2200875]]}, "properties": {"class": "residential"}}, {"type": "Feature", "geometry": {"type": "LineString", "coordinates": [[55.2764746, 25.2304332], [55.2768899, 25.2301881], [55.2772763, 25.229959], [55.2776712, 25.2297181], [55.278065, 25.2294798], [55.2784553, 25.229243], [55.2788392, 25.2290012]]}, "properties": {"class": "residential"}}, {"type": "Feature", "geometry": {"type": "LineString", "coordinates": [[55.2719069, 25.2244216], [55.2720232, 25.2244554], [55.2720534, 25.2244682], [55.2720804, 25.2244859], [55.2721034, 25.2245077], [55.2721216, 25.224533], [55.2726588, 25.2252576], [55.2729515, 25.2256525], [55.2729657, 25.2256751], [55.2729757, 25.2256995], [55.2729812, 25.225725], [55.2729847, 25.2258554]]}, "properties": {"class": "residential"}}, {"type": "Feature", "geometry": {"type": "LineString", "coordinates": [[55.2709372, 25.2205696], [55.2716959, 25.2200875], [55.2725985, 25.2195132], [55.2732857, 25.2190747]]}, "properties": {"class": "residential"}}, {"type": "Feature", "geometry": {"type": "LineString", "coordinates": [[55.2732857, 25.2190747], [55.2731904, 25.2189602], [55.2728623, 25.2185396], [55.2726905, 25.2183161], [55.2726115, 25.2182134]]}, "properties": {"class": "residential"}}, {"type": "Feature", "geometry": {"type": "LineString", "coordinates": [[55.2726316, 25.2237233], [55.2722455, 25.2239702], [55.2720568, 25.2240766], [55.2720015, 25.2241077]]}, "properties": {"class": "residential"}}, {"type": "Feature", "geometry": {"type": "LineString", "coordinates": [[55.283941, 25.2284585], [55.2838753, 25.2284302], [55.2838058, 25.228411], [55.2837289, 25.2284053], [55.2836688, 25.2284008], [55.2836043, 25.2284082]]}, "properties": {"class": "residential"}}, {"type": "Feature", "geometry": {"type": "LineString", "coordinates": [[55.2699955, 25.2193294], [55.2702354, 25.2196488], [55.2707458, 25.2203135], [55.2709372, 25.2205696], [55.2709654, 25.2206073], [55.2713508, 25.2211261], [55.2714559, 25.2212676], [55.2717187, 25.2216137], [55.2719237, 25.2218836]]}, "properties": {"class": "residential"}}, {"type": "Feature", "geometry": {"type": "LineString", "coordinates": [[55.273529, 25.2257498], [55.273576, 25.2257771], [55.2736043, 25.2257944], [55.2736279, 25.2258167], [55.2736504, 25.2258443], [55.274285, 25.2267103], [55.2744392, 25.2269207], [55.274733, 25.2273089], [55.2748761, 25.2274951]]}, "properties": {"class": "residential"}}, {"type": "Feature", "geometry": {"type": "LineString", "coordinates": [[55.273223, 25.2274911], [55.2731557, 25.2274459], [55.2731107, 25.2274218], [55.2730594, 25.2274125], [55.2730077, 25.227419], [55.2729612, 25.2274406], [55.2727696, 25.2275489]]}, "properties": {"class": "residential"}}, {"type": "Feature", "geometry": {"type": "LineString", "coordinates": [[55.2716744, 25.2180181], [55.271625, 25.2180769], [55.2716095, 25.2181312], [55.2716138, 25.2181999], [55.2716365, 25.2182655]]}, "properties": {"class": "residential"}}, {"type": "Feature", "geometry": {"type": "LineString", "coordinates": [[55.2714559, 25.2212676], [55.2711202, 25.2214793], [55.2709811, 25.2215684], [55.2709324, 25.2215917], [55.2708782, 25.2216], [55.2708238, 25.2215927], [55.2707745, 25.2215704], [55.2707355, 25.2215353], [55.2706761, 25.2214589], [55.2703765, 25.2210635], [55.2703214, 25.2209906], [55.2701199, 25.2207114], [55.2700704, 25.2206436], [55.2697678, 25.2202444], [55.2697176, 25.2201747], [55.2696969, 25.220138], [55.2696858, 25.220098], [55.269685, 25.2200573], [55.269698, 25.2200078], [55.2697207, 25.2199702], [55.2697556, 25.2199358], [55.2699114, 25.2198458], [55.2702354, 25.2196488]]}, "properties": {"class": "residential"}}, {"type": "Feature", "geometry": {"type": "LineString", "coordinates": [[55.279443, 25.2305747], [55.2784553, 25.229243], [55.2778682, 25.2284612], [55.2774601, 25.2279178]]}, "properties": {"class": "residential"}}, {"type": "Feature", "geometry": {"type": "LineString", "coordinates": [[55.2741109, 25.216368], [55.2740255, 25.2163061], [55.2739934, 25.2162886], [55.2739579, 25.2162776], [55.2739206, 25.2162738], [55.2738833, 25.2162773], [55.27383, 25.2163106]]}, "properties": {"class": "residential"}}, {"type": "Feature", "geometry": {"type": "LineString", "coordinates": [[55.2718664, 25.2227049], [55.2718194, 25.2227016], [55.2717726, 25.2227071], [55.2717281, 25.222721], [55.2716876, 25.2227429], [55.271086, 25.2231249]]}, "properties": {"class": "residential"}}, {"type": "Feature", "geometry": {"type": "LineString", "coordinates": [[55.2696737, 25.2130616], [55.2702815, 25.2126912], [55.2703277, 25.212663], [55.2714425, 25.2119836]]}, "properties": {"class": "residential"}}, {"type": "Feature", "geometry": {"type": "LineString", "coordinates": [[55.2680356, 25.2152993], [55.2691425, 25.2145956]]}, "properties": {"class": "residential"}}, {"type": "Feature", "geometry": {"type": "LineString", "coordinates": [[55.2729121, 25.211065], [55.2734398, 25.2107644], [55.2735102, 25.2107241], [55.2737261, 25.2105993]]}, "properties": {"class": "residential"}}, {"type": "Feature", "geometry": {"type": "LineString", "coordinates": [[55.2688091, 25.2177251], [55.2695258, 25.2172756], [55.2696956, 25.2171657], [55.2705904, 25.2165869]]}, "properties": {"class": "residential"}}, {"type": "Feature", "geometry": {"type": "LineString", "coordinates": [[55.2672555, 25.210425], [55.267294, 25.2104544], [55.2673292, 25.210487], [55.2673608, 25.2105226], [55.2673935, 25.2105622], [55.2674516, 25.2106227], [55.2675146, 25.2106584], [55.2675621, 25.210677], [55.2676125, 25.2106874], [55.267669, 25.2106887], [55.2677247, 25.2106797], [55.2678156, 25.2106434], [55.2678591, 25.2106314], [55.2679042, 25.210626], [55.2679497, 25.2106274]]}, "properties": {"class": "residential"}}, {"type": "Feature", "geometry": {"type": "LineString", "coordinates": [[55.2641747, 25.2140705], [55.2643027, 25.213989], [55.264859, 25.2136455], [55.264914, 25.2136112], [55.2654226, 25.2132932], [55.2654507, 25.2132757], [55.2655093, 25.2132393], [55.2660865, 25.2128712], [55.2662073, 25.2127944], [55.2666284, 25.2125267], [55.2667501, 25.2124493], [55.2672352, 25.2121328], [55.2672875, 25.2120979], [55.2675391, 25.2119349], [55.267736, 25.2118055]]}, "properties": {"class": "residential"}}, {"type": "Feature", "geometry": {"type": "LineString", "coordinates": [[55.2871146, 25.2297609], [55.2871893, 25.2298347], [55.2872668, 25.229906], [55.2873471, 25.2299747], [55.2874296, 25.2300415]]}, "properties": {"class": "residential"}}, {"type": "Feature", "geometry": {"type": "LineString", "coordinates": [[55.2654421, 25.2102945], [55.266245, 25.2097811]]}, "properties": {"class": "residential"}}, {"type": "Feature", "geometry": {"type": "LineString", "coordinates": [[55.2699599, 25.21412], [55.2701195, 25.2140311], [55.270152, 25.214015], [55.2701849, 25.2139995], [55.270218, 25.2139844]]}, "properties": {"class": "residential"}}, {"type": "Feature", "geometry": {"type": "LineString", "coordinates": [[55.2681121, 25.2106682], [55.2680863, 25.2107068], [55.2680522, 25.2107398], [55.2680115, 25.2107661], [55.2678667, 25.2108412], [55.2678238, 25.2108743], [55.267794, 25.2109089], [55.2677737, 25.2109487], [55.2677646, 25.2109868], [55.2677642, 25.2110258], [55.2677726, 25.211064], [55.2677967, 25.2111104], [55.2678609, 25.2112031], [55.2678904, 25.2112835]]}, "properties": {"class": "residential"}}, {"type": "Feature", "geometry": {"type": "LineString", "coordinates": [[55.2683114, 25.2170554], [55.2690184, 25.2166033], [55.2691956, 25.21649], [55.2696483, 25.2162006], [55.2701053, 25.2159085], [55.270231, 25.2158281], [55.2706327, 25.2155714]]}, "properties": {"class": "residential"}}, {"type": "Feature", "geometry": {"type": "LineString", "coordinates": [[55.2857502, 25.227795], [55.2858482, 25.2278977], [55.2859321, 25.2280034], [55.2860062, 25.2281149], [55.2864662, 25.2287863], [55.2864864, 25.2288151], [55.2865088, 25.2288455], [55.2865349, 25.2288736], [55.2865664, 25.2289005], [55.2866009, 25.2289263]]}, "properties": {"class": "residential"}}, {"type": "Feature", "geometry": {"type": "LineString", "coordinates": [[55.2751617, 25.2148386], [55.2752956, 25.2149159], [55.2753565, 25.2149469], [55.275422, 25.2149688], [55.2754905, 25.2149809], [55.275573, 25.2149823], [55.2756544, 25.2149697], [55.2757316, 25.2149434], [55.275969, 25.2148051], [55.2761385, 25.2147065], [55.2761596, 25.2146942], [55.2763901, 25.21456], [55.276421, 25.2145411], [55.2764506, 25.2145118], [55.2764728, 25.2144847], [55.2764886, 25.2144582], [55.2765003, 25.2144301], [55.2765078, 25.2144008], [55.2765159, 25.2143332]]}, "properties": {"class": "residential"}}, {"type": "Feature", "geometry": {"type": "LineString", "coordinates": [[55.2674158, 25.214481], [55.2685209, 25.2137775]]}, "properties": {"class": "residential"}}, {"type": "Feature", "geometry": {"type": "LineString", "coordinates": [[55.2641249, 25.2121053], [55.264721, 25.2117337], [55.2653142, 25.2113511], [55.2656355, 25.2111445], [55.2656884, 25.2111116], [55.2659298, 25.2109533], [55.2662231, 25.2107645], [55.266479, 25.2105985], [55.2668175, 25.2103698]]}, "properties": {"class": "residential"}}, {"type": "Feature", "geometry": {"type": "LineString", "coordinates": [[55.2696328, 25.2118249], [55.2707878, 25.2111308]]}, "properties": {"class": "residential"}}, {"type": "Feature", "geometry": {"type": "LineString", "coordinates": [[55.2843102, 25.2276221], [55.284342, 25.2276044], [55.2845555, 25.2274854], [55.2845717, 25.2274747], [55.2845853, 25.2274598], [55.2846014, 25.2274408], [55.284625, 25.2274213], [55.2846511, 25.2274045], [55.2849928, 25.2272088], [55.2850111, 25.227199], [55.2850305, 25.2271913], [55.2850574, 25.227185], [55.2850849, 25.2271768], [55.2852858, 25.2270647], [55.2853068, 25.2270515], [55.2853439, 25.2270284]]}, "properties": {"class": "residential"}}, {"type": "Feature", "geometry": {"type": "LineString", "coordinates": [[55.2695258, 25.2172756], [55.2699718, 25.2178763], [55.2701158, 25.2180703], [55.2701574, 25.218109], [55.2702125, 25.2181298], [55.2702721, 25.2181294], [55.2703268, 25.2181078]]}, "properties": {"class": "residential"}}, {"type": "Feature", "geometry": {"type": "LineString", "coordinates": [[55.2696954, 25.2097094], [55.2697284, 25.2096495], [55.2697449, 25.2095843], [55.2697441, 25.2095174], [55.269734, 25.2094616]]}, "properties": {"class": "residential"}}, {"type": "Feature", "geometry": {"type": "LineString", "coordinates": [[55.2792446, 25.2185038], [55.2781719, 25.2191293], [55.2778499, 25.2193314], [55.2775999, 25.2194828]]}, "properties": {"class": "residential"}}, {"type": "Feature", "geometry": {"type": "LineString", "coordinates": [[55.2684377, 25.208641], [55.26862, 25.2089236], [55.2691682, 25.2097722]]}, "properties": {"class": "residential"}}, {"type": "Feature", "geometry": {"type": "LineString", "coordinates": [[55.285076, 25.2297384], [55.2851389, 25.2297637], [55.2851739, 25.2297792], [55.2852113, 25.2297889], [55.28525, 25.2297926], [55.2852888, 25.2297901], [55.2853265, 25.2297814], [55.285362, 25.229767]]}, "properties": {"class": "residential"}}, {"type": "Feature", "geometry": {"type": "LineString", "coordinates": [[55.285362, 25.229767], [55.2853378, 25.2298039], [55.2853193, 25.2298435], [55.285307, 25.229885], [55.2853011, 25.2299276], [55.2853016, 25.2299705], [55.2853044, 25.2300384]]}, "properties": {"class": "residential"}}, {"type": "Feature", "geometry": {"type": "LineString", "coordinates": [[55.26858, 25.2122789], [55.2686833, 25.2124181], [55.2691226, 25.2130026], [55.2693134, 25.2132565], [55.269348, 25.2133022], [55.269775, 25.2138667], [55.2699599, 25.21412], [55.2699958, 25.2141691], [55.2703695, 25.214671], [55.2703936, 25.2147027], [55.2708959, 25.2153753], [55.2709075, 25.2153901], [55.2709238, 25.2154119], [55.2715093, 25.2161923], [55.2718371, 25.2166124], [55.2718696, 25.2166558], [55.2722291, 25.2171365], [55.2722808, 25.2172036]]}, "properties": {"class": "residential"}}, {"type": "Feature", "geometry": {"type": "LineString", "coordinates": [[55.2653142, 25.2113511], [55.2658006, 25.2120043]]}, "properties": {"class": "residential"}}, {"type": "Feature", "geometry": {"type": "LineString", "coordinates": [[55.2684846, 25.2158958], [55.2691297, 25.2154895], [55.2695976, 25.2151948], [55.2697091, 25.2151246], [55.2700136, 25.2149327]]}, "properties": {"class": "residential"}}, {"type": "Feature", "geometry": {"type": "LineString", "coordinates": [[55.2660548, 25.2140187], [55.2666554, 25.2136336], [55.2667397, 25.2135796], [55.2672123, 25.213275], [55.2678346, 25.2128742]]}, "properties": {"class": "residential"}}, {"type": "Feature", "geometry": {"type": "LineString", "coordinates": [[55.2690184, 25.2166033], [55.2684846, 25.2158958], [55.2682291, 25.2155619], [55.2680356, 25.2152993], [55.2675029, 25.2146001], [55.2674158, 25.214481], [55.2667397, 25.2135796]]}, "properties": {"class": "residential"}}, {"type": "Feature", "geometry": {"type": "LineString", "coordinates": [[55.2659298, 25.2109533], [55.2654421, 25.2102945], [55.2650132, 25.2097151]]}, "properties": {"class": "residential"}}, {"type": "Feature", "geometry": {"type": "LineString", "coordinates": [[55.285362, 25.229767], [55.2856615, 25.229598], [55.285764, 25.2295392], [55.2863681, 25.2291617]]}, "properties": {"class": "residential"}}, {"type": "Feature", "geometry": {"type": "LineString", "coordinates": [[55.2826145, 25.2261634], [55.2828888, 25.2259951], [55.2830219, 25.2259134], [55.2830782, 25.2258813], [55.2837825, 25.2254799]]}, "properties": {"class": "residential"}}, {"type": "Feature", "geometry": {"type": "LineString", "coordinates": [[55.2657025, 25.2135446], [55.2658889, 25.2137954], [55.2660548, 25.2140187], [55.2663388, 25.2144009], [55.2667692, 25.21498], [55.2668101, 25.215035], [55.2670026, 25.2152941], [55.2675343, 25.2160097], [55.2676573, 25.2161751], [55.2678488, 25.2164328], [55.2683114, 25.2170554], [55.2684318, 25.2172174], [55.2688091, 25.2177251], [55.2689745, 25.2179476], [55.2692536, 25.2183232], [55.2696801, 25.2188972]]}, "properties": {"class": "residential"}}, {"type": "Feature", "geometry": {"type": "LineString", "coordinates": [[55.2628248, 25.2104021], [55.2628795, 25.2104246], [55.2629206, 25.2104642], [55.2632686, 25.2109246], [55.2635951, 25.2113781], [55.263864, 25.2117472], [55.2641249, 25.2121053], [55.2645309, 25.2126504], [55.2645629, 25.212681], [55.2646039, 25.2127011], [55.2646497, 25.2127087]]}, "properties": {"class": "residential"}}, {"type": "Feature", "geometry": {"type": "LineString", "coordinates": [[55.2864776, 25.2290015], [55.2864773, 25.228968], [55.2864722, 25.2289349], [55.2864623, 25.2289026], [55.2864477, 25.2288719], [55.2864113, 25.2288158], [55.2859096, 25.2280866], [55.285845, 25.2279886], [55.2857722, 25.2278953], [55.2856972, 25.2278073], [55.2856666, 25.2277673], [55.2856482, 25.2277244], [55.2856372, 25.2276795], [55.285633, 25.2276336], [55.2856323, 25.2275784], [55.2856277, 25.2275233], [55.2856162, 25.2274556], [55.2856065, 25.2274146], [55.28559, 25.2273614], [55.2855745, 25.2273093]]}, "properties": {"class": "residential"}}, {"type": "Feature", "geometry": {"type": "LineString", "coordinates": [[55.2767126, 25.2146092], [55.2766243, 25.2145927], [55.2765923, 25.2145897], [55.2765601, 25.2145897], [55.2765074, 25.2145965], [55.2764568, 25.2146116], [55.2764013, 25.2146375], [55.2761178, 25.2148034], [55.275766, 25.2150144], [55.2755386, 25.2151446], [55.2755144, 25.2151584], [55.2754306, 25.2152122]]}, "properties": {"class": "residential"}}, {"type": "Feature", "geometry": {"type": "LineString", "coordinates": [[55.2674648, 25.2123875], [55.2678346, 25.2128742], [55.2678797, 25.2129336], [55.2685209, 25.2137775], [55.2689824, 25.214385], [55.2691425, 25.2145956], [55.2695976, 25.2151948]]}, "properties": {"class": "residential"}}, {"type": "Feature", "geometry": {"type": "LineString", "coordinates": [[55.2719322, 25.2126314], [55.2714425, 25.2119836], [55.2707878, 25.2111308], [55.2707567, 25.2110898], [55.2702715, 25.2104235], [55.2702289, 25.210386], [55.270174, 25.2103655], [55.2701146, 25.2103649], [55.2700592, 25.2103842]]}, "properties": {"class": "residential"}}, {"type": "Feature", "geometry": {"type": "LineString", "coordinates": [[55.2721738, 25.2151899], [55.2733105, 25.2144846]]}, "properties": {"class": "residential"}}, {"type": "Feature", "geometry": {"type": "LineString", "coordinates": [[55.2861122, 25.2278289], [55.2860721, 25.2278097], [55.2860347, 25.2277863], [55.2860008, 25.227759], [55.285862, 25.2276272], [55.285818, 25.2276123], [55.2857713, 25.2276169], [55.2857319, 25.22764], [55.2857082, 25.2276767], [55.2857052, 25.2277191], [55.2857236, 25.2277582], [55.2857502, 25.227795]]}, "properties": {"class": "residential"}}, {"type": "Feature", "geometry": {"type": "LineString", "coordinates": [[55.2691588, 25.2067269], [55.2689199, 25.2068549], [55.268862, 25.2068873], [55.2685934, 25.2070217]]}, "properties": {"class": "residential"}}, {"type": "Feature", "geometry": {"type": "LineString", "coordinates": [[55.2872873, 25.2301075], [55.2872465, 25.2300199], [55.2872041, 25.229933], [55.2871598, 25.2298469], [55.2871146, 25.2297609]]}, "properties": {"class": "residential"}}, {"type": "Feature", "geometry": {"type": "LineString", "coordinates": [[55.2743765, 25.2290372], [55.2742922, 25.2290203], [55.2742841, 25.2290192], [55.2742519, 25.2290147], [55.2742111, 25.2290147], [55.2741708, 25.2290205], [55.2741136, 25.2290424], [55.2740487, 25.2290683]]}, "properties": {"class": "tertiary"}}, {"type": "Feature", "geometry": {"type": "LineString", "coordinates": [[55.2607041, 25.2146641], [55.261454, 25.2142518], [55.2620035, 25.2139486]]}, "properties": {"class": "residential"}}, {"type": "Feature", "geometry": {"type": "LineString", "coordinates": [[55.2677018, 25.2203823], [55.2673403, 25.220611], [55.2669985, 25.2208233], [55.2662743, 25.2212732], [55.265972, 25.2214623], [55.2657705, 25.2215932]]}, "properties": {"class": "tertiary"}}, {"type": "Feature", "geometry": {"type": "LineString", "coordinates": [[55.2623293, 25.2144443], [55.2620035, 25.2139486], [55.2616919, 25.2134757], [55.2612692, 25.2128371], [55.2609566, 25.2123715], [55.2607036, 25.2120072]]}, "properties": {"class": "residential"}}, {"type": "Feature", "geometry": {"type": "LineString", "coordinates": [[55.265894, 25.2236037], [55.2663366, 25.2233285], [55.2665166, 25.2232176], [55.266587, 25.2231742], [55.2668434, 25.2230163]]}, "properties": {"class": "residential"}}, {"type": "Feature", "geometry": {"type": "LineString", "coordinates": [[55.2534485, 25.2057861], [55.2533895, 25.2058517], [55.2533488, 25.2058871], [55.2533143, 25.2059256], [55.2532894, 25.2059705], [55.2532719, 25.2060217], [55.253266, 25.2060692]]}, "properties": {"class": "tertiary"}}, {"type": "Feature", "geometry": {"type": "LineString", "coordinates": [[55.2676797, 25.223415], [55.2675204, 25.2232038], [55.2672074, 25.2227921]]}, "properties": {"class": "residential"}}, {"type": "Feature", "geometry": {"type": "LineString", "coordinates": [[55.274823, 25.2312079], [55.2747332, 25.2310881], [55.2746465, 25.2309723], [55.2745198, 25.2308031], [55.2743301, 25.23055], [55.274208, 25.2303843], [55.2741071, 25.2302477], [55.273958, 25.2300459], [55.2734825, 25.2294072]]}, "properties": {"class": "residential"}}, {"type": "Feature", "geometry": {"type": "LineString", "coordinates": [[55.2577283, 25.1918301], [55.2577965, 25.1918032], [55.2578632, 25.1917731], [55.257928, 25.1917399], [55.2579782, 25.191711], [55.2580538, 25.1916569], [55.2585146, 25.1912521], [55.2585274, 25.1912408], [55.2585645, 25.1911956], [55.2585957, 25.1911469], [55.2586201, 25.1910954]]}, "properties": {"class": "tertiary"}}, {"type": "Feature", "geometry": {"type": "LineString", "coordinates": [[55.2599618, 25.2135419], [55.2607214, 25.2131364], [55.2612692, 25.2128371]]}, "properties": {"class": "residential"}}, {"type": "Feature", "geometry": {"type": "LineString", "coordinates": [[55.2609566, 25.2123715], [55.2604073, 25.2126698], [55.2596563, 25.2130766]]}, "properties": {"class": "residential"}}, {"type": "Feature", "geometry": {"type": "LineString", "coordinates": [[55.267365, 25.2241779], [55.2675792, 25.2246121], [55.267762, 25.2249731], [55.2677715, 25.2249928], [55.2679816, 25.2254294], [55.2681848, 25.2258457], [55.2682438, 25.225967], [55.2684457, 25.2263845], [55.2685834, 25.2266672], [55.2689836, 25.2274935], [55.2690117, 25.2275522], [55.2692303, 25.2280006], [55.2692889, 25.2281205], [55.2694547, 25.2284618], [55.2697653, 25.2291287], [55.2701967, 25.229982], [55.2702308, 25.2300533], [55.2705503, 25.2307227]]}, "properties": {"class": "residential"}}, {"type": "Feature", "geometry": {"type": "LineString", "coordinates": [[55.25572, 25.1934129], [55.2557727, 25.1933838], [55.2558239, 25.1933566], [55.2558736, 25.1933273], [55.2559218, 25.1932961], [55.256183, 25.1930798], [55.2569369, 25.1925218], [55.2575133, 25.1920708], [55.2575521, 25.1920336], [55.2575875, 25.1919937], [55.2576192, 25.1919514]]}, "properties": {"class": "tertiary"}}, {"type": "Feature", "geometry": {"type": "LineString", "coordinates": [[55.2593307, 25.2125831], [55.2596563, 25.2130766], [55.2599042, 25.2134536], [55.2599618, 25.2135419], [55.2603909, 25.214187], [55.2604393, 25.2142612], [55.2607041, 25.2146641], [55.2610304, 25.2151604]]}, "properties": {"class": "residential"}}, {"type": "Feature", "geometry": {"type": "LineString", "coordinates": [[55.2476851, 25.1981144], [55.2477516, 25.1980769], [55.2478198, 25.1980384]]}, "properties": {"class": "tertiary"}}, {"type": "Feature", "geometry": {"type": "LineString", "coordinates": [[55.2599879, 25.201977], [55.2581009, 25.2030963], [55.2579244, 25.203201], [55.2571358, 25.2036487], [55.2570395, 25.2037033], [55.2569265, 25.2037675], [55.256857, 25.2038073], [55.2560769, 25.2042627], [55.2560077, 25.2043022], [55.2556683, 25.2044962], [55.2556272, 25.2045239], [55.2555902, 25.2045559], [55.2555578, 25.2045919], [55.2555188, 25.2046415]]}, "properties": {"class": "tertiary"}}, {"type": "Feature", "geometry": {"type": "LineString", "coordinates": [[55.2529262, 25.2055851], [55.2529963, 25.2056003], [55.2530478, 25.2056181], [55.2531288, 25.205635], [55.2532117, 25.2056394], [55.2532943, 25.2056311], [55.2533984, 25.2056185]]}, "properties": {"class": "tertiary"}}, {"type": "Feature", "geometry": {"type": "LineString", "coordinates": [[55.2549385, 25.2051328], [55.2549508, 25.2051531], [55.255266, 25.2056132], [55.2553397, 25.2057209], [55.2558996, 25.2065384], [55.2559729, 25.2066453], [55.2560651, 25.2067799]]}, "properties": {"class": "residential"}}, {"type": "Feature", "geometry": {"type": "LineString", "coordinates": [[55.2727696, 25.2275489], [55.2724327, 25.2277578], [55.2723151, 25.2278344], [55.2717456, 25.2281886], [55.271423, 25.2283893]]}, "properties": {"class": "residential"}}, {"type": "Feature", "geometry": {"type": "LineString", "coordinates": [[55.2680131, 25.2222958], [55.2683132, 25.222714], [55.2685624, 25.2230612]]}, "properties": {"class": "residential"}}, {"type": "Feature", "geometry": {"type": "LineString", "coordinates": [[55.2721606, 25.2259615], [55.272214, 25.2260321], [55.2723971, 25.2262846], [55.2724882, 25.2264068], [55.2726371, 25.2266082], [55.2728419, 25.2268756], [55.2728518, 25.2269026], [55.2728506, 25.226931], [55.2728384, 25.2269573], [55.2728169, 25.226978], [55.2724922, 25.2271864]]}, "properties": {"class": "residential"}}, {"type": "Feature", "geometry": {"type": "LineString", "coordinates": [[55.258445, 25.1914722], [55.2583181, 25.191585], [55.2581811, 25.1916872], [55.2580409, 25.1918004], [55.2579997, 25.1918389], [55.2579644, 25.1918818], [55.2579355, 25.1919286], [55.257913, 25.1919782]]}, "properties": {"class": "tertiary"}}, {"type": "Feature", "geometry": {"type": "LineString", "coordinates": [[55.270441, 25.2280712], [55.2712332, 25.2297047], [55.2712677, 25.2297458], [55.2713159, 25.2297736], [55.2713717, 25.2297847], [55.2714282, 25.2297776], [55.2714652, 25.2297592], [55.2719333, 25.2294624], [55.2721115, 25.2293494], [55.2723509, 25.229194], [55.2729422, 25.2288099], [55.2729916, 25.2287778], [55.2736709, 25.2283519], [55.273807, 25.2282665]]}, "properties": {"class": "residential"}}, {"type": "Feature", "geometry": {"type": "LineString", "coordinates": [[55.2499604, 25.196774], [55.2499946, 25.1967788], [55.2500261, 25.1967918], [55.2500525, 25.1968121], [55.2500719, 25.196838], [55.2500828, 25.1968678], [55.2500844, 25.1968991], [55.2500766, 25.1969296]]}, "properties": {"class": "tertiary"}}, {"type": "Feature", "geometry": {"type": "LineString", "coordinates": [[55.264013, 25.2141724], [55.2638627, 25.214269], [55.2636258, 25.2144208], [55.2634113, 25.2145553], [55.2633484, 25.2146026], [55.2630262, 25.214824], [55.2625087, 25.2151577], [55.2612661, 25.2159162], [55.260974, 25.2160939], [55.260786, 25.2161979], [55.2605171, 25.2163501]]}, "properties": {"class": "residential"}}, {"type": "Feature", "geometry": {"type": "LineString", "coordinates": [[55.2624661, 25.2183622], [55.2629162, 25.2180648], [55.2631468, 25.2179062], [55.2636242, 25.2175958], [55.2642564, 25.2171943]]}, "properties": {"class": "residential"}}, {"type": "Feature", "geometry": {"type": "LineString", "coordinates": [[55.2677715, 25.2249928], [55.2683959, 25.2247495], [55.2685352, 25.2246952], [55.2691925, 25.2244385], [55.2692619, 25.2244077], [55.2698574, 25.2241757], [55.2700423, 25.2240962], [55.2701538, 25.2240374]]}, "properties": {"class": "residential"}}, {"type": "Feature", "geometry": {"type": "LineString", "coordinates": [[55.255334, 25.2047396], [55.2552717, 25.2047544], [55.2552111, 25.2047743], [55.2551528, 25.2047992], [55.254947, 25.2049191], [55.2547188, 25.2050484], [55.2541943, 25.205349], [55.2539946, 25.2054637], [55.253727, 25.2056175], [55.2534485, 25.2057861]]}, "properties": {"class": "tertiary"}}, {"type": "Feature", "geometry": {"type": "LineString", "coordinates": [[55.2690117, 25.2275522], [55.2694453, 25.2273772], [55.2697167, 25.2272677], [55.2698381, 25.2272218], [55.2702288, 25.22707], [55.2707027, 25.2268859], [55.2712133, 25.2266798], [55.2719135, 25.2263971]]}, "properties": {"class": "residential"}}, {"type": "Feature", "geometry": {"type": "LineString", "coordinates": [[55.2722042, 25.2251422], [55.2721017, 25.2251031], [55.2720607, 25.2250848], [55.2720242, 25.2250599], [55.2719935, 25.2250293], [55.2714006, 25.2242541], [55.2712614, 25.2240642], [55.2706674, 25.2232597], [55.2706512, 25.2232274], [55.2706406, 25.2231932], [55.2706357, 25.2231579], [55.2706342, 25.2230285]]}, "properties": {"class": "residential"}}, {"type": "Feature", "geometry": {"type": "LineString", "coordinates": [[55.2680831, 25.2196169], [55.2680087, 25.2196003], [55.2679719, 25.2195869], [55.267938, 25.219568], [55.267908, 25.2195444], [55.266995, 25.2183394], [55.2668416, 25.218139], [55.2661357, 25.2171964], [55.2659943, 25.2170043], [55.2654403, 25.2162783], [55.2651571, 25.2158831], [55.2650166, 25.2157011], [55.2648835, 25.215523], [55.2641501, 25.2145256], [55.2641338, 25.2144986], [55.264122, 25.2144723], [55.264115, 25.2144446], [55.2641131, 25.2144163], [55.2641259, 25.2143215]]}, "properties": {"class": "residential"}}, {"type": "Feature", "geometry": {"type": "LineString", "coordinates": [[55.2698801, 25.2236737], [55.2690658, 25.224005], [55.2690097, 25.2240278], [55.2683493, 25.2242966], [55.2682927, 25.2243207], [55.2675792, 25.2246121]]}, "properties": {"class": "residential"}}, {"type": "Feature", "geometry": {"type": "LineString", "coordinates": [[55.267612, 25.2225429], [55.2679216, 25.2229579], [55.2681282, 25.2232347]]}, "properties": {"class": "residential"}}, {"type": "Feature", "geometry": {"type": "LineString", "coordinates": [[55.2694547, 25.2284618], [55.2698824, 25.2282929], [55.2702772, 25.228137], [55.270441, 25.2280712], [55.270663, 25.2279821], [55.2711353, 25.2277888]]}, "properties": {"class": "residential"}}, {"type": "Feature", "geometry": {"type": "LineString", "coordinates": [[55.2647514, 25.1996504], [55.2646207, 25.1995846], [55.2645817, 25.1995677], [55.2645409, 25.1995546], [55.2644988, 25.1995456], [55.2644445, 25.1995402], [55.2643899, 25.1995415], [55.264336, 25.1995495], [55.2641813, 25.1995779]]}, "properties": {"class": "tertiary"}}, {"type": "Feature", "geometry": {"type": "LineString", "coordinates": [[55.25572, 25.1934129], [55.2557632, 25.1934214], [55.2558011, 25.1934419], [55.2558297, 25.1934724], [55.255846, 25.1935096], [55.2558482, 25.1935496]]}, "properties": {"class": "tertiary"}}, {"type": "Feature", "geometry": {"type": "LineString", "coordinates": [[55.2687246, 25.2295496], [55.2682298, 25.2285546], [55.2680019, 25.2280946], [55.2677347, 25.2275451], [55.2673972, 25.2268352], [55.2671017, 25.2262239], [55.2669803, 25.2259705], [55.2669291, 25.2258612], [55.2667067, 25.225403], [55.2664534, 25.2248972]]}, "properties": {"class": "residential"}}, {"type": "Feature", "geometry": {"type": "LineString", "coordinates": [[55.2706611, 25.2247154], [55.2707, 25.2247016], [55.2707379, 25.2246858], [55.2707747, 25.2246681], [55.2708924, 25.2245976], [55.2711337, 25.2244486], [55.2711644, 25.2244348], [55.2711985, 25.2244302], [55.2712321, 25.2244354], [55.2712624, 25.2244499], [55.2712863, 25.2244721], [55.2715824, 25.2248749], [55.271798, 25.2251628], [55.2718127, 25.2251907], [55.2718186, 25.2252212], [55.2718152, 25.225252], [55.2718028, 25.2252808], [55.2717822, 25.2253055], [55.2717551, 25.2253243], [55.2715341, 25.2254515], [55.2714458, 25.2255088], [55.2714249, 25.2255269], [55.2714056, 25.2255465], [55.2713883, 25.2255675], [55.2713462, 25.2256384]]}, "properties": {"class": "residential"}}, {"type": "Feature", "geometry": {"type": "LineString", "coordinates": [[55.2648228, 25.217944], [55.26515, 25.2177356], [55.2654713, 25.2175309]]}, "properties": {"class": "residential"}}, {"type": "Feature", "geometry": {"type": "LineString", "coordinates": [[55.2708458, 25.2249665], [55.27029, 25.2251874], [55.2696035, 25.2254602], [55.2689661, 25.2256978], [55.2682438, 25.225967]]}, "properties": {"class": "residential"}}, {"type": "Feature", "geometry": {"type": "LineString", "coordinates": [[55.2669291, 25.2258612], [55.2679816, 25.2254294]]}, "properties": {"class": "residential"}}, {"type": "Feature", "geometry": {"type": "LineString", "coordinates": [[55.2720195, 25.2303448], [55.272104, 25.2302926], [55.272262, 25.230198], [55.2734102, 25.2294541], [55.2734825, 25.2294072], [55.2740487, 25.2290683]]}, "properties": {"class": "tertiary"}}, {"type": "Feature", "geometry": {"type": "LineString", "coordinates": [[55.2718661, 25.2276986], [55.2713513, 25.2280395], [55.271277, 25.2280887]]}, "properties": {"class": "residential"}}, {"type": "Feature", "geometry": {"type": "LineString", "coordinates": [[55.2550922, 25.2042089], [55.255186, 25.2043012], [55.2552221, 25.2043361], [55.2552607, 25.2043688], [55.2553015, 25.2043992], [55.2553444, 25.2044271], [55.2553979, 25.204465]]}, "properties": {"class": "residential"}}, {"type": "Feature", "geometry": {"type": "LineString", "coordinates": [[55.2683466, 25.2297025], [55.2683796, 25.2296892], [55.2687246, 25.2295496], [55.2688871, 25.2294839], [55.2697653, 25.2291287]]}, "properties": {"class": "residential"}}, {"type": "Feature", "geometry": {"type": "LineString", "coordinates": [[55.2581536, 25.211926], [55.2581856, 25.2119746], [55.2584429, 25.2123527], [55.258624, 25.2126244], [55.2587913, 25.2128755], [55.2593719, 25.2137458], [55.2596153, 25.2141319], [55.2596454, 25.2141795], [55.2598884, 25.214561], [55.2600447, 25.2147977], [55.2604054, 25.2153336], [55.2604312, 25.2153652], [55.2604668, 25.2153877], [55.260503, 25.2153982]]}, "properties": {"class": "residential"}}, {"type": "Feature", "geometry": {"type": "LineString", "coordinates": [[55.2576192, 25.1919514], [55.257626, 25.1919187], [55.2576415, 25.1918885], [55.2576648, 25.1918627], [55.2576944, 25.191843], [55.2577283, 25.1918301], [55.2577696, 25.1918259], [55.2578106, 25.1918319], [55.2578481, 25.191848], [55.2578792, 25.1918729], [55.2579014, 25.1919046], [55.2579129, 25.1919407], [55.257913, 25.1919782]]}, "properties": {"class": "tertiary"}}, {"type": "Feature", "geometry": {"type": "LineString", "coordinates": [[55.2734436, 25.2271271], [55.2734594, 25.2270451], [55.2734618, 25.2270185], [55.2734578, 25.2269921], [55.2734475, 25.2269671], [55.2728547, 25.2261716], [55.2725713, 25.2258187], [55.2724374, 25.2256212], [55.2724243, 25.2255986], [55.2724157, 25.2255742], [55.2724124, 25.2255509], [55.2724154, 25.2255088], [55.2724385, 25.2254475]]}, "properties": {"class": "residential"}}, {"type": "Feature", "geometry": {"type": "LineString", "coordinates": [[55.2696035, 25.2254602], [55.2691837, 25.2245902], [55.2691719, 25.2245536], [55.2691689, 25.2245141], [55.2691758, 25.2244751], [55.2691925, 25.2244385]]}, "properties": {"class": "residential"}}, {"type": "Feature", "geometry": {"type": "LineString", "coordinates": [[55.2617872, 25.1961887], [55.2619316, 25.1963359], [55.2622305, 25.1966579], [55.262526, 25.1969651], [55.2628008, 25.1972754], [55.2635428, 25.1981005], [55.2640066, 25.1986286], [55.2641378, 25.1987786], [55.2642292, 25.1988551], [55.2643244, 25.1989485], [55.2645004, 25.1991599], [55.2646751, 25.1993698], [55.264706, 25.1994069], [55.2647633, 25.1994757], [55.2648362, 25.1995659], [55.2649791, 25.1997516], [55.2650623, 25.1998579], [55.2653499, 25.2002397], [55.2654876, 25.200423], [55.265846, 25.2009113], [55.2658612, 25.200932], [55.2659051, 25.2009918], [55.2659862, 25.2011024], [55.2663619, 25.2016717], [55.2664744, 25.201842], [55.2666824, 25.2021429], [55.2669417, 25.2025182], [55.2669936, 25.2025961], [55.2670596, 25.2027273], [55.2671533, 25.2028688], [55.2680204, 25.2041341]]}, "properties": {"class": "secondary"}}, {"type": "Feature", "geometry": {"type": "LineString", "coordinates": [[55.2673403, 25.220611], [55.2676793, 25.2210649], [55.2681651, 25.2217153], [55.2684142, 25.2220487], [55.2686093, 25.22231], [55.268725, 25.2224648], [55.2690236, 25.2228746]]}, "properties": {"class": "residential"}}, {"type": "Feature", "geometry": {"type": "LineString", "coordinates": [[55.2724327, 25.2277578], [55.2723828, 25.2276897], [55.2718188, 25.226919], [55.2718107, 25.2269094], [55.2717998, 25.2269024], [55.2717827, 25.2268983], [55.2717652, 25.2269007], [55.2717501, 25.2269091], [55.2714997, 25.2270782]]}, "properties": {"class": "residential"}}, {"type": "Feature", "geometry": {"type": "LineString", "coordinates": [[55.2598718, 25.201906], [55.2600634, 25.2018034], [55.2602657, 25.2017064]]}, "properties": {"class": "tertiary"}}, {"type": "Feature", "geometry": {"type": "LineString", "coordinates": [[55.264023, 25.2156058], [55.2637149, 25.2158035], [55.2634215, 25.2159891], [55.2633046, 25.216062], [55.2626797, 25.2164897], [55.262432, 25.2166472], [55.2620678, 25.216874], [55.2616559, 25.2171304]]}, "properties": {"class": "residential"}}, {"type": "Feature", "geometry": {"type": "LineString", "coordinates": [[55.2650785, 25.2223592], [55.2654015, 25.2228654], [55.2654827, 25.2229887], [55.2657832, 25.2234391], [55.2658221, 25.2234969], [55.265894, 25.2236037], [55.2659826, 25.2237372], [55.2661346, 25.223955], [55.2662036, 25.2240585], [55.2663336, 25.2242514]]}, "properties": {"class": "residential"}}, {"type": "Feature", "geometry": {"type": "LineString", "coordinates": [[55.2698189, 25.2235913], [55.2698585, 25.2235863], [55.2698976, 25.2235781], [55.2699356, 25.223567], [55.2699725, 25.2235529], [55.2700789, 25.2234942], [55.2703291, 25.223336], [55.2703607, 25.2233245], [55.2703947, 25.223325], [55.2704258, 25.2233374], [55.2704491, 25.2233599], [55.2706855, 25.2236855], [55.2709779, 25.2240668], [55.2709948, 25.2240859], [55.2710057, 25.2241084], [55.2710097, 25.2241326], [55.2710066, 25.2241569], [55.2709966, 25.2241797], [55.2709804, 25.2241993], [55.2709592, 25.2242144], [55.2707173, 25.2243636], [55.2706166, 25.224424], [55.2705912, 25.2244399], [55.2705685, 25.2244588], [55.2705487, 25.2244802], [55.2705324, 25.2245039], [55.2705197, 25.2245293]]}, "properties": {"class": "residential"}}, {"type": "Feature", "geometry": {"type": "LineString", "coordinates": [[55.2663366, 25.2233285], [55.2665767, 25.2236931], [55.2666164, 25.2237379], [55.2666695, 25.2237695], [55.2667307, 25.2237849], [55.2667941, 25.2237825], [55.2668537, 25.2237626], [55.2676797, 25.223415], [55.2681282, 25.2232347], [55.2681379, 25.2232308], [55.2685624, 25.2230612], [55.2688566, 25.2229422], [55.2690236, 25.2228746], [55.2693049, 25.2227661], [55.269347, 25.222748], [55.2693825, 25.2227208], [55.2694092, 25.2226862]]}, "properties": {"class": "residential"}}, {"type": "Feature", "geometry": {"type": "LineString", "coordinates": [[55.2499604, 25.196774], [55.2500044, 25.1967612], [55.2500473, 25.196746], [55.2500888, 25.1967278], [55.2501286, 25.1967069], [55.2503548, 25.1965769], [55.2519194, 25.1956783], [55.2521389, 25.1955457], [55.2525096, 25.1953334], [55.2526483, 25.1952534], [55.2528213, 25.1951564], [55.2530069, 25.1950404], [55.2536335, 25.1946834], [55.2537998, 25.1945826], [55.2548875, 25.1939756], [55.2550823, 25.1938588], [55.2553946, 25.1936707], [55.255442, 25.1936362], [55.2554882, 25.1936004], [55.2555333, 25.1935635], [55.2555778, 25.1935255]]}, "properties": {"class": "tertiary"}}, {"type": "Feature", "geometry": {"type": "LineString", "coordinates": [[55.2692754, 25.2263485], [55.2697754, 25.2261584], [55.2701626, 25.2260112], [55.2705554, 25.2258618], [55.2709399, 25.2257155], [55.2709533, 25.2257096], [55.271289, 25.2255614]]}, "properties": {"class": "residential"}}, {"type": "Feature", "geometry": {"type": "LineString", "coordinates": [[55.260974, 25.2160939], [55.2610363, 25.2161822], [55.2614387, 25.2168035], [55.2616559, 25.2171304], [55.2618535, 25.2174315], [55.262063, 25.2177509], [55.2622618, 25.2180465], [55.2624661, 25.2183622], [55.2626546, 25.2186476], [55.2630594, 25.219252], [55.2631149, 25.2193367], [55.263451, 25.2198497], [55.2638399, 25.2204576], [55.2641267, 25.2208943], [55.2642402, 25.2210661], [55.2644684, 25.2213975], [55.26453, 25.2214869], [55.2647103, 25.2217665], [55.2647848, 25.2218769], [55.2649383, 25.2221043]]}, "properties": {"class": "residential"}}, {"type": "Feature", "geometry": {"type": "LineString", "coordinates": [[55.2592663, 25.21248], [55.2590569, 25.2121421], [55.2590473, 25.2121177], [55.2590475, 25.2120919], [55.2590575, 25.2120677], [55.259076, 25.2120481], [55.2597711, 25.2116834], [55.2602304, 25.2114345], [55.2602641, 25.2114253], [55.2602992, 25.2114275], [55.2603312, 25.2114407], [55.2603561, 25.2114633], [55.2606272, 25.2118736]]}, "properties": {"class": "residential"}}, {"type": "Feature", "geometry": {"type": "LineString", "coordinates": [[55.2556879, 25.1936564], [55.255624, 25.193689], [55.2555623, 25.1937188], [55.2555021, 25.1937509], [55.2546233, 25.1942589], [55.254398, 25.194383], [55.2542501, 25.194462]]}, "properties": {"class": "tertiary"}}, {"type": "Feature", "geometry": {"type": "LineString", "coordinates": [[55.2641717, 25.2194134], [55.2640934, 25.2193118], [55.2638422, 25.2189387], [55.2631468, 25.2179062]]}, "properties": {"class": "residential"}}, {"type": "Feature", "geometry": {"type": "LineString", "coordinates": [[55.2642402, 25.2210661], [55.2648974, 25.2206666], [55.2653196, 25.2203995], [55.2662867, 25.2198022], [55.2668932, 25.2194277]]}, "properties": {"class": "residential"}}, {"type": "Feature", "geometry": {"type": "LineString", "coordinates": [[55.2499411, 25.1970022], [55.2498851, 25.197014], [55.2498305, 25.1970311], [55.2497779, 25.1970527], [55.2497278, 25.1970788], [55.249063, 25.1974662], [55.2486969, 25.1976625], [55.248473, 25.1977777]]}, "properties": {"class": "tertiary"}}, {"type": "Feature", "geometry": {"type": "LineString", "coordinates": [[55.2638842, 25.2140001], [55.2638104, 25.2139836], [55.2637745, 25.2139726], [55.2637416, 25.2139555], [55.2637131, 25.2139328], [55.2632558, 25.2133373], [55.2628714, 25.2128208], [55.2626816, 25.2125631], [55.2623572, 25.2121543], [55.2621016, 25.2117989], [55.2612437, 25.2106288], [55.261231, 25.2106056], [55.2612292, 25.2105797], [55.2612384, 25.2105552], [55.2612678, 25.2105002], [55.2613026, 25.2104498]]}, "properties": {"class": "residential"}}, {"type": "Feature", "geometry": {"type": "LineString", "coordinates": [[55.2689661, 25.2256978], [55.2690907, 25.2259598], [55.2692754, 25.2263485], [55.2692863, 25.2263832], [55.269507, 25.2268308], [55.2697167, 25.2272677]]}, "properties": {"class": "residential"}}, {"type": "Feature", "geometry": {"type": "LineString", "coordinates": [[55.270339, 25.2226316], [55.2702782, 25.222628], [55.2702486, 25.2226237], [55.2702204, 25.2226144], [55.2702009, 25.2226045], [55.2701831, 25.2225922], [55.27016, 25.2225684], [55.2699624, 25.2223185], [55.269705, 25.221978], [55.2692688, 25.2213935], [55.2688322, 25.2208112], [55.2686738, 25.2205997], [55.2686515, 25.2205619], [55.2686354, 25.2205217], [55.2686257, 25.2204798], [55.268622, 25.2204371], [55.2686264, 25.2203428]]}, "properties": {"class": "residential"}}, {"type": "Feature", "geometry": {"type": "LineString", "coordinates": [[55.2715915, 25.2259709], [55.2714929, 25.2260176], [55.2714044, 25.2260558], [55.2711403, 25.22616], [55.270996, 25.2262169], [55.2696366, 25.2267531], [55.2696167, 25.2267622], [55.2695975, 25.2267725], [55.2695791, 25.2267839], [55.269507, 25.2268308]]}, "properties": {"class": "residential"}}, {"type": "Feature", "geometry": {"type": "LineString", "coordinates": [[55.263451, 25.2198497], [55.2641717, 25.2194134], [55.2647145, 25.2190643], [55.2653601, 25.2186428]]}, "properties": {"class": "residential"}}, {"type": "Feature", "geometry": {"type": "LineString", "coordinates": [[55.2695831, 25.2232772], [55.2698189, 25.2235913], [55.2698801, 25.2236737], [55.2701538, 25.2240374], [55.2703772, 25.2243377], [55.2705197, 25.2245293], [55.2706611, 25.2247154], [55.2708458, 25.2249665], [55.2710248, 25.2252096], [55.2710354, 25.2252237], [55.271289, 25.2255614], [55.2713462, 25.2256384], [55.2714807, 25.2258193], [55.2715915, 25.2259709], [55.2717695, 25.2262113], [55.2719135, 25.2263971], [55.2720063, 25.2265248], [55.2722463, 25.2268538], [55.2724922, 25.2271864], [55.2727696, 25.2275489]]}, "properties": {"class": "residential"}}, {"type": "Feature", "geometry": {"type": "LineString", "coordinates": [[55.2577119, 25.1920838], [55.2576576, 25.1921139], [55.2576184, 25.1921356], [55.2575804, 25.1921591], [55.257544, 25.1921845], [55.2574767, 25.1922387], [55.257336, 25.1923628], [55.2569027, 25.1926906], [55.2563596, 25.1931245], [55.2559815, 25.1934063], [55.2559454, 25.193439], [55.255912, 25.1934739], [55.2558815, 25.1935109], [55.2558482, 25.1935496]]}, "properties": {"class": "tertiary"}}, {"type": "Feature", "geometry": {"type": "LineString", "coordinates": [[55.2638317, 25.2166582], [55.2638712, 25.2166749], [55.2639042, 25.2167001], [55.2639288, 25.2167321], [55.2641765, 25.2170689], [55.2642564, 25.2171943], [55.2648228, 25.217944], [55.2653601, 25.2186428], [55.265715, 25.2191101], [55.2657352, 25.219144], [55.2657459, 25.2191812], [55.2657463, 25.2192197]]}, "properties": {"class": "residential"}}, {"type": "Feature", "geometry": {"type": "LineString", "coordinates": [[55.2719333, 25.2294624], [55.271423, 25.2283893], [55.271277, 25.2280887], [55.2711353, 25.2277888], [55.2709124, 25.2273245], [55.2707027, 25.2268859]]}, "properties": {"class": "residential"}}, {"type": "Feature", "geometry": {"type": "LineString", "coordinates": [[55.2745785, 25.2296612], [55.2745126, 25.2297001], [55.2743485, 25.2298009], [55.274166, 25.2299153], [55.273958, 25.2300459], [55.273745, 25.2301737], [55.2736656, 25.2302213], [55.273559, 25.2302867], [55.2733846, 25.2303956], [55.2732184, 25.2304994], [55.2731965, 25.230513], [55.2726674, 25.2308404]]}, "properties": {"class": "residential"}}, {"type": "Feature", "geometry": {"type": "LineString", "coordinates": [[55.2636242, 25.2175958], [55.2647145, 25.2190643]]}, "properties": {"class": "residential"}}, {"type": "Feature", "geometry": {"type": "LineString", "coordinates": [[55.2692303, 25.2280006], [55.2696631, 25.2278321], [55.2700538, 25.2276802], [55.2704388, 25.2275218], [55.2709124, 25.2273245]]}, "properties": {"class": "residential"}}, {"type": "Feature", "geometry": {"type": "LineString", "coordinates": [[55.2596376, 25.2016343], [55.2592852, 25.2011289], [55.2590448, 25.200784], [55.2589673, 25.2006764], [55.2589531, 25.2006566], [55.2588546, 25.2005189], [55.2584741, 25.1999754], [55.2584445, 25.1999334], [55.2579884, 25.1992909], [55.2579447, 25.1992308], [55.2575565, 25.1986672], [55.2575236, 25.1986194], [55.2571802, 25.1981203], [55.2567971, 25.1975824], [55.2567705, 25.1975447], [55.2561329, 25.196631], [55.2560967, 25.196579], [55.25589, 25.1962791], [55.2558601, 25.1962357], [55.2546614, 25.1945249], [55.254654, 25.1945143]]}, "properties": {"class": "residential"}}, {"type": "Feature", "geometry": {"type": "LineString", "coordinates": [[55.2588714, 25.1910122], [55.2588937, 25.1910447], [55.2589045, 25.1910817], [55.2589028, 25.1911199], [55.2589018, 25.1911242], [55.2588912, 25.1911518], [55.258874, 25.1911764], [55.2588511, 25.191197], [55.2588237, 25.1912124], [55.2587932, 25.1912218], [55.2587611, 25.1912247], [55.2587496, 25.1912242], [55.2587087, 25.1912151], [55.2586725, 25.1911957], [55.2586442, 25.1911675], [55.2586262, 25.1911331], [55.2586201, 25.1910954], [55.2586206, 25.1910845], [55.2586298, 25.1910489], [55.2586497, 25.191017], [55.2586786, 25.1909915], [55.2587143, 25.1909743], [55.2587591, 25.1909667], [55.258801, 25.1909714], [55.2588396, 25.190987], [55.2588714, 25.1910122]]}, "properties": {"class": "tertiary"}}, {"type": "Feature", "geometry": {"type": "LineString", "coordinates": [[55.2723151, 25.2278344], [55.2725589, 25.2281761], [55.2728133, 25.2285299], [55.2729916, 25.2287778]]}, "properties": {"class": "residential"}}, {"type": "Feature", "geometry": {"type": "LineString", "coordinates": [[55.2550922, 25.2042089], [55.2549981, 25.204074], [55.2548833, 25.2039095], [55.2543742, 25.2031893], [55.2543119, 25.2030955], [55.2539448, 25.2025658], [55.2536293, 25.2021177], [55.2533251, 25.2016856], [55.2533064, 25.201659], [55.2531557, 25.2014501], [55.2528957, 25.2010709], [55.2527891, 25.2009222], [55.2527221, 25.2008259], [55.2524007, 25.2003641], [55.2520432, 25.1998618], [55.2520161, 25.1998223], [55.2516821, 25.1993349], [55.2515256, 25.1991189], [55.2513466, 25.1988667], [55.2511657, 25.1986009], [55.2511283, 25.198541], [55.2508114, 25.1981029], [55.2504419, 25.1975724], [55.2502388, 25.1972781]]}, "properties": {"class": "residential"}}, {"type": "Feature", "geometry": {"type": "LineString", "coordinates": [[55.2672749, 25.2200114], [55.2672749, 25.2199721], [55.2672657, 25.2199345], [55.2672478, 25.2198996], [55.2668932, 25.2194277], [55.2663731, 25.2187285], [55.2655112, 25.2175859], [55.2654713, 25.2175309], [55.2648459, 25.2166893], [55.264532, 25.2162816], [55.264023, 25.2156058], [55.263814, 25.2153219], [55.2636639, 25.2151171], [55.2636426, 25.2150987], [55.2636176, 25.2150847], [55.2635898, 25.2150756]]}, "properties": {"class": "residential"}}, {"type": "Feature", "geometry": {"type": "LineString", "coordinates": [[55.255334, 25.2047396], [55.2552918, 25.2047244], [55.2552562, 25.2046988], [55.2552304, 25.204665], [55.2552166, 25.2046258], [55.2552158, 25.2045847], [55.2552236, 25.2045556], [55.2552507, 25.2045129], [55.2552923, 25.2044813], [55.2553435, 25.2044647], [55.2553979, 25.204465], [55.2554095, 25.2044674], [55.2554543, 25.2044854], [55.2554907, 25.2045153], [55.2555149, 25.2045539], [55.2555246, 25.2045974], [55.2555188, 25.2046415], [55.2555033, 25.2046742], [55.2554792, 25.2047023], [55.2554481, 25.2047241], [55.255412, 25.204738], [55.2553731, 25.2047433], [55.255334, 25.2047396]]}, "properties": {"class": "tertiary"}}, {"type": "Feature", "geometry": {"type": "LineString", "coordinates": [[55.2634113, 25.2145553], [55.2633344, 25.2144597], [55.2630312, 25.2140578], [55.2627397, 25.213666], [55.2621613, 25.2128916], [55.2615839, 25.2121114], [55.2612695, 25.2116857], [55.2612397, 25.2116521], [55.2612003, 25.211628], [55.2611547, 25.2116155]]}, "properties": {"class": "residential"}}, {"type": "Feature", "geometry": {"type": "LineString", "coordinates": [[55.2616919, 25.2134757], [55.2611357, 25.21378], [55.2603909, 25.214187]]}, "properties": {"class": "residential"}}, {"type": "Feature", "geometry": {"type": "LineString", "coordinates": [[55.2627183, 25.2218463], [55.2616379, 25.2224463]]}, "properties": {"class": "residential"}}, {"type": "Feature", "geometry": {"type": "LineString", "coordinates": [[55.2664166, 25.2292628], [55.2661261, 25.2286427], [55.2661069, 25.2286141], [55.2660803, 25.2285907], [55.2660447, 25.2285727], [55.2660051, 25.2285641], [55.2659643, 25.2285656], [55.2659181, 25.2285805], [55.2650786, 25.2289224]]}, "properties": {"class": "residential"}}, {"type": "Feature", "geometry": {"type": "LineString", "coordinates": [[55.2646767, 25.2283866], [55.2657504, 25.227968]]}, "properties": {"class": "residential"}}, {"type": "Feature", "geometry": {"type": "LineString", "coordinates": [[55.2671771, 25.2299427], [55.2671286, 25.2299637], [55.2668349, 25.2300911], [55.266267, 25.2303505], [55.266218, 25.2303701], [55.2661645, 25.2303712], [55.2661146, 25.2303536], [55.2660759, 25.23032], [55.2658684, 25.2300432], [55.265845, 25.2299985], [55.2658408, 25.2299493], [55.2658563, 25.2299019], [55.2658895, 25.2298626], [55.265936, 25.2298366], [55.2664419, 25.2296089], [55.2664952, 25.2295963], [55.2665498, 25.2296032], [55.2665971, 25.2296286], [55.26663, 25.2296686], [55.2668349, 25.2300911]]}, "properties": {"class": "residential"}}, {"type": "Feature", "geometry": {"type": "LineString", "coordinates": [[55.2616324, 25.2201912], [55.2620549, 25.2208359], [55.2622166, 25.2210805], [55.262369, 25.2213084], [55.2625589, 25.2216059], [55.2627183, 25.2218463], [55.2630698, 25.2223962]]}, "properties": {"class": "residential"}}, {"type": "Feature", "geometry": {"type": "LineString", "coordinates": [[55.2609817, 25.229108], [55.2605463, 25.2293742], [55.2604902, 25.2294085]]}, "properties": {"class": "residential"}}, {"type": "Feature", "geometry": {"type": "LineString", "coordinates": [[55.2479223, 25.213334], [55.2480104, 25.2132778], [55.2480272, 25.213252], [55.2480342, 25.2132227], [55.2480307, 25.2131929], [55.248017, 25.2131656], [55.2475109, 25.2125289], [55.247438, 25.2124364], [55.2473955, 25.2123824], [55.2468148, 25.2116216], [55.2461588, 25.2107423], [55.2450054, 25.2091596]]}, "properties": {"class": "residential"}}, {"type": "Feature", "geometry": {"type": "LineString", "coordinates": [[55.2479768, 25.2114728], [55.2480117, 25.2114696], [55.2480377, 25.2114658], [55.2480629, 25.2114586], [55.2480866, 25.2114482], [55.2482446, 25.211351], [55.2482687, 25.2113401], [55.2482953, 25.2113362], [55.248322, 25.2113396], [55.2483463, 25.2113501], [55.2483662, 25.2113666], [55.2487606, 25.2118762], [55.2491932, 25.2124351], [55.2492134, 25.2124558], [55.2492379, 25.2124724], [55.2492656, 25.2124842], [55.2493249, 25.2125005]]}, "properties": {"class": "residential"}}, {"type": "Feature", "geometry": {"type": "LineString", "coordinates": [[55.2568376, 25.2252485], [55.2571644, 25.225057], [55.257638, 25.2247803]]}, "properties": {"class": "residential"}}, {"type": "Feature", "geometry": {"type": "LineString", "coordinates": [[55.2548902, 25.2195942], [55.2562436, 25.2188426], [55.2567756, 25.2185541]]}, "properties": {"class": "residential"}}, {"type": "Feature", "geometry": {"type": "LineString", "coordinates": [[55.2536276, 25.2148368], [55.2541016, 25.2153947], [55.254712, 25.2161193]]}, "properties": {"class": "residential"}}, {"type": "Feature", "geometry": {"type": "LineString", "coordinates": [[55.2487474, 25.2104723], [55.2500213, 25.209693], [55.2513852, 25.2088279]]}, "properties": {"class": "residential"}}, {"type": "Feature", "geometry": {"type": "LineString", "coordinates": [[55.2562258, 25.2112755], [55.2563784, 25.2111537], [55.2563973, 25.2111306], [55.2564016, 25.2111228], [55.2564114, 25.2111049], [55.2564204, 25.2110773], [55.2564238, 25.2110488], [55.2564301, 25.2109548]]}, "properties": {"class": "tertiary"}}, {"type": "Feature", "geometry": {"type": "LineString", "coordinates": [[55.2580595, 25.2204461], [55.2570405, 25.2211053]]}, "properties": {"class": "residential"}}, {"type": "Feature", "geometry": {"type": "LineString", "coordinates": [[55.2509813, 25.2155441], [55.2510248, 25.2155607], [55.2510721, 25.2155694], [55.2511203, 25.2155709], [55.2511579, 25.2155671], [55.2512318, 25.2155457]]}, "properties": {"class": "residential"}}, {"type": "Feature", "geometry": {"type": "LineString", "coordinates": [[55.25584, 25.2115062], [55.2557931, 25.2114368], [55.2550782, 25.2103795], [55.2545572, 25.2096374], [55.2544702, 25.2095086], [55.2543103, 25.2092795], [55.2538374, 25.2085733], [55.2538018, 25.2085268], [55.2537648, 25.208489]]}, "properties": {"class": "residential"}}, {"type": "Feature", "geometry": {"type": "LineString", "coordinates": [[55.2540693, 25.2198062], [55.2540124, 25.2197988], [55.2539591, 25.2197791], [55.2539128, 25.2197483], [55.2538953, 25.2197291], [55.2538762, 25.2197081], [55.2536963, 25.2194756], [55.253333, 25.2190061], [55.2533031, 25.2189534], [55.2532819, 25.2188974], [55.25327, 25.2188391], [55.2532676, 25.2187799]]}, "properties": {"class": "residential"}}, {"type": "Feature", "geometry": {"type": "LineString", "coordinates": [[55.2513215, 25.212629], [55.251073, 25.2123052], [55.2506253, 25.2117221], [55.2504343, 25.2114732], [55.2500275, 25.2109105]]}, "properties": {"class": "residential"}}, {"type": "Feature", "geometry": {"type": "LineString", "coordinates": [[55.2506335, 25.2105149], [55.2500213, 25.209693]]}, "properties": {"class": "residential"}}, {"type": "Feature", "geometry": {"type": "LineString", "coordinates": [[55.2544491, 25.2190165], [55.255179, 25.2185756], [55.2557579, 25.2182195]]}, "properties": {"class": "residential"}}, {"type": "Feature", "geometry": {"type": "LineString", "coordinates": [[55.248186, 25.2121373], [55.2481228, 25.2121216], [55.2480842, 25.2121156], [55.248045, 25.2121172], [55.2480072, 25.2121265], [55.2479715, 25.2121402], [55.2475756, 25.2123904], [55.247553, 25.2124091], [55.2475349, 25.2124314], [55.2475221, 25.2124565], [55.2475149, 25.2124834], [55.2475109, 25.2125289]]}, "properties": {"class": "residential"}}, {"type": "Feature", "geometry": {"type": "LineString", "coordinates": [[55.2508561, 25.2132734], [55.2504363, 25.2135402], [55.250391, 25.2135622], [55.2503398, 25.2135663], [55.2502909, 25.2135516], [55.2502525, 25.2135206], [55.2494308, 25.2124314]]}, "properties": {"class": "residential"}}, {"type": "Feature", "geometry": {"type": "LineString", "coordinates": [[55.2513598, 25.210929], [55.2521539, 25.2121257]]}, "properties": {"class": "residential"}}, {"type": "Feature", "geometry": {"type": "LineString", "coordinates": [[55.2562258, 25.2112755], [55.2558952, 25.2114731], [55.25584, 25.2115062], [55.2552445, 25.2118622], [55.2549657, 25.2120225], [55.2549332, 25.2120425], [55.2546299, 25.2122291], [55.2542575, 25.2124584], [55.254022, 25.2125788], [55.2537926, 25.2126805], [55.2535679, 25.212761], [55.2534302, 25.2128024], [55.2532749, 25.2128401], [55.2531172, 25.2128681], [55.2529606, 25.2128994], [55.2528567, 25.2129253], [55.252754, 25.212955], [55.2526298, 25.2129969], [55.252508, 25.2130444], [55.2522482, 25.2131571], [55.2519742, 25.2132833], [55.2517051, 25.213415], [55.2514411, 25.213555], [55.2511826, 25.2137031], [55.2508928, 25.2138928]]}, "properties": {"class": "tertiary"}}, {"type": "Feature", "geometry": {"type": "LineString", "coordinates": [[55.2530741, 25.218285], [55.2531844, 25.2183378], [55.2532051, 25.2183494], [55.2532246, 25.2183625], [55.2532428, 25.218377], [55.2532597, 25.2183929], [55.2533316, 25.2184823], [55.2544164, 25.2198971], [55.2544806, 25.2199837], [55.2545246, 25.2200445], [55.2548279, 25.2204352], [55.2548423, 25.2204653], [55.2548538, 25.2204964], [55.2548622, 25.2205284], [55.2548674, 25.2205608], [55.2548723, 25.2206367]]}, "properties": {"class": "residential"}}, {"type": "Feature", "geometry": {"type": "LineString", "coordinates": [[55.247045, 25.2103901], [55.24714, 25.2104193], [55.2471776, 25.2104406], [55.2472101, 25.2104679], [55.2472371, 25.2105002], [55.2479768, 25.2114728], [55.2480085, 25.2115136], [55.248043, 25.2115525], [55.2480803, 25.2115893], [55.2481185, 25.2116227], [55.248154, 25.2116591], [55.2482392, 25.2117616], [55.2483049, 25.2118471], [55.2483479, 25.2119117], [55.2483868, 25.2119783], [55.2484216, 25.2120467], [55.2484437, 25.2120837], [55.2485872, 25.2122773], [55.2486397, 25.2123423], [55.2486628, 25.2123795], [55.2486797, 25.2124194], [55.2486898, 25.2124611], [55.2486961, 25.2125604]]}, "properties": {"class": "residential"}}, {"type": "Feature", "geometry": {"type": "LineString", "coordinates": [[55.2549657, 25.2120225], [55.2554298, 25.2126681], [55.255519, 25.2127914], [55.2557212, 25.2130709], [55.2560979, 25.2135917], [55.2568725, 25.2146561], [55.2576577, 25.2157533], [55.2589407, 25.217533], [55.2590373, 25.2176698]]}, "properties": {"class": "residential"}}, {"type": "Feature", "geometry": {"type": "LineString", "coordinates": [[55.2511826, 25.2137031], [55.2508561, 25.2132734], [55.2506689, 25.2130263], [55.2499658, 25.2120985], [55.2493795, 25.2113168], [55.2487474, 25.2104723], [55.248486, 25.210132], [55.2481663, 25.2097]]}, "properties": {"class": "residential"}}, {"type": "Feature", "geometry": {"type": "LineString", "coordinates": [[55.2508928, 25.2138928], [55.2508496, 25.213949], [55.2507948, 25.2139953], [55.2507346, 25.2140357], [55.2504847, 25.2141924], [55.2503109, 25.2142949]]}, "properties": {"class": "tertiary"}}, {"type": "Feature", "geometry": {"type": "LineString", "coordinates": [[55.247786, 25.2122099], [55.2478203, 25.2121776], [55.2478525, 25.2121522], [55.2478995, 25.212114], [55.2479286, 25.2120864], [55.2479478, 25.212053], [55.2479557, 25.2120162], [55.247955, 25.2119788], [55.2479448, 25.2119426], [55.2479257, 25.2119094], [55.2477217, 25.2116567], [55.2475355, 25.2114594], [55.2474707, 25.2113793], [55.2474142, 25.2112942], [55.2473665, 25.2112048], [55.2473361, 25.2111495], [55.2473031, 25.2110954], [55.2472675, 25.2110428], [55.2468022, 25.2104269], [55.2467034, 25.2102955], [55.2466721, 25.2102538], [55.246481, 25.2099996], [55.2458521, 25.2091629], [55.2458341, 25.2091368], [55.2458207, 25.2091085], [55.2458121, 25.2090788], [55.2458086, 25.2090482], [55.2458103, 25.2089681]]}, "properties": {"class": "residential"}}, {"type": "Feature", "geometry": {"type": "LineString", "coordinates": [[55.2519899, 25.2096402], [55.2513723, 25.210044], [55.2506335, 25.2105149], [55.2500275, 25.2109105], [55.2493795, 25.2113168]]}, "properties": {"class": "residential"}}, {"type": "Feature", "geometry": {"type": "LineString", "coordinates": [[55.2508814, 25.2083535], [55.2508578, 25.2083514], [55.2508348, 25.2083463], [55.2507891, 25.2083251], [55.250753, 25.2082921], [55.2507302, 25.2082506], [55.2507228, 25.2082047], [55.2507316, 25.208159], [55.250739, 25.2081426], [55.2507564, 25.2081172], [55.2507792, 25.2080954], [55.2508064, 25.2080783], [55.2508368, 25.2080666], [55.2508692, 25.2080606], [55.2509023, 25.2080608], [55.2509302, 25.2080658], [55.250974, 25.208084], [55.2510099, 25.2081131], [55.2510348, 25.2081505], [55.2510465, 25.2081928], [55.2510439, 25.2082363], [55.2510355, 25.2082614], [55.2510106, 25.2082995], [55.2509743, 25.2083292], [55.2509299, 25.2083478], [55.2508814, 25.2083535]]}, "properties": {"class": "secondary"}}, {"type": "Feature", "geometry": {"type": "LineString", "coordinates": [[55.2576577, 25.2157533], [55.2583665, 25.2153676], [55.2587335, 25.2151679], [55.2588716, 25.2150941]]}, "properties": {"class": "residential"}}, {"type": "Feature", "geometry": {"type": "LineString", "coordinates": [[55.2487884, 25.2126816], [55.2488552, 25.2126869], [55.2489024, 25.212688], [55.2489496, 25.2126852], [55.2489846, 25.2126796], [55.2490586, 25.2126613]]}, "properties": {"class": "residential"}}, {"type": "Feature", "geometry": {"type": "LineString", "coordinates": [[55.2533553, 25.2097462], [55.2533141, 25.2097704], [55.2524934, 25.2102531], [55.252463, 25.210271]]}, "properties": {"class": "residential"}}, {"type": "Feature", "geometry": {"type": "LineString", "coordinates": [[55.2541453, 25.2135965], [55.2541732, 25.2136349], [55.254677, 25.2143275], [55.255153, 25.2149641]]}, "properties": {"class": "residential"}}, {"type": "Feature", "geometry": {"type": "LineString", "coordinates": [[55.2535679, 25.212761], [55.2535393, 25.2126956], [55.2535058, 25.2126321], [55.2534675, 25.2125709], [55.2532676, 25.2123014], [55.2528405, 25.2117255]]}, "properties": {"class": "residential"}}, {"type": "Feature", "geometry": {"type": "LineString", "coordinates": [[55.2542575, 25.2124584], [55.2548363, 25.2132475], [55.2554103, 25.2140209], [55.2558932, 25.2146668], [55.2562276, 25.2151295], [55.2567369, 25.2158342], [55.2572869, 25.2165731], [55.2578448, 25.2173279], [55.2583835, 25.2180498], [55.2586296, 25.2183876], [55.2594771, 25.2195364], [55.2599263, 25.220145]]}, "properties": {"class": "residential"}}, {"type": "Feature", "geometry": {"type": "LineString", "coordinates": [[55.2511546, 25.2085223], [55.2511712, 25.2085416], [55.2512071, 25.2085919], [55.2513852, 25.2088279], [55.2517401, 25.2093078], [55.2519899, 25.2096402], [55.2524324, 25.2102305], [55.252463, 25.210271], [55.2528814, 25.2108245], [55.2529032, 25.2108537], [55.2533294, 25.2114225]]}, "properties": {"class": "residential"}}, {"type": "Feature", "geometry": {"type": "LineString", "coordinates": [[55.2550782, 25.2103795], [55.2544037, 25.2107761], [55.2541719, 25.2109184], [55.2538539, 25.2111081], [55.2533294, 25.2114225], [55.2528405, 25.2117255], [55.2521539, 25.2121257], [55.2517729, 25.212356], [55.2513215, 25.212629], [55.2506689, 25.2130263]]}, "properties": {"class": "residential"}}, {"type": "Feature", "geometry": {"type": "LineString", "coordinates": [[55.2577059, 25.223229], [55.2576583, 25.2231656], [55.2576014, 25.2230941], [55.2573985, 25.2228333], [55.2565381, 25.221727], [55.2558373, 25.2208171], [55.2555072, 25.2203893], [55.2554861, 25.2203619], [55.2549071, 25.219616], [55.2548902, 25.2195942], [55.2544491, 25.2190165], [55.2537745, 25.2181457], [55.2537261, 25.2180851], [55.2530248, 25.2171814]]}, "properties": {"class": "residential"}}, {"type": "Feature", "geometry": {"type": "LineString", "coordinates": [[55.2508928, 25.2138928], [55.2509459, 25.2139592], [55.2510034, 25.2140225], [55.251065, 25.2140826], [55.2519692, 25.2149435]]}, "properties": {"class": "residential"}}, {"type": "Feature", "geometry": {"type": "LineString", "coordinates": [[55.2527406, 25.2088405], [55.2530383, 25.2092863], [55.2533553, 25.2097462], [55.2533972, 25.2098108], [55.2537486, 25.2103163], [55.2539682, 25.2106287], [55.2541158, 25.2108386], [55.2541719, 25.2109184]]}, "properties": {"class": "residential"}}, {"type": "Feature", "geometry": {"type": "LineString", "coordinates": [[55.2461588, 25.2107423], [55.2466868, 25.2104115]]}, "properties": {"class": "residential"}}, {"type": "Feature", "geometry": {"type": "LineString", "coordinates": [[55.2552243, 25.2157966], [55.2557698, 25.2165033], [55.2562788, 25.2171866]]}, "properties": {"class": "residential"}}, {"type": "Feature", "geometry": {"type": "LineString", "coordinates": [[55.2519786, 25.2076133], [55.2524871, 25.2073941], [55.2530138, 25.2071479]]}, "properties": {"class": "secondary"}}, {"type": "Feature", "geometry": {"type": "LineString", "coordinates": [[55.2502744, 25.2160758], [55.2491565, 25.21464], [55.2491413, 25.2146193], [55.2490498, 25.2144948], [55.2489764, 25.2143993], [55.2487976, 25.2141669], [55.2484938, 25.2137718], [55.2484713, 25.213732], [55.2484667, 25.2136883], [55.2484809, 25.2136447], [55.2485117, 25.2136098], [55.248918, 25.2133732]]}, "properties": {"class": "residential"}}, {"type": "Feature", "geometry": {"type": "LineString", "coordinates": [[55.2531926, 25.2151578], [55.2533333, 25.2150461], [55.2534783, 25.214939], [55.2536276, 25.2148368], [55.2537361, 25.2147747], [55.2538492, 25.2147199], [55.254677, 25.2143275]]}, "properties": {"class": "residential"}}, {"type": "Feature", "geometry": {"type": "LineString", "coordinates": [[55.2537745, 25.2181457], [55.2534009, 25.2183792], [55.2533761, 25.2184003], [55.2533559, 25.218425], [55.2533409, 25.2184527], [55.2533316, 25.2184823]]}, "properties": {"class": "residential"}}, {"type": "Feature", "geometry": {"type": "LineString", "coordinates": [[55.2508348, 25.2083463], [55.2507591, 25.2083548], [55.250684, 25.2083721], [55.2506113, 25.2083964], [55.2501498, 25.2086229], [55.2496289, 25.208872], [55.2491061, 25.2091005], [55.248573, 25.2093086], [55.2481877, 25.2094371], [55.2480279, 25.2094904], [55.2478648, 25.2095476], [55.2475803, 25.2096472]]}, "properties": {"class": "secondary"}}, {"type": "Feature", "geometry": {"type": "LineString", "coordinates": [[55.2576585, 25.2219112], [55.2585972, 25.2211357], [55.2589036, 25.2209182], [55.2592039, 25.2206947], [55.2593123, 25.2206137], [55.2599263, 25.220145], [55.2599704, 25.2201122], [55.2603861, 25.2197983], [55.2609986, 25.2193353], [55.2613587, 25.2190515]]}, "properties": {"class": "residential"}}, {"type": "Feature", "geometry": {"type": "LineString", "coordinates": [[55.2554298, 25.2126681], [55.2561171, 25.2122547], [55.2561778, 25.2122387], [55.2562411, 25.21224], [55.256301, 25.2122585], [55.256352, 25.2122924]]}, "properties": {"class": "residential"}}, {"type": "Feature", "geometry": {"type": "LineString", "coordinates": [[55.2541016, 25.2153947], [55.2541823, 25.2153464], [55.2542118, 25.2153297], [55.25425, 25.215313], [55.255153, 25.2149641], [55.2557423, 25.2147315], [55.2558117, 25.2147036], [55.2558932, 25.2146668]]}, "properties": {"class": "residential"}}, {"type": "Feature", "geometry": {"type": "LineString", "coordinates": [[55.2543225, 25.2163661], [55.2550128, 25.2172688], [55.2553854, 25.2177269], [55.2557579, 25.2182195], [55.2561936, 25.2187785], [55.2562436, 25.2188426]]}, "properties": {"class": "residential"}}, {"type": "Feature", "geometry": {"type": "LineString", "coordinates": [[55.2586296, 25.2183876], [55.257955, 25.2188205], [55.2578767, 25.2188707], [55.2572915, 25.2192265], [55.256153, 25.2199548], [55.2554861, 25.2203619]]}, "properties": {"class": "residential"}}, {"type": "Feature", "geometry": {"type": "LineString", "coordinates": [[55.2516079, 25.2163647], [55.251707, 25.2163781], [55.2517337, 25.2163801], [55.2517603, 25.2163782], [55.2517939, 25.2163701], [55.251825, 25.2163561], [55.2518516, 25.216336], [55.2518774, 25.2163138], [55.2521288, 25.2160974], [55.2522037, 25.2160309], [55.2525448, 25.215728], [55.2528851, 25.2154208], [55.2529591, 25.2153542], [55.2530571, 25.2152645], [55.2531926, 25.2151578]]}, "properties": {"class": "residential"}}, {"type": "Feature", "geometry": {"type": "LineString", "coordinates": [[55.2544698, 25.2176242], [55.255179, 25.2185756]]}, "properties": {"class": "residential"}}, {"type": "Feature", "geometry": {"type": "LineString", "coordinates": [[55.2522482, 25.2131571], [55.2530574, 25.2141217]]}, "properties": {"class": "residential"}}, {"type": "Feature", "geometry": {"type": "LineString", "coordinates": [[55.2561825, 25.2235458], [55.256217, 25.223523], [55.2565569, 25.2232986]]}, "properties": {"class": "residential"}}, {"type": "Feature", "geometry": {"type": "LineString", "coordinates": [[55.2499132, 25.2144346], [55.2500693, 25.2143467], [55.2501652, 25.2142927], [55.25023, 25.2142527], [55.2506901, 25.2139757], [55.2507373, 25.2139469], [55.2507883, 25.2139239], [55.2508423, 25.2139073], [55.2508928, 25.2138928]]}, "properties": {"class": "tertiary"}}, {"type": "Feature", "geometry": {"type": "LineString", "coordinates": [[55.2550128, 25.2172688], [55.2547046, 25.2174705], [55.2544698, 25.2176242], [55.2537261, 25.2180851]]}, "properties": {"class": "residential"}}, {"type": "Feature", "geometry": {"type": "LineString", "coordinates": [[55.2583685, 25.2139076], [55.2583198, 25.2138983], [55.25827, 25.2138952], [55.2582203, 25.2138981], [55.2581714, 25.2139071]]}, "properties": {"class": "residential"}}, {"type": "Feature", "geometry": {"type": "LineString", "coordinates": [[55.2537486, 25.2103163], [55.2536505, 25.2103738], [55.252947, 25.210786], [55.2528814, 25.2108245]]}, "properties": {"class": "residential"}}, {"type": "Feature", "geometry": {"type": "LineString", "coordinates": [[55.2504343, 25.2114732], [55.2513598, 25.210929], [55.2524324, 25.2102305]]}, "properties": {"class": "residential"}}, {"type": "Feature", "geometry": {"type": "LineString", "coordinates": [[55.2507466, 25.2042115], [55.2500858, 25.2045996]]}, "properties": {"class": "residential"}}, {"type": "Feature", "geometry": {"type": "LineString", "coordinates": [[55.2466141, 25.1981826], [55.2458587, 25.1986307], [55.2457378, 25.1987024]]}, "properties": {"class": "residential"}}, {"type": "Feature", "geometry": {"type": "LineString", "coordinates": [[55.2423557, 25.2014849], [55.2423953, 25.2015375], [55.2431956, 25.2025988], [55.2440908, 25.203786], [55.2445828, 25.2044239], [55.2446345, 25.2044909], [55.244791, 25.2046996], [55.2454341, 25.2055577], [55.245765, 25.2059955], [55.2458214, 25.20607]]}, "properties": {"class": "residential"}}, {"type": "Feature", "geometry": {"type": "LineString", "coordinates": [[55.2451254, 25.2077812], [55.2452363, 25.2078292], [55.2452696, 25.2078493], [55.2452988, 25.2078742], [55.2453233, 25.2079028], [55.2454361, 25.208042], [55.2454578, 25.2080657], [55.2454819, 25.2080875], [55.2455083, 25.2081069], [55.2455258, 25.2081233], [55.2455392, 25.2081421], [55.2456414, 25.2082914], [55.2456684, 25.2083269], [55.245691, 25.2083647], [55.2457092, 25.2084045], [55.2457265, 25.2084471], [55.2457475, 25.2084882], [55.2457722, 25.2085277], [55.2464228, 25.2094138], [55.2464475, 25.2094577], [55.2464676, 25.2095036], [55.2464828, 25.2095509], [55.2465363, 25.2097311]]}, "properties": {"class": "residential"}}, {"type": "Feature", "geometry": {"type": "LineString", "coordinates": [[55.2533557, 25.2065193], [55.2532793, 25.2065205], [55.2532607, 25.2065188], [55.2532431, 25.2065132], [55.2532276, 25.2065039], [55.2532151, 25.2064914], [55.2527102, 25.2057397], [55.2518784, 25.2045261], [55.2516158, 25.2041546], [55.2512041, 25.20356], [55.2503435, 25.2023213], [55.2502109, 25.2021305], [55.2501808, 25.2020923], [55.2501431, 25.2020517], [55.2500958, 25.2020039], [55.2500547, 25.2019516], [55.2500204, 25.2018954], [55.2499932, 25.2018361], [55.2499468, 25.2017475], [55.2497113, 25.2014153]]}, "properties": {"class": "residential"}}, {"type": "Feature", "geometry": {"type": "LineString", "coordinates": [[55.2467376, 25.1970216], [55.2466837, 25.197013], [55.2466291, 25.1970106], [55.2465745, 25.1970144], [55.2465199, 25.1970237]]}, "properties": {"class": "residential"}}, {"type": "Feature", "geometry": {"type": "LineString", "coordinates": [[55.2488739, 25.2069744], [55.2487983, 25.2070209], [55.2466877, 25.2083181], [55.246604, 25.2083696]]}, "properties": {"class": "residential"}}, {"type": "Feature", "geometry": {"type": "LineString", "coordinates": [[55.2471724, 25.1989833], [55.246961, 25.1986697], [55.2466141, 25.1981826], [55.2465773, 25.1981335], [55.2462124, 25.1976046], [55.2461906, 25.1975721]]}, "properties": {"class": "residential"}}, {"type": "Feature", "geometry": {"type": "LineString", "coordinates": [[55.2506388, 25.2078796], [55.2498037, 25.2067802], [55.249541, 25.2064344], [55.2486489, 25.2052659], [55.2482548, 25.2047407], [55.2479722, 25.204368], [55.2479037, 25.2042777], [55.2476265, 25.203922], [55.2474506, 25.2036873], [55.2472867, 25.2034733], [55.2472399, 25.2034107], [55.2468269, 25.2028581], [55.2467949, 25.2028153]]}, "properties": {"class": "residential"}}, {"type": "Feature", "geometry": {"type": "LineString", "coordinates": [[55.2451355, 25.1978239], [55.2453428, 25.198121], [55.2457378, 25.1987024], [55.2458541, 25.198865], [55.2464599, 25.1997124]]}, "properties": {"class": "residential"}}, {"type": "Feature", "geometry": {"type": "LineString", "coordinates": [[55.2483809, 25.200845], [55.2482662, 25.2009171], [55.2467608, 25.2018634], [55.2467061, 25.2018978], [55.2454128, 25.2027108]]}, "properties": {"class": "residential"}}, {"type": "Feature", "geometry": {"type": "LineString", "coordinates": [[55.2484319, 25.2063749], [55.2483383, 25.2064335], [55.2462345, 25.20775], [55.246154, 25.2078004]]}, "properties": {"class": "residential"}}, {"type": "Feature", "geometry": {"type": "LineString", "coordinates": [[55.2488743, 25.2015066], [55.2488264, 25.2014424], [55.2483809, 25.200845], [55.2481331, 25.2005186], [55.2479286, 25.2002565], [55.2475548, 25.1997776], [55.2475204, 25.19975], [55.2474762, 25.1997293]]}, "properties": {"class": "residential"}}, {"type": "Feature", "geometry": {"type": "LineString", "coordinates": [[55.2518722, 25.2071353], [55.2518317, 25.2070784], [55.2512845, 25.2063105], [55.2510217, 25.2059394], [55.2506157, 25.2053598], [55.2502224, 25.2047956], [55.2500858, 25.2045996], [55.2486836, 25.2025946]]}, "properties": {"class": "residential"}}, {"type": "Feature", "geometry": {"type": "LineString", "coordinates": [[55.2494457, 25.2008921], [55.2493675, 25.2008644], [55.2493447, 25.2008532], [55.2493237, 25.2008394], [55.2493048, 25.2008233], [55.2492884, 25.200805], [55.2487934, 25.2001186], [55.2481424, 25.1991705], [55.2481266, 25.199139], [55.2481164, 25.1991057], [55.2481119, 25.1990714], [55.2481181, 25.1989651]]}, "properties": {"class": "residential"}}, {"type": "Feature", "geometry": {"type": "LineString", "coordinates": [[55.2479722, 25.204368], [55.2478758, 25.2044281], [55.2472462, 25.2048209]]}, "properties": {"class": "residential"}}, {"type": "Feature", "geometry": {"type": "LineString", "coordinates": [[55.2502612, 25.2059815], [55.2501547, 25.2060485], [55.2496121, 25.2063897], [55.249541, 25.2064344]]}, "properties": {"class": "residential"}}, {"type": "Feature", "geometry": {"type": "LineString", "coordinates": [[55.2449749, 25.2021297], [55.2460278, 25.2014621], [55.2463152, 25.2012797], [55.2468288, 25.200954], [55.2478224, 25.2003239], [55.2479286, 25.2002565]]}, "properties": {"class": "residential"}}, {"type": "Feature", "geometry": {"type": "LineString", "coordinates": [[55.2496001, 25.2011246], [55.2495532, 25.2011347], [55.2495187, 25.2011426], [55.2494851, 25.2011531], [55.2494527, 25.2011664], [55.2493141, 25.2012376]]}, "properties": {"class": "residential"}}, {"type": "Feature", "geometry": {"type": "LineString", "coordinates": [[55.2388411, 25.195401], [55.2390173, 25.1956354], [55.2394917, 25.1962642], [55.2395234, 25.1963062], [55.2404952, 25.1975953], [55.2406967, 25.1978613], [55.2412749, 25.1986288], [55.2415117, 25.1989431], [55.2420949, 25.1997238], [55.2425924, 25.2003581], [55.2426207, 25.2003973], [55.2427376, 25.2005591], [55.2430816, 25.2010336], [55.2435422, 25.2016401], [55.2441554, 25.2024492], [55.2451477, 25.2037659], [55.2451955, 25.2038292], [55.2452981, 25.2039627], [55.245331, 25.2040055], [55.2453749, 25.2040636], [55.2455057, 25.2042344], [55.2456635, 25.2044405], [55.2460287, 25.2049302], [55.2461566, 25.2050963], [55.2465439, 25.2056197], [55.2470018, 25.2062052], [55.247052, 25.2062693]]}, "properties": {"class": "residential"}}, {"type": "Feature", "geometry": {"type": "LineString", "coordinates": [[55.2472867, 25.2034733], [55.2480143, 25.2030232], [55.2486836, 25.2025946], [55.2491886, 25.2022801], [55.2492428, 25.2022594], [55.2493012, 25.2022568], [55.249357, 25.2022728]]}, "properties": {"class": "residential"}}, {"type": "Feature", "geometry": {"type": "LineString", "coordinates": [[55.2480545, 25.1988635], [55.2480019, 25.1988542], [55.2479487, 25.1988491], [55.2478952, 25.1988481], [55.2478418, 25.1988513], [55.2478112, 25.1988551]]}, "properties": {"class": "residential"}}, {"type": "Feature", "geometry": {"type": "LineString", "coordinates": [[55.2480143, 25.2030232], [55.248628, 25.2038384], [55.2489703, 25.2042901], [55.2500541, 25.2057022], [55.2502612, 25.2059815], [55.2504889, 25.2062778], [55.2507579, 25.2066278], [55.2513395, 25.2073988], [55.2515166, 25.2076348]]}, "properties": {"class": "residential"}}, {"type": "Feature", "geometry": {"type": "LineString", "coordinates": [[55.2456776, 25.2071329], [55.2457365, 25.2072154], [55.246154, 25.2078004], [55.246604, 25.2083696], [55.2469699, 25.2088525], [55.2470131, 25.2088912], [55.2470698, 25.2089115], [55.2471388, 25.2089081], [55.2471991, 25.2088772], [55.2490903, 25.2076998], [55.2492102, 25.2076252], [55.249245, 25.2075982], [55.2492645, 25.2075607], [55.2492654, 25.2075192]]}, "properties": {"class": "residential"}}, {"type": "Feature", "geometry": {"type": "LineString", "coordinates": [[55.2465028, 25.1966647], [55.2463947, 25.1966081], [55.2463606, 25.1965814], [55.2463293, 25.196552], [55.2463013, 25.1965201], [55.2455646, 25.1954533], [55.2455307, 25.1954059], [55.245493, 25.1953608], [55.2454517, 25.1953183], [55.2454135, 25.1952783], [55.2453773, 25.1952368], [55.2453431, 25.195194], [55.245203, 25.194988], [55.2451873, 25.1949561], [55.2451777, 25.1949223], [55.2451744, 25.1948806], [55.2451862, 25.1947997]]}, "properties": {"class": "residential"}}, {"type": "Feature", "geometry": {"type": "LineString", "coordinates": [[55.2460287, 25.2049302], [55.2461079, 25.2048806], [55.2466876, 25.2045173], [55.247549, 25.2039711], [55.2476265, 25.203922]]}, "properties": {"class": "residential"}}, {"type": "Feature", "geometry": {"type": "LineString", "coordinates": [[55.2473785, 25.1804461], [55.2471801, 25.1805896], [55.2471304, 25.180625], [55.2465606, 25.1810401], [55.2465116, 25.181076], [55.2460807, 25.1814052], [55.2458327, 25.1816056]]}, "properties": {"class": "residential"}}, {"type": "Feature", "geometry": {"type": "LineString", "coordinates": [[55.2511379, 25.1793904], [55.2510588, 25.1794589], [55.2509756, 25.1795339], [55.2508997, 25.179615], [55.2508315, 25.1797015], [55.2507715, 25.1797928], [55.2507241, 25.1798896], [55.2506763, 25.1799944], [55.2506297, 25.1800994], [55.2505802, 25.1802033], [55.2505279, 25.1803062], [55.2504729, 25.1804078], [55.2504143, 25.1805076]]}, "properties": {"class": "secondary"}}, {"type": "Feature", "geometry": {"type": "LineString", "coordinates": [[55.2480672, 25.1811718], [55.2481736, 25.1810868], [55.2482758, 25.1809977], [55.2483737, 25.1809047], [55.2484671, 25.180808], [55.2485557, 25.1807077], [55.2487132, 25.180497], [55.2487765, 25.1804055], [55.2488355, 25.1803117], [55.2489149, 25.1801873]]}, "properties": {"class": "secondary"}}, {"type": "Feature", "geometry": {"type": "LineString", "coordinates": [[55.2438736, 25.1908664], [55.2439856, 25.1908008], [55.244634, 25.1904209], [55.2453996, 25.1899724], [55.247341, 25.1888586], [55.2475976, 25.1887196], [55.2478256, 25.188596]]}, "properties": {"class": "residential"}}, {"type": "Feature", "geometry": {"type": "LineString", "coordinates": [[55.2496088, 25.1810621], [55.2494733, 25.181096], [55.249336, 25.1811231], [55.2491972, 25.1811435], [55.2490574, 25.1811569], [55.2489171, 25.1811695], [55.2488141, 25.1811837], [55.2487128, 25.1812089], [55.2486138, 25.1812407], [55.2485176, 25.1812789], [55.2484307, 25.1813246], [55.2483411, 25.1813769], [55.2480112, 25.1816052]]}, "properties": {"class": "secondary"}}, {"type": "Feature", "geometry": {"type": "LineString", "coordinates": [[55.2529193, 25.1889396], [55.2530286, 25.1890561], [55.2534489, 25.1895077], [55.2537565, 25.1898374]]}, "properties": {"class": "residential"}}, {"type": "Feature", "geometry": {"type": "LineString", "coordinates": [[55.2461634, 25.181969], [55.2458327, 25.1816056], [55.2453596, 25.1810856], [55.2442827, 25.1799019], [55.2442388, 25.1798537], [55.244189, 25.179799], [55.2440879, 25.1796879], [55.2436511, 25.1792078], [55.2434644, 25.1790026], [55.2433462, 25.1788727], [55.243, 25.1784921], [55.242957, 25.1784449], [55.2427118, 25.1781754], [55.2425848, 25.1780358], [55.242243, 25.1776601], [55.2422049, 25.1776182], [55.2418453, 25.177223]]}, "properties": {"class": "residential"}}, {"type": "Feature", "geometry": {"type": "LineString", "coordinates": [[55.2437289, 25.1768819], [55.2446869, 25.1779162], [55.2449134, 25.1781606], [55.2452679, 25.1785433], [55.2453125, 25.1785914], [55.2458456, 25.1791669], [55.246987, 25.180399]]}, "properties": {"class": "residential"}}, {"type": "Feature", "geometry": {"type": "LineString", "coordinates": [[55.2511215, 25.1926616], [55.2510673, 25.1926599], [55.2510356, 25.1926555], [55.2510161, 25.192648], [55.251006, 25.1926441], [55.2509805, 25.1926264], [55.2509607, 25.1926035], [55.2504444, 25.1918468], [55.2503315, 25.1916896], [55.2498916, 25.1910785], [55.2498758, 25.1910546], [55.2498663, 25.1910282], [55.2498636, 25.1910005], [55.2498677, 25.190973], [55.2498961, 25.1908947]]}, "properties": {"class": "residential"}}, {"type": "Feature", "geometry": {"type": "LineString", "coordinates": [[55.2583379, 25.190662], [55.2580771, 25.1903789], [55.2579715, 25.1902647], [55.2573627, 25.1896059], [55.2573103, 25.1895478], [55.2569754, 25.1891823], [55.2566688, 25.1888534], [55.2561537, 25.1882827]]}, "properties": {"class": "tertiary"}}, {"type": "Feature", "geometry": {"type": "LineString", "coordinates": [[55.2883665, 25.195167], [55.2885628, 25.1950375], [55.2887624, 25.194912], [55.2889651, 25.1947909], [55.289171, 25.194674], [55.2893797, 25.1945615], [55.2895302, 25.1944762], [55.2896862, 25.1943994], [55.289847, 25.1943312], [55.2899887, 25.1942796], [55.2901331, 25.1942348], [55.29028, 25.1941969], [55.2904079, 25.1941667], [55.2905344, 25.1941322], [55.2906594, 25.1940933], [55.2908091, 25.1940401], [55.290956, 25.1939807], [55.2910996, 25.1939151], [55.2912403, 25.1938437], [55.2913774, 25.1937668], [55.2915107, 25.1936845], [55.2916398, 25.193597], [55.2917831, 25.1934897], [55.29192, 25.1933758], [55.2920501, 25.1932556], [55.292156, 25.1931466], [55.2922557, 25.193033], [55.2923491, 25.1929151], [55.2924531, 25.1927719], [55.29255, 25.1926247], [55.2925962, 25.1925499], [55.2926398, 25.1924738], [55.2927125, 25.192332], [55.2927762, 25.1921866], [55.2928305, 25.1920382], [55.2928869, 25.1918664], [55.2929367, 25.191693], [55.293103, 25.1911402], [55.2932803, 25.1905798], [55.2933602, 25.1903446], [55.2933952, 25.1902381], [55.2934254, 25.1901304], [55.2934542, 25.190005]]}, "properties": {"class": "trunk"}}, {"type": "Feature", "geometry": {"type": "LineString", "coordinates": [[55.2698958, 25.205401], [55.2685759, 25.2060423], [55.2681237, 25.2062723], [55.2680067, 25.2063317], [55.2676366, 25.206551]]}, "properties": {"class": "primary"}}, {"type": "Feature", "geometry": {"type": "LineString", "coordinates": [[55.269835, 25.2053007], [55.2705867, 25.2048895], [55.2713381, 25.2044696], [55.2728567, 25.2036539]]}, "properties": {"class": "primary"}}, {"type": "Feature", "geometry": {"type": "LineString", "coordinates": [[55.2817569, 25.2051413], [55.282505, 25.2050419], [55.2828092, 25.2050005], [55.2839923, 25.2048395]]}, "properties": {"class": "residential"}}, {"type": "Feature", "geometry": {"type": "LineString", "coordinates": [[55.2878684, 25.2017357], [55.2879582, 25.202269], [55.2879825, 25.2024132], [55.2880534, 25.2028342], [55.2881262, 25.2032661], [55.2881759, 25.2035609], [55.2882011, 25.2037108], [55.288357, 25.2046363], [55.2885894, 25.2059357], [55.2886567, 25.206312], [55.2888134, 25.2072215], [55.2888988, 25.2077174]]}, "properties": {"class": "residential"}}, {"type": "Feature", "geometry": {"type": "LineString", "coordinates": [[55.293163, 25.2059244], [55.292275, 25.2060334], [55.2917705, 25.2060995], [55.2914099, 25.2061475], [55.2913286, 25.2061594], [55.2911884, 25.2061799], [55.2910747, 25.206194], [55.2909602, 25.2062009], [55.2908455, 25.2062005], [55.2907311, 25.2061928], [55.2906175, 25.2061779], [55.2905054, 25.2061558], [55.2904459, 25.2061416], [55.2903704, 25.2061295], [55.2903244, 25.2061244], [55.290256, 25.2061214], [55.2901874, 25.206123], [55.2901422, 25.2061272], [55.2892272, 25.2062407], [55.2886567, 25.206312]]}, "properties": {"class": "residential"}}, {"type": "Feature", "geometry": {"type": "LineString", "coordinates": [[55.2909516, 25.2013147], [55.2910428, 25.2018474], [55.2911533, 25.202493], [55.2911604, 25.2025349], [55.2912668, 25.2031565], [55.2913624, 25.203715], [55.2914539, 25.2042496], [55.2915458, 25.2047861], [55.2916661, 25.2054889], [55.2916816, 25.2055795], [55.2917705, 25.2060995]]}, "properties": {"class": "residential"}}, {"type": "Feature", "geometry": {"type": "LineString", "coordinates": [[55.2903244, 25.2061244], [55.2902371, 25.2056158], [55.290131, 25.2049939], [55.290033, 25.2044191], [55.2899432, 25.2038928], [55.2898483, 25.2033441], [55.2897651, 25.2028626], [55.2897612, 25.2028156], [55.2897745, 25.2027701], [55.2898036, 25.202731], [55.2898453, 25.2027027], [55.289895, 25.2026884], [55.2904386, 25.2026157], [55.291017, 25.2025383]]}, "properties": {"class": "residential"}}, {"type": "Feature", "geometry": {"type": "LineString", "coordinates": [[55.2879582, 25.202269], [55.2883937, 25.2022095], [55.288863, 25.2021453], [55.288955, 25.2021328], [55.2910428, 25.2018474]]}, "properties": {"class": "residential"}}, {"type": "Feature", "geometry": {"type": "LineString", "coordinates": [[55.2847095, 25.2011278], [55.2857886, 25.200973], [55.2868664, 25.2008183], [55.287531, 25.200723], [55.2885388, 25.2005784], [55.2909731, 25.2002293], [55.2920494, 25.200075]]}, "properties": {"class": "residential"}}, {"type": "Feature", "geometry": {"type": "LineString", "coordinates": [[55.2857886, 25.200973], [55.2856298, 25.2000429], [55.2855641, 25.1996582], [55.2855575, 25.199567], [55.2855807, 25.1994781], [55.2856316, 25.1993993], [55.2857058, 25.1993373], [55.2863722, 25.1989814], [55.2895182, 25.1972992], [55.2898229, 25.1971363]]}, "properties": {"class": "residential"}}, {"type": "Feature", "geometry": {"type": "LineString", "coordinates": [[55.2887171, 25.2016185], [55.2885388, 25.2005784]]}, "properties": {"class": "residential"}}, {"type": "Feature", "geometry": {"type": "LineString", "coordinates": [[55.2824333, 25.2010772], [55.2823997, 25.2011063], [55.2823709, 25.2011394], [55.2823474, 25.2011757], [55.2823298, 25.2012147], [55.2823182, 25.2012555]]}, "properties": {"class": "residential"}}, {"type": "Feature", "geometry": {"type": "LineString", "coordinates": [[55.2836523, 25.2004302], [55.2838426, 25.2016058]]}, "properties": {"class": "residential"}}, {"type": "Feature", "geometry": {"type": "LineString", "coordinates": [[55.2879825, 25.2024132], [55.2874707, 25.202488], [55.2866419, 25.2026092], [55.2858865, 25.2027196], [55.2858435, 25.2027268], [55.2858086, 25.2027507], [55.2857891, 25.2027861], [55.2857893, 25.2028257], [55.2858424, 25.2031511], [55.2858794, 25.2033567], [55.2859203, 25.2035833], [55.2859732, 25.2038774], [55.2859832, 25.2039185], [55.2859966, 25.2039589], [55.2860134, 25.2039982], [55.286031, 25.2040343], [55.2860549, 25.2040756], [55.2860818, 25.2041123], [55.2861137, 25.2041455], [55.28615, 25.2041747], [55.2861661, 25.2042028], [55.2861773, 25.2042328], [55.2861832, 25.204264], [55.2862155, 25.2044534], [55.286215, 25.2044801], [55.2862055, 25.2045054], [55.286188, 25.2045268], [55.2861641, 25.2045424], [55.286136, 25.2045506], [55.2859541, 25.204579], [55.2849662, 25.2047337], [55.2847116, 25.2047735], [55.2840001, 25.2048849]]}, "properties": {"class": "residential"}}, {"type": "Feature", "geometry": {"type": "LineString", "coordinates": [[55.2880534, 25.2028342], [55.2875415, 25.2029076], [55.2867165, 25.2030258], [55.2858424, 25.2031511]]}, "properties": {"class": "residential"}}, {"type": "Feature", "geometry": {"type": "LineString", "coordinates": [[55.2881262, 25.2032661], [55.2876143, 25.2033397], [55.2867874, 25.2034586], [55.2859203, 25.2035833]]}, "properties": {"class": "residential"}}, {"type": "Feature", "geometry": {"type": "LineString", "coordinates": [[55.286031, 25.2040343], [55.2868617, 25.2039122], [55.2876898, 25.2037877], [55.2882011, 25.2037108]]}, "properties": {"class": "residential"}}, {"type": "Feature", "geometry": {"type": "LineString", "coordinates": [[55.2620255, 25.1997806], [55.2623363, 25.1995477], [55.2624657, 25.1994507], [55.262606, 25.1993437], [55.2630106, 25.1990386], [55.2630403, 25.1989988], [55.2630504, 25.1989536], [55.2630433, 25.198908], [55.2630196, 25.1988672], [55.2625588, 25.1983736]]}, "properties": {"class": "residential"}}, {"type": "Feature", "geometry": {"type": "LineString", "coordinates": [[55.2655774, 25.2001781], [55.2658416, 25.199994], [55.2661624, 25.1997704]]}, "properties": {"class": "residential"}}, {"type": "Feature", "geometry": {"type": "LineString", "coordinates": [[55.2778276, 25.2011619], [55.2778931, 25.20126]]}, "properties": {"class": "primary"}}, {"type": "Feature", "geometry": {"type": "LineString", "coordinates": [[55.2786416, 25.2044476], [55.2786154, 25.2043792], [55.2785929, 25.2043098], [55.2785731, 25.2042349], [55.2785649, 25.2041901], [55.2785123, 25.2039849], [55.2783994, 25.2034577], [55.2783899, 25.2034033], [55.2783329, 25.2030784], [55.2783116, 25.2029499], [55.2782833, 25.2028224], [55.2782481, 25.2026964], [55.2782061, 25.2025721], [55.2781573, 25.2024499]]}, "properties": {"class": "primary"}}, {"type": "Feature", "geometry": {"type": "LineString", "coordinates": [[55.2680502, 25.2116438], [55.2679085, 25.211475], [55.2677058, 25.2112054], [55.2675959, 25.2110593], [55.2675777, 25.2110351], [55.2675306, 25.2109725], [55.2674995, 25.2109325], [55.2674756, 25.2108944], [55.2670577, 25.2103427], [55.2669025, 25.2101339], [55.2666249, 25.2097791], [55.2663617, 25.2094128], [55.2661132, 25.2090389]]}, "properties": {"class": "residential"}}, {"type": "Feature", "geometry": {"type": "LineString", "coordinates": [[55.2656277, 25.2081389], [55.2657591, 25.2082954], [55.2661671, 25.2088702]]}, "properties": {"class": "residential"}}, {"type": "Feature", "geometry": {"type": "LineString", "coordinates": [[55.2712211, 25.209044], [55.2710932, 25.2091032]]}, "properties": {"class": "residential"}}, {"type": "Feature", "geometry": {"type": "LineString", "coordinates": [[55.2704164, 25.2093254], [55.2709188, 25.2090725], [55.2709555, 25.209054], [55.2710275, 25.2090157]]}, "properties": {"class": "residential"}}, {"type": "Feature", "geometry": {"type": "LineString", "coordinates": [[55.2773684, 25.201188], [55.2773138, 25.2011044], [55.2772919, 25.2010704], [55.2772704, 25.2010419], [55.2772688, 25.2010396], [55.276929, 25.2005568], [55.2768655, 25.2004676], [55.2767963, 25.200382], [55.2767196, 25.2003018], [55.2766361, 25.2002274], [55.2765462, 25.2001593], [55.2764499, 25.2000988], [55.2762652, 25.1999993], [55.2757087, 25.1997849], [55.2756033, 25.1997455], [55.275496, 25.1997103], [55.2753871, 25.1996794], [55.2752768, 25.1996529], [55.2742252, 25.1994032], [55.2735637, 25.1992416], [55.2735499, 25.1992382], [55.2733442, 25.199184], [55.2727804, 25.1990211], [55.272605, 25.1989613], [55.2724327, 25.1988946], [55.2722907, 25.1988336], [55.2722835, 25.1988304], [55.2720685, 25.1987327]]}, "properties": {"class": "primary"}}, {"type": "Feature", "geometry": {"type": "LineString", "coordinates": [[55.2777203, 25.2010014], [55.2777524, 25.2010495]]}, "properties": {"class": "primary"}}, {"type": "Feature", "geometry": {"type": "LineString", "coordinates": [[55.2934542, 25.190005], [55.2935247, 25.1896977]]}, "properties": {"class": "trunk"}}, {"type": "Feature", "geometry": {"type": "LineString", "coordinates": [[55.2913068, 25.194205], [55.2911093, 25.1943051], [55.2909079, 25.1943985], [55.2907027, 25.1944838], [55.29034, 25.1946147], [55.290188, 25.1946697], [55.2900382, 25.1947296], [55.2896044, 25.1949189]]}, "properties": {"class": "primary"}}, {"type": "Feature", "geometry": {"type": "LineString", "coordinates": [[55.2934175, 25.1918353], [55.2948402, 25.1936748], [55.2950853, 25.1939871], [55.2953405, 25.1943123], [55.295721, 25.1947662], [55.2961627, 25.1952495], [55.2965458, 25.1956436], [55.2969271, 25.1960038]]}, "properties": {"class": "motorway"}}, {"type": "Feature", "geometry": {"type": "LineString", "coordinates": [[55.2967138, 25.1961672], [55.296329, 25.1958033], [55.2961732, 25.1956569], [55.2960226, 25.195506], [55.2958746, 25.1953531], [55.2957292, 25.1951983], [55.2955892, 25.1950394], [55.2954533, 25.1948775], [55.2950876, 25.1944391], [55.2942465, 25.1933646]]}, "properties": {"class": "motorway"}}, {"type": "Feature", "geometry": {"type": "LineString", "coordinates": [[55.2753764, 25.2024641], [55.2749966, 25.2027715], [55.274949, 25.2028141], [55.2749113, 25.2028642], [55.2748847, 25.2029198], [55.2748704, 25.202979], [55.2748688, 25.2030396], [55.27488, 25.2030994], [55.2749035, 25.2031561], [55.2749914, 25.2032692]]}, "properties": {"class": "tertiary"}}, {"type": "Feature", "geometry": {"type": "LineString", "coordinates": [[55.2735076, 25.2048246], [55.2735954, 25.2049041], [55.2736362, 25.2049385], [55.273683, 25.204966], [55.2737344, 25.2049857], [55.2737888, 25.204997], [55.2738445, 25.2049996], [55.2738999, 25.2049934], [55.2739978, 25.2049675], [55.2741025, 25.2049359], [55.2741952, 25.204902], [55.274292, 25.2048574], [55.2743864, 25.2048089], [55.2746033, 25.2046966], [55.2747097, 25.2046425], [55.2749257, 25.2045392], [55.2750229, 25.2044925], [55.2752505, 25.2043804], [55.27532, 25.2043462], [55.275346, 25.2043334], [55.2754422, 25.2042871], [55.2754991, 25.2042585], [55.2755646, 25.2042313], [55.2756818, 25.2041764], [55.2757619, 25.2041511], [55.2758518, 25.2041223], [55.276038, 25.2040841], [55.2762263, 25.2040528], [55.276416, 25.2040286], [55.2770722, 25.2039433], [55.2770958, 25.2039409], [55.2771217, 25.2039383], [55.2777709, 25.2038312], [55.2778497, 25.2038155], [55.2779278, 25.2037973], [55.27802, 25.2037722], [55.2780665, 25.2037576], [55.2781109, 25.2037437], [55.278184, 25.2037225], [55.2782292, 25.2037085], [55.2782746, 25.2036857], [55.278311, 25.2036567], [55.2783411, 25.2036224], [55.278364, 25.203584], [55.2783815, 25.2035433], [55.2783934, 25.203501], [55.2783994, 25.2034577]]}, "properties": {"class": "tertiary"}}, {"type": "Feature", "geometry": {"type": "LineString", "coordinates": [[55.2654818, 25.1947621], [55.2655229, 25.1948095], [55.2655584, 25.1948606], [55.2655877, 25.1949147], [55.2656106, 25.1949713], [55.2656268, 25.1950298]]}, "properties": {"class": "residential"}}, {"type": "Feature", "geometry": {"type": "LineString", "coordinates": [[55.2793948, 25.1945039], [55.2794296, 25.1944714], [55.2794604, 25.1944357], [55.2794866, 25.1943971], [55.2795117, 25.1943564], [55.2799255, 25.193683], [55.2800082, 25.1935558], [55.2801135, 25.1933934]]}, "properties": {"class": "tertiary"}}, {"type": "Feature", "geometry": {"type": "LineString", "coordinates": [[55.2775293, 25.1882681], [55.2775002, 25.1883182], [55.2774573, 25.1883594], [55.2774038, 25.1883887], [55.2773436, 25.188404], [55.2773022, 25.1884058], [55.2772611, 25.1884009], [55.2772129, 25.1883859], [55.2771695, 25.1883618], [55.2771329, 25.1883296], [55.2771051, 25.1882909], [55.2770837, 25.1882324], [55.277082, 25.1881708], [55.2771002, 25.1881114], [55.2771402, 25.1880559], [55.2771974, 25.1880144], [55.2772661, 25.1879912], [55.2773045, 25.1879872], [55.2773432, 25.187989], [55.2774002, 25.188003], [55.2774515, 25.1880295], [55.2774936, 25.188067], [55.2775239, 25.1881128], [55.2775403, 25.1881636], [55.2775422, 25.1882165], [55.2775293, 25.1882681]]}, "properties": {"class": "tertiary"}}, {"type": "Feature", "geometry": {"type": "LineString", "coordinates": [[55.2802117, 25.1934543], [55.2801109, 25.193616]]}, "properties": {"class": "tertiary"}}, {"type": "Feature", "geometry": {"type": "LineString", "coordinates": [[55.2849839, 25.1948371], [55.2849008, 25.1947291], [55.2848509, 25.1946714], [55.2847782, 25.1945877], [55.2847085, 25.1945009], [55.2846226, 25.194398], [55.2845306, 25.1942996], [55.2844322, 25.1942063], [55.2843418, 25.194125], [55.284249, 25.1940459], [55.2841537, 25.1939674], [55.2839621, 25.1938127], [55.283761, 25.1936682], [55.2835511, 25.1935344], [55.283333, 25.1934118], [55.2831076, 25.1933006], [55.2828296, 25.1931719], [55.2825414, 25.1930369], [55.2823836, 25.1929563], [55.282227, 25.1928702], [55.2820758, 25.1927781], [55.2819145, 25.192675], [55.2817796, 25.1925723], [55.2816369, 25.1924571], [55.281528, 25.1923587], [55.2814981, 25.192328]]}, "properties": {"class": "tertiary"}}, {"type": "Feature", "geometry": {"type": "LineString", "coordinates": [[55.280414, 25.1907848], [55.2809694, 25.1904268]]}, "properties": {"class": "residential"}}, {"type": "Feature", "geometry": {"type": "LineString", "coordinates": [[55.2809694, 25.1904268], [55.2813126, 25.190916], [55.2813493, 25.1909737], [55.2813788, 25.1910348], [55.2814007, 25.1910984], [55.2814148, 25.1911638], [55.2814209, 25.1912302], [55.2814189, 25.1912968]]}, "properties": {"class": "residential"}}, {"type": "Feature", "geometry": {"type": "LineString", "coordinates": [[55.2775522, 25.1878784], [55.2775708, 25.187864], [55.2776282, 25.187802]]}, "properties": {"class": "residential"}}, {"type": "Feature", "geometry": {"type": "LineString", "coordinates": [[55.2776282, 25.187802], [55.2775921, 25.1878767], [55.2775826, 25.1879015]]}, "properties": {"class": "residential"}}, {"type": "Feature", "geometry": {"type": "LineString", "coordinates": [[55.2776282, 25.187802], [55.2776665, 25.1877345]]}, "properties": {"class": "residential"}}, {"type": "Feature", "geometry": {"type": "LineString", "coordinates": [[55.2792363, 25.2140283], [55.2791608, 25.2138994], [55.2789845, 25.2136009], [55.2788721, 25.2134035], [55.2788416, 25.2133571], [55.278792, 25.2132887], [55.2787069, 25.2131673], [55.2785143, 25.212883], [55.2784793, 25.2128336], [55.2782814, 25.2125452], [55.2780555, 25.2122195], [55.2780269, 25.2121739], [55.2779377, 25.2120494], [55.2777548, 25.2117767], [55.2776613, 25.2116353], [55.2775729, 25.2115068], [55.277466, 25.2113516], [55.2773017, 25.2111173], [55.2772311, 25.2110066], [55.2771709, 25.2109201], [55.2771145, 25.2108315], [55.277062, 25.210741], [55.2769791, 25.210591], [55.2769003, 25.2104393], [55.2768204, 25.2102868], [55.2767939, 25.2102363], [55.2766971, 25.2100619], [55.2765964, 25.2098894], [55.2761649, 25.2092582], [55.2759309, 25.208917], [55.2758568, 25.2088089], [55.2757177, 25.2086061], [55.2756039, 25.2084401], [55.2755394, 25.2083462], [55.2754161, 25.2081664], [55.2753645, 25.2080912], [55.2753042, 25.2080033], [55.2751904, 25.2078373], [55.2750592, 25.2076455], [55.2749524, 25.2074888], [55.274813, 25.2072853], [55.2747754, 25.2072287], [55.2747105, 25.2071286], [55.2746662, 25.2070554], [55.274596, 25.2069359], [55.2745112, 25.2067696], [55.2744339, 25.2066242], [55.2743598, 25.2064772], [55.2742802, 25.2063325], [55.2741952, 25.2061904], [55.274105, 25.2060509], [55.2739949, 25.2059009], [55.2736628, 25.2054382], [55.2736105, 25.2053696], [55.2735903, 25.205346], [55.273554, 25.2053038], [55.2734934, 25.2052411], [55.2734291, 25.2051814], [55.2733895, 25.2051598], [55.2733477, 25.2051418], [55.2733041, 25.2051278], [55.2732557, 25.2051173], [55.2732063, 25.2051117], [55.2731566, 25.2051111], [55.2730993, 25.2051138], [55.273043, 25.205123], [55.2729884, 25.2051388], [55.2729364, 25.2051607], [55.272888, 25.2051885], [55.272844, 25.2052216], [55.272805, 25.2052596], [55.2726803, 25.2054043]]}, "properties": {"class": "tertiary"}}, {"type": "Feature", "geometry": {"type": "LineString", "coordinates": [[55.2729745, 25.2122393], [55.2730054, 25.2121982], [55.2730296, 25.2121536], [55.2730474, 25.2121036], [55.2730568, 25.2120518], [55.2730576, 25.2119993]]}, "properties": {"class": "residential"}}, {"type": "Feature", "geometry": {"type": "LineString", "coordinates": [[55.2732426, 25.2122705], [55.2731905, 25.2122417], [55.2731325, 25.2122247], [55.2730717, 25.2122203], [55.2730228, 25.2122262], [55.2729745, 25.2122393]]}, "properties": {"class": "residential"}}, {"type": "Feature", "geometry": {"type": "LineString", "coordinates": [[55.2883556, 25.2291421], [55.2882001, 25.2290826], [55.2880483, 25.2290157], [55.2878987, 25.2289448], [55.2877516, 25.2288697], [55.287607, 25.2287907], [55.2874652, 25.2287077]]}, "properties": {"class": "motorway"}}, {"type": "Feature", "geometry": {"type": "LineString", "coordinates": [[55.2500712, 25.1969406], [55.2500934, 25.1969739], [55.2501106, 25.1970095], [55.2501224, 25.1970469], [55.2501347, 25.1970806], [55.25015, 25.1971132], [55.2501683, 25.1971446], [55.2502388, 25.1972781]]}, "properties": {"class": "residential"}}, {"type": "Feature", "geometry": {"type": "LineString", "coordinates": [[55.2502388, 25.1972781], [55.2501371, 25.1971639], [55.2501164, 25.1971401], [55.2500932, 25.1971182], [55.2500678, 25.1970984], [55.2500368, 25.1970772], [55.2500074, 25.1970542], [55.2499799, 25.1970295], [55.2499542, 25.1970031]]}, "properties": {"class": "residential"}}, {"type": "Feature", "geometry": {"type": "LineString", "coordinates": [[55.2555799, 25.1935119], [55.2555493, 25.1934356], [55.2555154, 25.1933612], [55.2554685, 25.1932784], [55.255434, 25.1932183]]}, "properties": {"class": "residential"}}, {"type": "Feature", "geometry": {"type": "LineString", "coordinates": [[55.255434, 25.1932183], [55.2554905, 25.1932628], [55.2555702, 25.1933217], [55.2556419, 25.1933692], [55.2557159, 25.1934128]]}, "properties": {"class": "residential"}}, {"type": "Feature", "geometry": {"type": "LineString", "coordinates": [[55.2667692, 25.21498], [55.2664201, 25.2151997], [55.2662719, 25.2152934], [55.2662152, 25.2153125], [55.2661546, 25.2153137], [55.266097, 25.2152968], [55.2660488, 25.2152636], [55.265705, 25.2148092], [55.2653925, 25.2143963], [55.2653439, 25.2143322], [55.2653216, 25.2142979], [55.2653104, 25.2142594], [55.265311, 25.2142195], [55.2653288, 25.2141737], [55.2653696, 25.2141276], [55.2658889, 25.2137954]]}, "properties": {"class": "residential"}}, {"type": "Feature", "geometry": {"type": "LineString", "coordinates": [[55.2663431, 25.2223489], [55.2663013, 25.2222931], [55.2657705, 25.2215932]]}, "properties": {"class": "residential"}}, {"type": "Feature", "geometry": {"type": "LineString", "coordinates": [[55.2789988, 25.2157042], [55.2791601, 25.2160342], [55.2791664, 25.2160443], [55.2792439, 25.2161813], [55.2793265, 25.216316], [55.2794139, 25.2164481], [55.2795061, 25.2165776], [55.2796031, 25.2167041], [55.2797953, 25.2169254], [55.2799531, 25.2171231], [55.2800949, 25.2173154], [55.2802078, 25.2174799], [55.2804653, 25.2178383], [55.2807701, 25.2182852], [55.2811199, 25.218798], [55.2816268, 25.2195789], [55.2816715, 25.2196383], [55.2817265, 25.21969], [55.2817905, 25.2197326], [55.2818615, 25.2197647], [55.2819374, 25.2197855], [55.2820027, 25.2197938], [55.2820687, 25.2197937], [55.2821238, 25.2197871], [55.2821777, 25.2197746], [55.2822304, 25.2197587], [55.2826194, 25.2196573]]}, "properties": {"class": "tertiary"}}, {"type": "Feature", "geometry": {"type": "LineString", "coordinates": [[55.277976, 25.1868556], [55.2779573, 25.1868219], [55.2779503, 25.1867848], [55.2779554, 25.1867474], [55.2779723, 25.1867129], [55.2779995, 25.1866844], [55.2780347, 25.1866642], [55.2780748, 25.186654], [55.2781165, 25.1866549], [55.2781561, 25.1866666], [55.2781948, 25.1866923], [55.2782218, 25.1867282], [55.2782342, 25.1867701], [55.2782304, 25.1868134], [55.2782109, 25.1868531], [55.278178, 25.1868847], [55.2781353, 25.1869046], [55.2780877, 25.1869105], [55.2780407, 25.1869017], [55.2780046, 25.186883], [55.277976, 25.1868556]]}, "properties": {"class": "residential"}}, {"type": "Feature", "geometry": {"type": "LineString", "coordinates": [[55.2590969, 25.1852106], [55.2592938, 25.1850832], [55.2594951, 25.1849615], [55.2597006, 25.1848457], [55.2598075, 25.1847897], [55.2599101, 25.1847359], [55.2601233, 25.1846321], [55.2603307, 25.1845395], [55.2605484, 25.1844424], [55.2607348, 25.1843732], [55.2609121, 25.1843085], [55.2610907, 25.184247], [55.261326, 25.1841727], [55.2614515, 25.184133]]}, "properties": {"class": "tertiary"}}, {"type": "Feature", "geometry": {"type": "LineString", "coordinates": [[55.2778967, 25.1872093], [55.2777012, 25.187129], [55.2775574, 25.1870854], [55.277409, 25.1870567], [55.2772597, 25.1870446], [55.2771105, 25.1870485], [55.2769611, 25.1870661], [55.276889, 25.1870797], [55.2768194, 25.1870824], [55.2767514, 25.1870689], [55.2766896, 25.18704], [55.2766381, 25.1869976], [55.2765947, 25.1869373], [55.2765573, 25.1868737], [55.276526, 25.1868076], [55.2764993, 25.1867354], [55.27648, 25.1866613], [55.2764682, 25.1865859], [55.2764648, 25.1865099], [55.2764754, 25.1864633], [55.2764968, 25.1864175], [55.2765279, 25.1863766], [55.2765676, 25.1863422], [55.2766141, 25.1863157], [55.2766656, 25.1862984], [55.2768463, 25.1862644], [55.2769746, 25.1862461], [55.2771036, 25.1862331], [55.2772332, 25.1862254], [55.277363, 25.186223], [55.2774821, 25.1862235], [55.2776009, 25.1862303], [55.2777191, 25.1862429], [55.2778365, 25.1862612], [55.2779526, 25.1862851], [55.2780671, 25.1863147], [55.2781797, 25.1863498], [55.2782431, 25.186373], [55.2782899, 25.1863902], [55.2784086, 25.1864376], [55.2785242, 25.1864908], [55.2786364, 25.1865496], [55.2787449, 25.1866138], [55.2788494, 25.1866833], [55.2789497, 25.1867577], [55.2790453, 25.186837], [55.279136, 25.1869208], [55.2792215, 25.187009], [55.2793017, 25.1871012], [55.2795298, 25.1873828], [55.2795471, 25.1874289], [55.2795501, 25.1874775], [55.2795387, 25.187525], [55.2795215, 25.1875924]]}, "properties": {"class": "residential"}}, {"type": "Feature", "geometry": {"type": "LineString", "coordinates": [[55.2619996, 25.2111231], [55.2620896, 25.2111497], [55.2621171, 25.2111617], [55.2621423, 25.2111773], [55.2621594, 25.2111913], [55.2621747, 25.211207], [55.2627253, 25.2119236], [55.2632126, 25.2126054], [55.2632535, 25.2126561], [55.2637924, 25.2133633], [55.2640339, 25.2137], [55.2640484, 25.2137318], [55.2640572, 25.2137652], [55.2640602, 25.2137994], [55.2640522, 25.2139085]]}, "properties": {"class": "residential"}}, {"type": "Feature", "geometry": {"type": "LineString", "coordinates": [[55.2786416, 25.2044476], [55.2786403, 25.2042809], [55.278631, 25.2041145], [55.2786139, 25.2039485], [55.278589, 25.2037834], [55.2784117, 25.2028028], [55.2783856, 25.2026764], [55.2783522, 25.2025515], [55.2783116, 25.2024283], [55.278264, 25.2023072], [55.2782093, 25.2021886], [55.2781478, 25.2020727], [55.2778692, 25.2016317]]}, "properties": {"class": "secondary"}}, {"type": "Feature", "geometry": {"type": "LineString", "coordinates": [[55.2794442, 25.2090071], [55.2794687, 25.209166]]}, "properties": {"class": "primary"}}, {"type": "Feature", "geometry": {"type": "LineString", "coordinates": [[55.2829424, 25.1814553], [55.2817024, 25.1807936], [55.2804466, 25.1801568], [55.2803865, 25.180124], [55.2803349, 25.1800811], [55.2802937, 25.1800297], [55.2802647, 25.1799719], [55.2802489, 25.1799101]]}, "properties": {"class": "motorway"}}, {"type": "Feature", "geometry": {"type": "LineString", "coordinates": [[55.2588563, 25.22843], [55.2589211, 25.2283923], [55.2589822, 25.2283495], [55.2590392, 25.2283022], [55.2591584, 25.228201], [55.2592813, 25.2281034], [55.2594077, 25.2280096], [55.2596185, 25.2278725], [55.2599011, 25.2276881], [55.2599377, 25.2276642], [55.2600168, 25.2276066]]}, "properties": {"class": "tertiary"}}, {"type": "Feature", "geometry": {"type": "LineString", "coordinates": [[55.269245, 25.1972346], [55.269327, 25.1973541], [55.2694045, 25.1974761], [55.2694772, 25.1976005], [55.269545, 25.1977271], [55.269608, 25.1978557], [55.2696661, 25.1979862], [55.2697882, 25.1983226], [55.2698324, 25.1984251], [55.2698823, 25.1985232], [55.2699382, 25.1986185], [55.2700001, 25.1987107], [55.2700677, 25.1987996], [55.2701408, 25.1988849], [55.2702192, 25.1989663]]}, "properties": {"class": "secondary"}}, {"type": "Feature", "geometry": {"type": "LineString", "coordinates": [[55.2720943, 25.2164903], [55.2728137, 25.2160478], [55.2729993, 25.2159336], [55.2737841, 25.2154508], [55.2738334, 25.2154205]]}, "properties": {"class": "residential"}}, {"type": "Feature", "geometry": {"type": "LineString", "coordinates": [[55.2711244, 25.2137831], [55.2715667, 25.214376], [55.2718745, 25.2147887], [55.2721738, 25.2151899], [55.2728137, 25.2160478]]}, "properties": {"class": "residential"}}, {"type": "Feature", "geometry": {"type": "LineString", "coordinates": [[55.2837051, 25.2031414], [55.2838122, 25.2037811], [55.2838733, 25.2041416], [55.2839306, 25.2044774], [55.2839923, 25.2048395], [55.2840001, 25.2048849], [55.2845574, 25.2081311]]}, "properties": {"class": "residential"}}, {"type": "Feature", "geometry": {"type": "LineString", "coordinates": [[55.2927571, 25.185716], [55.2927796, 25.1858453], [55.2927918, 25.1859778], [55.2927815, 25.1861105], [55.2927488, 25.1862401], [55.2926946, 25.1863637], [55.2926201, 25.1864784], [55.292527, 25.1865813], [55.2924202, 25.1866625], [55.2923264, 25.1867166], [55.292238, 25.1867671], [55.2921558, 25.1868255], [55.2920806, 25.1868913], [55.2920133, 25.1869637], [55.2919545, 25.1870419], [55.2919049, 25.1871253], [55.2918651, 25.1872127], [55.2918354, 25.1873035], [55.2918229, 25.1873916], [55.2918108, 25.1875369]]}, "properties": {"class": "tertiary"}}, {"type": "Feature", "geometry": {"type": "LineString", "coordinates": [[55.2854795, 25.1837865], [55.2858324, 25.184149], [55.2859519, 25.1842818], [55.2860665, 25.184418], [55.2861762, 25.1845576], [55.2862808, 25.1847002], [55.2863802, 25.1848459], [55.2864743, 25.1849945], [55.286563, 25.1851457], [55.2867387, 25.1854642], [55.2867723, 25.1855134], [55.2868145, 25.1855569], [55.286864, 25.1855934], [55.2868667, 25.1855948], [55.2868993, 25.1856116], [55.2869196, 25.185622], [55.2869404, 25.1856289], [55.2869796, 25.1856419], [55.2870424, 25.1856525], [55.2871063, 25.1856535], [55.2871695, 25.1856449]]}, "properties": {"class": "tertiary"}}, {"type": "Feature", "geometry": {"type": "LineString", "coordinates": [[55.2917334, 25.1884817], [55.2917496, 25.1883519], [55.2917538, 25.1882213], [55.2917457, 25.1880909], [55.2917256, 25.1879615], [55.2916783, 25.1877133], [55.2916616, 25.187628], [55.2916519, 25.1875416], [55.2916513, 25.1874548], [55.2916599, 25.1873683], [55.2916776, 25.1872829], [55.2917041, 25.1871994], [55.2917393, 25.1871187], [55.2917828, 25.1870413], [55.2918343, 25.186968], [55.2918932, 25.1868994], [55.2919591, 25.1868363], [55.2920438, 25.1867635], [55.2921323, 25.1866945], [55.2922245, 25.1866295], [55.2923244, 25.1865735], [55.292407, 25.186503], [55.2924782, 25.1864229], [55.2925364, 25.1863347], [55.2925807, 25.18624], [55.2926068, 25.1861553], [55.2926218, 25.1860684], [55.2926252, 25.1859805], [55.2926172, 25.1858928], [55.2926006, 25.1858064]]}, "properties": {"class": "tertiary"}}, {"type": "Feature", "geometry": {"type": "LineString", "coordinates": [[55.2655786, 25.1860607], [55.2654741, 25.1861431], [55.2653662, 25.1862242], [55.2652986, 25.1862764], [55.2652569, 25.1863086], [55.265163, 25.186387]]}, "properties": {"class": "secondary"}}, {"type": "Feature", "geometry": {"type": "LineString", "coordinates": [[55.2905804, 25.1896468], [55.2907116, 25.1896045], [55.2908386, 25.1895525], [55.2909605, 25.1894913], [55.2910763, 25.1894213], [55.2911855, 25.1893428], [55.2912871, 25.1892565], [55.2913805, 25.189163], [55.2914651, 25.1890628], [55.2915404, 25.1889566], [55.2916057, 25.1888453], [55.2916607, 25.1887294], [55.2917051, 25.1886098]]}, "properties": {"class": "tertiary"}}, {"type": "Feature", "geometry": {"type": "LineString", "coordinates": [[55.2898786, 25.1897041], [55.2901334, 25.18971], [55.2902139, 25.1897118], [55.2902946, 25.1897077], [55.2903676, 25.1896991], [55.2904399, 25.1896854], [55.2905109, 25.189667], [55.2905804, 25.1896468]]}, "properties": {"class": "tertiary"}}, {"type": "Feature", "geometry": {"type": "LineString", "coordinates": [[55.2711443, 25.1814452], [55.2711035, 25.1814149], [55.2709742, 25.1813134], [55.2709326, 25.1812826], [55.2708415, 25.1812154], [55.2707058, 25.1811211], [55.2705669, 25.1810305], [55.2704252, 25.1809436], [55.2702806, 25.1808607], [55.2700905, 25.1807636], [55.269896, 25.180674], [55.2696975, 25.180592], [55.2694952, 25.1805179], [55.2692896, 25.1804517], [55.269118, 25.1804039], [55.2688699, 25.1803436], [55.2686565, 25.1803019], [55.2684413, 25.1802693], [55.2682248, 25.1802393], [55.268007, 25.1802183], [55.2677884, 25.1802062], [55.2675694, 25.1802032], [55.2673504, 25.1802092], [55.267132, 25.1802242], [55.2669146, 25.1802481], [55.2666986, 25.1802811], [55.2662824, 25.18035], [55.2657254, 25.1804423]]}, "properties": {"class": "tertiary"}}, {"type": "Feature", "geometry": {"type": "LineString", "coordinates": [[55.2905249, 25.1897692], [55.290445, 25.189784], [55.2903641, 25.1897936], [55.2903425, 25.1897949], [55.2903038, 25.1897972], [55.2902433, 25.1897979], [55.2899321, 25.1897962], [55.289876, 25.1897959], [55.2897345, 25.1897942], [55.2895276, 25.1897912]]}, "properties": {"class": "tertiary"}}, {"type": "Feature", "geometry": {"type": "LineString", "coordinates": [[55.2918116, 25.1887036], [55.291761, 25.1888227], [55.2917029, 25.1889381], [55.2916346, 25.1890488], [55.2915567, 25.1891542], [55.2914696, 25.1892536], [55.291374, 25.1893463], [55.2912704, 25.1894316], [55.2911595, 25.1895092], [55.291042, 25.1895784], [55.2909188, 25.1896387], [55.2907906, 25.1896899], [55.2906582, 25.1897315]]}, "properties": {"class": "tertiary"}}, {"type": "Feature", "geometry": {"type": "LineString", "coordinates": [[55.2895301, 25.1897013], [55.2895274, 25.1896267], [55.2895246, 25.1895508], [55.2895122, 25.1894006], [55.289493, 25.1892509], [55.2894669, 25.1891022], [55.2894341, 25.1889545], [55.2893945, 25.1888082], [55.289335, 25.1886351]]}, "properties": {"class": "tertiary"}}, {"type": "Feature", "geometry": {"type": "LineString", "coordinates": [[55.2880004, 25.1918599], [55.2881312, 25.1918014], [55.2882575, 25.1917352], [55.2883796, 25.1916628], [55.2884972, 25.1915844], [55.2886097, 25.1915003], [55.288717, 25.1914107], [55.2888188, 25.1913159], [55.2889146, 25.1912162], [55.2890041, 25.1911119], [55.2890873, 25.1910033]]}, "properties": {"class": "secondary"}}, {"type": "Feature", "geometry": {"type": "LineString", "coordinates": [[55.2895486, 25.1905928], [55.2894831, 25.1907207], [55.2894123, 25.1908461], [55.2893343, 25.190968], [55.2892494, 25.1910861], [55.2891577, 25.1911999], [55.2890597, 25.1913093], [55.2889554, 25.1914138], [55.2888452, 25.1915133], [55.2887294, 25.1916075], [55.2886084, 25.191696], [55.2884824, 25.1917787], [55.2883517, 25.1918553], [55.2882169, 25.1919256], [55.2880781, 25.1919894]]}, "properties": {"class": "secondary"}}, {"type": "Feature", "geometry": {"type": "LineString", "coordinates": [[55.2826338, 25.186073], [55.2825079, 25.1859261], [55.2823761, 25.1857835], [55.2822386, 25.1856453], [55.2820956, 25.1855118], [55.2819229, 25.1853666], [55.2817426, 25.1852293], [55.281555, 25.1851002], [55.2813606, 25.1849796], [55.2811599, 25.1848678], [55.2809122, 25.1847394], [55.2807132, 25.1846449], [55.2804908, 25.1845566], [55.2802644, 25.184477], [55.2800346, 25.184406], [55.2798017, 25.1843439], [55.2795661, 25.1842907], [55.2793282, 25.1842466], [55.2790247, 25.1842009], [55.2789355, 25.1841937], [55.2788459, 25.1841924], [55.2787565, 25.184197], [55.2786677, 25.1842077], [55.2785845, 25.1842306], [55.2785093, 25.18427], [55.2784459, 25.1843239], [55.2783977, 25.1843895], [55.2783605, 25.1844544]]}, "properties": {"class": "secondary"}}, {"type": "Feature", "geometry": {"type": "LineString", "coordinates": [[55.2924942, 25.2256063], [55.2923928, 25.2256866], [55.2916635, 25.2263324], [55.2911995, 25.2267436], [55.2910055, 25.2269181], [55.2909531, 25.2269701], [55.2906878, 25.2271932], [55.2905436, 25.2273504], [55.2904824, 25.2274224], [55.2904073, 25.2275106], [55.2902835, 25.2276789], [55.2901729, 25.2278545], [55.2900758, 25.2280366], [55.2899926, 25.2282242], [55.2899482, 25.2283255], [55.2899285, 25.228433], [55.2899342, 25.2285418], [55.2899579, 25.2286225], [55.28999, 25.2286933], [55.2900748, 25.2288327]]}, "properties": {"class": "primary"}}, {"type": "Feature", "geometry": {"type": "LineString", "coordinates": [[55.2889937, 25.1946729], [55.2891333, 25.194842], [55.2892643, 25.1950102], [55.28939, 25.1951815], [55.2895105, 25.195356]]}, "properties": {"class": "primary"}}, {"type": "Feature", "geometry": {"type": "LineString", "coordinates": [[55.3018455, 25.2109686], [55.3015774, 25.2110141], [55.3014881, 25.2110194], [55.3013986, 25.2110192], [55.3013093, 25.2110135], [55.3012206, 25.2110024], [55.301133, 25.2109859], [55.3010421, 25.2109791], [55.3009518, 25.2109799], [55.3008619, 25.2109874], [55.300773, 25.2110016], [55.3006857, 25.2110224], [55.3005822, 25.2110497], [55.3004819, 25.2110855], [55.3003857, 25.2111294], [55.3002942, 25.2111809], [55.3002082, 25.2112398], [55.2999567, 25.2114212], [55.299883, 25.2114673], [55.2998053, 25.2115078], [55.2997242, 25.2115422], [55.2996402, 25.2115704], [55.2995411, 25.2115965], [55.2994394, 25.2116124], [55.2993365, 25.2116198], [55.2992332, 25.2116185], [55.2991305, 25.2116087], [55.2990293, 25.2115904], [55.2989426, 25.2115672], [55.2988579, 25.2115386], [55.2987756, 25.2115049], [55.298696, 25.2114662], [55.2986195, 25.2114226], [55.2985465, 25.2113744], [55.2983763, 25.2112205], [55.298317, 25.2111777], [55.2982517, 25.2111428], [55.2981816, 25.2111165], [55.2981082, 25.2110993], [55.2980271, 25.2110902], [55.2979454, 25.2110936], [55.2978654, 25.2111092], [55.2977894, 25.2111365], [55.2977193, 25.2111746], [55.2976571, 25.2112227], [55.2976045, 25.2112794], [55.297502, 25.2114218], [55.2974495, 25.2114862], [55.297389, 25.2115427], [55.2973173, 25.2115916], [55.2972395, 25.2116321], [55.2971567, 25.2116637], [55.2970703, 25.2116858], [55.2969815, 25.2116981], [55.2968789, 25.2116963], [55.2967779, 25.2116804], [55.2966803, 25.2116519], [55.2965881, 25.2116112], [55.2965031, 25.2115591], [55.2964379, 25.2115097], [55.2963809, 25.2114527], [55.2963333, 25.211389], [55.2962959, 25.2113199], [55.2962695, 25.2112468], [55.2962565, 25.2111839], [55.2962541, 25.2111194], [55.2962632, 25.2110554], [55.2962837, 25.2109935], [55.296315, 25.2109356], [55.2963563, 25.2108829], [55.2964064, 25.210837], [55.2966501, 25.2106628], [55.296691, 25.2106209], [55.2967215, 25.2105756], [55.2967424, 25.2105254], [55.2967512, 25.2104723], [55.2967477, 25.2104187], [55.296732, 25.2103669], [55.2967048, 25.2103192], [55.2966672, 25.2102777], [55.2966209, 25.2102441], [55.2963974, 25.2101351], [55.296344, 25.2100957], [55.2962987, 25.2100487], [55.2962628, 25.2099955], [55.2962374, 25.2099375], [55.2962233, 25.2098764], [55.2962208, 25.2098141], [55.296266, 25.2095035], [55.2962466, 25.2093345], [55.2962255, 25.2092711], [55.2961978, 25.2092097], [55.2961639, 25.2091509], [55.2961241, 25.2090953], [55.2960787, 25.2090433], [55.2960281, 25.2089954], [55.2959707, 25.208956], [55.2959097, 25.2089212], [55.2958458, 25.2088911], [55.2957792, 25.2088661], [55.2957106, 25.2088462], [55.2956403, 25.2088317], [55.2954558, 25.2087971], [55.2953823, 25.2087754], [55.2953124, 25.2087454], [55.2952473, 25.2087077], [55.295188, 25.2086627], [55.2951356, 25.2086113], [55.2950862, 25.2085592], [55.2950433, 25.2085026], [55.2950074, 25.2084421], [55.2949789, 25.2083785], [55.2949596, 25.2083125], [55.2949339, 25.208182], [55.294911, 25.2080586], [55.2948989, 25.2079335], [55.2948973, 25.2078083], [55.2949032, 25.2076831], [55.2949182, 25.2075586], [55.2949448, 25.2074555], [55.2949799, 25.2073544], [55.295023, 25.2072559], [55.2950737, 25.2071604], [55.2951319, 25.2070685], [55.2951972, 25.2069806], [55.2952693, 25.2068971], [55.2953386, 25.2068293], [55.2954142, 25.2067669], [55.2954939, 25.2067089], [55.2955774, 25.2066555], [55.2956645, 25.206607], [55.2957548, 25.2065636], [55.2958479, 25.2065253], [55.2959435, 25.2064924], [55.2960541, 25.206465], [55.2961666, 25.2064446], [55.2962803, 25.2064312], [55.2963947, 25.206425], [55.2965094, 25.2064259], [55.2966237, 25.2064341], [55.2967426, 25.2064486], [55.2968601, 25.206471], [55.2969757, 25.2065002], [55.297089, 25.2065334], [55.2971968, 25.2065565], [55.297309, 25.2065652], [55.2973915, 25.206568], [55.297474, 25.2065664], [55.2975563, 25.2065602], [55.297638, 25.2065496], [55.2977193, 25.2065364], [55.2977993, 25.2065194], [55.2978838, 25.2064947], [55.2979662, 25.2064657], [55.298046, 25.2064313], [55.2981228, 25.2063918], [55.2981962, 25.2063473], [55.2984853, 25.2061733], [55.2985438, 25.2061391], [55.2986056, 25.2061069], [55.2986702, 25.2060796], [55.2987371, 25.2060574], [55.2990176, 25.2059977], [55.2996733, 25.2059236], [55.2997553, 25.2059201], [55.2998374, 25.2059227], [55.2999189, 25.2059316], [55.2999807, 25.2059427], [55.3000415, 25.2059573], [55.3002774, 25.2060279], [55.3003826, 25.2060594], [55.3004903, 25.2060829], [55.3005997, 25.2060984], [55.3006797, 25.2061006], [55.3007598, 25.2060995], [55.3008396, 25.2060926], [55.3009185, 25.2060798], [55.300996, 25.2060613], [55.3010716, 25.2060385], [55.3011468, 25.2060137], [55.3012194, 25.2059843], [55.3012888, 25.2059492], [55.3013545, 25.2059087], [55.301416, 25.205863], [55.3014728, 25.2058127], [55.3015317, 25.2057618], [55.3015957, 25.2057161], [55.301664, 25.2056759], [55.3017361, 25.2056416], [55.3018114, 25.2056108], [55.301874, 25.2055958], [55.3019381, 25.2055868], [55.3020031, 25.2055824], [55.3020682, 25.2055839], [55.3021328, 25.2055888], [55.3022011, 25.205602], [55.3022676, 25.2056199], [55.3023311, 25.2056451], [55.3023908, 25.205677], [55.3024458, 25.2057152], [55.3024962, 25.2057597], [55.302543, 25.205801], [55.3025853, 25.2058474], [55.3026217, 25.2058977], [55.3026517, 25.2059513], [55.302675, 25.2060076], [55.3026913, 25.2060659], [55.3027003, 25.2061255], [55.3027037, 25.2061956], [55.3027015, 25.2062659], [55.3026895, 25.2063354], [55.3026678, 25.206403], [55.3026367, 25.2064675], [55.3025968, 25.2065279], [55.3025464, 25.2065914], [55.3024879, 25.206649], [55.302422, 25.2066996], [55.3023496, 25.2067425], [55.3022719, 25.2067768], [55.3021902, 25.2068022], [55.3017028, 25.2069338], [55.301619, 25.206965], [55.3015477, 25.2070037], [55.3014862, 25.2070543], [55.3014368, 25.2071147], [55.3014101, 25.2071743], [55.3013927, 25.2072366], [55.3013847, 25.2073005], [55.3013863, 25.2073647], [55.3013974, 25.2074282], [55.3014177, 25.2074898], [55.301442, 25.2075526], [55.3014731, 25.2076129], [55.3015103, 25.2076704], [55.3015533, 25.2077244], [55.3016002, 25.2077745], [55.3016592, 25.2078272], [55.3017228, 25.2078738], [55.3017918, 25.2079137], [55.3018599, 25.2079446], [55.301933, 25.2079689], [55.3020027, 25.2079852], [55.3020739, 25.2079953], [55.3021459, 25.2079991], [55.3022179, 25.2079964], [55.302463, 25.2079676], [55.3026952, 25.2079417], [55.3027966, 25.2079388], [55.3028979, 25.207944], [55.3029983, 25.2079573], [55.3030971, 25.2079786], [55.3031933, 25.2080077], [55.3032603, 25.2080352], [55.3033243, 25.2080682], [55.3033852, 25.2081057], [55.3034426, 25.2081474], [55.3034963, 25.2081931], [55.3035458, 25.2082424], [55.3035862, 25.2082896], [55.3036265, 25.2083418], [55.303661, 25.2083913], [55.3036895, 25.2084438], [55.3037114, 25.2084989], [55.3037267, 25.2085557], [55.3037427, 25.2086344], [55.3037565, 25.2087141], [55.3037625, 25.2087944], [55.3037609, 25.2088749], [55.3037508, 25.2089455], [55.303679, 25.2093515], [55.3036751, 25.2094114], [55.3036791, 25.2094713], [55.3036907, 25.2095303], [55.3037099, 25.2095878], [55.3037364, 25.2096427], [55.3037698, 25.2096922], [55.3039808, 25.2099433], [55.3040077, 25.2099866], [55.3040253, 25.2100324], [55.3040359, 25.21008], [55.3040393, 25.2101284], [55.3040347, 25.2101907], [55.3040197, 25.2102517], [55.3039943, 25.2103096], [55.3039579, 25.2103624], [55.3039116, 25.2104084], [55.3038725, 25.2104392], [55.3038288, 25.2104644], [55.3037816, 25.2104838], [55.3037319, 25.210497], [55.3036806, 25.2105038], [55.3035618, 25.2105126], [55.3035062, 25.2105202], [55.3034538, 25.2105388], [55.3034072, 25.2105675], [55.3033689, 25.2106049], [55.3033407, 25.210649], [55.3032389, 25.2108828], [55.3032135, 25.2109227], [55.3031824, 25.210959], [55.303146, 25.2109911], [55.3031051, 25.2110184], [55.3030605, 25.2110404], [55.303013, 25.2110566], [55.3029635, 25.2110668], [55.3029109, 25.2110758], [55.3028575, 25.2110782], [55.3028043, 25.2110741], [55.3027521, 25.2110636], [55.302702, 25.2110468], [55.3026548, 25.211024], [55.3025771, 25.2109727], [55.3025286, 25.2109437], [55.3024757, 25.210922], [55.3024197, 25.210908], [55.3023619, 25.210902], [55.3023039, 25.2109043], [55.3021129, 25.2109311]]}, "properties": {"class": "residential"}}, {"type": "Feature", "geometry": {"type": "LineString", "coordinates": [[55.2903583, 25.1971806], [55.290258, 25.1971153], [55.2901785, 25.1970877], [55.2900947, 25.1970743], [55.2900096, 25.1970755], [55.2899263, 25.1970915], [55.2898229, 25.1971363]]}, "properties": {"class": "residential"}}, {"type": "Feature", "geometry": {"type": "LineString", "coordinates": [[55.2895105, 25.195356], [55.2912619, 25.1980806]]}, "properties": {"class": "primary"}}, {"type": "Feature", "geometry": {"type": "LineString", "coordinates": [[55.2921867, 25.2009903], [55.2922382, 25.2008515], [55.2922675, 25.2007076], [55.292276, 25.2005609]]}, "properties": {"class": "residential"}}, {"type": "Feature", "geometry": {"type": "LineString", "coordinates": [[55.2888475, 25.1947477], [55.2887197, 25.1946086], [55.2885851, 25.1944743], [55.2884441, 25.1943453], [55.2882971, 25.1942221], [55.2881443, 25.1941046], [55.287986, 25.1939933], [55.2878226, 25.1938884], [55.2876542, 25.1937899], [55.2874813, 25.1936981]]}, "properties": {"class": "primary"}}, {"type": "Feature", "geometry": {"type": "LineString", "coordinates": [[55.2893789, 25.195433], [55.2892565, 25.1952553], [55.2891279, 25.1950813], [55.2889931, 25.1949111], [55.2888475, 25.1947477]]}, "properties": {"class": "primary"}}, {"type": "Feature", "geometry": {"type": "LineString", "coordinates": [[55.292276, 25.2005609], [55.2923243, 25.2006944], [55.2923954, 25.2008193], [55.2924875, 25.2009324]]}, "properties": {"class": "residential"}}, {"type": "Feature", "geometry": {"type": "LineString", "coordinates": [[55.2627448, 25.1858338], [55.2626646, 25.1856848], [55.2625882, 25.1855341], [55.2625129, 25.1853818], [55.2624416, 25.1852279], [55.2623743, 25.1850726], [55.262311, 25.184916], [55.2622517, 25.184758], [55.2621965, 25.1845988], [55.2621214, 25.1843693], [55.2620559, 25.1841374], [55.2619981, 25.1839037], [55.2619482, 25.1836686], [55.2619062, 25.1834323], [55.2618721, 25.1831948], [55.261846, 25.1829566], [55.2618279, 25.1827178], [55.2618196, 25.1821225], [55.2618182, 25.1820028], [55.2618131, 25.1818832], [55.2618045, 25.1817637], [55.2617986, 25.1816915], [55.261791, 25.1816195], [55.2617815, 25.1815477], [55.2617703, 25.181476], [55.2617572, 25.1814046], [55.2616862, 25.1810932], [55.2616703, 25.1810159], [55.2616635, 25.1809374], [55.2616659, 25.1808588], [55.2616775, 25.1807808], [55.261698, 25.1807044]]}, "properties": {"class": "tertiary"}}, {"type": "Feature", "geometry": {"type": "LineString", "coordinates": [[55.2872371, 25.1857334], [55.2872016, 25.1858177], [55.2871598, 25.1859299], [55.2871507, 25.1859805], [55.2871537, 25.186028], [55.2871643, 25.1860745], [55.2871823, 25.1861192], [55.2872073, 25.186161], [55.2872387, 25.186199], [55.287276, 25.1862413], [55.2873489, 25.1863139], [55.2874234, 25.1863853], [55.2874992, 25.1864554], [55.2875908, 25.1865384], [55.2876921, 25.1866211], [55.2878038, 25.1867078], [55.2879196, 25.1867916], [55.2880379, 25.1868726], [55.288231, 25.1870013], [55.2883442, 25.1870753], [55.2884019, 25.1871178], [55.2884612, 25.1871629], [55.2885032, 25.187201], [55.2885772, 25.1872672], [55.2886496, 25.1873388], [55.2887135, 25.1874128], [55.2887755, 25.1874919], [55.2888301, 25.1875718]]}, "properties": {"class": "tertiary"}}, {"type": "Feature", "geometry": {"type": "LineString", "coordinates": [[55.2865569, 25.1931887], [55.2867816, 25.1932672], [55.2870048, 25.193351], [55.287215, 25.1934404], [55.2874183, 25.1935304], [55.2876171, 25.1936286], [55.2878109, 25.1937346], [55.2879992, 25.1938482], [55.2881819, 25.1939693], [55.2883584, 25.1940976], [55.2885285, 25.1942329], [55.2886917, 25.1943748], [55.2888479, 25.1945232], [55.2889937, 25.1946729]]}, "properties": {"class": "primary"}}, {"type": "Feature", "geometry": {"type": "LineString", "coordinates": [[55.265393, 25.1884741], [55.2655111, 25.1885508], [55.2656995, 25.1886694], [55.2658915, 25.1887831], [55.266087, 25.1888919], [55.2663666, 25.1890331], [55.2664878, 25.1890943], [55.2666927, 25.1891878], [55.2670446, 25.1893268], [55.267313, 25.1894204], [55.2673729, 25.1894388], [55.2677476, 25.1895866], [55.2677992, 25.1896084], [55.2679419, 25.189669], [55.2680671, 25.1897302], [55.2681883, 25.1897977], [55.2683051, 25.1898712], [55.2684187, 25.1899464]]}, "properties": {"class": "tertiary"}}, {"type": "Feature", "geometry": {"type": "LineString", "coordinates": [[55.2898229, 25.1971363], [55.2899124, 25.1970717], [55.2899702, 25.1970133], [55.2900097, 25.1969437], [55.2900283, 25.1968672], [55.2900249, 25.196789], [55.2900051, 25.1966649]]}, "properties": {"class": "residential"}}, {"type": "Feature", "geometry": {"type": "LineString", "coordinates": [[55.2650341, 25.1862277], [55.2651287, 25.186159], [55.2652894, 25.186033], [55.2654713, 25.1859119], [55.2657797, 25.1857067], [55.2666992, 25.1850418], [55.2667414, 25.1850051], [55.2667772, 25.1849632], [55.266806, 25.1849171], [55.2668336, 25.1848679]]}, "properties": {"class": "secondary"}}, {"type": "Feature", "geometry": {"type": "LineString", "coordinates": [[55.2528851, 25.2154208], [55.2529752, 25.2153978], [55.2530136, 25.2153946], [55.2530519, 25.215399], [55.2530883, 25.2154107], [55.253121, 25.2154293], [55.2531761, 25.2154754]]}, "properties": {"class": "residential"}}, {"type": "Feature", "geometry": {"type": "LineString", "coordinates": [[55.2531761, 25.2154754], [55.2539196, 25.2163862]]}, "properties": {"class": "residential"}}, {"type": "Feature", "geometry": {"type": "LineString", "coordinates": [[55.2778907, 25.2137536], [55.2781523, 25.2136056], [55.2782701, 25.2135381], [55.278288, 25.2135288], [55.2783534, 25.2134918], [55.2783624, 25.2134868], [55.2785832, 25.2133546]]}, "properties": {"class": "tertiary"}}, {"type": "Feature", "geometry": {"type": "LineString", "coordinates": [[55.2754673, 25.2105029], [55.2755193, 25.2105254], [55.2755743, 25.210541], [55.2756312, 25.2105492], [55.2756838, 25.2105502], [55.275736, 25.2105449], [55.275777, 25.2105347], [55.275822, 25.2105143], [55.2759645, 25.2104365], [55.2764576, 25.2101588], [55.2764993, 25.2101324], [55.2765343, 25.210099], [55.2765613, 25.2100599], [55.276579, 25.2100167], [55.2765867, 25.2099712], [55.2765964, 25.2098894]]}, "properties": {"class": "tertiary"}}, {"type": "Feature", "geometry": {"type": "LineString", "coordinates": [[55.2769003, 25.2104393], [55.2768668, 25.2104111], [55.2768306, 25.2103859], [55.2767919, 25.2103639], [55.276751, 25.2103453], [55.2767197, 25.210335], [55.2766868, 25.2103297], [55.2766534, 25.2103298], [55.276624, 25.2103342], [55.2765957, 25.2103428], [55.2765693, 25.2103552], [55.2762374, 25.2105442], [55.2761013, 25.2106191], [55.2760763, 25.2106329], [55.2760013, 25.2106742], [55.2759631, 25.2107008], [55.2759294, 25.2107318], [55.2758983, 25.2107703], [55.2758747, 25.2108129], [55.2758558, 25.2108504], [55.2758415, 25.2108894], [55.2758325, 25.2109262], [55.2758274, 25.2109635], [55.2758263, 25.2110012], [55.2758295, 25.2110386]]}, "properties": {"class": "tertiary"}}, {"type": "Feature", "geometry": {"type": "LineString", "coordinates": [[55.2947376, 25.2276987], [55.2944238, 25.2277498], [55.2941531, 25.2277944], [55.293883, 25.2278404], [55.2936125, 25.2278892], [55.2933762, 25.227937], [55.2933433, 25.2279437], [55.2930755, 25.2280037], [55.2928093, 25.2280693], [55.292545, 25.2281408], [55.2922306, 25.2282382], [55.2919207, 25.2283471], [55.2916159, 25.2284671], [55.291152, 25.2286851], [55.2910246, 25.2287864], [55.2909513, 25.2288632], [55.2908917, 25.2289583], [55.2908603, 25.2290225], [55.2908324, 25.2290968], [55.2908136, 25.2291941]]}, "properties": {"class": "secondary"}}, {"type": "Feature", "geometry": {"type": "LineString", "coordinates": [[55.2761396, 25.213773], [55.2755734, 25.2129408], [55.2755045, 25.2128398], [55.2754699, 25.212781], [55.2754412, 25.2127202], [55.2754158, 25.2126572], [55.2753907, 25.2125661], [55.27536, 25.2124764], [55.2753239, 25.2123884], [55.2752816, 25.2123028], [55.2752296, 25.2122047], [55.2751705, 25.2121083], [55.275107, 25.2120142], [55.2746045, 25.2112793], [55.2745547, 25.2112113], [55.2745015, 25.2111455], [55.2744448, 25.2110821], [55.2743849, 25.2110212], [55.2743218, 25.2109629], [55.2742564, 25.2109088], [55.2742022, 25.2108691], [55.2741515, 25.2108259], [55.2741043, 25.2107794], [55.2740611, 25.21073], [55.274022, 25.2106778], [55.27399, 25.2106268], [55.2739712, 25.210593], [55.2739505, 25.2105603], [55.2739277, 25.2105288], [55.2738231, 25.2104003], [55.2737573, 25.2103115], [55.2736871, 25.2102083], [55.2721472, 25.20796], [55.2721111, 25.2079118], [55.2719012, 25.2076011], [55.2717302, 25.2073452], [55.2714806, 25.2069757], [55.2713764, 25.2068105], [55.2712973, 25.2067198], [55.2712723, 25.2066923], [55.2712448, 25.2066687], [55.2712129, 25.2066503], [55.2711778, 25.2066377], [55.2711406, 25.2066315], [55.2711027, 25.2066318], [55.2710656, 25.2066386], [55.2710306, 25.2066516], [55.270999, 25.2066676], [55.2705379, 25.2069374], [55.2702935, 25.2070637]]}, "properties": {"class": "tertiary"}}, {"type": "Feature", "geometry": {"type": "LineString", "coordinates": [[55.2875324, 25.1960408], [55.2869743, 25.1963414], [55.2864194, 25.1966222], [55.28553, 25.197089], [55.2848032, 25.1974673], [55.2845969, 25.1975747], [55.2841813, 25.1978037], [55.2841355, 25.1978289], [55.2840384, 25.1978769], [55.2839328, 25.197926]]}, "properties": {"class": "primary"}}, {"type": "Feature", "geometry": {"type": "LineString", "coordinates": [[55.2892759, 25.1948737], [55.2893754, 25.1948231]]}, "properties": {"class": "primary"}}, {"type": "Feature", "geometry": {"type": "LineString", "coordinates": [[55.2726803, 25.2054043], [55.2726664, 25.2054304], [55.272591, 25.2055719], [55.2725076, 25.205742], [55.2724301, 25.2059143], [55.2724199, 25.2059673], [55.2724211, 25.2060201], [55.2724286, 25.2060693], [55.2724452, 25.206112], [55.2724753, 25.2061659], [55.2726387, 25.2063868]]}, "properties": {"class": "tertiary"}}, {"type": "Feature", "geometry": {"type": "LineString", "coordinates": [[55.2912619, 25.1980806], [55.2913578, 25.1982327], [55.2914889, 25.1984269], [55.2916229, 25.1986195], [55.2917579, 25.1988115], [55.2918406, 25.1989292], [55.2919266, 25.199045], [55.2920177, 25.1991576], [55.2921138, 25.1992667], [55.2922148, 25.1993721], [55.2923204, 25.1994738], [55.2924768, 25.1996282], [55.2926274, 25.199756], [55.2927821, 25.1998798], [55.2929408, 25.1999994], [55.2931033, 25.2001147], [55.2932695, 25.2002257], [55.2934791, 25.2003446], [55.2936931, 25.200457], [55.2939112, 25.2005627], [55.2941332, 25.2006616], [55.2943292, 25.2007432], [55.2945287, 25.2008175], [55.2947314, 25.2008843], [55.2949369, 25.2009435], [55.295145, 25.2009951], [55.2953552, 25.2010389], [55.2963204, 25.2012208], [55.2981806, 25.2015702], [55.3001835, 25.2019233], [55.302507, 25.2023249], [55.3047915, 25.2027254], [55.3051826, 25.2027987], [55.3053936, 25.2028508], [55.305602, 25.2029109], [55.3058073, 25.2029792], [55.3060091, 25.2030553], [55.3062072, 25.2031392], [55.3064011, 25.2032307], [55.3065905, 25.2033297], [55.306775, 25.203436], [55.306949, 25.2035461], [55.3071173, 25.2036631], [55.3072801, 25.2037865], [55.3074369, 25.203916], [55.3075876, 25.2040513], [55.3077318, 25.2041923], [55.3078693, 25.2043387], [55.3079998, 25.2044902], [55.3081231, 25.2046466], [55.3082498, 25.2048288], [55.3083674, 25.2050159], [55.3084757, 25.2052076], [55.3085744, 25.2054035], [55.3086634, 25.2056031], [55.3087424, 25.2058061], [55.3088114, 25.2060122], [55.3094462, 25.2078297], [55.3099021, 25.2091175], [55.3100981, 25.2096799]]}, "properties": {"class": "primary"}}, {"type": "Feature", "geometry": {"type": "LineString", "coordinates": [[55.3099594, 25.2097266], [55.3097612, 25.2091476], [55.3093252, 25.2078697], [55.3086852, 25.2060412], [55.3086138, 25.2058506], [55.3085344, 25.2056627], [55.308447, 25.2054776], [55.308352, 25.2052957], [55.3082439, 25.2051133], [55.3081271, 25.2049355], [55.3080018, 25.2047624], [55.3078682, 25.2045945], [55.3077266, 25.204432], [55.3075867, 25.2042826], [55.307439, 25.2041394], [55.307284, 25.2040027], [55.3071221, 25.2038728], [55.3069535, 25.2037499], [55.3067786, 25.2036345], [55.3066354, 25.2035457], [55.3064885, 25.2034618], [55.3063384, 25.2033828], [55.3061852, 25.2033088], [55.3060291, 25.20324], [55.3058703, 25.2031763], [55.3057091, 25.203118], [55.3055227, 25.2030581], [55.305334, 25.2030044], [55.3051433, 25.202957], [55.3049508, 25.202916], [55.3047567, 25.2028814], [55.3024667, 25.202484], [55.3001573, 25.2020859], [55.2962146, 25.201393], [55.2955162, 25.2012849], [55.2953249, 25.2012496], [55.2951348, 25.2012093], [55.294946, 25.2011642], [55.2947587, 25.2011142], [55.2945727, 25.2010614], [55.2944203, 25.2010096], [55.2942689, 25.2009563], [55.2941966, 25.2009296], [55.2940813, 25.200887], [55.2940455, 25.2008743], [55.2938885, 25.2008036], [55.2937362, 25.2007346], [55.2935852, 25.2006629], [55.2934177, 25.2005739], [55.2932541, 25.2004789], [55.2930946, 25.2003781], [55.2929397, 25.2002719], [55.2927894, 25.2001602], [55.2926188, 25.2000193], [55.2924536, 25.1998733], [55.2922941, 25.1997221], [55.2921405, 25.1995661], [55.2919929, 25.1994054], [55.2918515, 25.1992401], [55.2917163, 25.1990707], [55.2915864, 25.1988936], [55.291461, 25.1987139], [55.2913401, 25.1985317], [55.2912237, 25.1983471], [55.291112, 25.1981602]]}, "properties": {"class": "primary"}}, {"type": "Feature", "geometry": {"type": "LineString", "coordinates": [[55.2603465, 25.189851], [55.260367, 25.1897944], [55.2603758, 25.1897355], [55.2603726, 25.189676], [55.2603577, 25.189618], [55.2603313, 25.1895635]]}, "properties": {"class": "tertiary"}}, {"type": "Feature", "geometry": {"type": "LineString", "coordinates": [[55.2911231, 25.2109238], [55.2899375, 25.2110447], [55.289631, 25.2110793], [55.2894404, 25.2111053], [55.2887446, 25.2112051], [55.287898, 25.2113266], [55.2877907, 25.2113481], [55.2877256, 25.2113611], [55.2875562, 25.2114063], [55.2873908, 25.2114621], [55.28723, 25.2115282], [55.2870748, 25.2116042], [55.2861009, 25.2121737], [55.2860263, 25.2122145], [55.2859478, 25.2122486], [55.285866, 25.2122757], [55.2857817, 25.2122955], [55.2856956, 25.2123078], [55.2856047, 25.2123156], [55.2855133, 25.2123152], [55.2854225, 25.2123066], [55.285333, 25.2122898], [55.2852458, 25.2122652], [55.2851617, 25.2122328], [55.2850816, 25.212193], [55.2850107, 25.2121528], [55.2849746, 25.2121295], [55.2848771, 25.2120615], [55.2848148, 25.2120109], [55.2844377, 25.2117169], [55.2840007, 25.211381], [55.2832813, 25.2108282], [55.2830792, 25.210678], [55.2814376, 25.2094326], [55.2813633, 25.2093621], [55.281323, 25.2093163], [55.2812997, 25.2092834], [55.2812482, 25.2091978], [55.2812095, 25.2091068], [55.2811844, 25.2090121], [55.2811732, 25.2089151]]}, "properties": {"class": "tertiary"}}, {"type": "Feature", "geometry": {"type": "LineString", "coordinates": [[55.2801418, 25.2088281], [55.2800847, 25.2088529], [55.2800261, 25.2088745], [55.2799661, 25.208893], [55.2795779, 25.2089844], [55.2795512, 25.2089907], [55.2794442, 25.2090071]]}, "properties": {"class": "tertiary"}}, {"type": "Feature", "geometry": {"type": "LineString", "coordinates": [[55.2714807, 25.2258193], [55.2718774, 25.2255746], [55.2721466, 25.2254098], [55.2723242, 25.2253012]]}, "properties": {"class": "residential"}}, {"type": "Feature", "geometry": {"type": "LineString", "coordinates": [[55.2949339, 25.208182], [55.294738, 25.2082092]]}, "properties": {"class": "residential"}}, {"type": "Feature", "geometry": {"type": "LineString", "coordinates": [[55.2578767, 25.2188707], [55.2582943, 25.2194392], [55.2587047, 25.2200198], [55.2592039, 25.2206947]]}, "properties": {"class": "residential"}}, {"type": "Feature", "geometry": {"type": "LineString", "coordinates": [[55.2576309, 25.2198626], [55.2578353, 25.2201384], [55.2580595, 25.2204461], [55.2582513, 25.2207082], [55.2584678, 25.2210075], [55.2585055, 25.2210522], [55.2585464, 25.2210944], [55.2585972, 25.2211357]]}, "properties": {"class": "residential"}}, {"type": "Feature", "geometry": {"type": "LineString", "coordinates": [[55.256153, 25.2199548], [55.2565892, 25.220518], [55.2568117, 25.2208076], [55.2570405, 25.2211053], [55.2571975, 25.2213141], [55.257241, 25.2213705], [55.2576585, 25.2219112], [55.2582868, 25.2227367]]}, "properties": {"class": "residential"}}, {"type": "Feature", "geometry": {"type": "LineString", "coordinates": [[55.2553854, 25.2177269], [55.2559142, 25.2174071], [55.2562788, 25.2171866], [55.2564309, 25.2170938], [55.2572869, 25.2165731]]}, "properties": {"class": "residential"}}, {"type": "Feature", "geometry": {"type": "LineString", "coordinates": [[55.2562276, 25.2151295], [55.2552243, 25.2157966], [55.254712, 25.2161193], [55.2543225, 25.2163661], [55.254156, 25.2164652], [55.2540113, 25.2165561], [55.2534555, 25.2169017], [55.2530248, 25.2171814], [55.2528292, 25.2173026], [55.2526449, 25.2174182]]}, "properties": {"class": "residential"}}, {"type": "Feature", "geometry": {"type": "LineString", "coordinates": [[55.2500541, 25.2057022], [55.2501112, 25.2056674], [55.2505454, 25.2054027], [55.2506157, 25.2053598]]}, "properties": {"class": "residential"}}, {"type": "Feature", "geometry": {"type": "LineString", "coordinates": [[55.2504889, 25.2062778], [55.250539, 25.206246], [55.2509776, 25.2059677], [55.2510217, 25.2059394]]}, "properties": {"class": "residential"}}, {"type": "Feature", "geometry": {"type": "LineString", "coordinates": [[55.2489703, 25.2042901], [55.2488979, 25.2043357], [55.2483169, 25.2047016], [55.2482548, 25.2047407]]}, "properties": {"class": "residential"}}, {"type": "Feature", "geometry": {"type": "LineString", "coordinates": [[55.2557698, 25.2165033], [55.2567369, 25.2158342]]}, "properties": {"class": "residential"}}, {"type": "Feature", "geometry": {"type": "LineString", "coordinates": [[55.2583835, 25.2180498], [55.2585102, 25.2179772], [55.2589056, 25.2177505], [55.2590373, 25.2176698], [55.2591751, 25.21759], [55.2595148, 25.2173957], [55.2596658, 25.2173094]]}, "properties": {"class": "residential"}}, {"type": "Feature", "geometry": {"type": "LineString", "coordinates": [[55.2583665, 25.2153676], [55.2590343, 25.2163637], [55.2594586, 25.2169998], [55.2596658, 25.2173094], [55.2597733, 25.2174718], [55.2604741, 25.218534], [55.2609986, 25.2193353]]}, "properties": {"class": "residential"}}, {"type": "Feature", "geometry": {"type": "LineString", "coordinates": [[55.2687473, 25.2054004], [55.2682605, 25.2046366], [55.2679501, 25.204186]]}, "properties": {"class": "secondary"}}, {"type": "Feature", "geometry": {"type": "LineString", "coordinates": [[55.2680204, 25.2041341], [55.2682958, 25.2045265], [55.2688305, 25.2053545]]}, "properties": {"class": "secondary"}}, {"type": "Feature", "geometry": {"type": "LineString", "coordinates": [[55.2679501, 25.204186], [55.2670529, 25.2028912]]}, "properties": {"class": "secondary"}}, {"type": "Feature", "geometry": {"type": "LineString", "coordinates": [[55.2692, 25.2060162], [55.2694149, 25.206401]]}, "properties": {"class": "secondary"}}, {"type": "Feature", "geometry": {"type": "LineString", "coordinates": [[55.2691146, 25.2060515], [55.2687473, 25.2054004]]}, "properties": {"class": "secondary"}}, {"type": "Feature", "geometry": {"type": "LineString", "coordinates": [[55.2688305, 25.2053545], [55.2692, 25.2060162]]}, "properties": {"class": "secondary"}}, {"type": "Feature", "geometry": {"type": "LineString", "coordinates": [[55.295653, 25.222737], [55.295623, 25.2227907], [55.2955889, 25.2228422], [55.2955507, 25.2228915], [55.2955087, 25.222938], [55.2954149, 25.2230276], [55.2953803, 25.2230713], [55.2953657, 25.2231134], [55.2953665, 25.2231575], [55.2953854, 25.2231981], [55.2954229, 25.2232433], [55.2954567, 25.2232824], [55.2955004, 25.2233252], [55.2955507, 25.2233808]]}, "properties": {"class": "secondary"}}, {"type": "Feature", "geometry": {"type": "LineString", "coordinates": [[55.2955507, 25.2233808], [55.2954804, 25.223334], [55.2954425, 25.2233026], [55.2953984, 25.2232669], [55.2953669, 25.2232401], [55.295329, 25.2232215], [55.295287, 25.2232124], [55.2952438, 25.2232132], [55.2952024, 25.2232241], [55.2951663, 25.2232468], [55.2951353, 25.2232723], [55.2950704, 25.2233279], [55.2950043, 25.2233802], [55.2949349, 25.2234294], [55.2948618, 25.2234743], [55.2947768, 25.2235078]]}, "properties": {"class": "secondary"}}, {"type": "Feature", "geometry": {"type": "LineString", "coordinates": [[55.2955507, 25.2233808], [55.2957699, 25.2235797], [55.29581, 25.2236161], [55.2959091, 25.2237064], [55.2960129, 25.2237806], [55.2961267, 25.2238415], [55.2962539, 25.2238868], [55.296376, 25.2239131], [55.2964875, 25.2239498], [55.2965932, 25.2239985], [55.2966915, 25.2240584], [55.2967744, 25.2241299], [55.2968549, 25.2242105], [55.2968995, 25.2242563], [55.2970897, 25.2244618], [55.2975884, 25.2249805], [55.2980582, 25.2254728], [55.2981011, 25.2255146], [55.2981501, 25.2255633]]}, "properties": {"class": "secondary"}}, {"type": "Feature", "geometry": {"type": "LineString", "coordinates": [[55.2609906, 25.2099524], [55.2609356, 25.2098583], [55.2608346, 25.2097003], [55.2606133, 25.2093823], [55.2605541, 25.2092959], [55.260503, 25.2092213], [55.2602775, 25.208854], [55.2601565, 25.208669], [55.2594076, 25.2075546], [55.2593816, 25.207516]]}, "properties": {"class": "tertiary"}}, {"type": "Feature", "geometry": {"type": "LineString", "coordinates": [[55.2694149, 25.206401], [55.2698189, 25.207058], [55.2702353, 25.2076731], [55.2702916, 25.2077441], [55.2703741, 25.2078295]]}, "properties": {"class": "secondary"}}, {"type": "Feature", "geometry": {"type": "LineString", "coordinates": [[55.2693634, 25.2064824], [55.2691146, 25.2060515]]}, "properties": {"class": "secondary"}}, {"type": "Feature", "geometry": {"type": "LineString", "coordinates": [[55.2763419, 25.1860128], [55.2765322, 25.1858748], [55.2767172, 25.185731], [55.2768967, 25.1855816], [55.2772679, 25.1852533], [55.277335, 25.1851845], [55.2773888, 25.1851099], [55.2774276, 25.185028], [55.2774503, 25.1849414]]}, "properties": {"class": "tertiary"}}, {"type": "Feature", "geometry": {"type": "LineString", "coordinates": [[55.2684292, 25.1900926], [55.2682263, 25.18997], [55.2681183, 25.1899088], [55.2680078, 25.1898514], [55.2678949, 25.1897979], [55.2677798, 25.1897484], [55.2669279, 25.1894248], [55.2667196, 25.1893386], [55.2663655, 25.1891799], [55.2663094, 25.1891547], [55.2660686, 25.1890398], [55.2658309, 25.1889182], [55.2655983, 25.1887885], [55.265372, 25.1886502]]}, "properties": {"class": "tertiary"}}, {"type": "Feature", "geometry": {"type": "LineString", "coordinates": [[55.2715916, 25.1922084], [55.2716771, 25.192288], [55.2717735, 25.1923566], [55.2718792, 25.1924129], [55.2719923, 25.1924559], [55.2721107, 25.1924848], [55.2721676, 25.1924985], [55.2723889, 25.1925032], [55.2724764, 25.1924834], [55.2725946, 25.1924535], [55.2727189, 25.192408], [55.2728389, 25.1923538], [55.2729538, 25.1922913], [55.2730979, 25.1922129]]}, "properties": {"class": "residential"}}, {"type": "Feature", "geometry": {"type": "LineString", "coordinates": [[55.2739865, 25.1908554], [55.2739538, 25.1907622], [55.2739256, 25.1906761]]}, "properties": {"class": "secondary"}}, {"type": "Feature", "geometry": {"type": "LineString", "coordinates": [[55.2600337, 25.2214038], [55.2593123, 25.2206137]]}, "properties": {"class": "residential"}}, {"type": "Feature", "geometry": {"type": "LineString", "coordinates": [[55.2599704, 25.2201122], [55.2605653, 25.2210028]]}, "properties": {"class": "residential"}}, {"type": "Feature", "geometry": {"type": "LineString", "coordinates": [[55.2637051, 25.2053815], [55.2641164, 25.2060246], [55.2646206, 25.206772], [55.2649241, 25.207222]]}, "properties": {"class": "residential"}}, {"type": "Feature", "geometry": {"type": "LineString", "coordinates": [[55.2684024, 25.1918798], [55.2683244, 25.1920077], [55.2682547, 25.1921395], [55.2681937, 25.1922748], [55.2681414, 25.192413], [55.2680954, 25.1925538], [55.2680572, 25.1926966], [55.2680229, 25.1928446], [55.2679835, 25.1931029], [55.267966, 25.1932034], [55.2679142, 25.1934515], [55.2678687, 25.1935957]]}, "properties": {"class": "tertiary"}}, {"type": "Feature", "geometry": {"type": "LineString", "coordinates": [[55.2775293, 25.1882681], [55.2775423, 25.1883226], [55.2775617, 25.1883757], [55.2775872, 25.1884265], [55.2776186, 25.1884747], [55.2780432, 25.189053], [55.2781097, 25.1891335], [55.2781588, 25.1891944], [55.2782089, 25.1892544], [55.2782611, 25.1893137], [55.2783356, 25.1893958], [55.2784639, 25.1895304], [55.2786083, 25.1896739], [55.2787568, 25.1898139], [55.2789091, 25.1899506], [55.2790653, 25.1900836], [55.2792251, 25.190213], [55.2793886, 25.1903387], [55.2795555, 25.1904605], [55.2801202, 25.1908482], [55.2801953, 25.1909067], [55.2803464, 25.1910266], [55.2804521, 25.1911106], [55.2805567, 25.1911958], [55.28066, 25.1912821], [55.2812545, 25.1918299], [55.2814153, 25.1920007], [55.2814758, 25.1920652]]}, "properties": {"class": "tertiary"}}, {"type": "Feature", "geometry": {"type": "LineString", "coordinates": [[55.2776728, 25.184285], [55.2778133, 25.1842411], [55.2779618, 25.1842343], [55.2781065, 25.1842651]]}, "properties": {"class": "secondary"}}, {"type": "Feature", "geometry": {"type": "LineString", "coordinates": [[55.2716684, 25.1876266], [55.2715841, 25.1876767]]}, "properties": {"class": "secondary"}}, {"type": "Feature", "geometry": {"type": "LineString", "coordinates": [[55.275547, 25.1861113], [55.2752342, 25.1857539]]}, "properties": {"class": "tertiary"}}, {"type": "Feature", "geometry": {"type": "LineString", "coordinates": [[55.2781065, 25.1842651], [55.2784999, 25.1841241], [55.2785998, 25.184096], [55.2787018, 25.1840754], [55.2788053, 25.1840623], [55.2789097, 25.1840568], [55.2790142, 25.184059]]}, "properties": {"class": "secondary"}}, {"type": "Feature", "geometry": {"type": "LineString", "coordinates": [[55.276645, 25.1842977], [55.2769632, 25.1842303], [55.2771058, 25.1842133], [55.2772496, 25.1842102], [55.277393, 25.1842209], [55.2775343, 25.1842454], [55.2776728, 25.184285]]}, "properties": {"class": "secondary"}}, {"type": "Feature", "geometry": {"type": "LineString", "coordinates": [[55.2865305, 25.1922443], [55.2864234, 25.1922833], [55.2863893, 25.1923002], [55.2863588, 25.192322], [55.2863329, 25.1923482], [55.2863123, 25.1923779], [55.2862976, 25.1924105], [55.2862732, 25.1925099], [55.2862537, 25.1926463], [55.2862419, 25.1927288], [55.2862406, 25.1927806], [55.2862485, 25.1928318], [55.2862654, 25.1928813], [55.2862908, 25.1929276], [55.286337, 25.1929917]]}, "properties": {"class": "tertiary"}}, {"type": "Feature", "geometry": {"type": "LineString", "coordinates": [[55.2794521, 25.1868722], [55.2793077, 25.1866967], [55.2791601, 25.1865235], [55.2790092, 25.1863525], [55.2788551, 25.1861839], [55.2786979, 25.1860177]]}, "properties": {"class": "tertiary"}}, {"type": "Feature", "geometry": {"type": "LineString", "coordinates": [[55.2799587, 25.1875151], [55.2799113, 25.1874923], [55.2798759, 25.1874765], [55.2798379, 25.1874671], [55.2797986, 25.1874644], [55.2797595, 25.1874686], [55.279722, 25.1874795], [55.2796874, 25.1874966], [55.2795215, 25.1875924]]}, "properties": {"class": "residential"}}, {"type": "Feature", "geometry": {"type": "LineString", "coordinates": [[55.2795298, 25.1873828], [55.2795725, 25.1874207], [55.279609, 25.1874363], [55.2796493, 25.1874374], [55.2796867, 25.1874239], [55.279715, 25.1873979], [55.2797296, 25.1873639], [55.2797279, 25.1873275], [55.2797102, 25.1872947], [55.2795718, 25.1870982], [55.2795338, 25.1870455], [55.2795011, 25.1869899], [55.2794737, 25.186932], [55.2794521, 25.1868722]]}, "properties": {"class": "residential"}}, {"type": "Feature", "geometry": {"type": "LineString", "coordinates": [[55.2652365, 25.2078745], [55.2651886, 25.2078991]]}, "properties": {"class": "primary"}}, {"type": "Feature", "geometry": {"type": "LineString", "coordinates": [[55.2674041, 25.2064772], [55.2680948, 25.2061439]]}, "properties": {"class": "primary"}}, {"type": "Feature", "geometry": {"type": "LineString", "coordinates": [[55.2833571, 25.1825163], [55.2847027, 25.1833635], [55.2848634, 25.1834689], [55.2850199, 25.1835793], [55.2851721, 25.1836945], [55.2853198, 25.1838144], [55.2854628, 25.1839388], [55.2856009, 25.1840677], [55.2857589, 25.1842374], [55.2859103, 25.1844118], [55.2860551, 25.1845909], [55.286193, 25.1847743], [55.2863064, 25.1849431], [55.2864118, 25.1851161], [55.286509, 25.1852931], [55.2866115, 25.185483], [55.2867239, 25.18567]]}, "properties": {"class": "tertiary"}}, {"type": "Feature", "geometry": {"type": "LineString", "coordinates": [[55.2772688, 25.1812456], [55.2773234, 25.1812288], [55.2773747, 25.1812052], [55.2774219, 25.1811752], [55.2774639, 25.1811395], [55.2774998, 25.1810987], [55.2775289, 25.1810538], [55.2775507, 25.1810055], [55.2775664, 25.1809544]]}, "properties": {"class": "residential"}}, {"type": "Feature", "geometry": {"type": "LineString", "coordinates": [[55.2615343, 25.1919411], [55.2615034, 25.1919305], [55.2614741, 25.1919155], [55.2614499, 25.1918944], [55.26143, 25.1918637], [55.261421, 25.191829], [55.2614236, 25.1917934], [55.2614376, 25.1917601], [55.2614545, 25.1917387], [55.2614762, 25.1917212], [55.2615149, 25.191704], [55.2615575, 25.1916988], [55.2615998, 25.1917064], [55.2616366, 25.1917252], [55.2616649, 25.1917536], [55.261682, 25.1917886], [55.2616861, 25.1918267], [55.2616765, 25.1918639], [55.261654, 25.1918977], [55.2616204, 25.191923], [55.2615795, 25.191937], [55.2615343, 25.1919411]]}, "properties": {"class": "tertiary"}}, {"type": "Feature", "geometry": {"type": "LineString", "coordinates": [[55.2533341, 25.181349], [55.2532483, 25.181415], [55.2531868, 25.1814624], [55.2529357, 25.1816558], [55.2525839, 25.1819267], [55.2523511, 25.1821059], [55.2523212, 25.1821362], [55.2523034, 25.1821734], [55.2522995, 25.1822139], [55.25231, 25.1822534], [55.2523338, 25.1822878]]}, "properties": {"class": "tertiary"}}, {"type": "Feature", "geometry": {"type": "LineString", "coordinates": [[55.2531156, 25.1803048], [55.253662, 25.1808682], [55.2536922, 25.1809058], [55.2537095, 25.1809496], [55.2537125, 25.1809959], [55.2537009, 25.1810412], [55.2536757, 25.1810817], [55.253639, 25.1811142], [55.2533758, 25.1813169], [55.2533341, 25.181349]]}, "properties": {"class": "tertiary"}}, {"type": "Feature", "geometry": {"type": "LineString", "coordinates": [[55.2616765, 25.1918639], [55.2616711, 25.1919022], [55.261671, 25.1919408], [55.2616762, 25.1919791], [55.2616853, 25.1920165], [55.261711, 25.1920994], [55.2617616, 25.1922604], [55.2617954, 25.1923524], [55.2618342, 25.1924428], [55.261878, 25.1925313], [55.2619264, 25.1926178], [55.2619796, 25.192702], [55.2620372, 25.1927838], [55.2620992, 25.1928629], [55.2621655, 25.1929391], [55.2624393, 25.1932433], [55.2624902, 25.1933036], [55.2625383, 25.1933657], [55.2625836, 25.1934295]]}, "properties": {"class": "tertiary"}}, {"type": "Feature", "geometry": {"type": "LineString", "coordinates": [[55.2541848, 25.1781845], [55.2542089, 25.1782139], [55.2544954, 25.1785634], [55.2545227, 25.1785945], [55.2545436, 25.1786294], [55.2545574, 25.1786671], [55.2545638, 25.1787064], [55.2545625, 25.1787461], [55.2545537, 25.1787847], [55.2545376, 25.1788212], [55.2545148, 25.1788548], [55.2544859, 25.1788842], [55.2544527, 25.1789096], [55.2543466, 25.1789752], [55.2542426, 25.1790434], [55.2541078, 25.1791383], [55.2539771, 25.1792376], [55.2538845, 25.1793161], [55.2538413, 25.1793582], [55.2537961, 25.1793984], [55.253709, 25.1794667], [55.2535401, 25.1795991], [55.2532632, 25.179816], [55.2531452, 25.1799085], [55.2531106, 25.1799361], [55.2530769, 25.1799645], [55.2530441, 25.1799938], [55.2530122, 25.1800239], [55.2529805, 25.1800548]]}, "properties": {"class": "tertiary"}}, {"type": "Feature", "geometry": {"type": "LineString", "coordinates": [[55.2751838, 25.1791254], [55.2753497, 25.1792614], [55.2754313, 25.1793343], [55.2755148, 25.1794053], [55.2756002, 25.1794746], [55.2756298, 25.1794977], [55.2757264, 25.1795708], [55.2758252, 25.1796415], [55.275926, 25.1797098], [55.2760288, 25.1797756], [55.2761335, 25.1798389], [55.2764762, 25.1800212], [55.2770974, 25.1803362], [55.2771762, 25.180384], [55.2772496, 25.1804384], [55.2773171, 25.1804987], [55.277398, 25.180578], [55.2774316, 25.1806354], [55.2774777, 25.1807104], [55.2775158, 25.1807891], [55.2775454, 25.1808707], [55.2775664, 25.1809544]]}, "properties": {"class": "residential"}}, {"type": "Feature", "geometry": {"type": "LineString", "coordinates": [[55.2775664, 25.1809544], [55.2775892, 25.1810055], [55.27762, 25.1810529], [55.2776584, 25.1810955], [55.2777037, 25.1811323], [55.2777546, 25.1811623], [55.2778101, 25.1811848], [55.2778687, 25.1811994], [55.2779291, 25.1812056]]}, "properties": {"class": "residential"}}, {"type": "Feature", "geometry": {"type": "LineString", "coordinates": [[55.2618075, 25.1841091], [55.2617699, 25.1840784], [55.2617463, 25.1840384], [55.26174, 25.1839935], [55.2617514, 25.1839489], [55.2617745, 25.1839176], [55.2618067, 25.1838934], [55.2618454, 25.183879], [55.2618871, 25.1838758], [55.2619279, 25.183884], [55.2619641, 25.183903], [55.26199, 25.1839276], [55.2620076, 25.1839576], [55.2620155, 25.1839908], [55.2620133, 25.1840248], [55.2620011, 25.1840569], [55.2619797, 25.1840848], [55.2619575, 25.1841025], [55.2619317, 25.1841155], [55.2619034, 25.1841233], [55.2618704, 25.1841252], [55.2618379, 25.1841201], [55.2618075, 25.1841091]]}, "properties": {"class": "tertiary"}}, {"type": "Feature", "geometry": {"type": "LineString", "coordinates": [[55.2641951, 25.1850754], [55.2641222, 25.1849648], [55.2640417, 25.1848586], [55.2639541, 25.1847572], [55.2638595, 25.184661], [55.2637585, 25.1845703], [55.2636513, 25.1844856], [55.2635466, 25.1844127], [55.2635145, 25.1843925], [55.2634205, 25.1843352], [55.2632977, 25.1842702], [55.2631706, 25.1842123], [55.2630397, 25.1841617], [55.2629056, 25.1841187], [55.2627688, 25.1840834], [55.2626298, 25.1840559], [55.2624891, 25.1840364], [55.2622501, 25.1840049]]}, "properties": {"class": "tertiary"}}, {"type": "Feature", "geometry": {"type": "LineString", "coordinates": [[55.2618252, 25.1807492], [55.2618113, 25.1808294], [55.2618056, 25.1809105], [55.2618081, 25.1809916], [55.261819, 25.1810722], [55.2618833, 25.1813825], [55.2619019, 25.181472], [55.2619166, 25.1815621], [55.2619273, 25.1816526], [55.2619342, 25.1817435], [55.2619445, 25.1818674], [55.2619502, 25.1819915], [55.2619513, 25.1821157], [55.2619566, 25.1827142], [55.2619726, 25.1829231], [55.2619949, 25.1831315], [55.2620234, 25.1833393], [55.2620581, 25.1835463], [55.2620991, 25.1837524], [55.2621462, 25.1839574], [55.2621995, 25.1841611], [55.2622589, 25.1843635], [55.2623277, 25.1845635], [55.2623794, 25.18472], [55.2624361, 25.1848751], [55.2624978, 25.1850286], [55.2625644, 25.1851804], [55.2626359, 25.1853304], [55.2627122, 25.1854784], [55.2627932, 25.1856244], [55.2628788, 25.1857681]]}, "properties": {"class": "tertiary"}}, {"type": "Feature", "geometry": {"type": "LineString", "coordinates": [[55.2629429, 25.1798502], [55.2621985, 25.1802899], [55.262131, 25.1803346], [55.2620588, 25.1803886], [55.2619941, 25.1804498], [55.2619376, 25.1805175], [55.2618903, 25.1805906], [55.2618526, 25.1806682], [55.2618252, 25.1807492]]}, "properties": {"class": "tertiary"}}, {"type": "Feature", "geometry": {"type": "LineString", "coordinates": [[55.2841128, 25.1907402], [55.2842598, 25.190666]]}, "properties": {"class": "tertiary"}}, {"type": "Feature", "geometry": {"type": "LineString", "coordinates": [[55.2843261, 25.1907773], [55.2841789, 25.1908531]]}, "properties": {"class": "tertiary"}}, {"type": "Feature", "geometry": {"type": "LineString", "coordinates": [[55.2837266, 25.1917441], [55.2838623, 25.1918666], [55.2840051, 25.1919827], [55.2841532, 25.1920933], [55.2843062, 25.1921983], [55.2844639, 25.1922974], [55.284626, 25.1923904], [55.2847923, 25.1924773], [55.2849624, 25.1925579]]}, "properties": {"class": "tertiary"}}, {"type": "Feature", "geometry": {"type": "LineString", "coordinates": [[55.2826338, 25.186073], [55.2824502, 25.1859518], [55.2823995, 25.185927], [55.282344, 25.185913], [55.2822865, 25.1859106], [55.2822298, 25.1859197], [55.2821768, 25.18594], [55.2821272, 25.1859673], [55.2819354, 25.1860922], [55.2813422, 25.1864687], [55.2809358, 25.1867238], [55.2805674, 25.1869606], [55.2805139, 25.1870031], [55.2804907, 25.1870271], [55.2804729, 25.1870509], [55.2804515, 25.1870874], [55.2804368, 25.187124], [55.280428, 25.187163], [55.2804232, 25.1872015], [55.280422, 25.1872409], [55.280427, 25.1872805], [55.2804499, 25.1873568], [55.2804912, 25.1874259]]}, "properties": {"class": "tertiary"}}, {"type": "Feature", "geometry": {"type": "LineString", "coordinates": [[55.280733, 25.1867547], [55.2809053, 25.1866488], [55.2820361, 25.1859564], [55.282078, 25.1859292], [55.2821138, 25.1858963], [55.2821423, 25.185858], [55.2821625, 25.1858156], [55.2821737, 25.1857706], [55.2821756, 25.1857245], [55.2821681, 25.1856789], [55.2821518, 25.1856353], [55.2820956, 25.1855118]]}, "properties": {"class": "tertiary"}}, {"type": "Feature", "geometry": {"type": "LineString", "coordinates": [[55.2858139, 25.1928722], [55.2859562, 25.1928547], [55.2860233, 25.1928405], [55.2860843, 25.1928113], [55.2861352, 25.1927692], [55.2861726, 25.1927168], [55.2861942, 25.1926575], [55.2862225, 25.1925049], [55.2862316, 25.1924341], [55.2862276, 25.1923885], [55.2862129, 25.1923448], [55.2861874, 25.1923054], [55.2861524, 25.1922725], [55.2860459, 25.1921789]]}, "properties": {"class": "tertiary"}}, {"type": "Feature", "geometry": {"type": "LineString", "coordinates": [[55.264301, 25.2142379], [55.2644097, 25.2142713], [55.2644484, 25.2142895], [55.2644826, 25.214314], [55.2644989, 25.2143298], [55.2645133, 25.2143472], [55.2646481, 25.2145283], [55.2648166, 25.2147489], [55.2651217, 25.2151484], [55.2653818, 25.2154891], [55.2654435, 25.2155731], [55.2656058, 25.2157943], [55.2657712, 25.2160197], [55.2661833, 25.2165814], [55.2662013, 25.2166118], [55.2662118, 25.216645], [55.2662143, 25.2166794], [55.2662087, 25.2167135], [55.2661929, 25.2167646]]}, "properties": {"class": "residential"}}, {"type": "Feature", "geometry": {"type": "LineString", "coordinates": [[55.2837575, 25.2206742], [55.2837648, 25.2207034], [55.2837847, 25.2207581], [55.28381, 25.2208108], [55.2838407, 25.2208612], [55.2842548, 25.2214659], [55.2846367, 25.2220208], [55.2847928, 25.2222585], [55.2848206, 25.2222998], [55.2848547, 25.2223371], [55.2848944, 25.2223696], [55.2849388, 25.2223965], [55.2849871, 25.2224174], [55.2850382, 25.2224318], [55.285089, 25.2224379]]}, "properties": {"class": "tertiary"}}, {"type": "Feature", "geometry": {"type": "LineString", "coordinates": [[55.2880289, 25.1920104], [55.2879961, 25.1920566], [55.2879728, 25.1921074], [55.2879599, 25.192161], [55.2879576, 25.192216], [55.2879662, 25.1922703], [55.2879868, 25.1923214]]}, "properties": {"class": "residential"}}, {"type": "Feature", "geometry": {"type": "LineString", "coordinates": [[55.2879868, 25.1923214], [55.2879425, 25.1922661], [55.2878903, 25.1922168], [55.2878299, 25.1921758], [55.2877628, 25.1921443], [55.287691, 25.1921231]]}, "properties": {"class": "residential"}}, {"type": "Feature", "geometry": {"type": "LineString", "coordinates": [[55.2892186, 25.1934204], [55.2893629, 25.1934561], [55.2893844, 25.193466], [55.2893991, 25.1934848], [55.2894044, 25.1935073], [55.2893996, 25.1935299], [55.2893855, 25.193549], [55.2893642, 25.1935616], [55.2893391, 25.1935656], [55.2893144, 25.1935605], [55.2892938, 25.193547], [55.2892812, 25.1935273], [55.2892186, 25.1934204]]}, "properties": {"class": "residential"}}, {"type": "Feature", "geometry": {"type": "LineString", "coordinates": [[55.2623754, 25.1885326], [55.2621441, 25.1887067], [55.2621071, 25.1887345], [55.2620235, 25.1887979]]}, "properties": {"class": "secondary"}}, {"type": "Feature", "geometry": {"type": "LineString", "coordinates": [[55.26468, 25.1867531], [55.2644435, 25.186922]]}, "properties": {"class": "secondary"}}, {"type": "Feature", "geometry": {"type": "LineString", "coordinates": [[55.2553605, 25.1862854], [55.2575272, 25.1886446]]}, "properties": {"class": "motorway"}}, {"type": "Feature", "geometry": {"type": "LineString", "coordinates": [[55.2530324, 25.183759], [55.2553605, 25.1862854]]}, "properties": {"class": "motorway"}}, {"type": "Feature", "geometry": {"type": "LineString", "coordinates": [[55.2504143, 25.1805076], [55.250325, 25.1806132], [55.2502257, 25.1807111], [55.2501171, 25.1808006], [55.2500002, 25.180881], [55.2498758, 25.1809517], [55.2497449, 25.1810121], [55.2496088, 25.1810621]]}, "properties": {"class": "secondary"}}, {"type": "Feature", "geometry": {"type": "LineString", "coordinates": [[55.2642174, 25.1959218], [55.2655365, 25.1973997], [55.2662319, 25.1982171], [55.2663357, 25.1983425]]}, "properties": {"class": "motorway"}}, {"type": "Feature", "geometry": {"type": "LineString", "coordinates": [[55.2527731, 25.1839261], [55.2494286, 25.1803082], [55.2475519, 25.1782926], [55.2460577, 25.1766878], [55.2427519, 25.1730945], [55.2413037, 25.1715127], [55.2404561, 25.1705362], [55.2385384, 25.1684476], [55.2374651, 25.1672912], [55.2357997, 25.1654969], [55.2317253, 25.1610774], [55.2296508, 25.1585292], [55.2292992, 25.1580439], [55.2290784, 25.1577224], [55.2288626, 25.1573981], [55.228652, 25.157071], [55.2275987, 25.1553633], [55.2251038, 25.1513579], [55.2185427, 25.1408524], [55.2161409, 25.1370096], [55.2135611, 25.1328826], [55.2134342, 25.132695], [55.2133036, 25.1325094], [55.2131694, 25.132326], [55.2130316, 25.1321447], [55.2128903, 25.1319657], [55.2127456, 25.131789], [55.2121514, 25.1310689], [55.2118654, 25.1307477], [55.2115717, 25.1304323], [55.2112703, 25.1301228], [55.2109614, 25.1298194], [55.2106452, 25.1295222], [55.2103219, 25.1292315], [55.2099915, 25.1289473], [55.2096543, 25.1286698], [55.2093104, 25.128399], [55.2088822, 25.1280794], [55.2013311, 25.1227365], [55.199443, 25.1214087], [55.1958516, 25.1188752], [55.1932459, 25.1170621], [55.1927391, 25.1167085]]}, "properties": {"class": "motorway"}}, {"type": "Feature", "geometry": {"type": "LineString", "coordinates": [[55.273266, 25.2086822], [55.2709173, 25.2052348], [55.2683468, 25.2015516], [55.2676007, 25.2004854], [55.2666509, 25.1991895], [55.2662623, 25.1986895], [55.2659348, 25.1982886], [55.265602, 25.1978914], [55.2652639, 25.1974978], [55.2645719, 25.196722], [55.2620647, 25.1939949]]}, "properties": {"class": "motorway"}}, {"type": "Feature", "geometry": {"type": "LineString", "coordinates": [[55.2661671, 25.2088702], [55.2663228, 25.2089118]]}, "properties": {"class": "residential"}}, {"type": "Feature", "geometry": {"type": "LineString", "coordinates": [[55.2711987, 25.2173897], [55.2706731, 25.216696], [55.2705904, 25.2165869], [55.2701053, 25.2159085]]}, "properties": {"class": "residential"}}, {"type": "Feature", "geometry": {"type": "LineString", "coordinates": [[55.2703268, 25.2181078], [55.2707376, 25.2178439], [55.2711788, 25.2175605], [55.2712072, 25.2175233], [55.2712207, 25.2174787], [55.2712177, 25.2174326], [55.2711987, 25.2173897]]}, "properties": {"class": "residential"}}, {"type": "Feature", "geometry": {"type": "LineString", "coordinates": [[55.2926941, 25.2254308], [55.2927828, 25.2255232], [55.2930175, 25.2257627], [55.2937411, 25.2264522], [55.2942787, 25.2269563]]}, "properties": {"class": "secondary"}}, {"type": "Feature", "geometry": {"type": "LineString", "coordinates": [[55.2591532, 25.2005449], [55.2596617, 25.2002451], [55.2597191, 25.2002113], [55.2604021, 25.1998083], [55.2605988, 25.1996965], [55.2608931, 25.1995269], [55.2614889, 25.1991706], [55.2616763, 25.1990429], [55.2619379, 25.1988442], [55.2625588, 25.1983736], [55.2626049, 25.1983387], [55.2630175, 25.1980265]]}, "properties": {"class": "residential"}}, {"type": "Feature", "geometry": {"type": "LineString", "coordinates": [[55.2614889, 25.1991706], [55.2617916, 25.1995056], [55.2618849, 25.1996153], [55.2620255, 25.1997806], [55.2622173, 25.2000367], [55.262377, 25.2002498]]}, "properties": {"class": "residential"}}, {"type": "Feature", "geometry": {"type": "LineString", "coordinates": [[55.2597191, 25.2002113], [55.2600883, 25.2007484], [55.2601285, 25.2007846], [55.2601806, 25.2008052], [55.2602373, 25.2008073], [55.260291, 25.2007905], [55.2605824, 25.2006289], [55.2612247, 25.2002527], [55.2612544, 25.2002267], [55.261275, 25.2001942], [55.261285, 25.2001579], [55.2612834, 25.2001208], [55.261268, 25.2000801], [55.2612346, 25.200026], [55.2608931, 25.1995269]]}, "properties": {"class": "residential"}}, {"type": "Feature", "geometry": {"type": "LineString", "coordinates": [[55.2601633, 25.1969228], [55.260551, 25.1973608], [55.260722, 25.1975358], [55.2608554, 25.1976762], [55.2611406, 25.1979816], [55.2613966, 25.1982557], [55.2617078, 25.1985941], [55.2619379, 25.1988442]]}, "properties": {"class": "residential"}}, {"type": "Feature", "geometry": {"type": "LineString", "coordinates": [[55.2607769, 25.1964361], [55.2611892, 25.196893], [55.2613457, 25.19706], [55.2615654, 25.1972946], [55.2618997, 25.1976497], [55.2619436, 25.1977082], [55.2619545, 25.1977674], [55.2619394, 25.1978259], [55.2619007, 25.1978747]]}, "properties": {"class": "residential"}}, {"type": "Feature", "geometry": {"type": "LineString", "coordinates": [[55.2610518, 25.1959798], [55.2606633, 25.1962769], [55.2606096, 25.1963179], [55.2600403, 25.1967533], [55.2599845, 25.1967959], [55.2596266, 25.1970696], [55.2592683, 25.1973437], [55.2589098, 25.1976178], [55.2588318, 25.1976774], [55.2582716, 25.1981058], [55.2581923, 25.1981665], [55.2578016, 25.1984652]]}, "properties": {"class": "residential"}}, {"type": "Feature", "geometry": {"type": "LineString", "coordinates": [[55.2593275, 25.1982812], [55.2602211, 25.197615], [55.2602903, 25.1975608], [55.260551, 25.1973608]]}, "properties": {"class": "residential"}}, {"type": "Feature", "geometry": {"type": "LineString", "coordinates": [[55.2720685, 25.1987327], [55.2719871, 25.1986931], [55.2719805, 25.1986899], [55.2718262, 25.1986043], [55.2717142, 25.1985367], [55.2715256, 25.1984098], [55.2713439, 25.1982749], [55.2711696, 25.1981322], [55.2710031, 25.197982], [55.2708447, 25.1978248], [55.2706949, 25.1976608], [55.2705541, 25.1974906], [55.2704323, 25.1973333], [55.2703547, 25.1972233], [55.2702852, 25.1971108], [55.2702192, 25.1969967], [55.2701566, 25.1968809], [55.2700866, 25.1967452], [55.2700494, 25.1966685], [55.2700041, 25.1965722], [55.2699618, 25.1964748], [55.2699198, 25.1963729], [55.2699146, 25.1963568], [55.2698443, 25.1961428], [55.2698107, 25.1960244], [55.2697803, 25.1959053], [55.2697533, 25.1957854], [55.2697326, 25.1956647], [55.2697082, 25.1955071], [55.2696905, 25.1953489], [55.2696795, 25.1951901], [55.2696752, 25.195031], [55.269679, 25.1948356], [55.2696869, 25.1947131], [55.2697166, 25.1944822], [55.269743, 25.1942986], [55.2697769, 25.194116], [55.2698266, 25.1939212], [55.269838, 25.193871], [55.2698723, 25.1937333], [55.2699021, 25.1936475], [55.2699646, 25.193487], [55.2700448, 25.1933065], [55.2701352, 25.1931299], [55.2702326, 25.1929601], [55.27032, 25.1928137], [55.2704108, 25.1926728], [55.2705074, 25.1925352], [55.2706099, 25.192401], [55.270718, 25.1922705], [55.2708316, 25.1921439], [55.2709504, 25.1920213], [55.2711079, 25.1918723], [55.2712164, 25.1917883], [55.2713259, 25.1917063], [55.2715813, 25.1915213], [55.2718291, 25.1913592], [55.2720879, 25.1912192], [55.2724417, 25.1910567], [55.2726884, 25.1909576], [55.2729414, 25.1908725], [55.2731997, 25.1908019], [55.2734624, 25.1907458], [55.2737295, 25.1907057], [55.2739256, 25.1906761], [55.2740232, 25.190667], [55.2742015, 25.1906562], [55.2742762, 25.1906552], [55.2744783, 25.1906527], [55.2746804, 25.190657], [55.2748822, 25.1906683], [55.2750833, 25.1906865], [55.2752835, 25.1907116], [55.2754117, 25.19073], [55.2755126, 25.1907413]]}, "properties": {"class": "primary"}}, {"type": "Feature", "geometry": {"type": "LineString", "coordinates": [[55.2837366, 25.19109], [55.2834571, 25.1912299], [55.2834164, 25.1912503]]}, "properties": {"class": "tertiary"}}, {"type": "Feature", "geometry": {"type": "LineString", "coordinates": [[55.2740232, 25.190667], [55.2740534, 25.190744], [55.2740992, 25.1908456]]}, "properties": {"class": "secondary"}}, {"type": "Feature", "geometry": {"type": "LineString", "coordinates": [[55.2739256, 25.1906761], [55.2738967, 25.1905487], [55.2738782, 25.1904463], [55.273862, 25.1903826], [55.2738411, 25.1903201], [55.2738153, 25.1902591], [55.2737791, 25.1901983], [55.2737359, 25.1901414], [55.2736863, 25.1900889], [55.2736285, 25.1900401], [55.2735571, 25.1899899], [55.2734841, 25.1899376], [55.2734129, 25.1898834], [55.2733435, 25.1898273], [55.273276, 25.1897693], [55.2732091, 25.1897091], [55.2731219, 25.1895988], [55.2729169, 25.1892889]]}, "properties": {"class": "secondary"}}, {"type": "Feature", "geometry": {"type": "LineString", "coordinates": [[55.2882379, 25.193833], [55.2883615, 25.1939117], [55.2884815, 25.1939947], [55.2885977, 25.1940822], [55.2887098, 25.1941738], [55.2888177, 25.1942695], [55.2889212, 25.1943691], [55.2891472, 25.1945942], [55.2892079, 25.1946766], [55.2892196, 25.194693], [55.2892747, 25.1947672], [55.2892864, 25.1948203], [55.2892759, 25.1948737]]}, "properties": {"class": "tertiary"}}, {"type": "Feature", "geometry": {"type": "LineString", "coordinates": [[55.2891313, 25.194942], [55.2892759, 25.1948737]]}, "properties": {"class": "primary"}}, {"type": "Feature", "geometry": {"type": "LineString", "coordinates": [[55.286337, 25.1929917], [55.2865889, 25.1930676], [55.2867677, 25.1931283], [55.2870823, 25.1932452], [55.287323, 25.1933467], [55.2875592, 25.1934563], [55.2878259, 25.1935941], [55.288017, 25.1936997], [55.2882379, 25.193833]]}, "properties": {"class": "tertiary"}}, {"type": "Feature", "geometry": {"type": "LineString", "coordinates": [[55.2873956, 25.1938207], [55.2872625, 25.1937543], [55.2871265, 25.1936928], [55.2869878, 25.1936364], [55.2868467, 25.1935852], [55.2867061, 25.1935334]]}, "properties": {"class": "tertiary"}}, {"type": "Feature", "geometry": {"type": "LineString", "coordinates": [[55.2920494, 25.200075], [55.2920978, 25.2000766], [55.2921428, 25.2000928], [55.2921792, 25.2001218], [55.2922027, 25.2001601], [55.292276, 25.2005609]]}, "properties": {"class": "residential"}}, {"type": "Feature", "geometry": {"type": "LineString", "coordinates": [[55.2937968, 25.2012971], [55.2938332, 25.2012061], [55.2938579, 25.2011547], [55.2939302, 25.2010271], [55.2939826, 25.2009406], [55.2940091, 25.2009022], [55.2940261, 25.200887], [55.2940455, 25.2008743], [55.2940693, 25.2008592], [55.294102, 25.2008407], [55.2941336, 25.2008276], [55.2941675, 25.2008223], [55.294202, 25.2008226], [55.2942358, 25.2008285], [55.2944395, 25.200904], [55.2946468, 25.2009713], [55.294873, 25.2010351], [55.2951021, 25.2010898], [55.2952706, 25.2011234], [55.2954399, 25.2011529], [55.2956101, 25.2011781], [55.295781, 25.2011992], [55.2959612, 25.2012206], [55.2960508, 25.2012298], [55.2961408, 25.2012329], [55.2962309, 25.2012299], [55.2963204, 25.2012208]]}, "properties": {"class": "tertiary"}}, {"type": "Feature", "geometry": {"type": "LineString", "coordinates": [[55.2895182, 25.1972992], [55.2901591, 25.1982806], [55.2902151, 25.1983845], [55.2902584, 25.1984933], [55.2902885, 25.1986057], [55.2903658, 25.1990371]]}, "properties": {"class": "residential"}}, {"type": "Feature", "geometry": {"type": "LineString", "coordinates": [[55.2863722, 25.1989814], [55.2864351, 25.1990549], [55.2864911, 25.1991329], [55.2865399, 25.1992147], [55.2865812, 25.1992999], [55.2866146, 25.1993878], [55.2866401, 25.1994778], [55.2866573, 25.1995695], [55.2867606, 25.2001863], [55.2868664, 25.2008183]]}, "properties": {"class": "residential"}}, {"type": "Feature", "geometry": {"type": "LineString", "coordinates": [[55.2928134, 25.2027546], [55.2927926, 25.2028681], [55.2927783, 25.2029823], [55.2927705, 25.2030971], [55.2927693, 25.2032121], [55.2927727, 25.2033753], [55.2927834, 25.2035383], [55.2928015, 25.2037008], [55.2928268, 25.2038625], [55.29291, 25.2043712], [55.293163, 25.2059244], [55.2932316, 25.2063453], [55.293265, 25.2065649], [55.2932913, 25.2067852], [55.2933106, 25.2070062], [55.2933229, 25.2072276], [55.293326, 25.207363], [55.2933212, 25.2074984], [55.2933067, 25.2076621], [55.2932987, 25.2076898], [55.2932847, 25.2077156], [55.2932654, 25.2077384], [55.2932422, 25.2077568], [55.2932156, 25.2077708], [55.2931865, 25.20778], [55.2917962, 25.2079526], [55.2915179, 25.2079895], [55.2914623, 25.2080001], [55.2914083, 25.2080165], [55.2913568, 25.2080384], [55.2913085, 25.2080656], [55.2911255, 25.2081966], [55.2909934, 25.2082912], [55.2909525, 25.2083172], [55.2909084, 25.2083386], [55.2908619, 25.2083551], [55.2908135, 25.2083665], [55.2907639, 25.2083726], [55.2906911, 25.2083733]]}, "properties": {"class": "tertiary"}}, {"type": "Feature", "geometry": {"type": "LineString", "coordinates": [[55.292834, 25.2024642], [55.2927735, 25.2024718], [55.2927134, 25.2024618], [55.2926657, 25.2024393], [55.2926268, 25.2024057], [55.2925953, 25.202353], [55.2925855, 25.2022938], [55.2925985, 25.202235], [55.2926234, 25.2021942], [55.2926594, 25.2021609], [55.292704, 25.2021374], [55.2927538, 25.2021255], [55.2928053, 25.2021259], [55.2928548, 25.2021388], [55.2928992, 25.2021634], [55.2929347, 25.2021979], [55.2929587, 25.2022397], [55.2929691, 25.2022836], [55.2929668, 25.2023285], [55.2929519, 25.2023713], [55.2929253, 25.2024092], [55.2928889, 25.2024398], [55.292834, 25.2024642]]}, "properties": {"class": "tertiary"}}, {"type": "Feature", "geometry": {"type": "LineString", "coordinates": [[55.2922918, 25.2023529], [55.2923733, 25.2023365], [55.2924518, 25.2023108], [55.2925261, 25.2022764], [55.2925985, 25.202235]]}, "properties": {"class": "residential"}}, {"type": "Feature", "geometry": {"type": "LineString", "coordinates": [[55.2926268, 25.2024057], [55.2925461, 25.2023805], [55.2924626, 25.2023635], [55.2923775, 25.2023543], [55.2922918, 25.2023529]]}, "properties": {"class": "residential"}}, {"type": "Feature", "geometry": {"type": "LineString", "coordinates": [[55.2928889, 25.2024398], [55.2928693, 25.2025159], [55.2928134, 25.2027546]]}, "properties": {"class": "tertiary"}}, {"type": "Feature", "geometry": {"type": "LineString", "coordinates": [[55.2928134, 25.2027546], [55.2928037, 25.2026595], [55.2927934, 25.2026145], [55.2927746, 25.2025713], [55.2927134, 25.2024618]]}, "properties": {"class": "tertiary"}}, {"type": "Feature", "geometry": {"type": "LineString", "coordinates": [[55.2937968, 25.2012971], [55.293714, 25.2013982], [55.2936274, 25.2014966], [55.293537, 25.2015922], [55.2934429, 25.2016849], [55.2930961, 25.2020369]]}, "properties": {"class": "tertiary"}}, {"type": "Feature", "geometry": {"type": "LineString", "coordinates": [[55.2924768, 25.1996282], [55.292552, 25.1997336], [55.2926344, 25.1998347], [55.2927236, 25.1999308], [55.2928193, 25.2000218], [55.292921, 25.2001071], [55.2930284, 25.2001866], [55.2931411, 25.2002599], [55.2932608, 25.2003422], [55.2933836, 25.2004207], [55.2935094, 25.2004953], [55.293638, 25.2005658], [55.2937692, 25.2006323], [55.2939692, 25.2007225], [55.293998, 25.2007382], [55.2940214, 25.2007601], [55.2940378, 25.2007867], [55.2940693, 25.2008592], [55.2940813, 25.200887], [55.2940841, 25.2009106], [55.2940813, 25.2009342], [55.2940731, 25.2009567], [55.2940604, 25.2009776], [55.2940353, 25.2010191], [55.2940084, 25.2010598], [55.2939653, 25.2011222], [55.2939118, 25.2011841], [55.2938553, 25.2012445], [55.2937968, 25.2012971]]}, "properties": {"class": "tertiary"}}, {"type": "Feature", "geometry": {"type": "LineString", "coordinates": [[55.2830792, 25.210678], [55.2820885, 25.2119827]]}, "properties": {"class": "tertiary"}}, {"type": "Feature", "geometry": {"type": "LineString", "coordinates": [[55.2533984, 25.2056185], [55.2535555, 25.2055459], [55.2538284, 25.205412], [55.2544954, 25.2050421], [55.2550493, 25.2047151], [55.255094, 25.204686], [55.2551367, 25.2046544], [55.2551772, 25.2046206], [55.2552158, 25.2045847]]}, "properties": {"class": "tertiary"}}, {"type": "Feature", "geometry": {"type": "LineString", "coordinates": [[55.2619007, 25.1978747], [55.2613966, 25.1982557]]}, "properties": {"class": "residential"}}, {"type": "Feature", "geometry": {"type": "LineString", "coordinates": [[55.2659541, 25.194079], [55.2657768, 25.1939277], [55.2657193, 25.193886], [55.2656593, 25.1938472], [55.2656107, 25.1938188], [55.2655515, 25.1937877], [55.2654907, 25.1937593], [55.2647004, 25.1933924], [55.2645895, 25.193341], [55.2642989, 25.193212], [55.2642451, 25.1931866], [55.2641926, 25.193159], [55.2641416, 25.1931292], [55.2640922, 25.1930972], [55.2640414, 25.1930608], [55.2639927, 25.1930221], [55.2639462, 25.1929813], [55.2639021, 25.1929384], [55.2638284, 25.1928638], [55.2637493, 25.1927773], [55.2636208, 25.1926385], [55.2634412, 25.1924418], [55.2634032, 25.1924031], [55.2631993, 25.1921956], [55.2630556, 25.1920493], [55.2629787, 25.1919711], [55.2629309, 25.191913], [55.2628869, 25.1918524], [55.2628467, 25.1917897], [55.2628107, 25.191725], [55.2627789, 25.1916585], [55.2627597, 25.1916127], [55.2627426, 25.1915662], [55.2626121, 25.1911621], [55.2626073, 25.1911477], [55.2625475, 25.1909718], [55.2624687, 25.1907374], [55.2623299, 25.1903315], [55.2622977, 25.1902509], [55.2622605, 25.1901722], [55.2622182, 25.1900956], [55.2621712, 25.1900213], [55.2621195, 25.1899496], [55.2620632, 25.1898807], [55.2620027, 25.189813], [55.261973, 25.1897843], [55.2619347, 25.1897629], [55.2618913, 25.1897518], [55.2618463, 25.1897517], [55.261803, 25.1897626], [55.2617645, 25.1897837], [55.2615767, 25.1899357]]}, "properties": {"class": "residential"}}, {"type": "Feature", "geometry": {"type": "LineString", "coordinates": [[55.275312, 25.1856822], [55.2755978, 25.1860108]]}, "properties": {"class": "tertiary"}}, {"type": "Feature", "geometry": {"type": "LineString", "coordinates": [[55.2641951, 25.1850754], [55.2642674, 25.1851657], [55.2643416, 25.1852627], [55.2646292, 25.1856869], [55.2648307, 25.1859607], [55.2649299, 25.186095], [55.2649565, 25.1861309], [55.2650341, 25.1862277]]}, "properties": {"class": "tertiary"}}, {"type": "Feature", "geometry": {"type": "LineString", "coordinates": [[55.2614515, 25.184133], [55.2615287, 25.18409], [55.2616044, 25.184045], [55.2616787, 25.1839979], [55.2617514, 25.1839489]]}, "properties": {"class": "tertiary"}}, {"type": "Feature", "geometry": {"type": "LineString", "coordinates": [[55.2618075, 25.1841091], [55.261718, 25.1841012], [55.2616281, 25.1841027], [55.261539, 25.1841136], [55.2614515, 25.184133]]}, "properties": {"class": "tertiary"}}, {"type": "Feature", "geometry": {"type": "LineString", "coordinates": [[55.2622501, 25.1840049], [55.2621786, 25.1840122], [55.2621089, 25.1840282], [55.2620421, 25.1840526], [55.2619797, 25.1840848]]}, "properties": {"class": "tertiary"}}, {"type": "Feature", "geometry": {"type": "LineString", "coordinates": [[55.2619641, 25.183903], [55.2620337, 25.1839327], [55.2621046, 25.1839597], [55.2621768, 25.1839837], [55.2622501, 25.1840049]]}, "properties": {"class": "tertiary"}}, {"type": "Feature", "geometry": {"type": "LineString", "coordinates": [[55.2590969, 25.1852106], [55.2590538, 25.1852531], [55.2590219, 25.1853038], [55.2590004, 25.1853588], [55.25899, 25.1854164], [55.2589909, 25.1854747], [55.2590032, 25.185532]]}, "properties": {"class": "tertiary"}}, {"type": "Feature", "geometry": {"type": "LineString", "coordinates": [[55.2587311, 25.1852227], [55.2587802, 25.1852456], [55.258833, 25.1852606], [55.2588878, 25.185267], [55.2589431, 25.1852648], [55.2589971, 25.185254], [55.2590482, 25.1852349], [55.2590969, 25.1852106]]}, "properties": {"class": "tertiary"}}, {"type": "Feature", "geometry": {"type": "LineString", "coordinates": [[55.2588091, 25.1861929], [55.2588425, 25.1861434], [55.2588639, 25.186089], [55.2588721, 25.1860317], [55.2588665, 25.1859741], [55.2588475, 25.1859189]]}, "properties": {"class": "residential"}}, {"type": "Feature", "geometry": {"type": "LineString", "coordinates": [[55.2591053, 25.1862013], [55.2590604, 25.1861765], [55.2590109, 25.1861605], [55.2589587, 25.1861541], [55.2589062, 25.1861576], [55.2588556, 25.1861707], [55.2588091, 25.1861929]]}, "properties": {"class": "residential"}}, {"type": "Feature", "geometry": {"type": "LineString", "coordinates": [[55.2584596, 25.1868671], [55.2585993, 25.1870149], [55.2586989, 25.1871211], [55.2588983, 25.1873321], [55.258993, 25.1874323], [55.2590562, 25.1874881], [55.2591248, 25.1875383], [55.2591982, 25.1875827], [55.2598467, 25.1878991]]}, "properties": {"class": "residential"}}, {"type": "Feature", "geometry": {"type": "LineString", "coordinates": [[55.2609813, 25.1882564], [55.2609397, 25.1882403], [55.2608998, 25.1882212], [55.2608617, 25.1881993], [55.2608258, 25.1881745], [55.2607312, 25.1881021], [55.2606913, 25.1880779], [55.2606498, 25.1880628], [55.2605999, 25.1880524], [55.2605543, 25.1880519], [55.2605093, 25.1880589], [55.2604665, 25.1880733], [55.2604275, 25.1880861], [55.2603873, 25.1880956], [55.2603464, 25.188101], [55.2602973, 25.1881033]]}, "properties": {"class": "residential"}}, {"type": "Feature", "geometry": {"type": "LineString", "coordinates": [[55.2650677, 25.1864666], [55.26493, 25.1863033]]}, "properties": {"class": "tertiary"}}, {"type": "Feature", "geometry": {"type": "LineString", "coordinates": [[55.2650677, 25.1864666], [55.2649939, 25.1865288], [55.26468, 25.1867531]]}, "properties": {"class": "secondary"}}, {"type": "Feature", "geometry": {"type": "LineString", "coordinates": [[55.265163, 25.186387], [55.2650677, 25.1864666]]}, "properties": {"class": "secondary"}}, {"type": "Feature", "geometry": {"type": "LineString", "coordinates": [[55.265163, 25.186387], [55.2652516, 25.1864969], [55.2654152, 25.1866981], [55.2656231, 25.186914], [55.2657477, 25.1870351], [55.2658779, 25.1871512], [55.2660136, 25.187262], [55.2661344, 25.1873524], [55.2661545, 25.1873674], [55.2662603, 25.1874398], [55.2663003, 25.1874672], [55.2664507, 25.1875612], [55.2666055, 25.1876491], [55.2667644, 25.187731], [55.266927, 25.1878065], [55.2670931, 25.1878755], [55.2672624, 25.187938], [55.2674078, 25.1879851], [55.2674345, 25.1879938], [55.2677006, 25.1880731], [55.267859, 25.1881151], [55.2680192, 25.1881512], [55.2681806, 25.1881832], [55.2683609, 25.1882066], [55.268542, 25.1882236], [55.2687237, 25.1882343], [55.2689057, 25.1882387], [55.2690878, 25.1882366], [55.2692697, 25.1882282], [55.2694511, 25.1882134], [55.2696317, 25.1881925], [55.2698322, 25.18816], [55.2700311, 25.1881202], [55.2702281, 25.1880729], [55.2704227, 25.1880184], [55.2706147, 25.1879568], [55.2708037, 25.187888], [55.2709895, 25.1878123], [55.2711716, 25.1877298], [55.2713493, 25.1876349], [55.2713817, 25.1876176], [55.2714841, 25.1875625], [55.2715646, 25.1875111], [55.273456, 25.1862098], [55.2735059, 25.1861755], [55.2739169, 25.1858927]]}, "properties": {"class": "secondary"}}, {"type": "Feature", "geometry": {"type": "LineString", "coordinates": [[55.2676333, 25.1893631], [55.2676408, 25.189335], [55.2677224, 25.1890335], [55.267801, 25.1887444], [55.2678547, 25.1884919], [55.2678627, 25.1884532]]}, "properties": {"class": "tertiary"}}, {"type": "Feature", "geometry": {"type": "LineString", "coordinates": [[55.268008, 25.1879323], [55.2680143, 25.1879835], [55.2680305, 25.1880327], [55.2680563, 25.1880786], [55.2680907, 25.1881195], [55.2681327, 25.1881542], [55.2681806, 25.1881832]]}, "properties": {"class": "tertiary"}}, {"type": "Feature", "geometry": {"type": "LineString", "coordinates": [[55.2681145, 25.1883232], [55.2680574, 25.1883366], [55.2680027, 25.1883567], [55.2679514, 25.1883832], [55.2679045, 25.1884155], [55.2678627, 25.1884532]]}, "properties": {"class": "tertiary"}}, {"type": "Feature", "geometry": {"type": "LineString", "coordinates": [[55.2678627, 25.1884532], [55.2678494, 25.1884042], [55.2678293, 25.1883571], [55.2678027, 25.1883127], [55.26777, 25.1882718], [55.2677319, 25.1882349]]}, "properties": {"class": "tertiary"}}, {"type": "Feature", "geometry": {"type": "LineString", "coordinates": [[55.2677006, 25.1880731], [55.2677608, 25.1880719], [55.2678197, 25.188061], [55.2678757, 25.1880409], [55.2679267, 25.188012], [55.2679713, 25.1879755], [55.268008, 25.1879323]]}, "properties": {"class": "tertiary"}}, {"type": "Feature", "geometry": {"type": "LineString", "coordinates": [[55.2676333, 25.1893631], [55.2676361, 25.1893983], [55.2676432, 25.1894327], [55.2676548, 25.1894662], [55.2676706, 25.1894983], [55.2676921, 25.1895306], [55.2677179, 25.1895602], [55.2677476, 25.1895866]]}, "properties": {"class": "tertiary"}}, {"type": "Feature", "geometry": {"type": "LineString", "coordinates": [[55.2673729, 25.1894388], [55.2674215, 25.1894398], [55.2674698, 25.1894347], [55.2675168, 25.1894236], [55.2675584, 25.1894081], [55.2675975, 25.1893878], [55.2676333, 25.1893631]]}, "properties": {"class": "tertiary"}}, {"type": "Feature", "geometry": {"type": "LineString", "coordinates": [[55.2635948, 25.1922957], [55.2640851, 25.191919]]}, "properties": {"class": "residential"}}, {"type": "Feature", "geometry": {"type": "LineString", "coordinates": [[55.2643254, 25.1918836], [55.2642756, 25.1918786], [55.2642255, 25.19188], [55.2641762, 25.191888], [55.2641286, 25.1919023], [55.2640851, 25.191919]]}, "properties": {"class": "residential"}}, {"type": "Feature", "geometry": {"type": "LineString", "coordinates": [[55.2640851, 25.191919], [55.2641137, 25.1918684], [55.2641326, 25.1918102], [55.2641401, 25.19175], [55.2641339, 25.1916659]]}, "properties": {"class": "residential"}}, {"type": "Feature", "geometry": {"type": "LineString", "coordinates": [[55.2659359, 25.1944323], [55.2659813, 25.1943779], [55.2660043, 25.1943473], [55.2660209, 25.1943152], [55.2660298, 25.1942808], [55.2660304, 25.1942454], [55.2660229, 25.1942106], [55.2660082, 25.1941781], [55.2659541, 25.194079]]}, "properties": {"class": "residential"}}, {"type": "Feature", "geometry": {"type": "LineString", "coordinates": [[55.2657807, 25.1936682], [55.265796, 25.1936244], [55.2658054, 25.1935793], [55.2658088, 25.1935335], [55.265806, 25.1934877], [55.2657972, 25.1934424]]}, "properties": {"class": "residential"}}, {"type": "Feature", "geometry": {"type": "LineString", "coordinates": [[55.2660117, 25.1936766], [55.2659666, 25.193665], [55.2659203, 25.1936583], [55.2658735, 25.1936565], [55.2658267, 25.1936599], [55.2657807, 25.1936682]]}, "properties": {"class": "residential"}}, {"type": "Feature", "geometry": {"type": "LineString", "coordinates": [[55.2783829, 25.1856949], [55.2780939, 25.1853478], [55.2780516, 25.1853024], [55.2780051, 25.1852604], [55.2779547, 25.1852223], [55.2779008, 25.1851896]]}, "properties": {"class": "tertiary"}}, {"type": "Feature", "geometry": {"type": "LineString", "coordinates": [[55.2791737, 25.1880359], [55.280268, 25.189493], [55.280349, 25.1896007], [55.2809694, 25.1904268]]}, "properties": {"class": "residential"}}, {"type": "Feature", "geometry": {"type": "LineString", "coordinates": [[55.2779097, 25.1871602], [55.2779626, 25.1869541], [55.2779687, 25.1869218], [55.2779741, 25.1868889], [55.277976, 25.1868556]]}, "properties": {"class": "residential"}}, {"type": "Feature", "geometry": {"type": "LineString", "coordinates": [[55.2782529, 25.1865242], [55.2782296, 25.1865737], [55.2782173, 25.1866017], [55.278206, 25.1866311], [55.2781985, 25.1866614], [55.2781948, 25.1866923]]}, "properties": {"class": "residential"}}, {"type": "Feature", "geometry": {"type": "LineString", "coordinates": [[55.279248, 25.1877541], [55.2792047, 25.1877996], [55.2791767, 25.1878552], [55.2791619, 25.1879148], [55.2791608, 25.1879759], [55.2791737, 25.1880359]]}, "properties": {"class": "residential"}}, {"type": "Feature", "geometry": {"type": "LineString", "coordinates": [[55.2791737, 25.1880359], [55.2791195, 25.1879838], [55.2790312, 25.1879322], [55.2789502, 25.1878894]]}, "properties": {"class": "residential"}}, {"type": "Feature", "geometry": {"type": "LineString", "coordinates": [[55.2706174, 25.1972646], [55.2706807, 25.1972729], [55.2707446, 25.1972736], [55.2708081, 25.1972667], [55.2708701, 25.1972522], [55.2709293, 25.1972305], [55.2709978, 25.1971956], [55.2710622, 25.1971549], [55.2711223, 25.197109], [55.2711774, 25.1970583], [55.2712271, 25.1970032], [55.2712706, 25.1969441], [55.2713062, 25.1968833], [55.271336, 25.1968199], [55.2713562, 25.1967662], [55.2713714, 25.1967112], [55.2713816, 25.1966552], [55.2713916, 25.1965505], [55.2713893, 25.1964546], [55.2713846, 25.1963975], [55.2713783, 25.196308], [55.2713675, 25.1962312], [55.2713697, 25.1962164], [55.2713781, 25.1962036], [55.2713914, 25.1961949], [55.2714075, 25.1961916], [55.2715015, 25.1961875], [55.2715199, 25.1961915], [55.2715354, 25.1962013], [55.2715459, 25.1962156], [55.2715498, 25.1962323], [55.2715564, 25.1963195], [55.2715668, 25.1964572], [55.2715681, 25.1965033], [55.2715673, 25.1965494], [55.2715573, 25.1966517], [55.2715476, 25.1967099], [55.271534, 25.1967675], [55.2715166, 25.1968243], [55.2714953, 25.19688], [55.2714669, 25.1969427], [55.2714236, 25.1970195], [55.2713735, 25.1970929], [55.271317, 25.1971624], [55.2712544, 25.1972274], [55.2711862, 25.1972877], [55.2711127, 25.1973427], [55.2710426, 25.1973921], [55.2709886, 25.1974366], [55.2709611, 25.1974695], [55.2709318, 25.1975451], [55.2709264, 25.1976054], [55.270937, 25.197665]]}, "properties": {"class": "residential"}}, {"type": "Feature", "geometry": {"type": "LineString", "coordinates": [[55.2812546, 25.2085855], [55.2812553, 25.2086196], [55.2812457, 25.2086527], [55.2812345, 25.2086719], [55.2812197, 25.2086891], [55.2811874, 25.2087121], [55.281149, 25.2087254], [55.281108, 25.2087277], [55.2810681, 25.2087187], [55.2810422, 25.2087059], [55.2810199, 25.2086882], [55.2809958, 25.2086548], [55.2809848, 25.2086161], [55.280988, 25.2085763], [55.2810014, 25.2085452], [55.2810236, 25.2085185], [55.2810626, 25.2084936], [55.2811087, 25.2084824], [55.2811562, 25.2084864], [55.2811992, 25.2085049], [55.2812228, 25.2085242], [55.2812434, 25.2085528], [55.2812546, 25.2085855]]}, "properties": {"class": "tertiary"}}, {"type": "Feature", "geometry": {"type": "LineString", "coordinates": [[55.2817412, 25.204771], [55.2827555, 25.204635], [55.2833105, 25.2045606], [55.2839306, 25.2044774]]}, "properties": {"class": "residential"}}, {"type": "Feature", "geometry": {"type": "LineString", "coordinates": [[55.2817048, 25.2044542], [55.2823955, 25.2043546], [55.2832538, 25.2042309], [55.2838733, 25.2041416]]}, "properties": {"class": "residential"}}, {"type": "Feature", "geometry": {"type": "LineString", "coordinates": [[55.2754964, 25.2039763], [55.2755459, 25.2040155], [55.2756002, 25.2040492], [55.2756583, 25.2040771], [55.2757196, 25.2040987], [55.2757849, 25.2041141], [55.2758518, 25.2041223]]}, "properties": {"class": "tertiary"}}, {"type": "Feature", "geometry": {"type": "LineString", "coordinates": [[55.2575272, 25.1886446], [55.2603835, 25.1917721]]}, "properties": {"class": "motorway"}}, {"type": "Feature", "geometry": {"type": "LineString", "coordinates": [[55.2726482, 25.1887249], [55.2727623, 25.1888778], [55.2729139, 25.1890839], [55.2729358, 25.1891165], [55.2729565, 25.1891498], [55.2729759, 25.1891836], [55.2729953, 25.1892189], [55.2730161, 25.1892535], [55.2730382, 25.1892874], [55.2731024, 25.1893811], [55.2731631, 25.1894589], [55.2732262, 25.1895352], [55.2732916, 25.1896098], [55.2733498, 25.1896701], [55.2734108, 25.1897282], [55.2734745, 25.1897839], [55.2735407, 25.189837], [55.2736094, 25.1898876], [55.273669, 25.1899379], [55.2737445, 25.19001], [55.2738032, 25.1900753], [55.2738459, 25.1901313], [55.2738825, 25.1901907], [55.2739126, 25.1902531], [55.2739359, 25.1903178], [55.2739521, 25.1903842], [55.2739858, 25.1905382], [55.2740232, 25.190667]]}, "properties": {"class": "secondary"}}, {"type": "Feature", "geometry": {"type": "LineString", "coordinates": [[55.2846894, 25.2239377], [55.2846858, 25.2239843], [55.2846673, 25.2240279], [55.2846354, 25.2240646], [55.2845931, 25.2240914], [55.2845459, 25.2241054], [55.2844963, 25.2241068], [55.2844482, 25.2240956], [55.2844056, 25.2240725], [55.2843719, 25.2240394], [55.2843499, 25.2239991], [55.2843413, 25.2239549], [55.2843469, 25.2239102], [55.2843662, 25.2238688], [55.2843976, 25.223834], [55.2844331, 25.2238112], [55.2844738, 25.223797], [55.2845171, 25.2237924], [55.2845603, 25.2237977], [55.2846, 25.2238122], [55.2846347, 25.223835], [55.2846622, 25.2238647], [55.2846808, 25.2238997], [55.2846894, 25.2239377]]}, "properties": {"class": "tertiary"}}, {"type": "Feature", "geometry": {"type": "LineString", "coordinates": [[55.2833044, 25.2195322], [55.2829029, 25.2198199], [55.2828464, 25.2198604], [55.2825098, 25.2200837], [55.2824584, 25.2201239], [55.2824146, 25.2201709], [55.2823794, 25.2202235], [55.2823536, 25.2202804], [55.2823379, 25.2203402], [55.2823327, 25.2204015], [55.2823375, 25.2204589], [55.2823513, 25.2205149], [55.2823741, 25.2205686], [55.2824052, 25.2206187], [55.28251, 25.2207679], [55.2825673, 25.220855], [55.2826017, 25.2208991], [55.2826426, 25.2209384], [55.2826892, 25.2209721], [55.2827406, 25.2209995]]}, "properties": {"class": "tertiary"}}, {"type": "Feature", "geometry": {"type": "LineString", "coordinates": [[55.2837672, 25.2206191], [55.2837661, 25.2206471], [55.2837575, 25.2206742], [55.2837376, 25.2207038], [55.2837088, 25.2207269], [55.2836739, 25.2207414], [55.2836358, 25.2207459], [55.2836097, 25.220743], [55.2835847, 25.2207354], [55.283554, 25.2207177], [55.28353, 25.220693], [55.2835145, 25.2206632], [55.2835088, 25.2206307], [55.2835133, 25.2205981], [55.2835261, 25.2205703], [55.2835486, 25.2205443], [55.2835782, 25.220525], [55.2836126, 25.220514], [55.283649, 25.2205121], [55.2836846, 25.2205194], [55.2837165, 25.2205355], [55.2837421, 25.220559], [55.2837609, 25.2205916], [55.2837672, 25.2206191]]}, "properties": {"class": "tertiary"}}, {"type": "Feature", "geometry": {"type": "LineString", "coordinates": [[55.2835847, 25.2207354], [55.2835218, 25.2207501], [55.2834606, 25.220771], [55.2834048, 25.2207945], [55.283177, 25.2209246], [55.2831138, 25.2209608], [55.2830491, 25.221005], [55.2830178, 25.2210271], [55.2829911, 25.2210536], [55.2829698, 25.2210838], [55.2829544, 25.2211169], [55.2829431, 25.2211516]]}, "properties": {"class": "tertiary"}}, {"type": "Feature", "geometry": {"type": "LineString", "coordinates": [[55.2828308, 25.2209978], [55.282882, 25.2209827], [55.2829307, 25.2209667], [55.2829774, 25.2209465], [55.2830218, 25.2209222], [55.2831081, 25.2208719], [55.2832149, 25.2208129], [55.2833374, 25.2207403], [55.2833856, 25.2207096], [55.2834309, 25.2206754], [55.2834729, 25.220638], [55.2835133, 25.2205981]]}, "properties": {"class": "tertiary"}}, {"type": "Feature", "geometry": {"type": "LineString", "coordinates": [[55.2565892, 25.220518], [55.2576309, 25.2198626], [55.2582943, 25.2194392]]}, "properties": {"class": "residential"}}, {"type": "Feature", "geometry": {"type": "LineString", "coordinates": [[55.2559142, 25.2174071], [55.2559638, 25.2174735], [55.256489, 25.218176], [55.2567756, 25.2185541], [55.2569109, 25.2187316], [55.2572915, 25.2192265]]}, "properties": {"class": "residential"}}, {"type": "Feature", "geometry": {"type": "LineString", "coordinates": [[55.2449706, 25.200038], [55.2454827, 25.1997401], [55.2455584, 25.199695], [55.2460835, 25.1993828]]}, "properties": {"class": "residential"}}, {"type": "Feature", "geometry": {"type": "LineString", "coordinates": [[55.2476207, 25.1982562], [55.247564, 25.1981802]]}, "properties": {"class": "primary"}}, {"type": "Feature", "geometry": {"type": "LineString", "coordinates": [[55.2479659, 25.1985378], [55.2482036, 25.1988655], [55.2485153, 25.1993396], [55.248633, 25.1995057], [55.2488856, 25.199855], [55.2490695, 25.2001443]]}, "properties": {"class": "primary"}}, {"type": "Feature", "geometry": {"type": "LineString", "coordinates": [[55.2773684, 25.201188], [55.2775463, 25.2010867]]}, "properties": {"class": "primary"}}, {"type": "Feature", "geometry": {"type": "LineString", "coordinates": [[55.2778276, 25.2011619], [55.2776528, 25.2012551]]}, "properties": {"class": "primary"}}, {"type": "Feature", "geometry": {"type": "LineString", "coordinates": [[55.2767666, 25.201511], [55.2771206, 25.2013199], [55.2771578, 25.2012998], [55.2773684, 25.201188]]}, "properties": {"class": "primary"}}, {"type": "Feature", "geometry": {"type": "LineString", "coordinates": [[55.2774752, 25.2013516], [55.2772658, 25.2014628]]}, "properties": {"class": "primary"}}, {"type": "Feature", "geometry": {"type": "LineString", "coordinates": [[55.286176, 25.2181005], [55.286101, 25.2181004], [55.2860264, 25.2181055], [55.2859524, 25.2181157], [55.2858577, 25.2181369], [55.2857658, 25.2181666], [55.2856777, 25.2182046], [55.2855936, 25.2182494], [55.2852042, 25.2184593], [55.2850118, 25.2185677], [55.2848213, 25.2186787], [55.2833044, 25.2195322]]}, "properties": {"class": "secondary"}}, {"type": "Feature", "geometry": {"type": "LineString", "coordinates": [[55.2843429, 25.2144745], [55.284297, 25.2144063], [55.2840834, 25.2140909], [55.2840651, 25.2140639], [55.2839815, 25.2139403], [55.2835888, 25.2133828], [55.2834878, 25.2132554], [55.2833804, 25.2131323], [55.2832669, 25.2130138], [55.2831476, 25.2129002], [55.2830225, 25.2127917], [55.2828787, 25.2126757], [55.2827819, 25.2126082], [55.282629, 25.2125112], [55.282333, 25.212327], [55.2821198, 25.2121939], [55.2820877, 25.2121739], [55.2820167, 25.2121296], [55.2819202, 25.2120705], [55.2816891, 25.2119298]]}, "properties": {"class": "primary"}}, {"type": "Feature", "geometry": {"type": "LineString", "coordinates": [[55.2903657, 25.2233329], [55.2901671, 25.223091], [55.2899122, 25.2227623], [55.2898744, 25.2227073], [55.2897098, 25.2224473], [55.2895915, 25.2222603], [55.2895303, 25.2221695], [55.2894631, 25.2220802], [55.289391, 25.2219942], [55.2892549, 25.221825], [55.2890716, 25.2215915], [55.2890152, 25.2215254], [55.288894, 25.221388], [55.2885657, 25.2210118], [55.288524, 25.2209645], [55.2884939, 25.220933], [55.2884593, 25.22091], [55.2884173, 25.2208875], [55.2883719, 25.2208747], [55.2883246, 25.22087], [55.2882777, 25.2208703], [55.2882311, 25.2208751], [55.2881853, 25.2208844], [55.2881317, 25.2209015], [55.2880809, 25.2209247], [55.2880338, 25.2209536], [55.2878823, 25.2210397], [55.2877607, 25.2211088], [55.2876309, 25.2211825], [55.2874996, 25.2212571], [55.2861373, 25.2220313], [55.2858771, 25.2221792], [55.2857109, 25.2222787], [55.2856319, 25.2223185], [55.2855767, 25.2223499], [55.2854857, 25.2224016], [55.2854332, 25.2224364], [55.2853838, 25.2224748], [55.2853388, 25.2225165]]}, "properties": {"class": "tertiary"}}, {"type": "Feature", "geometry": {"type": "LineString", "coordinates": [[55.2881364, 25.2201874], [55.2877587, 25.219636], [55.287697, 25.2195468], [55.2871898, 25.2187681]]}, "properties": {"class": "primary"}}, {"type": "Feature", "geometry": {"type": "LineString", "coordinates": [[55.2556476, 25.2077818], [55.255146, 25.2070529], [55.2546552, 25.2063396]]}, "properties": {"class": "residential"}}, {"type": "Feature", "geometry": {"type": "LineString", "coordinates": [[55.2561445, 25.2075008], [55.2556626, 25.206802], [55.2556407, 25.2067729], [55.2556236, 25.2067501], [55.2551146, 25.2060205]]}, "properties": {"class": "residential"}}, {"type": "Feature", "geometry": {"type": "LineString", "coordinates": [[55.2549048, 25.2083052], [55.2552917, 25.2080743], [55.2553153, 25.2080501], [55.2553283, 25.20802], [55.2553292, 25.2079878], [55.2553179, 25.2079572], [55.2550795, 25.207613]]}, "properties": {"class": "residential"}}, {"type": "Feature", "geometry": {"type": "LineString", "coordinates": [[55.2801135, 25.1933934], [55.2802117, 25.1934543]]}, "properties": {"class": "primary"}}, {"type": "Feature", "geometry": {"type": "LineString", "coordinates": [[55.2795059, 25.1930887], [55.2797437, 25.193196], [55.2799793, 25.1933151], [55.2801135, 25.1933934]]}, "properties": {"class": "primary"}}, {"type": "Feature", "geometry": {"type": "LineString", "coordinates": [[55.2807497, 25.1940481], [55.2806276, 25.1939532], [55.2805015, 25.1938626], [55.2803717, 25.1937765], [55.2802415, 25.1936968], [55.2801109, 25.193616]]}, "properties": {"class": "primary"}}, {"type": "Feature", "geometry": {"type": "LineString", "coordinates": [[55.2811049, 25.1943608], [55.280918, 25.194192], [55.2807497, 25.1940481]]}, "properties": {"class": "primary"}}, {"type": "Feature", "geometry": {"type": "LineString", "coordinates": [[55.2951219, 25.1832283], [55.2944272, 25.1832602]]}, "properties": {"class": "motorway"}}, {"type": "Feature", "geometry": {"type": "LineString", "coordinates": [[55.2572836, 25.1888378], [55.2531574, 25.184376]]}, "properties": {"class": "motorway"}}, {"type": "Feature", "geometry": {"type": "LineString", "coordinates": [[55.2619141, 25.19383], [55.2610238, 25.1928661], [55.2575695, 25.1891457], [55.2572836, 25.1888378]]}, "properties": {"class": "motorway"}}, {"type": "Feature", "geometry": {"type": "LineString", "coordinates": [[55.2867061, 25.1935334], [55.2866231, 25.1935238], [55.2865398, 25.1935178], [55.2864563, 25.1935152], [55.2863825, 25.1935215], [55.286313, 25.1935448], [55.2862521, 25.1935831], [55.2862037, 25.1936339], [55.286171, 25.1936941], [55.2860978, 25.1938529], [55.2860312, 25.1939694], [55.2859545, 25.1940807], [55.2858683, 25.1941861], [55.285773, 25.1942849], [55.2856693, 25.1943765], [55.2853775, 25.1945869], [55.2851731, 25.1947158], [55.2851028, 25.1947601], [55.2849839, 25.1948371]]}, "properties": {"class": "tertiary"}}, {"type": "Feature", "geometry": {"type": "LineString", "coordinates": [[55.2814758, 25.1920652], [55.2815781, 25.1921684], [55.2816539, 25.1922428], [55.2817065, 25.1922943], [55.2818467, 25.1924192], [55.2819352, 25.1924871], [55.2820304, 25.1925527], [55.2821291, 25.1926157], [55.2822303, 25.1926778], [55.2823341, 25.1927364], [55.2824475, 25.1927961], [55.2826687, 25.1928967], [55.2827815, 25.1929428], [55.2828956, 25.1929861], [55.2830606, 25.1930579], [55.2832225, 25.1931352], [55.2833812, 25.1932177], [55.2835366, 25.1933053], [55.2836883, 25.193398], [55.2838362, 25.1934957], [55.2839801, 25.193598], [55.2841198, 25.1937051], [55.2842769, 25.1938419], [55.2844288, 25.1939847], [55.2845357, 25.1940965], [55.2846394, 25.1942107], [55.284648, 25.1942207], [55.2847399, 25.1943272], [55.284837, 25.1944462], [55.284968, 25.1946001], [55.2850191, 25.1946598], [55.285063, 25.1947115], [55.2851028, 25.1947601]]}, "properties": {"class": "tertiary"}}, {"type": "Feature", "geometry": {"type": "LineString", "coordinates": [[55.2907227, 25.1938957], [55.2920071, 25.1925153], [55.2920915, 25.192416], [55.2921696, 25.1923138], [55.2922578, 25.1921949], [55.2923439, 25.1920777], [55.2924338, 25.1919559], [55.29251, 25.1918361], [55.2925679, 25.1917394]]}, "properties": {"class": "primary"}}, {"type": "Feature", "geometry": {"type": "LineString", "coordinates": [[55.2536058, 25.2068785], [55.2536258, 25.2068701], [55.253647, 25.2068644], [55.2536689, 25.2068616], [55.2536937, 25.2068628], [55.2537099, 25.2068641], [55.2537282, 25.2068687], [55.2537458, 25.2068753], [55.2537623, 25.2068838]]}, "properties": {"class": "secondary"}}, {"type": "Feature", "geometry": {"type": "LineString", "coordinates": [[55.262063, 25.2177509], [55.2630989, 25.2170808], [55.2637045, 25.2166745], [55.2637452, 25.2166579], [55.2637895, 25.2166531], [55.2638317, 25.2166582]]}, "properties": {"class": "residential"}}, {"type": "Feature", "geometry": {"type": "LineString", "coordinates": [[55.2657463, 25.2192197], [55.2657294, 25.2192619], [55.265702, 25.2192993], [55.2656656, 25.2193297], [55.2648896, 25.219812], [55.2638399, 25.2204576]]}, "properties": {"class": "residential"}}, {"type": "Feature", "geometry": {"type": "LineString", "coordinates": [[55.2635898, 25.2150756], [55.2635609, 25.2150717], [55.2635316, 25.2150734], [55.2635032, 25.2150804], [55.2633192, 25.2151802], [55.2629967, 25.2153804], [55.262873, 25.215476], [55.2627907, 25.2155397], [55.2627055, 25.2155958], [55.2621187, 25.2159818], [55.262082, 25.216016], [55.2620585, 25.2160586], [55.2620504, 25.2161057], [55.2620586, 25.2161528], [55.2620822, 25.2161954], [55.2622081, 25.2163581], [55.262432, 25.2166472]]}, "properties": {"class": "residential"}}, {"type": "Feature", "geometry": {"type": "LineString", "coordinates": [[55.2648974, 25.2206666], [55.2652402, 25.221134], [55.2652815, 25.2211725], [55.2653347, 25.2211962], [55.2653936, 25.2212023], [55.2654514, 25.22119], [55.2654916, 25.2211683], [55.2659738, 25.2208688], [55.2672008, 25.2201039], [55.2672341, 25.2200789], [55.2672593, 25.2200471], [55.2672749, 25.2200114]]}, "properties": {"class": "residential"}}, {"type": "Feature", "geometry": {"type": "LineString", "coordinates": [[55.2647944, 25.2072734], [55.2646833, 25.2071396], [55.2641181, 25.2063018], [55.2640054, 25.2061347], [55.2635198, 25.2054259], [55.2634923, 25.2053858]]}, "properties": {"class": "residential"}}, {"type": "Feature", "geometry": {"type": "LineString", "coordinates": [[55.2635661, 25.2051832], [55.2634116, 25.2052663], [55.2633324, 25.2053078], [55.2629969, 25.2054849], [55.2627891, 25.2055928], [55.2623653, 25.205815], [55.2619016, 25.2060676], [55.2618044, 25.2061229], [55.2615952, 25.2062376], [55.2608234, 25.2066653], [55.2606959, 25.2067338], [55.2605123, 25.2068301], [55.259753, 25.2072114], [55.2596284, 25.2072839], [55.2595967, 25.2073023], [55.2595432, 25.2073332]]}, "properties": {"class": "residential"}}, {"type": "Feature", "geometry": {"type": "LineString", "coordinates": [[55.2609907, 25.2013138], [55.261045, 25.2013955]]}, "properties": {"class": "residential"}}, {"type": "Feature", "geometry": {"type": "LineString", "coordinates": [[55.2621896, 25.2033524], [55.2621048, 25.2032188], [55.2620358, 25.2031226], [55.2619566, 25.2030029]]}, "properties": {"class": "residential"}}, {"type": "Feature", "geometry": {"type": "LineString", "coordinates": [[55.2654937, 25.2081916], [55.2653575, 25.2080186], [55.2653256, 25.2079781], [55.2652991, 25.2079472]]}, "properties": {"class": "residential"}}, {"type": "Feature", "geometry": {"type": "LineString", "coordinates": [[55.2544635, 25.1845848], [55.2542486, 25.1847624], [55.253913, 25.1850396], [55.2537639, 25.1851368], [55.2536941, 25.1851712], [55.2536094, 25.1852033], [55.2535216, 25.1852204], [55.2534323, 25.1852276], [55.2533427, 25.1852242], [55.2532625, 25.1852033], [55.2531894, 25.1851668], [55.2531271, 25.1851164], [55.252515, 25.1844653], [55.2524459, 25.1843912], [55.252369, 25.1843065]]}, "properties": {"class": "residential"}}, {"type": "Feature", "geometry": {"type": "LineString", "coordinates": [[55.252369, 25.1843065], [55.2521123, 25.1840332], [55.2517272, 25.1836127], [55.2516761, 25.1835555], [55.2516104, 25.1834835], [55.2515302, 25.1834032], [55.2514587, 25.1833221], [55.2512507, 25.183099], [55.2500394, 25.1818081], [55.2499937, 25.1817689], [55.2499172, 25.1817105], [55.2498364, 25.1816572], [55.2497606, 25.1816141], [55.2496972, 25.1815824], [55.2495779, 25.1815327], [55.2495344, 25.1815175], [55.2493572, 25.1814805], [55.249192, 25.1814636], [55.2490097, 25.1814713], [55.2487999, 25.1815136], [55.2485971, 25.1815782], [55.2484042, 25.1816641], [55.2482033, 25.1817614], [55.248008, 25.1818685], [55.2478174, 25.1819817], [55.2476508, 25.182109], [55.247478, 25.1822468], [55.2473424, 25.1823812], [55.247218, 25.1825188], [55.2470872, 25.1826767], [55.246755, 25.1830947], [55.2466857, 25.183178], [55.2466213, 25.1832394], [55.2465428, 25.1832855], [55.2464545, 25.1833136], [55.2463614, 25.1833221], [55.2462686, 25.1833106], [55.2461987, 25.183284], [55.2460916, 25.1832235], [55.2460101, 25.1831764], [55.2459206, 25.1831433], [55.245826, 25.1831252], [55.2457293, 25.1831228], [55.2456337, 25.1831361], [55.2455337, 25.1831749], [55.2448347, 25.1835964], [55.2447854, 25.1836234], [55.244734, 25.1836469], [55.2446807, 25.1836668], [55.244626, 25.1836818], [55.244524, 25.1836972]]}, "properties": {"class": "residential"}}, {"type": "Feature", "geometry": {"type": "LineString", "coordinates": [[55.2523338, 25.1822878], [55.2528093, 25.1828036], [55.2533536, 25.18339], [55.2534646, 25.1835095], [55.2539102, 25.1839895], [55.2541521, 25.1842501], [55.2544635, 25.1845848], [55.2546417, 25.1847762]]}, "properties": {"class": "tertiary"}}, {"type": "Feature", "geometry": {"type": "LineString", "coordinates": [[55.2543286, 25.1826254], [55.254302, 25.1825779], [55.2542719, 25.1825326], [55.2542379, 25.1824895], [55.2541041, 25.182343], [55.2540727, 25.1823077], [55.2540423, 25.1822717], [55.2540131, 25.1822348], [55.253985, 25.1821973], [55.2538388, 25.1819807], [55.2537568, 25.1818429], [55.2537318, 25.1818053], [55.2537049, 25.1817688], [55.2536762, 25.1817333], [55.2533341, 25.181349]]}, "properties": {"class": "tertiary"}}, {"type": "Feature", "geometry": {"type": "LineString", "coordinates": [[55.2632465, 25.1875853], [55.2634914, 25.187395], [55.2636186, 25.1872962], [55.2637319, 25.1872082]]}, "properties": {"class": "secondary"}}, {"type": "Feature", "geometry": {"type": "LineString", "coordinates": [[55.2601542, 25.1901762], [55.2600543, 25.190267], [55.2600187, 25.1903028], [55.2599943, 25.1903371], [55.2599805, 25.190376], [55.259978, 25.1904167], [55.2599871, 25.1904567], [55.2600072, 25.1904933], [55.2600971, 25.1906021]]}, "properties": {"class": "tertiary"}}, {"type": "Feature", "geometry": {"type": "LineString", "coordinates": [[55.2601542, 25.1901762], [55.2600939, 25.1902081], [55.2600377, 25.1902454], [55.2599859, 25.1902877], [55.2599393, 25.1903334], [55.2599043, 25.1903742], [55.259873, 25.1904164], [55.2598187, 25.190512], [55.2597961, 25.190565], [55.2597791, 25.1906196], [55.2597681, 25.1906759], [55.259763, 25.190733], [55.2597639, 25.1907796], [55.2597728, 25.1908254], [55.2597927, 25.1908687], [55.2598196, 25.1909077], [55.2599492, 25.1910578], [55.259972, 25.1910855], [55.2599925, 25.1911147], [55.2600107, 25.1911451]]}, "properties": {"class": "secondary"}}, {"type": "Feature", "geometry": {"type": "LineString", "coordinates": [[55.2575272, 25.1886446], [55.2577474, 25.1887387], [55.2587845, 25.1898438], [55.2588471, 25.1898531], [55.259077, 25.1900777], [55.2591362, 25.1901335], [55.2592014, 25.1901936], [55.2593001, 25.1902586], [55.2593574, 25.1902883], [55.2594032, 25.1903111], [55.2594579, 25.190333], [55.2595479, 25.1903474], [55.2596161, 25.1903441], [55.2596658, 25.1903347], [55.2597094, 25.1903167], [55.259786, 25.1902811], [55.2601523, 25.1899953]]}, "properties": {"class": "secondary"}}, {"type": "Feature", "geometry": {"type": "LineString", "coordinates": [[55.2600971, 25.1906021], [55.2599785, 25.1905451], [55.2599403, 25.1905384], [55.2599013, 25.1905398], [55.2598638, 25.1905494], [55.2598298, 25.1905666], [55.259801, 25.1905904], [55.2597791, 25.1906196]]}, "properties": {"class": "tertiary"}}, {"type": "Feature", "geometry": {"type": "LineString", "coordinates": [[55.2601877, 25.1906999], [55.2610301, 25.1916003], [55.2611041, 25.19166], [55.2611612, 25.1917028], [55.2612314, 25.1917488]]}, "properties": {"class": "tertiary"}}, {"type": "Feature", "geometry": {"type": "LineString", "coordinates": [[55.2612314, 25.1917488], [55.2612818, 25.1917605], [55.2613334, 25.1917663], [55.2613854, 25.191766], [55.2614376, 25.1917601]]}, "properties": {"class": "tertiary"}}, {"type": "Feature", "geometry": {"type": "LineString", "coordinates": [[55.2614499, 25.1918944], [55.2612314, 25.1917488]]}, "properties": {"class": "tertiary"}}, {"type": "Feature", "geometry": {"type": "LineString", "coordinates": [[55.2625836, 25.1934295], [55.2625229, 25.193377], [55.2624646, 25.1933223], [55.2624086, 25.1932657], [55.2621265, 25.1929718], [55.2620526, 25.1928926], [55.2619846, 25.1928091], [55.261923, 25.1927216], [55.2618689, 25.1926305], [55.2618199, 25.1925365], [55.2617872, 25.192461], [55.2616595, 25.1921163], [55.2616287, 25.1920364], [55.2616126, 25.1920072], [55.261591, 25.191981], [55.2615647, 25.1919587], [55.2615343, 25.1919411]]}, "properties": {"class": "tertiary"}}, {"type": "Feature", "geometry": {"type": "LineString", "coordinates": [[55.2625836, 25.1934295], [55.2627043, 25.1935588], [55.2627833, 25.1936327], [55.2628673, 25.1937019], [55.2629559, 25.1937663], [55.2630489, 25.1938254], [55.2631457, 25.1938791], [55.263224, 25.1939187], [55.2641043, 25.1943259], [55.2648596, 25.1946768], [55.2649588, 25.1947265], [55.2650545, 25.1947793], [55.2651465, 25.1948374], [55.2652342, 25.1949005], [55.2653264, 25.1949763], [55.2655569, 25.1952147], [55.2655671, 25.1952253], [55.2657597, 25.1954366], [55.2657919, 25.195472], [55.2658387, 25.1955232], [55.265939, 25.1956332], [55.2661846, 25.195906], [55.266243, 25.1959776], [55.2662734, 25.1960192], [55.2663156, 25.1960856], [55.2663533, 25.1961558], [55.2663855, 25.1962281], [55.2664119, 25.1963024], [55.2664352, 25.1963746], [55.2667358, 25.1974776]]}, "properties": {"class": "tertiary"}}, {"type": "Feature", "geometry": {"type": "LineString", "coordinates": [[55.2791459, 25.2088941], [55.2790726, 25.2088413], [55.2790391, 25.2088279], [55.2789935, 25.2088096], [55.2789109, 25.2087966], [55.2788454, 25.2087921], [55.2787557, 25.2087926], [55.2786628, 25.2087977], [55.2785441, 25.2088096], [55.2784365, 25.2088322], [55.2783402, 25.2088647], [55.2782654, 25.2088968], [55.2780163, 25.2090159]]}, "properties": {"class": "residential"}}, {"type": "Feature", "geometry": {"type": "LineString", "coordinates": [[55.2507943, 25.2155871], [55.2501992, 25.2148005], [55.2500419, 25.2146004], [55.2500102, 25.2145601], [55.2499604, 25.2144974]]}, "properties": {"class": "primary"}}, {"type": "Feature", "geometry": {"type": "LineString", "coordinates": [[55.2499604, 25.2144974], [55.2499132, 25.2144346], [55.2498589, 25.2143624], [55.2492248, 25.213519], [55.2491185, 25.2133775], [55.2489726, 25.2131835], [55.2488809, 25.2130616], [55.248413, 25.2124391], [55.2483898, 25.2124083], [55.2482481, 25.2122198], [55.248186, 25.2121373], [55.2480189, 25.211915], [55.2478302, 25.211664], [55.2475436, 25.2112829]]}, "properties": {"class": "primary"}}, {"type": "Feature", "geometry": {"type": "LineString", "coordinates": [[55.249291, 25.2133423], [55.2497129, 25.2138868], [55.2499503, 25.2141926], [55.2499669, 25.2142146], [55.2500133, 25.2142744], [55.2500693, 25.2143467]]}, "properties": {"class": "primary"}}, {"type": "Feature", "geometry": {"type": "LineString", "coordinates": [[55.2467747, 25.2100349], [55.2468563, 25.2101421], [55.2469399, 25.210252], [55.247045, 25.2103901], [55.2484879, 25.2122867], [55.2485165, 25.2123243], [55.2486961, 25.2125604], [55.2487884, 25.2126816], [55.2489549, 25.2129005], [55.249291, 25.2133423]]}, "properties": {"class": "primary"}}, {"type": "Feature", "geometry": {"type": "LineString", "coordinates": [[55.2475436, 25.2112829], [55.247122, 25.2107011], [55.2467593, 25.2102249], [55.246747, 25.2102087], [55.2466678, 25.2101047]]}, "properties": {"class": "primary"}}, {"type": "Feature", "geometry": {"type": "LineString", "coordinates": [[55.2466678, 25.2101047], [55.2466078, 25.2100295], [55.2465462, 25.2099475], [55.2458103, 25.2089681], [55.2457401, 25.2088712], [55.2455758, 25.2086436], [55.2455224, 25.208573], [55.2447554, 25.2075206], [55.244733, 25.2074898], [55.2444977, 25.2071965], [55.2439879, 25.2065004], [55.2431584, 25.2054259], [55.242369, 25.2043652], [55.2421338, 25.2040772], [55.241889, 25.2037236]]}, "properties": {"class": "primary"}}, {"type": "Feature", "geometry": {"type": "LineString", "coordinates": [[55.2459362, 25.2088949], [55.2461873, 25.2092596], [55.2465363, 25.2097311]]}, "properties": {"class": "primary"}}, {"type": "Feature", "geometry": {"type": "LineString", "coordinates": [[55.2610139, 25.2289172], [55.2606409, 25.2284249], [55.2602711, 25.2279401], [55.2601647, 25.2278005], [55.2601364, 25.2277634], [55.2600846, 25.2276955], [55.2600168, 25.2276066]]}, "properties": {"class": "primary"}}, {"type": "Feature", "geometry": {"type": "LineString", "coordinates": [[55.257003, 25.2236359], [55.256963, 25.2235848], [55.2569294, 25.2235419], [55.2567741, 25.2233447], [55.2567508, 25.2233152], [55.2565907, 25.2231147], [55.2557406, 25.222008], [55.2556635, 25.2219076], [55.2554968, 25.2216918], [55.2552172, 25.2213253], [55.2546769, 25.2206171], [55.2543737, 25.2202192], [55.2543347, 25.220168], [55.2542795, 25.2200996], [55.254138, 25.2199057], [55.2540693, 25.2198062], [55.2532676, 25.2187799], [55.2531974, 25.2186914], [55.2530326, 25.2184618], [55.2522344, 25.2174406], [55.252216, 25.2174171], [55.2520799, 25.2172411], [55.2519317, 25.2170495], [55.2517563, 25.2168228], [55.251554, 25.2165612], [55.2514222, 25.2163908], [55.251059, 25.2159212], [55.2509727, 25.2158125], [55.2507943, 25.2155871]]}, "properties": {"class": "primary"}}, {"type": "Feature", "geometry": {"type": "LineString", "coordinates": [[55.2602241, 25.2275745], [55.2602728, 25.2276395], [55.260363, 25.22776], [55.2607981, 25.2283434], [55.2612164, 25.2289043], [55.2612529, 25.2289533], [55.2613995, 25.2291498], [55.2617958, 25.2296877], [55.261826, 25.2297287], [55.2620147, 25.2299849], [55.2622658, 25.2303252], [55.2624237, 25.23054], [55.2630966, 25.2314208], [55.2632814, 25.2316586], [55.263557, 25.2320266], [55.2638292, 25.2323902], [55.2638511, 25.2324215], [55.2638665, 25.2324434], [55.2638983, 25.2324886]]}, "properties": {"class": "primary"}}, {"type": "Feature", "geometry": {"type": "LineString", "coordinates": [[55.2493376, 25.2005514], [55.249418, 25.2006425], [55.2494657, 25.2007035], [55.2504322, 25.2020834], [55.2504989, 25.2021837], [55.2505227, 25.2022195], [55.2506122, 25.2023453], [55.2507294, 25.2025161]]}, "properties": {"class": "primary"}}, {"type": "Feature", "geometry": {"type": "LineString", "coordinates": [[55.2571938, 25.2121279], [55.2571394, 25.2120433], [55.2570899, 25.2119662], [55.2566638, 25.2113229], [55.25663, 25.2112699], [55.2565332, 25.2111178], [55.2564301, 25.2109548], [55.2561151, 25.2104942], [55.2560111, 25.2103493], [55.2558674, 25.210132], [55.2554764, 25.2095329], [55.2552641, 25.2092076], [55.2552583, 25.2091987], [55.2551975, 25.2091191], [55.25511, 25.2089911], [55.254134, 25.2076064], [55.2538576, 25.2072259], [55.2537086, 25.2070207], [55.2536369, 25.2069219]]}, "properties": {"class": "primary"}}, {"type": "Feature", "geometry": {"type": "LineString", "coordinates": [[55.2475803, 25.2096472], [55.2471851, 25.2098121]]}, "properties": {"class": "secondary"}}, {"type": "Feature", "geometry": {"type": "LineString", "coordinates": [[55.2509302, 25.2080658], [55.2510142, 25.2080496], [55.2510965, 25.208027], [55.2511764, 25.2079982], [55.2514329, 25.2078711], [55.2515137, 25.2078311], [55.2517273, 25.2077294], [55.2519786, 25.2076133]]}, "properties": {"class": "secondary"}}, {"type": "Feature", "geometry": {"type": "LineString", "coordinates": [[55.2530132, 25.2057998], [55.253265, 25.2061759], [55.2534057, 25.2063714], [55.2535518, 25.2065816]]}, "properties": {"class": "primary"}}, {"type": "Feature", "geometry": {"type": "LineString", "coordinates": [[55.2535518, 25.2065816], [55.253615, 25.2066725], [55.2536341, 25.2067], [55.2537072, 25.2068074], [55.2537623, 25.2068838], [55.2541797, 25.2074849], [55.2545569, 25.2080149], [55.2550886, 25.2087526], [55.2553635, 25.2091201], [55.2553959, 25.2091704], [55.2554037, 25.2091824], [55.2554383, 25.2092359], [55.2554512, 25.2092526], [55.2555907, 25.2094565], [55.2557976, 25.2097686], [55.2563273, 25.2106057], [55.2564273, 25.2107322], [55.256757, 25.2112266]]}, "properties": {"class": "primary"}}, {"type": "Feature", "geometry": {"type": "LineString", "coordinates": [[55.2623658, 25.2094011], [55.2620349, 25.2095973]]}, "properties": {"class": "primary"}}, {"type": "Feature", "geometry": {"type": "LineString", "coordinates": [[55.2610965, 25.2101236], [55.2610089, 25.210171], [55.2608158, 25.2102785]]}, "properties": {"class": "primary"}}, {"type": "Feature", "geometry": {"type": "LineString", "coordinates": [[55.259744, 25.2106555], [55.2599104, 25.210577], [55.2602751, 25.2103343]]}, "properties": {"class": "primary"}}, {"type": "Feature", "geometry": {"type": "LineString", "coordinates": [[55.2572577, 25.2119826], [55.2573233, 25.2119482], [55.2577595, 25.2117196], [55.2578899, 25.2116469], [55.2582561, 25.211441], [55.2588121, 25.2111316], [55.259744, 25.2106555]]}, "properties": {"class": "primary"}}, {"type": "Feature", "geometry": {"type": "LineString", "coordinates": [[55.2580143, 25.2117187], [55.2578847, 25.2117916], [55.2577847, 25.2118458]]}, "properties": {"class": "primary"}}, {"type": "Feature", "geometry": {"type": "LineString", "coordinates": [[55.256757, 25.2112266], [55.2569333, 25.2114947]]}, "properties": {"class": "primary"}}, {"type": "Feature", "geometry": {"type": "LineString", "coordinates": [[55.2573105, 25.2120641], [55.2573489, 25.2121238], [55.257478, 25.2123284], [55.2575502, 25.2124421], [55.257814, 25.2128305], [55.2581102, 25.2132625], [55.258349, 25.2136347], [55.258467, 25.2138187]]}, "properties": {"class": "primary"}}, {"type": "Feature", "geometry": {"type": "LineString", "coordinates": [[55.2579955, 25.2133117], [55.2577322, 25.2129133], [55.2573202, 25.212313], [55.257257, 25.212221], [55.2572318, 25.2121843], [55.2571938, 25.2121279]]}, "properties": {"class": "primary"}}, {"type": "Feature", "geometry": {"type": "LineString", "coordinates": [[55.2602932, 25.2168039], [55.2599745, 25.2163449], [55.2596097, 25.2158099], [55.2593992, 25.2154659], [55.2592096, 25.2151907], [55.2591965, 25.2151706], [55.2591502, 25.2150977], [55.2590961, 25.215013], [55.2589894, 25.2148554], [55.258932, 25.2147652], [55.2584417, 25.214019], [55.2583685, 25.2139076], [55.2582608, 25.2137455], [55.2581805, 25.2136142], [55.2579955, 25.2133117]]}, "properties": {"class": "primary"}}, {"type": "Feature", "geometry": {"type": "LineString", "coordinates": [[55.258467, 25.2138187], [55.2585974, 25.2140319]]}, "properties": {"class": "primary"}}, {"type": "Feature", "geometry": {"type": "LineString", "coordinates": [[55.2585974, 25.2140319], [55.2593128, 25.2151048], [55.2597593, 25.2157753], [55.2600738, 25.2162701], [55.260213, 25.2164736], [55.2603244, 25.2166426], [55.2603753, 25.2167101], [55.2603969, 25.2167561], [55.261801, 25.2188864], [55.2624246, 25.2198271], [55.264061, 25.2223327], [55.2641211, 25.2224212], [55.2641843, 25.2225181], [55.2643063, 25.222705]]}, "properties": {"class": "primary"}}, {"type": "Feature", "geometry": {"type": "LineString", "coordinates": [[55.2608118, 25.2176228], [55.2602932, 25.2168039]]}, "properties": {"class": "primary"}}, {"type": "Feature", "geometry": {"type": "LineString", "coordinates": [[55.2642794, 25.2228692], [55.2641185, 25.2226521], [55.2638871, 25.2223152], [55.2623942, 25.2200151], [55.2623151, 25.2198997]]}, "properties": {"class": "primary"}}, {"type": "Feature", "geometry": {"type": "LineString", "coordinates": [[55.2646885, 25.2232975], [55.2651301, 25.2239926]]}, "properties": {"class": "primary"}}, {"type": "Feature", "geometry": {"type": "LineString", "coordinates": [[55.2662547, 25.2259712], [55.266377, 25.2262259], [55.2667122, 25.2269169], [55.2668288, 25.2271574], [55.2668497, 25.2272004], [55.2671368, 25.2278002], [55.2674014, 25.2283506], [55.2680041, 25.229565], [55.2682759, 25.2301155], [55.2683696, 25.2303139], [55.2685505, 25.2306741]]}, "properties": {"class": "primary"}}, {"type": "Feature", "geometry": {"type": "LineString", "coordinates": [[55.2660807, 25.2259064], [55.2658902, 25.2254776], [55.2657555, 25.2251921]]}, "properties": {"class": "primary"}}, {"type": "Feature", "geometry": {"type": "LineString", "coordinates": [[55.2684629, 25.2308002], [55.268239, 25.2303412], [55.2681197, 25.2301146], [55.2678718, 25.2295899], [55.2668151, 25.2274311], [55.2667701, 25.2273391], [55.2667475, 25.2272929], [55.2666945, 25.227175], [55.2666085, 25.2270083], [55.2664455, 25.2266752], [55.2663948, 25.2265693]]}, "properties": {"class": "primary"}}, {"type": "Feature", "geometry": {"type": "LineString", "coordinates": [[55.2542501, 25.194462], [55.2536125, 25.1948132]]}, "properties": {"class": "tertiary"}}, {"type": "Feature", "geometry": {"type": "LineString", "coordinates": [[55.2536125, 25.1948132], [55.2531544, 25.1950978], [55.2523355, 25.1955774], [55.2519038, 25.1958256], [55.2515306, 25.1960487], [55.2511849, 25.1962554], [55.2507118, 25.1965135], [55.250215, 25.196803], [55.250176, 25.1968306], [55.2501397, 25.196861], [55.2501062, 25.1968939], [55.2500766, 25.1969296]]}, "properties": {"class": "tertiary"}}, {"type": "Feature", "geometry": {"type": "LineString", "coordinates": [[55.2490695, 25.2001443], [55.2493376, 25.2005514]]}, "properties": {"class": "primary"}}, {"type": "Feature", "geometry": {"type": "LineString", "coordinates": [[55.2470765, 25.1972449], [55.2473567, 25.1976587]]}, "properties": {"class": "primary"}}, {"type": "Feature", "geometry": {"type": "LineString", "coordinates": [[55.2482595, 25.1991815], [55.2481181, 25.1989651], [55.2480545, 25.1988635]]}, "properties": {"class": "primary"}}, {"type": "Feature", "geometry": {"type": "LineString", "coordinates": [[55.2505219, 25.202439], [55.2504373, 25.2023167], [55.2504124, 25.2022807], [55.2501556, 25.2019361], [55.249689, 25.2012447], [55.2496001, 25.2011246], [55.2494925, 25.2009623], [55.24947, 25.2009273], [55.2494457, 25.2008921], [55.2485306, 25.1995854], [55.2482595, 25.1991815]]}, "properties": {"class": "primary"}}, {"type": "Feature", "geometry": {"type": "LineString", "coordinates": [[55.2593607, 25.2264394], [55.2595219, 25.2266518], [55.2597453, 25.226946], [55.2599543, 25.2272213]]}, "properties": {"class": "primary"}}, {"type": "Feature", "geometry": {"type": "LineString", "coordinates": [[55.25839, 25.2254171], [55.2578893, 25.2247855], [55.2577216, 25.2245599], [55.2576638, 25.2244851], [55.2574007, 25.2241477], [55.2571233, 25.223791], [55.2571124, 25.223777], [55.2570516, 25.2236982], [55.257003, 25.2236359]]}, "properties": {"class": "primary"}}, {"type": "Feature", "geometry": {"type": "LineString", "coordinates": [[55.2600168, 25.2276066], [55.2599746, 25.2275498], [55.2598798, 25.2274222], [55.2589968, 25.2262398], [55.2588124, 25.2259907], [55.25839, 25.2254171]]}, "properties": {"class": "primary"}}, {"type": "Feature", "geometry": {"type": "LineString", "coordinates": [[55.2536457, 25.2190334], [55.2540593, 25.2195814]]}, "properties": {"class": "primary"}}, {"type": "Feature", "geometry": {"type": "LineString", "coordinates": [[55.2540593, 25.2195814], [55.2543852, 25.2200007], [55.2544546, 25.22009], [55.2545412, 25.2202022], [55.2548723, 25.2206367], [55.2549555, 25.220744], [55.2552805, 25.2211727], [55.2560492, 25.2221866], [55.2567145, 25.2230425], [55.2568391, 25.2232029], [55.2568829, 25.2232593], [55.2570298, 25.2234484], [55.2570404, 25.223462], [55.2571133, 25.2235558], [55.2571622, 25.2236188], [55.2571946, 25.2236604], [55.2572233, 25.2236973], [55.2573504, 25.223861], [55.2578981, 25.2245665], [55.2582215, 25.2249806], [55.2586159, 25.2254856], [55.2589981, 25.2259751], [55.2593607, 25.2264394]]}, "properties": {"class": "primary"}}, {"type": "Feature", "geometry": {"type": "LineString", "coordinates": [[55.2744526, 25.2090526], [55.2744994, 25.2090653], [55.2745483, 25.2090664], [55.2745957, 25.2090558], [55.2746227, 25.2090437], [55.2749029, 25.2088841], [55.2754568, 25.2085701], [55.2754972, 25.2085433], [55.2755345, 25.208513], [55.2755684, 25.2084795], [55.2756039, 25.2084401]]}, "properties": {"class": "residential"}}, {"type": "Feature", "geometry": {"type": "LineString", "coordinates": [[55.2744948, 25.2027441], [55.2756884, 25.2020962], [55.2767666, 25.201511]]}, "properties": {"class": "primary"}}, {"type": "Feature", "geometry": {"type": "LineString", "coordinates": [[55.2728567, 25.2036539], [55.2736678, 25.20321], [55.2744948, 25.2027441]]}, "properties": {"class": "primary"}}, {"type": "Feature", "geometry": {"type": "LineString", "coordinates": [[55.2652365, 25.2078745], [55.2651435, 25.2077577]]}, "properties": {"class": "residential"}}, {"type": "Feature", "geometry": {"type": "LineString", "coordinates": [[55.2636549, 25.2084571], [55.2638438, 25.20836], [55.2649514, 25.2077293], [55.2649874, 25.2077088], [55.2650651, 25.2076646]]}, "properties": {"class": "primary"}}, {"type": "Feature", "geometry": {"type": "LineString", "coordinates": [[55.2611294, 25.209886], [55.2612345, 25.209827]]}, "properties": {"class": "primary"}}, {"type": "Feature", "geometry": {"type": "LineString", "coordinates": [[55.2622744, 25.2118345], [55.2620707, 25.2115656], [55.2618861, 25.211283]]}, "properties": {"class": "secondary"}}, {"type": "Feature", "geometry": {"type": "LineString", "coordinates": [[55.2632374, 25.2131011], [55.2629957, 25.212798], [55.2629654, 25.21276], [55.2625775, 25.2122456], [55.2623464, 25.2119355], [55.2622744, 25.2118345]]}, "properties": {"class": "secondary"}}, {"type": "Feature", "geometry": {"type": "LineString", "coordinates": [[55.263643, 25.2136626], [55.2632374, 25.2131011]]}, "properties": {"class": "secondary"}}, {"type": "Feature", "geometry": {"type": "LineString", "coordinates": [[55.2618861, 25.211283], [55.2615662, 25.2108219], [55.2613026, 25.2104498]]}, "properties": {"class": "secondary"}}, {"type": "Feature", "geometry": {"type": "LineString", "coordinates": [[55.2668405, 25.2179533], [55.2663701, 25.2173258]]}, "properties": {"class": "secondary"}}, {"type": "Feature", "geometry": {"type": "LineString", "coordinates": [[55.2683237, 25.2199457], [55.2682684, 25.2198692], [55.2681745, 25.2197406], [55.2680831, 25.2196169], [55.2670544, 25.2182402], [55.2668405, 25.2179533]]}, "properties": {"class": "secondary"}}, {"type": "Feature", "geometry": {"type": "LineString", "coordinates": [[55.2680961, 25.2200877], [55.2682278, 25.2200056], [55.2682538, 25.2199893], [55.2683237, 25.2199457]]}, "properties": {"class": "secondary"}}, {"type": "Feature", "geometry": {"type": "LineString", "coordinates": [[55.2694696, 25.2193768], [55.2693083, 25.2194679], [55.2690733, 25.2196007]]}, "properties": {"class": "secondary"}}, {"type": "Feature", "geometry": {"type": "LineString", "coordinates": [[55.268497, 25.2198418], [55.2685448, 25.219915]]}, "properties": {"class": "secondary"}}, {"type": "Feature", "geometry": {"type": "LineString", "coordinates": [[55.2685448, 25.219915], [55.2684791, 25.2199608], [55.2683856, 25.220021]]}, "properties": {"class": "secondary"}}, {"type": "Feature", "geometry": {"type": "LineString", "coordinates": [[55.2690733, 25.2196007], [55.2689311, 25.2196766], [55.268635, 25.2198523], [55.2686117, 25.2198662], [55.2685448, 25.219915]]}, "properties": {"class": "secondary"}}, {"type": "Feature", "geometry": {"type": "LineString", "coordinates": [[55.2683856, 25.220021], [55.2683237, 25.2199457]]}, "properties": {"class": "secondary"}}, {"type": "Feature", "geometry": {"type": "LineString", "coordinates": [[55.2683237, 25.2199457], [55.2683992, 25.2199065], [55.268497, 25.2198418]]}, "properties": {"class": "secondary"}}, {"type": "Feature", "geometry": {"type": "LineString", "coordinates": [[55.2681442, 25.2201565], [55.2678433, 25.2203402], [55.2678279, 25.2203489], [55.267788, 25.220366], [55.2677456, 25.2203773], [55.2677018, 25.2203823]]}, "properties": {"class": "secondary"}}, {"type": "Feature", "geometry": {"type": "LineString", "coordinates": [[55.2685949, 25.220302], [55.2684519, 25.2201101], [55.2684351, 25.2200876], [55.2683856, 25.220021]]}, "properties": {"class": "secondary"}}, {"type": "Feature", "geometry": {"type": "LineString", "coordinates": [[55.2698889, 25.2220099], [55.269719, 25.2217537], [55.2689174, 25.2206836], [55.2688673, 25.220641], [55.2688205, 25.2205954], [55.2687772, 25.2205471], [55.2686264, 25.2203428], [55.2685949, 25.220302]]}, "properties": {"class": "secondary"}}, {"type": "Feature", "geometry": {"type": "LineString", "coordinates": [[55.2718176, 25.2246061], [55.271719, 25.2244821], [55.2706342, 25.2230285], [55.2706143, 25.2229925], [55.270421, 25.22274], [55.270339, 25.2226316], [55.2703121, 25.2225988], [55.2702891, 25.2225714], [55.2700281, 25.2222233], [55.2699935, 25.2221719]]}, "properties": {"class": "secondary"}}, {"type": "Feature", "geometry": {"type": "LineString", "coordinates": [[55.2720719, 25.2249538], [55.2718176, 25.2246061]]}, "properties": {"class": "secondary"}}, {"type": "Feature", "geometry": {"type": "LineString", "coordinates": [[55.2727668, 25.2259023], [55.2725092, 25.2255454], [55.2724851, 25.2255121], [55.2724385, 25.2254475], [55.2723242, 25.2253012], [55.2722042, 25.2251422], [55.2720719, 25.2249538]]}, "properties": {"class": "secondary"}}, {"type": "Feature", "geometry": {"type": "LineString", "coordinates": [[55.2734931, 25.2268479], [55.2731079, 25.2263419]]}, "properties": {"class": "secondary"}}, {"type": "Feature", "geometry": {"type": "LineString", "coordinates": [[55.2734436, 25.2271271], [55.2735084, 25.227038], [55.2735279, 25.226991], [55.2735319, 25.2269409], [55.2735199, 25.2268919], [55.2734931, 25.2268479]]}, "properties": {"class": "secondary"}}, {"type": "Feature", "geometry": {"type": "LineString", "coordinates": [[55.273223, 25.2274911], [55.2731906, 25.2274043], [55.2731875, 25.2273436], [55.2732072, 25.2272855], [55.2732473, 25.2272367], [55.2733033, 25.2272031], [55.2734436, 25.2271271]]}, "properties": {"class": "secondary"}}, {"type": "Feature", "geometry": {"type": "LineString", "coordinates": [[55.2721098, 25.2246976], [55.2721881, 25.2248031]]}, "properties": {"class": "secondary"}}, {"type": "Feature", "geometry": {"type": "LineString", "coordinates": [[55.2685448, 25.219915], [55.2685977, 25.2199854], [55.2687245, 25.2201539], [55.2688061, 25.2202624], [55.2698845, 25.221701], [55.2701893, 25.2220997], [55.2704274, 25.2224323], [55.2704534, 25.2224686], [55.2705476, 25.2225935], [55.2706904, 25.2227854], [55.2708086, 25.2229413], [55.2716911, 25.2241304], [55.2717701, 25.2242365], [55.2718372, 25.2243234], [55.2719069, 25.2244216], [55.2721098, 25.2246976]]}, "properties": {"class": "secondary"}}, {"type": "Feature", "geometry": {"type": "LineString", "coordinates": [[55.2677018, 25.2203823], [55.2677225, 25.2203464], [55.2677502, 25.2203142], [55.2677841, 25.2202873], [55.2679364, 25.2201874], [55.2680961, 25.2200877]]}, "properties": {"class": "secondary"}}, {"type": "Feature", "geometry": {"type": "LineString", "coordinates": [[55.2679772, 25.2192065], [55.2680681, 25.2192899], [55.2680932, 25.2193169], [55.2681144, 25.2193424], [55.2684199, 25.2197407], [55.2684365, 25.2197624], [55.268497, 25.2198418]]}, "properties": {"class": "secondary"}}, {"type": "Feature", "geometry": {"type": "LineString", "coordinates": [[55.2669456, 25.2177819], [55.2672413, 25.2182286], [55.2676651, 25.2187976], [55.2679772, 25.2192065]]}, "properties": {"class": "secondary"}}, {"type": "Feature", "geometry": {"type": "LineString", "coordinates": [[55.2649214, 25.2151013], [55.2650432, 25.2152366], [55.2652786, 25.2155495], [55.2661929, 25.2167646], [55.2662191, 25.2168012], [55.2662504, 25.2168451], [55.2663485, 25.216971], [55.2669456, 25.2177819]]}, "properties": {"class": "secondary"}}, {"type": "Feature", "geometry": {"type": "LineString", "coordinates": [[55.2645155, 25.2145414], [55.2649214, 25.2151013]]}, "properties": {"class": "secondary"}}, {"type": "Feature", "geometry": {"type": "LineString", "coordinates": [[55.2614472, 25.2102901], [55.2615934, 25.2104988], [55.2617344, 25.2107103], [55.2618736, 25.210935]]}, "properties": {"class": "secondary"}}, {"type": "Feature", "geometry": {"type": "LineString", "coordinates": [[55.2618736, 25.210935], [55.2619996, 25.2111231], [55.2624167, 25.211688], [55.2631018, 25.2126172], [55.2631313, 25.2126572], [55.2632219, 25.2127798], [55.2640522, 25.2139085], [55.2641747, 25.2140705], [55.264301, 25.2142379], [55.2645155, 25.2145414]]}, "properties": {"class": "secondary"}}, {"type": "Feature", "geometry": {"type": "LineString", "coordinates": [[55.2612641, 25.2100414], [55.2613252, 25.2101244], [55.2614472, 25.2102901]]}, "properties": {"class": "secondary"}}, {"type": "Feature", "geometry": {"type": "LineString", "coordinates": [[55.2620349, 25.2095973], [55.2618671, 25.2097088], [55.2613764, 25.2099792], [55.2613432, 25.2099975], [55.2612641, 25.2100414]]}, "properties": {"class": "primary"}}, {"type": "Feature", "geometry": {"type": "LineString", "coordinates": [[55.2611294, 25.209886], [55.2612031, 25.209955]]}, "properties": {"class": "secondary"}}, {"type": "Feature", "geometry": {"type": "LineString", "coordinates": [[55.2612641, 25.2100414], [55.2611857, 25.2100803]]}, "properties": {"class": "primary"}}, {"type": "Feature", "geometry": {"type": "LineString", "coordinates": [[55.2610965, 25.2101236], [55.2610397, 25.2100317]]}, "properties": {"class": "secondary"}}, {"type": "Feature", "geometry": {"type": "LineString", "coordinates": [[55.2613026, 25.2104498], [55.2611723, 25.2102435], [55.2611601, 25.2102242], [55.2610965, 25.2101236]]}, "properties": {"class": "secondary"}}, {"type": "Feature", "geometry": {"type": "LineString", "coordinates": [[55.2602751, 25.2103343], [55.2604064, 25.2102704], [55.2608523, 25.2100276], [55.2609155, 25.2099932], [55.2609906, 25.2099524]]}, "properties": {"class": "primary"}}, {"type": "Feature", "geometry": {"type": "LineString", "coordinates": [[55.2571394, 25.2120433], [55.2572577, 25.2119826]]}, "properties": {"class": "primary"}}, {"type": "Feature", "geometry": {"type": "LineString", "coordinates": [[55.2569333, 25.2114947], [55.2570659, 25.2116968], [55.2571703, 25.2118558], [55.2572052, 25.211909], [55.2572577, 25.2119826]]}, "properties": {"class": "primary"}}, {"type": "Feature", "geometry": {"type": "LineString", "coordinates": [[55.2577847, 25.2118458], [55.257609, 25.2119267], [55.2574108, 25.2120179], [55.257372, 25.2120358], [55.2573105, 25.2120641]]}, "properties": {"class": "primary"}}, {"type": "Feature", "geometry": {"type": "LineString", "coordinates": [[55.2572577, 25.2119826], [55.2573105, 25.2120641]]}, "properties": {"class": "primary"}}, {"type": "Feature", "geometry": {"type": "LineString", "coordinates": [[55.2573105, 25.2120641], [55.2572666, 25.2120881]]}, "properties": {"class": "primary"}}, {"type": "Feature", "geometry": {"type": "LineString", "coordinates": [[55.2680948, 25.2061439], [55.2683782, 25.2060335], [55.2685064, 25.2059775], [55.2686402, 25.2059149], [55.269835, 25.2053007]]}, "properties": {"class": "primary"}}, {"type": "Feature", "geometry": {"type": "LineString", "coordinates": [[55.2672604, 25.2067478], [55.2670515, 25.2068515]]}, "properties": {"class": "primary"}}, {"type": "Feature", "geometry": {"type": "LineString", "coordinates": [[55.2657877, 25.2072579], [55.2664222, 25.2069217], [55.2665552, 25.2068521], [55.2667065, 25.2067732]]}, "properties": {"class": "primary"}}, {"type": "Feature", "geometry": {"type": "LineString", "coordinates": [[55.2667065, 25.2067732], [55.2674041, 25.2064772]]}, "properties": {"class": "primary"}}, {"type": "Feature", "geometry": {"type": "LineString", "coordinates": [[55.2710275, 25.2090157], [55.2709683, 25.208922], [55.2708364, 25.2087208], [55.2707585, 25.2086151], [55.2706994, 25.2085307], [55.2701645, 25.2077686]]}, "properties": {"class": "secondary"}}, {"type": "Feature", "geometry": {"type": "LineString", "coordinates": [[55.2752533, 25.2152075], [55.275176, 25.215105], [55.2750649, 25.2149404], [55.2750126, 25.2148534], [55.2745103, 25.2141283], [55.2739728, 25.2133392], [55.2734535, 25.2125781], [55.2734384, 25.212556], [55.2733119, 25.2123655]]}, "properties": {"class": "secondary"}}, {"type": "Feature", "geometry": {"type": "LineString", "coordinates": [[55.2659334, 25.2074961], [55.2655144, 25.207739], [55.265475, 25.2077618], [55.2653721, 25.2078134]]}, "properties": {"class": "primary"}}, {"type": "Feature", "geometry": {"type": "LineString", "coordinates": [[55.2689668, 25.2102049], [55.2685291, 25.2104539], [55.2681121, 25.2106682]]}, "properties": {"class": "residential"}}, {"type": "Feature", "geometry": {"type": "LineString", "coordinates": [[55.2702575, 25.2095325], [55.2698495, 25.2097524], [55.2689668, 25.2102049]]}, "properties": {"class": "residential"}}, {"type": "Feature", "geometry": {"type": "LineString", "coordinates": [[55.2707363, 25.2092845], [55.2704647, 25.2094267]]}, "properties": {"class": "residential"}}, {"type": "Feature", "geometry": {"type": "LineString", "coordinates": [[55.2681121, 25.2106682], [55.2677501, 25.2108521], [55.2677036, 25.2108757], [55.2676129, 25.2109241]]}, "properties": {"class": "residential"}}, {"type": "Feature", "geometry": {"type": "LineString", "coordinates": [[55.2710275, 25.2090157], [55.2711401, 25.2089578]]}, "properties": {"class": "residential"}}, {"type": "Feature", "geometry": {"type": "LineString", "coordinates": [[55.2696954, 25.2097094], [55.2699664, 25.2095556], [55.2704164, 25.2093254]]}, "properties": {"class": "residential"}}, {"type": "Feature", "geometry": {"type": "LineString", "coordinates": [[55.2679497, 25.2106274], [55.2679912, 25.2106051], [55.268401, 25.2103853]]}, "properties": {"class": "residential"}}, {"type": "Feature", "geometry": {"type": "LineString", "coordinates": [[55.268401, 25.2103853], [55.2691346, 25.2100021], [55.2694189, 25.2098519], [55.2696954, 25.2097094]]}, "properties": {"class": "residential"}}, {"type": "Feature", "geometry": {"type": "LineString", "coordinates": [[55.2674756, 25.2108944], [55.2675575, 25.2108482]]}, "properties": {"class": "residential"}}, {"type": "Feature", "geometry": {"type": "LineString", "coordinates": [[55.26858, 25.2122789], [55.2684637, 25.2121523], [55.2683336, 25.2119964], [55.2680502, 25.2116438]]}, "properties": {"class": "residential"}}, {"type": "Feature", "geometry": {"type": "LineString", "coordinates": [[55.2680731, 25.2115148], [55.2684919, 25.2121377], [55.26858, 25.2122789]]}, "properties": {"class": "residential"}}, {"type": "Feature", "geometry": {"type": "LineString", "coordinates": [[55.2678904, 25.2112835], [55.2680731, 25.2115148]]}, "properties": {"class": "residential"}}, {"type": "Feature", "geometry": {"type": "LineString", "coordinates": [[55.2661671, 25.2088702], [55.2666358, 25.2095988], [55.2669173, 25.2099788], [55.2671613, 25.2103004], [55.2672555, 25.210425], [55.2673123, 25.2105193], [55.2675062, 25.2107794], [55.2675575, 25.2108482]]}, "properties": {"class": "residential"}}, {"type": "Feature", "geometry": {"type": "LineString", "coordinates": [[55.2661132, 25.2090389], [55.2659298, 25.2087875], [55.2656686, 25.2084379], [55.26562, 25.2083729], [55.2654937, 25.2081916]]}, "properties": {"class": "residential"}}, {"type": "Feature", "geometry": {"type": "LineString", "coordinates": [[55.2663632, 25.2072496], [55.2662574, 25.2073052], [55.2659334, 25.2074961]]}, "properties": {"class": "primary"}}, {"type": "Feature", "geometry": {"type": "LineString", "coordinates": [[55.2670515, 25.2068515], [55.2663632, 25.2072496]]}, "properties": {"class": "primary"}}, {"type": "Feature", "geometry": {"type": "LineString", "coordinates": [[55.2676366, 25.206551], [55.2675996, 25.206572], [55.2672604, 25.2067478]]}, "properties": {"class": "primary"}}, {"type": "Feature", "geometry": {"type": "LineString", "coordinates": [[55.2752533, 25.2152075], [55.2753734, 25.2151385]]}, "properties": {"class": "secondary"}}, {"type": "Feature", "geometry": {"type": "LineString", "coordinates": [[55.274434, 25.215643], [55.2747137, 25.2155007]]}, "properties": {"class": "secondary"}}, {"type": "Feature", "geometry": {"type": "LineString", "coordinates": [[55.2735326, 25.2164752], [55.273633, 25.2163273], [55.2737679, 25.2161676], [55.2738812, 25.2160569], [55.2739822, 25.215962], [55.274082, 25.2158797], [55.2741949, 25.2157955], [55.2743123, 25.2157165], [55.274434, 25.215643]]}, "properties": {"class": "secondary"}}, {"type": "Feature", "geometry": {"type": "LineString", "coordinates": [[55.2747137, 25.2155007], [55.2751261, 25.2152713], [55.2751568, 25.2152543], [55.2752533, 25.2152075]]}, "properties": {"class": "secondary"}}, {"type": "Feature", "geometry": {"type": "LineString", "coordinates": [[55.268497, 25.2198418], [55.2685589, 25.2198025], [55.2687331, 25.2197002], [55.2694937, 25.2192356], [55.2697219, 25.2190929], [55.2698988, 25.2189866], [55.2710488, 25.2182559], [55.2716304, 25.217882], [55.2717091, 25.2178322], [55.2717332, 25.217817], [55.2722838, 25.2174685], [55.2724157, 25.2173851]]}, "properties": {"class": "secondary"}}, {"type": "Feature", "geometry": {"type": "LineString", "coordinates": [[55.2716744, 25.2180181], [55.2713685, 25.21817], [55.2704764, 25.2187465]]}, "properties": {"class": "secondary"}}, {"type": "Feature", "geometry": {"type": "LineString", "coordinates": [[55.2704764, 25.2187465], [55.2702246, 25.2189148], [55.2699746, 25.219072], [55.2697327, 25.2192194], [55.2694696, 25.2193768]]}, "properties": {"class": "secondary"}}, {"type": "Feature", "geometry": {"type": "LineString", "coordinates": [[55.2703741, 25.2078295], [55.2705014, 25.2080136]]}, "properties": {"class": "secondary"}}, {"type": "Feature", "geometry": {"type": "LineString", "coordinates": [[55.2705014, 25.2080136], [55.2710658, 25.2088343], [55.2710821, 25.2088579], [55.2711401, 25.2089578]]}, "properties": {"class": "secondary"}}, {"type": "Feature", "geometry": {"type": "LineString", "coordinates": [[55.2711401, 25.2089578], [55.2711601, 25.2089845], [55.2711833, 25.2090091], [55.2712043, 25.2090279], [55.2712211, 25.209044], [55.271285, 25.2091276], [55.2713735, 25.2092661], [55.2713974, 25.2093026], [55.2714558, 25.2093835], [55.2715559, 25.2095332], [55.2718773, 25.2100034], [55.2719874, 25.2101665], [55.2720044, 25.2101917], [55.2721451, 25.2103965], [55.2723159, 25.2106455], [55.2725947, 25.2110518]]}, "properties": {"class": "secondary"}}, {"type": "Feature", "geometry": {"type": "LineString", "coordinates": [[55.2710932, 25.2091032], [55.2710154, 25.2091426], [55.2707363, 25.2092845]]}, "properties": {"class": "residential"}}, {"type": "Feature", "geometry": {"type": "LineString", "coordinates": [[55.2712324, 25.2093027], [55.2711751, 25.2092226], [55.2711581, 25.2091988], [55.2710932, 25.2091032]]}, "properties": {"class": "secondary"}}, {"type": "Feature", "geometry": {"type": "LineString", "coordinates": [[55.2710932, 25.2091032], [55.2710275, 25.2090157]]}, "properties": {"class": "secondary"}}, {"type": "Feature", "geometry": {"type": "LineString", "coordinates": [[55.2728476, 25.2116748], [55.2724287, 25.2110597], [55.272054, 25.210502], [55.2717243, 25.2100512]]}, "properties": {"class": "secondary"}}, {"type": "Feature", "geometry": {"type": "LineString", "coordinates": [[55.2743512, 25.2136354], [55.2743904, 25.2136949], [55.274609, 25.2140268], [55.2748105, 25.2143228], [55.2748285, 25.2143492], [55.2749534, 25.2145326], [55.2749811, 25.2145733], [55.2751168, 25.2147726], [55.2751379, 25.2148036], [55.2751617, 25.2148386]]}, "properties": {"class": "secondary"}}, {"type": "Feature", "geometry": {"type": "LineString", "coordinates": [[55.2702935, 25.2070637], [55.2701731, 25.2071312], [55.2701269, 25.2071732], [55.2700972, 25.2072261], [55.2700871, 25.2072846], [55.2700975, 25.2073432], [55.2701274, 25.2073959], [55.2702459, 25.207579], [55.2702693, 25.2076137], [55.2702901, 25.2076471], [55.2703236, 25.2077058], [55.2703516, 25.2077667], [55.2703741, 25.2078295]]}, "properties": {"class": "tertiary"}}, {"type": "Feature", "geometry": {"type": "LineString", "coordinates": [[55.2754306, 25.2152122], [55.2753277, 25.2152997]]}, "properties": {"class": "secondary"}}, {"type": "Feature", "geometry": {"type": "LineString", "coordinates": [[55.2755617, 25.2156278], [55.2753939, 25.2153953], [55.2753768, 25.2153716], [55.2753277, 25.2152997]]}, "properties": {"class": "secondary"}}, {"type": "Feature", "geometry": {"type": "LineString", "coordinates": [[55.2753277, 25.2152997], [55.2752533, 25.2152075]]}, "properties": {"class": "secondary"}}, {"type": "Feature", "geometry": {"type": "LineString", "coordinates": [[55.2759381, 25.2162273], [55.2758214, 25.216023], [55.2756959, 25.2158231], [55.2755617, 25.2156278]]}, "properties": {"class": "secondary"}}, {"type": "Feature", "geometry": {"type": "LineString", "coordinates": [[55.2783729, 25.2208974], [55.2786318, 25.2212257], [55.2786409, 25.2212389], [55.2787206, 25.2213262], [55.2788693, 25.2215209], [55.2788935, 25.2215801], [55.2788995, 25.2215949], [55.2790459, 25.2217715], [55.2791378, 25.2218824], [55.2791756, 25.2219279], [55.2792355, 25.2220109], [55.2792732, 25.2220601], [55.2802088, 25.2233253], [55.2803646, 25.223498], [55.2806793, 25.2239368], [55.2807842, 25.2240763], [55.2808512, 25.2241661], [55.2809771, 25.2243344]]}, "properties": {"class": "secondary"}}, {"type": "Feature", "geometry": {"type": "LineString", "coordinates": [[55.2778643, 25.2202279], [55.2782101, 25.2206833], [55.2783729, 25.2208974]]}, "properties": {"class": "secondary"}}, {"type": "Feature", "geometry": {"type": "LineString", "coordinates": [[55.2809771, 25.2243344], [55.2813103, 25.2247744], [55.2816303, 25.225168], [55.2816476, 25.2251893], [55.2817504, 25.2253258], [55.2819124, 25.2255409], [55.2819271, 25.2255607], [55.2819811, 25.2256335], [55.282206, 25.2259305], [55.2823903, 25.2261677], [55.2825316, 25.2263607], [55.2826449, 25.2265178]]}, "properties": {"class": "secondary"}}, {"type": "Feature", "geometry": {"type": "LineString", "coordinates": [[55.2826449, 25.2265178], [55.2828957, 25.2268481], [55.2829594, 25.2269319], [55.2832479, 25.2273071], [55.2833235, 25.2274031], [55.2835289, 25.2276837]]}, "properties": {"class": "secondary"}}, {"type": "Feature", "geometry": {"type": "LineString", "coordinates": [[55.2835289, 25.2276837], [55.2836751, 25.2278313], [55.2838754, 25.2280945], [55.2839293, 25.2281647], [55.2839439, 25.2281837], [55.2839941, 25.2282506], [55.2845028, 25.2289831], [55.2847883, 25.2293593], [55.285076, 25.2297384], [55.2853044, 25.2300384], [55.2858539, 25.2307574], [55.2859135, 25.2308216], [55.2859786, 25.2308779], [55.2860329, 25.2309048], [55.2860981, 25.2309246], [55.2861666, 25.2309298], [55.2862399, 25.2309257], [55.2864184, 25.2308704], [55.286474, 25.2308527], [55.2865327, 25.2308476], [55.286591, 25.2308553]]}, "properties": {"class": "secondary"}}, {"type": "Feature", "geometry": {"type": "LineString", "coordinates": [[55.2602241, 25.2275745], [55.260152, 25.2276387], [55.2600846, 25.2276955]]}, "properties": {"class": "tertiary"}}, {"type": "Feature", "geometry": {"type": "LineString", "coordinates": [[55.2601668, 25.2274973], [55.2602241, 25.2275745]]}, "properties": {"class": "primary"}}, {"type": "Feature", "geometry": {"type": "LineString", "coordinates": [[55.2605944, 25.2272984], [55.2603277, 25.2274881], [55.2602839, 25.2275193], [55.2602241, 25.2275745]]}, "properties": {"class": "tertiary"}}, {"type": "Feature", "geometry": {"type": "LineString", "coordinates": [[55.2601668, 25.2274973], [55.2602294, 25.2274455], [55.2603903, 25.2273345], [55.2609173, 25.2269915], [55.2614377, 25.2266703], [55.2616596, 25.2265029], [55.261771, 25.2264278]]}, "properties": {"class": "tertiary"}}, {"type": "Feature", "geometry": {"type": "LineString", "coordinates": [[55.261771, 25.2264278], [55.2616301, 25.2265733], [55.2615488, 25.2266479], [55.2614014, 25.2267579], [55.2609741, 25.2270554], [55.2605944, 25.2272984]]}, "properties": {"class": "tertiary"}}, {"type": "Feature", "geometry": {"type": "LineString", "coordinates": [[55.2600168, 25.2276066], [55.2601082, 25.22754], [55.2601668, 25.2274973]]}, "properties": {"class": "tertiary"}}, {"type": "Feature", "geometry": {"type": "LineString", "coordinates": [[55.2599543, 25.2272213], [55.2600823, 25.2273877], [55.2601151, 25.2274303], [55.2601668, 25.2274973]]}, "properties": {"class": "primary"}}, {"type": "Feature", "geometry": {"type": "LineString", "coordinates": [[55.247564, 25.1981802], [55.2476851, 25.1981144]]}, "properties": {"class": "tertiary"}}, {"type": "Feature", "geometry": {"type": "LineString", "coordinates": [[55.2533557, 25.2065193], [55.253208, 25.206288], [55.2530375, 25.2060372], [55.2517283, 25.2041651], [55.2509143, 25.2029766], [55.2505219, 25.202439]]}, "properties": {"class": "primary"}}, {"type": "Feature", "geometry": {"type": "LineString", "coordinates": [[55.2530138, 25.2071479], [55.2534655, 25.2069413], [55.2535152, 25.2069185]]}, "properties": {"class": "secondary"}}, {"type": "Feature", "geometry": {"type": "LineString", "coordinates": [[55.2466078, 25.2100295], [55.2467134, 25.2099605]]}, "properties": {"class": "secondary"}}, {"type": "Feature", "geometry": {"type": "LineString", "coordinates": [[55.2465363, 25.2097311], [55.246632, 25.2098506], [55.2466452, 25.2098684], [55.2467134, 25.2099605]]}, "properties": {"class": "primary"}}, {"type": "Feature", "geometry": {"type": "LineString", "coordinates": [[55.2467134, 25.2099605], [55.2467747, 25.2100349]]}, "properties": {"class": "primary"}}, {"type": "Feature", "geometry": {"type": "LineString", "coordinates": [[55.2471851, 25.2098121], [55.2470385, 25.2098764], [55.2468988, 25.209952], [55.246844, 25.2099914], [55.2467747, 25.2100349]]}, "properties": {"class": "secondary"}}, {"type": "Feature", "geometry": {"type": "LineString", "coordinates": [[55.2467747, 25.2100349], [55.2466678, 25.2101047]]}, "properties": {"class": "secondary"}}, {"type": "Feature", "geometry": {"type": "LineString", "coordinates": [[55.2476851, 25.1981144], [55.2477371, 25.1981872]]}, "properties": {"class": "primary"}}, {"type": "Feature", "geometry": {"type": "LineString", "coordinates": [[55.2477371, 25.1981872], [55.2476207, 25.1982562]]}, "properties": {"class": "tertiary"}}, {"type": "Feature", "geometry": {"type": "LineString", "coordinates": [[55.2452076, 25.183066], [55.2454121, 25.182952], [55.2458348, 25.182695], [55.2464341, 25.1823464], [55.2469013, 25.1820586], [55.2471348, 25.1819102], [55.2475726, 25.1816209], [55.2481403, 25.1812362]]}, "properties": {"class": "primary"}}, {"type": "Feature", "geometry": {"type": "LineString", "coordinates": [[55.2489149, 25.1801873], [55.2489633, 25.1801347], [55.2490319, 25.1800658], [55.2491119, 25.1799986], [55.2491972, 25.1799371], [55.2492875, 25.1798817], [55.2493822, 25.1798326], [55.2494807, 25.1797902], [55.2495825, 25.1797547], [55.249687, 25.1797263], [55.2497936, 25.1797051]]}, "properties": {"class": "secondary"}}, {"type": "Feature", "geometry": {"type": "LineString", "coordinates": [[55.2482087, 25.1813098], [55.2476536, 25.181686], [55.2471866, 25.1819931], [55.2469514, 25.1821446], [55.2467312, 25.1822825], [55.2464945, 25.1824248], [55.2458783, 25.1827806], [55.2456948, 25.1828936], [55.2454524, 25.183061], [55.244524, 25.1836972]]}, "properties": {"class": "primary"}}, {"type": "Feature", "geometry": {"type": "LineString", "coordinates": [[55.264543, 25.1806814], [55.2641844, 25.1807358], [55.2638574, 25.1807854], [55.2635143, 25.1808364]]}, "properties": {"class": "residential"}}, {"type": "Feature", "geometry": {"type": "LineString", "coordinates": [[55.264543, 25.1806814], [55.2646423, 25.1806349], [55.2646991, 25.1805991], [55.2647441, 25.1805514], [55.2647742, 25.1804949], [55.2647876, 25.1804334], [55.2647833, 25.1803708], [55.2647617, 25.1803112], [55.2647193, 25.1802366]]}, "properties": {"class": "residential"}}, {"type": "Feature", "geometry": {"type": "LineString", "coordinates": [[55.2657254, 25.1804423], [55.2656552, 25.1804705], [55.2655833, 25.1804951], [55.26551, 25.180516], [55.2654335, 25.1805319], [55.2652164, 25.1805695], [55.2651099, 25.1805872], [55.2650892, 25.1805907], [55.264543, 25.1806814]]}, "properties": {"class": "residential"}}, {"type": "Feature", "geometry": {"type": "LineString", "coordinates": [[55.2719296, 25.180947], [55.2720654, 25.1808343]]}, "properties": {"class": "tertiary"}}, {"type": "Feature", "geometry": {"type": "LineString", "coordinates": [[55.2722571, 25.1809668], [55.2720176, 25.1811441]]}, "properties": {"class": "tertiary"}}, {"type": "Feature", "geometry": {"type": "LineString", "coordinates": [[55.2720176, 25.1811441], [55.271615, 25.1814422], [55.2715634, 25.1814804], [55.2714912, 25.1815256]]}, "properties": {"class": "tertiary"}}, {"type": "Feature", "geometry": {"type": "LineString", "coordinates": [[55.2742786, 25.1810685], [55.2746509, 25.1813992]]}, "properties": {"class": "tertiary"}}, {"type": "Feature", "geometry": {"type": "LineString", "coordinates": [[55.2739965, 25.1813024], [55.2737234, 25.1810553]]}, "properties": {"class": "tertiary"}}, {"type": "Feature", "geometry": {"type": "LineString", "coordinates": [[55.2743191, 25.1815942], [55.2739965, 25.1813024]]}, "properties": {"class": "tertiary"}}, {"type": "Feature", "geometry": {"type": "LineString", "coordinates": [[55.2719068, 25.1821787], [55.2718028, 25.1820737], [55.2716996, 25.1819668], [55.271595, 25.181861], [55.2715288, 25.1817911], [55.2714818, 25.1817416], [55.2712455, 25.1815367], [55.2711443, 25.1814452]]}, "properties": {"class": "tertiary"}}, {"type": "Feature", "geometry": {"type": "LineString", "coordinates": [[55.2750906, 25.1819943], [55.2748931, 25.1820863], [55.2747447, 25.182164], [55.2742959, 25.1823743]]}, "properties": {"class": "tertiary"}}, {"type": "Feature", "geometry": {"type": "LineString", "coordinates": [[55.2774228, 25.1813785], [55.2771722, 25.1814124], [55.276921, 25.1814523], [55.2766714, 25.1815001], [55.2764238, 25.1815555], [55.2761786, 25.1816183], [55.2759357, 25.1816893], [55.2756957, 25.1817675], [55.2754524, 25.1818518]]}, "properties": {"class": "tertiary"}}, {"type": "Feature", "geometry": {"type": "LineString", "coordinates": [[55.2846513, 25.1835344], [55.2845211, 25.1834378], [55.2842008, 25.1832126], [55.2839804, 25.1830692], [55.2839606, 25.183057], [55.2835878, 25.1828263], [55.2835622, 25.1828124], [55.2831104, 25.1825658], [55.2829689, 25.1824951], [55.282924, 25.1824748], [55.2824022, 25.1822378], [55.2823678, 25.1822227], [55.2823234, 25.182204], [55.2819663, 25.1820612], [55.2815813, 25.1819203], [55.2813954, 25.1818621], [55.2811889, 25.1818025], [55.2809818, 25.1817448], [55.2807741, 25.1816889], [55.2805658, 25.1816312], [55.2803099, 25.1815683], [55.2800516, 25.1815101], [55.2798267, 25.1814705], [55.2795291, 25.1814182], [55.2792655, 25.1813846], [55.2790007, 25.1813594], [55.2787352, 25.1813426], [55.2784691, 25.1813341], [55.2782029, 25.1813341], [55.2778622, 25.181343], [55.27768, 25.1813523], [55.2775521, 25.1813642], [55.2774228, 25.1813785]]}, "properties": {"class": "tertiary"}}, {"type": "Feature", "geometry": {"type": "LineString", "coordinates": [[55.2833571, 25.1825163], [55.2836714, 25.1826314], [55.2838018, 25.1826893], [55.2839276, 25.1827552], [55.284834, 25.1832964], [55.2849496, 25.1833687], [55.2850622, 25.1834448], [55.2851716, 25.1835247], [55.2852777, 25.1836082], [55.2853803, 25.1836952], [55.2854795, 25.1837865]]}, "properties": {"class": "tertiary"}}, {"type": "Feature", "geometry": {"type": "LineString", "coordinates": [[55.2816337, 25.1817727], [55.2818366, 25.1818393], [55.282037, 25.1819118], [55.282236, 25.1819876], [55.2823397, 25.1820315]]}, "properties": {"class": "tertiary"}}, {"type": "Feature", "geometry": {"type": "LineString", "coordinates": [[55.2823397, 25.1820315], [55.2826585, 25.1821616], [55.2828487, 25.1822451], [55.2830336, 25.1823379], [55.2833571, 25.1825163]]}, "properties": {"class": "tertiary"}}, {"type": "Feature", "geometry": {"type": "LineString", "coordinates": [[55.2779291, 25.1812056], [55.2779758, 25.1812055], [55.2782821, 25.1812051], [55.2786536, 25.1812118], [55.2789795, 25.1812263], [55.2793154, 25.1812568], [55.2796177, 25.1812972], [55.2799346, 25.1813469], [55.2802494, 25.1814059], [55.280562, 25.1814744], [55.2808719, 25.1815521], [55.2811788, 25.181639], [55.2816337, 25.1817727]]}, "properties": {"class": "tertiary"}}, {"type": "Feature", "geometry": {"type": "LineString", "coordinates": [[55.2764015, 25.1814044], [55.2765754, 25.1813624], [55.2767312, 25.1813283], [55.2768882, 25.1812987], [55.2770779, 25.1812689], [55.2772688, 25.1812456]]}, "properties": {"class": "tertiary"}}, {"type": "Feature", "geometry": {"type": "LineString", "coordinates": [[55.2755302, 25.1816631], [55.2757234, 25.1815948], [55.275919, 25.1815323], [55.2761167, 25.1814757], [55.2764015, 25.1814044]]}, "properties": {"class": "tertiary"}}, {"type": "Feature", "geometry": {"type": "LineString", "coordinates": [[55.2742428, 25.1822261], [55.2745722, 25.1820635], [55.274652, 25.1820241], [55.2747571, 25.1819723]]}, "properties": {"class": "tertiary"}}, {"type": "Feature", "geometry": {"type": "LineString", "coordinates": [[55.2725412, 25.1824069], [55.2726591, 25.1824483], [55.2727801, 25.1824814], [55.2729036, 25.182506], [55.2730288, 25.182522], [55.273155, 25.1825293], [55.2732814, 25.1825279], [55.2734073, 25.1825177], [55.273532, 25.1824988], [55.2736548, 25.1824714], [55.2737748, 25.1824355], [55.2738915, 25.1823915], [55.2742428, 25.1822261]]}, "properties": {"class": "tertiary"}}, {"type": "Feature", "geometry": {"type": "LineString", "coordinates": [[55.2714912, 25.1815256], [55.2716063, 25.1816406]]}, "properties": {"class": "tertiary"}}, {"type": "Feature", "geometry": {"type": "LineString", "coordinates": [[55.2718739, 25.1819167], [55.2719544, 25.1820018], [55.2720387, 25.182084], [55.2721289, 25.1821607], [55.2722248, 25.1822317], [55.2723257, 25.1822966], [55.2724314, 25.1823551], [55.2725412, 25.1824069]]}, "properties": {"class": "tertiary"}}, {"type": "Feature", "geometry": {"type": "LineString", "coordinates": [[55.2714912, 25.1815256], [55.2714538, 25.1815456], [55.2714127, 25.1815583], [55.2713697, 25.1815635]]}, "properties": {"class": "tertiary"}}, {"type": "Feature", "geometry": {"type": "LineString", "coordinates": [[55.2713749, 25.1814265], [55.2714345, 25.1813577], [55.2719296, 25.180947]]}, "properties": {"class": "tertiary"}}, {"type": "Feature", "geometry": {"type": "LineString", "coordinates": [[55.2713749, 25.1814265], [55.2714912, 25.1815256]]}, "properties": {"class": "tertiary"}}, {"type": "Feature", "geometry": {"type": "LineString", "coordinates": [[55.2645408, 25.1798715], [55.2647303, 25.180069], [55.2648, 25.1801299], [55.2648763, 25.1801838], [55.2649584, 25.1802302], [55.2650454, 25.1802686], [55.2651364, 25.1802986], [55.2652303, 25.1803199], [55.2653261, 25.1803322], [55.2654229, 25.1803353], [55.2655195, 25.1803294], [55.2668741, 25.1801232], [55.2670614, 25.1800995], [55.2672988, 25.1800783], [55.2675969, 25.1800657], [55.2677371, 25.1800651], [55.2679373, 25.1800701], [55.26811, 25.1800801], [55.2683255, 25.1800998], [55.268524, 25.1801253], [55.2687628, 25.1801653], [55.2689411, 25.1802021], [55.2691409, 25.1802504], [55.2693491, 25.1803091], [55.2695067, 25.1803594], [55.2697429, 25.1804446], [55.2699519, 25.1805303], [55.270143, 25.1806177], [55.2703298, 25.1807121], [55.2704412, 25.1807737], [55.2704968, 25.1808044], [55.2706669, 25.1809067], [55.2710013, 25.1811268], [55.2712432, 25.1813214], [55.2713749, 25.1814265]]}, "properties": {"class": "tertiary"}}, {"type": "Feature", "geometry": {"type": "LineString", "coordinates": [[55.2641017, 25.1793842], [55.2641757, 25.1794752], [55.2641931, 25.1794966], [55.2645408, 25.1798715]]}, "properties": {"class": "tertiary"}}, {"type": "Feature", "geometry": {"type": "LineString", "coordinates": [[55.2647193, 25.1802366], [55.2644523, 25.1799381], [55.2642217, 25.1796753], [55.2641201, 25.1795408], [55.264096, 25.1795055], [55.2640268, 25.1794039]]}, "properties": {"class": "tertiary"}}, {"type": "Feature", "geometry": {"type": "LineString", "coordinates": [[55.2640268, 25.1794039], [55.2639086, 25.1794349], [55.2638311, 25.1794552], [55.2636719, 25.1795017], [55.2635155, 25.1795555], [55.2633948, 25.1796057], [55.2632776, 25.1796621], [55.2630964, 25.1797602], [55.2629429, 25.1798502]]}, "properties": {"class": "tertiary"}}, {"type": "Feature", "geometry": {"type": "LineString", "coordinates": [[55.2625856, 25.1799039], [55.2628497, 25.1797446]]}, "properties": {"class": "tertiary"}}, {"type": "Feature", "geometry": {"type": "LineString", "coordinates": [[55.261698, 25.1807044], [55.261721, 25.1806359], [55.2617502, 25.1805695], [55.2617855, 25.1805054], [55.2618266, 25.1804443], [55.2618731, 25.1803865], [55.2619249, 25.1803325], [55.2619815, 25.1802825], [55.2620425, 25.180237], [55.2621113, 25.1801912], [55.2625856, 25.1799039]]}, "properties": {"class": "tertiary"}}, {"type": "Feature", "geometry": {"type": "LineString", "coordinates": [[55.2620555, 25.1894564], [55.2618114, 25.1891891], [55.261775, 25.1891493]]}, "properties": {"class": "tertiary"}}, {"type": "Feature", "geometry": {"type": "LineString", "coordinates": [[55.2641339, 25.1916659], [55.2637741, 25.1912401]]}, "properties": {"class": "tertiary"}}, {"type": "Feature", "geometry": {"type": "LineString", "coordinates": [[55.2637741, 25.1912401], [55.2627856, 25.1902172], [55.2623004, 25.1897116]]}, "properties": {"class": "tertiary"}}, {"type": "Feature", "geometry": {"type": "LineString", "coordinates": [[55.2605301, 25.1872028], [55.261317, 25.1880646]]}, "properties": {"class": "tertiary"}}, {"type": "Feature", "geometry": {"type": "LineString", "coordinates": [[55.261655, 25.1883918], [55.2617545, 25.1884925], [55.261784, 25.1885223]]}, "properties": {"class": "tertiary"}}, {"type": "Feature", "geometry": {"type": "LineString", "coordinates": [[55.2591053, 25.1862013], [55.2588475, 25.1859189], [55.2585889, 25.1856489], [55.2581547, 25.185187], [55.2581194, 25.1851444], [55.258093, 25.1850985], [55.2580855, 25.1850461], [55.2580916, 25.1850047], [55.2581078, 25.1849656], [55.2581335, 25.1849308], [55.2581671, 25.1849022], [55.2582296, 25.1848738], [55.2582991, 25.1848664], [55.2583672, 25.1848808], [55.2584258, 25.1849153], [55.2587311, 25.1852227], [55.2590032, 25.185532], [55.2594742, 25.1860174], [55.2600357, 25.1865839], [55.260142, 25.1867027], [55.2602446, 25.1868241], [55.2603435, 25.186948], [55.2604387, 25.1870743], [55.2605301, 25.1872028]]}, "properties": {"class": "tertiary"}}, {"type": "Feature", "geometry": {"type": "LineString", "coordinates": [[55.2614644, 25.1888088], [55.2612781, 25.1885955], [55.2609813, 25.1882564], [55.26027, 25.1874494], [55.2598556, 25.1870243], [55.2591053, 25.1862013]]}, "properties": {"class": "tertiary"}}, {"type": "Feature", "geometry": {"type": "LineString", "coordinates": [[55.2606302, 25.1896323], [55.2607771, 25.1895109]]}, "properties": {"class": "secondary"}}, {"type": "Feature", "geometry": {"type": "LineString", "coordinates": [[55.2601523, 25.1899953], [55.2603465, 25.189851], [55.2606302, 25.1896323]]}, "properties": {"class": "secondary"}}, {"type": "Feature", "geometry": {"type": "LineString", "coordinates": [[55.2604926, 25.1899493], [55.2601542, 25.1901762]]}, "properties": {"class": "secondary"}}, {"type": "Feature", "geometry": {"type": "LineString", "coordinates": [[55.2628462, 25.1878785], [55.2632465, 25.1875853]]}, "properties": {"class": "secondary"}}, {"type": "Feature", "geometry": {"type": "LineString", "coordinates": [[55.2622099, 25.1883444], [55.2624999, 25.188132], [55.2628462, 25.1878785]]}, "properties": {"class": "secondary"}}, {"type": "Feature", "geometry": {"type": "LineString", "coordinates": [[55.2618684, 25.1886178], [55.261943, 25.1885586]]}, "properties": {"class": "secondary"}}, {"type": "Feature", "geometry": {"type": "LineString", "coordinates": [[55.2629766, 25.1880967], [55.2623754, 25.1885326]]}, "properties": {"class": "secondary"}}, {"type": "Feature", "geometry": {"type": "LineString", "coordinates": [[55.2632593, 25.1878769], [55.2629766, 25.1880967]]}, "properties": {"class": "secondary"}}, {"type": "Feature", "geometry": {"type": "LineString", "coordinates": [[55.2638697, 25.1873582], [55.2637549, 25.1874455], [55.2635063, 25.1876548], [55.2632593, 25.1878769]]}, "properties": {"class": "secondary"}}, {"type": "Feature", "geometry": {"type": "LineString", "coordinates": [[55.2616878, 25.1890543], [55.2616005, 25.1891186]]}, "properties": {"class": "secondary"}}, {"type": "Feature", "geometry": {"type": "LineString", "coordinates": [[55.2669394, 25.1850172], [55.2668986, 25.1850311], [55.2668618, 25.1850436], [55.2668269, 25.18506], [55.2667944, 25.18508], [55.2667648, 25.1851035], [55.2660441, 25.1856919], [55.2659818, 25.1857428], [55.2657483, 25.1859274], [55.2655786, 25.1860607]]}, "properties": {"class": "secondary"}}, {"type": "Feature", "geometry": {"type": "LineString", "coordinates": [[55.2642523, 25.1868039], [55.2644952, 25.1866242]]}, "properties": {"class": "secondary"}}, {"type": "Feature", "geometry": {"type": "LineString", "coordinates": [[55.2638649, 25.1871049], [55.2639898, 25.1870078], [55.2642523, 25.1868039]]}, "properties": {"class": "secondary"}}, {"type": "Feature", "geometry": {"type": "LineString", "coordinates": [[55.2609932, 25.1893325], [55.2614019, 25.1889795], [55.2614396, 25.1889469]]}, "properties": {"class": "secondary"}}, {"type": "Feature", "geometry": {"type": "LineString", "coordinates": [[55.2644952, 25.1866242], [55.2648237, 25.186381], [55.2648609, 25.1863535], [55.26493, 25.1863033]]}, "properties": {"class": "secondary"}}, {"type": "Feature", "geometry": {"type": "LineString", "coordinates": [[55.2644435, 25.186922], [55.2641902, 25.1871146], [55.2641537, 25.1871423], [55.264011, 25.1872508]]}, "properties": {"class": "secondary"}}, {"type": "Feature", "geometry": {"type": "LineString", "coordinates": [[55.2642562, 25.1877792], [55.2640142, 25.1875156], [55.2639771, 25.1874752], [55.2638697, 25.1873582]]}, "properties": {"class": "tertiary"}}, {"type": "Feature", "geometry": {"type": "LineString", "coordinates": [[55.265372, 25.1886502], [55.2651093, 25.1884731], [55.2649592, 25.188366], [55.2648116, 25.1882558], [55.2646667, 25.1881429], [55.2645311, 25.1880272], [55.2643929, 25.1879039], [55.2642562, 25.1877792]]}, "properties": {"class": "tertiary"}}, {"type": "Feature", "geometry": {"type": "LineString", "coordinates": [[55.2637319, 25.1872082], [55.2636441, 25.1871126], [55.2634608, 25.186913], [55.2633341, 25.1867609], [55.2632587, 25.1866624], [55.2631867, 25.1865617], [55.2630861, 25.1864081], [55.2630494, 25.1863546]]}, "properties": {"class": "tertiary"}}, {"type": "Feature", "geometry": {"type": "LineString", "coordinates": [[55.2630494, 25.1863546], [55.2628894, 25.1860917], [55.2627448, 25.1858338]]}, "properties": {"class": "tertiary"}}, {"type": "Feature", "geometry": {"type": "LineString", "coordinates": [[55.2644709, 25.1877086], [55.2646278, 25.1878656], [55.2646924, 25.1879249], [55.2647202, 25.1879503], [55.2647922, 25.1880163], [55.2649636, 25.1881603], [55.2651417, 25.1882975], [55.265393, 25.1884741]]}, "properties": {"class": "tertiary"}}, {"type": "Feature", "geometry": {"type": "LineString", "coordinates": [[55.264011, 25.1872508], [55.2641229, 25.187362], [55.2644709, 25.1877086]]}, "properties": {"class": "tertiary"}}, {"type": "Feature", "geometry": {"type": "LineString", "coordinates": [[55.2628788, 25.1857681], [55.2629677, 25.1859127], [55.2630692, 25.186078], [55.2631699, 25.1862326], [55.2632848, 25.186393], [55.2633858, 25.1865335], [55.2634943, 25.1866787]]}, "properties": {"class": "tertiary"}}, {"type": "Feature", "geometry": {"type": "LineString", "coordinates": [[55.2634943, 25.1866787], [55.2635855, 25.1867946], [55.2636755, 25.1869061], [55.2637436, 25.186981], [55.2637723, 25.1870127], [55.2638649, 25.1871049]]}, "properties": {"class": "tertiary"}}, {"type": "Feature", "geometry": {"type": "LineString", "coordinates": [[55.281759, 25.1803201], [55.2820002, 25.1803961], [55.2825643, 25.180569], [55.2831307, 25.1807359], [55.2833463, 25.1807976]]}, "properties": {"class": "motorway"}}, {"type": "Feature", "geometry": {"type": "LineString", "coordinates": [[55.2707661, 25.1897366], [55.2702844, 25.1900274], [55.2701795, 25.1900941], [55.270076, 25.1901627], [55.2699739, 25.1902329], [55.2698732, 25.1903048], [55.269774, 25.1903783], [55.2695055, 25.1905872], [55.2694724, 25.1906129], [55.2693778, 25.1906881]]}, "properties": {"class": "tertiary"}}, {"type": "Feature", "geometry": {"type": "LineString", "coordinates": [[55.2724637, 25.1886875], [55.2723598, 25.1887504], [55.2720339, 25.1889477], [55.2707661, 25.1897366]]}, "properties": {"class": "tertiary"}}, {"type": "Feature", "geometry": {"type": "LineString", "coordinates": [[55.2737645, 25.1878731], [55.2733945, 25.1881089], [55.2729151, 25.1884144]]}, "properties": {"class": "tertiary"}}, {"type": "Feature", "geometry": {"type": "LineString", "coordinates": [[55.2729151, 25.1884144], [55.272725, 25.1885294], [55.2726877, 25.188552]]}, "properties": {"class": "tertiary"}}, {"type": "Feature", "geometry": {"type": "LineString", "coordinates": [[55.2755101, 25.1867798], [55.2746532, 25.1873165], [55.2740312, 25.1877061], [55.2737645, 25.1878731]]}, "properties": {"class": "tertiary"}}, {"type": "Feature", "geometry": {"type": "LineString", "coordinates": [[55.2765096, 25.1861571], [55.2761707, 25.1863626], [55.2761114, 25.1864008], [55.2760075, 25.1864631]]}, "properties": {"class": "tertiary"}}, {"type": "Feature", "geometry": {"type": "LineString", "coordinates": [[55.2771827, 25.1855212], [55.2770563, 25.1856561], [55.2769246, 25.1857866], [55.2767877, 25.1859128], [55.2766458, 25.1860343], [55.2765096, 25.1861571]]}, "properties": {"class": "tertiary"}}, {"type": "Feature", "geometry": {"type": "LineString", "coordinates": [[55.2776903, 25.1851448], [55.2776176, 25.1851607], [55.2775477, 25.1851853], [55.2774817, 25.1852177], [55.2774209, 25.1852576], [55.2773662, 25.1853041], [55.2773185, 25.1853566], [55.2771827, 25.1855212]]}, "properties": {"class": "tertiary"}}, {"type": "Feature", "geometry": {"type": "LineString", "coordinates": [[55.2725718, 25.18841], [55.2727643, 25.1882777], [55.2728594, 25.1882168], [55.2728699, 25.1882101], [55.2743822, 25.1872427]]}, "properties": {"class": "tertiary"}}, {"type": "Feature", "geometry": {"type": "LineString", "coordinates": [[55.2743822, 25.1872427], [55.2752911, 25.1866658]]}, "properties": {"class": "tertiary"}}, {"type": "Feature", "geometry": {"type": "LineString", "coordinates": [[55.2710382, 25.1893566], [55.2720599, 25.1887434]]}, "properties": {"class": "tertiary"}}, {"type": "Feature", "geometry": {"type": "LineString", "coordinates": [[55.2720599, 25.1887434], [55.2722166, 25.1886368], [55.2722527, 25.1886122], [55.2723537, 25.1885484]]}, "properties": {"class": "tertiary"}}, {"type": "Feature", "geometry": {"type": "LineString", "coordinates": [[55.2692403, 25.1905758], [55.2693417, 25.1904895], [55.269536, 25.190337], [55.2696749, 25.1902303], [55.269817, 25.190127], [55.2699621, 25.1900273], [55.2701102, 25.1899312], [55.2710382, 25.1893566]]}, "properties": {"class": "tertiary"}}, {"type": "Feature", "geometry": {"type": "LineString", "coordinates": [[55.2687723, 25.1911037], [55.2688734, 25.1909697], [55.2689831, 25.1908432], [55.2690915, 25.1907272], [55.2691616, 25.1906522]]}, "properties": {"class": "tertiary"}}, {"type": "Feature", "geometry": {"type": "LineString", "coordinates": [[55.2682076, 25.1919676], [55.2682532, 25.1918771], [55.2683042, 25.1917861], [55.2684283, 25.1915692], [55.2685353, 25.1914095], [55.26865, 25.1912542], [55.2687723, 25.1911037]]}, "properties": {"class": "tertiary"}}, {"type": "Feature", "geometry": {"type": "LineString", "coordinates": [[55.2671494, 25.1942788], [55.2672441, 25.1942011], [55.2674213, 25.1940309], [55.2674535, 25.1939969], [55.267483, 25.1939609], [55.2675093, 25.1939228], [55.2675651, 25.1938392], [55.2676181, 25.1937542], [55.2676681, 25.1936677], [55.267715, 25.1935798], [55.2677588, 25.1934907], [55.2678082, 25.1933707], [55.2678491, 25.193248], [55.2678815, 25.1931233], [55.2679051, 25.1929971], [55.26792, 25.1928697], [55.2679585, 25.1926709], [55.2680097, 25.1924744], [55.268059, 25.1923214], [55.2681161, 25.1921706], [55.2682076, 25.1919676]]}, "properties": {"class": "tertiary"}}, {"type": "Feature", "geometry": {"type": "LineString", "coordinates": [[55.2688499, 25.1903984], [55.268744, 25.1903147], [55.2686354, 25.1902339], [55.268524, 25.1901562], [55.2684292, 25.1900926]]}, "properties": {"class": "tertiary"}}, {"type": "Feature", "geometry": {"type": "LineString", "coordinates": [[55.2692944, 25.1907635], [55.2691616, 25.1906522]]}, "properties": {"class": "tertiary"}}, {"type": "Feature", "geometry": {"type": "LineString", "coordinates": [[55.2689545, 25.1903393], [55.2691163, 25.1904732], [55.2691499, 25.190501], [55.2692403, 25.1905758]]}, "properties": {"class": "tertiary"}}, {"type": "Feature", "geometry": {"type": "LineString", "coordinates": [[55.2684187, 25.1899464], [55.2685467, 25.1900317], [55.2686721, 25.1901201], [55.2687946, 25.1902117], [55.2689137, 25.1903064], [55.2689545, 25.1903393]]}, "properties": {"class": "tertiary"}}, {"type": "Feature", "geometry": {"type": "LineString", "coordinates": [[55.2677915, 25.1938809], [55.267736, 25.1939702], [55.2676723, 25.194055], [55.2676018, 25.1941352], [55.2675248, 25.1942104], [55.2674034, 25.1943142], [55.2673656, 25.1943465], [55.2672743, 25.1944239]]}, "properties": {"class": "tertiary"}}, {"type": "Feature", "geometry": {"type": "LineString", "coordinates": [[55.2678687, 25.1935957], [55.2678599, 25.193669], [55.267844, 25.1937414], [55.2678211, 25.1938122], [55.2677915, 25.1938809]]}, "properties": {"class": "tertiary"}}, {"type": "Feature", "geometry": {"type": "LineString", "coordinates": [[55.2668078, 25.1945527], [55.2667365, 25.1944703], [55.2665461, 25.1942594], [55.2660117, 25.1936766]]}, "properties": {"class": "tertiary"}}, {"type": "Feature", "geometry": {"type": "LineString", "coordinates": [[55.2661543, 25.1950622], [55.2664847, 25.1947982]]}, "properties": {"class": "tertiary"}}, {"type": "Feature", "geometry": {"type": "LineString", "coordinates": [[55.2664847, 25.1947982], [55.2667009, 25.1946363], [55.2667406, 25.1946065], [55.2668078, 25.1945527]]}, "properties": {"class": "tertiary"}}, {"type": "Feature", "geometry": {"type": "LineString", "coordinates": [[55.2669352, 25.1947005], [55.2668727, 25.1947537], [55.2667246, 25.194864], [55.2661311, 25.1953016], [55.2660414, 25.1953829], [55.2659838, 25.1954151], [55.2659225, 25.195441], [55.2658726, 25.1954577], [55.2657919, 25.195472]]}, "properties": {"class": "tertiary"}}, {"type": "Feature", "geometry": {"type": "LineString", "coordinates": [[55.2675666, 25.195398], [55.2673401, 25.1951439]]}, "properties": {"class": "tertiary"}}, {"type": "Feature", "geometry": {"type": "LineString", "coordinates": [[55.2673401, 25.1951439], [55.2670323, 25.1948098], [55.2669987, 25.1947733]]}, "properties": {"class": "tertiary"}}, {"type": "Feature", "geometry": {"type": "LineString", "coordinates": [[55.2660117, 25.1936766], [55.2657972, 25.1934424], [55.265266, 25.1928299], [55.2651004, 25.1926508], [55.2649288, 25.1924765], [55.2647514, 25.192307], [55.2643254, 25.1918836], [55.2641339, 25.1916659]]}, "properties": {"class": "tertiary"}}, {"type": "Feature", "geometry": {"type": "LineString", "coordinates": [[55.266515, 25.1936134], [55.2667365, 25.1938256]]}, "properties": {"class": "tertiary"}}, {"type": "Feature", "geometry": {"type": "LineString", "coordinates": [[55.2667365, 25.1938256], [55.2670552, 25.1941715], [55.2670858, 25.1942047], [55.2671494, 25.1942788]]}, "properties": {"class": "tertiary"}}, {"type": "Feature", "geometry": {"type": "LineString", "coordinates": [[55.2620966, 25.188882], [55.262271, 25.1890827], [55.2624327, 25.1892585], [55.2635408, 25.1904631], [55.2640768, 25.1910174], [55.264164, 25.19109], [55.2642488, 25.1911649], [55.2643313, 25.1912419], [55.2646465, 25.191556], [55.2664001, 25.1934883], [55.266515, 25.1936134]]}, "properties": {"class": "tertiary"}}, {"type": "Feature", "geometry": {"type": "LineString", "coordinates": [[55.265525, 25.1869962], [55.2653877, 25.1868462]]}, "properties": {"class": "secondary"}}, {"type": "Feature", "geometry": {"type": "LineString", "coordinates": [[55.2660689, 25.1874581], [55.2659241, 25.1873508], [55.2657847, 25.1872386], [55.2656516, 25.1871203], [55.265525, 25.1869962]]}, "properties": {"class": "secondary"}}, {"type": "Feature", "geometry": {"type": "LineString", "coordinates": [[55.2653877, 25.1868462], [55.2651838, 25.1866044], [55.2651548, 25.1865701], [55.2650677, 25.1864666]]}, "properties": {"class": "secondary"}}, {"type": "Feature", "geometry": {"type": "LineString", "coordinates": [[55.2722115, 25.1872487], [55.2720349, 25.1873777], [55.271855, 25.1875028], [55.2717343, 25.1875829], [55.2716684, 25.1876266]]}, "properties": {"class": "secondary"}}, {"type": "Feature", "geometry": {"type": "LineString", "coordinates": [[55.2727629, 25.1868738], [55.2723395, 25.1871617], [55.2722115, 25.1872487]]}, "properties": {"class": "secondary"}}, {"type": "Feature", "geometry": {"type": "LineString", "coordinates": [[55.2754187, 25.1850639], [55.2751032, 25.1852705], [55.275001, 25.1853374]]}, "properties": {"class": "secondary"}}, {"type": "Feature", "geometry": {"type": "LineString", "coordinates": [[55.275001, 25.1853374], [55.2749094, 25.1853991]]}, "properties": {"class": "secondary"}}, {"type": "Feature", "geometry": {"type": "LineString", "coordinates": [[55.2764271, 25.1845535], [55.2762149, 25.1846371], [55.2760076, 25.1847305], [55.275806, 25.1848333], [55.2756104, 25.1849453], [55.2755831, 25.1849622], [55.2755508, 25.1849822], [55.2754187, 25.1850639]]}, "properties": {"class": "secondary"}}, {"type": "Feature", "geometry": {"type": "LineString", "coordinates": [[55.277408, 25.1845715], [55.2774095, 25.1845021], [55.2773861, 25.1844368], [55.2773383, 25.1843834], [55.2772725, 25.1843493], [55.2771975, 25.1843397], [55.2771331, 25.1843436], [55.2770693, 25.1843527], [55.2768593, 25.184407], [55.2767134, 25.1844514], [55.2765692, 25.1845], [55.2764271, 25.1845535]]}, "properties": {"class": "secondary"}}, {"type": "Feature", "geometry": {"type": "LineString", "coordinates": [[55.2739169, 25.1858927], [55.2742131, 25.1856872]]}, "properties": {"class": "secondary"}}, {"type": "Feature", "geometry": {"type": "LineString", "coordinates": [[55.2751825, 25.1849877], [55.2753282, 25.1848985], [55.2754761, 25.1848147], [55.2756261, 25.1847341], [55.2757782, 25.1846585], [55.2760031, 25.1845566], [55.2762302, 25.1844605], [55.2764593, 25.1843684], [55.276645, 25.1842977]]}, "properties": {"class": "secondary"}}, {"type": "Feature", "geometry": {"type": "LineString", "coordinates": [[55.2784412, 25.1847541], [55.278466, 25.1848236], [55.2784985, 25.1848904], [55.2785382, 25.1849539], [55.278621, 25.1850639], [55.2788561, 25.185298], [55.2789215, 25.1853724], [55.2789845, 25.1854484], [55.2790453, 25.1855259], [55.2791038, 25.1856048], [55.2791317, 25.185642], [55.2791599, 25.1856852], [55.2792136, 25.1857669], [55.2793237, 25.1859383], [55.2793686, 25.1860082], [55.2794189, 25.1860934], [55.2794716, 25.1861773], [55.2795266, 25.18626], [55.2795841, 25.1863414], [55.2800352, 25.1869354]]}, "properties": {"class": "tertiary"}}, {"type": "Feature", "geometry": {"type": "LineString", "coordinates": [[55.2829714, 25.1865361], [55.2828933, 25.1864167], [55.2828107, 25.1862997], [55.2827242, 25.1861851], [55.2826338, 25.186073]]}, "properties": {"class": "secondary"}}, {"type": "Feature", "geometry": {"type": "LineString", "coordinates": [[55.2840715, 25.1906625], [55.2839869, 25.1904435], [55.2839273, 25.1902805], [55.2838878, 25.1901473], [55.2838592, 25.1899967], [55.2838449, 25.1898985], [55.2837816, 25.1893705], [55.2836738, 25.1884524], [55.2836323, 25.1881745], [55.2835876, 25.187959], [55.2835318, 25.1877456], [55.2834649, 25.1875348], [55.2833872, 25.1873271], [55.2832787, 25.1870805], [55.2831999, 25.1869228], [55.2830907, 25.186727], [55.2829714, 25.1865361]]}, "properties": {"class": "secondary"}}, {"type": "Feature", "geometry": {"type": "LineString", "coordinates": [[55.2849728, 25.1917156], [55.2848748, 25.1916404], [55.2847801, 25.1915618], [55.2846891, 25.1914797], [55.2846019, 25.1913943], [55.2845187, 25.1913057], [55.2844394, 25.1912142]]}, "properties": {"class": "secondary"}}, {"type": "Feature", "geometry": {"type": "LineString", "coordinates": [[55.2880781, 25.1919894], [55.2880289, 25.1920104], [55.287854, 25.1920732], [55.287691, 25.1921231], [55.2875022, 25.1921703], [55.2873106, 25.1922068], [55.2871745, 25.1922249], [55.2871169, 25.1922325], [55.2869848, 25.1922426], [55.2869218, 25.1922474], [55.2867261, 25.1922513], [55.2865305, 25.1922443], [55.2863679, 25.192229], [55.2862063, 25.1922071], [55.2860459, 25.1921789], [55.2858806, 25.1921389], [55.2857184, 25.1920896], [55.2855597, 25.1920316], [55.2854053, 25.1919648], [55.2852556, 25.1918898], [55.2851113, 25.1918066], [55.2849728, 25.1917156]]}, "properties": {"class": "secondary"}}, {"type": "Feature", "geometry": {"type": "LineString", "coordinates": [[55.289364, 25.1905265], [55.2894073, 25.1904257], [55.2894442, 25.1903228], [55.2894747, 25.1902183], [55.2894986, 25.1901123], [55.2895158, 25.1900053], [55.2895222, 25.1899407], [55.2895264, 25.1898976], [55.2895276, 25.1897912], [55.2895301, 25.1897013]]}, "properties": {"class": "tertiary"}}, {"type": "Feature", "geometry": {"type": "LineString", "coordinates": [[55.2890873, 25.1910033], [55.2891678, 25.1908898], [55.289241, 25.1907722], [55.2893064, 25.190651], [55.289364, 25.1905265]]}, "properties": {"class": "secondary"}}, {"type": "Feature", "geometry": {"type": "LineString", "coordinates": [[55.2790142, 25.184059], [55.2792274, 25.184084], [55.2794394, 25.1841166], [55.2796498, 25.1841567], [55.2798582, 25.1842044], [55.2800645, 25.1842594], [55.2802681, 25.1843218], [55.2804689, 25.1843914], [55.2806067, 25.1844449], [55.2808606, 25.1845519], [55.2810508, 25.1846425], [55.2813503, 25.1848046], [55.2815959, 25.1849542], [55.281768, 25.1850708], [55.2819349, 25.1851934], [55.2820963, 25.1853219], [55.282252, 25.1854561], [55.2822849, 25.1854868], [55.2824018, 25.1855958], [55.2825038, 25.1856909], [55.2825963, 25.1857892], [55.2827361, 25.1859488], [55.2828687, 25.1861135], [55.2829937, 25.1862829], [55.283063, 25.1863824], [55.2832204, 25.1866349], [55.2833388, 25.1868512], [55.2834146, 25.1870024], [55.2834992, 25.1871913], [55.2835751, 25.1873831], [55.2836423, 25.1875775], [55.2837008, 25.1877742], [55.2837503, 25.187973], [55.2837908, 25.1881734], [55.2838222, 25.1883751], [55.2839621, 25.1895752], [55.2839928, 25.1898381], [55.2840181, 25.1899933], [55.2840534, 25.1901468], [55.2840986, 25.1902982], [55.2841534, 25.190447], [55.284202, 25.1905568], [55.2842178, 25.1905926], [55.2842598, 25.190666], [55.2843261, 25.1907773], [55.2843927, 25.1908843], [55.284464, 25.1909888], [55.2845398, 25.1910906], [55.28462, 25.1911887], [55.2847434, 25.1913157], [55.2848759, 25.1914341], [55.2850168, 25.1915443], [55.2851656, 25.1916456], [55.2852879, 25.1917184], [55.2854837, 25.1918205], [55.2855857, 25.1918645], [55.2856517, 25.1918931], [55.2858247, 25.1919554], [55.2860017, 25.1920074], [55.2861825, 25.1920482], [55.2862904, 25.1920709], [55.2863998, 25.1920862], [55.2865098, 25.192098], [55.2866202, 25.1921062], [55.286823, 25.1921073], [55.2870254, 25.1920961], [55.2872265, 25.1920727], [55.2874254, 25.1920372], [55.2876213, 25.1919897], [55.2878132, 25.1919305], [55.2880004, 25.1918599]]}, "properties": {"class": "secondary"}}, {"type": "Feature", "geometry": {"type": "LineString", "coordinates": [[55.2800352, 25.1869354], [55.2801686, 25.1871206], [55.2803951, 25.1874318], [55.2804382, 25.1874888], [55.2804829, 25.1875448], [55.2808174, 25.1879565], [55.2808754, 25.1880323], [55.2809326, 25.1881085], [55.2809892, 25.1881851], [55.2812652, 25.1885683], [55.2813481, 25.1886984], [55.2814168, 25.1888192]]}, "properties": {"class": "tertiary"}}, {"type": "Feature", "geometry": {"type": "LineString", "coordinates": [[55.2721222, 25.1882853], [55.2720392, 25.1881906], [55.2718944, 25.1880254]]}, "properties": {"class": "secondary"}}, {"type": "Feature", "geometry": {"type": "LineString", "coordinates": [[55.2723537, 25.1885484], [55.2722666, 25.1884479]]}, "properties": {"class": "secondary"}}, {"type": "Feature", "geometry": {"type": "LineString", "coordinates": [[55.2729169, 25.1892889], [55.2727217, 25.1890308]]}, "properties": {"class": "secondary"}}, {"type": "Feature", "geometry": {"type": "LineString", "coordinates": [[55.2727217, 25.1890308], [55.2725684, 25.1888309], [55.2725417, 25.1887961]]}, "properties": {"class": "secondary"}}, {"type": "Feature", "geometry": {"type": "LineString", "coordinates": [[55.2718944, 25.1880254], [55.2717063, 25.187812], [55.2716776, 25.1877795], [55.2715841, 25.1876767]]}, "properties": {"class": "secondary"}}, {"type": "Feature", "geometry": {"type": "LineString", "coordinates": [[55.2720932, 25.1880932], [55.2722339, 25.1882278]]}, "properties": {"class": "secondary"}}, {"type": "Feature", "geometry": {"type": "LineString", "coordinates": [[55.2722339, 25.1882278], [55.2723492, 25.1883541], [55.2723768, 25.1883844]]}, "properties": {"class": "secondary"}}, {"type": "Feature", "geometry": {"type": "LineString", "coordinates": [[55.2764955, 25.1872116], [55.2764106, 25.1871013], [55.2763813, 25.1870633], [55.2762252, 25.1868605]]}, "properties": {"class": "tertiary"}}, {"type": "Feature", "geometry": {"type": "LineString", "coordinates": [[55.2762252, 25.1868605], [55.2760485, 25.1866582], [55.2760162, 25.1866212], [55.2759204, 25.186514]]}, "properties": {"class": "tertiary"}}, {"type": "Feature", "geometry": {"type": "LineString", "coordinates": [[55.2770292, 25.187905], [55.2768661, 25.1876907], [55.2764955, 25.1872116]]}, "properties": {"class": "tertiary"}}, {"type": "Feature", "geometry": {"type": "LineString", "coordinates": [[55.2882418, 25.194388], [55.2881085, 25.1942843], [55.2879719, 25.1941843], [55.2878322, 25.1940879], [55.2876895, 25.193995], [55.2875439, 25.193906], [55.2873956, 25.1938207]]}, "properties": {"class": "tertiary"}}, {"type": "Feature", "geometry": {"type": "LineString", "coordinates": [[55.2889382, 25.1950376], [55.2889104, 25.1950254], [55.2888848, 25.1950099], [55.288862, 25.1949911], [55.2888423, 25.1949697], [55.2887753, 25.1948978], [55.2887, 25.1948169], [55.288615, 25.1947255], [55.2885266, 25.1946368], [55.2884348, 25.1945509], [55.2883398, 25.194468], [55.2882418, 25.194388]]}, "properties": {"class": "tertiary"}}, {"type": "Feature", "geometry": {"type": "LineString", "coordinates": [[55.2867061, 25.1935334], [55.2865371, 25.1934726], [55.2863628, 25.1934204], [55.2857604, 25.1932622], [55.2855209, 25.1931986]]}, "properties": {"class": "tertiary"}}, {"type": "Feature", "geometry": {"type": "LineString", "coordinates": [[55.2855209, 25.1931986], [55.2852628, 25.1931219], [55.28501, 25.1930319], [55.2847634, 25.1929287], [55.2845238, 25.1928127], [55.2844413, 25.192767], [55.284292, 25.1926844], [55.2840689, 25.1925441], [55.2838551, 25.1923924], [55.2836513, 25.1922297]]}, "properties": {"class": "tertiary"}}, {"type": "Feature", "geometry": {"type": "LineString", "coordinates": [[55.2836513, 25.1922297], [55.2833625, 25.1919737]]}, "properties": {"class": "tertiary"}}, {"type": "Feature", "geometry": {"type": "LineString", "coordinates": [[55.2833625, 25.1919737], [55.2830428, 25.1916044], [55.2830099, 25.1915664], [55.2829503, 25.1914916]]}, "properties": {"class": "tertiary"}}, {"type": "Feature", "geometry": {"type": "LineString", "coordinates": [[55.2828538, 25.1913588], [55.282808, 25.1912911], [55.2826621, 25.1910381], [55.2818774, 25.1899846]]}, "properties": {"class": "tertiary"}}, {"type": "Feature", "geometry": {"type": "LineString", "coordinates": [[55.2818774, 25.1899846], [55.2815586, 25.1895586]]}, "properties": {"class": "tertiary"}}, {"type": "Feature", "geometry": {"type": "LineString", "coordinates": [[55.2815586, 25.1895586], [55.2814833, 25.1894805], [55.2814107, 25.1894003], [55.2813408, 25.1893182], [55.2808882, 25.1887918]]}, "properties": {"class": "tertiary"}}, {"type": "Feature", "geometry": {"type": "LineString", "coordinates": [[55.2808882, 25.1887918], [55.2802627, 25.1879426]]}, "properties": {"class": "tertiary"}}, {"type": "Feature", "geometry": {"type": "LineString", "coordinates": [[55.2802627, 25.1879426], [55.2799587, 25.1875151]]}, "properties": {"class": "tertiary"}}, {"type": "Feature", "geometry": {"type": "LineString", "coordinates": [[55.2799587, 25.1875151], [55.2794521, 25.1868722]]}, "properties": {"class": "tertiary"}}, {"type": "Feature", "geometry": {"type": "LineString", "coordinates": [[55.2786979, 25.1860177], [55.2785182, 25.1858335], [55.2783829, 25.1856949]]}, "properties": {"class": "tertiary"}}, {"type": "Feature", "geometry": {"type": "LineString", "coordinates": [[55.2801396, 25.1875469], [55.2788098, 25.1858132], [55.2787132, 25.1856925], [55.2785773, 25.1855267], [55.2784389, 25.1853627], [55.2782979, 25.1852005], [55.2781544, 25.1850401], [55.2780084, 25.1848816], [55.2778599, 25.1847249], [55.2777084, 25.1845605], [55.2775288, 25.1843784], [55.2773122, 25.1841647], [55.2770933, 25.1839529], [55.2768704, 25.1837444], [55.2766437, 25.1835394], [55.2735726, 25.1807871], [55.2735074, 25.1807308], [55.2734414, 25.1806688], [55.2727479, 25.1799908], [55.2726819, 25.1799271], [55.2726168, 25.1798627], [55.2725527, 25.1797974], [55.2724895, 25.1797314], [55.2711413, 25.1782703]]}, "properties": {"class": "primary"}}, {"type": "Feature", "geometry": {"type": "LineString", "coordinates": [[55.2831711, 25.1915433], [55.2828243, 25.19107], [55.2809742, 25.1886168]]}, "properties": {"class": "primary"}}, {"type": "Feature", "geometry": {"type": "LineString", "coordinates": [[55.2874813, 25.1936981], [55.2873096, 25.1936109], [55.2871333, 25.1935313], [55.2869537, 25.1934578], [55.2867709, 25.1933918]]}, "properties": {"class": "primary"}}, {"type": "Feature", "geometry": {"type": "LineString", "coordinates": [[55.2867709, 25.1933918], [55.2865709, 25.1933239], [55.2863684, 25.1932624], [55.2861637, 25.1932072], [55.2859569, 25.1931584], [55.2857451, 25.1931131], [55.2855592, 25.1930646], [55.2853723, 25.1930063], [55.2851882, 25.1929412], [55.2850071, 25.1928695], [55.2848294, 25.1927913], [55.2846553, 25.1927066], [55.284485, 25.1926158], [55.2843189, 25.1925187], [55.2841573, 25.1924158], [55.2840004, 25.192307], [55.2838484, 25.1921927], [55.2837016, 25.1920729], [55.2835603, 25.1919478], [55.2834246, 25.1918177], [55.2832948, 25.1916828], [55.2831711, 25.1915433]]}, "properties": {"class": "primary"}}, {"type": "Feature", "geometry": {"type": "LineString", "coordinates": [[55.2810528, 25.1885732], [55.2829039, 25.1910254], [55.2829904, 25.1911426], [55.2830792, 25.1912585], [55.2831701, 25.1913729], [55.2832632, 25.1914859], [55.2833737, 25.1916141], [55.2834904, 25.1917378], [55.2836123, 25.1918572], [55.2837394, 25.1919722], [55.2838714, 25.1920825], [55.2840081, 25.192188], [55.2841759, 25.1923068], [55.2843493, 25.1924186], [55.2845281, 25.1925234], [55.2847119, 25.1926208], [55.2849003, 25.1927107], [55.2850929, 25.1927929], [55.2852895, 25.1928673], [55.2854894, 25.1929336], [55.2856925, 25.1929918], [55.2858982, 25.1930417], [55.286217, 25.1931114], [55.2865569, 25.1931887]]}, "properties": {"class": "primary"}}, {"type": "Feature", "geometry": {"type": "LineString", "coordinates": [[55.2858139, 25.1928722], [55.2859463, 25.1928995], [55.2860777, 25.1929261], [55.2862081, 25.1929565], [55.286337, 25.1929917]]}, "properties": {"class": "tertiary"}}, {"type": "Feature", "geometry": {"type": "LineString", "coordinates": [[55.2849624, 25.1925579], [55.2850986, 25.1926227], [55.2852374, 25.192683], [55.2853785, 25.1927386], [55.2855217, 25.1927894], [55.2856669, 25.1928356], [55.2858139, 25.1928722]]}, "properties": {"class": "tertiary"}}, {"type": "Feature", "geometry": {"type": "LineString", "coordinates": [[55.2833745, 25.1913933], [55.2834902, 25.1915234], [55.2836048, 25.1916367], [55.2837266, 25.1917441]]}, "properties": {"class": "tertiary"}}, {"type": "Feature", "geometry": {"type": "LineString", "coordinates": [[55.2826095, 25.1903962], [55.282927, 25.1908242]]}, "properties": {"class": "tertiary"}}, {"type": "Feature", "geometry": {"type": "LineString", "coordinates": [[55.282927, 25.1908242], [55.2831257, 25.1910869], [55.2831512, 25.1911206]]}, "properties": {"class": "tertiary"}}, {"type": "Feature", "geometry": {"type": "LineString", "coordinates": [[55.2814168, 25.1888192], [55.2826095, 25.1903962]]}, "properties": {"class": "tertiary"}}, {"type": "Feature", "geometry": {"type": "LineString", "coordinates": [[55.2804912, 25.1874259], [55.2805628, 25.1875129], [55.2808359, 25.1878451], [55.2809025, 25.1879289], [55.2809684, 25.1880132], [55.2810335, 25.188098], [55.2812476, 25.1883855], [55.2816645, 25.1889693], [55.2820298, 25.1894536]]}, "properties": {"class": "tertiary"}}, {"type": "Feature", "geometry": {"type": "LineString", "coordinates": [[55.2820298, 25.1894536], [55.28242, 25.1900145], [55.2824742, 25.190107], [55.2825239, 25.1902016], [55.282569, 25.1902981], [55.2826095, 25.1903962]]}, "properties": {"class": "tertiary"}}, {"type": "Feature", "geometry": {"type": "LineString", "coordinates": [[55.2837591, 25.1909102], [55.2838745, 25.1908538], [55.2839931, 25.1907977], [55.2840383, 25.190776]]}, "properties": {"class": "tertiary"}}, {"type": "Feature", "geometry": {"type": "LineString", "coordinates": [[55.2832061, 25.1911877], [55.2833213, 25.1911318], [55.2836152, 25.1909832], [55.2837591, 25.1909102]]}, "properties": {"class": "tertiary"}}, {"type": "Feature", "geometry": {"type": "LineString", "coordinates": [[55.282236, 25.1916708], [55.2825386, 25.1915195]]}, "properties": {"class": "tertiary"}}, {"type": "Feature", "geometry": {"type": "LineString", "coordinates": [[55.2815665, 25.1920154], [55.2817889, 25.1918995], [55.282236, 25.1916708]]}, "properties": {"class": "tertiary"}}, {"type": "Feature", "geometry": {"type": "LineString", "coordinates": [[55.2825386, 25.1915195], [55.2826967, 25.1914367], [55.2827375, 25.1914153]]}, "properties": {"class": "tertiary"}}, {"type": "Feature", "geometry": {"type": "LineString", "coordinates": [[55.2828302, 25.1915538], [55.282647, 25.1916437], [55.2819337, 25.1919866], [55.2816666, 25.1921231]]}, "properties": {"class": "tertiary"}}, {"type": "Feature", "geometry": {"type": "LineString", "coordinates": [[55.2840853, 25.1909033], [55.2837681, 25.1910731], [55.2837366, 25.19109]]}, "properties": {"class": "tertiary"}}, {"type": "Feature", "geometry": {"type": "LineString", "coordinates": [[55.2898495, 25.1950432], [55.2896411, 25.1951413], [55.2894378, 25.1952477], [55.2876581, 25.1961758], [55.2869191, 25.1965561], [55.2831706, 25.1985617], [55.2811234, 25.1996638], [55.2805282, 25.1999843], [55.2787365, 25.2009218], [55.2783096, 25.2011538], [55.2778046, 25.2014255], [55.2773344, 25.2016708], [55.276802, 25.2019416], [55.2762042, 25.2022324]]}, "properties": {"class": "trunk"}}, {"type": "Feature", "geometry": {"type": "LineString", "coordinates": [[55.2704525, 25.2051346], [55.2698958, 25.205401]]}, "properties": {"class": "primary"}}, {"type": "Feature", "geometry": {"type": "LineString", "coordinates": [[55.2743104, 25.2029894], [55.2741381, 25.2030736], [55.2739675, 25.2031605], [55.2737986, 25.2032501], [55.2736264, 25.2033405], [55.2729022, 25.2037381]]}, "properties": {"class": "primary"}}, {"type": "Feature", "geometry": {"type": "LineString", "coordinates": [[55.2742469, 25.2027066], [55.2756367, 25.2019807]]}, "properties": {"class": "trunk"}}, {"type": "Feature", "geometry": {"type": "LineString", "coordinates": [[55.2881109, 25.1953033], [55.2883665, 25.195167]]}, "properties": {"class": "trunk"}}, {"type": "Feature", "geometry": {"type": "LineString", "coordinates": [[55.2833036, 25.1979137], [55.2834653, 25.1978276], [55.2842857, 25.1973836], [55.2844549, 25.1972921], [55.2854405, 25.1967507], [55.286416, 25.1962072], [55.2881109, 25.1953033]]}, "properties": {"class": "trunk"}}, {"type": "Feature", "geometry": {"type": "LineString", "coordinates": [[55.2923294, 25.1933259], [55.2921993, 25.193479], [55.2920656, 25.1936217], [55.2919263, 25.1937509], [55.2917804, 25.1938742], [55.2916283, 25.1939911], [55.2914703, 25.1941014], [55.2913068, 25.194205]]}, "properties": {"class": "primary"}}, {"type": "Feature", "geometry": {"type": "LineString", "coordinates": [[55.2926005, 25.1907884], [55.292841, 25.1911059]]}, "properties": {"class": "motorway"}}, {"type": "Feature", "geometry": {"type": "LineString", "coordinates": [[55.2932012, 25.1919694], [55.2914062, 25.1896576]]}, "properties": {"class": "motorway"}}, {"type": "Feature", "geometry": {"type": "LineString", "coordinates": [[55.2756367, 25.2019807], [55.2767478, 25.201405], [55.279869, 25.1997389], [55.281585, 25.1988229], [55.2824717, 25.198357], [55.2833036, 25.1979137]]}, "properties": {"class": "trunk"}}, {"type": "Feature", "geometry": {"type": "LineString", "coordinates": [[55.2935247, 25.1896977], [55.2935854, 25.1894105], [55.2936161, 25.189267], [55.2936429, 25.1891228], [55.2936727, 25.1889307], [55.2936957, 25.1887379], [55.293712, 25.1885444], [55.2938131, 25.1865039]]}, "properties": {"class": "trunk"}}, {"type": "Feature", "geometry": {"type": "LineString", "coordinates": [[55.2883906, 25.1828918], [55.28781, 25.1827996], [55.2871769, 25.1827105], [55.2865261, 25.1826176], [55.2856236, 25.1824906], [55.2853301, 25.1824331], [55.2850505, 25.1823703], [55.2847746, 25.1822951], [55.2845218, 25.1822066]]}, "properties": {"class": "motorway"}}, {"type": "Feature", "geometry": {"type": "LineString", "coordinates": [[55.2758171, 25.1764849], [55.2759368, 25.1765199], [55.2760526, 25.1765641], [55.2761638, 25.1766174], [55.2762694, 25.1766793], [55.2763686, 25.1767493], [55.2766299, 25.1769331], [55.2768946, 25.1771131], [55.2772506, 25.1773459], [55.2774306, 25.1774599], [55.2776121, 25.1775719], [55.2778781, 25.1777307], [55.2781473, 25.1778853], [55.2784194, 25.1780355], [55.2790967, 25.178419], [55.2797069, 25.1787673], [55.2801516, 25.1790155], [55.2803733, 25.1791405], [55.280599, 25.1792599], [55.2808339, 25.179377], [55.2810727, 25.1794879], [55.2813123, 25.1795972], [55.2816622, 25.179757], [55.2820122, 25.1799167], [55.2824442, 25.1801059], [55.282896, 25.1803002], [55.2833836, 25.1805059], [55.2838884, 25.1807213], [55.2844336, 25.1809509], [55.2849801, 25.1811777], [55.2859278, 25.1815745]]}, "properties": {"class": "motorway"}}, {"type": "Feature", "geometry": {"type": "LineString", "coordinates": [[55.2830094, 25.2125711], [55.2830505, 25.2125637], [55.2830924, 25.2125624], [55.283134, 25.2125671], [55.2831743, 25.2125778], [55.2832121, 25.2125942], [55.2832465, 25.2126158], [55.2832759, 25.2126429], [55.2834822, 25.2128324], [55.2836783, 25.2130403], [55.2836991, 25.2130613], [55.2837239, 25.2130783], [55.283752, 25.2130906], [55.2837821, 25.2130976], [55.2838203, 25.2131096], [55.2838547, 25.2131288], [55.2838836, 25.2131543], [55.2839057, 25.2131849], [55.2839442, 25.2132489], [55.2843935, 25.2139946], [55.2845347, 25.2142113], [55.2845683, 25.2142628], [55.2847078, 25.2144769], [55.2848034, 25.2146118], [55.2848177, 25.2146326], [55.284828, 25.2146552], [55.2848341, 25.2146791], [55.2848358, 25.2147035], [55.284832, 25.2147326], [55.284822, 25.2147605], [55.2847803, 25.2148483]]}, "properties": {"class": "residential"}}, {"type": "Feature", "geometry": {"type": "LineString", "coordinates": [[55.2793242, 25.2080867], [55.2793668, 25.2084226], [55.2794096, 25.2087597]]}, "properties": {"class": "primary"}}, {"type": "Feature", "geometry": {"type": "LineString", "coordinates": [[55.2789791, 25.2053426], [55.2790294, 25.2058044], [55.2793242, 25.2080867]]}, "properties": {"class": "primary"}}, {"type": "Feature", "geometry": {"type": "LineString", "coordinates": [[55.2787988, 25.205355], [55.2786416, 25.2044476]]}, "properties": {"class": "primary"}}, {"type": "Feature", "geometry": {"type": "LineString", "coordinates": [[55.2788272, 25.2043027], [55.2788764, 25.2045613], [55.2789182, 25.2048209], [55.2789524, 25.2050814], [55.2789791, 25.2053426]]}, "properties": {"class": "primary"}}, {"type": "Feature", "geometry": {"type": "LineString", "coordinates": [[55.278652, 25.2029041], [55.2786991, 25.2032532], [55.2788025, 25.2039265], [55.2788157, 25.2040276], [55.2788243, 25.2040961], [55.278829, 25.2041649], [55.27883, 25.2042338], [55.2788272, 25.2043027]]}, "properties": {"class": "primary"}}, {"type": "Feature", "geometry": {"type": "LineString", "coordinates": [[55.277803, 25.201838], [55.2776415, 25.2015984], [55.2775747, 25.2014999], [55.2775539, 25.2014692], [55.2774752, 25.2013516]]}, "properties": {"class": "primary"}}, {"type": "Feature", "geometry": {"type": "LineString", "coordinates": [[55.2781573, 25.2024499], [55.2781209, 25.2023629], [55.2780785, 25.2022781], [55.2780304, 25.2021959], [55.2779768, 25.2021165], [55.277803, 25.201838]]}, "properties": {"class": "primary"}}, {"type": "Feature", "geometry": {"type": "LineString", "coordinates": [[55.2797169, 25.21038], [55.2796466, 25.2102693], [55.2795796, 25.2101569], [55.2795156, 25.2100428], [55.2794545, 25.2099073], [55.2794021, 25.2097686], [55.2793589, 25.2096274], [55.2793252, 25.209484], [55.2793004, 25.2093406], [55.2792863, 25.2092293], [55.2792805, 25.2091832], [55.2792513, 25.2089973]]}, "properties": {"class": "primary"}}, {"type": "Feature", "geometry": {"type": "LineString", "coordinates": [[55.2789653, 25.2066343], [55.2789379, 25.2063882], [55.2789039, 25.2061142], [55.2788689, 25.2058251], [55.2787988, 25.205355]]}, "properties": {"class": "primary"}}, {"type": "Feature", "geometry": {"type": "LineString", "coordinates": [[55.2858879, 25.2171905], [55.2858894, 25.2171052], [55.2858873, 25.217021], [55.285876, 25.2169373], [55.2858556, 25.2168551], [55.2858263, 25.2167752], [55.2857885, 25.2166982], [55.2855995, 25.216401], [55.2850387, 25.2155193]]}, "properties": {"class": "primary"}}, {"type": "Feature", "geometry": {"type": "LineString", "coordinates": [[55.2850387, 25.2155193], [55.284637, 25.2149297], [55.2844678, 25.2146526], [55.28445, 25.2146234], [55.2844027, 25.214555]]}, "properties": {"class": "primary"}}, {"type": "Feature", "geometry": {"type": "LineString", "coordinates": [[55.2871898, 25.2187681], [55.2870756, 25.2185893], [55.2870135, 25.2185114], [55.2869452, 25.2184379], [55.2868508, 25.2183511], [55.2867913, 25.2183059], [55.2867066, 25.218248], [55.2866174, 25.218196]]}, "properties": {"class": "primary"}}, {"type": "Feature", "geometry": {"type": "LineString", "coordinates": [[55.2878437, 25.219046], [55.2878765, 25.2191625], [55.2878981, 25.2192804], [55.2879225, 25.2193994], [55.2879464, 25.2194956], [55.2879773, 25.2195901], [55.288016, 25.2196921], [55.2880646, 25.2197906], [55.2881033, 25.2198554], [55.2881463, 25.219918], [55.2882131, 25.2200087], [55.2883922, 25.2202519], [55.2884109, 25.2202782]]}, "properties": {"class": "primary"}}, {"type": "Feature", "geometry": {"type": "LineString", "coordinates": [[55.2870911, 25.2177356], [55.2871262, 25.2178215], [55.2871664, 25.2179054], [55.2872117, 25.2179871], [55.2872698, 25.2180778], [55.2873343, 25.2181649], [55.2874048, 25.218248], [55.2874881, 25.2183531], [55.287565, 25.2184622], [55.2876353, 25.2185748], [55.2876988, 25.2186908], [55.2877552, 25.2188096], [55.2878045, 25.2189311], [55.2878437, 25.219046]]}, "properties": {"class": "primary"}}, {"type": "Feature", "geometry": {"type": "LineString", "coordinates": [[55.284548, 25.2144452], [55.2846032, 25.2145362], [55.2846577, 25.2146423], [55.2847167, 25.2147464], [55.2847803, 25.2148483], [55.2848709, 25.2149794], [55.2849689, 25.2151061], [55.2850654, 25.2152185], [55.2851687, 25.2153258], [55.2852594, 25.2154108], [55.2853544, 25.215492], [55.2854535, 25.215569], [55.28565, 25.2157239], [55.2857484, 25.2158014], [55.2858411, 25.2158845], [55.2859194, 25.2159659], [55.2859911, 25.2160522], [55.2860559, 25.2161429], [55.2861153, 25.2162366], [55.2862249, 25.2164094], [55.2863413, 25.2165785], [55.2864034, 25.2166639], [55.28645, 25.216728], [55.2865614, 25.2168776]]}, "properties": {"class": "primary"}}, {"type": "Feature", "geometry": {"type": "LineString", "coordinates": [[55.2838633, 25.2135091], [55.2839218, 25.2135707], [55.2839794, 25.2136309], [55.2840326, 25.2136944], [55.2840811, 25.2137609], [55.2844565, 25.2142944], [55.2844694, 25.2143156], [55.284548, 25.2144452]]}, "properties": {"class": "primary"}}, {"type": "Feature", "geometry": {"type": "LineString", "coordinates": [[55.2884109, 25.2202782], [55.2887523, 25.2207359], [55.288841, 25.2208603], [55.2889218, 25.2209723], [55.2890085, 25.2210806], [55.2891011, 25.2211849], [55.2892394, 25.2213284], [55.2893748, 25.2214743], [55.2895709, 25.2216959], [55.2897601, 25.2219223], [55.2899422, 25.2221535]]}, "properties": {"class": "primary"}}, {"type": "Feature", "geometry": {"type": "LineString", "coordinates": [[55.2956412, 25.2224967], [55.2960551, 25.2221087], [55.2962699, 25.2219187], [55.2963282, 25.2218671], [55.2963993, 25.2218048]]}, "properties": {"class": "primary"}}, {"type": "Feature", "geometry": {"type": "LineString", "coordinates": [[55.2965446, 25.2219323], [55.2964719, 25.222], [55.2963338, 25.2221322], [55.295653, 25.222737]]}, "properties": {"class": "primary"}}, {"type": "Feature", "geometry": {"type": "LineString", "coordinates": [[55.2607915, 25.2093771], [55.2609334, 25.2096051], [55.2610369, 25.2097635], [55.2610561, 25.2097928], [55.2611294, 25.209886]]}, "properties": {"class": "tertiary"}}, {"type": "Feature", "geometry": {"type": "LineString", "coordinates": [[55.2851137, 25.2038066], [55.2850685, 25.2035617], [55.2850565, 25.2034968], [55.2850543, 25.2034686], [55.2850682, 25.2034433], [55.2850944, 25.203428], [55.2851256, 25.2034268]]}, "properties": {"class": "residential"}}, {"type": "Feature", "geometry": {"type": "LineString", "coordinates": [[55.2939405, 25.20832], [55.2939105, 25.2081273], [55.2938723, 25.2078825], [55.2936301, 25.2063283], [55.293622, 25.2062759], [55.2936156, 25.2062586], [55.2936047, 25.2062432], [55.2935901, 25.2062306], [55.2935726, 25.2062216], [55.2935244, 25.2062027], [55.2935044, 25.2061895], [55.293488, 25.2061727], [55.2934761, 25.206153], [55.2934693, 25.2061315], [55.2933566, 25.2054738], [55.2933474, 25.2054487], [55.2933452, 25.2054223], [55.2933501, 25.2053962], [55.293362, 25.2053719], [55.2933813, 25.2053499], [55.2934062, 25.2053331], [55.293759, 25.2052821]]}, "properties": {"class": "residential"}}, {"type": "Feature", "geometry": {"type": "LineString", "coordinates": [[55.2866175, 25.2063676], [55.2867979, 25.2074449]]}, "properties": {"class": "residential"}}, {"type": "Feature", "geometry": {"type": "LineString", "coordinates": [[55.2933626, 25.212632], [55.2934953, 25.2126177], [55.2935693, 25.2126161], [55.2936417, 25.2126269], [55.2937122, 25.2126451], [55.29378, 25.2126681], [55.2939125, 25.2127141], [55.2944364, 25.212896], [55.2946899, 25.2130128], [55.2948141, 25.2130636], [55.2949407, 25.2131094], [55.2950694, 25.2131503], [55.2952, 25.213186], [55.2953321, 25.2132165], [55.2954657, 25.21324], [55.2955984, 25.2132569], [55.2957316, 25.2132701], [55.2958652, 25.2132798], [55.2966144, 25.2133165], [55.2975328, 25.2133303], [55.2976841, 25.2133291], [55.2984864, 25.2133219], [55.2990739, 25.2133341], [55.2992036, 25.2133404], [55.2993335, 25.2133424], [55.2994634, 25.2133403], [55.2995931, 25.2133338], [55.2999172, 25.2133061], [55.3000124, 25.213302], [55.3001077, 25.2133026], [55.3002028, 25.2133065], [55.3004119, 25.2133117], [55.3005046, 25.2133069], [55.3005961, 25.2132925], [55.3006851, 25.2132687], [55.3007706, 25.2132358], [55.3014183, 25.2130138], [55.3014789, 25.2129921], [55.3015412, 25.2129701], [55.301611, 25.2129498], [55.3016822, 25.2129337], [55.3020462, 25.2128804], [55.3022405, 25.2128517]]}, "properties": {"class": "residential"}}, {"type": "Feature", "geometry": {"type": "LineString", "coordinates": [[55.296043, 25.2211324], [55.295753, 25.2202356], [55.2957355, 25.220171], [55.2954237, 25.2191419], [55.2954011, 25.2190757], [55.2933626, 25.212632]]}, "properties": {"class": "tertiary"}}, {"type": "Feature", "geometry": {"type": "LineString", "coordinates": [[55.274708, 25.1923388], [55.2746851, 25.1922974], [55.2746657, 25.1922545], [55.2746499, 25.1922104], [55.2746431, 25.1921895], [55.2746012, 25.1920612], [55.274584, 25.1920208], [55.2745601, 25.191985], [55.2745261, 25.1919568], [55.2744847, 25.1919383], [55.2744392, 25.1919311], [55.2742762, 25.1919332], [55.2741134, 25.191928], [55.2739525, 25.1919157], [55.2737851, 25.191893]]}, "properties": {"class": "residential"}}, {"type": "Feature", "geometry": {"type": "LineString", "coordinates": [[55.2730979, 25.1922129], [55.2731354, 25.1922816], [55.2731539, 25.1923203], [55.2731778, 25.1923564], [55.2732067, 25.1923895], [55.27324, 25.1924189], [55.2732748, 25.1924542]]}, "properties": {"class": "residential"}}, {"type": "Feature", "geometry": {"type": "LineString", "coordinates": [[55.2731336, 25.1925386], [55.2730773, 25.1924828], [55.273047, 25.192458], [55.2730218, 25.1924288], [55.2730024, 25.1923963], [55.2729892, 25.1923613], [55.2729538, 25.1922913]]}, "properties": {"class": "residential"}}, {"type": "Feature", "geometry": {"type": "LineString", "coordinates": [[55.2731567, 25.1925039], [55.27319, 25.1924769], [55.2732306, 25.1924598], [55.2732748, 25.1924542], [55.2733253, 25.1924624], [55.2733699, 25.1924854], [55.2734034, 25.1925205], [55.2734221, 25.1925638], [55.2734238, 25.1926102], [55.2734082, 25.1926544], [55.2733773, 25.1926915], [55.2733345, 25.192717], [55.2732847, 25.1927282], [55.2732337, 25.1927238], [55.2731872, 25.1927041], [55.2731506, 25.1926716], [55.273128, 25.1926299], [55.2731222, 25.1925838], [55.2731336, 25.1925386], [55.2731567, 25.1925039]]}, "properties": {"class": "residential"}}, {"type": "Feature", "geometry": {"type": "LineString", "coordinates": [[55.274698, 25.1924512], [55.2746827, 25.1924301], [55.2746758, 25.1924057], [55.274678, 25.1923806], [55.274689, 25.1923575], [55.274708, 25.1923388], [55.2747323, 25.1923268], [55.2747597, 25.1923226], [55.2747872, 25.1923266], [55.2748118, 25.1923385], [55.2748307, 25.192357], [55.274842, 25.1923801], [55.2748444, 25.1924052], [55.2748376, 25.1924296], [55.2748225, 25.1924508], [55.2748006, 25.1924663], [55.2747743, 25.1924746], [55.2747464, 25.1924747], [55.2747201, 25.1924666], [55.274698, 25.1924512]]}, "properties": {"class": "residential"}}, {"type": "Feature", "geometry": {"type": "LineString", "coordinates": [[55.2633377, 25.2051567], [55.2634896, 25.2050768], [55.2635982, 25.2050169], [55.264148, 25.2047136]]}, "properties": {"class": "residential"}}, {"type": "Feature", "geometry": {"type": "LineString", "coordinates": [[55.264148, 25.2047136], [55.2642268, 25.204663], [55.2642633, 25.2046282], [55.2642901, 25.2045868], [55.264296, 25.204572], [55.2643057, 25.2045303], [55.2643061, 25.2044877], [55.2642971, 25.2044459], [55.2635577, 25.2033506], [55.2633299, 25.2030131], [55.2632259, 25.202845], [55.2631961, 25.2028046], [55.2631561, 25.202766], [55.2631127, 25.2027443], [55.2630291, 25.2027037]]}, "properties": {"class": "residential"}}, {"type": "Feature", "geometry": {"type": "LineString", "coordinates": [[55.2620285, 25.2008308], [55.2620096, 25.2009193], [55.2620108, 25.2009567], [55.2620277, 25.2009938], [55.2620667, 25.2010551], [55.2620921, 25.2010942], [55.2621641, 25.2012053]]}, "properties": {"class": "residential"}}, {"type": "Feature", "geometry": {"type": "LineString", "coordinates": [[55.2647142, 25.2048424], [55.2649326, 25.20518], [55.2649918, 25.2052716], [55.2650819, 25.2054108], [55.2654617, 25.2059972], [55.2656001, 25.2062192], [55.2657218, 25.2063926], [55.2657693, 25.2064605], [55.2657898, 25.2064878], [55.2658138, 25.2065126], [55.2658409, 25.2065347], [55.2658709, 25.2065534], [55.2658951, 25.2065688], [55.2659121, 25.2065907], [55.2659202, 25.2066165], [55.2659182, 25.2066432], [55.2659066, 25.2066678], [55.2658865, 25.2066875], [55.2658603, 25.2067], [55.265831, 25.2067039], [55.265802, 25.2066988], [55.2657765, 25.2066851], [55.2657575, 25.2066646]]}, "properties": {"class": "residential"}}, {"type": "Feature", "geometry": {"type": "LineString", "coordinates": [[55.2657575, 25.2066646], [55.2656164, 25.2064505], [55.2655292, 25.2063191], [55.264944, 25.2054379], [55.26488, 25.2053415], [55.2645276, 25.2048249], [55.2644913, 25.2047884], [55.2644457, 25.2047617], [55.2643941, 25.2047465], [55.2643399, 25.204744], [55.2642868, 25.2047544], [55.2641773, 25.2047991]]}, "properties": {"class": "residential"}}, {"type": "Feature", "geometry": {"type": "LineString", "coordinates": [[55.2641773, 25.2047991], [55.2637209, 25.2050516], [55.2636957, 25.2050672], [55.2636509, 25.2050951], [55.2636036, 25.2051426], [55.2635661, 25.2051832]]}, "properties": {"class": "residential"}}, {"type": "Feature", "geometry": {"type": "LineString", "coordinates": [[55.254947, 25.2049191], [55.2549287, 25.2049711], [55.2549211, 25.2050252], [55.2549244, 25.2050797], [55.2549385, 25.2051328]]}, "properties": {"class": "residential"}}, {"type": "Feature", "geometry": {"type": "LineString", "coordinates": [[55.2549385, 25.2051328], [55.2549011, 25.2051044], [55.2548595, 25.2050813], [55.2548146, 25.205064], [55.2547673, 25.205053], [55.2547188, 25.2050484]]}, "properties": {"class": "residential"}}, {"type": "Feature", "geometry": {"type": "LineString", "coordinates": [[55.2801418, 25.2088281], [55.2807419, 25.2086943]]}, "properties": {"class": "tertiary"}}, {"type": "Feature", "geometry": {"type": "LineString", "coordinates": [[55.2663485, 25.216971], [55.2664805, 25.2168949], [55.2666753, 25.2167747], [55.2676573, 25.2161751]]}, "properties": {"class": "residential"}}, {"type": "Feature", "geometry": {"type": "LineString", "coordinates": [[55.2680731, 25.2115148], [55.2680752, 25.2115764], [55.268073, 25.2116031], [55.2680627, 25.2116283], [55.2680502, 25.2116438], [55.2680032, 25.2116737], [55.2679552, 25.2116946], [55.267736, 25.2118055]]}, "properties": {"class": "residential"}}, {"type": "Feature", "geometry": {"type": "LineString", "coordinates": [[55.267736, 25.2118055], [55.2678769, 25.2116942], [55.2679075, 25.2116666], [55.2679282, 25.2116323], [55.2679374, 25.2115941], [55.2679343, 25.2115551], [55.2679085, 25.211475]]}, "properties": {"class": "residential"}}, {"type": "Feature", "geometry": {"type": "LineString", "coordinates": [[55.2812228, 25.2085242], [55.2812721, 25.2085393], [55.2813221, 25.2085519], [55.2813729, 25.2085621], [55.2814242, 25.2085698]]}, "properties": {"class": "tertiary"}}, {"type": "Feature", "geometry": {"type": "LineString", "coordinates": [[55.2814242, 25.2085698], [55.2813765, 25.2085846], [55.2813305, 25.2086035], [55.2812868, 25.2086262], [55.2812457, 25.2086527]]}, "properties": {"class": "tertiary"}}, {"type": "Feature", "geometry": {"type": "LineString", "coordinates": [[55.2807419, 25.2086943], [55.2808073, 25.2086715], [55.2808705, 25.2086444], [55.280931, 25.2086127], [55.280988, 25.2085763]]}, "properties": {"class": "tertiary"}}, {"type": "Feature", "geometry": {"type": "LineString", "coordinates": [[55.2810199, 25.2086882], [55.2809499, 25.2086816], [55.2808802, 25.2086801], [55.2808107, 25.2086843], [55.2807419, 25.2086943]]}, "properties": {"class": "tertiary"}}, {"type": "Feature", "geometry": {"type": "LineString", "coordinates": [[55.281064, 25.20826], [55.2810746, 25.2083255]]}, "properties": {"class": "residential"}}, {"type": "Feature", "geometry": {"type": "LineString", "coordinates": [[55.2810475, 25.2081519], [55.281064, 25.20826]]}, "properties": {"class": "residential"}}, {"type": "Feature", "geometry": {"type": "LineString", "coordinates": [[55.2810236, 25.2085185], [55.2810438, 25.208472], [55.2810592, 25.2084241], [55.2810695, 25.2083752], [55.2810746, 25.2083255]]}, "properties": {"class": "residential"}}, {"type": "Feature", "geometry": {"type": "LineString", "coordinates": [[55.2810746, 25.2083255], [55.2810949, 25.2083759], [55.2811228, 25.2084232], [55.2811578, 25.2084665], [55.2811992, 25.2085049]]}, "properties": {"class": "residential"}}, {"type": "Feature", "geometry": {"type": "LineString", "coordinates": [[55.2809059, 25.2073257], [55.2816837, 25.2072309], [55.2817279, 25.2072357], [55.2817614, 25.2072575], [55.2817789, 25.2073012], [55.2819243, 25.2081662], [55.2819258, 25.2081929], [55.2819153, 25.2082178], [55.2818946, 25.2082368], [55.2818672, 25.2082467], [55.2814167, 25.2083105], [55.2813573, 25.2083044], [55.2813049, 25.2082784], [55.2812672, 25.2082364], [55.2812499, 25.2081846], [55.2812148, 25.2079781], [55.2812072, 25.2079574], [55.2811925, 25.207941], [55.2811725, 25.2079301], [55.2809971, 25.2078622]]}, "properties": {"class": "residential"}}, {"type": "Feature", "geometry": {"type": "LineString", "coordinates": [[55.2812197, 25.2086891], [55.2811977, 25.2087433], [55.2811829, 25.2087996], [55.2811747, 25.2088571], [55.2811732, 25.2089151]]}, "properties": {"class": "tertiary"}}, {"type": "Feature", "geometry": {"type": "LineString", "coordinates": [[55.2811732, 25.2089151], [55.2811561, 25.2088596], [55.2811344, 25.2088111], [55.2811043, 25.2087633], [55.2810681, 25.2087187]]}, "properties": {"class": "tertiary"}}, {"type": "Feature", "geometry": {"type": "LineString", "coordinates": [[55.2819295, 25.221348], [55.2791439, 25.2172814], [55.2781069, 25.2158112], [55.2758434, 25.2125288]]}, "properties": {"class": "motorway"}}, {"type": "Feature", "geometry": {"type": "LineString", "coordinates": [[55.2750264, 25.175812], [55.275557, 25.1762571], [55.2758171, 25.1764849], [55.2760819, 25.1767077], [55.2763194, 25.1769013], [55.2765604, 25.1770915], [55.2768047, 25.1772781], [55.2771166, 25.1775217], [55.277431, 25.1777624], [55.2778187, 25.1780528], [55.2782102, 25.1783389], [55.2785205, 25.1785569], [55.2788348, 25.1787701], [55.279153, 25.1789785], [55.2794375, 25.1791588], [55.279725, 25.1793352], [55.2800153, 25.1795077], [55.2802123, 25.1796257], [55.2804131, 25.1797383], [55.2806175, 25.1798454], [55.2808253, 25.179947], [55.2810537, 25.1800505], [55.2812855, 25.1801472], [55.2815207, 25.1802371], [55.281759, 25.1803201]]}, "properties": {"class": "motorway"}}, {"type": "Feature", "geometry": {"type": "LineString", "coordinates": [[55.2623912, 25.205512], [55.2621868, 25.205189], [55.2621159, 25.2050823], [55.2616568, 25.2043971], [55.2615237, 25.2042047], [55.2613701, 25.2039825], [55.261315, 25.2039038], [55.2612935, 25.2038729]]}, "properties": {"class": "residential"}}, {"type": "Feature", "geometry": {"type": "LineString", "coordinates": [[55.250739, 25.2081426], [55.2507198, 25.2080748], [55.2507121, 25.2080524], [55.2506971, 25.2080083], [55.25067, 25.2079432], [55.2506388, 25.2078796]]}, "properties": {"class": "residential"}}, {"type": "Feature", "geometry": {"type": "LineString", "coordinates": [[55.2506388, 25.2078796], [55.250698, 25.2079329], [55.2507616, 25.2079815], [55.2507934, 25.2080016], [55.2508298, 25.2080245], [55.2509023, 25.2080608]]}, "properties": {"class": "residential"}}, {"type": "Feature", "geometry": {"type": "LineString", "coordinates": [[55.2510355, 25.2082614], [55.2510526, 25.2083353], [55.2510607, 25.2083637], [55.2510728, 25.2083908], [55.2510888, 25.2084163], [55.2511546, 25.2085223]]}, "properties": {"class": "residential"}}, {"type": "Feature", "geometry": {"type": "LineString", "coordinates": [[55.2511546, 25.2085223], [55.2510568, 25.2084464], [55.2510279, 25.2084248], [55.2509972, 25.2084052], [55.250965, 25.2083879], [55.2508814, 25.2083535]]}, "properties": {"class": "residential"}}, {"type": "Feature", "geometry": {"type": "LineString", "coordinates": [[55.2764322, 25.226524], [55.2764456, 25.2265597], [55.2764619, 25.2265944], [55.2764809, 25.2266279], [55.2765027, 25.22666], [55.2771698, 25.2275364], [55.2774601, 25.2279178]]}, "properties": {"class": "residential"}}, {"type": "Feature", "geometry": {"type": "LineString", "coordinates": [[55.2556635, 25.2219076], [55.2556162, 25.2218959], [55.2555683, 25.2218862], [55.25552, 25.2218786], [55.2554713, 25.2218731]]}, "properties": {"class": "residential"}}, {"type": "Feature", "geometry": {"type": "LineString", "coordinates": [[55.2554713, 25.2218731], [55.2554799, 25.2218279], [55.255487, 25.2217827], [55.2554926, 25.2217373], [55.2554968, 25.2216918]]}, "properties": {"class": "residential"}}, {"type": "Feature", "geometry": {"type": "LineString", "coordinates": [[55.2578893, 25.2247855], [55.2578303, 25.224766], [55.2577682, 25.224758], [55.2577056, 25.2247619], [55.257638, 25.2247803]]}, "properties": {"class": "residential"}}, {"type": "Feature", "geometry": {"type": "LineString", "coordinates": [[55.257638, 25.2247803], [55.2576781, 25.2247158], [55.2576997, 25.2246656], [55.2577143, 25.2246134], [55.2577216, 25.2245599]]}, "properties": {"class": "residential"}}, {"type": "Feature", "geometry": {"type": "LineString", "coordinates": [[55.2589968, 25.2262398], [55.2589367, 25.2262132], [55.2588724, 25.2261966], [55.2588049, 25.2261903]]}, "properties": {"class": "residential"}}, {"type": "Feature", "geometry": {"type": "LineString", "coordinates": [[55.2461725, 25.1823073], [55.2462038, 25.1822484], [55.246218, 25.1822009], [55.2462231, 25.1821417], [55.246213, 25.1820873], [55.2462012, 25.1820451], [55.2461634, 25.181969]]}, "properties": {"class": "residential"}}, {"type": "Feature", "geometry": {"type": "LineString", "coordinates": [[55.2461634, 25.181969], [55.2462312, 25.1820279], [55.2462693, 25.1820625], [55.2463055, 25.1820855], [55.2463457, 25.1821034], [55.2463886, 25.1821153], [55.2464712, 25.1821232]]}, "properties": {"class": "residential"}}, {"type": "Feature", "geometry": {"type": "LineString", "coordinates": [[55.2529068, 25.1799804], [55.2529607, 25.1799604], [55.253013, 25.1799368], [55.2530634, 25.1799102], [55.2531118, 25.1798805], [55.2532339, 25.1797858], [55.2535129, 25.1795696], [55.253773, 25.1793681], [55.2538143, 25.1793382], [55.2538533, 25.1793058], [55.2538898, 25.1792711], [55.2539237, 25.1792343], [55.2540064, 25.179164], [55.2540921, 25.1790968], [55.2541812, 25.1790334], [55.2542736, 25.1789739], [55.2543678, 25.1789172], [55.2544024, 25.1788891], [55.2544314, 25.1788563], [55.2544542, 25.1788197], [55.25447, 25.1787802], [55.2544787, 25.1787389], [55.2544797, 25.1786969], [55.2544733, 25.1786553], [55.2544594, 25.1786152], [55.2544386, 25.1785777], [55.254164, 25.1782502], [55.25414, 25.1782216]]}, "properties": {"class": "tertiary"}}, {"type": "Feature", "geometry": {"type": "LineString", "coordinates": [[55.2736174, 25.1809593], [55.2731191, 25.1805084], [55.2730841, 25.1804768], [55.2730018, 25.1804024]]}, "properties": {"class": "tertiary"}}, {"type": "Feature", "geometry": {"type": "LineString", "coordinates": [[55.2720654, 25.1808343], [55.2727149, 25.1803312], [55.2727481, 25.1803055], [55.2728307, 25.1802415]]}, "properties": {"class": "tertiary"}}, {"type": "Feature", "geometry": {"type": "LineString", "coordinates": [[55.274297, 25.17942], [55.2740521, 25.1796015], [55.2739439, 25.1796878], [55.2734258, 25.1800658], [55.2733907, 25.1800918], [55.2732969, 25.1801614]]}, "properties": {"class": "tertiary"}}, {"type": "Feature", "geometry": {"type": "LineString", "coordinates": [[55.2727601, 25.179582], [55.2730415, 25.1798769], [55.2730752, 25.1799123], [55.2731492, 25.1799954]]}, "properties": {"class": "tertiary"}}, {"type": "Feature", "geometry": {"type": "LineString", "coordinates": [[55.2739672, 25.180792], [55.2742786, 25.1810685]]}, "properties": {"class": "tertiary"}}, {"type": "Feature", "geometry": {"type": "LineString", "coordinates": [[55.2654262, 25.1948058], [55.2653866, 25.1948595], [55.2653532, 25.1949165], [55.2653264, 25.1949763]]}, "properties": {"class": "residential"}}, {"type": "Feature", "geometry": {"type": "LineString", "coordinates": [[55.2652342, 25.1949005], [55.265299, 25.1948716], [55.2653633, 25.1948398], [55.2654262, 25.1948058]]}, "properties": {"class": "residential"}}, {"type": "Feature", "geometry": {"type": "LineString", "coordinates": [[55.2758996, 25.2310883], [55.2757631, 25.2309017], [55.2756401, 25.2307357], [55.2753381, 25.2303257], [55.2752098, 25.2301571], [55.2751466, 25.230072], [55.2750403, 25.2299287], [55.2749235, 25.2297712], [55.2748712, 25.2297019], [55.2746733, 25.2294342], [55.2743765, 25.2290372]]}, "properties": {"class": "secondary"}}, {"type": "Feature", "geometry": {"type": "LineString", "coordinates": [[55.2758909, 25.2288497], [55.2763561, 25.2294886], [55.2768899, 25.2301881]]}, "properties": {"class": "residential"}}, {"type": "Feature", "geometry": {"type": "LineString", "coordinates": [[55.2766602, 25.2283936], [55.2776712, 25.2297181]]}, "properties": {"class": "residential"}}, {"type": "Feature", "geometry": {"type": "LineString", "coordinates": [[55.2735485, 25.2173292], [55.2731065, 25.2176018], [55.2727098, 25.2178902]]}, "properties": {"class": "residential"}}, {"type": "Feature", "geometry": {"type": "LineString", "coordinates": [[55.2725665, 25.2137436], [55.2715667, 25.214376]]}, "properties": {"class": "residential"}}, {"type": "Feature", "geometry": {"type": "LineString", "coordinates": [[55.2766602, 25.2283936], [55.2757663, 25.2271381], [55.2757247, 25.2270955], [55.2756752, 25.2270606], [55.2756175, 25.2270318]]}, "properties": {"class": "residential"}}, {"type": "Feature", "geometry": {"type": "LineString", "coordinates": [[55.274443, 25.218088], [55.2744135, 25.2180551], [55.2739744, 25.2174878], [55.2738785, 25.2173636]]}, "properties": {"class": "residential"}}, {"type": "Feature", "geometry": {"type": "LineString", "coordinates": [[55.2691248, 25.2111456], [55.2695008, 25.2116486], [55.2696328, 25.2118249], [55.2702815, 25.2126912]]}, "properties": {"class": "residential"}}, {"type": "Feature", "geometry": {"type": "LineString", "coordinates": [[55.2738334, 25.2154205], [55.273874, 25.2153855], [55.2738977, 25.2153397], [55.2739014, 25.2152891], [55.2738845, 25.2152408], [55.2737521, 25.2150765], [55.2733105, 25.2144846], [55.2727872, 25.213786], [55.2727424, 25.2137479], [55.2726857, 25.2137268], [55.2726244, 25.2137252], [55.2725665, 25.2137436]]}, "properties": {"class": "residential"}}, {"type": "Feature", "geometry": {"type": "LineString", "coordinates": [[55.2758909, 25.2288497], [55.2749539, 25.2275967], [55.2749319, 25.2275717], [55.2749074, 25.2275488], [55.2748805, 25.2275282], [55.2748516, 25.22751]]}, "properties": {"class": "residential"}}, {"type": "Feature", "geometry": {"type": "LineString", "coordinates": [[55.2756531, 25.2183611], [55.2756909, 25.2183994], [55.2757195, 25.2184341], [55.2757312, 25.2184689], [55.2757319, 25.2185035], [55.2757257, 25.2185363], [55.2757131, 25.2185676], [55.2756911, 25.2185977], [55.2756603, 25.2186222], [55.2752616, 25.2188813], [55.275239, 25.218901], [55.2752197, 25.2189235], [55.2751933, 25.2189567]]}, "properties": {"class": "residential"}}, {"type": "Feature", "geometry": {"type": "LineString", "coordinates": [[55.2700592, 25.2103842], [55.2691495, 25.2109426], [55.2691153, 25.2109758], [55.2690944, 25.2110171], [55.2690889, 25.2110622], [55.2690994, 25.2111065], [55.2691248, 25.2111456]]}, "properties": {"class": "residential"}}, {"type": "Feature", "geometry": {"type": "LineString", "coordinates": [[55.2650132, 25.2097151], [55.2649915, 25.2096754], [55.2649863, 25.2096314], [55.2649981, 25.2095884], [55.2650255, 25.2095518], [55.2655312, 25.2092306], [55.2658267, 25.2090429]]}, "properties": {"class": "residential"}}, {"type": "Feature", "geometry": {"type": "LineString", "coordinates": [[55.2517728, 25.2025915], [55.2517882, 25.2025552], [55.2518155, 25.2025253], [55.2518519, 25.2025047], [55.2522702, 25.2022696], [55.2533064, 25.201659]]}, "properties": {"class": "residential"}}, {"type": "Feature", "geometry": {"type": "LineString", "coordinates": [[55.2513277, 25.1970575], [55.2512913, 25.1971045], [55.2512742, 25.1971599], [55.2512784, 25.1972172], [55.2513034, 25.19727], [55.2516292, 25.1977288], [55.2521104, 25.1984242]]}, "properties": {"class": "residential"}}, {"type": "Feature", "geometry": {"type": "LineString", "coordinates": [[55.2582826, 25.201813], [55.2582706, 25.2018552], [55.2582452, 25.2018922], [55.2582087, 25.2019207], [55.2575803, 25.2022803], [55.2574291, 25.2023668], [55.2565262, 25.2028801], [55.2562423, 25.2030472], [55.2557231, 25.2033528], [55.2556966, 25.2033646], [55.2556683, 25.2033717], [55.2556389, 25.2033739]]}, "properties": {"class": "residential"}}, {"type": "Feature", "geometry": {"type": "LineString", "coordinates": [[55.2489917, 25.1984406], [55.2489843, 25.1984842], [55.2489863, 25.1985282], [55.2489975, 25.198571], [55.2490175, 25.1986112], [55.2492332, 25.1989187], [55.2492969, 25.1990084], [55.2495151, 25.1993127], [55.2495588, 25.1993749], [55.2496569, 25.1995167], [55.2500054, 25.2000202], [55.25015, 25.2002255], [55.2505042, 25.2007286], [55.2508672, 25.2012441], [55.2508795, 25.2012616], [55.25137, 25.2019582]]}, "properties": {"class": "residential"}}, {"type": "Feature", "geometry": {"type": "LineString", "coordinates": [[55.2558108, 25.2004564], [55.2557951, 25.2004855], [55.2557732, 25.2005105], [55.2557458, 25.2005307], [55.2554172, 25.2007222], [55.2547422, 25.2011155]]}, "properties": {"class": "residential"}}, {"type": "Feature", "geometry": {"type": "LineString", "coordinates": [[55.2544141, 25.2043216], [55.2543908, 25.2043617], [55.2543581, 25.2043923], [55.2541215, 25.204518], [55.2539208, 25.2046246], [55.2533619, 25.2049554]]}, "properties": {"class": "residential"}}, {"type": "Feature", "geometry": {"type": "LineString", "coordinates": [[55.2542567, 25.1955313], [55.2542239, 25.1954989], [55.2541821, 25.1954767], [55.2541348, 25.1954667], [55.2540864, 25.1954698], [55.2540412, 25.1954858], [55.2536104, 25.1957335], [55.2529924, 25.1960884], [55.2527856, 25.1962071], [55.2513277, 25.1970575]]}, "properties": {"class": "residential"}}, {"type": "Feature", "geometry": {"type": "LineString", "coordinates": [[55.2621048, 25.2032188], [55.2619683, 25.2032939], [55.2613733, 25.2035945], [55.2613096, 25.2036331], [55.2612512, 25.203673]]}, "properties": {"class": "residential"}}, {"type": "Feature", "geometry": {"type": "LineString", "coordinates": [[55.2556389, 25.2033739], [55.2556068, 25.2033668], [55.2555781, 25.2033521], [55.255555, 25.2033308], [55.2551933, 25.2028158], [55.2547032, 25.2021255]]}, "properties": {"class": "residential"}}, {"type": "Feature", "geometry": {"type": "LineString", "coordinates": [[55.2630291, 25.2027037], [55.2629919, 25.2027202], [55.2626534, 25.2028832], [55.2625018, 25.2029675], [55.2623941, 25.2030364], [55.2623488, 25.2030653], [55.2622164, 25.2031505], [55.2621048, 25.2032188]]}, "properties": {"class": "residential"}}, {"type": "Feature", "geometry": {"type": "LineString", "coordinates": [[55.26338, 25.2025279], [55.2633583, 25.2026097], [55.2633532, 25.2026344], [55.2633543, 25.2026595], [55.2633628, 25.2026862], [55.2633796, 25.2027218], [55.2634214, 25.2027886], [55.2634614, 25.2028545], [55.2634966, 25.2029253], [55.2638975, 25.2035905], [55.2640231, 25.203783], [55.2645345, 25.2045668], [55.2647142, 25.2048424]]}, "properties": {"class": "residential"}}, {"type": "Feature", "geometry": {"type": "LineString", "coordinates": [[55.2476559, 25.1963886], [55.2476256, 25.196426], [55.2476076, 25.1964695], [55.2476034, 25.1965157], [55.2476132, 25.1965613], [55.2476363, 25.1966027], [55.247952, 25.1970425], [55.24797, 25.1970676], [55.2482895, 25.197529]]}, "properties": {"class": "residential"}}, {"type": "Feature", "geometry": {"type": "LineString", "coordinates": [[55.25109, 25.194426], [55.2504262, 25.1947862], [55.2493684, 25.1953998], [55.2489906, 25.195619], [55.2482962, 25.1960194], [55.2476559, 25.1963886]]}, "properties": {"class": "residential"}}, {"type": "Feature", "geometry": {"type": "LineString", "coordinates": [[55.2442194, 25.1762928], [55.2449704, 25.1771069], [55.2450563, 25.1772], [55.2458731, 25.1780763], [55.2459219, 25.1781292], [55.2463325, 25.1785742], [55.2467929, 25.1790744], [55.2472366, 25.1795723], [55.2473588, 25.1797118], [55.2475001, 25.1798732]]}, "properties": {"class": "residential"}}, {"type": "Feature", "geometry": {"type": "LineString", "coordinates": [[55.2588049, 25.2261903], [55.2582728, 25.2265137]]}, "properties": {"class": "residential"}}, {"type": "Feature", "geometry": {"type": "LineString", "coordinates": [[55.2567508, 25.2233152], [55.256696, 25.2233065], [55.2566407, 25.2233008], [55.2565993, 25.2232985], [55.2565569, 25.2232986]]}, "properties": {"class": "residential"}}, {"type": "Feature", "geometry": {"type": "LineString", "coordinates": [[55.2565569, 25.2232986], [55.2565736, 25.2232534], [55.2565844, 25.2232078], [55.2565901, 25.2231613], [55.2565907, 25.2231147]]}, "properties": {"class": "residential"}}, {"type": "Feature", "geometry": {"type": "LineString", "coordinates": [[55.2531974, 25.2186914], [55.2531475, 25.2186758], [55.253096, 25.2186652], [55.2530435, 25.2186598], [55.2529907, 25.2186597]]}, "properties": {"class": "residential"}}, {"type": "Feature", "geometry": {"type": "LineString", "coordinates": [[55.2529907, 25.2186597], [55.2530098, 25.2186104], [55.2530233, 25.2185617], [55.2530309, 25.218512], [55.2530326, 25.2184618]]}, "properties": {"class": "residential"}}, {"type": "Feature", "geometry": {"type": "LineString", "coordinates": [[55.2518801, 25.2172075], [55.2518995, 25.2171699], [55.2519147, 25.2171308], [55.2519255, 25.2170904], [55.2519317, 25.2170495]]}, "properties": {"class": "residential"}}, {"type": "Feature", "geometry": {"type": "LineString", "coordinates": [[55.2520799, 25.2172411], [55.2520299, 25.2172223], [55.2519814, 25.2172084], [55.2519309, 25.2172034], [55.2518801, 25.2172075]]}, "properties": {"class": "residential"}}, {"type": "Feature", "geometry": {"type": "LineString", "coordinates": [[55.2507228, 25.2158157], [55.2507584, 25.2157743], [55.250788, 25.2157154], [55.2508002, 25.2156516], [55.2507943, 25.2155871]]}, "properties": {"class": "residential"}}, {"type": "Feature", "geometry": {"type": "LineString", "coordinates": [[55.2509727, 25.2158125], [55.2509089, 25.2157926], [55.2508416, 25.2157873], [55.2507749, 25.2157968], [55.2507228, 25.2158157]]}, "properties": {"class": "residential"}}, {"type": "Feature", "geometry": {"type": "LineString", "coordinates": [[55.248918, 25.2133732], [55.248943, 25.2133276], [55.2489616, 25.2132798], [55.2489736, 25.2132302], [55.2489726, 25.2131835]]}, "properties": {"class": "residential"}}, {"type": "Feature", "geometry": {"type": "LineString", "coordinates": [[55.2491185, 25.2133775], [55.2490677, 25.2133731], [55.2490179, 25.2133706], [55.2489679, 25.2133707], [55.248918, 25.2133732]]}, "properties": {"class": "residential"}}, {"type": "Feature", "geometry": {"type": "LineString", "coordinates": [[55.2451127, 25.206379], [55.2451396, 25.2064029], [55.2451783, 25.2064213], [55.2452157, 25.2064258], [55.2452586, 25.2064196], [55.2452969, 25.206401], [55.2458214, 25.20607], [55.246438, 25.2056857], [55.2465439, 25.2056197]]}, "properties": {"class": "residential"}}, {"type": "Feature", "geometry": {"type": "LineString", "coordinates": [[55.256352, 25.2122924], [55.2576296, 25.2142197]]}, "properties": {"class": "residential"}}, {"type": "Feature", "geometry": {"type": "LineString", "coordinates": [[55.249357, 25.2022728], [55.2494033, 25.2023098], [55.2494488, 25.2023581], [55.2497675, 25.2028087], [55.2505577, 25.2039408], [55.2507466, 25.2042115], [55.2509474, 25.2044992], [55.2512316, 25.2049063], [55.2519473, 25.2059119], [55.2520855, 25.2061116], [55.2524914, 25.2066994], [55.2525103, 25.2067363], [55.2525138, 25.2067768], [55.2525015, 25.206816], [55.2524736, 25.2068499], [55.252434, 25.2068724], [55.2518722, 25.2071353], [55.2515273, 25.2073059], [55.2513998, 25.207369], [55.2513395, 25.2073988]]}, "properties": {"class": "residential"}}, {"type": "Feature", "geometry": {"type": "LineString", "coordinates": [[55.2537648, 25.208489], [55.2537158, 25.2084624], [55.2536604, 25.2084497], [55.2536033, 25.2084518], [55.2535493, 25.2084686], [55.2529745, 25.208732], [55.2527406, 25.2088405], [55.2524809, 25.2089609], [55.2517401, 25.2093078]]}, "properties": {"class": "residential"}}, {"type": "Feature", "geometry": {"type": "LineString", "coordinates": [[55.2445801, 25.2015537], [55.2445824, 25.2015855], [55.2445918, 25.2016161], [55.244608, 25.2016443], [55.2449749, 25.2021297], [55.2454128, 25.2027108], [55.245863, 25.2033], [55.2459215, 25.2033766]]}, "properties": {"class": "residential"}}, {"type": "Feature", "geometry": {"type": "LineString", "coordinates": [[55.2492654, 25.2075192], [55.2492395, 25.207455], [55.2488739, 25.2069744], [55.2484319, 25.2063749], [55.2479912, 25.2057868], [55.2479359, 25.2057129]]}, "properties": {"class": "residential"}}, {"type": "Feature", "geometry": {"type": "LineString", "coordinates": [[55.2474762, 25.1997293], [55.247437, 25.1997261], [55.2473964, 25.1997306], [55.2473578, 25.199743], [55.2463839, 25.2003614], [55.245983, 25.2006161], [55.2455656, 25.200878], [55.2446469, 25.2014551], [55.2446159, 25.2014821], [55.2445927, 25.2015149], [55.2445801, 25.2015537]]}, "properties": {"class": "residential"}}, {"type": "Feature", "geometry": {"type": "LineString", "coordinates": [[55.2639191, 25.2241142], [55.2639214, 25.2240783], [55.2639162, 25.2240428], [55.2639037, 25.2240087], [55.2635717, 25.2235513], [55.263385, 25.2233157], [55.2633508, 25.2232745], [55.2627895, 25.2225993], [55.2627654, 25.2225697]]}, "properties": {"class": "residential"}}, {"type": "Feature", "geometry": {"type": "LineString", "coordinates": [[55.260503, 25.2153982], [55.2605446, 25.2153993], [55.2605802, 25.2153936], [55.260614, 25.2153818], [55.2610304, 25.2151604], [55.2611114, 25.2151188], [55.2617776, 25.2147482], [55.2619913, 25.2146304], [55.2623293, 25.2144443], [55.2630312, 25.2140578]]}, "properties": {"class": "residential"}}, {"type": "Feature", "geometry": {"type": "LineString", "coordinates": [[55.2611547, 25.2116155], [55.2611165, 25.2116208], [55.2610743, 25.2116357], [55.2606272, 25.2118736], [55.2600842, 25.2121735], [55.2593307, 25.2125831], [55.2587913, 25.2128755]]}, "properties": {"class": "residential"}}, {"type": "Feature", "geometry": {"type": "LineString", "coordinates": [[55.2463057, 25.1765088], [55.2495371, 25.1800493], [55.2519249, 25.1826114], [55.2530324, 25.183759]]}, "properties": {"class": "motorway"}}, {"type": "Feature", "geometry": {"type": "LineString", "coordinates": [[55.2619954, 25.1935026], [55.2642174, 25.1959218]]}, "properties": {"class": "motorway"}}, {"type": "Feature", "geometry": {"type": "LineString", "coordinates": [[55.2663357, 25.1983425], [55.2664334, 25.1984649], [55.2666209, 25.1987151], [55.2672616, 25.1995704], [55.2678956, 25.200438], [55.2685415, 25.2013593], [55.2739285, 25.20921], [55.2741322, 25.2094914]]}, "properties": {"class": "motorway"}}, {"type": "Feature", "geometry": {"type": "LineString", "coordinates": [[55.2741322, 25.2094914], [55.2749062, 25.2105899], [55.2761819, 25.2124402]]}, "properties": {"class": "motorway"}}, {"type": "Feature", "geometry": {"type": "LineString", "coordinates": [[55.2774208, 25.214284], [55.2786594, 25.216115], [55.279721, 25.2176638]]}, "properties": {"class": "motorway"}}, {"type": "Feature", "geometry": {"type": "LineString", "coordinates": [[55.2761819, 25.2124402], [55.2774208, 25.214284]]}, "properties": {"class": "motorway"}}, {"type": "Feature", "geometry": {"type": "LineString", "coordinates": [[55.279721, 25.2176638], [55.2802328, 25.2184176]]}, "properties": {"class": "motorway"}}, {"type": "Feature", "geometry": {"type": "LineString", "coordinates": [[55.2802328, 25.2184176], [55.2818635, 25.2208279]]}, "properties": {"class": "motorway"}}, {"type": "Feature", "geometry": {"type": "LineString", "coordinates": [[55.2818635, 25.2208279], [55.2826045, 25.2218448], [55.2845751, 25.2247343], [55.2846872, 25.2248987]]}, "properties": {"class": "motorway"}}, {"type": "Feature", "geometry": {"type": "LineString", "coordinates": [[55.2846872, 25.2248987], [55.2847769, 25.2250586], [55.2848662, 25.2252177], [55.2849575, 25.2253758], [55.2850543, 25.2255313], [55.2851566, 25.2256839], [55.2855543, 25.2262574], [55.2856025, 25.2263606], [55.2856565, 25.2264615], [55.2857163, 25.2265596], [55.2857816, 25.2266548], [55.2862426, 25.2273206], [55.2863554, 25.2274662], [55.2864724, 25.2276092], [55.2865936, 25.2277492], [55.2867188, 25.2278864], [55.286845, 25.2280131], [55.2869766, 25.2281353], [55.2871135, 25.2282527], [55.2872553, 25.2283652], [55.2874019, 25.2284725], [55.287553, 25.2285746], [55.2877085, 25.2286712], [55.287868, 25.2287622], [55.2880313, 25.2288474], [55.2882222, 25.2289417], [55.2884128, 25.2290298]]}, "properties": {"class": "motorway"}}, {"type": "Feature", "geometry": {"type": "LineString", "coordinates": [[55.2588049, 25.2261903], [55.2588215, 25.2261246], [55.258824, 25.2260572], [55.2588124, 25.2259907]]}, "properties": {"class": "residential"}}, {"type": "Feature", "geometry": {"type": "LineString", "coordinates": [[55.2596046, 25.2264286], [55.2604825, 25.2258634], [55.2612849, 25.2253228], [55.2619573, 25.2248589]]}, "properties": {"class": "residential"}}, {"type": "Feature", "geometry": {"type": "LineString", "coordinates": [[55.2596046, 25.2264286], [55.2595666, 25.2264735], [55.2595382, 25.2265169], [55.2595177, 25.2265638], [55.2595058, 25.226613], [55.2595219, 25.2266518]]}, "properties": {"class": "residential"}}, {"type": "Feature", "geometry": {"type": "LineString", "coordinates": [[55.2526449, 25.2174182], [55.2526129, 25.2174709], [55.2525923, 25.2175233], [55.2525807, 25.2175799], [55.2525797, 25.2176375]]}, "properties": {"class": "residential"}}, {"type": "Feature", "geometry": {"type": "LineString", "coordinates": [[55.2524141, 25.2174206], [55.2524672, 25.217431], [55.2525268, 25.2174322], [55.2525808, 25.2174291], [55.2526449, 25.2174182]]}, "properties": {"class": "residential"}}, {"type": "Feature", "geometry": {"type": "LineString", "coordinates": [[55.2490586, 25.2126613], [55.2493249, 25.2125005], [55.2494308, 25.2124314], [55.2499658, 25.2120985]]}, "properties": {"class": "residential"}}, {"type": "Feature", "geometry": {"type": "LineString", "coordinates": [[55.2490586, 25.2126613], [55.2490067, 25.2127112], [55.2489872, 25.2127406], [55.2489755, 25.2127668], [55.2489674, 25.2127942], [55.248963, 25.2128222], [55.2489549, 25.2129005]]}, "properties": {"class": "residential"}}, {"type": "Feature", "geometry": {"type": "LineString", "coordinates": [[55.2451308, 25.2074779], [55.2456776, 25.2071329], [55.247052, 25.2062693], [55.2479359, 25.2057129], [55.2485855, 25.2053057], [55.2486489, 25.2052659]]}, "properties": {"class": "residential"}}, {"type": "Feature", "geometry": {"type": "LineString", "coordinates": [[55.2609817, 25.229108], [55.261, 25.2290621], [55.2610116, 25.2290145], [55.2610163, 25.2289659], [55.2610139, 25.2289172]]}, "properties": {"class": "residential"}}, {"type": "Feature", "geometry": {"type": "LineString", "coordinates": [[55.2612156, 25.2291896], [55.261165, 25.2291539], [55.2611076, 25.2291279], [55.2610458, 25.2291123], [55.2609817, 25.229108]]}, "properties": {"class": "residential"}}, {"type": "Feature", "geometry": {"type": "LineString", "coordinates": [[55.2666945, 25.227175], [55.2665961, 25.2272019], [55.2664976, 25.2272282], [55.2663988, 25.2272539]]}, "properties": {"class": "residential"}}, {"type": "Feature", "geometry": {"type": "LineString", "coordinates": [[55.2663988, 25.2272539], [55.2665263, 25.2271782], [55.2665519, 25.2271601], [55.2665726, 25.2271375], [55.2665876, 25.2271114], [55.2665918, 25.2270976], [55.2665961, 25.2270831], [55.2666085, 25.2270083]]}, "properties": {"class": "residential"}}, {"type": "Feature", "geometry": {"type": "LineString", "coordinates": [[55.2512318, 25.2155457], [55.2513145, 25.2154798], [55.2518174, 25.2150661], [55.2519692, 25.2149435], [55.2522239, 25.2147347], [55.252647, 25.2143938], [55.2528204, 25.2142672], [55.2528963, 25.2142147], [55.2529754, 25.2141662], [55.2530574, 25.2141217], [55.2531405, 25.214082], [55.2534474, 25.2139331], [55.2541453, 25.2135965], [55.2548363, 25.2132475]]}, "properties": {"class": "residential"}}, {"type": "Feature", "geometry": {"type": "LineString", "coordinates": [[55.2512318, 25.2155457], [55.2511863, 25.2156025], [55.2511682, 25.2156343], [55.251153, 25.2156757], [55.2511449, 25.2157187], [55.2511466, 25.2157606]]}, "properties": {"class": "residential"}}, {"type": "Feature", "geometry": {"type": "LineString", "coordinates": [[55.2590961, 25.215013], [55.2589702, 25.2150653], [55.2589443, 25.2150754], [55.2589166, 25.2150842], [55.2588716, 25.2150941]]}, "properties": {"class": "residential"}}, {"type": "Feature", "geometry": {"type": "LineString", "coordinates": [[55.2588716, 25.2150941], [55.2589404, 25.215028], [55.258957, 25.2150052], [55.2589698, 25.2149804], [55.2589785, 25.2149542], [55.258983, 25.2149271], [55.2589894, 25.2148554]]}, "properties": {"class": "residential"}}, {"type": "Feature", "geometry": {"type": "LineString", "coordinates": [[55.2581714, 25.2139071], [55.2576296, 25.2142197], [55.2568725, 25.2146561]]}, "properties": {"class": "residential"}}, {"type": "Feature", "geometry": {"type": "LineString", "coordinates": [[55.2581714, 25.2139071], [55.2582036, 25.2138718], [55.2582296, 25.2138324], [55.2582488, 25.2137901], [55.2582608, 25.2137455]]}, "properties": {"class": "residential"}}, {"type": "Feature", "geometry": {"type": "LineString", "coordinates": [[55.2493141, 25.2012376], [55.2488743, 25.2015066], [55.2471975, 25.2025631], [55.2469665, 25.2027078], [55.2467949, 25.2028153], [55.2459215, 25.2033766], [55.2452592, 25.2037895], [55.2451955, 25.2038292]]}, "properties": {"class": "residential"}}, {"type": "Feature", "geometry": {"type": "LineString", "coordinates": [[55.2493141, 25.2012376], [55.2494332, 25.2011275], [55.249455, 25.2010978], [55.2494703, 25.2010649], [55.2494785, 25.2010301], [55.2494925, 25.2009623]]}, "properties": {"class": "residential"}}, {"type": "Feature", "geometry": {"type": "LineString", "coordinates": [[55.2478112, 25.1988551], [55.2477499, 25.1988951], [55.2473459, 25.1991591], [55.2472801, 25.1991994], [55.2472297, 25.1992303], [55.2464599, 25.1997124], [55.2456774, 25.2002021], [55.2452626, 25.2004637], [55.2452224, 25.2004917], [55.2451543, 25.2005512], [55.2451034, 25.200605], [55.2450729, 25.2006428], [55.2450492, 25.2006681], [55.2450229, 25.2006911], [55.2449941, 25.2007116], [55.2442041, 25.2012168], [55.2435966, 25.2016053], [55.2435422, 25.2016401]]}, "properties": {"class": "residential"}}, {"type": "Feature", "geometry": {"type": "LineString", "coordinates": [[55.2478112, 25.1988551], [55.2478435, 25.1988067], [55.2478686, 25.1987549], [55.2478861, 25.1987006], [55.2478958, 25.1986448]]}, "properties": {"class": "residential"}}, {"type": "Feature", "geometry": {"type": "LineString", "coordinates": [[55.2465199, 25.1970237], [55.246498, 25.1970364], [55.246032, 25.1973045], [55.246008, 25.1973181], [55.2459782, 25.1973351], [55.2456229, 25.1975412], [55.2451355, 25.1978239], [55.2444251, 25.1982382], [55.2437557, 25.1986189]]}, "properties": {"class": "residential"}}, {"type": "Feature", "geometry": {"type": "LineString", "coordinates": [[55.2465199, 25.1970237], [55.2465566, 25.196977], [55.2465829, 25.1969248], [55.2465978, 25.196869], [55.2466008, 25.1968117]]}, "properties": {"class": "residential"}}, {"type": "Feature", "geometry": {"type": "LineString", "coordinates": [[55.2648487, 25.2244512], [55.2647758, 25.2244982], [55.2645321, 25.2246519], [55.2635231, 25.2253048], [55.2629369, 25.2256779], [55.2627352, 25.2258041], [55.2620941, 25.2262165], [55.261771, 25.2264278]]}, "properties": {"class": "tertiary"}}, {"type": "Feature", "geometry": {"type": "LineString", "coordinates": [[55.2648487, 25.2244512], [55.2648981, 25.2244028], [55.2649363, 25.2243743], [55.2650063, 25.2243242], [55.2650315, 25.2243003], [55.265052, 25.2242729], [55.265067, 25.2242428], [55.2650763, 25.2242109], [55.2650794, 25.224178], [55.2650861, 25.2241138]]}, "properties": {"class": "tertiary"}}, {"type": "Feature", "geometry": {"type": "LineString", "coordinates": [[55.2641843, 25.2225181], [55.264289, 25.2224755], [55.2643235, 25.2224615], [55.2643457, 25.2224532], [55.2643685, 25.2224462], [55.2643925, 25.2224414]]}, "properties": {"class": "tertiary"}}, {"type": "Feature", "geometry": {"type": "LineString", "coordinates": [[55.2643925, 25.2224414], [55.2643507, 25.2224849], [55.2643201, 25.2225353], [55.264302, 25.2225905], [55.2642973, 25.222648], [55.2643063, 25.222705]]}, "properties": {"class": "tertiary"}}, {"type": "Feature", "geometry": {"type": "LineString", "coordinates": [[55.2605171, 25.2163501], [55.2603799, 25.216455], [55.2603518, 25.216489], [55.2603336, 25.2165281], [55.2603261, 25.2165699], [55.2603244, 25.2166426]]}, "properties": {"class": "residential"}}, {"type": "Feature", "geometry": {"type": "LineString", "coordinates": [[55.260213, 25.2164736], [55.2603583, 25.2164102], [55.2605171, 25.2163501]]}, "properties": {"class": "residential"}}, {"type": "Feature", "geometry": {"type": "LineString", "coordinates": [[55.2507294, 25.2025161], [55.2510786, 25.2030106], [55.2513834, 25.2034298], [55.2516409, 25.2038145], [55.2517027, 25.2039036], [55.2520408, 25.2043946], [55.2522465, 25.2046864], [55.2522803, 25.2047355], [55.252472, 25.2050138], [55.2528591, 25.205576], [55.2530132, 25.2057998]]}, "properties": {"class": "primary"}}, {"type": "Feature", "geometry": {"type": "LineString", "coordinates": [[55.2506122, 25.2023453], [55.2507037, 25.2023052], [55.2507271, 25.2022947], [55.2507512, 25.2022856], [55.2507759, 25.202278], [55.2508405, 25.2022633]]}, "properties": {"class": "residential"}}, {"type": "Feature", "geometry": {"type": "LineString", "coordinates": [[55.2508405, 25.2022633], [55.2511143, 25.2021066], [55.25137, 25.2019582], [55.2518189, 25.2016945], [55.2519541, 25.2016185], [55.252326, 25.2014022], [55.2528957, 25.2010709]]}, "properties": {"class": "residential"}}, {"type": "Feature", "geometry": {"type": "LineString", "coordinates": [[55.2508405, 25.2022633], [55.2507853, 25.2023136], [55.2507591, 25.2023448], [55.2507396, 25.2023798], [55.2507275, 25.2024174], [55.2507233, 25.2024564], [55.2507294, 25.2025161]]}, "properties": {"class": "residential"}}, {"type": "Feature", "geometry": {"type": "LineString", "coordinates": [[55.2462828, 25.1960756], [55.2463761, 25.1960968], [55.2464128, 25.1960993], [55.2464496, 25.1960984], [55.2464861, 25.1960941], [55.2465219, 25.1960865], [55.2465467, 25.1960732], [55.2466508, 25.1960174], [55.2468974, 25.1958814], [55.2469341, 25.1958608], [55.2469738, 25.1958455], [55.2470156, 25.1958356]]}, "properties": {"class": "residential"}}, {"type": "Feature", "geometry": {"type": "LineString", "coordinates": [[55.2462828, 25.1960756], [55.2464731, 25.1963627], [55.2467707, 25.1968107], [55.2470765, 25.1972449]]}, "properties": {"class": "primary"}}, {"type": "Feature", "geometry": {"type": "LineString", "coordinates": [[55.2470156, 25.1958356], [55.2470478, 25.1958173]]}, "properties": {"class": "residential"}}, {"type": "Feature", "geometry": {"type": "LineString", "coordinates": [[55.2470156, 25.1958356], [55.2469912, 25.1958654], [55.2469627, 25.1958921], [55.2469306, 25.1959151], [55.2465805, 25.1961146], [55.2465509, 25.1961331], [55.2465234, 25.1961594], [55.2465027, 25.1961904], [55.2464897, 25.1962247], [55.246485, 25.1962607], [55.2464757, 25.1963135], [55.2464731, 25.1963627]]}, "properties": {"class": "residential"}}, {"type": "Feature", "geometry": {"type": "LineString", "coordinates": [[55.2497113, 25.2014153], [55.2496968, 25.2013901], [55.2496886, 25.2013626], [55.249687, 25.2013343], [55.249689, 25.2012447]]}, "properties": {"class": "residential"}}, {"type": "Feature", "geometry": {"type": "LineString", "coordinates": [[55.2864117, 25.1828294], [55.2865268, 25.182967], [55.2866375, 25.1831075], [55.2867421, 25.1832519], [55.2868419, 25.1833771], [55.2884318, 25.1854321], [55.2901533, 25.1876145], [55.2905244, 25.1881303], [55.2926005, 25.1907884]]}, "properties": {"class": "motorway"}}, {"type": "Feature", "geometry": {"type": "LineString", "coordinates": [[55.2914062, 25.1896576], [55.2897066, 25.1874656], [55.2871092, 25.1841155], [55.2864187, 25.183214], [55.2862187, 25.1829637], [55.2860468, 25.1827612], [55.2858641, 25.1825665], [55.2856711, 25.1823802], [55.2854682, 25.1822027], [55.2852559, 25.1820345], [55.2850242, 25.1818631], [55.2847829, 25.181703], [55.2845335, 25.1815533], [55.2842766, 25.1814144], [55.2840128, 25.1812867], [55.2837425, 25.1811704], [55.2834665, 25.1810657], [55.2831854, 25.1809729], [55.2819802, 25.180618], [55.2816802, 25.1805235], [55.2813841, 25.1804195], [55.2810923, 25.1803061], [55.2808052, 25.1801833], [55.280523, 25.1800514], [55.2802489, 25.1799101]]}, "properties": {"class": "motorway"}}, {"type": "Feature", "geometry": {"type": "LineString", "coordinates": [[55.2603313, 25.1895635], [55.2602811, 25.1895056], [55.2602075, 25.1894311], [55.26013, 25.1893599], [55.2600488, 25.1892921], [55.2599642, 25.1892279], [55.2598763, 25.1891674], [55.259703, 25.1890566], [55.2594464, 25.1889193], [55.2583102, 25.1883758]]}, "properties": {"class": "tertiary"}}, {"type": "Feature", "geometry": {"type": "LineString", "coordinates": [[55.2615282, 25.1888787], [55.2617556, 25.1887049], [55.2618684, 25.1886178]]}, "properties": {"class": "secondary"}}, {"type": "Feature", "geometry": {"type": "LineString", "coordinates": [[55.2620235, 25.1887979], [55.2618422, 25.1889366], [55.2616878, 25.1890543]]}, "properties": {"class": "secondary"}}, {"type": "Feature", "geometry": {"type": "LineString", "coordinates": [[55.2620235, 25.1887979], [55.2620966, 25.188882]]}, "properties": {"class": "tertiary"}}, {"type": "Feature", "geometry": {"type": "LineString", "coordinates": [[55.2618684, 25.1886178], [55.2619549, 25.1887183], [55.2620235, 25.1887979]]}, "properties": {"class": "tertiary"}}, {"type": "Feature", "geometry": {"type": "LineString", "coordinates": [[55.2616878, 25.1890543], [55.2616047, 25.1889629], [55.2615282, 25.1888787]]}, "properties": {"class": "tertiary"}}, {"type": "Feature", "geometry": {"type": "LineString", "coordinates": [[55.2637319, 25.1872082], [55.2638649, 25.1871049]]}, "properties": {"class": "secondary"}}, {"type": "Feature", "geometry": {"type": "LineString", "coordinates": [[55.2638649, 25.1871049], [55.264011, 25.1872508]]}, "properties": {"class": "tertiary"}}, {"type": "Feature", "geometry": {"type": "LineString", "coordinates": [[55.264011, 25.1872508], [55.2638697, 25.1873582]]}, "properties": {"class": "secondary"}}, {"type": "Feature", "geometry": {"type": "LineString", "coordinates": [[55.2638697, 25.1873582], [55.2637319, 25.1872082]]}, "properties": {"class": "tertiary"}}, {"type": "Feature", "geometry": {"type": "LineString", "coordinates": [[55.2692403, 25.1905758], [55.2693062, 25.1906296], [55.2693778, 25.1906881]]}, "properties": {"class": "tertiary"}}, {"type": "Feature", "geometry": {"type": "LineString", "coordinates": [[55.2691616, 25.1906522], [55.2692403, 25.1905758]]}, "properties": {"class": "tertiary"}}, {"type": "Feature", "geometry": {"type": "LineString", "coordinates": [[55.2691616, 25.1906522], [55.2690758, 25.1905732], [55.2689599, 25.1904806], [55.2688499, 25.1903984]]}, "properties": {"class": "tertiary"}}, {"type": "Feature", "geometry": {"type": "LineString", "coordinates": [[55.2887681, 25.187745], [55.2886521, 25.1876885], [55.2885393, 25.1876273], [55.2884297, 25.1875612], [55.2883237, 25.1874906], [55.2879028, 25.1872161], [55.2877823, 25.1871361], [55.2877592, 25.1871208], [55.2875855, 25.1870028], [55.2874786, 25.1869225], [55.287386, 25.1868484], [55.2872954, 25.1867723], [55.2872071, 25.1866941], [55.2870645, 25.1865561], [55.2869283, 25.1864129], [55.2867988, 25.1862647], [55.2866761, 25.1861119], [55.2865605, 25.1859546], [55.28642, 25.1857368], [55.2863092, 25.1855533], [55.2861798, 25.1853242], [55.2860726, 25.1851395], [55.285957, 25.184959], [55.2858819, 25.1848545], [55.2858331, 25.1847831], [55.2857012, 25.184612], [55.2855616, 25.184446], [55.2854144, 25.1842855], [55.2853401, 25.1842098], [55.2852599, 25.1841307], [55.2846513, 25.1835344]]}, "properties": {"class": "tertiary"}}, {"type": "Feature", "geometry": {"type": "LineString", "coordinates": [[55.2888301, 25.1875718], [55.2889248, 25.187668], [55.2890154, 25.1877674], [55.2891016, 25.1878699], [55.2891834, 25.1879754], [55.2892605, 25.1880837], [55.289333, 25.1881946], [55.2894006, 25.188308], [55.2894633, 25.1884237], [55.289521, 25.1885415]]}, "properties": {"class": "tertiary"}}, {"type": "Feature", "geometry": {"type": "LineString", "coordinates": [[55.2879918, 25.1871626], [55.2878734, 25.1870919], [55.2877587, 25.1870165], [55.2876479, 25.1869363], [55.2875231, 25.1868411], [55.2874025, 25.1867415], [55.2872863, 25.1866377], [55.2871747, 25.1865299], [55.2870678, 25.1864183], [55.2869658, 25.1863029], [55.2868235, 25.1861324], [55.286748, 25.186042], [55.2867093, 25.1859931]]}, "properties": {"class": "tertiary"}}, {"type": "Feature", "geometry": {"type": "LineString", "coordinates": [[55.2761744, 25.1896169], [55.2761222, 25.1896913], [55.2760625, 25.1897859], [55.2760063, 25.1898821], [55.2759536, 25.18998], [55.2759045, 25.1900794], [55.275859, 25.1901802], [55.2757541, 25.190438], [55.2757332, 25.1904939], [55.2757155, 25.1905506], [55.2757011, 25.1906081], [55.2756901, 25.1906662], [55.2756887, 25.1907037], [55.2756931, 25.1907438], [55.2757094, 25.1907875]]}, "properties": {"class": "tertiary"}}, {"type": "Feature", "geometry": {"type": "LineString", "coordinates": [[55.2761929, 25.1893905], [55.2762315, 25.1893564], [55.2762669, 25.1893208], [55.2763006, 25.1892814], [55.2767239, 25.1887939], [55.2767712, 25.1887423], [55.2770055, 25.1884739], [55.2770401, 25.1884298], [55.277067, 25.1883859], [55.2770885, 25.1883395], [55.2771051, 25.1882909]]}, "properties": {"class": "tertiary"}}, {"type": "Feature", "geometry": {"type": "LineString", "coordinates": [[55.2763136, 25.1894721], [55.2763188, 25.1895048], [55.2763112, 25.1895431], [55.2762899, 25.1895769], [55.2762572, 25.1896022], [55.2762172, 25.189616], [55.2761744, 25.1896169], [55.2761395, 25.1896074], [55.2761091, 25.1895892], [55.2760843, 25.1895667], [55.2760749, 25.1895435], [55.2760686, 25.1895217], [55.2760679, 25.1894922], [55.2760756, 25.1894634], [55.2760912, 25.1894374], [55.2761137, 25.1894159], [55.2761415, 25.1894004], [55.2761666, 25.189393], [55.2761929, 25.1893905], [55.2762338, 25.1893966], [55.2762703, 25.1894145], [55.2762984, 25.1894422], [55.2763136, 25.1894721]]}, "properties": {"class": "tertiary"}}, {"type": "Feature", "geometry": {"type": "LineString", "coordinates": [[55.2760686, 25.1895217], [55.2760514, 25.1894853], [55.276028, 25.1894518], [55.2759989, 25.1894222], [55.2759649, 25.1893971], [55.2757904, 25.1892782], [55.2757548, 25.189251], [55.2757212, 25.1892217], [55.2756964, 25.1891975], [55.275655, 25.1891604], [55.2755562, 25.1890584], [55.2755177, 25.189025], [55.2754737, 25.1889976], [55.2754253, 25.1889773], [55.2753738, 25.1889644], [55.2753207, 25.1889594]]}, "properties": {"class": "residential"}}, {"type": "Feature", "geometry": {"type": "LineString", "coordinates": [[55.2753579, 25.1888572], [55.2754118, 25.1888841], [55.275463, 25.188915], [55.2755111, 25.1889498], [55.2755556, 25.1889882], [55.2755964, 25.1890299], [55.2756765, 25.189123], [55.2757177, 25.1891599], [55.2757432, 25.1891831], [55.2757832, 25.1892162], [55.2758254, 25.1892471], [55.2759918, 25.1893553], [55.2760303, 25.1893746], [55.2760636, 25.1893862], [55.2761021, 25.1893954], [55.2761415, 25.1894004]]}, "properties": {"class": "residential"}}, {"type": "Feature", "geometry": {"type": "LineString", "coordinates": [[55.2763188, 25.1895048], [55.2763414, 25.1895343], [55.2763956, 25.1895856], [55.2764258, 25.1896107], [55.2766181, 25.1897188]]}, "properties": {"class": "residential"}}, {"type": "Feature", "geometry": {"type": "LineString", "coordinates": [[55.2766012, 25.1897438], [55.2764094, 25.1896426], [55.2763737, 25.1896267], [55.2762973, 25.1896067], [55.2762572, 25.1896022]]}, "properties": {"class": "residential"}}, {"type": "Feature", "geometry": {"type": "LineString", "coordinates": [[55.2757094, 25.1907875], [55.2758057, 25.1908151], [55.2760839, 25.1909049], [55.2762844, 25.1909807], [55.2764812, 25.191064], [55.2766741, 25.1911545], [55.2768628, 25.1912521], [55.2770468, 25.1913567], [55.2772259, 25.1914681], [55.2774354, 25.1916117], [55.2775314, 25.1916746], [55.2776245, 25.1917532], [55.2777631, 25.1918702], [55.2778548, 25.1919519], [55.2781863, 25.1922862], [55.2783206, 25.1924143], [55.2784684, 25.1925343], [55.2786233, 25.1926469], [55.2787846, 25.1927517], [55.278947, 25.1928411], [55.2791231, 25.192923], [55.2795059, 25.1930887]]}, "properties": {"class": "primary"}}, {"type": "Feature", "geometry": {"type": "LineString", "coordinates": [[55.2755126, 25.1907413], [55.2756157, 25.1907626], [55.2757094, 25.1907875]]}, "properties": {"class": "primary"}}, {"type": "Feature", "geometry": {"type": "LineString", "coordinates": [[55.2755126, 25.1907413], [55.2755498, 25.1907088], [55.2755777, 25.1906758], [55.2755988, 25.1906443], [55.2756737, 25.1904397], [55.2757431, 25.1902512], [55.2758238, 25.1900664], [55.2759152, 25.1898859], [55.2760421, 25.1896508], [55.2760843, 25.1895667]]}, "properties": {"class": "tertiary"}}, {"type": "Feature", "geometry": {"type": "LineString", "coordinates": [[55.2816891, 25.2119298], [55.2815951, 25.2119478], [55.2815723, 25.2119512], [55.2815491, 25.2119505], [55.2815266, 25.2119457], [55.2815055, 25.211937], [55.2814015, 25.211873], [55.2812691, 25.2117915], [55.2807894, 25.2114962], [55.2804106, 25.211263], [55.2803196, 25.2111946], [55.2802756, 25.2111586], [55.2802319, 25.2111228], [55.2801706, 25.2110678], [55.2801478, 25.2110475], [55.2800675, 25.210969], [55.279991, 25.2108873], [55.2799201, 25.2108152], [55.2798466, 25.2107454], [55.2797701, 25.2106782], [55.2797334, 25.2106493], [55.2797001, 25.2106174], [55.2796709, 25.2105822], [55.2796462, 25.2105444], [55.2796259, 25.2105045], [55.2796017, 25.2104426], [55.2795746, 25.2103818], [55.2795448, 25.210322], [55.2794861, 25.2102094], [55.2794038, 25.21003], [55.2793573, 25.2099178], [55.2793152, 25.2098042], [55.2792783, 25.2096891], [55.2792467, 25.2095728], [55.2792205, 25.2094548], [55.2791873, 25.2092054], [55.2791459, 25.2088941], [55.2790642, 25.2082752], [55.2789318, 25.2071406], [55.278906, 25.2068841], [55.2788849, 25.2067116]]}, "properties": {"class": "residential"}}, {"type": "Feature", "geometry": {"type": "LineString", "coordinates": [[55.289335, 25.1886351], [55.2892952, 25.1885395], [55.289275, 25.1885031], [55.2892381, 25.1884171], [55.289205, 25.1883548], [55.2891744, 25.1882974], [55.2891044, 25.1881807], [55.2890282, 25.1880671], [55.288946, 25.187957], [55.288858, 25.1878507], [55.2887681, 25.187745]]}, "properties": {"class": "tertiary"}}, {"type": "Feature", "geometry": {"type": "LineString", "coordinates": [[55.2867093, 25.1859931], [55.2866754, 25.1859457], [55.2866321, 25.1858853], [55.2865562, 25.1857669], [55.2864491, 25.1855944], [55.2863445, 25.1854206], [55.2862422, 25.1852457], [55.2861424, 25.1850697], [55.2860603, 25.1849382], [55.2859724, 25.1848098], [55.2858788, 25.1846848], [55.2857834, 25.1845601]]}, "properties": {"class": "tertiary"}}, {"type": "Feature", "geometry": {"type": "LineString", "coordinates": [[55.2657254, 25.1804423], [55.2655909, 25.1804622], [55.2654544, 25.1804704], [55.2653177, 25.1804637], [55.2651829, 25.1804423], [55.2650519, 25.1804063], [55.2649267, 25.1803564], [55.264809, 25.1802964], [55.2647193, 25.1802366]]}, "properties": {"class": "tertiary"}}, {"type": "Feature", "geometry": {"type": "LineString", "coordinates": [[55.2802117, 25.1934543], [55.2803526, 25.1935401], [55.2806739, 25.1937734], [55.28089, 25.1939376], [55.2810991, 25.1941092], [55.2813007, 25.1942878], [55.2814947, 25.1944734], [55.2816807, 25.1946654], [55.2818564, 25.1948638], [55.2820825, 25.1951563]]}, "properties": {"class": "primary"}}, {"type": "Feature", "geometry": {"type": "LineString", "coordinates": [[55.2801109, 25.193616], [55.2800288, 25.1937429], [55.2799277, 25.1938831], [55.2798977, 25.1939247], [55.2798895, 25.1939361], [55.2796102, 25.1943757], [55.2795816, 25.1944216], [55.279556, 25.1944688], [55.2795334, 25.1945173], [55.2795138, 25.1945669]]}, "properties": {"class": "tertiary"}}, {"type": "Feature", "geometry": {"type": "LineString", "coordinates": [[55.2801109, 25.193616], [55.2800082, 25.1935558], [55.2798641, 25.1934777], [55.279653, 25.1933653], [55.2794345, 25.193254], [55.2792095, 25.1931551], [55.2789881, 25.1930588], [55.2788262, 25.1929771], [55.2786687, 25.1928879], [55.2785158, 25.1927923], [55.2783694, 25.1926887], [55.2782854, 25.1926266], [55.2782054, 25.1925604], [55.2781298, 25.19249], [55.2780589, 25.1924159], [55.27788, 25.1922369], [55.2777008, 25.1920637], [55.2775488, 25.191928], [55.2773908, 25.1918041], [55.2773202, 25.1917471], [55.2771357, 25.1916217], [55.2769939, 25.1915322], [55.2768469, 25.1914459], [55.276695, 25.1913667], [55.2765388, 25.1912894], [55.2764731, 25.1912575], [55.2762456, 25.1911662], [55.2760886, 25.1911052], [55.2759288, 25.1910503], [55.2757667, 25.1910016], [55.2756024, 25.1909592], [55.2754754, 25.1909311], [55.2753475, 25.1909068], [55.2752189, 25.1908862], [55.2749991, 25.1908593], [55.2747877, 25.1908417], [55.2745508, 25.1908326], [55.2742824, 25.1908358], [55.2740992, 25.1908456], [55.2739865, 25.1908554], [55.2737533, 25.1908833], [55.2734896, 25.1909264], [55.2732671, 25.1909758], [55.2730469, 25.1910332], [55.2728296, 25.1910988], [55.2726158, 25.1911732], [55.2725219, 25.1912111], [55.2724627, 25.1912363], [55.2723076, 25.1913067], [55.2721556, 25.1913823], [55.2720068, 25.1914631], [55.2718616, 25.191549], [55.27172, 25.1916397], [55.2714479, 25.1918209], [55.2713438, 25.1919048]]}, "properties": {"class": "primary"}}, {"type": "Feature", "geometry": {"type": "LineString", "coordinates": [[55.2741055, 25.1913637], [55.2740846, 25.1913187], [55.2740675, 25.1912723], [55.2740544, 25.1912249], [55.2740454, 25.1911767], [55.2740205, 25.1909945], [55.2740041, 25.1909189], [55.2739865, 25.1908554]]}, "properties": {"class": "residential"}}, {"type": "Feature", "geometry": {"type": "LineString", "coordinates": [[55.2844027, 25.214555], [55.2843249, 25.2146021], [55.2841424, 25.2147126], [55.2839499, 25.2148292], [55.2832783, 25.2152089], [55.2832566, 25.2152212], [55.2826774, 25.2155573], [55.2826631, 25.2155656], [55.282504, 25.2156515], [55.2823093, 25.2157589], [55.2822638, 25.2157816], [55.2822226, 25.2158102], [55.2821864, 25.2158439], [55.2821561, 25.2158821], [55.2821324, 25.2159239], [55.2821139, 25.2159685]]}, "properties": {"class": "tertiary"}}, {"type": "Feature", "geometry": {"type": "LineString", "coordinates": [[55.2844027, 25.214555], [55.284389, 25.2145366], [55.2843429, 25.2144745]]}, "properties": {"class": "primary"}}, {"type": "Feature", "geometry": {"type": "LineString", "coordinates": [[55.2899422, 25.2221535], [55.2902162, 25.2224517], [55.2903113, 25.2225591], [55.2904013, 25.22267], [55.2905327, 25.2228206], [55.2906592, 25.2229746], [55.2907808, 25.2231318], [55.2908972, 25.2232921], [55.2909995, 25.223431], [55.2911073, 25.2235666], [55.2912204, 25.2236985], [55.2913388, 25.2238266], [55.2914621, 25.2239508]]}, "properties": {"class": "primary"}}, {"type": "Feature", "geometry": {"type": "LineString", "coordinates": [[55.2802489, 25.1799101], [55.2799562, 25.1797618], [55.2797075, 25.1796208], [55.2794246, 25.1794577], [55.2791468, 25.1792876], [55.2788744, 25.1791106], [55.2786076, 25.1789267], [55.2781755, 25.1786368], [55.2776214, 25.1782382], [55.2770743, 25.1778134], [55.2760071, 25.176969], [55.2740746, 25.1754104], [55.2738774, 25.1752588], [55.2736865, 25.1751007], [55.273435, 25.1748757], [55.2730185, 25.1745095], [55.2726078, 25.1741381], [55.2722028, 25.1737614], [55.2718037, 25.1733797], [55.2714258, 25.173008], [55.2710534, 25.1726317], [55.2706866, 25.1722509], [55.270126, 25.1716477], [55.2694334, 25.170898], [55.2687433, 25.1701463], [55.2674653, 25.168765], [55.2662905, 25.1674893], [55.2652726, 25.166369], [55.2646005, 25.1656244], [55.2642788, 25.165268], [55.2640863, 25.1650665], [55.2639007, 25.1648597], [55.2637222, 25.1646478], [55.2635507, 25.1644307], [55.2633866, 25.1642089], [55.2632301, 25.1639826], [55.2631062, 25.1637918], [55.262986, 25.163599], [55.262859, 25.1633863], [55.2627365, 25.1631715], [55.2626185, 25.1629545], [55.2625274, 25.1627758], [55.2624406, 25.1625953], [55.2623583, 25.1624131], [55.2622528, 25.1621661], [55.2621523, 25.1619208], [55.2620457, 25.161624], [55.2619515, 25.1613238], [55.2618698, 25.1610206], [55.2618006, 25.1607148], [55.2616917, 25.1602627], [55.2616507, 25.1600869], [55.2616158, 25.1599101], [55.2615869, 25.1597323], [55.2615641, 25.1595538], [55.2615299, 25.1593133], [55.2614972, 25.159039], [55.2614699, 25.1587641], [55.261448, 25.1584889], [55.2614062, 25.1575212], [55.2613914, 25.156555], [55.2613753, 25.1559626], [55.2613653, 25.1556299], [55.2613512, 25.1552974], [55.2613331, 25.1549695], [55.2613109, 25.1546419], [55.261292, 25.1542061], [55.2612761, 25.1537703], [55.2612573, 25.1530977], [55.2612224, 25.1519396], [55.2611956, 25.1511069], [55.2611554, 25.1498249], [55.2611151, 25.148549], [55.2610782, 25.1474028], [55.2610237, 25.1447589], [55.2610092, 25.1442928], [55.2609944, 25.14384], [55.2609726, 25.1435005], [55.260943, 25.1431043], [55.2609054, 25.1427123], [55.2608469, 25.1421767], [55.2607611, 25.1416134], [55.2606563, 25.1409541], [55.2605599, 25.1404418], [55.2604685, 25.1399695], [55.2602631, 25.1389985], [55.2599679, 25.1378108], [55.2597918, 25.1371815], [55.2595977, 25.1365614], [55.2592922, 25.1357097], [55.2591261, 25.1352396], [55.2589499, 25.1347726], [55.2587252, 25.1342125], [55.2580967, 25.1328532], [55.2577968, 25.132252], [55.257467, 25.1316225], [55.2566221, 25.1301056], [55.2557428, 25.1285945], [55.2555176, 25.1282217], [55.2552652, 25.1278605], [55.2548897, 25.1273159], [55.2545357, 25.1268132], [55.253734, 25.1257138], [55.2534617, 25.1253666], [55.2532958, 25.125153], [55.2531242, 25.1249431], [55.2529148, 25.1246969], [55.2524797, 25.1241893], [55.251067, 25.1226149], [55.249572, 25.1209349], [55.2486268, 25.1198727], [55.2480203, 25.1191337], [55.2451912, 25.1159564], [55.2430598, 25.1135838], [55.2409746, 25.1112184], [55.2375294, 25.1073929], [55.236188, 25.1058714], [55.2353727, 25.1049975], [55.2328865, 25.1022104], [55.2326488, 25.101944], [55.2295268, 25.098456], [55.2279769, 25.0967818], [55.227212, 25.0959372], [55.2259398, 25.094505], [55.2212374, 25.0891831], [55.2199647, 25.0877572], [55.2188945, 25.0865511], [55.21799, 25.0855462], [55.2170907, 25.0845373], [55.216711, 25.0841145], [55.2163355, 25.0836885], [55.2152862, 25.0824802], [55.214151, 25.0811631], [55.2132069, 25.0800553], [55.2122895, 25.0789682], [55.2116954, 25.0782977], [55.2107204, 25.0772203], [55.2092372, 25.0755731], [55.2082394, 25.0744544], [55.20731, 25.0733781], [55.2055037, 25.0713325], [55.2050823, 25.0708552], [55.2048563, 25.0705994], [55.2048142, 25.0705517], [55.2044137, 25.0700986], [55.2037201, 25.0693233], [55.2030212, 25.0685519], [55.2023589, 25.0678298], [55.2010649, 25.0663887], [55.2008124, 25.0660726], [55.200554, 25.0657832], [55.2002934, 25.0654955], [55.1999898, 25.0651658], [55.1996832, 25.0648383], [55.1992513, 25.0643852], [55.1987206, 25.0638204], [55.1985915, 25.063683], [55.1984202, 25.0634879], [55.198253, 25.0632898], [55.1980899, 25.063089], [55.1978685, 25.062803], [55.1976522, 25.0624979], [55.1974426, 25.0621891], [55.1972397, 25.0618766], [55.1971663, 25.0617583], [55.1970456, 25.061564], [55.1968583, 25.0612481], [55.1966777, 25.060929], [55.1965374, 25.060663], [55.1964041, 25.0603941], [55.1962781, 25.0601223], [55.1961615, 25.059853], [55.1960519, 25.0595812], [55.1959495, 25.0593072], [55.1957901, 25.0588594], [55.1957269, 25.0586766], [55.1956427, 25.058417], [55.1955618, 25.0581565], [55.1954882, 25.0578943], [55.1954234, 25.0576364], [55.1953657, 25.0573772], [55.1953152, 25.0571167], [55.1952272, 25.0566235], [55.1951489, 25.056129], [55.195092, 25.0557242], [55.1950404, 25.0553185]]}, "properties": {"class": "motorway"}}, {"type": "Feature", "geometry": {"type": "LineString", "coordinates": [[55.2944379, 25.1830244], [55.2949358, 25.1830004], [55.2954331, 25.1829673], [55.2959296, 25.1829252], [55.296425, 25.1828739], [55.2969192, 25.1828136], [55.305283, 25.1816599], [55.3061092, 25.1815539], [55.3102227, 25.1809689]]}, "properties": {"class": "motorway"}}, {"type": "Feature", "geometry": {"type": "LineString", "coordinates": [[55.2935716, 25.1830324], [55.2944379, 25.1830244]]}, "properties": {"class": "motorway"}}, {"type": "Feature", "geometry": {"type": "LineString", "coordinates": [[55.2944272, 25.1832602], [55.2935971, 25.1832839]]}, "properties": {"class": "motorway"}}, {"type": "Feature", "geometry": {"type": "LineString", "coordinates": [[55.2935971, 25.1832839], [55.2930907, 25.1832947], [55.2925738, 25.1833013], [55.2919847, 25.1832843], [55.2914905, 25.1832607], [55.2909837, 25.1832208], [55.2902685, 25.1831322], [55.2883906, 25.1828918]]}, "properties": {"class": "motorway"}}, {"type": "Feature", "geometry": {"type": "LineString", "coordinates": [[55.3106818, 25.1811465], [55.3095774, 25.1813073], [55.3025395, 25.1822987], [55.296653, 25.1831056], [55.2963057, 25.1831486], [55.2959651, 25.1831778], [55.2951219, 25.1832283]]}, "properties": {"class": "motorway"}}, {"type": "Feature", "geometry": {"type": "LineString", "coordinates": [[55.2740487, 25.2290683], [55.274096, 25.2290202], [55.2741322, 25.2289822], [55.2741488, 25.2289579], [55.274162, 25.228932], [55.2741715, 25.2289048], [55.2741773, 25.2288767], [55.2741882, 25.2287796]]}, "properties": {"class": "tertiary"}}, {"type": "Feature", "geometry": {"type": "LineString", "coordinates": [[55.2762766, 25.2286242], [55.2753958, 25.2274255]]}, "properties": {"class": "residential"}}, {"type": "Feature", "geometry": {"type": "LineString", "coordinates": [[55.2778324, 25.2276814], [55.2774601, 25.2279178], [55.2770683, 25.2281467], [55.2766602, 25.2283936], [55.2762766, 25.2286242], [55.2758909, 25.2288497], [55.2754783, 25.2290885]]}, "properties": {"class": "residential"}}, {"type": "Feature", "geometry": {"type": "LineString", "coordinates": [[55.2770161, 25.2192726], [55.276922, 25.219218], [55.2768746, 25.2191984], [55.2768243, 25.2191861], [55.2767724, 25.2191812], [55.2767203, 25.2191841], [55.2766866, 25.2191901], [55.2766532, 25.2191992], [55.2765857, 25.2192346], [55.276013, 25.2196047], [55.2758817, 25.2196921], [55.2750084, 25.2202603], [55.2749438, 25.2203082], [55.2748935, 25.2203686], [55.2748708, 25.2203999]]}, "properties": {"class": "tertiary"}}, {"type": "Feature", "geometry": {"type": "LineString", "coordinates": [[55.2747421, 25.2202391], [55.2748112, 25.2202189], [55.2748842, 25.2201925], [55.2749514, 25.2201556], [55.2750579, 25.2200849], [55.2755553, 25.2197699], [55.2757907, 25.2196143], [55.2758704, 25.2195603], [55.2765335, 25.2191223], [55.2765798, 25.2190893], [55.2766138, 25.2190591], [55.2766532, 25.2190201], [55.2766795, 25.2189775], [55.2766973, 25.2189315], [55.2767061, 25.2188834], [55.2767056, 25.2188347], [55.2766961, 25.2187358]]}, "properties": {"class": "tertiary"}}, {"type": "Feature", "geometry": {"type": "LineString", "coordinates": [[55.2747216, 25.2280784], [55.2750341, 25.228496], [55.2754783, 25.2290885], [55.2755823, 25.2292307], [55.2762198, 25.2300804], [55.2764746, 25.2304332], [55.2766738, 25.2306934], [55.2768396, 25.2309156], [55.2770054, 25.2311379], [55.2771039, 25.231272], [55.2772301, 25.2314413]]}, "properties": {"class": "secondary"}}, {"type": "Feature", "geometry": {"type": "LineString", "coordinates": [[55.2808261, 25.2316992], [55.2799754, 25.2305257], [55.2798338, 25.230331], [55.279659, 25.2300906], [55.2792701, 25.2295699], [55.2788392, 25.2290012], [55.2785334, 25.2285961], [55.2780242, 25.227917], [55.2778324, 25.2276814], [55.277676, 25.2274658], [55.2775514, 25.2272981], [55.2771664, 25.2267801], [55.2768144, 25.2263303], [55.2767906, 25.2262999]]}, "properties": {"class": "residential"}}, {"type": "Feature", "geometry": {"type": "LineString", "coordinates": [[55.2815719, 25.2295993], [55.2814799, 25.2296484], [55.2813847, 25.2296993], [55.2812384, 25.2297698], [55.2808837, 25.2299048], [55.2805795, 25.2300235], [55.2805001, 25.2300542], [55.2802505, 25.2301505], [55.2801883, 25.2301869], [55.280081, 25.2302498], [55.2800411, 25.2302873], [55.2800103, 25.2303312], [55.2800023, 25.2303502], [55.2799898, 25.2303798], [55.2799804, 25.2304311], [55.2799754, 25.2305257]]}, "properties": {"class": "residential"}}, {"type": "Feature", "geometry": {"type": "LineString", "coordinates": [[55.2697219, 25.2190929], [55.2697191, 25.2190452], [55.2697137, 25.2190131], [55.2697053, 25.2189815], [55.2696939, 25.2189507], [55.2696801, 25.2188972]]}, "properties": {"class": "residential"}}, {"type": "Feature", "geometry": {"type": "LineString", "coordinates": [[55.2696801, 25.2188972], [55.2697202, 25.2189233], [55.2697484, 25.2189432], [55.2697792, 25.2189595], [55.2698122, 25.218972], [55.2698467, 25.2189803], [55.2698988, 25.2189866]]}, "properties": {"class": "residential"}}, {"type": "Feature", "geometry": {"type": "LineString", "coordinates": [[55.274917, 25.2190834], [55.2748116, 25.21915], [55.2740469, 25.2196362], [55.2738861, 25.2197349], [55.273456, 25.2200085], [55.2722024, 25.2207678]]}, "properties": {"class": "residential"}}, {"type": "Feature", "geometry": {"type": "LineString", "coordinates": [[55.2699746, 25.219072], [55.269956, 25.2191425], [55.2699513, 25.2191714], [55.2699512, 25.2192007], [55.2699557, 25.2192296], [55.2699646, 25.2192577], [55.2699955, 25.2193294]]}, "properties": {"class": "residential"}}, {"type": "Feature", "geometry": {"type": "LineString", "coordinates": [[55.2699955, 25.2193294], [55.2699282, 25.2192693], [55.2698914, 25.2192469], [55.2698506, 25.2192313], [55.2698072, 25.2192232], [55.2697327, 25.2192194]]}, "properties": {"class": "residential"}}, {"type": "Feature", "geometry": {"type": "LineString", "coordinates": [[55.2722838, 25.2174685], [55.2723053, 25.2173963], [55.2723104, 25.2173608], [55.2723103, 25.217325], [55.2723043, 25.2172895], [55.2722808, 25.2172036]]}, "properties": {"class": "residential"}}, {"type": "Feature", "geometry": {"type": "LineString", "coordinates": [[55.2722808, 25.2172036], [55.2723416, 25.2172618], [55.2723643, 25.2172762], [55.2723891, 25.2172875], [55.2724154, 25.2172955], [55.2724428, 25.2173], [55.2725582, 25.2172997]]}, "properties": {"class": "residential"}}, {"type": "Feature", "geometry": {"type": "LineString", "coordinates": [[55.2718371, 25.2166124], [55.2719935, 25.2165326], [55.2720268, 25.2165179], [55.2720604, 25.2165038], [55.2720943, 25.2164903]]}, "properties": {"class": "residential"}}, {"type": "Feature", "geometry": {"type": "LineString", "coordinates": [[55.2720943, 25.2164903], [55.2720702, 25.2165155], [55.2720432, 25.2165382], [55.2720137, 25.2165582], [55.2718696, 25.2166558]]}, "properties": {"class": "residential"}}, {"type": "Feature", "geometry": {"type": "LineString", "coordinates": [[55.2670577, 25.2103427], [55.2669966, 25.2103355], [55.2669351, 25.2103378], [55.2668748, 25.2103493], [55.2668175, 25.2103698]]}, "properties": {"class": "residential"}}, {"type": "Feature", "geometry": {"type": "LineString", "coordinates": [[55.2668175, 25.2103698], [55.2668546, 25.2103306], [55.2668825, 25.2102856], [55.2669001, 25.2102366], [55.2669069, 25.2101853], [55.2669025, 25.2101339]]}, "properties": {"class": "residential"}}, {"type": "Feature", "geometry": {"type": "LineString", "coordinates": [[55.2691346, 25.2100021], [55.2691568, 25.2099411], [55.2691663, 25.209907], [55.2691714, 25.2098722], [55.2691719, 25.2098371], [55.2691682, 25.2097722]]}, "properties": {"class": "residential"}}, {"type": "Feature", "geometry": {"type": "LineString", "coordinates": [[55.2691682, 25.2097722], [55.2692169, 25.2097991], [55.2692529, 25.2098196], [55.2692923, 25.2098342], [55.2693338, 25.2098426], [55.2694189, 25.2098519]]}, "properties": {"class": "residential"}}, {"type": "Feature", "geometry": {"type": "LineString", "coordinates": [[55.2711244, 25.2137831], [55.2710944, 25.2137637], [55.2710668, 25.2137416], [55.271042, 25.2137169], [55.2710144, 25.213685], [55.2708902, 25.213542]]}, "properties": {"class": "residential"}}, {"type": "Feature", "geometry": {"type": "LineString", "coordinates": [[55.2709466, 25.2135082], [55.2710472, 25.2136637], [55.2710683, 25.2136963], [55.2710876, 25.2137249], [55.2711063, 25.2137538], [55.2711244, 25.2137831]]}, "properties": {"class": "residential"}}, {"type": "Feature", "geometry": {"type": "LineString", "coordinates": [[55.2719322, 25.2126314], [55.2719606, 25.2126507], [55.2719874, 25.2126717], [55.2720124, 25.2126944], [55.2720832, 25.2127692]]}, "properties": {"class": "residential"}}, {"type": "Feature", "geometry": {"type": "LineString", "coordinates": [[55.2720433, 25.212793], [55.2719853, 25.2127114], [55.2719659, 25.2126856], [55.2719482, 25.2126589], [55.2719322, 25.2126314]]}, "properties": {"class": "residential"}}, {"type": "Feature", "geometry": {"type": "LineString", "coordinates": [[55.2696737, 25.2130616], [55.2696451, 25.2130886], [55.2696143, 25.2131136], [55.2695817, 25.2131365], [55.269348, 25.2133022]]}, "properties": {"class": "residential"}}, {"type": "Feature", "geometry": {"type": "LineString", "coordinates": [[55.2693134, 25.2132565], [55.2695637, 25.2131171], [55.2695995, 25.2130972], [55.2696359, 25.2130782], [55.2696737, 25.2130616]]}, "properties": {"class": "residential"}}, {"type": "Feature", "geometry": {"type": "LineString", "coordinates": [[55.2672875, 25.2120979], [55.2674136, 25.2122983], [55.2674313, 25.2123277], [55.2674484, 25.2123575], [55.2674648, 25.2123875]]}, "properties": {"class": "residential"}}, {"type": "Feature", "geometry": {"type": "LineString", "coordinates": [[55.2674648, 25.2123875], [55.2674359, 25.2123668], [55.2674096, 25.2123434], [55.2673862, 25.2123177], [55.2672352, 25.2121328]]}, "properties": {"class": "residential"}}, {"type": "Feature", "geometry": {"type": "LineString", "coordinates": [[55.2655093, 25.2132393], [55.2656477, 25.2134524], [55.2656677, 25.2134823], [55.265686, 25.213513], [55.2657025, 25.2135446]]}, "properties": {"class": "residential"}}, {"type": "Feature", "geometry": {"type": "LineString", "coordinates": [[55.2657025, 25.2135446], [55.2656736, 25.2135223], [55.2656465, 25.2134982], [55.2656214, 25.2134724], [55.2654507, 25.2132757]]}, "properties": {"class": "residential"}}, {"type": "Feature", "geometry": {"type": "LineString", "coordinates": [[55.2716365, 25.2182655], [55.271675, 25.2183251], [55.2722137, 25.2190315], [55.2724102, 25.2192902], [55.2725985, 25.2195132]]}, "properties": {"class": "residential"}}, {"type": "Feature", "geometry": {"type": "LineString", "coordinates": [[55.2716365, 25.2182655], [55.2715773, 25.2182263], [55.2715116, 25.2181968], [55.2714413, 25.2181778], [55.2713685, 25.21817]]}, "properties": {"class": "residential"}}, {"type": "Feature", "geometry": {"type": "LineString", "coordinates": [[55.2703936, 25.2147027], [55.2701102, 25.2148799], [55.2700793, 25.2148994], [55.270047, 25.214917], [55.2700136, 25.2149327]]}, "properties": {"class": "residential"}}, {"type": "Feature", "geometry": {"type": "LineString", "coordinates": [[55.2700136, 25.2149327], [55.2700354, 25.2149059], [55.2700602, 25.2148812], [55.2700878, 25.2148591], [55.2703695, 25.214671]]}, "properties": {"class": "residential"}}, {"type": "Feature", "geometry": {"type": "LineString", "coordinates": [[55.2709238, 25.2154119], [55.2707318, 25.2155258], [55.2706991, 25.2155415], [55.2706661, 25.2155567], [55.2706327, 25.2155714]]}, "properties": {"class": "residential"}}, {"type": "Feature", "geometry": {"type": "LineString", "coordinates": [[55.2706327, 25.2155714], [55.2706558, 25.2155454], [55.2706819, 25.2155218], [55.2707106, 25.2155009], [55.2708959, 25.2153753]]}, "properties": {"class": "residential"}}, {"type": "Feature", "geometry": {"type": "LineString", "coordinates": [[55.270218, 25.2139844], [55.2708902, 25.213542], [55.2709466, 25.2135082], [55.2709602, 25.2135007], [55.2720433, 25.212793], [55.2720832, 25.2127692], [55.2722167, 25.212694], [55.2722451, 25.2126757], [55.2729281, 25.2122683], [55.2729745, 25.2122393]]}, "properties": {"class": "residential"}}, {"type": "Feature", "geometry": {"type": "LineString", "coordinates": [[55.270218, 25.2139844], [55.2701952, 25.2140107], [55.2701695, 25.2140346], [55.2701411, 25.2140558], [55.2699958, 25.2141691]]}, "properties": {"class": "residential"}}, {"type": "Feature", "geometry": {"type": "LineString", "coordinates": [[55.2661132, 25.2090389], [55.2660426, 25.2090209], [55.2659695, 25.2090155], [55.2658966, 25.2090229], [55.2658267, 25.2090429]]}, "properties": {"class": "residential"}}, {"type": "Feature", "geometry": {"type": "LineString", "coordinates": [[55.2658267, 25.2090429], [55.2658695, 25.2089856], [55.2659014, 25.2089228], [55.2659217, 25.2088562], [55.2659298, 25.2087875]]}, "properties": {"class": "residential"}}, {"type": "Feature", "geometry": {"type": "LineString", "coordinates": [[55.269734, 25.2094616], [55.2691999, 25.2086191], [55.269022, 25.2083373], [55.2687266, 25.2078777], [55.2686935, 25.2078287], [55.2686209, 25.207719], [55.2684237, 25.2074146]]}, "properties": {"class": "residential"}}, {"type": "Feature", "geometry": {"type": "LineString", "coordinates": [[55.269734, 25.2094616], [55.2697779, 25.2094925], [55.2698362, 25.2095237], [55.2698997, 25.2095449], [55.2699664, 25.2095556]]}, "properties": {"class": "residential"}}, {"type": "Feature", "geometry": {"type": "LineString", "coordinates": [[55.2694092, 25.2226862], [55.2694245, 25.2226398], [55.2694253, 25.2225848], [55.2694061, 25.222534], [55.269217, 25.2222938], [55.26903, 25.2220449], [55.2687751, 25.2217057], [55.2685897, 25.2214513], [55.2683347, 25.2210995], [55.2682089, 25.2209322], [55.2681701, 25.2208917], [55.2681155, 25.2208663], [55.2680611, 25.2208607], [55.2680058, 25.220873], [55.2676793, 25.2210649]]}, "properties": {"class": "residential"}}, {"type": "Feature", "geometry": {"type": "LineString", "coordinates": [[55.273529, 25.2257498], [55.2735261, 25.2257028], [55.2735242, 25.2256793], [55.2735187, 25.2256563], [55.2735096, 25.2256343], [55.273497, 25.2256136], [55.2733255, 25.2253884], [55.2731509, 25.2251591], [55.2730243, 25.2249928], [55.2722455, 25.2239702]]}, "properties": {"class": "residential"}}, {"type": "Feature", "geometry": {"type": "LineString", "coordinates": [[55.2717198, 25.2232514], [55.2719794, 25.2236103], [55.2722455, 25.2239702]]}, "properties": {"class": "residential"}}, {"type": "Feature", "geometry": {"type": "LineString", "coordinates": [[55.247341, 25.1888586], [55.247753, 25.1894427], [55.2480748, 25.1898987], [55.2480964, 25.1899327], [55.2481112, 25.1899803]]}, "properties": {"class": "residential"}}, {"type": "Feature", "geometry": {"type": "LineString", "coordinates": [[55.2701645, 25.2077686], [55.2701025, 25.2076367], [55.2697317, 25.2070865], [55.2693634, 25.2064824]]}, "properties": {"class": "secondary"}}, {"type": "Feature", "geometry": {"type": "LineString", "coordinates": [[55.2670529, 25.2028912], [55.266821, 25.2025554], [55.2665466, 25.2021581], [55.2664441, 25.2019998], [55.2661466, 25.2015258], [55.2659671, 25.2012787], [55.2658824, 25.2011621], [55.2658016, 25.2010508], [55.2657594, 25.2009928], [55.2656681, 25.2008671], [55.2655321, 25.200686], [55.2653375, 25.2004268], [55.2651347, 25.2001567], [55.2649602, 25.1999243], [55.2648792, 25.1998164], [55.2647514, 25.1996504], [55.2646284, 25.1995062], [55.2646015, 25.1994746], [55.2644933, 25.1993477]]}, "properties": {"class": "secondary"}}, {"type": "Feature", "geometry": {"type": "LineString", "coordinates": [[55.2641813, 25.1995779], [55.2638552, 25.1997696], [55.263575, 25.1999342], [55.2633391, 25.2000715], [55.2632249, 25.2001379], [55.2629929, 25.2002829], [55.2628183, 25.200392], [55.2625846, 25.2005204], [55.2622939, 25.2006804], [55.2620285, 25.2008308]]}, "properties": {"class": "tertiary"}}, {"type": "Feature", "geometry": {"type": "LineString", "coordinates": [[55.2632909, 25.1979749], [55.2632109, 25.1979705], [55.2631687, 25.1979697], [55.2631272, 25.1979761], [55.2630876, 25.1979893], [55.2630175, 25.1980265]]}, "properties": {"class": "residential"}}, {"type": "Feature", "geometry": {"type": "LineString", "coordinates": [[55.2536029, 25.2052973], [55.2533619, 25.2049554], [55.2527271, 25.20404], [55.2524518, 25.2036403], [55.2523557, 25.2035009], [55.2522958, 25.2034198], [55.251797, 25.2027233], [55.2517753, 25.202682], [55.251767, 25.2026369], [55.2517728, 25.2025915]]}, "properties": {"class": "residential"}}, {"type": "Feature", "geometry": {"type": "LineString", "coordinates": [[55.2536029, 25.2052973], [55.253634, 25.2053339], [55.2536565, 25.2053573], [55.2536828, 25.2053772], [55.2537123, 25.2053928], [55.2537443, 25.2054039], [55.2537778, 25.2054101], [55.2538284, 25.205412]]}, "properties": {"class": "residential"}}, {"type": "Feature", "geometry": {"type": "LineString", "coordinates": [[55.2554095, 25.2044674], [55.2554673, 25.2044498], [55.2555242, 25.2044305], [55.2555804, 25.2044093], [55.2556356, 25.2043862], [55.2558194, 25.2042947], [55.2563877, 25.2039801], [55.2567702, 25.203752], [55.2568061, 25.2037306], [55.2568697, 25.2036947], [55.256985, 25.2036198], [55.2580818, 25.2029806], [55.2588783, 25.202481], [55.2596216, 25.2020501], [55.2598718, 25.201906]]}, "properties": {"class": "tertiary"}}, {"type": "Feature", "geometry": {"type": "LineString", "coordinates": [[55.2602657, 25.2017064], [55.2603075, 25.2016391], [55.2603338, 25.2016063], [55.2603647, 25.2015771], [55.2604005, 25.2015526], [55.2607687, 25.2013548], [55.2610004, 25.2012304], [55.2616378, 25.2008672], [55.2616706, 25.2008528], [55.2617049, 25.200842], [55.2617404, 25.2008349], [55.2618199, 25.2008231]]}, "properties": {"class": "residential"}}, {"type": "Feature", "geometry": {"type": "LineString", "coordinates": [[55.2609354, 25.2014523], [55.2608875, 25.201375]]}, "properties": {"class": "residential"}}, {"type": "Feature", "geometry": {"type": "LineString", "coordinates": [[55.2609354, 25.2014523], [55.2608582, 25.2014945], [55.2605647, 25.2016565], [55.2602349, 25.2018317], [55.2600973, 25.2019126], [55.2599879, 25.201977]]}, "properties": {"class": "tertiary"}}, {"type": "Feature", "geometry": {"type": "LineString", "coordinates": [[55.261045, 25.2013955], [55.2609354, 25.2014523]]}, "properties": {"class": "tertiary"}}, {"type": "Feature", "geometry": {"type": "LineString", "coordinates": [[55.2634012, 25.204943], [55.2634896, 25.2050768], [55.2635661, 25.2051832], [55.263649, 25.2052994]]}, "properties": {"class": "residential"}}, {"type": "Feature", "geometry": {"type": "LineString", "coordinates": [[55.2596216, 25.2020501], [55.2596721, 25.2019662], [55.2596881, 25.2019269], [55.2596986, 25.201886], [55.2597035, 25.2018408], [55.2597017, 25.2017954], [55.2596931, 25.2017506], [55.2596376, 25.2016343]]}, "properties": {"class": "residential"}}, {"type": "Feature", "geometry": {"type": "LineString", "coordinates": [[55.2602657, 25.2017064], [55.2607713, 25.2014369], [55.2608089, 25.2014169], [55.2608875, 25.201375], [55.2609907, 25.2013138], [55.2618199, 25.2008231]]}, "properties": {"class": "tertiary"}}, {"type": "Feature", "geometry": {"type": "LineString", "coordinates": [[55.2618199, 25.2008231], [55.2618517, 25.2008036], [55.2623718, 25.2004945], [55.2625939, 25.2003619], [55.2630812, 25.2000742], [55.2634222, 25.1998728], [55.2637809, 25.1996907], [55.2638197, 25.1996677], [55.2642454, 25.199441], [55.2642972, 25.1994011], [55.2643334, 25.1993489], [55.2643506, 25.1992893], [55.2643472, 25.1992277], [55.2643225, 25.1991405]]}, "properties": {"class": "tertiary"}}, {"type": "Feature", "geometry": {"type": "LineString", "coordinates": [[55.2826145, 25.2261634], [55.2825847, 25.226205], [55.2825616, 25.2262492], [55.2825458, 25.2262959], [55.2825316, 25.2263607]]}, "properties": {"class": "residential"}}, {"type": "Feature", "geometry": {"type": "LineString", "coordinates": [[55.2823903, 25.2261677], [55.2824537, 25.2261672], [55.2825073, 25.2261699], [55.282561, 25.2261687], [55.2826145, 25.2261634]]}, "properties": {"class": "residential"}}, {"type": "Feature", "geometry": {"type": "LineString", "coordinates": [[55.2613641, 25.1959144], [55.2612907, 25.195898], [55.2612573, 25.195894], [55.2612237, 25.1958955], [55.261191, 25.1959026], [55.2611602, 25.195915], [55.2610518, 25.1959798]]}, "properties": {"class": "residential"}}, {"type": "Feature", "geometry": {"type": "LineString", "coordinates": [[55.2546233, 25.1942589], [55.2546104, 25.1943016], [55.2546047, 25.1943455], [55.2546063, 25.1943898], [55.2546152, 25.1944333], [55.2546313, 25.1944751], [55.254654, 25.1945143]]}, "properties": {"class": "residential"}}, {"type": "Feature", "geometry": {"type": "LineString", "coordinates": [[55.2483116, 25.1977581], [55.2483202, 25.197712], [55.2483223, 25.1976653], [55.2483178, 25.1976188], [55.2483068, 25.1975731], [55.2482895, 25.197529]]}, "properties": {"class": "residential"}}, {"type": "Feature", "geometry": {"type": "LineString", "coordinates": [[55.2519386, 25.1954517], [55.2515982, 25.1949737], [55.2512687, 25.1944884], [55.251242, 25.1944571], [55.2512065, 25.1944341], [55.2511671, 25.1944212], [55.2511273, 25.1944193], [55.25109, 25.194426]]}, "properties": {"class": "residential"}}, {"type": "Feature", "geometry": {"type": "LineString", "coordinates": [[55.2519194, 25.1956783], [55.2519502, 25.1956193], [55.2519582, 25.195592], [55.2519619, 25.195564], [55.2519614, 25.1955357], [55.2519566, 25.1955078], [55.2519386, 25.1954517]]}, "properties": {"class": "residential"}}, {"type": "Feature", "geometry": {"type": "LineString", "coordinates": [[55.2676129, 25.2109241], [55.2675306, 25.2109725]]}, "properties": {"class": "residential"}}, {"type": "Feature", "geometry": {"type": "LineString", "coordinates": [[55.2676129, 25.2109241], [55.267663, 25.210989], [55.2678904, 25.2112835]]}, "properties": {"class": "residential"}}, {"type": "Feature", "geometry": {"type": "LineString", "coordinates": [[55.2675575, 25.2108482], [55.2676129, 25.2109241]]}, "properties": {"class": "residential"}}, {"type": "Feature", "geometry": {"type": "LineString", "coordinates": [[55.2675575, 25.2108482], [55.2676486, 25.2107873], [55.2679497, 25.2106274]]}, "properties": {"class": "residential"}}, {"type": "Feature", "geometry": {"type": "LineString", "coordinates": [[55.2658824, 25.2011621], [55.2658104, 25.2012023], [55.2656964, 25.2012632], [55.2651741, 25.2015545], [55.265021, 25.2016386], [55.2649793, 25.2016615], [55.2649224, 25.2016953], [55.264867, 25.2017256], [55.2641076, 25.2021416], [55.2639532, 25.2022235], [55.26338, 25.2025279], [55.2630291, 25.2027037]]}, "properties": {"class": "residential"}}, {"type": "Feature", "geometry": {"type": "LineString", "coordinates": [[55.2611739, 25.2035555], [55.2612251, 25.2035299], [55.2612994, 25.2034956], [55.2618586, 25.2032174], [55.2618969, 25.2031969], [55.2620358, 25.2031226], [55.2621455, 25.2030555], [55.2622853, 25.202979], [55.262931, 25.2026234], [55.2629597, 25.2026065], [55.263163, 25.2024937], [55.2647062, 25.201671], [55.264735, 25.2016556], [55.2650004, 25.201512], [55.2655817, 25.2011745], [55.2657263, 25.2010931], [55.2658016, 25.2010508], [55.2659051, 25.2009918]]}, "properties": {"class": "residential"}}, {"type": "Feature", "geometry": {"type": "LineString", "coordinates": [[55.2479038, 25.19799], [55.2483116, 25.1977581], [55.2485243, 25.1976314], [55.2491089, 25.1972842], [55.2496734, 25.1969679], [55.2497296, 25.1969323], [55.2497841, 25.1968947], [55.2498371, 25.1968551]]}, "properties": {"class": "tertiary"}}, {"type": "Feature", "geometry": {"type": "LineString", "coordinates": [[55.2561537, 25.1882827], [55.2557477, 25.1878368], [55.2557039, 25.1877951], [55.2553075, 25.1873659]]}, "properties": {"class": "tertiary"}}, {"type": "Feature", "geometry": {"type": "LineString", "coordinates": [[55.2946579, 25.2082207], [55.2946927, 25.2082157], [55.294738, 25.2082092]]}, "properties": {"class": "residential"}}, {"type": "Feature", "geometry": {"type": "LineString", "coordinates": [[55.2933624, 25.2084], [55.2939405, 25.20832], [55.293998, 25.208312], [55.294487, 25.2082443], [55.2946579, 25.2082207]]}, "properties": {"class": "residential"}}, {"type": "Feature", "geometry": {"type": "LineString", "coordinates": [[55.2914621, 25.2239508], [55.292073, 25.2246894], [55.2924072, 25.2250997], [55.292432, 25.2251302], [55.2925039, 25.2252199]]}, "properties": {"class": "secondary"}}, {"type": "Feature", "geometry": {"type": "LineString", "coordinates": [[55.2754964, 25.2039763], [55.2755267, 25.2040594], [55.2755425, 25.2041186], [55.2755494, 25.2041447], [55.2755646, 25.2042313]]}, "properties": {"class": "tertiary"}}, {"type": "Feature", "geometry": {"type": "LineString", "coordinates": [[55.2792513, 25.2089973], [55.2792318, 25.2088355], [55.2791931, 25.2085139], [55.2789653, 25.2066343]]}, "properties": {"class": "primary"}}, {"type": "Feature", "geometry": {"type": "LineString", "coordinates": [[55.2816891, 25.2119298], [55.2808434, 25.2114223], [55.2806871, 25.2113255], [55.2805366, 25.2112214], [55.2803923, 25.2111105], [55.2802545, 25.2109929], [55.2801236, 25.210869], [55.2800001, 25.2107391], [55.2798292, 25.2105291], [55.2797169, 25.21038]]}, "properties": {"class": "primary"}}, {"type": "Feature", "geometry": {"type": "LineString", "coordinates": [[55.2650651, 25.2076646], [55.264986, 25.2075503], [55.2647944, 25.2072734]]}, "properties": {"class": "residential"}}, {"type": "Feature", "geometry": {"type": "LineString", "coordinates": [[55.2651957, 25.2075947], [55.2652872, 25.2076946]]}, "properties": {"class": "residential"}}, {"type": "Feature", "geometry": {"type": "LineString", "coordinates": [[55.2755646, 25.2042313], [55.275567, 25.204272], [55.2755649, 25.2042918], [55.2755486, 25.2043494], [55.2755292, 25.2043838]]}, "properties": {"class": "tertiary"}}, {"type": "Feature", "geometry": {"type": "LineString", "coordinates": [[55.2603313, 25.1895635], [55.2603903, 25.1895943], [55.2604525, 25.189617], [55.260518, 25.1896303], [55.2605658, 25.1896337], [55.2606302, 25.1896323]]}, "properties": {"class": "tertiary"}}, {"type": "Feature", "geometry": {"type": "LineString", "coordinates": [[55.2712385, 25.1781972], [55.2725932, 25.1796627], [55.2726533, 25.1797268], [55.2727143, 25.1797902], [55.2727762, 25.1798529], [55.2728388, 25.179915], [55.2732429, 25.1803039], [55.2735336, 25.1805836], [55.2735973, 25.1806443], [55.2736624, 25.1807037], [55.2767494, 25.183468], [55.2769726, 25.1836692], [55.2771922, 25.1838736], [55.277408, 25.1840812], [55.2776202, 25.1842919], [55.2778127, 25.1844925], [55.2779631, 25.1846501], [55.2781114, 25.1848094], [55.2782576, 25.1849703], [55.2784017, 25.1851328], [55.2785435, 25.1852969], [55.2786832, 25.1854625], [55.2788206, 25.1856296], [55.2789162, 25.1857482], [55.2802148, 25.1874513]]}, "properties": {"class": "primary"}}, {"type": "Feature", "geometry": {"type": "LineString", "coordinates": [[55.2724414, 25.1798425], [55.2722371, 25.1796253], [55.2711793, 25.1785008], [55.2705645, 25.1778418], [55.2704786, 25.1777457], [55.2703153, 25.1775638], [55.2702276, 25.1774792], [55.2701331, 25.1774007], [55.2700325, 25.1773289], [55.2699262, 25.177264], [55.2698149, 25.1772065], [55.2696985, 25.1771579]]}, "properties": {"class": "tertiary"}}, {"type": "Feature", "geometry": {"type": "LineString", "coordinates": [[55.2577571, 25.175753], [55.2580657, 25.1760745], [55.2581734, 25.1761837], [55.2582852, 25.1762896], [55.2584009, 25.1763919], [55.2585203, 25.1764907], [55.2586825, 25.1766094], [55.2588535, 25.1767174], [55.2590252, 25.1768198], [55.2593649, 25.1770344], [55.2594878, 25.1771248], [55.2596032, 25.1772231], [55.2597103, 25.1773286], [55.2598087, 25.177441], [55.2608071, 25.1787185], [55.2608964, 25.1788452], [55.2609756, 25.1789773], [55.2610443, 25.1791141], [55.261102, 25.179255], [55.2611486, 25.1793993], [55.2611737, 25.1795366], [55.2611887, 25.1796751], [55.2611934, 25.1798143], [55.2611876, 25.1799534], [55.2611714, 25.1800918], [55.2611449, 25.1802289], [55.2611083, 25.1803641], [55.2610616, 25.1804968], [55.2610051, 25.1806262], [55.2609375, 25.1807513], [55.2608811, 25.1808474], [55.2608171, 25.1809396], [55.2607457, 25.1810272], [55.2606465, 25.1811309], [55.2605409, 25.1812292], [55.2604292, 25.1813218], [55.2603119, 25.1814086], [55.2601892, 25.1814891], [55.2590083, 25.1822065]]}, "properties": {"class": "secondary"}}, {"type": "Feature", "geometry": {"type": "LineString", "coordinates": [[55.3020987, 25.2116148], [55.3018642, 25.2116158], [55.301818, 25.21161], [55.3017731, 25.2115986], [55.3017303, 25.2115818], [55.3016905, 25.2115611], [55.3016509, 25.2115423], [55.3016091, 25.2115316], [55.301566, 25.2115275], [55.3015227, 25.21153], [55.3012624, 25.2115687], [55.3006291, 25.2116578], [55.3002444, 25.2117123], [55.3001527, 25.2117252], [55.3000405, 25.2117411], [55.2995091, 25.211816], [55.2955611, 25.2123729], [55.2955275, 25.2123827], [55.2954997, 25.2124022], [55.2954809, 25.2124291], [55.2954734, 25.2124602], [55.2954781, 25.2124918], [55.2954869, 25.2125369], [55.2954923, 25.2125825], [55.2954943, 25.2126282], [55.2954657, 25.21324]]}, "properties": {"class": "residential"}}, {"type": "Feature", "geometry": {"type": "LineString", "coordinates": [[55.2896744, 25.1890165], [55.2896965, 25.1891876], [55.289714, 25.1893591], [55.2897269, 25.189531], [55.2897295, 25.1895858], [55.2897352, 25.1897031]]}, "properties": {"class": "tertiary"}}, {"type": "Feature", "geometry": {"type": "LineString", "coordinates": [[55.289521, 25.1885415], [55.2895674, 25.188658], [55.2896085, 25.1887761], [55.2896442, 25.1888957], [55.2896744, 25.1890165]]}, "properties": {"class": "tertiary"}}, {"type": "Feature", "geometry": {"type": "LineString", "coordinates": [[55.2897352, 25.1897031], [55.2897345, 25.1897942], [55.2897253, 25.1899125], [55.2896964, 25.1901128], [55.2896745, 25.1902106], [55.2896487, 25.1903076], [55.2896191, 25.1904037], [55.2895857, 25.1904988], [55.2895486, 25.1905928]]}, "properties": {"class": "tertiary"}}, {"type": "Feature", "geometry": {"type": "LineString", "coordinates": [[55.2852624, 25.2224036], [55.2853453, 25.2223674], [55.2854262, 25.2223292], [55.2855053, 25.2222881], [55.2855825, 25.2222442], [55.2856577, 25.2221976]]}, "properties": {"class": "tertiary"}}, {"type": "Feature", "geometry": {"type": "LineString", "coordinates": [[55.2850598, 25.2225303], [55.2849843, 25.2224986], [55.2849142, 25.2224612], [55.284848, 25.2224183], [55.2847861, 25.2223704], [55.2847291, 25.2223179], [55.2846774, 25.222261], [55.2846481, 25.2222224], [55.2841463, 25.2214501], [55.2837884, 25.2209144], [55.2837508, 25.2208639], [55.2837095, 25.220816], [55.2836647, 25.2207706], [55.2836358, 25.2207459]]}, "properties": {"class": "tertiary"}}, {"type": "Feature", "geometry": {"type": "LineString", "coordinates": [[55.2856577, 25.2221976], [55.285753, 25.2221482], [55.2858507, 25.2220926], [55.287606, 25.2211198], [55.2879238, 25.2209354], [55.2879682, 25.2209063], [55.2880084, 25.2208725], [55.2880438, 25.2208347], [55.2880731, 25.2207948], [55.288097, 25.2207521], [55.2881152, 25.2207071], [55.2881277, 25.2206606], [55.2881369, 25.2206165], [55.2881586, 25.2205126], [55.288168, 25.2204563], [55.2881713, 25.2204194], [55.2881772, 25.2203525], [55.2881759, 25.2202485]]}, "properties": {"class": "tertiary"}}, {"type": "Feature", "geometry": {"type": "LineString", "coordinates": [[55.27451, 25.2064976], [55.2748683, 25.2070932], [55.2749429, 25.2072077], [55.2754268, 25.2079469], [55.2754799, 25.2080264], [55.2755885, 25.2081864], [55.2756815, 25.2083235], [55.2758543, 25.2085814], [55.2762844, 25.2092291], [55.2765985, 25.2096696], [55.2766898, 25.2098026], [55.2767628, 25.209909], [55.2768461, 25.2100426], [55.2769035, 25.2101464], [55.2769221, 25.2101799], [55.2769783, 25.2102938], [55.2770258, 25.2104095], [55.2770999, 25.2105593], [55.2771826, 25.2106967], [55.2772454, 25.2108013], [55.277311, 25.2109045], [55.2774088, 25.2110524], [55.2777083, 25.2114776], [55.2781172, 25.2120892], [55.2781347, 25.212115], [55.2782082, 25.2122254], [55.2786739, 25.2129098], [55.2788668, 25.2131936], [55.2789583, 25.2133331], [55.2790163, 25.2134157], [55.2790347, 25.2134412], [55.2792268, 25.2137265], [55.2793987, 25.2139512]]}, "properties": {"class": "tertiary"}}, {"type": "Feature", "geometry": {"type": "LineString", "coordinates": [[55.2801135, 25.1933934], [55.2801819, 25.1932842], [55.2803802, 25.1930022], [55.2804481, 25.1929053], [55.2804953, 25.1928462], [55.2805523, 25.1927814], [55.2806359, 25.1926927], [55.2807249, 25.1926084], [55.280819, 25.1925287], [55.2810501, 25.1923485], [55.2811934, 25.192244], [55.2812667, 25.1921954]]}, "properties": {"class": "tertiary"}}, {"type": "Feature", "geometry": {"type": "LineString", "coordinates": [[55.2813626, 25.1922973], [55.2811397, 25.1924542], [55.2809193, 25.1926167], [55.2808226, 25.192696], [55.2807307, 25.19278], [55.2806439, 25.1928682], [55.2805625, 25.1929606], [55.2804867, 25.1930568], [55.2802843, 25.1933436], [55.2802117, 25.1934543]]}, "properties": {"class": "tertiary"}}, {"type": "Feature", "geometry": {"type": "LineString", "coordinates": [[55.2621045, 25.1890989], [55.262629, 25.1896404], [55.2646624, 25.1918343], [55.264942, 25.1921086], [55.2653158, 25.1924964], [55.2663175, 25.1935928]]}, "properties": {"class": "secondary"}}, {"type": "Feature", "geometry": {"type": "LineString", "coordinates": [[55.2615399, 25.1885347], [55.2621045, 25.1890989]]}, "properties": {"class": "secondary"}}, {"type": "Feature", "geometry": {"type": "LineString", "coordinates": [[55.2589013, 25.1855879], [55.2595686, 25.1863072], [55.2609446, 25.1878813], [55.2615399, 25.1885347]]}, "properties": {"class": "secondary"}}, {"type": "Feature", "geometry": {"type": "LineString", "coordinates": [[55.2590083, 25.1822065], [55.2588703, 25.1822904], [55.2587342, 25.1823785], [55.2586041, 25.1824737], [55.2584805, 25.1825758], [55.2583638, 25.1826843], [55.2582762, 25.1827897], [55.2581969, 25.1829004], [55.2581266, 25.1830159], [55.2580656, 25.1831357], [55.2580143, 25.1832592], [55.2579729, 25.1833856], [55.2579416, 25.1835144], [55.2579206, 25.183645], [55.2579101, 25.1837765], [55.25791, 25.1839084], [55.2579203, 25.1840399], [55.2579411, 25.1841705], [55.2579722, 25.1842994], [55.2580134, 25.1844259], [55.2580645, 25.1845494], [55.2581253, 25.1846692], [55.2582004, 25.1847924], [55.2582858, 25.18491], [55.2583808, 25.1850213], [55.2589013, 25.1855879]]}, "properties": {"class": "secondary"}}, {"type": "Feature", "geometry": {"type": "LineString", "coordinates": [[55.2678447, 25.1952822], [55.2681494, 25.1956721], [55.2682982, 25.1958693], [55.2684446, 25.196068], [55.2685885, 25.1962681], [55.26873, 25.1964697], [55.268869, 25.1966726], [55.269245, 25.1972346]]}, "properties": {"class": "secondary"}}, {"type": "Feature", "geometry": {"type": "LineString", "coordinates": [[55.2663175, 25.1935928], [55.2678447, 25.1952822]]}, "properties": {"class": "secondary"}}, {"type": "Feature", "geometry": {"type": "LineString", "coordinates": [[55.2691269, 25.1973021], [55.2686191, 25.1965385], [55.2684789, 25.1963376], [55.2683363, 25.196138], [55.2681913, 25.1959399], [55.268044, 25.1957432], [55.2677424, 25.1953541]]}, "properties": {"class": "secondary"}}, {"type": "Feature", "geometry": {"type": "LineString", "coordinates": [[55.2589275, 25.1820994], [55.2601145, 25.1813891], [55.2602118, 25.1813261], [55.2603048, 25.181258], [55.2603931, 25.1811851], [55.2604766, 25.1811075], [55.2605548, 25.1810256], [55.2606275, 25.1809396], [55.2607275, 25.1808031], [55.2608138, 25.1806591], [55.2608859, 25.1805089], [55.2609432, 25.1803535], [55.2609852, 25.1801942], [55.2610115, 25.1800321], [55.2610221, 25.1798686], [55.2610168, 25.1797049], [55.2609956, 25.1795422], [55.2609588, 25.1793818], [55.2609066, 25.179225], [55.2608393, 25.1790729], [55.2607576, 25.1789268], [55.260662, 25.1787876], [55.2599436, 25.1778936], [55.2598546, 25.1777875], [55.2597605, 25.177685], [55.2596616, 25.1775862], [55.2595581, 25.1774915], [55.2594501, 25.1774009], [55.2593364, 25.1773146], [55.2592231, 25.1772396], [55.2586592, 25.1769311], [55.2585277, 25.1768484], [55.2583996, 25.1767624], [55.2582751, 25.176672], [55.2581729, 25.1765906], [55.2580734, 25.1765063], [55.2579772, 25.1764189], [55.2578845, 25.1763285], [55.2572337, 25.1756427]]}, "properties": {"class": "secondary"}}, {"type": "Feature", "geometry": {"type": "LineString", "coordinates": [[55.2587828, 25.1856742], [55.2582654, 25.1851126], [55.2581871, 25.1850254], [55.2581158, 25.1849333], [55.2580519, 25.184837], [55.2579954, 25.1847369], [55.2579292, 25.1846097], [55.2578733, 25.1844786], [55.257828, 25.1843442], [55.2577934, 25.1842072], [55.2577698, 25.1840683], [55.2577572, 25.1839282], [55.2577558, 25.1837877], [55.2577655, 25.1836475], [55.2577863, 25.1835082], [55.2578181, 25.1833707], [55.2578607, 25.1832355], [55.2579139, 25.1831035], [55.2579774, 25.1829753], [55.258051, 25.1828515], [55.2581341, 25.1827328], [55.2582265, 25.1826198], [55.2583284, 25.1825183], [55.2584365, 25.1824222], [55.2585504, 25.1823317], [55.2586712, 25.1822493], [55.2587993, 25.1821736], [55.2589275, 25.1820994]]}, "properties": {"class": "secondary"}}, {"type": "Feature", "geometry": {"type": "LineString", "coordinates": [[55.2614603, 25.1885986], [55.2608637, 25.1879414], [55.260089, 25.1870519], [55.2594667, 25.1863958], [55.2587828, 25.1856742]]}, "properties": {"class": "secondary"}}, {"type": "Feature", "geometry": {"type": "LineString", "coordinates": [[55.2620611, 25.1891996], [55.2614603, 25.1885986]]}, "properties": {"class": "secondary"}}, {"type": "Feature", "geometry": {"type": "LineString", "coordinates": [[55.2662128, 25.1936702], [55.2648289, 25.1921955], [55.2645819, 25.1918926], [55.2625498, 25.1896995], [55.2620611, 25.1891996]]}, "properties": {"class": "secondary"}}, {"type": "Feature", "geometry": {"type": "LineString", "coordinates": [[55.2677424, 25.1953541], [55.2662128, 25.1936702]]}, "properties": {"class": "secondary"}}, {"type": "Feature", "geometry": {"type": "LineString", "coordinates": [[55.2852067, 25.205138], [55.2853301, 25.2059009], [55.2853387, 25.2059274], [55.2853569, 25.2059495], [55.2853825, 25.2059646], [55.2854122, 25.2059708], [55.2854424, 25.2059673], [55.2864618, 25.2058235], [55.2865982, 25.2058043], [55.2867565, 25.205782], [55.2867968, 25.205773], [55.286829, 25.2057495], [55.2868472, 25.2057157], [55.2868478, 25.2056782], [55.2867252, 25.2049292], [55.286639, 25.2044028]]}, "properties": {"class": "residential"}}, {"type": "Feature", "geometry": {"type": "LineString", "coordinates": [[55.291167, 25.1989221], [55.291126, 25.198928], [55.2903658, 25.1990371], [55.2901449, 25.1990688], [55.2882445, 25.1993417], [55.2866573, 25.1995695]]}, "properties": {"class": "residential"}}, {"type": "Feature", "geometry": {"type": "LineString", "coordinates": [[55.2908453, 25.1996419], [55.2902475, 25.1997216], [55.2868575, 25.2001734], [55.2867606, 25.2001863]]}, "properties": {"class": "residential"}}, {"type": "Feature", "geometry": {"type": "LineString", "coordinates": [[55.2901449, 25.1990688], [55.2901606, 25.1991687], [55.2902475, 25.1997216]]}, "properties": {"class": "residential"}}, {"type": "Feature", "geometry": {"type": "LineString", "coordinates": [[55.2891606, 25.1950183], [55.2891181, 25.1950294], [55.2890739, 25.1950391], [55.2890287, 25.1950438], [55.2889382, 25.1950376]]}, "properties": {"class": "tertiary"}}, {"type": "Feature", "geometry": {"type": "LineString", "coordinates": [[55.2892759, 25.1948737], [55.2892545, 25.1949135], [55.2892279, 25.1949507], [55.2891965, 25.1949846], [55.2891606, 25.1950183]]}, "properties": {"class": "tertiary"}}, {"type": "Feature", "geometry": {"type": "LineString", "coordinates": [[55.2786679, 25.2310583], [55.2776712, 25.2297181]]}, "properties": {"class": "residential"}}, {"type": "Feature", "geometry": {"type": "LineString", "coordinates": [[55.2482895, 25.197529], [55.2483247, 25.1975667], [55.2483678, 25.1975969], [55.2484169, 25.1976183], [55.2484698, 25.19763], [55.2485243, 25.1976314]]}, "properties": {"class": "residential"}}, {"type": "Feature", "geometry": {"type": "LineString", "coordinates": [[55.2519386, 25.1954517], [55.251985, 25.1954916], [55.2520074, 25.1955097], [55.2520328, 25.1955241], [55.2520606, 25.1955344], [55.2520899, 25.1955404], [55.2521389, 25.1955457]]}, "properties": {"class": "residential"}}, {"type": "Feature", "geometry": {"type": "LineString", "coordinates": [[55.254654, 25.1945143], [55.2546218, 25.1944789], [55.2545843, 25.1944482], [55.2545422, 25.1944228], [55.2544965, 25.1944032], [55.254448, 25.1943898], [55.254398, 25.194383]]}, "properties": {"class": "residential"}}, {"type": "Feature", "geometry": {"type": "LineString", "coordinates": [[55.2740992, 25.1908456], [55.2741138, 25.190907], [55.2741229, 25.1909878], [55.2741259, 25.1911694], [55.2741275, 25.1912184], [55.2741247, 25.1912673], [55.2741173, 25.1913159], [55.2741055, 25.1913637]]}, "properties": {"class": "residential"}}, {"type": "Feature", "geometry": {"type": "LineString", "coordinates": [[55.2795215, 25.1875924], [55.279248, 25.1877541], [55.2791845, 25.1877894], [55.2791214, 25.1878244], [55.2790557, 25.1878554], [55.2789502, 25.1878894]]}, "properties": {"class": "residential"}}, {"type": "Feature", "geometry": {"type": "LineString", "coordinates": [[55.2737234, 25.1810553], [55.2736174, 25.1809593]]}, "properties": {"class": "tertiary"}}, {"type": "Feature", "geometry": {"type": "LineString", "coordinates": [[55.2738564, 25.1806872], [55.2739376, 25.180764], [55.2739672, 25.180792]]}, "properties": {"class": "tertiary"}}, {"type": "Feature", "geometry": {"type": "LineString", "coordinates": [[55.2570395, 25.2037033], [55.2570922, 25.2037792], [55.2573697, 25.2041647], [55.2576703, 25.2046176], [55.2585673, 25.2059689], [55.2586143, 25.2060397], [55.2590023, 25.2066506], [55.259191, 25.206925], [55.2592584, 25.2070285], [55.2592844, 25.2070683], [55.2592971, 25.207088], [55.25942, 25.2072895]]}, "properties": {"class": "tertiary"}}, {"type": "Feature", "geometry": {"type": "LineString", "coordinates": [[55.2592766, 25.2073679], [55.259152, 25.2071765], [55.2591321, 25.2071475], [55.2585157, 25.2061932], [55.2584711, 25.2061241], [55.2572302, 25.204247], [55.2570064, 25.2038865], [55.2569816, 25.2038466], [55.2569265, 25.2037675], [55.2568697, 25.2036947]]}, "properties": {"class": "tertiary"}}, {"type": "Feature", "geometry": {"type": "LineString", "coordinates": [[55.2535555, 25.2055459], [55.2535878, 25.2054964], [55.2536047, 25.2054686], [55.2536164, 25.2054386], [55.2536225, 25.2054074], [55.253623, 25.2053756], [55.2536177, 25.2053442], [55.2536029, 25.2052973]]}, "properties": {"class": "residential"}}, {"type": "Feature", "geometry": {"type": "LineString", "coordinates": [[55.2610518, 25.1959798], [55.261139, 25.1958853], [55.2611563, 25.1958597], [55.261168, 25.1958316], [55.2611735, 25.1958019], [55.2611727, 25.1957719], [55.2611618, 25.1956963]]}, "properties": {"class": "residential"}}, {"type": "Feature", "geometry": {"type": "LineString", "coordinates": [[55.2549389, 25.2240933], [55.2549251, 25.22406], [55.2549228, 25.2240244], [55.2549296, 25.2239963], [55.2549437, 25.2239704], [55.2549714, 25.223943], [55.255007, 25.2239246], [55.2550472, 25.223917], [55.255088, 25.2239211], [55.2551064, 25.2239271], [55.2551371, 25.2239443], [55.2551614, 25.2239684], [55.2551776, 25.2239976], [55.2551842, 25.2240297], [55.2551806, 25.2240642], [55.2551655, 25.2240969], [55.2551405, 25.2241241], [55.2551076, 25.2241435], [55.2550706, 25.2241531], [55.255032, 25.2241525], [55.2549954, 25.2241419], [55.254963, 25.2241215], [55.2549389, 25.2240933]]}, "properties": {"class": "tertiary"}}, {"type": "Feature", "geometry": {"type": "LineString", "coordinates": [[55.255959, 25.2236906], [55.2559015, 25.2237247], [55.2555673, 25.223923], [55.2555335, 25.2239416], [55.2554951, 25.2239498], [55.2554557, 25.2239467], [55.2554194, 25.2239329], [55.2553458, 25.2239075], [55.2553116, 25.2239034], [55.2552761, 25.2239056], [55.2552474, 25.2239129], [55.255242, 25.2239143]]}, "properties": {"class": "residential"}}, {"type": "Feature", "geometry": {"type": "LineString", "coordinates": [[55.255242, 25.2239143], [55.2552195, 25.2239514], [55.2552002, 25.2239899], [55.2551842, 25.2240297]]}, "properties": {"class": "residential"}}, {"type": "Feature", "geometry": {"type": "LineString", "coordinates": [[55.2551806, 25.2240642], [55.255222, 25.2241076], [55.2552658, 25.2241491], [55.255312, 25.2241885], [55.2553602, 25.2242259]]}, "properties": {"class": "tertiary"}}, {"type": "Feature", "geometry": {"type": "LineString", "coordinates": [[55.2553602, 25.2242259], [55.2553002, 25.2241985], [55.2552378, 25.2241758], [55.2551736, 25.2241576], [55.2551076, 25.2241435]]}, "properties": {"class": "tertiary"}}, {"type": "Feature", "geometry": {"type": "LineString", "coordinates": [[55.2551064, 25.2239271], [55.2551518, 25.2239246], [55.255197, 25.2239204], [55.255242, 25.2239143]]}, "properties": {"class": "residential"}}, {"type": "Feature", "geometry": {"type": "LineString", "coordinates": [[55.2549954, 25.2241419], [55.254941, 25.2241452], [55.2548873, 25.2241523], [55.2548343, 25.2241633], [55.2547825, 25.2241782]]}, "properties": {"class": "tertiary"}}, {"type": "Feature", "geometry": {"type": "LineString", "coordinates": [[55.2547825, 25.2241782], [55.2548213, 25.2241426], [55.2548576, 25.2241051], [55.2548913, 25.2240656], [55.2549228, 25.2240244]]}, "properties": {"class": "tertiary"}}, {"type": "Feature", "geometry": {"type": "LineString", "coordinates": [[55.2547825, 25.2241782], [55.2547108, 25.2242118], [55.2546255, 25.2242654], [55.2545795, 25.2242968], [55.2545213, 25.2243474], [55.2544656, 25.2244004], [55.2544394, 25.2244275], [55.254366, 25.2244967], [55.2542874, 25.2245611], [55.2542215, 25.2246098], [55.254202, 25.2246219], [55.2541483, 25.2246559], [55.2541167, 25.2246744], [55.2539607, 25.2247477]]}, "properties": {"class": "tertiary"}}, {"type": "Feature", "geometry": {"type": "LineString", "coordinates": [[55.2586545, 25.228241], [55.2586103, 25.2281635], [55.2585649, 25.2280927], [55.258354, 25.2278175], [55.2581269, 25.2275211], [55.257654, 25.2269146], [55.2573036, 25.2264615], [55.2570774, 25.2261694], [55.2565073, 25.2254327], [55.2559738, 25.2247368], [55.2558984, 25.2246474], [55.2558132, 25.2245586], [55.2557225, 25.2244753], [55.2556075, 25.2243833], [55.2554745, 25.224292], [55.2553602, 25.2242259]]}, "properties": {"class": "tertiary"}}, {"type": "Feature", "geometry": {"type": "LineString", "coordinates": [[55.2588852, 25.228632], [55.2588488, 25.2286561], [55.2588058, 25.2286687], [55.2587683, 25.2286695], [55.2587319, 25.2286614], [55.2587145, 25.2286544], [55.2586882, 25.2286369], [55.2586675, 25.2286158], [55.2586523, 25.2285911], [55.2586422, 25.2285567], [55.2586429, 25.228521], [55.2586544, 25.2284869], [55.2586781, 25.2284546], [55.2587117, 25.2284298], [55.258752, 25.2284154], [55.2587953, 25.2284125], [55.2588269, 25.2284181], [55.2588563, 25.22843], [55.2588905, 25.2284555], [55.2589144, 25.2284892], [55.2589257, 25.228528], [55.258925, 25.2285598], [55.2589115, 25.2285988], [55.2588852, 25.228632]]}, "properties": {"class": "tertiary"}}, {"type": "Feature", "geometry": {"type": "LineString", "coordinates": [[55.2615488, 25.2266479], [55.2615551, 25.2267043], [55.2615604, 25.2267273], [55.2615679, 25.2267598], [55.2615872, 25.2268138]]}, "properties": {"class": "residential"}}, {"type": "Feature", "geometry": {"type": "LineString", "coordinates": [[55.2615872, 25.2268138], [55.2615443, 25.2267914], [55.2614985, 25.2267744], [55.2614506, 25.2267632], [55.2614014, 25.2267579]]}, "properties": {"class": "residential"}}, {"type": "Feature", "geometry": {"type": "LineString", "coordinates": [[55.2600846, 25.2276955], [55.2600169, 25.2277552], [55.2598849, 25.2278724], [55.2597673, 25.2279656], [55.2596457, 25.2280545], [55.2595202, 25.2281389], [55.2593866, 25.228225], [55.2592493, 25.228306], [55.2591092, 25.2283831], [55.2590444, 25.2284272], [55.2589834, 25.2284755], [55.2589257, 25.228528]]}, "properties": {"class": "tertiary"}}, {"type": "Feature", "geometry": {"type": "LineString", "coordinates": [[55.2586523, 25.2285911], [55.2585951, 25.2285924], [55.2585387, 25.2285975], [55.2584829, 25.2286066], [55.258428, 25.2286196], [55.2583848, 25.2286309], [55.2583234, 25.2286527], [55.2582804, 25.2286718], [55.2580557, 25.2287935]]}, "properties": {"class": "tertiary"}}, {"type": "Feature", "geometry": {"type": "LineString", "coordinates": [[55.2580222, 25.228751], [55.2582435, 25.2286151], [55.2582865, 25.2285917], [55.2583196, 25.2285787], [55.2583523, 25.2285663], [55.2584391, 25.2285329], [55.2585099, 25.2285132], [55.258582, 25.228498], [55.2586544, 25.2284869]]}, "properties": {"class": "tertiary"}}, {"type": "Feature", "geometry": {"type": "LineString", "coordinates": [[55.2578714, 25.2288528], [55.2578556, 25.2288228], [55.2578537, 25.2287897], [55.257866, 25.2287584], [55.2578905, 25.2287337], [55.2579236, 25.2287194], [55.2579603, 25.2287177], [55.2579949, 25.2287288], [55.2580222, 25.228751], [55.2580557, 25.2287935], [55.2580715, 25.2288234], [55.2580734, 25.2288566], [55.2580611, 25.2288879], [55.2580366, 25.2289125], [55.2580034, 25.2289268], [55.2579668, 25.2289286], [55.2579322, 25.2289175], [55.2579049, 25.2288952], [55.2578863, 25.2288743], [55.2578714, 25.2288528]]}, "properties": {"class": "tertiary"}}, {"type": "Feature", "geometry": {"type": "LineString", "coordinates": [[55.2615675, 25.2329996], [55.2614902, 25.232923], [55.2613883, 25.2328222], [55.261321, 25.2327479], [55.2612672, 25.2326819], [55.2612192, 25.2326267], [55.2611354, 25.2325218], [55.2610561, 25.232414], [55.2610103, 25.2323442], [55.2609436, 25.2322424], [55.2609167, 25.2321975], [55.2608954, 25.2321502], [55.2608799, 25.2321011], [55.2608509, 25.2320423], [55.2608173, 25.2319871], [55.2606769, 25.2318026], [55.2605183, 25.231589], [55.2603764, 25.2313978], [55.2602347, 25.231207], [55.2598267, 25.2306573], [55.2596497, 25.2304164], [55.2595067, 25.2302218], [55.2593882, 25.2300605], [55.259015, 25.2295783], [55.2589864, 25.2295364], [55.2589651, 25.2294911], [55.2589528, 25.2294509], [55.2589446, 25.2294034], [55.2589318, 25.2293568], [55.2589143, 25.2293114], [55.2588866, 25.2292433], [55.2588508, 25.2291785], [55.2588073, 25.2291176], [55.2587568, 25.2290613], [55.2586997, 25.2290104], [55.2586369, 25.2289654], [55.2585774, 25.2289276], [55.2585147, 25.2288917], [55.2584595, 25.2288425], [55.2584101, 25.2287886], [55.2583769, 25.2287414], [55.2583234, 25.2286527]]}, "properties": {"class": "residential"}}, {"type": "Feature", "geometry": {"type": "LineString", "coordinates": [[55.2539607, 25.2247477], [55.253936, 25.2247948], [55.2538963, 25.2248452], [55.253851, 25.2248915], [55.25378, 25.2249571], [55.2537022, 25.2250149], [55.2536186, 25.2250656], [55.2535769, 25.225086], [55.2535303, 25.2251088]]}, "properties": {"class": "tertiary"}}, {"type": "Feature", "geometry": {"type": "LineString", "coordinates": [[55.2534719, 25.2250572], [55.2535482, 25.2250344], [55.2536191, 25.2249998], [55.2536824, 25.2249548], [55.2537363, 25.2249007], [55.2537799, 25.2248393], [55.2538137, 25.2247973], [55.253859, 25.2247654], [55.2539123, 25.2247461], [55.2539607, 25.2247477]]}, "properties": {"class": "tertiary"}}, {"type": "Feature", "geometry": {"type": "LineString", "coordinates": [[55.2534719, 25.2250572], [55.2535063, 25.2250782], [55.2535303, 25.2251088], [55.2535407, 25.2251424], [55.2535384, 25.2251773], [55.2535236, 25.2252096], [55.253505, 25.2252301], [55.2534813, 25.2252458], [55.253454, 25.2252556], [55.2534204, 25.2252589], [55.2533871, 25.2252532], [55.2533568, 25.225239], [55.2533323, 25.2252175], [55.2533158, 25.2251905], [55.2533087, 25.2251603], [55.2533105, 25.2251305], [55.2533236, 25.2251015], [55.2533447, 25.2250772], [55.2533726, 25.2250594], [55.2534051, 25.2250497], [55.2534391, 25.225049], [55.2534719, 25.2250572]]}, "properties": {"class": "tertiary"}}, {"type": "Feature", "geometry": {"type": "LineString", "coordinates": [[55.2499613, 25.2277172], [55.2500196, 25.2276952], [55.2500745, 25.2276667], [55.2501142, 25.2276395], [55.2501249, 25.2276321], [55.250289, 25.2274893], [55.2503229, 25.2274573], [55.2503596, 25.227428], [55.2503989, 25.2274016]]}, "properties": {"class": "tertiary"}}, {"type": "Feature", "geometry": {"type": "LineString", "coordinates": [[55.2503989, 25.2274016], [55.2503727, 25.2274439], [55.2503433, 25.2274845], [55.2503109, 25.2275232], [55.2501377, 25.2277041], [55.2501068, 25.227739], [55.2500838, 25.2277785], [55.250071, 25.2278211]]}, "properties": {"class": "tertiary"}}, {"type": "Feature", "geometry": {"type": "LineString", "coordinates": [[55.2528982, 25.2254777], [55.2518173, 25.2261402], [55.2516169, 25.2262746], [55.2514224, 25.226416], [55.2512342, 25.2265641], [55.2510526, 25.2267188], [55.2508779, 25.2268799], [55.2507102, 25.227047], [55.2505499, 25.2272199], [55.2503989, 25.2274016]]}, "properties": {"class": "tertiary"}}, {"type": "Feature", "geometry": {"type": "LineString", "coordinates": [[55.2533871, 25.2252532], [55.2533267, 25.2252624], [55.2532691, 25.2252809], [55.253216, 25.2253084], [55.2532008, 25.2253179], [55.2531676, 25.2253388], [55.2531172, 25.2253665], [55.2530651, 25.2253914], [55.2528982, 25.2254777]]}, "properties": {"class": "tertiary"}}, {"type": "Feature", "geometry": {"type": "LineString", "coordinates": [[55.2528982, 25.2254777], [55.2530471, 25.2253571], [55.2530904, 25.2253224], [55.2531367, 25.2252911], [55.2531856, 25.2252633], [55.2532313, 25.2252338], [55.2532724, 25.2251993], [55.2533087, 25.2251603]]}, "properties": {"class": "tertiary"}}, {"type": "Feature", "geometry": {"type": "LineString", "coordinates": [[55.2619215, 25.1801547], [55.2613304, 25.1806162], [55.2612773, 25.1806597], [55.2612259, 25.1807049], [55.2611763, 25.1807516], [55.2611114, 25.1808154], [55.2610487, 25.180881], [55.2609882, 25.1809483], [55.26093, 25.1810172], [55.2608815, 25.1810786], [55.2608304, 25.1811384], [55.2607767, 25.1811961], [55.2607202, 25.1812518], [55.2605529, 25.1814123], [55.2604792, 25.1814792], [55.2604022, 25.1815429], [55.260322, 25.1816033], [55.2602388, 25.1816604], [55.2601528, 25.1817138], [55.2600642, 25.1817637], [55.259619, 25.1819936], [55.2589443, 25.1824316], [55.2588687, 25.1824738], [55.258791, 25.1825128], [55.2587115, 25.1825485], [55.2586301, 25.1825808]]}, "properties": {"class": "tertiary"}}, {"type": "Feature", "geometry": {"type": "LineString", "coordinates": [[55.2619215, 25.1801547], [55.2620395, 25.1800569], [55.2623398, 25.1798477], [55.2634969, 25.1791013]]}, "properties": {"class": "tertiary"}}, {"type": "Feature", "geometry": {"type": "LineString", "coordinates": [[55.2576095, 25.1830663], [55.2575177, 25.1831172], [55.2574245, 25.1831661], [55.2573302, 25.1832131], [55.2572347, 25.1832615], [55.257146, 25.183311], [55.2570696, 25.1833586], [55.2569947, 25.1834081], [55.2569215, 25.1834596], [55.2568633, 25.1835029], [55.2559149, 25.1842327], [55.2558608, 25.1842741]]}, "properties": {"class": "tertiary"}}, {"type": "Feature", "geometry": {"type": "LineString", "coordinates": [[55.2576095, 25.1830663], [55.2576895, 25.1830111], [55.257766, 25.182952], [55.2578389, 25.1828891], [55.2579079, 25.1828229], [55.2579729, 25.1827534], [55.2581279, 25.1825842], [55.2582017, 25.1825031], [55.2582807, 25.182426], [55.2583645, 25.1823532], [55.2584551, 25.1822866], [55.258516, 25.1822397], [55.2585802, 25.1821985], [55.2588075, 25.1820576], [55.2589318, 25.1819871], [55.2590651, 25.1819165], [55.2591933, 25.1818439], [55.2593185, 25.181768], [55.2594422, 25.18169], [55.2595644, 25.1816101], [55.259667, 25.1815418], [55.2597721, 25.1814734], [55.2601213, 25.1812535], [55.2602197, 25.1811912], [55.2603138, 25.1811244], [55.2604033, 25.1810525], [55.260488, 25.180976], [55.2605673, 25.1808949], [55.2606412, 25.1808098], [55.2607093, 25.1807207], [55.2609432, 25.1803535]]}, "properties": {"class": "tertiary"}}, {"type": "Feature", "geometry": {"type": "LineString", "coordinates": [[55.2586301, 25.1825808], [55.2584404, 25.1826659], [55.258252, 25.1827535], [55.2580651, 25.1828436], [55.2578797, 25.1829361], [55.2576095, 25.1830663]]}, "properties": {"class": "tertiary"}}, {"type": "Feature", "geometry": {"type": "LineString", "coordinates": [[55.274743, 25.2181537], [55.2751149, 25.2179131], [55.2752384, 25.2178362]]}, "properties": {"class": "residential"}}, {"type": "Feature", "geometry": {"type": "LineString", "coordinates": [[55.2746439, 25.2183096], [55.2746292, 25.2183243], [55.2746109, 25.2183352], [55.2745903, 25.2183417], [55.2745685, 25.2183433], [55.2745535, 25.2183415], [55.2745321, 25.2183345], [55.2745135, 25.2183227], [55.2744989, 25.218307], [55.2744892, 25.2182885], [55.2744852, 25.2182683], [55.2744871, 25.2182478], [55.2744948, 25.2182282], [55.274508, 25.2182111], [55.2745257, 25.2181978], [55.2745466, 25.2181891], [55.2745693, 25.2181856], [55.2745834, 25.2181862], [55.2746074, 25.2181922], [55.2746285, 25.2182041], [55.2746451, 25.2182209], [55.2746557, 25.2182412], [55.2746596, 25.2182635], [55.2746563, 25.2182858], [55.274654, 25.2182921], [55.2746439, 25.2183096]]}, "properties": {"class": "residential"}}, {"type": "Feature", "geometry": {"type": "LineString", "coordinates": [[55.259076, 25.2120481], [55.2590171, 25.2120539], [55.2589598, 25.212068], [55.2589057, 25.2120898], [55.2584429, 25.2123527]]}, "properties": {"class": "residential"}}, {"type": "Feature", "geometry": {"type": "LineString", "coordinates": [[55.2715916, 25.1922084], [55.2715376, 25.1921724], [55.2714813, 25.1921403], [55.2714214, 25.1921144], [55.2713584, 25.192095], [55.2712914, 25.1920905], [55.2711353, 25.1920945]]}, "properties": {"class": "residential"}}, {"type": "Feature", "geometry": {"type": "LineString", "coordinates": [[55.2711079, 25.1918723], [55.2711684, 25.1918656], [55.2712292, 25.1918689], [55.2712884, 25.1918821], [55.2713438, 25.1919048]]}, "properties": {"class": "residential"}}, {"type": "Feature", "geometry": {"type": "LineString", "coordinates": [[55.2551442, 25.1848239], [55.2555394, 25.1845207], [55.2558608, 25.1842741]]}, "properties": {"class": "tertiary"}}, {"type": "Feature", "geometry": {"type": "LineString", "coordinates": [[55.2842892, 25.2002742], [55.2839341, 25.2003256], [55.2838603, 25.2003436], [55.2837883, 25.2003671], [55.2837188, 25.2003961], [55.2836523, 25.2004302], [55.2824333, 25.2010772]]}, "properties": {"class": "residential"}}, {"type": "Feature", "geometry": {"type": "LineString", "coordinates": [[55.2847659, 25.2014715], [55.2842675, 25.201544], [55.2838426, 25.2016058], [55.2836063, 25.2016402], [55.2826562, 25.2017784]]}, "properties": {"class": "residential"}}, {"type": "Feature", "geometry": {"type": "LineString", "coordinates": [[55.2812667, 25.1921954], [55.2813342, 25.1921506]]}, "properties": {"class": "tertiary"}}, {"type": "Feature", "geometry": {"type": "LineString", "coordinates": [[55.2730979, 25.1922129], [55.2732594, 25.192124], [55.2733886, 25.1920595], [55.2735832, 25.1919756], [55.2737124, 25.191923], [55.2737851, 25.191893], [55.2739215, 25.191814], [55.2739836, 25.1917602], [55.274034, 25.1916972], [55.274071, 25.1916271], [55.2740934, 25.191552], [55.2741006, 25.1914745], [55.2741055, 25.1913637]]}, "properties": {"class": "residential"}}, {"type": "Feature", "geometry": {"type": "LineString", "coordinates": [[55.2700035, 25.191592], [55.2694594, 25.1911032], [55.2694392, 25.1910818], [55.2694276, 25.1910556], [55.2694259, 25.1910275], [55.2694342, 25.1910004], [55.2694518, 25.1909771], [55.2697993, 25.1906815]]}, "properties": {"class": "residential"}}, {"type": "Feature", "geometry": {"type": "LineString", "coordinates": [[55.2548843, 25.2222191], [55.2542445, 25.2226325], [55.2542112, 25.2226677], [55.2541928, 25.2227109], [55.2541914, 25.2227572], [55.2542073, 25.2228013], [55.2544918, 25.2231805], [55.2545169, 25.2232147], [55.2546396, 25.2233822], [55.2547735, 25.2235772], [55.254902, 25.2237754]]}, "properties": {"class": "residential"}}, {"type": "Feature", "geometry": {"type": "LineString", "coordinates": [[55.2655201, 25.2263279], [55.2655378, 25.226371], [55.2655416, 25.2264168], [55.265531, 25.2264618], [55.265507, 25.2265023], [55.2654715, 25.2265352], [55.2654272, 25.2265577], [55.2645229, 25.2269184]]}, "properties": {"class": "residential"}}, {"type": "Feature", "geometry": {"type": "LineString", "coordinates": [[55.2928548, 25.2021388], [55.2929194, 25.2021221], [55.2929815, 25.2020994], [55.2930407, 25.2020709], [55.2930961, 25.2020369]]}, "properties": {"class": "tertiary"}}, {"type": "Feature", "geometry": {"type": "LineString", "coordinates": [[55.2930961, 25.2020369], [55.2930569, 25.2020847], [55.2930209, 25.2021345], [55.2929883, 25.2021861], [55.2929587, 25.2022397]]}, "properties": {"class": "tertiary"}}, {"type": "Feature", "geometry": {"type": "LineString", "coordinates": [[55.2926006, 25.1858064], [55.2925685, 25.1856824], [55.2925204, 25.1855561], [55.292447, 25.1854475], [55.2923555, 25.1853508], [55.2922481, 25.1852684], [55.2921211, 25.1852037], [55.2919906, 25.1851656], [55.2918535, 25.1851372], [55.2917133, 25.1851116], [55.2915807, 25.1850788], [55.2914633, 25.1850327], [55.2913509, 25.1849779], [55.2912442, 25.184913], [55.2911441, 25.1848385], [55.2910512, 25.1847568], [55.2909826, 25.1846784], [55.2908897, 25.1845734], [55.2908008, 25.1844847], [55.2907766, 25.1844635], [55.2907011, 25.1844058], [55.2905923, 25.1843376], [55.2904756, 25.1842813], [55.2903524, 25.1842374], [55.2902245, 25.1842068], [55.2900936, 25.1841897]]}, "properties": {"class": "tertiary"}}, {"type": "Feature", "geometry": {"type": "LineString", "coordinates": [[55.2901144, 25.1840779], [55.2902283, 25.1840877], [55.2903409, 25.1841062], [55.2904514, 25.1841334], [55.2905589, 25.184169], [55.2906447, 25.1842044], [55.2907276, 25.1842453], [55.2908071, 25.1842912], [55.2908829, 25.1843458], [55.2909495, 25.1844065], [55.2911146, 25.1845833], [55.2911941, 25.1846606], [55.2912802, 25.1847319], [55.2913723, 25.1847968], [55.2914699, 25.1848546], [55.2915724, 25.1849052], [55.291679, 25.1849482], [55.2917891, 25.1849832], [55.291902, 25.1850101], [55.2920168, 25.1850287], [55.2921506, 25.185066], [55.2922774, 25.1851184], [55.2923942, 25.1851874], [55.2924239, 25.1852114], [55.2924982, 25.1852714], [55.2925872, 25.1853686], [55.2926591, 25.1854767], [55.2927123, 25.1855933], [55.2927571, 25.185716]]}, "properties": {"class": "tertiary"}}, {"type": "Feature", "geometry": {"type": "LineString", "coordinates": [[55.2879868, 25.1923214], [55.288099, 25.1924569], [55.2882167, 25.1925884], [55.28834, 25.1927157], [55.2884686, 25.1928387], [55.2886022, 25.1929571], [55.2887408, 25.1930707], [55.2887561, 25.1930823], [55.2888841, 25.1931795], [55.2890261, 25.1932818], [55.2892186, 25.1934204]]}, "properties": {"class": "residential"}}, {"type": "Feature", "geometry": {"type": "LineString", "coordinates": [[55.2912987, 25.2024948], [55.2922918, 25.2023529]]}, "properties": {"class": "residential"}}, {"type": "Feature", "geometry": {"type": "LineString", "coordinates": [[55.2855053, 25.2041655], [55.2854397, 25.2038151], [55.2854333, 25.203793], [55.2854171, 25.2037753], [55.2853943, 25.2037653], [55.285369, 25.2037649], [55.2851137, 25.2038066], [55.285052, 25.2038167], [55.2850218, 25.2038225], [55.2849959, 25.2038378], [55.2849779, 25.2038604], [55.2849701, 25.2038875], [55.2849736, 25.2039153], [55.2850252, 25.2042407]]}, "properties": {"class": "residential"}}, {"type": "Feature", "geometry": {"type": "LineString", "coordinates": [[55.2858794, 25.2033567], [55.2851804, 25.2034619], [55.2851616, 25.2034624], [55.2851442, 25.2034558], [55.2851314, 25.2034432], [55.2851256, 25.2034268], [55.2850212, 25.2028041]]}, "properties": {"class": "residential"}}, {"type": "Feature", "geometry": {"type": "LineString", "coordinates": [[55.2453596, 25.1810856], [55.2455197, 25.1809605], [55.2460808, 25.1805222]]}, "properties": {"class": "residential"}}, {"type": "Feature", "geometry": {"type": "LineString", "coordinates": [[55.2586159, 25.2254856], [55.2589593, 25.2252521], [55.2589772, 25.2252457], [55.2589962, 25.2252435], [55.2590153, 25.2252456], [55.2590332, 25.2252518], [55.2590488, 25.2252619], [55.2590612, 25.2252751], [55.2593546, 25.2256725], [55.2593616, 25.2256899], [55.2593633, 25.2257083], [55.2593596, 25.2257265], [55.2593506, 25.2257432], [55.2593372, 25.2257571], [55.2589981, 25.2259751]]}, "properties": {"class": "residential"}}, {"type": "Feature", "geometry": {"type": "LineString", "coordinates": [[55.2826177, 25.1962053], [55.2825354, 25.1960976], [55.2822233, 25.1957093]]}, "properties": {"class": "primary"}}, {"type": "Feature", "geometry": {"type": "LineString", "coordinates": [[55.2824828, 25.1956815], [55.2826979, 25.195985], [55.2827718, 25.1960883]]}, "properties": {"class": "primary"}}, {"type": "Feature", "geometry": {"type": "LineString", "coordinates": [[55.2788416, 25.2133571], [55.2788012, 25.2133441], [55.2787593, 25.2133359], [55.2787248, 25.2133345], [55.2786969, 25.2133355], [55.2785832, 25.2133546]]}, "properties": {"class": "tertiary"}}, {"type": "Feature", "geometry": {"type": "LineString", "coordinates": [[55.2785832, 25.2133546], [55.2786528, 25.2132799], [55.2786666, 25.2132611], [55.278685, 25.2132317], [55.2786985, 25.2132002], [55.2787069, 25.2131673]]}, "properties": {"class": "tertiary"}}, {"type": "Feature", "geometry": {"type": "LineString", "coordinates": [[55.2778907, 25.2137536], [55.2778617, 25.2137899], [55.2778355, 25.2138279], [55.2778124, 25.2138674], [55.2777923, 25.2139083]]}, "properties": {"class": "tertiary"}}, {"type": "Feature", "geometry": {"type": "LineString", "coordinates": [[55.2777087, 25.2137858], [55.2777552, 25.2137837], [55.2778014, 25.2137776], [55.2778466, 25.2137675], [55.2778907, 25.2137536]]}, "properties": {"class": "tertiary"}}, {"type": "Feature", "geometry": {"type": "LineString", "coordinates": [[55.2614834, 25.1915071], [55.2615079, 25.191559], [55.2615355, 25.1916096], [55.2615662, 25.1916588], [55.2615998, 25.1917064]]}, "properties": {"class": "tertiary"}}, {"type": "Feature", "geometry": {"type": "LineString", "coordinates": [[55.2614762, 25.1917212], [55.2614856, 25.1916678], [55.2614901, 25.1916143], [55.2614894, 25.1915606], [55.2614834, 25.1915071]]}, "properties": {"class": "tertiary"}}, {"type": "Feature", "geometry": {"type": "LineString", "coordinates": [[55.2452621, 25.1945218], [55.2462828, 25.1960756]]}, "properties": {"class": "primary"}}, {"type": "Feature", "geometry": {"type": "LineString", "coordinates": [[55.291112, 25.1981602], [55.2904545, 25.1971228], [55.2897994, 25.1960893], [55.2893789, 25.195433]]}, "properties": {"class": "primary"}}, {"type": "Feature", "geometry": {"type": "LineString", "coordinates": [[55.2706904, 25.2227854], [55.2708253, 25.2227033], [55.2710483, 25.2225674]]}, "properties": {"class": "tertiary"}}, {"type": "Feature", "geometry": {"type": "LineString", "coordinates": [[55.2745914, 25.2205873], [55.2745273, 25.2205976], [55.2744687, 25.2206166], [55.2744149, 25.2206448], [55.2731907, 25.2214096], [55.2729747, 25.2215446], [55.2725849, 25.2217938], [55.2722592, 25.2219984], [55.2720196, 25.2221272], [55.2717806, 25.2222379], [55.2714371, 25.2223796], [55.2712343, 25.22248], [55.2711722, 25.2225094], [55.2711097, 25.2225381], [55.2710483, 25.2225674]]}, "properties": {"class": "tertiary"}}, {"type": "Feature", "geometry": {"type": "LineString", "coordinates": [[55.2747078, 25.2184347], [55.2749885, 25.2187975]]}, "properties": {"class": "residential"}}, {"type": "Feature", "geometry": {"type": "LineString", "coordinates": [[55.2752394, 25.2191192], [55.2755503, 25.219523]]}, "properties": {"class": "residential"}}, {"type": "Feature", "geometry": {"type": "LineString", "coordinates": [[55.2751685, 25.2189022], [55.275182, 25.2189182], [55.2751904, 25.2189368], [55.2751933, 25.2189567], [55.2751924, 25.2189683], [55.2751857, 25.2189889], [55.275173, 25.219007], [55.2751552, 25.2190213], [55.2751339, 25.2190307], [55.2751105, 25.2190344], [55.2750947, 25.2190336], [55.2750794, 25.2190301], [55.2750585, 25.2190205], [55.2750412, 25.2190061], [55.2750289, 25.218988], [55.2750225, 25.2189676], [55.2750225, 25.2189463], [55.2750262, 25.218932], [55.2750362, 25.2189137], [55.2750511, 25.2188983], [55.2750699, 25.218887], [55.2750913, 25.2188806], [55.2751138, 25.2188794], [55.2751305, 25.218882], [55.275151, 25.2188899], [55.2751685, 25.2189022]]}, "properties": {"class": "residential"}}, {"type": "Feature", "geometry": {"type": "LineString", "coordinates": [[55.2745321, 25.2202688], [55.2745692, 25.2202465], [55.2746107, 25.2202319], [55.2746547, 25.2202256], [55.2746992, 25.2202281], [55.2747421, 25.2202391], [55.2747827, 25.220259], [55.2748174, 25.2202865], [55.2748445, 25.2203204], [55.2748626, 25.2203588], [55.2748708, 25.2203999], [55.2748689, 25.2204402], [55.2748576, 25.2204792], [55.2748494, 25.2204937], [55.2748373, 25.220515], [55.2748129, 25.2205426], [55.2747832, 25.2205655], [55.2747493, 25.220583], [55.2747123, 25.2205944], [55.2746717, 25.2205993], [55.2746626, 25.2205989], [55.2746309, 25.2205969], [55.2745914, 25.2205873], [55.27456, 25.2205737], [55.2745315, 25.2205556], [55.2745069, 25.2205334], [55.2744867, 25.2205077], [55.2744715, 25.2204794], [55.2744618, 25.2204492], [55.2744579, 25.2204179], [55.2744602, 25.2203841], [55.2744691, 25.2203513], [55.2744845, 25.2203205], [55.2745057, 25.2202927], [55.2745321, 25.2202688]]}, "properties": {"class": "tertiary"}}, {"type": "Feature", "geometry": {"type": "LineString", "coordinates": [[55.2811057, 25.2256115], [55.2811417, 25.2256056], [55.2811763, 25.2255947], [55.2812086, 25.225579], [55.2812377, 25.225559], [55.2813199, 25.2255091], [55.2813463, 25.2254927], [55.2813713, 25.2254746], [55.2813949, 25.2254549], [55.2814114, 25.2254429], [55.2814315, 25.2254367], [55.2814527, 25.2254371], [55.2814724, 25.2254441], [55.2814883, 25.2254568], [55.2814985, 25.2254736], [55.2815017, 25.2254926], [55.2814974, 25.2255114], [55.2814864, 25.2255277], [55.2814698, 25.2255397], [55.2812994, 25.2256288], [55.2812627, 25.2256504], [55.2812283, 25.2256749], [55.281197, 25.2257018], [55.2811684, 25.2257311]]}, "properties": {"class": "residential"}}, {"type": "Feature", "geometry": {"type": "LineString", "coordinates": [[55.2798493, 25.2265717], [55.279818, 25.2265765], [55.2797876, 25.2265848], [55.2797585, 25.2265963], [55.2797312, 25.226611], [55.2797062, 25.2266286], [55.2796796, 25.2266495], [55.2796649, 25.2266616], [55.2796477, 25.226671], [55.2796279, 25.2266744], [55.2796081, 25.2266712], [55.2795908, 25.226662], [55.2795781, 25.2266479], [55.2795716, 25.2266297], [55.279573, 25.2266106], [55.279582, 25.2265934], [55.2795974, 25.2265803], [55.2796163, 25.2265696], [55.2796398, 25.2265594], [55.2796609, 25.2265456], [55.2796792, 25.2265288], [55.279694, 25.2265094]]}, "properties": {"class": "residential"}}, {"type": "Feature", "geometry": {"type": "LineString", "coordinates": [[55.281885, 25.2257471], [55.2817505, 25.2256817], [55.2817061, 25.2256615], [55.2816596, 25.2256457], [55.2816115, 25.2256342], [55.2815817, 25.22563], [55.2815128, 25.225625], [55.2814632, 25.2256273], [55.2814141, 25.2256342], [55.281366, 25.2256457], [55.2813193, 25.2256612], [55.2812429, 25.2256945], [55.2811684, 25.2257311], [55.2810958, 25.2257709], [55.2810256, 25.2258138], [55.2802903, 25.2262875], [55.2798493, 25.2265717], [55.2797612, 25.2266285], [55.2797302, 25.2266491], [55.2797026, 25.2266717], [55.2796787, 25.2266976], [55.2796592, 25.2267264], [55.2796443, 25.2267573], [55.2796345, 25.2267898], [55.2796298, 25.2268233], [55.279625, 25.2268748]]}, "properties": {"class": "residential"}}, {"type": "Feature", "geometry": {"type": "LineString", "coordinates": [[55.2793852, 25.2265527], [55.2794301, 25.2265633], [55.2794761, 25.2265682], [55.2795224, 25.2265675], [55.2795682, 25.2265611], [55.2796126, 25.2265491], [55.2796548, 25.2265318], [55.279694, 25.2265094], [55.2802077, 25.2261827], [55.2811057, 25.2256115], [55.2812947, 25.2254913], [55.2813088, 25.2254824], [55.281343, 25.2254582], [55.281373, 25.2254299], [55.2813984, 25.225398], [55.2814186, 25.2253633], [55.2814285, 25.2253379], [55.2814417, 25.2252878], [55.2814443, 25.2252486], [55.2814407, 25.2252095], [55.2814311, 25.2251712]]}, "properties": {"class": "residential"}}, {"type": "Feature", "geometry": {"type": "LineString", "coordinates": [[55.2748494, 25.2204937], [55.2748583, 25.2205295], [55.2748708, 25.2205644], [55.274887, 25.220598], [55.2749066, 25.2206302], [55.2749694, 25.2207068], [55.2752324, 25.2210276], [55.2752747, 25.2210791], [55.2753965, 25.2212446], [55.275832, 25.2218219], [55.2764029, 25.2225786], [55.2765443, 25.2227677], [55.2768305, 25.2231453], [55.2768635, 25.2231832], [55.2768999, 25.2232184], [55.2769394, 25.2232508], [55.276982, 25.2232794]]}, "properties": {"class": "residential"}}, {"type": "Feature", "geometry": {"type": "LineString", "coordinates": [[55.2740469, 25.2196362], [55.2741381, 25.2197526], [55.2744596, 25.2201629]]}, "properties": {"class": "residential"}}, {"type": "Feature", "geometry": {"type": "LineString", "coordinates": [[55.2767778, 25.2234034], [55.2767581, 25.2233552], [55.2767366, 25.2233084], [55.2767118, 25.2232629], [55.2766838, 25.223219], [55.2757016, 25.2219046], [55.275151, 25.2211656], [55.2748586, 25.2207769], [55.2748051, 25.2207048], [55.2747751, 25.2206727], [55.2747409, 25.2206441], [55.2747033, 25.2206194], [55.2746626, 25.2205989]]}, "properties": {"class": "residential"}}, {"type": "Feature", "geometry": {"type": "LineString", "coordinates": [[55.2740265, 25.2251875], [55.2748007, 25.2247155], [55.2752133, 25.224456], [55.2754031, 25.2243371], [55.2758058, 25.2240836], [55.276619, 25.223572], [55.2766621, 25.2235386], [55.2767024, 25.2235025], [55.2767396, 25.2234637], [55.2767742, 25.2234227]]}, "properties": {"class": "residential"}}, {"type": "Feature", "geometry": {"type": "LineString", "coordinates": [[55.2740963, 25.225295], [55.2740316, 25.2253214], [55.2739929, 25.2253294], [55.2739746, 25.2253332], [55.2738949, 25.2253303], [55.2738324, 25.225314], [55.2737746, 25.2252849]]}, "properties": {"class": "residential"}}, {"type": "Feature", "geometry": {"type": "LineString", "coordinates": [[55.276853, 25.2233051], [55.2768931, 25.2232868], [55.276937, 25.2232781], [55.276982, 25.2232794], [55.2769946, 25.2232816], [55.2770383, 25.2232964], [55.2770763, 25.2233208], [55.2771062, 25.2233532], [55.2771259, 25.2233914], [55.2771341, 25.223433], [55.2771337, 25.223455], [55.2771299, 25.2234768], [55.2771189, 25.2235068], [55.2771018, 25.2235344], [55.2770791, 25.2235584], [55.2770518, 25.223578], [55.2770207, 25.2235925], [55.2769872, 25.2236014], [55.276944, 25.2236045], [55.2769251, 25.2236021], [55.2768919, 25.2235943], [55.2768609, 25.223581], [55.2768333, 25.2235626], [55.27681, 25.2235398], [55.2767919, 25.2235134], [55.2767796, 25.2234844], [55.2767736, 25.2234538], [55.2767742, 25.2234227], [55.2767778, 25.2234034], [55.2767935, 25.2233653], [55.276819, 25.2233318], [55.276853, 25.2233051]]}, "properties": {"class": "residential"}}, {"type": "Feature", "geometry": {"type": "LineString", "coordinates": [[55.2771299, 25.2234768], [55.277146, 25.2235265], [55.2771676, 25.223575], [55.2771936, 25.2236217], [55.2772238, 25.2236662], [55.2776765, 25.2242623], [55.2778076, 25.2244395], [55.2783047, 25.2250932], [55.2787444, 25.2256786], [55.2788553, 25.2258317], [55.2793852, 25.2265527], [55.279625, 25.2268748], [55.2800888, 25.2274977], [55.2802348, 25.2276904], [55.2808169, 25.2284617], [55.280972, 25.2286642], [55.2814095, 25.2292435]]}, "properties": {"class": "residential"}}, {"type": "Feature", "geometry": {"type": "LineString", "coordinates": [[55.2760675, 25.2207094], [55.2766632, 25.2215031], [55.2767466, 25.2216143], [55.2772025, 25.2222217]]}, "properties": {"class": "residential"}}, {"type": "Feature", "geometry": {"type": "LineString", "coordinates": [[55.2754789, 25.2210754], [55.2754355, 25.2211247], [55.2754074, 25.2211824], [55.2753965, 25.2212446]]}, "properties": {"class": "residential"}}, {"type": "Feature", "geometry": {"type": "LineString", "coordinates": [[55.2764029, 25.2225786], [55.2764495, 25.2225951], [55.2764987, 25.222603], [55.2765487, 25.2226023], [55.2765975, 25.2225928]]}, "properties": {"class": "residential"}}, {"type": "Feature", "geometry": {"type": "LineString", "coordinates": [[55.2777589, 25.22159], [55.2778215, 25.2216458], [55.2778442, 25.2216677], [55.2778613, 25.2216935], [55.2778718, 25.221722], [55.2778754, 25.2217519], [55.2778719, 25.2217818], [55.2778615, 25.2218103], [55.2778445, 25.2218361], [55.2778218, 25.2218581], [55.2777945, 25.2218752], [55.2777093, 25.2219109]]}, "properties": {"class": "residential"}}, {"type": "Feature", "geometry": {"type": "LineString", "coordinates": [[55.2717806, 25.2222379], [55.2717384, 25.2223019], [55.2717148, 25.2223733], [55.2717114, 25.2224477], [55.271726, 25.2225171]]}, "properties": {"class": "residential"}}, {"type": "Feature", "geometry": {"type": "LineString", "coordinates": [[55.2752031, 25.2242608], [55.2752471, 25.2242879], [55.2752943, 25.2243102], [55.2753441, 25.2243272], [55.2754031, 25.2243371]]}, "properties": {"class": "residential"}}, {"type": "Feature", "geometry": {"type": "LineString", "coordinates": [[55.2755816, 25.2232515], [55.2749679, 25.2236276]]}, "properties": {"class": "residential"}}, {"type": "Feature", "geometry": {"type": "LineString", "coordinates": [[55.2735946, 25.2221401], [55.2736131, 25.2221313], [55.2736347, 25.2221259], [55.2736572, 25.2221261], [55.2736638, 25.2221278], [55.2736707, 25.2221296], [55.2736787, 25.2221318], [55.2736976, 25.2221427], [55.2737126, 25.2221578], [55.2737224, 25.222176], [55.2737262, 25.222196], [55.273724, 25.2222162], [55.2737182, 25.222229], [55.2737156, 25.222235], [55.2737018, 25.2222511], [55.2736838, 25.2222631], [55.2736648, 25.2222697], [55.2736447, 25.2222719], [55.273636, 25.2222727], [55.2736246, 25.2222695], [55.2736058, 25.2222626], [55.2735894, 25.2222517], [55.2735766, 25.2222374], [55.2735683, 25.2222215], [55.2735645, 25.2222043], [55.2735643, 25.2221952], [55.2735646, 25.2221868], [55.2735708, 25.2221698], [55.2735805, 25.2221546], [55.2735946, 25.2221401]]}, "properties": {"class": "residential"}}, {"type": "Feature", "geometry": {"type": "LineString", "coordinates": [[55.2747613, 25.2236783], [55.2747799, 25.2236713], [55.2747998, 25.2236689], [55.27482, 25.2236708], [55.2748263, 25.2236731], [55.2748385, 25.2236778], [55.2748547, 25.2236886], [55.2748673, 25.2237028], [55.2748755, 25.2237197], [55.2748787, 25.2237379], [55.2748766, 25.2237562], [55.2748694, 25.2237734], [55.2748574, 25.2237883], [55.2748417, 25.2238], [55.2748255, 25.2238069], [55.2748081, 25.2238103], [55.2747902, 25.22381], [55.2747839, 25.2238086], [55.2747729, 25.2238061], [55.274757, 25.2237987], [55.2747433, 25.2237883], [55.2747315, 25.2237736], [55.2747243, 25.2237566], [55.2747221, 25.2237385], [55.2747218, 25.2237314], [55.2747224, 25.2237205], [55.2747329, 25.2237037], [55.2747453, 25.2236894], [55.2747613, 25.2236783]]}, "properties": {"class": "residential"}}, {"type": "Feature", "geometry": {"type": "LineString", "coordinates": [[55.2731959, 25.2216058], [55.2732138, 25.2216296], [55.273535, 25.2220572]]}, "properties": {"class": "residential"}}, {"type": "Feature", "geometry": {"type": "LineString", "coordinates": [[55.2734634, 25.2223113], [55.2721791, 25.2231129]]}, "properties": {"class": "residential"}}, {"type": "Feature", "geometry": {"type": "LineString", "coordinates": [[55.2737525, 25.2223466], [55.2742434, 25.2229959], [55.2746933, 25.2235911]]}, "properties": {"class": "residential"}}, {"type": "Feature", "geometry": {"type": "LineString", "coordinates": [[55.2752031, 25.2242608], [55.2748417, 25.2238]]}, "properties": {"class": "residential"}}, {"type": "Feature", "geometry": {"type": "LineString", "coordinates": [[55.2752133, 25.224456], [55.2752178, 25.2244071], [55.2752176, 25.224358], [55.2752127, 25.2243091], [55.2752031, 25.2242608]]}, "properties": {"class": "residential"}}, {"type": "Feature", "geometry": {"type": "LineString", "coordinates": [[55.2788949, 25.2221445], [55.2789199, 25.2221404], [55.2789517, 25.2221376], [55.2789812, 25.2221489], [55.279001, 25.2221717], [55.2790063, 25.2222003], [55.2789958, 25.2222276], [55.2789833, 25.2222518]]}, "properties": {"class": "residential"}}, {"type": "Feature", "geometry": {"type": "LineString", "coordinates": [[55.2792689, 25.2222961], [55.2791419, 25.2222503], [55.2790974, 25.2222449], [55.279037, 25.2222419], [55.2789833, 25.2222518], [55.2789377, 25.2222723], [55.2785863, 25.2224927], [55.2779246, 25.2229077], [55.2778035, 25.2229837], [55.2772748, 25.223308], [55.2772236, 25.223346], [55.2771761, 25.2233877], [55.2771341, 25.223433]]}, "properties": {"class": "residential"}}, {"type": "Feature", "geometry": {"type": "LineString", "coordinates": [[55.2769946, 25.2232816], [55.2770595, 25.2232658], [55.2771228, 25.223246], [55.2771842, 25.2232219], [55.2772433, 25.2231936], [55.2777301, 25.2228899], [55.2788202, 25.2221957], [55.2788571, 25.2221722], [55.2788949, 25.2221445], [55.2789267, 25.2221021], [55.2789548, 25.2220057], [55.2789536, 25.2218856]]}, "properties": {"class": "residential"}}, {"type": "Feature", "geometry": {"type": "LineString", "coordinates": [[55.2803016, 25.2275103], [55.2802746, 25.2275517], [55.2802542, 25.2275961], [55.2802408, 25.2276426], [55.2802348, 25.2276904]]}, "properties": {"class": "residential"}}, {"type": "Feature", "geometry": {"type": "LineString", "coordinates": [[55.2810847, 25.2284437], [55.2810359, 25.2284883], [55.2809996, 25.2285419], [55.280978, 25.2286016], [55.280972, 25.2286642]]}, "properties": {"class": "residential"}}, {"type": "Feature", "geometry": {"type": "LineString", "coordinates": [[55.2808169, 25.2284617], [55.2808839, 25.2284763], [55.2809529, 25.2284781], [55.2810208, 25.2284671], [55.2810847, 25.2284437]]}, "properties": {"class": "residential"}}, {"type": "Feature", "geometry": {"type": "LineString", "coordinates": [[55.2816287, 25.2270337], [55.28203, 25.2275646]]}, "properties": {"class": "residential"}}, {"type": "Feature", "geometry": {"type": "LineString", "coordinates": [[55.2779161, 25.2242425], [55.2778685, 25.2242804], [55.2778332, 25.2243281], [55.2778125, 25.2243823], [55.2778076, 25.2244395]]}, "properties": {"class": "residential"}}, {"type": "Feature", "geometry": {"type": "LineString", "coordinates": [[55.2787444, 25.2256786], [55.2787921, 25.2256849], [55.2788403, 25.2256846], [55.2788879, 25.2256778], [55.2789339, 25.2256645]]}, "properties": {"class": "residential"}}, {"type": "Feature", "geometry": {"type": "LineString", "coordinates": [[55.2779161, 25.2242425], [55.2784466, 25.2239039], [55.2786139, 25.2237971], [55.2788409, 25.2236522], [55.2788985, 25.2236222], [55.2789638, 25.2236109], [55.2790295, 25.2236196], [55.2790885, 25.2236474], [55.2791342, 25.2236911], [55.2793679, 25.2240015], [55.2799739, 25.224807], [55.2799997, 25.2248581], [55.2800066, 25.2249139], [55.2799989, 25.2249471], [55.2799939, 25.2249688], [55.2799629, 25.2250174], [55.2794325, 25.2254104], [55.2789339, 25.2256645]]}, "properties": {"class": "residential"}}, {"type": "Feature", "geometry": {"type": "LineString", "coordinates": [[55.2722024, 25.2207678], [55.2726663, 25.2213927]]}, "properties": {"class": "residential"}}, {"type": "Feature", "geometry": {"type": "LineString", "coordinates": [[55.2635946, 25.201237], [55.2632468, 25.2006759], [55.2632312, 25.2006564], [55.2632106, 25.2006412], [55.2631864, 25.2006312], [55.2631602, 25.2006272], [55.2631337, 25.2006294], [55.2631087, 25.2006377], [55.2630476, 25.2006707], [55.263009, 25.2006915]]}, "properties": {"class": "residential"}}, {"type": "Feature", "geometry": {"type": "LineString", "coordinates": [[55.262553, 25.201803], [55.2635946, 25.201237], [55.2643402, 25.2008237]]}, "properties": {"class": "residential"}}, {"type": "Feature", "geometry": {"type": "LineString", "coordinates": [[55.2638315, 25.2000144], [55.2638794, 25.2000905], [55.2643402, 25.2008237], [55.2647589, 25.2014215], [55.2647793, 25.2014506]]}, "properties": {"class": "residential"}}, {"type": "Feature", "geometry": {"type": "LineString", "coordinates": [[55.2545327, 25.1826999], [55.2545494, 25.1827296], [55.2545678, 25.1827581], [55.2545882, 25.1827856], [55.2546103, 25.1828119], [55.2559149, 25.1842327]]}, "properties": {"class": "tertiary"}}, {"type": "Feature", "geometry": {"type": "LineString", "coordinates": [[55.2533758, 25.1813169], [55.2537252, 25.1817042], [55.2537632, 25.1817501], [55.2537992, 25.1817973], [55.2538331, 25.1818457], [55.2538811, 25.181937], [55.2539304, 25.1820252], [55.2539889, 25.18211], [55.2540535, 25.1821911], [55.2542903, 25.1824435], [55.2543275, 25.1824815], [55.254368, 25.1825168], [55.2544115, 25.1825494]]}, "properties": {"class": "tertiary"}}, {"type": "Feature", "geometry": {"type": "LineString", "coordinates": [[55.254358, 25.1825767], [55.2543827, 25.1825597], [55.2544115, 25.1825494], [55.2544425, 25.1825468], [55.254473, 25.182552], [55.2545008, 25.1825646], [55.2545237, 25.1825837], [55.2545398, 25.1826077], [55.2545479, 25.1826347], [55.2545476, 25.1826627], [55.2545387, 25.1826896], [55.2545327, 25.1826999], [55.2545139, 25.1827209], [55.2544896, 25.1827367], [55.2544615, 25.1827461], [55.2544317, 25.1827483], [55.2543998, 25.1827426], [55.2543713, 25.1827288], [55.2543483, 25.1827082], [55.2543328, 25.1826825], [55.2543261, 25.1826538], [55.2543286, 25.1826254], [55.2543396, 25.1825992], [55.254358, 25.1825767]]}, "properties": {"class": "tertiary"}}, {"type": "Feature", "geometry": {"type": "LineString", "coordinates": [[55.2558608, 25.1842741], [55.2545553, 25.1828521], [55.2545273, 25.1828242], [55.2544972, 25.1827973], [55.2544653, 25.1827723], [55.2544317, 25.1827483]]}, "properties": {"class": "tertiary"}}, {"type": "Feature", "geometry": {"type": "LineString", "coordinates": [[55.268008, 25.1879323], [55.2680165, 25.1878938], [55.2681643, 25.1872943], [55.2682109, 25.1871038], [55.2682407, 25.1869821], [55.2683271, 25.1866199], [55.2683365, 25.1865623], [55.2683391, 25.1865042], [55.2683349, 25.1864461], [55.2683239, 25.1863888], [55.2683122, 25.186345], [55.2682555, 25.186242], [55.2681863, 25.1861691], [55.2680252, 25.186005], [55.2679507, 25.1859259], [55.267844, 25.1858058], [55.2676342, 25.1855698], [55.2672912, 25.1852013], [55.2672333, 25.185139]]}, "properties": {"class": "tertiary"}}, {"type": "Feature", "geometry": {"type": "LineString", "coordinates": [[55.2706143, 25.2229925], [55.2705317, 25.2229591], [55.2705019, 25.2229515], [55.2704711, 25.2229483], [55.2704402, 25.2229496], [55.2704098, 25.2229559], [55.2703694, 25.2229696], [55.2703282, 25.2229817], [55.2702862, 25.2229917]]}, "properties": {"class": "tertiary"}}, {"type": "Feature", "geometry": {"type": "LineString", "coordinates": [[55.2702862, 25.2229917], [55.2703123, 25.2229684], [55.2703408, 25.2229476], [55.2703702, 25.2229276], [55.2703908, 25.2229062], [55.2704055, 25.2228805], [55.270415, 25.2228528], [55.270419, 25.222824], [55.270421, 25.22274]]}, "properties": {"class": "tertiary"}}, {"type": "Feature", "geometry": {"type": "LineString", "coordinates": [[55.2656732, 25.2248101], [55.2659028, 25.2247334], [55.265994, 25.2246968], [55.2661751, 25.2246279], [55.2662117, 25.2246103], [55.2662278, 25.2245979], [55.2662411, 25.2245852], [55.2662855, 25.2245383]]}, "properties": {"class": "tertiary"}}, {"type": "Feature", "geometry": {"type": "LineString", "coordinates": [[55.2663528, 25.2246275], [55.2662689, 25.224639], [55.2662492, 25.2246437], [55.2662307, 25.2246498], [55.2661917, 25.2246635], [55.2658896, 25.2247837], [55.2658588, 25.2248016], [55.2658321, 25.2248243], [55.2658103, 25.2248509], [55.2657943, 25.2248807], [55.2657846, 25.2249126], [55.265775, 25.2249881]]}, "properties": {"class": "tertiary"}}, {"type": "Feature", "geometry": {"type": "LineString", "coordinates": [[55.279659, 25.2300906], [55.2797401, 25.2301195], [55.2797787, 25.2301303], [55.2798185, 25.2301362], [55.2798611, 25.2301371], [55.2799034, 25.2301324], [55.2799445, 25.2301222], [55.2800317, 25.2300924], [55.280077, 25.2300806], [55.2801221, 25.230075], [55.2804487, 25.2299487], [55.2812268, 25.2296477]]}, "properties": {"class": "residential"}}, {"type": "Feature", "geometry": {"type": "LineString", "coordinates": [[55.2633299, 25.2030131], [55.2633289, 25.2029745], [55.2633456, 25.202939], [55.2633771, 25.202913], [55.2634177, 25.2029011], [55.26346, 25.2029055], [55.2634966, 25.2029253]]}, "properties": {"class": "residential"}}, {"type": "Feature", "geometry": {"type": "LineString", "coordinates": [[55.2836751, 25.2278313], [55.2837732, 25.2278633], [55.2837955, 25.22787], [55.2838187, 25.2278726], [55.2838421, 25.2278712], [55.2838667, 25.2278649], [55.2838893, 25.227854], [55.2841787, 25.2276791], [55.2842334, 25.2276497], [55.2842675, 25.2276343], [55.2843102, 25.2276221]]}, "properties": {"class": "residential"}}, {"type": "Feature", "geometry": {"type": "LineString", "coordinates": [[55.2843102, 25.2276221], [55.2842799, 25.2276523], [55.2842421, 25.2276825], [55.2842065, 25.2277063], [55.2839208, 25.2278855], [55.2839053, 25.2279033], [55.2838922, 25.2279256]]}, "properties": {"class": "residential"}}, {"type": "Feature", "geometry": {"type": "LineString", "coordinates": [[55.2667358, 25.1974776], [55.2667865, 25.1976128], [55.2668134, 25.197664], [55.2668463, 25.1977123], [55.2668848, 25.197757]]}, "properties": {"class": "tertiary"}}, {"type": "Feature", "geometry": {"type": "LineString", "coordinates": [[55.266711, 25.1977708], [55.2667303, 25.197713], [55.2667433, 25.1976548], [55.2667486, 25.1975956], [55.2667461, 25.1975362], [55.2667358, 25.1974776]]}, "properties": {"class": "tertiary"}}, {"type": "Feature", "geometry": {"type": "LineString", "coordinates": [[55.2732091, 25.1897091], [55.2731407, 25.189764], [55.2731046, 25.189786], [55.2730658, 25.1898041], [55.273025, 25.189818]]}, "properties": {"class": "residential"}}, {"type": "Feature", "geometry": {"type": "LineString", "coordinates": [[55.273025, 25.189818], [55.2730811, 25.1897531], [55.2730973, 25.1897245], [55.2731097, 25.1896943], [55.273118, 25.189663], [55.2731221, 25.189631], [55.2731219, 25.1895988]]}, "properties": {"class": "residential"}}, {"type": "Feature", "geometry": {"type": "LineString", "coordinates": [[55.2672743, 25.1944239], [55.2673235, 25.1944812], [55.2674655, 25.1946464]]}, "properties": {"class": "tertiary"}}, {"type": "Feature", "geometry": {"type": "LineString", "coordinates": [[55.2691269, 25.1973021], [55.2687043, 25.1968203], [55.2682415, 25.1962318], [55.2678631, 25.1957517], [55.2675666, 25.195398]]}, "properties": {"class": "tertiary"}}, {"type": "Feature", "geometry": {"type": "LineString", "coordinates": [[55.2725946, 25.1924535], [55.2725898, 25.1925241], [55.272572, 25.1925929], [55.2725417, 25.1926581], [55.2724998, 25.1927178], [55.2720796, 25.1932983], [55.2720628, 25.193338], [55.2720576, 25.1933803], [55.2720644, 25.1934224], [55.2720828, 25.1934616], [55.2721115, 25.1934952], [55.2721487, 25.1935212], [55.2725038, 25.1937068]]}, "properties": {"class": "residential"}}, {"type": "Feature", "geometry": {"type": "LineString", "coordinates": [[55.2536058, 25.2068785], [55.2535302, 25.2067687]]}, "properties": {"class": "primary"}}, {"type": "Feature", "geometry": {"type": "LineString", "coordinates": [[55.2480545, 25.1988635], [55.2478958, 25.1986448], [55.2478381, 25.1985631], [55.2477013, 25.19837], [55.2476716, 25.1983281], [55.2476207, 25.1982562]]}, "properties": {"class": "primary"}}, {"type": "Feature", "geometry": {"type": "LineString", "coordinates": [[55.2477371, 25.1981872], [55.2477917, 25.1982628], [55.2479659, 25.1985378]]}, "properties": {"class": "primary"}}, {"type": "Feature", "geometry": {"type": "LineString", "coordinates": [[55.2896044, 25.1949189], [55.2888525, 25.1953084], [55.2875324, 25.1960408]]}, "properties": {"class": "primary"}}, {"type": "Feature", "geometry": {"type": "LineString", "coordinates": [[55.2947376, 25.2276987], [55.2945812, 25.2275354]]}, "properties": {"class": "secondary"}}, {"type": "Feature", "geometry": {"type": "LineString", "coordinates": [[55.273025, 25.189818], [55.2729568, 25.1898613], [55.2728846, 25.189899], [55.272823, 25.1899254], [55.2727594, 25.1899478], [55.2724309, 25.1900512], [55.2722838, 25.1901006], [55.2721386, 25.1901542], [55.2719954, 25.1902121], [55.2718545, 25.1902742], [55.2716228, 25.1903817], [55.2714882, 25.1904525], [55.2713496, 25.190529], [55.2712138, 25.1906095], [55.2710807, 25.1906937], [55.2709507, 25.1907817], [55.2708212, 25.190871], [55.2706455, 25.1910032], [55.2704739, 25.1911401], [55.2703095, 25.1912842], [55.2701526, 25.1914349], [55.2700035, 25.191592], [55.2699476, 25.1916561], [55.2697674, 25.1918628], [55.2697047, 25.1919393], [55.2696453, 25.1920179], [55.2695891, 25.1920985], [55.2695364, 25.1921809], [55.2693792, 25.1924402], [55.2693026, 25.1925666], [55.2692944, 25.1925801], [55.2692202, 25.1927008]]}, "properties": {"class": "residential"}}, {"type": "Feature", "geometry": {"type": "LineString", "coordinates": [[55.2809742, 25.1886168], [55.2805209, 25.1880234], [55.2801396, 25.1875469]]}, "properties": {"class": "primary"}}, {"type": "Feature", "geometry": {"type": "LineString", "coordinates": [[55.2802148, 25.1874513], [55.2806092, 25.1879872], [55.2810528, 25.1885732]]}, "properties": {"class": "primary"}}, {"type": "Feature", "geometry": {"type": "LineString", "coordinates": [[55.2468805, 25.1823193], [55.2468246, 25.1823897], [55.2467953, 25.1824239], [55.2467615, 25.1824545], [55.2467237, 25.182481], [55.2462588, 25.1827661], [55.24621, 25.1828047], [55.2461726, 25.1828525], [55.2461486, 25.182907], [55.2461411, 25.1829749], [55.246155, 25.183042], [55.246189, 25.1831029], [55.2462405, 25.1831527], [55.2463054, 25.1831873], [55.2463789, 25.1832028], [55.2464543, 25.1832001], [55.2465262, 25.1831794], [55.2465895, 25.1831422], [55.2466396, 25.1830912], [55.2467089, 25.1830023], [55.2471243, 25.1824899], [55.2471945, 25.1824077], [55.2472602, 25.1823373], [55.2473628, 25.1822378], [55.2474557, 25.1821538], [55.2476122, 25.1820303], [55.2477504, 25.1819288], [55.2479675, 25.1817935], [55.248149, 25.1816949], [55.2483674, 25.1815893], [55.2485152, 25.1815239], [55.2486686, 25.1814699], [55.2488264, 25.1814277], [55.2489876, 25.1813976], [55.2491804, 25.1813842], [55.2493732, 25.1813966], [55.2495621, 25.1814342], [55.2497503, 25.1814981], [55.2498745, 25.1815659], [55.2499898, 25.1816455], [55.2500948, 25.181736], [55.2501883, 25.1818363], [55.2508517, 25.1825503], [55.2514957, 25.1832269], [55.2515307, 25.1832637], [55.2515971, 25.1833358], [55.2516726, 25.1834178], [55.2521424, 25.183957], [55.252178, 25.1840085], [55.2522162, 25.1840643], [55.252369, 25.1843065]]}, "properties": {"class": "residential"}}, {"type": "Feature", "geometry": {"type": "LineString", "coordinates": [[55.2575693, 25.2261632], [55.2579446, 25.2266542], [55.2579581, 25.2266667], [55.2579753, 25.2266746], [55.2579944, 25.226677], [55.2580108, 25.2266745], [55.2580258, 25.226668], [55.2582728, 25.2265137]]}, "properties": {"class": "residential"}}, {"type": "Feature", "geometry": {"type": "LineString", "coordinates": [[55.2482662, 25.1884374], [55.248297, 25.1885127], [55.2483253, 25.1885893], [55.24835, 25.1886668], [55.2483724, 25.1887441]]}, "properties": {"class": "residential"}}, {"type": "Feature", "geometry": {"type": "LineString", "coordinates": [[55.2478256, 25.188596], [55.2479147, 25.1885183], [55.2479515, 25.18848], [55.2479843, 25.1884388], [55.2480125, 25.188395]]}, "properties": {"class": "residential"}}, {"type": "Feature", "geometry": {"type": "LineString", "coordinates": [[55.2480779, 25.188522], [55.2480131, 25.1885295], [55.2479496, 25.188545], [55.2478888, 25.1885677], [55.2478256, 25.188596]]}, "properties": {"class": "residential"}}, {"type": "Feature", "geometry": {"type": "LineString", "coordinates": [[55.248902, 25.1879472], [55.2491553, 25.1877991], [55.2495165, 25.1875879], [55.2496069, 25.1875351], [55.2497341, 25.1874637], [55.2499082, 25.1873638], [55.2503363, 25.1871191], [55.2505807, 25.1869794], [55.2510608, 25.1867049], [55.2512007, 25.1866265]]}, "properties": {"class": "residential"}}, {"type": "Feature", "geometry": {"type": "LineString", "coordinates": [[55.2481729, 25.1883064], [55.2482291, 25.1882995], [55.2482843, 25.1882868], [55.2483377, 25.188269], [55.2485076, 25.1882007]]}, "properties": {"class": "residential"}}, {"type": "Feature", "geometry": {"type": "LineString", "coordinates": [[55.2483724, 25.1887441], [55.2483027, 25.1886956], [55.2482366, 25.1886435], [55.2481734, 25.1885885], [55.2481127, 25.1885335]]}, "properties": {"class": "residential"}}, {"type": "Feature", "geometry": {"type": "LineString", "coordinates": [[55.2482662, 25.1884374], [55.2482532, 25.1884731], [55.2482283, 25.1885032], [55.2481941, 25.1885246], [55.2481542, 25.188535], [55.2481127, 25.1885335], [55.2480948, 25.1885289], [55.2480779, 25.188522], [55.2480509, 25.1885046], [55.2480297, 25.1884816], [55.2480157, 25.1884544], [55.2480099, 25.1884249], [55.2480125, 25.188395]]}, "properties": {"class": "residential"}}, {"type": "Feature", "geometry": {"type": "LineString", "coordinates": [[55.2485076, 25.1882007], [55.2483565, 25.1883117], [55.2483237, 25.1883429], [55.2482944, 25.1883767], [55.2482677, 25.1884131]]}, "properties": {"class": "residential"}}, {"type": "Feature", "geometry": {"type": "LineString", "coordinates": [[55.2850911, 25.2225972], [55.28507, 25.2225658], [55.2850598, 25.2225303], [55.2850594, 25.2225057], [55.2850643, 25.2224815], [55.2850743, 25.2224586], [55.285089, 25.2224379], [55.2851167, 25.2224139], [55.2851505, 25.2223975], [55.2851879, 25.2223901], [55.2852262, 25.2223922], [55.2852624, 25.2224036], [55.2853029, 25.2224317], [55.2853295, 25.2224711], [55.2853388, 25.2225165], [55.2853347, 25.2225467], [55.2853228, 25.2225751], [55.2853012, 25.2226026], [55.2852724, 25.222624], [55.2852383, 25.2226378], [55.2851981, 25.2226429], [55.285158, 25.2226374], [55.2851213, 25.2226217], [55.2850911, 25.2225972]]}, "properties": {"class": "tertiary"}}, {"type": "Feature", "geometry": {"type": "LineString", "coordinates": [[55.2869997, 25.1860434], [55.2870973, 25.1861587], [55.2871991, 25.186271], [55.287305, 25.1863801], [55.2874149, 25.1864859], [55.2875287, 25.1865883], [55.2876462, 25.1866872], [55.2877674, 25.1867824], [55.287892, 25.1868739], [55.2880199, 25.1869616], [55.288316, 25.1871527], [55.2884082, 25.1872159], [55.2884983, 25.1872817], [55.2885861, 25.1873498], [55.2886687, 25.1874204], [55.2887496, 25.1874966], [55.2888301, 25.1875718]]}, "properties": {"class": "tertiary"}}, {"type": "Feature", "geometry": {"type": "LineString", "coordinates": [[55.2867239, 25.18567], [55.2867878, 25.1857663], [55.2868552, 25.1858607], [55.2869258, 25.1859531], [55.2869997, 25.1860434]]}, "properties": {"class": "tertiary"}}, {"type": "Feature", "geometry": {"type": "LineString", "coordinates": [[55.2713438, 25.1919048], [55.2713891, 25.1919371], [55.271429, 25.1919749], [55.2714626, 25.1920173], [55.2715916, 25.1922084]]}, "properties": {"class": "residential"}}, {"type": "Feature", "geometry": {"type": "LineString", "coordinates": [[55.2867979, 25.2074449], [55.2868126, 25.2075331]]}, "properties": {"class": "residential"}}, {"type": "Feature", "geometry": {"type": "LineString", "coordinates": [[55.2516104, 25.1834835], [55.2515595, 25.1835493], [55.2514508, 25.1836966], [55.2513273, 25.183956], [55.2512767, 25.1840843], [55.2512315, 25.1841692], [55.2511707, 25.1842708], [55.2511014, 25.1843678], [55.2510239, 25.1844596], [55.2509375, 25.1845347], [55.2508463, 25.1845856], [55.2507763, 25.1846205], [55.2506922, 25.1846596], [55.250606, 25.1846941], [55.2505554, 25.1847085], [55.2504708, 25.18473], [55.2503384, 25.1847468], [55.2502616, 25.1847591], [55.2500906, 25.1847678], [55.2499414, 25.184772], [55.2496822, 25.1847967], [55.2495344, 25.1848107], [55.2492879, 25.1848429], [55.2490639, 25.1848914], [55.2487161, 25.1849833], [55.2486696, 25.1849945], [55.2485678, 25.1850242], [55.2484869, 25.1850481], [55.2483706, 25.1850905], [55.248239, 25.1851334], [55.2481681, 25.1851705], [55.2480514, 25.185241], [55.2479521, 25.1852955], [55.2478047, 25.1853745], [55.247684, 25.1854414], [55.2475642, 25.1855127], [55.2474409, 25.185613], [55.2463359, 25.1865821], [55.2461758, 25.1867588]]}, "properties": {"class": "residential"}}, {"type": "Feature", "geometry": {"type": "LineString", "coordinates": [[55.2517272, 25.1836127], [55.2516663, 25.1836054], [55.2516051, 25.1836107], [55.2515469, 25.1836284], [55.2514945, 25.1836576], [55.2514508, 25.1836966]]}, "properties": {"class": "residential"}}, {"type": "Feature", "geometry": {"type": "LineString", "coordinates": [[55.2513398, 25.1836635], [55.2513219, 25.1836442], [55.2513135, 25.1836318], [55.2513107, 25.1836173], [55.2513141, 25.183603], [55.2513446, 25.1835285], [55.2513583, 25.1834853], [55.2513594, 25.1834442], [55.2513577, 25.1834231], [55.2513561, 25.1834033], [55.2513484, 25.1833629], [55.2513315, 25.1832735], [55.2513016, 25.1831958], [55.2512507, 25.183099]]}, "properties": {"class": "residential"}}, {"type": "Feature", "geometry": {"type": "LineString", "coordinates": [[55.2418537, 25.1892796], [55.2420294, 25.1892712], [55.2420933, 25.1892574], [55.2421554, 25.1892379], [55.2422151, 25.189213], [55.2422718, 25.1891828], [55.2423249, 25.1891477], [55.2423739, 25.1891081], [55.2424776, 25.1890145], [55.242567, 25.1889339], [55.2428038, 25.1887087], [55.2428618, 25.1886589], [55.242905, 25.1886233], [55.2429399, 25.1885905], [55.2431755, 25.1884005], [55.2433549, 25.1882785], [55.2435373, 25.1881766], [55.2437058, 25.1880814], [55.2438523, 25.1880039], [55.244018, 25.1879278], [55.2441924, 25.1878654], [55.2442878, 25.187832], [55.244505, 25.1877523], [55.2445887, 25.1877113], [55.2447188, 25.1876475], [55.2448704, 25.1875759], [55.2449685, 25.1875296], [55.2450272, 25.1874861], [55.2450905, 25.187453], [55.2451451, 25.1874202], [55.2452576, 25.187347], [55.2453642, 25.1872669], [55.2454671, 25.1871851], [55.2456911, 25.1870043], [55.2457944, 25.1869096], [55.2458433, 25.1868623], [55.2459208, 25.1867838], [55.2459705, 25.1867376], [55.2460175, 25.1866939], [55.2466332, 25.1861559], [55.24719, 25.1856666], [55.2473388, 25.18553], [55.2474587, 25.1854422], [55.2475707, 25.1853615], [55.2476158, 25.1853292], [55.2477832, 25.1852312], [55.2479493, 25.1851431], [55.2481072, 25.1850639], [55.2482508, 25.1850047], [55.2484165, 25.1849254], [55.2487059, 25.1848331], [55.2488714, 25.1847919], [55.248998, 25.1847697], [55.249174, 25.1847282], [55.2493941, 25.1846821], [55.2494789, 25.1846724], [55.2496181, 25.1846534], [55.2498297, 25.1846438], [55.2499931, 25.1846417], [55.2501436, 25.1846426], [55.2502858, 25.184635], [55.2504273, 25.1846192], [55.2504982, 25.1846114], [55.2505673, 25.1845953], [55.2506324, 25.1845718], [55.2507204, 25.1845278], [55.25075, 25.1845036], [55.2508007, 25.1844599], [55.2508543, 25.1844138], [55.2509281, 25.184338], [55.2509938, 25.184247], [55.2510877, 25.1841074], [55.2511668, 25.1839715], [55.2513398, 25.1836635], [55.2514474, 25.1834971], [55.2514577, 25.1834837], [55.2514786, 25.1834605], [55.2515302, 25.1834032]]}, "properties": {"class": "residential"}}, {"type": "Feature", "geometry": {"type": "LineString", "coordinates": [[55.2831659, 25.2321693], [55.2831684, 25.2321282], [55.283163, 25.2320868], [55.2831489, 25.2320303], [55.2831273, 25.2319757], [55.2830985, 25.231924], [55.2826318, 25.2311888], [55.2826125, 25.2311585], [55.2825981, 25.231126], [55.2825887, 25.231092], [55.2825846, 25.2310571], [55.2825775, 25.2310212], [55.2825674, 25.2309858], [55.2825545, 25.2309513], [55.28254, 25.2309146], [55.2825049, 25.2308371], [55.2824568, 25.2307399], [55.2824129, 25.2306654], [55.2823708, 25.2306039], [55.2822845, 25.2304899], [55.2819375, 25.2300382], [55.2818849, 25.2299651], [55.2818298, 25.2298935], [55.2817717, 25.229824], [55.2817107, 25.2297565], [55.2816469, 25.2296911], [55.2816371, 25.2296791], [55.2815719, 25.2295993]]}, "properties": {"class": "residential"}}, {"type": "Feature", "geometry": {"type": "LineString", "coordinates": [[55.2878145, 25.2302723], [55.2878725, 25.230234], [55.2879517, 25.2301861], [55.2880398, 25.230125], [55.2881234, 25.2300589], [55.2882021, 25.2299881], [55.2882778, 25.2299147], [55.288316, 25.2298781], [55.288362, 25.2298337], [55.2884247, 25.2297721]]}, "properties": {"class": "primary"}}, {"type": "Feature", "geometry": {"type": "LineString", "coordinates": [[55.2810638, 25.2057831], [55.2815388, 25.2057117]]}, "properties": {"class": "residential"}}, {"type": "Feature", "geometry": {"type": "LineString", "coordinates": [[55.2811622, 25.2063238], [55.2816971, 25.2062383]]}, "properties": {"class": "residential"}}, {"type": "Feature", "geometry": {"type": "LineString", "coordinates": [[55.2802261, 25.2058367], [55.2803233, 25.2064326], [55.2803783, 25.2067698], [55.2803933, 25.2068607], [55.2804151, 25.2069092], [55.2804478, 25.2069524], [55.2804901, 25.2069882], [55.2805398, 25.207015], [55.2806997, 25.2070827], [55.2807576, 25.2070933], [55.2808167, 25.2070955], [55.2808754, 25.2070895], [55.2809324, 25.2070754], [55.2809862, 25.2070534], [55.2811224, 25.2069523], [55.2811578, 25.2069201], [55.2811866, 25.206883], [55.281208, 25.206842], [55.2812213, 25.2067982], [55.2812262, 25.2067531], [55.2812225, 25.2067079], [55.2811622, 25.2063238], [55.2810811, 25.205833], [55.2810761, 25.205807], [55.2810638, 25.2057831], [55.2810369, 25.2057568], [55.2810016, 25.2057408], [55.2809622, 25.205737], [55.28061, 25.2057847], [55.2802261, 25.2058367], [55.27979, 25.2058948], [55.279754, 25.2059049], [55.2797208, 25.2059208], [55.2796913, 25.205942], [55.2796667, 25.2059678], [55.279499, 25.2061606], [55.2794783, 25.2061911], [55.2794655, 25.2062249], [55.2794612, 25.2062537], [55.2794625, 25.2062827], [55.2794695, 25.2063111], [55.2795141, 25.2065586], [55.2795757, 25.2069003], [55.279609, 25.2070852]]}, "properties": {"class": "residential"}}, {"type": "Feature", "geometry": {"type": "LineString", "coordinates": [[55.2795141, 25.2065586], [55.2803233, 25.2064326], [55.2807539, 25.2063655]]}, "properties": {"class": "residential"}}, {"type": "Feature", "geometry": {"type": "LineString", "coordinates": [[55.2795757, 25.2069003], [55.2803783, 25.2067698]]}, "properties": {"class": "residential"}}, {"type": "Feature", "geometry": {"type": "LineString", "coordinates": [[55.2809862, 25.2070534], [55.28095, 25.2071086], [55.2809234, 25.2071681], [55.2809069, 25.2072306], [55.2809008, 25.2072945], [55.2809059, 25.2073257], [55.2809194, 25.2074051], [55.2809971, 25.2078622], [55.2810228, 25.2080107], [55.2810475, 25.2081519]]}, "properties": {"class": "residential"}}, {"type": "Feature", "geometry": {"type": "LineString", "coordinates": [[55.2746328, 25.2238394], [55.273331, 25.2246499]]}, "properties": {"class": "residential"}}, {"type": "Feature", "geometry": {"type": "LineString", "coordinates": [[55.2749914, 25.2032692], [55.2750045, 25.2032875], [55.27505, 25.2033512], [55.2754264, 25.2038778], [55.2754964, 25.2039763]]}, "properties": {"class": "tertiary"}}, {"type": "Feature", "geometry": {"type": "LineString", "coordinates": [[55.2644933, 25.1993477], [55.2643225, 25.1991405], [55.2638599, 25.1986077], [55.2637853, 25.1985248], [55.2632909, 25.1979749], [55.2631067, 25.1977858], [55.2623457, 25.1969401], [55.2622125, 25.196812], [55.2620968, 25.1967006], [55.261504, 25.19607], [55.2613641, 25.1959144], [55.2611618, 25.1956963], [55.2598532, 25.1942895], [55.2596501, 25.1940724], [55.259507, 25.1939126], [55.2581376, 25.1924271], [55.2579726, 25.1922308], [55.2579309, 25.1921899], [55.2578849, 25.1921529], [55.257835, 25.1921204], [55.2577818, 25.1920924]]}, "properties": {"class": "secondary"}}, {"type": "Feature", "geometry": {"type": "LineString", "coordinates": [[55.28615, 25.2041747], [55.2862051, 25.2041662], [55.2864325, 25.2041312], [55.2870272, 25.2040397], [55.2873242, 25.2039941], [55.2876662, 25.2039414], [55.2880694, 25.2038794]]}, "properties": {"class": "residential"}}, {"type": "Feature", "geometry": {"type": "LineString", "coordinates": [[55.2848242, 25.2065496], [55.2848567, 25.206741]]}, "properties": {"class": "residential"}}, {"type": "Feature", "geometry": {"type": "LineString", "coordinates": [[55.2848309, 25.2061916], [55.2848449, 25.2063027], [55.2848697, 25.2064991], [55.2848677, 25.206517], [55.2848584, 25.2065328], [55.2848431, 25.2065442], [55.2848242, 25.2065496], [55.2848033, 25.2065477], [55.284785, 25.2065385], [55.2847723, 25.2065233], [55.2847673, 25.2065049], [55.2847484, 25.2063755], [55.2847391, 25.2063122], [55.2847231, 25.2062031]]}, "properties": {"class": "residential"}}, {"type": "Feature", "geometry": {"type": "LineString", "coordinates": [[55.2848449, 25.2063027], [55.2847391, 25.2063122]]}, "properties": {"class": "residential"}}, {"type": "Feature", "geometry": {"type": "LineString", "coordinates": [[55.2847484, 25.2063755], [55.2844281, 25.2064106], [55.2844075, 25.2064132], [55.2843868, 25.2064087], [55.2843707, 25.2063963], [55.2843626, 25.2063785], [55.2843508, 25.2062756], [55.2843556, 25.2062603], [55.2843665, 25.2062477], [55.2843817, 25.2062398], [55.2843991, 25.2062377], [55.2847231, 25.2062031], [55.2848309, 25.2061916], [55.2849383, 25.2061801]]}, "properties": {"class": "residential"}}, {"type": "Feature", "geometry": {"type": "LineString", "coordinates": [[55.2848679, 25.2068071], [55.285018, 25.2076922]]}, "properties": {"class": "residential"}}, {"type": "Feature", "geometry": {"type": "LineString", "coordinates": [[55.2848567, 25.206741], [55.2848679, 25.2068071]]}, "properties": {"class": "residential"}}, {"type": "Feature", "geometry": {"type": "LineString", "coordinates": [[55.2850335, 25.2077881], [55.2850772, 25.2080578]]}, "properties": {"class": "residential"}}, {"type": "Feature", "geometry": {"type": "LineString", "coordinates": [[55.285018, 25.2076922], [55.2850335, 25.2077881]]}, "properties": {"class": "residential"}}, {"type": "Feature", "geometry": {"type": "LineString", "coordinates": [[55.2833209, 25.2083055], [55.2831086, 25.2070645]]}, "properties": {"class": "residential"}}, {"type": "Feature", "geometry": {"type": "LineString", "coordinates": [[55.2827925, 25.2061225], [55.2827098, 25.2055935]]}, "properties": {"class": "residential"}}, {"type": "Feature", "geometry": {"type": "LineString", "coordinates": [[55.2824973, 25.2062302], [55.2825207, 25.2061959], [55.2825535, 25.2061687], [55.2825934, 25.2061506], [55.2826372, 25.2061432], [55.2827925, 25.2061225], [55.2832319, 25.206064]]}, "properties": {"class": "residential"}}, {"type": "Feature", "geometry": {"type": "LineString", "coordinates": [[55.2831539, 25.206659], [55.2831531, 25.2066899], [55.2831417, 25.2067191], [55.283121, 25.2067437], [55.2830928, 25.2067613], [55.2830601, 25.2067701], [55.2830258, 25.2067694], [55.2829936, 25.2067591], [55.2829664, 25.2067403], [55.2829469, 25.2067149], [55.2829372, 25.2066852], [55.282938, 25.2066543], [55.2829493, 25.2066251], [55.2829701, 25.2066005], [55.2829983, 25.2065829], [55.283031, 25.206574], [55.2830652, 25.2065748], [55.2830975, 25.206585], [55.2831247, 25.2066038], [55.2831441, 25.2066293], [55.2831539, 25.206659]]}, "properties": {"class": "residential"}}, {"type": "Feature", "geometry": {"type": "LineString", "coordinates": [[55.2831086, 25.2070645], [55.2830969, 25.2069954]]}, "properties": {"class": "residential"}}, {"type": "Feature", "geometry": {"type": "LineString", "coordinates": [[55.283031, 25.206574], [55.2830218, 25.2065243], [55.2830171, 25.2064888], [55.2830294, 25.2064548], [55.2830564, 25.2064288], [55.2830931, 25.2064155], [55.2837074, 25.2063342], [55.2837426, 25.2063286], [55.2837747, 25.2063145], [55.2838013, 25.2062929], [55.2838203, 25.2062653], [55.2838302, 25.2062341], [55.2838301, 25.2062016], [55.2837929, 25.2059894], [55.2837135, 25.2055369], [55.2837001, 25.205507], [55.2836751, 25.2054838], [55.2836424, 25.2054708], [55.2836067, 25.2054699], [55.2827098, 25.2055935], [55.2821588, 25.2056694], [55.2821172, 25.2056693], [55.2820794, 25.2056534], [55.2820525, 25.2056246], [55.2820416, 25.2055882], [55.2820485, 25.205551], [55.2820721, 25.20552], [55.282108, 25.2055008], [55.282153, 25.2054945]]}, "properties": {"class": "residential"}}, {"type": "Feature", "geometry": {"type": "LineString", "coordinates": [[55.290033, 25.2044191], [55.2901157, 25.2044087], [55.2901366, 25.2044088], [55.2901564, 25.2044149], [55.2901731, 25.2044263], [55.2901956, 25.20444], [55.2902215, 25.2044469], [55.2902484, 25.2044459], [55.2903432, 25.2044376], [55.2903847, 25.2044291], [55.2904265, 25.2044124], [55.290464, 25.2043969], [55.290503, 25.2043847], [55.290543, 25.204376], [55.2907281, 25.2043525], [55.2914539, 25.2042496]]}, "properties": {"class": "residential"}}, {"type": "Feature", "geometry": {"type": "LineString", "coordinates": [[55.2817525, 25.2049606], [55.2815876, 25.2049853], [55.281043, 25.2050668], [55.280388, 25.2051649], [55.2797431, 25.2052614], [55.2794474, 25.2053057], [55.2792482, 25.2053355]]}, "properties": {"class": "residential"}}, {"type": "Feature", "geometry": {"type": "LineString", "coordinates": [[55.2792098, 25.2047221], [55.2796509, 25.2046609], [55.2802914, 25.2045708], [55.2809627, 25.2044788]]}, "properties": {"class": "residential"}}, {"type": "Feature", "geometry": {"type": "LineString", "coordinates": [[55.280388, 25.2051649], [55.2802914, 25.2045708], [55.2801905, 25.2039501]]}, "properties": {"class": "residential"}}, {"type": "Feature", "geometry": {"type": "LineString", "coordinates": [[55.281043, 25.2050668], [55.2809627, 25.2044788], [55.2809018, 25.2040323], [55.2808877, 25.2039824], [55.2808572, 25.2039389], [55.2808131, 25.2039063], [55.28076, 25.2038877], [55.2807031, 25.203885], [55.2801905, 25.2039501], [55.2796758, 25.2040157], [55.2796383, 25.2040308], [55.2796071, 25.2040549], [55.279585, 25.2040862], [55.2795743, 25.2041191], [55.2795736, 25.2041534], [55.2796509, 25.2046609], [55.2797431, 25.2052614]]}, "properties": {"class": "residential"}}, {"type": "Feature", "geometry": {"type": "LineString", "coordinates": [[55.2866419, 25.2026092], [55.2867165, 25.2030258]]}, "properties": {"class": "residential"}}, {"type": "Feature", "geometry": {"type": "LineString", "coordinates": [[55.2875676, 25.2030622], [55.2875415, 25.2029076], [55.2874707, 25.202488], [55.2874176, 25.2021728]]}, "properties": {"class": "residential"}}, {"type": "Feature", "geometry": {"type": "LineString", "coordinates": [[55.2602591, 25.2106579], [55.2603191, 25.2107521], [55.2607442, 25.2113536]]}, "properties": {"class": "residential"}}, {"type": "Feature", "geometry": {"type": "LineString", "coordinates": [[55.2881759, 25.2035609], [55.2891471, 25.203435], [55.2898483, 25.2033441]]}, "properties": {"class": "residential"}}, {"type": "Feature", "geometry": {"type": "LineString", "coordinates": [[55.2905547, 25.2032563], [55.2912668, 25.2031565]]}, "properties": {"class": "residential"}}, {"type": "Feature", "geometry": {"type": "LineString", "coordinates": [[55.2909028, 25.2053652], [55.2908212, 25.2048925], [55.2907281, 25.2043525], [55.2906411, 25.2038025], [55.2905547, 25.2032563], [55.2904386, 25.2026157]]}, "properties": {"class": "residential"}}, {"type": "Feature", "geometry": {"type": "LineString", "coordinates": [[55.2723988, 25.2234084], [55.2723593, 25.2234079], [55.2723201, 25.2234119], [55.2722818, 25.2234206], [55.272245, 25.2234336], [55.2719794, 25.2236103], [55.2718028, 25.2237292], [55.2716106, 25.2238585]]}, "properties": {"class": "residential"}}, {"type": "Feature", "geometry": {"type": "LineString", "coordinates": [[55.2463657, 25.1808474], [55.2460808, 25.1805222], [55.245904, 25.1803227]]}, "properties": {"class": "residential"}}, {"type": "Feature", "geometry": {"type": "LineString", "coordinates": [[55.2589036, 25.2209182], [55.2596227, 25.2217181]]}, "properties": {"class": "residential"}}, {"type": "Feature", "geometry": {"type": "LineString", "coordinates": [[55.2703765, 25.2210635], [55.2700732, 25.2212472], [55.2697887, 25.2214194]]}, "properties": {"class": "residential"}}, {"type": "Feature", "geometry": {"type": "LineString", "coordinates": [[55.2689836, 25.2274935], [55.2688859, 25.2275325], [55.2686364, 25.2276322], [55.2686066, 25.2276492], [55.2685874, 25.2276759], [55.2685824, 25.2277075], [55.2685926, 25.2277381], [55.2687147, 25.2279755], [55.2688288, 25.2281975]]}, "properties": {"class": "residential"}}, {"type": "Feature", "geometry": {"type": "LineString", "coordinates": [[55.2865907, 25.2267711], [55.2858758, 25.22577], [55.2858276, 25.2257033], [55.2857826, 25.2256348], [55.2857407, 25.2255647], [55.2856653, 25.2254308], [55.2855867, 25.2252985], [55.2855049, 25.2251677], [55.2854199, 25.2250386], [55.2849927, 25.2244143], [55.2848759, 25.2242437], [55.2848487, 25.2242088], [55.2848174, 25.2241769], [55.2847823, 25.2241483], [55.2847477, 25.2241293], [55.284711, 25.224114], [55.2846726, 25.2241023], [55.2846331, 25.2240946], [55.2845931, 25.2240914]]}, "properties": {"class": "tertiary"}}, {"type": "Feature", "geometry": {"type": "LineString", "coordinates": [[55.2843976, 25.223834], [55.2843973, 25.2237572], [55.2843972, 25.2237117], [55.2843923, 25.2236664], [55.2843827, 25.2236217], [55.2843684, 25.223578], [55.2843496, 25.2235357], [55.2843288, 25.2234989], [55.2843047, 25.2234638]]}, "properties": {"class": "tertiary"}}, {"type": "Feature", "geometry": {"type": "LineString", "coordinates": [[55.2826365, 25.2211342], [55.2826239, 25.2210781], [55.2826019, 25.2210241], [55.2825727, 25.220973], [55.2824957, 25.220867], [55.2823663, 25.2206746], [55.2823118, 25.2205927]]}, "properties": {"class": "tertiary"}}, {"type": "Feature", "geometry": {"type": "LineString", "coordinates": [[55.2829187, 25.2212098], [55.2829444, 25.2212855], [55.2829733, 25.2213587], [55.283007, 25.2214303], [55.2830454, 25.2215], [55.2831174, 25.2216279], [55.2833453, 25.2219545], [55.2835093, 25.2221944], [55.2839776, 25.2228796], [55.2842128, 25.2232134], [55.2843389, 25.2233924], [55.2843958, 25.2234733], [55.2844136, 25.2235014], [55.2844285, 25.2235308], [55.2844405, 25.2235612], [55.2844508, 25.2235923], [55.2844588, 25.2236301], [55.2844712, 25.2236669], [55.2844878, 25.2237023], [55.2845084, 25.223736], [55.2845327, 25.2237675], [55.2845603, 25.2237977]]}, "properties": {"class": "tertiary"}}, {"type": "Feature", "geometry": {"type": "LineString", "coordinates": [[55.2829429, 25.2211114], [55.2829431, 25.2211516], [55.2829346, 25.2211819], [55.2829187, 25.2212098], [55.2828932, 25.2212363], [55.2828612, 25.2212563], [55.2828246, 25.2212683], [55.2827859, 25.2212717], [55.2827398, 25.221264], [55.2826984, 25.2212441], [55.2826655, 25.2212138], [55.2826442, 25.221176], [55.2826365, 25.2211342], [55.2826433, 25.2210913], [55.2826644, 25.2210524], [55.2826976, 25.2210212], [55.2827406, 25.2209995], [55.282787, 25.220993], [55.2828308, 25.2209978], [55.2828715, 25.2210138], [55.2829055, 25.2210396], [55.2829299, 25.221073], [55.2829429, 25.2211114]]}, "properties": {"class": "tertiary"}}, {"type": "Feature", "geometry": {"type": "LineString", "coordinates": [[55.2715646, 25.1875111], [55.2716684, 25.1876266]]}, "properties": {"class": "secondary"}}, {"type": "Feature", "geometry": {"type": "LineString", "coordinates": [[55.2748832, 25.1852027], [55.275001, 25.1853374], [55.2750632, 25.1854082], [55.275312, 25.1856822]]}, "properties": {"class": "tertiary"}}, {"type": "Feature", "geometry": {"type": "LineString", "coordinates": [[55.256985, 25.2036198], [55.2570395, 25.2037033]]}, "properties": {"class": "tertiary"}}, {"type": "Feature", "geometry": {"type": "LineString", "coordinates": [[55.2794361, 25.2089619], [55.2795405, 25.2089351], [55.2798201, 25.2088788], [55.2799639, 25.2088498], [55.2800227, 25.2088394], [55.2800821, 25.2088322], [55.2801418, 25.2088281]]}, "properties": {"class": "tertiary"}}, {"type": "Feature", "geometry": {"type": "LineString", "coordinates": [[55.2659862, 25.2011024], [55.2658824, 25.2011621]]}, "properties": {"class": "residential"}}, {"type": "Feature", "geometry": {"type": "LineString", "coordinates": [[55.2747571, 25.1819723], [55.2746684, 25.1818961], [55.2743191, 25.1815942]]}, "properties": {"class": "tertiary"}}, {"type": "Feature", "geometry": {"type": "LineString", "coordinates": [[55.2853032, 25.2180849], [55.2853806, 25.2180427], [55.2854556, 25.2180058], [55.2855271, 25.2179636], [55.2855947, 25.2179164], [55.2856579, 25.2178645], [55.2856883, 25.2178373], [55.2857164, 25.2178082], [55.2857575, 25.2177557], [55.285791, 25.217699], [55.2858165, 25.217639], [55.2858321, 25.2175767]]}, "properties": {"class": "secondary"}}, {"type": "Feature", "geometry": {"type": "LineString", "coordinates": [[55.2812384, 25.2297698], [55.2812162, 25.2298225], [55.2812043, 25.2298495], [55.2811997, 25.2298783], [55.2812026, 25.2299072], [55.2812128, 25.2299347], [55.2812299, 25.2299593], [55.2819905, 25.2310027]]}, "properties": {"class": "residential"}}, {"type": "Feature", "geometry": {"type": "LineString", "coordinates": [[55.275521, 25.2246004], [55.2754722, 25.2245722], [55.2754185, 25.2245527], [55.2753617, 25.2245425], [55.2753038, 25.2245419]]}, "properties": {"class": "residential"}}, {"type": "Feature", "geometry": {"type": "LineString", "coordinates": [[55.2755241, 25.2244032], [55.275507, 25.2244513], [55.2755007, 25.2245015], [55.2755054, 25.2245518], [55.275521, 25.2246004]]}, "properties": {"class": "residential"}}, {"type": "Feature", "geometry": {"type": "LineString", "coordinates": [[55.273529, 25.2257498], [55.2734561, 25.2257944], [55.2731022, 25.226011]]}, "properties": {"class": "residential"}}, {"type": "Feature", "geometry": {"type": "LineString", "coordinates": [[55.2726387, 25.2063868], [55.2728222, 25.2066348]]}, "properties": {"class": "tertiary"}}, {"type": "Feature", "geometry": {"type": "LineString", "coordinates": [[55.2903657, 25.2233329], [55.2899613, 25.2226687], [55.2896445, 25.2222033], [55.2896133, 25.2221595], [55.2895441, 25.2220714], [55.2894895, 25.2219944], [55.2893135, 25.2217516], [55.2892469, 25.2216718], [55.289062, 25.221441]]}, "properties": {"class": "primary"}}, {"type": "Feature", "geometry": {"type": "LineString", "coordinates": [[55.2838633, 25.2135091], [55.2838882, 25.2135898], [55.2839225, 25.2136634], [55.2839625, 25.2137347], [55.2840082, 25.2138032], [55.2843696, 25.2143381], [55.284384, 25.2143594], [55.2844346, 25.2144361]]}, "properties": {"class": "tertiary"}}, {"type": "Feature", "geometry": {"type": "LineString", "coordinates": [[55.2795156, 25.2100428], [55.279525, 25.2099995], [55.2795295, 25.2099555], [55.279529, 25.2099114], [55.2795235, 25.2098675], [55.2795132, 25.2098243], [55.279462, 25.2096657], [55.2794319, 25.2095478], [55.2794071, 25.2094288], [55.2793875, 25.2093091], [55.2793785, 25.2092242], [55.2793718, 25.2091748], [55.2793696, 25.2091535]]}, "properties": {"class": "tertiary"}}, {"type": "Feature", "geometry": {"type": "LineString", "coordinates": [[55.2849839, 25.1948371], [55.2849183, 25.1948794], [55.2847834, 25.1949664], [55.2846056, 25.1950851], [55.2842544, 25.1953196], [55.2837395, 25.1956635], [55.2837008, 25.1956893], [55.2836639, 25.1957106], [55.2836209, 25.1957181], [55.2835779, 25.1957106], [55.283541, 25.1956893], [55.2835154, 25.1956572], [55.2835047, 25.1956188], [55.2835104, 25.1955796], [55.2835318, 25.195545], [55.2835631, 25.19552], [55.2836336, 25.1954782], [55.2837091, 25.1954387], [55.2838085, 25.195388], [55.2839065, 25.1953319], [55.2842469, 25.1951272], [55.284594, 25.1949184], [55.2848329, 25.1947709], [55.2849008, 25.1947291]]}, "properties": {"class": "tertiary"}}, {"type": "Feature", "geometry": {"type": "LineString", "coordinates": [[55.2849008, 25.1947291], [55.2850191, 25.1946598], [55.2850903, 25.1946149], [55.2852971, 25.1944841], [55.2854086, 25.1944089], [55.2855179, 25.1943293], [55.2856322, 25.1942389], [55.2857408, 25.194143], [55.2858211, 25.1940587], [55.2858931, 25.1939685], [55.2859564, 25.1938731], [55.2860104, 25.1937731], [55.2860546, 25.1936693], [55.2860633, 25.1935957], [55.2860488, 25.1935229], [55.2860121, 25.1934567], [55.2859564, 25.1934025], [55.285886, 25.1933648], [55.2857915, 25.1933293], [55.285699, 25.1932897], [55.2856087, 25.1932461], [55.2855209, 25.1931986]]}, "properties": {"class": "tertiary"}}, {"type": "Feature", "geometry": {"type": "LineString", "coordinates": [[55.2851028, 25.1947601], [55.285143, 25.1948152], [55.2852172, 25.1949167], [55.2853962, 25.1952058], [55.285424, 25.195247], [55.2854723, 25.1952943], [55.2855311, 25.1953306], [55.2855973, 25.1953541], [55.2856677, 25.1953636], [55.2857386, 25.1953586], [55.2858067, 25.1953354], [55.2858579, 25.1953121], [55.285912, 25.1952896], [55.2859685, 25.1952723]]}, "properties": {"class": "tertiary"}}, {"type": "Feature", "geometry": {"type": "LineString", "coordinates": [[55.2859685, 25.1952723], [55.285917, 25.1953142], [55.2858612, 25.1953512], [55.2858029, 25.1953841], [55.2857592, 25.1954058], [55.2857143, 25.1954241], [55.2856673, 25.1954375], [55.2856182, 25.1954444], [55.2855691, 25.1954433], [55.2855204, 25.1954342], [55.2854736, 25.1954187], [55.28543, 25.195397], [55.2853904, 25.1953697], [55.2853557, 25.1953374], [55.2853267, 25.1953007], [55.2851239, 25.1950291], [55.285024, 25.1948921], [55.2849839, 25.1948371]]}, "properties": {"class": "tertiary"}}, {"type": "Feature", "geometry": {"type": "LineString", "coordinates": [[55.2942465, 25.1933646], [55.2932012, 25.1919694]]}, "properties": {"class": "motorway"}}, {"type": "Feature", "geometry": {"type": "LineString", "coordinates": [[55.292841, 25.1911059], [55.2934175, 25.1918353]]}, "properties": {"class": "motorway"}}, {"type": "Feature", "geometry": {"type": "LineString", "coordinates": [[55.2902411, 25.1948862], [55.2900625, 25.1949534], [55.2898495, 25.1950432]]}, "properties": {"class": "trunk"}}, {"type": "Feature", "geometry": {"type": "LineString", "coordinates": [[55.2961134, 25.1908877], [55.2960254, 25.1908987], [55.295951, 25.1909108], [55.2957579, 25.1909578], [55.295727, 25.1909654], [55.2956942, 25.1909751], [55.295664, 25.1909848], [55.2956408, 25.1909925], [55.2956162, 25.1909952], [55.2955916, 25.1909927], [55.2955654, 25.1909838], [55.2955527, 25.1909754], [55.2955521, 25.1909748], [55.29554, 25.190962], [55.2955057, 25.1909235], [55.2955003, 25.1909073], [55.2954993, 25.1908904], [55.2955029, 25.1908744], [55.2955137, 25.1908552], [55.2955301, 25.1908403], [55.2955507, 25.1908307], [55.295613, 25.1908101], [55.2957768, 25.1907786], [55.2961111, 25.1907199]]}, "properties": {"class": "tertiary"}}, {"type": "Feature", "geometry": {"type": "LineString", "coordinates": [[55.2839024, 25.2146983], [55.2839326, 25.2146832], [55.2839466, 25.2146761], [55.2842296, 25.2145336], [55.2842657, 25.2145154], [55.2843429, 25.2144745], [55.2843732, 25.2144574], [55.2844029, 25.2144444], [55.2844346, 25.2144361], [55.2844727, 25.2144326], [55.2845109, 25.2144357], [55.284548, 25.2144452]]}, "properties": {"class": "tertiary"}}, {"type": "Feature", "geometry": {"type": "LineString", "coordinates": [[55.2581689, 25.2116332], [55.2581492, 25.2116928], [55.2581328, 25.2117227], [55.2581221, 25.2117546], [55.2581173, 25.2117876], [55.2581208, 25.2118209], [55.2581536, 25.211926]]}, "properties": {"class": "residential"}}, {"type": "Feature", "geometry": {"type": "LineString", "coordinates": [[55.271726, 25.2225171], [55.2716875, 25.2224696], [55.2716352, 25.2224281], [55.2715738, 25.2223983], [55.2715066, 25.2223819], [55.2714371, 25.2223796]]}, "properties": {"class": "residential"}}, {"type": "Feature", "geometry": {"type": "LineString", "coordinates": [[55.2769251, 25.2236021], [55.2768688, 25.2236108], [55.2768137, 25.2236236], [55.2767601, 25.2236411], [55.2767086, 25.223663], [55.2759741, 25.2241196], [55.2755241, 25.2244032], [55.2753038, 25.2245419], [55.274896, 25.2248017], [55.2740963, 25.225295]]}, "properties": {"class": "residential"}}, {"type": "Feature", "geometry": {"type": "LineString", "coordinates": [[55.2734902, 25.2248627], [55.2735462, 25.2249081], [55.273597, 25.2249582], [55.2736422, 25.2250126], [55.2737854, 25.2251846], [55.2738227, 25.2252341], [55.2738346, 25.22525], [55.2738949, 25.2253303], [55.2740118, 25.2255229], [55.2741396, 25.2257043], [55.2741862, 25.2257767], [55.2742299, 25.2258506], [55.2742707, 25.2259258]]}, "properties": {"class": "residential"}}, {"type": "Feature", "geometry": {"type": "LineString", "coordinates": [[55.273901, 25.2254631], [55.2738896, 25.2254158], [55.2738876, 25.2253728], [55.2738949, 25.2253303], [55.2739138, 25.2252855], [55.2739278, 25.2252663], [55.273943, 25.2252456], [55.2739812, 25.2252124], [55.2740265, 25.2251875]]}, "properties": {"class": "residential"}}, {"type": "Feature", "geometry": {"type": "LineString", "coordinates": [[55.2739876, 25.225591], [55.2739274, 25.225578], [55.2738817, 25.2255739], [55.2738361, 25.2255785], [55.2737925, 25.2255914], [55.2737585, 25.2256119], [55.273529, 25.2257498]]}, "properties": {"class": "residential"}}, {"type": "Feature", "geometry": {"type": "LineString", "coordinates": [[55.2683935, 25.2237603], [55.2683808, 25.2236432], [55.2683893, 25.2236215], [55.2684022, 25.2236017], [55.2684192, 25.2235845], [55.2684396, 25.2235707], [55.2687882, 25.2234391], [55.2688145, 25.223435], [55.2688412, 25.2234356], [55.2688672, 25.2234409], [55.2688916, 25.2234506], [55.2689699, 25.2235262]]}, "properties": {"class": "residential"}}, {"type": "Feature", "geometry": {"type": "LineString", "coordinates": [[55.2643615, 25.2227889], [55.2644363, 25.2228095], [55.2644574, 25.2228182], [55.2644763, 25.2228303], [55.2644924, 25.2228454], [55.2651224, 25.2238034], [55.2653064, 25.2240957], [55.2654907, 25.224382], [55.265531, 25.2244434], [55.2655402, 25.2244688], [55.2655445, 25.2244952], [55.2655437, 25.2245219], [55.2655404, 25.2245789]]}, "properties": {"class": "residential"}}, {"type": "Feature", "geometry": {"type": "LineString", "coordinates": [[55.2650534, 25.2240609], [55.2649622, 25.2240014], [55.2649312, 25.2239768], [55.2649037, 25.2239489], [55.2648801, 25.2239183], [55.2641896, 25.2228812], [55.264002, 25.2225782], [55.2639854, 25.2225549], [55.2639672, 25.2225326], [55.2639467, 25.2225069], [55.2639126, 25.2224708], [55.2638762, 25.222434], [55.2638435, 25.2223945], [55.2638145, 25.2223527], [55.2637896, 25.2223087], [55.2637679, 25.2222649], [55.2637444, 25.2222101], [55.2637181, 25.2221564], [55.2636919, 25.2221142], [55.2631367, 25.2212788], [55.2627908, 25.2207491], [55.2624004, 25.2201642], [55.2623899, 25.2201418], [55.2623829, 25.2201183], [55.2623799, 25.2200941], [55.2623807, 25.2200698], [55.2623942, 25.2200151]]}, "properties": {"class": "residential"}}, {"type": "Feature", "geometry": {"type": "LineString", "coordinates": [[55.2680041, 25.229565], [55.2680954, 25.2296714], [55.2681317, 25.229698], [55.2681742, 25.2297154], [55.2682201, 25.2297227], [55.2682666, 25.2297193], [55.2683466, 25.2297025]]}, "properties": {"class": "residential"}}, {"type": "Feature", "geometry": {"type": "LineString", "coordinates": [[55.2581536, 25.211926], [55.2580905, 25.2118546], [55.2580627, 25.2118328], [55.2580286, 25.2118179], [55.2579919, 25.2118094], [55.2579551, 25.2118038], [55.2578847, 25.2117916]]}, "properties": {"class": "residential"}}, {"type": "Feature", "geometry": {"type": "LineString", "coordinates": [[55.2726677, 25.2215923], [55.2726829, 25.2215432], [55.2726878, 25.2214924], [55.2726822, 25.2214416], [55.2726663, 25.2213927]]}, "properties": {"class": "residential"}}, {"type": "Feature", "geometry": {"type": "LineString", "coordinates": [[55.2726663, 25.2213927], [55.272708, 25.2214226], [55.2727549, 25.2214455], [55.2728054, 25.2214607], [55.2728581, 25.2214677]]}, "properties": {"class": "residential"}}, {"type": "Feature", "geometry": {"type": "LineString", "coordinates": [[55.2719237, 25.2218836], [55.2719762, 25.2219078], [55.2720323, 25.2219242], [55.2720906, 25.2219322], [55.272148, 25.2219304]]}, "properties": {"class": "residential"}}, {"type": "Feature", "geometry": {"type": "LineString", "coordinates": [[55.2718957, 25.2220669], [55.2719153, 25.2220247], [55.2719264, 25.2219783], [55.2719292, 25.2219308], [55.2719237, 25.2218836]]}, "properties": {"class": "residential"}}, {"type": "Feature", "geometry": {"type": "LineString", "coordinates": [[55.2731959, 25.2216058], [55.2731468, 25.2215758], [55.2730921, 25.2215552], [55.273034, 25.2215446], [55.2729747, 25.2215446]]}, "properties": {"class": "residential"}}, {"type": "Feature", "geometry": {"type": "LineString", "coordinates": [[55.2731907, 25.2214096], [55.2731792, 25.2214583], [55.2731762, 25.2215081], [55.2731818, 25.2215576], [55.2731959, 25.2216058]]}, "properties": {"class": "residential"}}, {"type": "Feature", "geometry": {"type": "LineString", "coordinates": [[55.2683466, 25.2297025], [55.268267, 25.2297628], [55.2682376, 25.2297957], [55.2682172, 25.2298387], [55.2682115, 25.2298866], [55.2682244, 25.2299332], [55.2682704, 25.2300312], [55.2682791, 25.2300618], [55.2682815, 25.23009], [55.2682759, 25.2301155]]}, "properties": {"class": "residential"}}, {"type": "Feature", "geometry": {"type": "LineString", "coordinates": [[55.2684874, 25.192364], [55.268495, 25.19238], [55.2685332, 25.192416], [55.2685751, 25.1924485], [55.2686202, 25.1924773], [55.2686682, 25.192502], [55.2687183, 25.1925229], [55.2687668, 25.1925499], [55.2688117, 25.1925816], [55.2688524, 25.1926176], [55.2688885, 25.1926575], [55.2689195, 25.1927007], [55.2689779, 25.1928229], [55.2690235, 25.1929557], [55.2691203, 25.1932683], [55.2691535, 25.1933459], [55.2692062, 25.1934123], [55.2692783, 25.1934616], [55.2693704, 25.1935005], [55.269731, 25.1936026], [55.2699021, 25.1936475], [55.2700868, 25.1936961], [55.270245, 25.1937435], [55.2710588, 25.1939842], [55.2711048, 25.1940001], [55.2711487, 25.1940203], [55.2711901, 25.1940441]]}, "properties": {"class": "residential"}}, {"type": "Feature", "geometry": {"type": "LineString", "coordinates": [[55.2711901, 25.1940441], [55.2711411, 25.194046], [55.2710921, 25.1940435], [55.2710437, 25.1940365], [55.2708163, 25.1939752], [55.2702241, 25.1938216], [55.2702039, 25.1938164], [55.2700553, 25.1937778], [55.2698723, 25.1937333], [55.2697007, 25.1936893], [55.2693315, 25.1935905], [55.2692458, 25.1935583], [55.2691685, 25.1935119], [55.2691024, 25.193453], [55.26905, 25.1933837], [55.2690133, 25.1933066], [55.2688759, 25.1928787], [55.2688509, 25.1928154], [55.2688156, 25.1927562], [55.2687708, 25.1927026], [55.2687176, 25.1926558], [55.2686571, 25.1926167], [55.2685907, 25.1925844], [55.2685184, 25.192565], [55.2684433, 25.192559], [55.2683785, 25.1925641], [55.2683219, 25.1925805], [55.2682779, 25.1926002], [55.2682373, 25.1926251], [55.2682009, 25.1926548], [55.2681653, 25.1926888], [55.2680229, 25.1928446]]}, "properties": {"class": "residential"}}, {"type": "Feature", "geometry": {"type": "LineString", "coordinates": [[55.2657597, 25.1954366], [55.2657908, 25.1953719], [55.265809, 25.1953517], [55.2658407, 25.1953132], [55.2658764, 25.1952775], [55.2661543, 25.1950622]]}, "properties": {"class": "tertiary"}}, {"type": "Feature", "geometry": {"type": "LineString", "coordinates": [[55.2793696, 25.2091535], [55.2793664, 25.2091235], [55.2793677, 25.2090833], [55.2793753, 25.2090409], [55.2793887, 25.2090003]]}, "properties": {"class": "tertiary"}}, {"type": "Feature", "geometry": {"type": "LineString", "coordinates": [[55.2794096, 25.2087597], [55.2794361, 25.2089619]]}, "properties": {"class": "primary"}}, {"type": "Feature", "geometry": {"type": "LineString", "coordinates": [[55.2794442, 25.2090071], [55.2794253, 25.209008], [55.2794066, 25.2090058], [55.2793887, 25.2090003]]}, "properties": {"class": "tertiary"}}, {"type": "Feature", "geometry": {"type": "LineString", "coordinates": [[55.2635948, 25.1922957], [55.2635793, 25.1923161], [55.2635627, 25.1923357], [55.2635449, 25.1923546], [55.263526, 25.1923725], [55.2634412, 25.1924418]]}, "properties": {"class": "residential"}}, {"type": "Feature", "geometry": {"type": "LineString", "coordinates": [[55.2634032, 25.1924031], [55.2635028, 25.1923423], [55.2635251, 25.1923297], [55.2635479, 25.1923177], [55.2635712, 25.1923063], [55.2635948, 25.1922957]]}, "properties": {"class": "residential"}}, {"type": "Feature", "geometry": {"type": "LineString", "coordinates": [[55.2837832, 25.1977766], [55.2838123, 25.1977661]]}, "properties": {"class": "primary"}}, {"type": "Feature", "geometry": {"type": "LineString", "coordinates": [[55.2684377, 25.208641], [55.2683952, 25.2086012], [55.2683558, 25.2085589], [55.2683165, 25.2085105], [55.2682811, 25.2084596], [55.2682494, 25.2084068], [55.2682319, 25.2083617], [55.268222, 25.2082669], [55.2682299, 25.2082197], [55.2682462, 25.2081743], [55.2682703, 25.2081318], [55.2683018, 25.2080934], [55.2683397, 25.2080602], [55.2686935, 25.2078287]]}, "properties": {"class": "residential"}}, {"type": "Feature", "geometry": {"type": "LineString", "coordinates": [[55.2755503, 25.219523], [55.2755907, 25.2195547], [55.2756361, 25.2195802], [55.2756854, 25.2195989], [55.2757374, 25.2196104], [55.2757907, 25.2196143]]}, "properties": {"class": "residential"}}, {"type": "Feature", "geometry": {"type": "LineString", "coordinates": [[55.2755553, 25.2197699], [55.2755769, 25.2197222], [55.2755874, 25.2196716], [55.2755864, 25.2196201], [55.2755738, 25.2195699], [55.2755503, 25.219523]]}, "properties": {"class": "residential"}}, {"type": "Feature", "geometry": {"type": "LineString", "coordinates": [[55.2761109, 25.22545], [55.2760912, 25.2254498], [55.2760722, 25.2254451], [55.2760484, 25.2254323], [55.2760301, 25.2254137], [55.2760192, 25.2253909], [55.2760166, 25.2253662], [55.276021, 25.225346], [55.2760298, 25.2253292], [55.2760427, 25.2253148], [55.2760589, 25.2253035], [55.2760776, 25.2252959], [55.2760979, 25.2252924], [55.2761219, 25.225294], [55.2761376, 25.2252981], [55.2761651, 25.2253151], [55.2761803, 25.2253333], [55.2761891, 25.2253548], [55.276191, 25.2253778], [55.2761851, 25.2254002], [55.2761759, 25.2254157], [55.2761633, 25.225429], [55.2761477, 25.2254395], [55.2761299, 25.2254466], [55.2761109, 25.22545]]}, "properties": {"class": "residential"}}, {"type": "Feature", "geometry": {"type": "LineString", "coordinates": [[55.2762571, 25.2255818], [55.2762058, 25.2255338], [55.2761504, 25.2254897], [55.2760912, 25.2254498]]}, "properties": {"class": "residential"}}, {"type": "Feature", "geometry": {"type": "LineString", "coordinates": [[55.276021, 25.225346], [55.2760049, 25.2252953], [55.2759863, 25.2252452], [55.2759655, 25.2251958]]}, "properties": {"class": "residential"}}, {"type": "Feature", "geometry": {"type": "LineString", "coordinates": [[55.2760722, 25.2254451], [55.2760232, 25.2254574], [55.2759752, 25.2254722], [55.2759282, 25.2254895], [55.2758822, 25.2255092]]}, "properties": {"class": "residential"}}, {"type": "Feature", "geometry": {"type": "LineString", "coordinates": [[55.2734902, 25.2248627], [55.2734036, 25.224747], [55.273331, 25.2246499], [55.2726316, 25.2237233], [55.2723988, 25.2234084], [55.2721791, 25.2231129], [55.2721034, 25.2230163], [55.2718664, 25.2227049], [55.271726, 25.2225171]]}, "properties": {"class": "residential"}}, {"type": "Feature", "geometry": {"type": "LineString", "coordinates": [[55.2763079, 25.2252449], [55.2762718, 25.2252727], [55.27624, 25.2253045], [55.2762129, 25.2253397], [55.276191, 25.2253778]]}, "properties": {"class": "residential"}}, {"type": "Feature", "geometry": {"type": "LineString", "coordinates": [[55.2767906, 25.2262999], [55.2766489, 25.2263885], [55.2764322, 25.226524], [55.2762803, 25.2266209], [55.2760452, 25.2267709], [55.2756175, 25.2270318], [55.2754628, 25.2271262]]}, "properties": {"class": "residential"}}, {"type": "Feature", "geometry": {"type": "LineString", "coordinates": [[55.2752414, 25.2273259], [55.2752203, 25.2273173], [55.2752026, 25.2273038], [55.2751898, 25.2272864], [55.2751828, 25.2272664], [55.2751822, 25.2272455], [55.2751831, 25.2272402], [55.2751843, 25.227235], [55.2751924, 25.2272171], [55.2752054, 25.2272016], [55.2752223, 25.2271896], [55.275242, 25.227182], [55.2752632, 25.2271792], [55.2752845, 25.2271815], [55.2752923, 25.2271836], [55.2753145, 25.2271946], [55.275332, 25.2272111], [55.2753432, 25.2272317], [55.275347, 25.2272544], [55.275343, 25.227277], [55.2753406, 25.2272827], [55.2753272, 25.2273026], [55.2753076, 25.2273177], [55.2752838, 25.2273267], [55.2752581, 25.2273286], [55.2752414, 25.2273259]]}, "properties": {"class": "residential"}}, {"type": "Feature", "geometry": {"type": "LineString", "coordinates": [[55.2761376, 25.2252981], [55.2761811, 25.2252872], [55.276224, 25.2252746], [55.2762663, 25.2252605], [55.2763079, 25.2252449]]}, "properties": {"class": "residential"}}, {"type": "Feature", "geometry": {"type": "LineString", "coordinates": [[55.2761851, 25.2254002], [55.276202, 25.2254628], [55.2762262, 25.2255236], [55.2762571, 25.2255818]]}, "properties": {"class": "residential"}}, {"type": "Feature", "geometry": {"type": "LineString", "coordinates": [[55.2758822, 25.2255092], [55.2759167, 25.2254742], [55.2759506, 25.2254386], [55.2759839, 25.2254026], [55.2760166, 25.2253662]]}, "properties": {"class": "residential"}}, {"type": "Feature", "geometry": {"type": "LineString", "coordinates": [[55.2759655, 25.2251958], [55.2760065, 25.2252313], [55.2760508, 25.2252636], [55.2760979, 25.2252924]]}, "properties": {"class": "residential"}}, {"type": "Feature", "geometry": {"type": "LineString", "coordinates": [[55.2820074, 25.2293481], [55.281969, 25.2293885], [55.2819334, 25.2294161], [55.2818384, 25.2294877], [55.2818118, 25.2295215], [55.2817966, 25.2295528], [55.2817833, 25.2295885], [55.2817788, 25.2296129], [55.2817781, 25.2296482], [55.2817855, 25.2296847], [55.2818423, 25.2298311]]}, "properties": {"class": "residential"}}, {"type": "Feature", "geometry": {"type": "LineString", "coordinates": [[55.2798942, 25.2277543], [55.2799313, 25.2277177], [55.2799577, 25.2276743], [55.2799718, 25.2276263], [55.2799788, 25.2275519]]}, "properties": {"class": "residential"}}, {"type": "Feature", "geometry": {"type": "LineString", "coordinates": [[55.2795366, 25.226966], [55.2794507, 25.2269349], [55.2794116, 25.2269209], [55.2793695, 25.2269126], [55.2793285, 25.22691], [55.2792866, 25.2269135], [55.2792458, 25.2269228], [55.2791958, 25.2269424], [55.279078, 25.2269996], [55.2786712, 25.2272455], [55.2782426, 25.227516], [55.2781217, 25.2276154], [55.2780757, 25.2276576], [55.2780461, 25.2276989], [55.2780228, 25.2277522], [55.278014, 25.2277926], [55.2780125, 25.2278418], [55.2780242, 25.227917]]}, "properties": {"class": "residential"}}, {"type": "Feature", "geometry": {"type": "LineString", "coordinates": [[55.2790061, 25.2268929], [55.2790289, 25.2268954], [55.2790514, 25.2268918], [55.2790719, 25.2268826], [55.2791692, 25.2268055], [55.2791887, 25.2267938], [55.2792116, 25.2267897], [55.2792345, 25.2267939], [55.2792539, 25.2268057], [55.2792668, 25.2268233], [55.2792712, 25.226844], [55.2792666, 25.2268647], [55.2792535, 25.2268822], [55.279234, 25.2268939], [55.2791423, 25.2269384], [55.2791226, 25.2269477], [55.2791054, 25.2269603], [55.2790891, 25.2269785], [55.279078, 25.2269996]]}, "properties": {"class": "residential"}}, {"type": "Feature", "geometry": {"type": "LineString", "coordinates": [[55.2798942, 25.2277543], [55.2793319, 25.2281022], [55.2785334, 25.2285961]]}, "properties": {"class": "residential"}}, {"type": "Feature", "geometry": {"type": "LineString", "coordinates": [[55.2806444, 25.2287135], [55.2792701, 25.2295699]]}, "properties": {"class": "residential"}}, {"type": "Feature", "geometry": {"type": "LineString", "coordinates": [[55.2767906, 25.2262999], [55.2762571, 25.2255818]]}, "properties": {"class": "residential"}}, {"type": "Feature", "geometry": {"type": "LineString", "coordinates": [[55.2782426, 25.227516], [55.2782246, 25.2275148], [55.2782068, 25.2275171], [55.2781899, 25.2275227], [55.2781748, 25.2275315], [55.2780479, 25.2276257], [55.2780363, 25.2276343], [55.2780225, 25.2276399], [55.2780077, 25.2276421], [55.2779898, 25.22764], [55.2779735, 25.227633], [55.2779603, 25.2276218], [55.2779517, 25.2276075], [55.2779483, 25.2275914], [55.2779508, 25.2275733], [55.2779588, 25.2275601], [55.2779772, 25.2275456], [55.2781096, 25.227471], [55.2781294, 25.2274564], [55.2781462, 25.227439], [55.2781635, 25.2274187]]}, "properties": {"class": "residential"}}, {"type": "Feature", "geometry": {"type": "LineString", "coordinates": [[55.2763079, 25.2252449], [55.2768079, 25.2249282], [55.2774619, 25.2245139]]}, "properties": {"class": "residential"}}, {"type": "Feature", "geometry": {"type": "LineString", "coordinates": [[55.2771664, 25.2267801], [55.2772395, 25.2267339], [55.2777923, 25.2263843], [55.2779474, 25.2262862], [55.2785224, 25.2259408]]}, "properties": {"class": "residential"}}, {"type": "Feature", "geometry": {"type": "LineString", "coordinates": [[55.2758822, 25.2255092], [55.2745676, 25.2263218]]}, "properties": {"class": "residential"}}, {"type": "Feature", "geometry": {"type": "LineString", "coordinates": [[55.2808686, 25.2287275], [55.2808031, 25.2287152], [55.2807508, 25.2287037], [55.280697, 25.2287031], [55.2806444, 25.2287135]]}, "properties": {"class": "residential"}}, {"type": "Feature", "geometry": {"type": "LineString", "coordinates": [[55.280136, 25.2277584], [55.2800672, 25.2277429], [55.2800091, 25.2277331], [55.2799501, 25.227737], [55.2798942, 25.2277543]]}, "properties": {"class": "residential"}}, {"type": "Feature", "geometry": {"type": "LineString", "coordinates": [[55.275521, 25.2246004], [55.2759655, 25.2251958]]}, "properties": {"class": "residential"}}, {"type": "Feature", "geometry": {"type": "LineString", "coordinates": [[55.2785224, 25.2259408], [55.2785529, 25.2258868], [55.2785768, 25.2258427], [55.2785886, 25.2257947], [55.2785943, 25.2257207]]}, "properties": {"class": "residential"}}, {"type": "Feature", "geometry": {"type": "LineString", "coordinates": [[55.2814095, 25.2292435], [55.2814621, 25.2292864], [55.2815158, 25.2293226], [55.2815443, 25.229335], [55.2815762, 25.2293489], [55.2816078, 25.2293564], [55.2816409, 25.2293643], [55.2817118, 25.229363], [55.2818047, 25.2293393]]}, "properties": {"class": "residential"}}, {"type": "Feature", "geometry": {"type": "LineString", "coordinates": [[55.2776809, 25.2245101], [55.2776157, 25.2245069], [55.2775642, 25.2245015], [55.2775125, 25.2245039], [55.2774619, 25.2245139]]}, "properties": {"class": "residential"}}, {"type": "Feature", "geometry": {"type": "LineString", "coordinates": [[55.2806444, 25.2287135], [55.280669, 25.2286709], [55.2806851, 25.228625], [55.2806922, 25.2285774], [55.2806989, 25.2285045]]}, "properties": {"class": "residential"}}, {"type": "Feature", "geometry": {"type": "LineString", "coordinates": [[55.2787464, 25.2259203], [55.2786734, 25.2259137], [55.2786213, 25.2259105], [55.2785693, 25.2259143], [55.2785224, 25.2259408]]}, "properties": {"class": "residential"}}, {"type": "Feature", "geometry": {"type": "LineString", "coordinates": [[55.2812268, 25.2296477], [55.2812955, 25.2295773], [55.2813151, 25.2295517], [55.2813312, 25.2295242], [55.2813436, 25.2294951], [55.2813521, 25.229465], [55.2813566, 25.2294341], [55.2813571, 25.229403], [55.2813564, 25.2293375]]}, "properties": {"class": "residential"}}, {"type": "Feature", "geometry": {"type": "LineString", "coordinates": [[55.277676, 25.2274658], [55.2777742, 25.2275041], [55.2778345, 25.2275197], [55.2778869, 25.2275223], [55.277944, 25.2275162], [55.2779987, 25.2275003], [55.2780491, 25.2274751], [55.2781635, 25.2274187], [55.2786022, 25.2271488], [55.2789479, 25.2269262], [55.2790061, 25.2268929], [55.2791204, 25.2268018], [55.279156, 25.2267596], [55.279176, 25.2267223], [55.2791858, 25.2266848], [55.2791925, 25.2266401], [55.2791968, 25.2265154]]}, "properties": {"class": "residential"}}, {"type": "Feature", "geometry": {"type": "LineString", "coordinates": [[55.275132, 25.2270698], [55.2751707, 25.2271036], [55.2752092, 25.2271319], [55.2752495, 25.2271579], [55.2752845, 25.2271815]]}, "properties": {"class": "residential"}}, {"type": "Feature", "geometry": {"type": "LineString", "coordinates": [[55.2751843, 25.227235], [55.2751773, 25.2271936], [55.2751661, 25.2271526], [55.2751517, 25.2271125], [55.275132, 25.2270698]]}, "properties": {"class": "residential"}}, {"type": "Feature", "geometry": {"type": "LineString", "coordinates": [[55.2774619, 25.2245139], [55.2774918, 25.2244768], [55.2775139, 25.2244355], [55.2775273, 25.2243913], [55.2775406, 25.2243214]]}, "properties": {"class": "residential"}}, {"type": "Feature", "geometry": {"type": "LineString", "coordinates": [[55.2807703, 25.2246296], [55.2802714, 25.2249062], [55.2802205, 25.224928], [55.2801668, 25.2249433], [55.2801112, 25.2249516], [55.2800549, 25.2249529], [55.2799989, 25.2249471]]}, "properties": {"class": "residential"}}, {"type": "Feature", "geometry": {"type": "LineString", "coordinates": [[55.2789339, 25.2256645], [55.2789035, 25.2257016], [55.2788799, 25.2257425], [55.2788638, 25.2257862], [55.2788553, 25.2258317]]}, "properties": {"class": "residential"}}, {"type": "Feature", "geometry": {"type": "LineString", "coordinates": [[55.2776765, 25.2242623], [55.2777368, 25.224275], [55.2777987, 25.2242759], [55.2778594, 25.2242649], [55.2779161, 25.2242425]]}, "properties": {"class": "residential"}}, {"type": "Feature", "geometry": {"type": "LineString", "coordinates": [[55.2735064, 25.207591], [55.273549, 25.2076859], [55.2735953, 25.2077794], [55.2736454, 25.2078713], [55.273699, 25.2079615], [55.2737736, 25.208075], [55.2738529, 25.2081858], [55.2744526, 25.2090526], [55.2749553, 25.2098099], [55.2754673, 25.2105029], [55.2758295, 25.2110386]]}, "properties": {"class": "tertiary"}}, {"type": "Feature", "geometry": {"type": "LineString", "coordinates": [[55.2735064, 25.207591], [55.2734657, 25.2075449], [55.2734294, 25.2074959], [55.2733976, 25.2074444], [55.2732975, 25.2072997], [55.273169, 25.2071138], [55.2731409, 25.2070727], [55.273116, 25.20703], [55.2730943, 25.2069859], [55.273076, 25.2069406]]}, "properties": {"class": "tertiary"}}, {"type": "Feature", "geometry": {"type": "LineString", "coordinates": [[55.2776528, 25.2012551], [55.2774752, 25.2013516]]}, "properties": {"class": "primary"}}, {"type": "Feature", "geometry": {"type": "LineString", "coordinates": [[55.2775463, 25.2010867], [55.2777203, 25.2010014]]}, "properties": {"class": "primary"}}, {"type": "Feature", "geometry": {"type": "LineString", "coordinates": [[55.2777524, 25.2010495], [55.2778276, 25.2011619]]}, "properties": {"class": "primary"}}, {"type": "Feature", "geometry": {"type": "LineString", "coordinates": [[55.2774272, 25.2012719], [55.2773684, 25.201188]]}, "properties": {"class": "primary"}}, {"type": "Feature", "geometry": {"type": "LineString", "coordinates": [[55.2772658, 25.2014628], [55.277261, 25.2014659], [55.2770421, 25.2015871], [55.2764902, 25.2018851], [55.2753764, 25.2024641], [55.2749031, 25.2026981], [55.2743104, 25.2029894]]}, "properties": {"class": "primary"}}, {"type": "Feature", "geometry": {"type": "LineString", "coordinates": [[55.2607671, 25.1900411], [55.2607677, 25.1900418], [55.2608887, 25.1901755], [55.2610068, 25.1903064], [55.2610599, 25.1903768], [55.2611076, 25.1904503], [55.2611495, 25.1905266], [55.2611857, 25.1906053], [55.2612158, 25.190686], [55.2612438, 25.1907684], [55.2614185, 25.1913072], [55.2614834, 25.1915071]]}, "properties": {"class": "tertiary"}}, {"type": "Feature", "geometry": {"type": "LineString", "coordinates": [[55.2608457, 25.1896893], [55.2607653, 25.1897843], [55.2607454, 25.1898115], [55.2607304, 25.1898411], [55.2607207, 25.1898725], [55.2607165, 25.1899049], [55.2607179, 25.1899374], [55.2607248, 25.1899694], [55.2607406, 25.1900034], [55.2607671, 25.1900411]]}, "properties": {"class": "tertiary"}}, {"type": "Feature", "geometry": {"type": "LineString", "coordinates": [[55.2607671, 25.1900411], [55.2606974, 25.1899902], [55.2606644, 25.1899655], [55.2606258, 25.1899489], [55.2605838, 25.1899413], [55.260541, 25.1899433], [55.2604926, 25.1899493]]}, "properties": {"class": "tertiary"}}, {"type": "Feature", "geometry": {"type": "LineString", "coordinates": [[55.262377, 25.2002498], [55.2624214, 25.2002914], [55.2624735, 25.2003248], [55.2625317, 25.2003486], [55.2625939, 25.2003619]]}, "properties": {"class": "residential"}}, {"type": "Feature", "geometry": {"type": "LineString", "coordinates": [[55.2623718, 25.2004945], [55.2623946, 25.2004479], [55.2624068, 25.2003982], [55.2624078, 25.2003472], [55.2623978, 25.2002971], [55.262377, 25.2002498]]}, "properties": {"class": "residential"}}, {"type": "Feature", "geometry": {"type": "LineString", "coordinates": [[55.2591532, 25.2005449], [55.2591051, 25.2005924], [55.2590712, 25.2006155], [55.2590341, 25.2006341], [55.2589945, 25.2006479], [55.2589531, 25.2006566]]}, "properties": {"class": "residential"}}, {"type": "Feature", "geometry": {"type": "LineString", "coordinates": [[55.2589531, 25.2006566], [55.2589783, 25.200627], [55.259008, 25.2006011], [55.2590416, 25.2005795], [55.2590784, 25.2005626], [55.2591532, 25.2005449]]}, "properties": {"class": "residential"}}, {"type": "Feature", "geometry": {"type": "LineString", "coordinates": [[55.2591051, 25.2005924], [55.2590775, 25.2006364], [55.2590579, 25.2006838], [55.259047, 25.2007334], [55.2590448, 25.200784]]}, "properties": {"class": "residential"}}, {"type": "Feature", "geometry": {"type": "LineString", "coordinates": [[55.2588546, 25.2005189], [55.2589056, 25.2005454], [55.2589614, 25.2005619], [55.2590199, 25.2005677], [55.2590784, 25.2005626]]}, "properties": {"class": "residential"}}, {"type": "Feature", "geometry": {"type": "LineString", "coordinates": [[55.2630175, 25.1980265], [55.2630722, 25.1979639], [55.2630887, 25.1979399], [55.2631008, 25.1979138], [55.2631082, 25.1978863], [55.2631105, 25.1978581], [55.2631067, 25.1977858]]}, "properties": {"class": "residential"}}, {"type": "Feature", "geometry": {"type": "LineString", "coordinates": [[55.2596376, 25.2016343], [55.2597084, 25.201702], [55.2597603, 25.2017465], [55.2598433, 25.2017857], [55.2598984, 25.201798], [55.2599734, 25.2018024], [55.2600634, 25.2018034]]}, "properties": {"class": "residential"}}, {"type": "Feature", "geometry": {"type": "LineString", "coordinates": [[55.2689635, 25.1966094], [55.2694315, 25.197283], [55.2694975, 25.1973826], [55.2695598, 25.1974842], [55.2696185, 25.1975875], [55.2696735, 25.1976924], [55.2697247, 25.197799], [55.2697527, 25.1978565], [55.2698049, 25.1979885], [55.2698117, 25.1980058], [55.2698465, 25.1981061], [55.269869, 25.1981809], [55.2698771, 25.1982076], [55.2699153, 25.1983152], [55.2699621, 25.1984199], [55.2700178, 25.198521], [55.2700819, 25.1986179], [55.2700972, 25.1986374], [55.2701542, 25.1987101], [55.2702341, 25.1987969], [55.2703212, 25.1988778], [55.2703423, 25.1988963], [55.2703838, 25.1989327], [55.2704505, 25.1989836], [55.2705209, 25.1990303], [55.2706006, 25.1990795], [55.2706841, 25.1991234], [55.2707706, 25.1991623], [55.2708597, 25.199196], [55.270951, 25.1992244], [55.2710442, 25.1992473], [55.2711343, 25.1992655], [55.2712352, 25.1992792], [55.271392, 25.1993023], [55.2715281, 25.1993082], [55.2715558, 25.1993093], [55.2715835, 25.199308], [55.2716109, 25.1993042], [55.2716377, 25.1992979], [55.2716679, 25.1992876], [55.2716966, 25.1992742], [55.2717233, 25.199258], [55.2717478, 25.199239], [55.271801, 25.1991853], [55.2718465, 25.1991262], [55.2719924, 25.1988631], [55.272003, 25.1988448], [55.2720685, 25.1987327]]}, "properties": {"class": "tertiary"}}, {"type": "Feature", "geometry": {"type": "LineString", "coordinates": [[55.2672743, 25.1944239], [55.2670566, 25.1945959]]}, "properties": {"class": "tertiary"}}, {"type": "Feature", "geometry": {"type": "LineString", "coordinates": [[55.2672075, 25.1943463], [55.2672743, 25.1944239]]}, "properties": {"class": "tertiary"}}, {"type": "Feature", "geometry": {"type": "LineString", "coordinates": [[55.2671494, 25.1942788], [55.2672075, 25.1943463]]}, "properties": {"class": "tertiary"}}, {"type": "Feature", "geometry": {"type": "LineString", "coordinates": [[55.2598467, 25.1878991], [55.2600934, 25.1880023], [55.2601503, 25.1880236], [55.2602096, 25.1880386], [55.2602705, 25.1880469], [55.260332, 25.1880487], [55.2603933, 25.1880431], [55.2604361, 25.1880324], [55.2604732, 25.1880102], [55.2605007, 25.1879786], [55.260516, 25.1879409], [55.2605176, 25.1879007], [55.2605052, 25.187862], [55.2604801, 25.1878288], [55.2599802, 25.1872588], [55.2599389, 25.187205], [55.2599042, 25.1871475], [55.2598763, 25.1870871], [55.2598556, 25.1870243]]}, "properties": {"class": "residential"}}, {"type": "Feature", "geometry": {"type": "LineString", "coordinates": [[55.2551828, 25.1872285], [55.2551446, 25.1872604], [55.2540832, 25.1880761]]}, "properties": {"class": "residential"}}, {"type": "Feature", "geometry": {"type": "LineString", "coordinates": [[55.2564156, 25.1867106], [55.2563719, 25.1866771], [55.256331, 25.1866408], [55.2562929, 25.1866021], [55.2562635, 25.1865728], [55.2562303, 25.1865469], [55.2561939, 25.1865249], [55.2561548, 25.1865071], [55.2561136, 25.1864938], [55.2560713, 25.1864863], [55.2560282, 25.1864848], [55.2559853, 25.1864888], [55.2559435, 25.1864984], [55.2559036, 25.1865132], [55.2558664, 25.186533], [55.255568, 25.1867605], [55.2552941, 25.1869853], [55.2552629, 25.187023], [55.2552403, 25.1870655], [55.255227, 25.187111], [55.2552236, 25.1871581], [55.2552302, 25.1872048], [55.2552465, 25.1872495], [55.2552644, 25.1872892], [55.2552849, 25.1873278], [55.2553075, 25.1873659]]}, "properties": {"class": "tertiary"}}, {"type": "Feature", "geometry": {"type": "LineString", "coordinates": [[55.2553075, 25.1873659], [55.2552672, 25.187338], [55.2552322, 25.1873047], [55.2552035, 25.1872668], [55.2551828, 25.1872285], [55.2551674, 25.1871841], [55.2551628, 25.187141], [55.2551661, 25.1870979], [55.2551772, 25.1870558], [55.255196, 25.187016], [55.2552217, 25.1869795], [55.2552538, 25.1869474], [55.2555377, 25.186726], [55.2558419, 25.1865042], [55.2558771, 25.1864775], [55.2559166, 25.1864561], [55.2559594, 25.1864408], [55.2560043, 25.1864318], [55.2560502, 25.1864294], [55.2560959, 25.1864337], [55.2561403, 25.1864445], [55.2561823, 25.1864616], [55.2562206, 25.1864846], [55.2562543, 25.1865129], [55.2562908, 25.1865495], [55.2563253, 25.1865876], [55.2563576, 25.1866273], [55.2563877, 25.1866684], [55.2564156, 25.1867106]]}, "properties": {"class": "tertiary"}}, {"type": "Feature", "geometry": {"type": "LineString", "coordinates": [[55.2530773, 25.1906162], [55.2531644, 25.1907209], [55.2531895, 25.1907586], [55.2532122, 25.1907976], [55.2532322, 25.1908378]]}, "properties": {"class": "residential"}}, {"type": "Feature", "geometry": {"type": "LineString", "coordinates": [[55.2532322, 25.1908378], [55.2531871, 25.1908114], [55.2531455, 25.1907806], [55.2531081, 25.1907458], [55.2530193, 25.1906525]]}, "properties": {"class": "residential"}}, {"type": "Feature", "geometry": {"type": "LineString", "coordinates": [[55.2482971, 25.1939756], [55.2482013, 25.1939601], [55.2481648, 25.1939468], [55.2481324, 25.1939265], [55.2481056, 25.1939005], [55.2473044, 25.1927633], [55.2472917, 25.192736], [55.2472849, 25.192707], [55.2472843, 25.1926774], [55.2472899, 25.1926482], [55.2473288, 25.1925913]]}, "properties": {"class": "residential"}}, {"type": "Feature", "geometry": {"type": "LineString", "coordinates": [[55.2519563, 25.1876544], [55.2519609, 25.187673], [55.2519532, 25.1876917], [55.2519382, 25.1877107], [55.2513915, 25.1880251], [55.2509189, 25.1882898], [55.2506532, 25.1884447]]}, "properties": {"class": "residential"}}, {"type": "Feature", "geometry": {"type": "LineString", "coordinates": [[55.2464962, 25.1919445], [55.2464898, 25.192017], [55.2464822, 25.1920415], [55.2464668, 25.1920628], [55.2464451, 25.192079], [55.2458837, 25.1924098], [55.2453482, 25.1927247], [55.2453209, 25.1927357], [55.2452911, 25.1927411], [55.2452525, 25.1927396], [55.2451401, 25.1927293]]}, "properties": {"class": "residential"}}, {"type": "Feature", "geometry": {"type": "LineString", "coordinates": [[55.2617421, 25.2190319], [55.2616687, 25.218984], [55.2616375, 25.2189694], [55.2616035, 25.2189614], [55.2615683, 25.2189603], [55.2615338, 25.2189663], [55.2615016, 25.2189791], [55.2614385, 25.2190121], [55.2613587, 25.2190515]]}, "properties": {"class": "residential"}}, {"type": "Feature", "geometry": {"type": "LineString", "coordinates": [[55.2613587, 25.2190515], [55.261431, 25.2189875], [55.2614975, 25.2189308], [55.2615169, 25.2189098], [55.2615324, 25.2188863], [55.2615436, 25.2188609], [55.2615501, 25.2188342], [55.261552, 25.2188069], [55.2615489, 25.2187796], [55.2615242, 25.218686]]}, "properties": {"class": "residential"}}, {"type": "Feature", "geometry": {"type": "LineString", "coordinates": [[55.2539196, 25.2163862], [55.253957, 25.2164058], [55.2540007, 25.2164271], [55.2540469, 25.2164435], [55.2540949, 25.2164548], [55.254156, 25.2164652]]}, "properties": {"class": "residential"}}, {"type": "Feature", "geometry": {"type": "LineString", "coordinates": [[55.2542795, 25.2200996], [55.2541022, 25.220105]]}, "properties": {"class": "residential"}}, {"type": "Feature", "geometry": {"type": "LineString", "coordinates": [[55.2541022, 25.220105], [55.2536086, 25.2204169], [55.2530785, 25.2207577], [55.2530535, 25.2207738]]}, "properties": {"class": "residential"}}, {"type": "Feature", "geometry": {"type": "LineString", "coordinates": [[55.2541022, 25.220105], [55.2541214, 25.2200397], [55.2541334, 25.2199731], [55.254138, 25.2199057]]}, "properties": {"class": "residential"}}, {"type": "Feature", "geometry": {"type": "LineString", "coordinates": [[55.2540113, 25.2165561], [55.2539867, 25.2164933], [55.2539718, 25.2164662], [55.2539554, 25.2164397], [55.2539381, 25.2164141], [55.2539196, 25.2163862]]}, "properties": {"class": "residential"}}, {"type": "Feature", "geometry": {"type": "LineString", "coordinates": [[55.2581193, 25.2228669], [55.2580875, 25.2229134], [55.2580508, 25.222957], [55.2580097, 25.2229971], [55.2577745, 25.2231769], [55.2577059, 25.223229], [55.2574376, 25.223422], [55.2572914, 25.2235264], [55.257278, 25.223536], [55.2571622, 25.2236188], [55.2570516, 25.2236982]]}, "properties": {"class": "residential"}}, {"type": "Feature", "geometry": {"type": "LineString", "coordinates": [[55.257003, 25.2236359], [55.2571133, 25.2235558], [55.2572244, 25.223475], [55.2573818, 25.2233624], [55.2576583, 25.2231656], [55.2579669, 25.222948], [55.2580156, 25.2229177], [55.2580664, 25.2228907], [55.2581193, 25.2228669]]}, "properties": {"class": "residential"}}, {"type": "Feature", "geometry": {"type": "LineString", "coordinates": [[55.2630583, 25.2328456], [55.262937, 25.2326828], [55.2625939, 25.2322221], [55.262534, 25.2321418], [55.2622234, 25.2317079], [55.2619478, 25.2313441], [55.261583, 25.2308627], [55.2613551, 25.230562], [55.2605435, 25.2294796], [55.2604902, 25.2294085], [55.2604565, 25.2293645], [55.259593, 25.2282365]]}, "properties": {"class": "residential"}}, {"type": "Feature", "geometry": {"type": "LineString", "coordinates": [[55.2838123, 25.1977661], [55.2839225, 25.1977046], [55.2840196, 25.1976517], [55.2840467, 25.1976375], [55.2841155, 25.197599], [55.2842931, 25.1975041], [55.2885256, 25.195253], [55.2887547, 25.1951334], [55.2889382, 25.1950376]]}, "properties": {"class": "primary"}}, {"type": "Feature", "geometry": {"type": "LineString", "coordinates": [[55.2839328, 25.197926], [55.283786, 25.1980156], [55.2834626, 25.1981961], [55.2809012, 25.1995272], [55.2807375, 25.19961], [55.2796095, 25.200204], [55.2792867, 25.2003678], [55.2783537, 25.2008787], [55.2780763, 25.201028], [55.2780397, 25.2010477], [55.2778276, 25.2011619]]}, "properties": {"class": "primary"}}, {"type": "Feature", "geometry": {"type": "LineString", "coordinates": [[55.2893754, 25.1948231], [55.2898126, 25.1946045], [55.2899331, 25.1945422], [55.29005, 25.1944743], [55.2901628, 25.1944011], [55.2902714, 25.1943228], [55.2903753, 25.1942395], [55.2907227, 25.1938957]]}, "properties": {"class": "primary"}}, {"type": "Feature", "geometry": {"type": "LineString", "coordinates": [[55.2889382, 25.1950376], [55.2891313, 25.194942]]}, "properties": {"class": "primary"}}, {"type": "Feature", "geometry": {"type": "LineString", "coordinates": [[55.2732969, 25.1801614], [55.2732025, 25.1802385], [55.2730881, 25.1803343]]}, "properties": {"class": "tertiary"}}, {"type": "Feature", "geometry": {"type": "LineString", "coordinates": [[55.2732969, 25.1801614], [55.2733865, 25.1802467], [55.2738564, 25.1806872]]}, "properties": {"class": "tertiary"}}, {"type": "Feature", "geometry": {"type": "LineString", "coordinates": [[55.2731492, 25.1799954], [55.2732257, 25.1800814], [55.2732969, 25.1801614]]}, "properties": {"class": "tertiary"}}, {"type": "Feature", "geometry": {"type": "LineString", "coordinates": [[55.2731492, 25.1799954], [55.2732375, 25.179927], [55.273806, 25.1794862]]}, "properties": {"class": "tertiary"}}, {"type": "Feature", "geometry": {"type": "LineString", "coordinates": [[55.2730018, 25.1804024], [55.2729147, 25.1803208], [55.2728307, 25.1802415]]}, "properties": {"class": "tertiary"}}, {"type": "Feature", "geometry": {"type": "LineString", "coordinates": [[55.2730018, 25.1804024], [55.2729042, 25.1804763], [55.2722571, 25.1809668]]}, "properties": {"class": "tertiary"}}, {"type": "Feature", "geometry": {"type": "LineString", "coordinates": [[55.2728307, 25.1802415], [55.2730408, 25.1800808], [55.2731492, 25.1799954]]}, "properties": {"class": "tertiary"}}, {"type": "Feature", "geometry": {"type": "LineString", "coordinates": [[55.2728307, 25.1802415], [55.2727597, 25.1801706], [55.2724414, 25.1798425]]}, "properties": {"class": "tertiary"}}, {"type": "Feature", "geometry": {"type": "LineString", "coordinates": [[55.2751132, 25.1818239], [55.2755302, 25.1816631]]}, "properties": {"class": "tertiary"}}, {"type": "Feature", "geometry": {"type": "LineString", "coordinates": [[55.2754524, 25.1818518], [55.2752204, 25.1819432], [55.2751813, 25.1819586], [55.2750906, 25.1819943]]}, "properties": {"class": "tertiary"}}, {"type": "Feature", "geometry": {"type": "LineString", "coordinates": [[55.2747571, 25.1819723], [55.2749842, 25.1818777], [55.2751132, 25.1818239]]}, "properties": {"class": "tertiary"}}, {"type": "Feature", "geometry": {"type": "LineString", "coordinates": [[55.2750906, 25.1819943], [55.2750391, 25.1820077], [55.2749862, 25.1820149], [55.2749327, 25.1820159], [55.274872, 25.1820093], [55.274813, 25.1819947], [55.2747571, 25.1819723]]}, "properties": {"class": "tertiary"}}, {"type": "Feature", "geometry": {"type": "LineString", "coordinates": [[55.2746509, 25.1813992], [55.274891, 25.1816102], [55.2749258, 25.1816471], [55.2749537, 25.1816886], [55.2749769, 25.181746], [55.2749857, 25.1817809], [55.2749891, 25.1818294], [55.2749842, 25.1818777], [55.2749703, 25.1819247], [55.274953, 25.1819708], [55.2749327, 25.1820159], [55.2748931, 25.1820863]]}, "properties": {"class": "tertiary"}}, {"type": "Feature", "geometry": {"type": "LineString", "coordinates": [[55.2730881, 25.1803343], [55.2730018, 25.1804024]]}, "properties": {"class": "tertiary"}}, {"type": "Feature", "geometry": {"type": "LineString", "coordinates": [[55.2713697, 25.1815635], [55.2713309, 25.1815612], [55.2712933, 25.1815524], [55.2712455, 25.1815367]]}, "properties": {"class": "tertiary"}}, {"type": "Feature", "geometry": {"type": "LineString", "coordinates": [[55.2713697, 25.1815635], [55.2713639, 25.1815294], [55.2713628, 25.1814948], [55.2713665, 25.1814603], [55.2713749, 25.1814265]]}, "properties": {"class": "tertiary"}}, {"type": "Feature", "geometry": {"type": "LineString", "coordinates": [[55.2714818, 25.1817416], [55.2714535, 25.1817111], [55.2714208, 25.1816642], [55.2713927, 25.1816149], [55.2713697, 25.1815635]]}, "properties": {"class": "tertiary"}}, {"type": "Feature", "geometry": {"type": "LineString", "coordinates": [[55.2716063, 25.1816406], [55.2718739, 25.1819167]]}, "properties": {"class": "tertiary"}}, {"type": "Feature", "geometry": {"type": "LineString", "coordinates": [[55.2653721, 25.2078134], [55.2652365, 25.2078745]]}, "properties": {"class": "primary"}}, {"type": "Feature", "geometry": {"type": "LineString", "coordinates": [[55.2653721, 25.2078134], [55.2654161, 25.2078688]]}, "properties": {"class": "residential"}}, {"type": "Feature", "geometry": {"type": "LineString", "coordinates": [[55.2654161, 25.2078688], [55.2654397, 25.2079087], [55.2656277, 25.2081389]]}, "properties": {"class": "residential"}}, {"type": "Feature", "geometry": {"type": "LineString", "coordinates": [[55.2651435, 25.2077577], [55.2650651, 25.2076646]]}, "properties": {"class": "residential"}}, {"type": "Feature", "geometry": {"type": "LineString", "coordinates": [[55.2652991, 25.2079472], [55.2652365, 25.2078745]]}, "properties": {"class": "residential"}}, {"type": "Feature", "geometry": {"type": "LineString", "coordinates": [[55.2651886, 25.2078991], [55.2651457, 25.2079212], [55.2649875, 25.2080173], [55.2646483, 25.2081881], [55.2639514, 25.2085446], [55.2633254, 25.2088755], [55.262912, 25.2091133], [55.2623658, 25.2094011]]}, "properties": {"class": "primary"}}, {"type": "Feature", "geometry": {"type": "LineString", "coordinates": [[55.2652872, 25.2076946], [55.2653721, 25.2078134]]}, "properties": {"class": "residential"}}, {"type": "Feature", "geometry": {"type": "LineString", "coordinates": [[55.2651957, 25.2075947], [55.2653253, 25.2075316]]}, "properties": {"class": "primary"}}, {"type": "Feature", "geometry": {"type": "LineString", "coordinates": [[55.2653253, 25.2075316], [55.2657877, 25.2072579]]}, "properties": {"class": "primary"}}, {"type": "Feature", "geometry": {"type": "LineString", "coordinates": [[55.2595432, 25.2073332], [55.2595238, 25.2073349], [55.259505, 25.2073304], [55.2594891, 25.2073204], [55.259478, 25.2073059], [55.2594731, 25.2072889], [55.259475, 25.2072714], [55.2594834, 25.2072555]]}, "properties": {"class": "residential"}}, {"type": "Feature", "geometry": {"type": "LineString", "coordinates": [[55.2558194, 25.2042947], [55.2558402, 25.2042468], [55.2558597, 25.2042146], [55.2558846, 25.2041856], [55.2559072, 25.2041661], [55.2566991, 25.2037089], [55.2567245, 25.2036942], [55.2567661, 25.2036702], [55.2579327, 25.2029966], [55.2579576, 25.202986], [55.2579844, 25.2029801], [55.2580119, 25.2029793], [55.2580818, 25.2029806]]}, "properties": {"class": "residential"}}, {"type": "Feature", "geometry": {"type": "LineString", "coordinates": [[55.2593386, 25.2074547], [55.2593572, 25.2073839]]}, "properties": {"class": "residential"}}, {"type": "Feature", "geometry": {"type": "LineString", "coordinates": [[55.2593572, 25.2073839], [55.2592766, 25.2073679]]}, "properties": {"class": "residential"}}, {"type": "Feature", "geometry": {"type": "LineString", "coordinates": [[55.25942, 25.2072895], [55.2594784, 25.2073689]]}, "properties": {"class": "tertiary"}}, {"type": "Feature", "geometry": {"type": "LineString", "coordinates": [[55.25942, 25.2072895], [55.2594834, 25.2072555]]}, "properties": {"class": "residential"}}, {"type": "Feature", "geometry": {"type": "LineString", "coordinates": [[55.2593386, 25.2074547], [55.2592766, 25.2073679]]}, "properties": {"class": "tertiary"}}, {"type": "Feature", "geometry": {"type": "LineString", "coordinates": [[55.2593816, 25.207516], [55.2593386, 25.2074547]]}, "properties": {"class": "tertiary"}}, {"type": "Feature", "geometry": {"type": "LineString", "coordinates": [[55.2595287, 25.2074396], [55.2596406, 25.2076113], [55.2596973, 25.2077073], [55.2605821, 25.2090321], [55.2605901, 25.2090451], [55.2606355, 25.2091186], [55.2607915, 25.2093771]]}, "properties": {"class": "tertiary"}}, {"type": "Feature", "geometry": {"type": "LineString", "coordinates": [[55.2594784, 25.2073689], [55.259444, 25.2073821], [55.2594153, 25.2073877], [55.259386, 25.2073882], [55.2593572, 25.2073839]]}, "properties": {"class": "residential"}}, {"type": "Feature", "geometry": {"type": "LineString", "coordinates": [[55.2594784, 25.2073689], [55.2595287, 25.2074396]]}, "properties": {"class": "tertiary"}}, {"type": "Feature", "geometry": {"type": "LineString", "coordinates": [[55.2595432, 25.2073332], [55.2594784, 25.2073689]]}, "properties": {"class": "residential"}}, {"type": "Feature", "geometry": {"type": "LineString", "coordinates": [[55.2593572, 25.2073839], [55.2593632, 25.2073559], [55.2593762, 25.20733], [55.2593955, 25.2073074], [55.25942, 25.2072895]]}, "properties": {"class": "residential"}}, {"type": "Feature", "geometry": {"type": "LineString", "coordinates": [[55.2594834, 25.2072555], [55.2595449, 25.2072207], [55.2596201, 25.2071801], [55.2606755, 25.2066107], [55.2610304, 25.2064104], [55.2615635, 25.2061175], [55.2618418, 25.2059693], [55.2623067, 25.2057205], [55.2623345, 25.2057057], [55.262593, 25.2055684], [55.2630148, 25.2053489], [55.2632206, 25.2052279], [55.2632621, 25.2052035], [55.2633377, 25.2051567]]}, "properties": {"class": "residential"}}, {"type": "Feature", "geometry": {"type": "LineString", "coordinates": [[55.2728222, 25.2066348], [55.272712, 25.2066112], [55.2726649, 25.206598], [55.2726255, 25.2065712], [55.2725983, 25.2065341], [55.2725865, 25.2064908], [55.2725914, 25.2064464], [55.2726125, 25.2064061], [55.2726387, 25.2063868]]}, "properties": {"class": "tertiary"}}, {"type": "Feature", "geometry": {"type": "LineString", "coordinates": [[55.2586206, 25.1910845], [55.258595, 25.1910242], [55.2585629, 25.1909658], [55.2585261, 25.1909096], [55.2583991, 25.1907617], [55.258375, 25.1907304], [55.2583545, 25.1906971], [55.2583379, 25.190662]]}, "properties": {"class": "tertiary"}}, {"type": "Feature", "geometry": {"type": "LineString", "coordinates": [[55.2583379, 25.190662], [55.2583752, 25.1906902], [55.2584071, 25.1907157], [55.2584368, 25.1907434], [55.2585845, 25.1908969], [55.2586219, 25.1909301], [55.2586658, 25.1909563], [55.2587143, 25.1909743]]}, "properties": {"class": "tertiary"}}, {"type": "Feature", "geometry": {"type": "LineString", "coordinates": [[55.2778931, 25.20126], [55.2779069, 25.2012806], [55.2779114, 25.2012874], [55.2781673, 25.2016929], [55.2782825, 25.201875], [55.2783537, 25.2019914], [55.2783911, 25.2020535], [55.2784433, 25.2021518], [55.27849, 25.2022524], [55.278531, 25.202355], [55.2785661, 25.2024593], [55.2785953, 25.2025652], [55.2786185, 25.2026722], [55.2786357, 25.2027802], [55.278652, 25.2029041]]}, "properties": {"class": "primary"}}, {"type": "Feature", "geometry": {"type": "LineString", "coordinates": [[55.2670237, 25.1943811], [55.2671494, 25.1942788]]}, "properties": {"class": "tertiary"}}, {"type": "Feature", "geometry": {"type": "LineString", "coordinates": [[55.2670566, 25.1945959], [55.2669352, 25.1947005]]}, "properties": {"class": "tertiary"}}, {"type": "Feature", "geometry": {"type": "LineString", "coordinates": [[55.2669352, 25.1947005], [55.266864, 25.1946204]]}, "properties": {"class": "tertiary"}}, {"type": "Feature", "geometry": {"type": "LineString", "coordinates": [[55.2668078, 25.1945527], [55.2670237, 25.1943811]]}, "properties": {"class": "tertiary"}}, {"type": "Feature", "geometry": {"type": "LineString", "coordinates": [[55.266864, 25.1946204], [55.2668078, 25.1945527]]}, "properties": {"class": "tertiary"}}, {"type": "Feature", "geometry": {"type": "LineString", "coordinates": [[55.2793887, 25.2090003], [55.2793962, 25.2089886], [55.2794061, 25.2089789], [55.2794202, 25.2089691], [55.2794361, 25.2089619]]}, "properties": {"class": "tertiary"}}, {"type": "Feature", "geometry": {"type": "LineString", "coordinates": [[55.2793887, 25.2090003], [55.2793569, 25.2089849], [55.2793279, 25.2089655], [55.2793023, 25.2089425], [55.2792806, 25.2089164], [55.2792633, 25.2088877]]}, "properties": {"class": "tertiary"}}, {"type": "Feature", "geometry": {"type": "LineString", "coordinates": [[55.2794687, 25.209166], [55.2795127, 25.2094446], [55.2795474, 25.2096017], [55.2795959, 25.2097565], [55.2796546, 25.2099083], [55.2797233, 25.2100566], [55.2798018, 25.2102009], [55.2798903, 25.2103404], [55.2799877, 25.210476], [55.2800928, 25.2106068], [55.2802053, 25.2107325], [55.2803249, 25.2108527], [55.2804513, 25.2109671], [55.2805524, 25.2110524], [55.2806249, 25.2111048], [55.280748, 25.2111941], [55.2808646, 25.2112738], [55.2809489, 25.2113192], [55.2814259, 25.2115969], [55.2814628, 25.2116184], [55.2815749, 25.2116835], [55.2820885, 25.2119827], [55.2821297, 25.212009], [55.282186, 25.212045], [55.2823167, 25.2121285], [55.2826644, 25.2123682], [55.2829827, 25.2125542], [55.2830094, 25.2125711], [55.2831288, 25.2126632], [55.2832426, 25.2127612], [55.2833505, 25.2128646], [55.2834521, 25.2129731], [55.2835471, 25.2130864], [55.2836352, 25.2132041], [55.2838633, 25.2135091]]}, "properties": {"class": "primary"}}, {"type": "Feature", "geometry": {"type": "LineString", "coordinates": [[55.2794361, 25.2089619], [55.2794442, 25.2090071]]}, "properties": {"class": "primary"}}, {"type": "Feature", "geometry": {"type": "LineString", "coordinates": [[55.2792633, 25.2088877], [55.2792318, 25.2088355]]}, "properties": {"class": "tertiary"}}, {"type": "Feature", "geometry": {"type": "LineString", "coordinates": [[55.2650341, 25.1862277], [55.265163, 25.186387]]}, "properties": {"class": "tertiary"}}, {"type": "Feature", "geometry": {"type": "LineString", "coordinates": [[55.26493, 25.1863033], [55.2650341, 25.1862277]]}, "properties": {"class": "secondary"}}, {"type": "Feature", "geometry": {"type": "LineString", "coordinates": [[55.26493, 25.1863033], [55.2648481, 25.1862059], [55.2646837, 25.1859697], [55.264593, 25.1858287], [55.2645352, 25.1857319], [55.2644791, 25.1856336], [55.2644484, 25.1855776], [55.2644249, 25.1855339], [55.2642864, 25.1852827], [55.2642425, 25.185191], [55.2641951, 25.1850754]]}, "properties": {"class": "tertiary"}}, {"type": "Feature", "geometry": {"type": "LineString", "coordinates": [[55.2715841, 25.1876767], [55.2714731, 25.1877398], [55.2713512, 25.1878044], [55.271227, 25.1878652], [55.2711007, 25.1879224], [55.270931, 25.1879927], [55.2708695, 25.1880177], [55.2707899, 25.1880501], [55.2706308, 25.1881038], [55.2703886, 25.1881777], [55.2701426, 25.1882403], [55.2698933, 25.1882915], [55.2696415, 25.188331], [55.2693878, 25.1883588], [55.2691328, 25.1883748], [55.2689943, 25.1883771], [55.2688773, 25.188379], [55.2686219, 25.1883713], [55.2683672, 25.1883518], [55.2681145, 25.1883232], [55.2679138, 25.1882776], [55.2677319, 25.1882349], [55.2676074, 25.1882024], [55.2674836, 25.1881669], [55.2673402, 25.1881208], [55.2671989, 25.1880699], [55.2670598, 25.1880142], [55.2669231, 25.1879538], [55.2667789, 25.1878869], [55.2666375, 25.1878152], [55.266499, 25.1877388], [55.2663516, 25.1876504], [55.2662082, 25.1875568], [55.2660689, 25.1874581]]}, "properties": {"class": "secondary"}}, {"type": "Feature", "geometry": {"type": "LineString", "coordinates": [[55.2715841, 25.1876767], [55.2714841, 25.1875625]]}, "properties": {"class": "secondary"}}, {"type": "Feature", "geometry": {"type": "LineString", "coordinates": [[55.2725683, 25.1886242], [55.2725106, 25.1886592], [55.2724637, 25.1886875]]}, "properties": {"class": "tertiary"}}, {"type": "Feature", "geometry": {"type": "LineString", "coordinates": [[55.2724637, 25.1886875], [55.2724119, 25.1886202], [55.2723537, 25.1885484]]}, "properties": {"class": "secondary"}}, {"type": "Feature", "geometry": {"type": "LineString", "coordinates": [[55.2723537, 25.1885484], [55.2724564, 25.1884843]]}, "properties": {"class": "tertiary"}}, {"type": "Feature", "geometry": {"type": "LineString", "coordinates": [[55.2724564, 25.1884843], [55.2725159, 25.1885588], [55.2725683, 25.1886242]]}, "properties": {"class": "secondary"}}, {"type": "Feature", "geometry": {"type": "LineString", "coordinates": [[55.2759204, 25.186514], [55.2758752, 25.1864628], [55.2757951, 25.1863741]]}, "properties": {"class": "tertiary"}}, {"type": "Feature", "geometry": {"type": "LineString", "coordinates": [[55.2762052, 25.1866808], [55.2771014, 25.1878598]]}, "properties": {"class": "tertiary"}}, {"type": "Feature", "geometry": {"type": "LineString", "coordinates": [[55.2757951, 25.1863741], [55.2758752, 25.1863222]]}, "properties": {"class": "tertiary"}}, {"type": "Feature", "geometry": {"type": "LineString", "coordinates": [[55.2758752, 25.1863222], [55.2759218, 25.1863717], [55.2760075, 25.1864631]]}, "properties": {"class": "tertiary"}}, {"type": "Feature", "geometry": {"type": "LineString", "coordinates": [[55.2742131, 25.1856872], [55.2746714, 25.1853564], [55.2747075, 25.1853304], [55.2747938, 25.1852676], [55.2748832, 25.1852027], [55.2751825, 25.1849877]]}, "properties": {"class": "secondary"}}, {"type": "Feature", "geometry": {"type": "LineString", "coordinates": [[55.2744554, 25.1857136], [55.2727629, 25.1868738]]}, "properties": {"class": "secondary"}}, {"type": "Feature", "geometry": {"type": "LineString", "coordinates": [[55.2749094, 25.1853991], [55.2747938, 25.1852676]]}, "properties": {"class": "tertiary"}}, {"type": "Feature", "geometry": {"type": "LineString", "coordinates": [[55.2742959, 25.1823743], [55.2742641, 25.1823891], [55.2739929, 25.1825153], [55.2738314, 25.1825794], [55.2737234, 25.1826123], [55.2736133, 25.1826389], [55.2735015, 25.1826593], [55.2733768, 25.1826743], [55.2732513, 25.1826814], [55.2731254, 25.1826806], [55.273, 25.182672], [55.2728755, 25.1826554], [55.272739, 25.1826275], [55.2726049, 25.1825903], [55.2724747, 25.1825436], [55.2723488, 25.1824878], [55.2722282, 25.1824233], [55.2721135, 25.1823505], [55.2720054, 25.1822698], [55.2719068, 25.1821787]]}, "properties": {"class": "tertiary"}}, {"type": "Feature", "geometry": {"type": "LineString", "coordinates": [[55.2473955, 25.2123824], [55.2474429, 25.2123786], [55.2474747, 25.2123747], [55.2475057, 25.2123675], [55.2475356, 25.212357], [55.247564, 25.2123435], [55.247786, 25.2122099], [55.2479511, 25.2121146], [55.2479733, 25.2120929], [55.2479918, 25.2120681], [55.2480059, 25.2120411], [55.2480151, 25.2120124], [55.2480194, 25.2119828], [55.2480189, 25.211915]]}, "properties": {"class": "residential"}}, {"type": "Feature", "geometry": {"type": "LineString", "coordinates": [[55.2871146, 25.2297609], [55.2869656, 25.2295639], [55.2868097, 25.2293272]]}, "properties": {"class": "residential"}}, {"type": "Feature", "geometry": {"type": "LineString", "coordinates": [[55.2866569, 25.2289477], [55.2866812, 25.228971], [55.2866964, 25.2289999], [55.286701, 25.2290316], [55.2866947, 25.229063], [55.2866749, 25.2290946], [55.2866443, 25.229118], [55.2866066, 25.2291304], [55.2865665, 25.2291301], [55.2865396, 25.2291224], [55.2865046, 25.2290995], [55.2864815, 25.2290666], [55.2864737, 25.2290282], [55.2864776, 25.2290015], [55.2864938, 25.2289706], [55.2865201, 25.2289461], [55.2865538, 25.2289308], [55.2866009, 25.2289263], [55.2866259, 25.2289323], [55.2866569, 25.2289477]]}, "properties": {"class": "residential"}}, {"type": "Feature", "geometry": {"type": "LineString", "coordinates": [[55.2866947, 25.229063], [55.2866996, 25.2290963], [55.2867063, 25.2291274], [55.2867165, 25.2291563], [55.2867302, 25.2291841], [55.2867562, 25.2292223], [55.2867887, 25.2292713], [55.2867969, 25.2292847], [55.2868028, 25.2292991], [55.2868064, 25.229314], [55.2868097, 25.2293272]]}, "properties": {"class": "residential"}}, {"type": "Feature", "geometry": {"type": "LineString", "coordinates": [[55.2868097, 25.2293272], [55.2867867, 25.2293162], [55.2867677, 25.2293019], [55.2867529, 25.2292841], [55.2867084, 25.2292324], [55.2866852, 25.2292066], [55.2866592, 25.2291831], [55.2866305, 25.2291623], [55.2865995, 25.2291445], [55.2865665, 25.2291301]]}, "properties": {"class": "residential"}}, {"type": "Feature", "geometry": {"type": "LineString", "coordinates": [[55.2863681, 25.2291617], [55.2863974, 25.2291304], [55.2864247, 25.2290977], [55.2864498, 25.2290636], [55.2864737, 25.2290282]]}, "properties": {"class": "residential"}}, {"type": "Feature", "geometry": {"type": "LineString", "coordinates": [[55.2865396, 25.2291224], [55.2864959, 25.2291282], [55.2864526, 25.229137], [55.2864099, 25.2291482], [55.2863681, 25.2291617]]}, "properties": {"class": "residential"}}, {"type": "Feature", "geometry": {"type": "LineString", "coordinates": [[55.2578316, 25.1883559], [55.2578194, 25.1882994], [55.2578001, 25.1882447], [55.2577729, 25.1881928], [55.2577384, 25.1881446]]}, "properties": {"class": "tertiary"}}, {"type": "Feature", "geometry": {"type": "LineString", "coordinates": [[55.2577384, 25.1881446], [55.2577832, 25.188166], [55.2578297, 25.1881843], [55.2578775, 25.1881995], [55.2579264, 25.1882112]]}, "properties": {"class": "tertiary"}}, {"type": "Feature", "geometry": {"type": "LineString", "coordinates": [[55.2583102, 25.1883758], [55.258262, 25.1883741], [55.2582143, 25.1883807], [55.2581689, 25.1883954], [55.2581274, 25.1884176]]}, "properties": {"class": "tertiary"}}, {"type": "Feature", "geometry": {"type": "LineString", "coordinates": [[55.2581357, 25.1882832], [55.2583102, 25.1883758]]}, "properties": {"class": "tertiary"}}, {"type": "Feature", "geometry": {"type": "LineString", "coordinates": [[55.2609906, 25.2099524], [55.2611294, 25.209886]]}, "properties": {"class": "primary"}}, {"type": "Feature", "geometry": {"type": "LineString", "coordinates": [[55.2610397, 25.2100317], [55.2609906, 25.2099524]]}, "properties": {"class": "secondary"}}, {"type": "Feature", "geometry": {"type": "LineString", "coordinates": [[55.2612031, 25.209955], [55.2612641, 25.2100414]]}, "properties": {"class": "secondary"}}, {"type": "Feature", "geometry": {"type": "LineString", "coordinates": [[55.292269, 25.2254273], [55.2922366, 25.2254012], [55.2921748, 25.2253485], [55.2915519, 25.2248397]]}, "properties": {"class": "secondary"}}, {"type": "Feature", "geometry": {"type": "LineString", "coordinates": [[55.2923586, 25.2255028], [55.292269, 25.2254273]]}, "properties": {"class": "secondary"}}, {"type": "Feature", "geometry": {"type": "LineString", "coordinates": [[55.2924942, 25.2256063], [55.2923586, 25.2255028]]}, "properties": {"class": "secondary"}}, {"type": "Feature", "geometry": {"type": "LineString", "coordinates": [[55.2925888, 25.2255233], [55.2924942, 25.2256063]]}, "properties": {"class": "primary"}}, {"type": "Feature", "geometry": {"type": "LineString", "coordinates": [[55.2926941, 25.2254308], [55.2925888, 25.2255233]]}, "properties": {"class": "primary"}}, {"type": "Feature", "geometry": {"type": "LineString", "coordinates": [[55.295653, 25.222737], [55.2947768, 25.2235078], [55.2935783, 25.2246259], [55.2928123, 25.2253258], [55.2927796, 25.2253557], [55.2926941, 25.2254308]]}, "properties": {"class": "primary"}}, {"type": "Feature", "geometry": {"type": "LineString", "coordinates": [[55.2925897, 25.2253236], [55.2926941, 25.2254308]]}, "properties": {"class": "secondary"}}, {"type": "Feature", "geometry": {"type": "LineString", "coordinates": [[55.2925039, 25.2252199], [55.2925897, 25.2253236]]}, "properties": {"class": "secondary"}}, {"type": "Feature", "geometry": {"type": "LineString", "coordinates": [[55.2925039, 25.2252199], [55.2925755, 25.2251566], [55.2932968, 25.2244818], [55.2934941, 25.2242931], [55.2936927, 25.2241101], [55.2938992, 25.2239343], [55.294113, 25.2237659], [55.2951587, 25.2228974], [55.2954405, 25.2226633], [55.2956412, 25.2224967]]}, "properties": {"class": "primary"}}, {"type": "Feature", "geometry": {"type": "LineString", "coordinates": [[55.2924051, 25.2253071], [55.2925039, 25.2252199]]}, "properties": {"class": "primary"}}, {"type": "Feature", "geometry": {"type": "LineString", "coordinates": [[55.292269, 25.2254273], [55.2924051, 25.2253071]]}, "properties": {"class": "primary"}}, {"type": "Feature", "geometry": {"type": "LineString", "coordinates": [[55.2671551, 25.2242632], [55.2671109, 25.2241657], [55.2671079, 25.224151], [55.267111, 25.2241364], [55.2671201, 25.2241238], [55.2671336, 25.2241151], [55.2674626, 25.2239849]]}, "properties": {"class": "residential"}}, {"type": "Feature", "geometry": {"type": "LineString", "coordinates": [[55.2737261, 25.2105993], [55.2737879, 25.2105417], [55.2738043, 25.2105215], [55.2738166, 25.210499], [55.2738244, 25.2104749], [55.2738275, 25.2104499], [55.2738231, 25.2104003]]}, "properties": {"class": "residential"}}, {"type": "Feature", "geometry": {"type": "LineString", "coordinates": [[55.27399, 25.2106268], [55.2739193, 25.2105834], [55.2738964, 25.2105737], [55.2738719, 25.2105678], [55.2738467, 25.2105662], [55.2738216, 25.2105689], [55.2737974, 25.2105757], [55.2737261, 25.2105993]]}, "properties": {"class": "residential"}}, {"type": "Feature", "geometry": {"type": "LineString", "coordinates": [[55.2729121, 25.211065], [55.27287, 25.211105], [55.2728406, 25.211131], [55.2728162, 25.2111609], [55.2727975, 25.211194], [55.2727851, 25.2112294], [55.2727791, 25.2112662], [55.27278, 25.2113021], [55.2727835, 25.2113331]]}, "properties": {"class": "residential"}}, {"type": "Feature", "geometry": {"type": "LineString", "coordinates": [[55.2725947, 25.2110518], [55.2726683, 25.211086], [55.2726978, 25.2110964], [55.2727287, 25.2111026], [55.2727602, 25.2111046], [55.2727918, 25.2111022], [55.2728225, 25.2110955], [55.2728553, 25.2110849], [55.2729121, 25.211065]]}, "properties": {"class": "residential"}}, {"type": "Feature", "geometry": {"type": "LineString", "coordinates": [[55.2661624, 25.1997704], [55.2661829, 25.1997361], [55.2662125, 25.1996971], [55.2662368, 25.1996645], [55.2662584, 25.1996304], [55.2662773, 25.199595]]}, "properties": {"class": "residential"}}, {"type": "Feature", "geometry": {"type": "LineString", "coordinates": [[55.2663686, 25.1997294], [55.2663212, 25.1997305], [55.2662732, 25.1997371], [55.266231, 25.1997489], [55.2662004, 25.1997606], [55.2661624, 25.1997704]]}, "properties": {"class": "residential"}}, {"type": "Feature", "geometry": {"type": "LineString", "coordinates": [[55.2842741, 25.2254052], [55.2842385, 25.2253877], [55.2842006, 25.2253746], [55.2841611, 25.2253661], [55.2841207, 25.2253624], [55.2840935, 25.2253631], [55.2840387, 25.2253701], [55.2840014, 25.2253823], [55.2839221, 25.22542], [55.2838884, 25.225437], [55.2838545, 25.225454], [55.2838191, 25.2254683], [55.2837825, 25.2254799]]}, "properties": {"class": "residential"}}, {"type": "Feature", "geometry": {"type": "LineString", "coordinates": [[55.2837825, 25.2254799], [55.2838076, 25.2254527], [55.2838352, 25.2254272], [55.2838652, 25.2254041], [55.2838974, 25.2253835], [55.2839781, 25.2253386], [55.2840066, 25.2253194], [55.284034, 25.2252951], [55.2840528, 25.2252718], [55.2840678, 25.2252358], [55.2840747, 25.2252028], [55.2840745, 25.2251693], [55.2840672, 25.225124]]}, "properties": {"class": "residential"}}, {"type": "Feature", "geometry": {"type": "LineString", "coordinates": [[55.2792446, 25.2185038], [55.2792791, 25.2184789], [55.2793085, 25.2184491], [55.2793321, 25.2184154], [55.2793487, 25.2183794], [55.2793587, 25.2183414], [55.2793616, 25.2183025], [55.2793575, 25.2182636]]}, "properties": {"class": "residential"}}, {"type": "Feature", "geometry": {"type": "LineString", "coordinates": [[55.2795269, 25.2185661], [55.2794592, 25.218518], [55.2794175, 25.2185003], [55.2793733, 25.2184917], [55.2793299, 25.2184896], [55.2792866, 25.2184937], [55.2792446, 25.2185038]]}, "properties": {"class": "residential"}}, {"type": "Feature", "geometry": {"type": "LineString", "coordinates": [[55.2470478, 25.1958173], [55.2472375, 25.1957119], [55.2477587, 25.1954189], [55.2479173, 25.1953244], [55.2486327, 25.1949159], [55.2488606, 25.1947811], [55.2489066, 25.1947547], [55.2495594, 25.1943785], [55.249973, 25.1941403], [55.2501494, 25.1940387], [55.2507771, 25.1936771], [55.2513448, 25.1933501], [55.251527, 25.1932451]]}, "properties": {"class": "residential"}}, {"type": "Feature", "geometry": {"type": "LineString", "coordinates": [[55.2602973, 25.1881033], [55.2602375, 25.1880999], [55.2601716, 25.1880861], [55.2601087, 25.1880634], [55.2600503, 25.1880324], [55.2598467, 25.1878991]]}, "properties": {"class": "residential"}}, {"type": "Feature", "geometry": {"type": "LineString", "coordinates": [[55.2620647, 25.1939949], [55.2619141, 25.19383]]}, "properties": {"class": "motorway"}}, {"type": "Feature", "geometry": {"type": "LineString", "coordinates": [[55.26192, 25.1934226], [55.2619954, 25.1935026]]}, "properties": {"class": "motorway"}}, {"type": "Feature", "geometry": {"type": "LineString", "coordinates": [[55.2603835, 25.1917721], [55.2605685, 25.1919708], [55.26192, 25.1934226]]}, "properties": {"class": "motorway"}}, {"type": "Feature", "geometry": {"type": "LineString", "coordinates": [[55.289062, 25.221441], [55.2889569, 25.221326], [55.2888558, 25.221208], [55.2887588, 25.2210872], [55.2886661, 25.2209636], [55.2885778, 25.2208376], [55.2884941, 25.2207089]]}, "properties": {"class": "primary"}}, {"type": "Feature", "geometry": {"type": "LineString", "coordinates": [[55.2884941, 25.2207089], [55.288258, 25.2203725], [55.2881759, 25.2202485], [55.2881364, 25.2201874]]}, "properties": {"class": "primary"}}, {"type": "Feature", "geometry": {"type": "LineString", "coordinates": [[55.2455197, 25.1809605], [55.2459204, 25.1813998]]}, "properties": {"class": "residential"}}, {"type": "Feature", "geometry": {"type": "LineString", "coordinates": [[55.2463657, 25.1808474], [55.2464003, 25.180872], [55.2464319, 25.1808998], [55.24646, 25.1809305], [55.2465606, 25.1810401]]}, "properties": {"class": "residential"}}, {"type": "Feature", "geometry": {"type": "LineString", "coordinates": [[55.2465116, 25.181076], [55.246428, 25.18095], [55.2464055, 25.1809166], [55.2463848, 25.1808824], [55.2463657, 25.1808474]]}, "properties": {"class": "residential"}}, {"type": "Feature", "geometry": {"type": "LineString", "coordinates": [[55.246987, 25.180399], [55.2470216, 25.1804236], [55.2470532, 25.1804514], [55.2470814, 25.180482], [55.247131, 25.1805361], [55.2471801, 25.1805896]]}, "properties": {"class": "residential"}}, {"type": "Feature", "geometry": {"type": "LineString", "coordinates": [[55.2471304, 25.180625], [55.2470493, 25.1805015], [55.2470269, 25.1804682], [55.2470061, 25.180434], [55.246987, 25.180399]]}, "properties": {"class": "residential"}}, {"type": "Feature", "geometry": {"type": "LineString", "coordinates": [[55.248473, 25.1977777], [55.2478394, 25.1981296], [55.2478019, 25.1981504], [55.2477371, 25.1981872]]}, "properties": {"class": "tertiary"}}, {"type": "Feature", "geometry": {"type": "LineString", "coordinates": [[55.2473567, 25.1976587], [55.2476165, 25.1980139], [55.2476851, 25.1981144]]}, "properties": {"class": "primary"}}, {"type": "Feature", "geometry": {"type": "LineString", "coordinates": [[55.2527924, 25.1887583], [55.2528775, 25.1888609], [55.252891, 25.18888], [55.2529011, 25.1889007], [55.2529193, 25.1889396]]}, "properties": {"class": "residential"}}, {"type": "Feature", "geometry": {"type": "LineString", "coordinates": [[55.2529193, 25.1889396], [55.2528804, 25.1889119], [55.2528603, 25.1888976], [55.2528418, 25.1888823], [55.2527453, 25.1887896]]}, "properties": {"class": "residential"}}, {"type": "Feature", "geometry": {"type": "LineString", "coordinates": [[55.2538829, 25.1900231], [55.2538039, 25.189924], [55.2537911, 25.1899045], [55.2537809, 25.1898839], [55.2537565, 25.1898374]]}, "properties": {"class": "residential"}}, {"type": "Feature", "geometry": {"type": "LineString", "coordinates": [[55.2537565, 25.1898374], [55.2538025, 25.1898688], [55.2538228, 25.189882], [55.2538413, 25.1898972], [55.2539296, 25.1899871]]}, "properties": {"class": "residential"}}, {"type": "Feature", "geometry": {"type": "LineString", "coordinates": [[55.2546417, 25.1847762], [55.2547091, 25.1848315], [55.2547636, 25.1848617], [55.2548234, 25.1848819], [55.2548863, 25.1848913], [55.2549501, 25.1848896], [55.2550124, 25.1848769], [55.2550708, 25.1848537], [55.2551442, 25.1848239]]}, "properties": {"class": "tertiary"}}, {"type": "Feature", "geometry": {"type": "LineString", "coordinates": [[55.2551442, 25.1848239], [55.2550865, 25.1848736], [55.2550433, 25.184907], [55.2549929, 25.1849309], [55.2549379, 25.1849441], [55.2548811, 25.1849458], [55.2548252, 25.1849361], [55.2547732, 25.1849153], [55.2547276, 25.1848846], [55.2546906, 25.1848454], [55.2546417, 25.1847762]]}, "properties": {"class": "tertiary"}}, {"type": "Feature", "geometry": {"type": "LineString", "coordinates": [[55.2550294, 25.1891422], [55.254943, 25.1890319], [55.2549339, 25.1890168], [55.2549278, 25.1890006], [55.2549248, 25.1889836]]}, "properties": {"class": "residential"}}, {"type": "Feature", "geometry": {"type": "LineString", "coordinates": [[55.2549248, 25.1889836], [55.2549441, 25.1889907], [55.2549588, 25.1889991], [55.2549617, 25.1890007], [55.2549772, 25.1890134], [55.2550691, 25.189111]]}, "properties": {"class": "residential"}}, {"type": "Feature", "geometry": {"type": "LineString", "coordinates": [[55.2506551, 25.1875211], [55.2504051, 25.1876778]]}, "properties": {"class": "residential"}}, {"type": "Feature", "geometry": {"type": "LineString", "coordinates": [[55.2509984, 25.1879537], [55.2507745, 25.1876596], [55.2506551, 25.1875211], [55.2503845, 25.1871747]]}, "properties": {"class": "residential"}}, {"type": "Feature", "geometry": {"type": "LineString", "coordinates": [[55.2507216, 25.1881123], [55.2509984, 25.1879537], [55.2511588, 25.1878599]]}, "properties": {"class": "residential"}}, {"type": "Feature", "geometry": {"type": "LineString", "coordinates": [[55.2513673, 25.1879914], [55.2506228, 25.1870336]]}, "properties": {"class": "residential"}}, {"type": "Feature", "geometry": {"type": "LineString", "coordinates": [[55.2511101, 25.1867569], [55.2519563, 25.1876544]]}, "properties": {"class": "residential"}}, {"type": "Feature", "geometry": {"type": "LineString", "coordinates": [[55.2521292, 25.1891446], [55.2521724, 25.1892146], [55.2522296, 25.1893071], [55.2522436, 25.1893332], [55.2522524, 25.1893611], [55.2522561, 25.1893906], [55.252254, 25.1894202], [55.2522464, 25.1894491], [55.2522298, 25.1894779], [55.2522055, 25.1895019], [55.2519654, 25.1896614]]}, "properties": {"class": "residential"}}, {"type": "Feature", "geometry": {"type": "LineString", "coordinates": [[55.255544, 25.1964474], [55.2555641, 25.1964298], [55.2555856, 25.1964136], [55.2556083, 25.1963989], [55.2558601, 25.1962357]]}, "properties": {"class": "residential"}}, {"type": "Feature", "geometry": {"type": "LineString", "coordinates": [[55.25589, 25.1962791], [55.2556235, 25.1964139], [55.255598, 25.1964269], [55.2555716, 25.1964384], [55.255544, 25.1964474]]}, "properties": {"class": "residential"}}, {"type": "Feature", "geometry": {"type": "LineString", "coordinates": [[55.2472375, 25.1957119], [55.2472508, 25.1956254], [55.247259, 25.1956022], [55.2472725, 25.1955811], [55.2472906, 25.1955631], [55.2473125, 25.1955489], [55.2478519, 25.1952364], [55.2483996, 25.194919], [55.248428, 25.194907], [55.2484582, 25.1948992], [55.2484894, 25.1948958], [55.2485208, 25.1948971], [55.2486327, 25.1949159]]}, "properties": {"class": "residential"}}, {"type": "Feature", "geometry": {"type": "LineString", "coordinates": [[55.2581346, 25.2001308], [55.2581552, 25.2001137], [55.2581771, 25.200098], [55.2582002, 25.2000838], [55.2584445, 25.1999334]]}, "properties": {"class": "residential"}}, {"type": "Feature", "geometry": {"type": "LineString", "coordinates": [[55.2584741, 25.1999754], [55.258215, 25.2000991], [55.2581891, 25.2001115], [55.2581624, 25.2001224], [55.2581346, 25.2001308]]}, "properties": {"class": "residential"}}, {"type": "Feature", "geometry": {"type": "LineString", "coordinates": [[55.2565001, 25.197712], [55.256521, 25.1976951], [55.2565432, 25.1976798], [55.2565666, 25.1976659], [55.2567705, 25.1975447]]}, "properties": {"class": "residential"}}, {"type": "Feature", "geometry": {"type": "LineString", "coordinates": [[55.2567971, 25.1975824], [55.2565811, 25.1976815], [55.256555, 25.1976935], [55.2565281, 25.197704], [55.2565001, 25.197712]]}, "properties": {"class": "residential"}}, {"type": "Feature", "geometry": {"type": "LineString", "coordinates": [[55.2583617, 25.1982827], [55.2583306, 25.1982698], [55.2583011, 25.1982539], [55.2582738, 25.1982352], [55.2581923, 25.1981665]]}, "properties": {"class": "residential"}}, {"type": "Feature", "geometry": {"type": "LineString", "coordinates": [[55.2582716, 25.1981058], [55.2583264, 25.1981964], [55.2583416, 25.198224], [55.2583534, 25.1982528], [55.2583617, 25.1982827]]}, "properties": {"class": "residential"}}, {"type": "Feature", "geometry": {"type": "LineString", "coordinates": [[55.259012, 25.1978245], [55.258974, 25.1978051], [55.2589384, 25.1977819], [55.258906, 25.1977552], [55.2588318, 25.1976774]]}, "properties": {"class": "residential"}}, {"type": "Feature", "geometry": {"type": "LineString", "coordinates": [[55.2589098, 25.1976178], [55.2589712, 25.1977331], [55.2589861, 25.1977631], [55.2589997, 25.1977936], [55.259012, 25.1978245]]}, "properties": {"class": "residential"}}, {"type": "Feature", "geometry": {"type": "LineString", "coordinates": [[55.2601633, 25.1969228], [55.2601239, 25.1969061], [55.2600959, 25.1968904], [55.260071, 25.1968708], [55.2599845, 25.1967959]]}, "properties": {"class": "residential"}}, {"type": "Feature", "geometry": {"type": "LineString", "coordinates": [[55.2600403, 25.1967533], [55.2601147, 25.1968342], [55.2601342, 25.1968582], [55.2601492, 25.1968848], [55.2601633, 25.1969228]]}, "properties": {"class": "residential"}}, {"type": "Feature", "geometry": {"type": "LineString", "coordinates": [[55.2607769, 25.1964361], [55.2607523, 25.1964296], [55.2607293, 25.1964194], [55.2607086, 25.1964058], [55.2606907, 25.1963893], [55.2606096, 25.1963179]]}, "properties": {"class": "residential"}}, {"type": "Feature", "geometry": {"type": "LineString", "coordinates": [[55.2606633, 25.1962769], [55.2607356, 25.1963556], [55.2607541, 25.1963803], [55.260768, 25.1964073], [55.2607769, 25.1964361]]}, "properties": {"class": "residential"}}, {"type": "Feature", "geometry": {"type": "LineString", "coordinates": [[55.264735, 25.2016556], [55.2647746, 25.2016485], [55.2648148, 25.2016491], [55.264854, 25.2016574], [55.2648904, 25.201673], [55.2649224, 25.2016953]]}, "properties": {"class": "residential"}}, {"type": "Feature", "geometry": {"type": "LineString", "coordinates": [[55.262416, 25.2013348], [55.262302, 25.2011587], [55.2622643, 25.2011021]]}, "properties": {"class": "residential"}}, {"type": "Feature", "geometry": {"type": "LineString", "coordinates": [[55.2623038, 25.2010727], [55.2623422, 25.2011366], [55.2624495, 25.2013106]]}, "properties": {"class": "residential"}}, {"type": "Feature", "geometry": {"type": "LineString", "coordinates": [[55.2625224, 25.2009525], [55.2623789, 25.2010295], [55.2623038, 25.2010727], [55.2622643, 25.2011021], [55.2622107, 25.201151], [55.2621641, 25.2012053]]}, "properties": {"class": "residential"}}, {"type": "Feature", "geometry": {"type": "LineString", "coordinates": [[55.2630476, 25.2006707], [55.2631902, 25.2008889], [55.2632014, 25.2009116], [55.2632098, 25.2009368], [55.2632155, 25.200978]]}, "properties": {"class": "residential"}}, {"type": "Feature", "geometry": {"type": "LineString", "coordinates": [[55.2629519, 25.2006825], [55.2629666, 25.2006771], [55.2629824, 25.200677], [55.2629972, 25.200682], [55.263009, 25.2006915], [55.2630162, 25.2007043], [55.2630178, 25.2007186], [55.2630135, 25.2007324], [55.2630041, 25.2007438], [55.2629906, 25.2007514], [55.2628458, 25.200807], [55.2627452, 25.2008561], [55.2625493, 25.2009596], [55.2625373, 25.2009619], [55.262526, 25.2009576], [55.2625224, 25.2009525], [55.2625194, 25.2009483], [55.2625199, 25.2009372], [55.2625272, 25.2009284], [55.2629519, 25.2006825]]}, "properties": {"class": "residential"}}, {"type": "Feature", "geometry": {"type": "LineString", "coordinates": [[55.264735, 25.2016556], [55.2647584, 25.2016267], [55.2647737, 25.2015933], [55.2647836, 25.2015583], [55.2647879, 25.2015223], [55.2647864, 25.2014862], [55.2647793, 25.2014506]]}, "properties": {"class": "residential"}}, {"type": "Feature", "geometry": {"type": "LineString", "coordinates": [[55.2638552, 25.1997696], [55.2638378, 25.1998169], [55.2638266, 25.1998657], [55.2638218, 25.1999153], [55.2638235, 25.1999651], [55.2638315, 25.2000144]]}, "properties": {"class": "residential"}}, {"type": "Feature", "geometry": {"type": "LineString", "coordinates": [[55.2638315, 25.2000144], [55.2637956, 25.1999874], [55.2637558, 25.1999654], [55.263713, 25.1999488], [55.2636679, 25.199938], [55.2636216, 25.1999331], [55.263575, 25.1999342]]}, "properties": {"class": "residential"}}, {"type": "Feature", "geometry": {"type": "LineString", "coordinates": [[55.2647793, 25.2014506], [55.26481, 25.2014738], [55.2648444, 25.2014922], [55.2648816, 25.2015056], [55.2649206, 25.2015134], [55.2649606, 25.2015156], [55.2650004, 25.201512]]}, "properties": {"class": "residential"}}, {"type": "Feature", "geometry": {"type": "LineString", "coordinates": [[55.2629578, 25.2024255], [55.2629865, 25.2024479], [55.263018, 25.2024664], [55.2630521, 25.2024806], [55.2630882, 25.2024899], [55.2631254, 25.2024944], [55.263163, 25.2024937]]}, "properties": {"class": "residential"}}, {"type": "Feature", "geometry": {"type": "LineString", "coordinates": [[55.2629597, 25.2026065], [55.2629682, 25.2025707], [55.2629723, 25.2025342], [55.262972, 25.2024975], [55.2629671, 25.2024612], [55.2629578, 25.2024255]]}, "properties": {"class": "residential"}}, {"type": "Feature", "geometry": {"type": "LineString", "coordinates": [[55.2857834, 25.1845601], [55.2856781, 25.1844318], [55.2855685, 25.1843066], [55.2854546, 25.1841844], [55.2853367, 25.1840655], [55.2852147, 25.18395], [55.2850889, 25.1838333], [55.2850131, 25.1837684], [55.2849324, 25.1837037], [55.284847, 25.183644], [55.2847574, 25.1835896], [55.2846513, 25.1835344]]}, "properties": {"class": "tertiary"}}, {"type": "Feature", "geometry": {"type": "LineString", "coordinates": [[55.2887681, 25.187745], [55.2886522, 25.187627], [55.2885283, 25.1875159], [55.2883969, 25.1874122], [55.2882584, 25.1873162], [55.2881135, 25.1872303], [55.2879918, 25.1871626]]}, "properties": {"class": "tertiary"}}, {"type": "Feature", "geometry": {"type": "LineString", "coordinates": [[55.2578016, 25.1984652], [55.2577802, 25.1984868], [55.2577572, 25.1985069], [55.2577333, 25.1985261], [55.2575565, 25.1986672]]}, "properties": {"class": "residential"}}, {"type": "Feature", "geometry": {"type": "LineString", "coordinates": [[55.2575236, 25.1986194], [55.2577137, 25.1985091], [55.2577419, 25.1984928], [55.2577709, 25.1984776], [55.2578016, 25.1984652]]}, "properties": {"class": "residential"}}, {"type": "Feature", "geometry": {"type": "LineString", "coordinates": [[55.2623345, 25.2057057], [55.2623553, 25.2056697], [55.2623715, 25.2056319], [55.262383, 25.2055927], [55.2623896, 25.2055525], [55.2623912, 25.205512]]}, "properties": {"class": "residential"}}, {"type": "Feature", "geometry": {"type": "LineString", "coordinates": [[55.2623912, 25.205512], [55.2624282, 25.2055313], [55.2624674, 25.2055469], [55.2625083, 25.2055583], [55.2625504, 25.2055655], [55.262593, 25.2055684]]}, "properties": {"class": "residential"}}, {"type": "Feature", "geometry": {"type": "LineString", "coordinates": [[55.2556407, 25.2067729], [55.255146, 25.2070529]]}, "properties": {"class": "residential"}}, {"type": "Feature", "geometry": {"type": "LineString", "coordinates": [[55.2559729, 25.2066453], [55.2559321, 25.2066528], [55.2559065, 25.2066605], [55.2558818, 25.2066703], [55.2558581, 25.206682], [55.2556626, 25.206802]]}, "properties": {"class": "residential"}}, {"type": "Feature", "geometry": {"type": "LineString", "coordinates": [[55.2556236, 25.2067501], [55.2558301, 25.2066322], [55.2558575, 25.2066137], [55.2558744, 25.2065956], [55.2558872, 25.206575], [55.2558996, 25.2065384]]}, "properties": {"class": "residential"}}, {"type": "Feature", "geometry": {"type": "LineString", "coordinates": [[55.2655774, 25.2001781], [55.26555, 25.2002071], [55.265527, 25.200239], [55.2655087, 25.2002734], [55.2654955, 25.2003095], [55.2654875, 25.2003469], [55.2654848, 25.200385], [55.2654876, 25.200423]]}, "properties": {"class": "residential"}}, {"type": "Feature", "geometry": {"type": "LineString", "coordinates": [[55.2468998, 25.2047917], [55.246951, 25.2048362], [55.2469789, 25.204854], [55.2470097, 25.2048671], [55.2470425, 25.2048752], [55.2470764, 25.2048781], [55.2471104, 25.2048756], [55.2471433, 25.2048678], [55.2471743, 25.204855], [55.2472462, 25.2048209]]}, "properties": {"class": "residential"}}, {"type": "Feature", "geometry": {"type": "LineString", "coordinates": [[55.2472462, 25.2048209], [55.2471753, 25.2048857], [55.2471522, 25.2049028], [55.247126, 25.2049172], [55.2470971, 25.2049265], [55.2470667, 25.2049303], [55.2470361, 25.2049285], [55.2470066, 25.204921], [55.2469793, 25.2049083], [55.2469555, 25.2048909], [55.246936, 25.2048694], [55.2469218, 25.2048448], [55.2468998, 25.2047917]]}, "properties": {"class": "residential"}}, {"type": "Feature", "geometry": {"type": "LineString", "coordinates": [[55.2466876, 25.2045173], [55.2467341, 25.2045775], [55.2468998, 25.2047917]]}, "properties": {"class": "residential"}}, {"type": "Feature", "geometry": {"type": "LineString", "coordinates": [[55.2515166, 25.2076348], [55.2515493, 25.2076674], [55.2515907, 25.2076951], [55.2516318, 25.2077137], [55.2516787, 25.2077256], [55.2517273, 25.2077294]]}, "properties": {"class": "residential"}}, {"type": "Feature", "geometry": {"type": "LineString", "coordinates": [[55.2515137, 25.2078311], [55.2515306, 25.2077934], [55.2515395, 25.2077535], [55.25154, 25.2077167], [55.2515324, 25.2076728], [55.2515166, 25.2076348]]}, "properties": {"class": "residential"}}, {"type": "Feature", "geometry": {"type": "LineString", "coordinates": [[55.277537, 25.2093492], [55.2772432, 25.2095345], [55.2770643, 25.2096478], [55.2768742, 25.2097672], [55.276839, 25.209789], [55.2768083, 25.2098158], [55.2767829, 25.2098469], [55.2767635, 25.2098813], [55.2767628, 25.209909]]}, "properties": {"class": "residential"}}, {"type": "Feature", "geometry": {"type": "LineString", "coordinates": [[55.2780163, 25.2090159], [55.277537, 25.2093492]]}, "properties": {"class": "residential"}}, {"type": "Feature", "geometry": {"type": "LineString", "coordinates": [[55.2471724, 25.1989833], [55.2472066, 25.199009], [55.2472384, 25.1990371], [55.2472678, 25.1990673], [55.2473459, 25.1991591]]}, "properties": {"class": "residential"}}, {"type": "Feature", "geometry": {"type": "LineString", "coordinates": [[55.2472801, 25.1991994], [55.2472255, 25.1990944], [55.2472072, 25.1990576], [55.2471895, 25.1990205], [55.2471724, 25.1989833]]}, "properties": {"class": "residential"}}, {"type": "Feature", "geometry": {"type": "LineString", "coordinates": [[55.246032, 25.1973045], [55.2461281, 25.1974557], [55.2461519, 25.1974932], [55.2461733, 25.1975318], [55.2461906, 25.1975721]]}, "properties": {"class": "residential"}}, {"type": "Feature", "geometry": {"type": "LineString", "coordinates": [[55.2461906, 25.1975721], [55.2461555, 25.197544], [55.2461236, 25.1975128], [55.2460956, 25.1974788], [55.2459782, 25.1973351]]}, "properties": {"class": "residential"}}, {"type": "Feature", "geometry": {"type": "LineString", "coordinates": [[55.2468022, 25.2104269], [55.246764, 25.2104203], [55.2467255, 25.2104152], [55.2466868, 25.2104115]]}, "properties": {"class": "residential"}}, {"type": "Feature", "geometry": {"type": "LineString", "coordinates": [[55.2466868, 25.2104115], [55.246693, 25.2103826], [55.2466976, 25.2103538], [55.2467008, 25.210325], [55.2467034, 25.2102955]]}, "properties": {"class": "residential"}}, {"type": "Feature", "geometry": {"type": "LineString", "coordinates": [[55.2653499, 25.2002397], [55.2654092, 25.2002328], [55.2654673, 25.2002201], [55.2655235, 25.2002018], [55.2655774, 25.2001781]]}, "properties": {"class": "residential"}}, {"type": "Feature", "geometry": {"type": "LineString", "coordinates": [[55.2481663, 25.2097], [55.2481336, 25.2096733], [55.2481026, 25.2096452], [55.2480731, 25.2096156], [55.2480503, 25.2095985], [55.2480253, 25.2095842], [55.2479983, 25.2095731], [55.2479699, 25.2095656], [55.2478648, 25.2095476]]}, "properties": {"class": "residential"}}, {"type": "Feature", "geometry": {"type": "LineString", "coordinates": [[55.2481877, 25.2094371], [55.2481373, 25.2095126], [55.2481274, 25.2095378], [55.248123, 25.2095643], [55.2481243, 25.209591], [55.2481311, 25.209617], [55.2481487, 25.2096631], [55.2481663, 25.2097]]}, "properties": {"class": "residential"}}, {"type": "Feature", "geometry": {"type": "LineString", "coordinates": [[55.2623151, 25.2198997], [55.262267, 25.2198868], [55.2622181, 25.2198797], [55.2621724, 25.2198796], [55.2621419, 25.2198833], [55.2621124, 25.2198914], [55.2620848, 25.2199038], [55.2620174, 25.2199432], [55.2619718, 25.2199654], [55.2619166, 25.2199865]]}, "properties": {"class": "residential"}}, {"type": "Feature", "geometry": {"type": "LineString", "coordinates": [[55.2619166, 25.2199865], [55.2619523, 25.2199417], [55.2619869, 25.2199105], [55.2620556, 25.2198577], [55.2620811, 25.2198349], [55.2621023, 25.2198089], [55.2621189, 25.2197801], [55.2621304, 25.2197494], [55.2621364, 25.2197175], [55.262137, 25.2196851], [55.2621266, 25.2196142]]}, "properties": {"class": "residential"}}, {"type": "Feature", "geometry": {"type": "LineString", "coordinates": [[55.2531926, 25.2151578], [55.2531302, 25.2152633], [55.2531194, 25.215298], [55.2531167, 25.215334], [55.2531222, 25.2153697], [55.2531357, 25.2154037], [55.2531761, 25.2154754]]}, "properties": {"class": "residential"}}, {"type": "Feature", "geometry": {"type": "LineString", "coordinates": [[55.2585972, 25.2211357], [55.2593364, 25.2219387]]}, "properties": {"class": "residential"}}, {"type": "Feature", "geometry": {"type": "LineString", "coordinates": [[55.2603969, 25.2167561], [55.2604808, 25.216783], [55.2605127, 25.2168002], [55.2605405, 25.2168224], [55.2605633, 25.2168491], [55.2612801, 25.2179532], [55.2615774, 25.2184059], [55.2619794, 25.2190181], [55.2620264, 25.2190773], [55.2620692, 25.2191195], [55.2621173, 25.2191778], [55.262159, 25.2192399], [55.262194, 25.2193054], [55.2622492, 25.2194015], [55.2622899, 25.2194836], [55.2623381, 25.2195623], [55.2623936, 25.219637], [55.2624958, 25.2197895], [55.2630249, 25.2205799], [55.2634567, 25.221266], [55.2637829, 25.2217713], [55.2640379, 25.2221687], [55.2640461, 25.2221865], [55.2640525, 25.2222048], [55.2640569, 25.2222236], [55.2640594, 25.2222427], [55.264061, 25.2223327]]}, "properties": {"class": "residential"}}, {"type": "Feature", "geometry": {"type": "LineString", "coordinates": [[55.2818302, 25.1952042], [55.2816368, 25.1949515], [55.281528, 25.1948104], [55.2813931, 25.1946562], [55.2812519, 25.1945062], [55.2811049, 25.1943608]]}, "properties": {"class": "primary"}}, {"type": "Feature", "geometry": {"type": "LineString", "coordinates": [[55.2680044, 25.2240123], [55.2679652, 25.2239342]]}, "properties": {"class": "residential"}}, {"type": "Feature", "geometry": {"type": "LineString", "coordinates": [[55.2678028, 25.2240905], [55.2677625, 25.2240165]]}, "properties": {"class": "residential"}}, {"type": "Feature", "geometry": {"type": "LineString", "coordinates": [[55.2680814, 25.2239825], [55.2680044, 25.2240123], [55.2678028, 25.2240905], [55.2675852, 25.2241749], [55.2675657, 25.2241788], [55.2675457, 25.2241786], [55.2675263, 25.2241742], [55.2675084, 25.224166], [55.2674626, 25.2241383]]}, "properties": {"class": "residential"}}, {"type": "Feature", "geometry": {"type": "LineString", "coordinates": [[55.2687147, 25.2279755], [55.2685739, 25.2280321]]}, "properties": {"class": "residential"}}, {"type": "Feature", "geometry": {"type": "LineString", "coordinates": [[55.2715006, 25.2271427], [55.2713904, 25.2272155], [55.2713696, 25.2272224], [55.2713475, 25.2272219], [55.2713272, 25.2272141], [55.2713114, 25.2272], [55.2713025, 25.2271817], [55.2713017, 25.2271617], [55.2713092, 25.2271428], [55.2713237, 25.2271277], [55.2714305, 25.2270648], [55.2714487, 25.2270599], [55.2714677, 25.2270606], [55.2714854, 25.227067], [55.2714997, 25.2270782], [55.2715092, 25.2270933], [55.2715127, 25.2271103], [55.2715097, 25.2271275], [55.2715006, 25.2271427]]}, "properties": {"class": "residential"}}, {"type": "Feature", "geometry": {"type": "LineString", "coordinates": [[55.2683959, 25.2247495], [55.2684251, 25.2248121], [55.2686782, 25.2253538]]}, "properties": {"class": "residential"}}, {"type": "Feature", "geometry": {"type": "LineString", "coordinates": [[55.2725601, 25.1993011], [55.2722642, 25.199414], [55.2721153, 25.1994663], [55.2719622, 25.1995074], [55.2718058, 25.1995368], [55.2716473, 25.1995545], [55.2714877, 25.1995603], [55.2713282, 25.1995542], [55.2711697, 25.1995362], [55.2710134, 25.1995064], [55.2708604, 25.1994651], [55.2707117, 25.1994125], [55.2705682, 25.199349], [55.270431, 25.199275], [55.2700944, 25.1990686]]}, "properties": {"class": "secondary"}}, {"type": "Feature", "geometry": {"type": "LineString", "coordinates": [[55.2702192, 25.1989663], [55.2703112, 25.1990665], [55.2704249, 25.1991565], [55.2705472, 25.1992366], [55.270688, 25.1993062], [55.2708245, 25.1993646], [55.2709664, 25.1994115], [55.2711125, 25.1994463], [55.2712615, 25.1994687], [55.2714121, 25.1994805], [55.2715325, 25.1994815], [55.2716527, 25.199477], [55.2717723, 25.1994651], [55.2718908, 25.199446], [55.2720076, 25.1994198], [55.2721222, 25.1993865], [55.2722341, 25.1993463], [55.2725378, 25.1992332]]}, "properties": {"class": "secondary"}}, {"type": "Feature", "geometry": {"type": "LineString", "coordinates": [[55.2656107, 25.1938188], [55.2656516, 25.193778], [55.2656721, 25.1937573], [55.2656949, 25.1937386], [55.2657186, 25.1937211], [55.2657527, 25.1936988]]}, "properties": {"class": "residential"}}, {"type": "Feature", "geometry": {"type": "LineString", "coordinates": [[55.2657527, 25.1936988], [55.2657363, 25.1937316], [55.2657243, 25.1937546], [55.2657106, 25.1937777], [55.2656943, 25.1937994], [55.2656593, 25.1938472]]}, "properties": {"class": "residential"}}, {"type": "Feature", "geometry": {"type": "LineString", "coordinates": [[55.2657807, 25.1936682], [55.2657527, 25.1936988]]}, "properties": {"class": "residential"}}, {"type": "Feature", "geometry": {"type": "LineString", "coordinates": [[55.2659541, 25.194079], [55.2660366, 25.1941582], [55.2660639, 25.1941887], [55.2660812, 25.1942247], [55.2660871, 25.1942636], [55.2660811, 25.1943025], [55.2660638, 25.1943385], [55.2660364, 25.1943689], [55.266001, 25.1943915], [55.2659359, 25.1944323]]}, "properties": {"class": "residential"}}, {"type": "Feature", "geometry": {"type": "LineString", "coordinates": [[55.2654262, 25.1948058], [55.2654818, 25.1947621], [55.2659359, 25.1944323]]}, "properties": {"class": "residential"}}, {"type": "Feature", "geometry": {"type": "LineString", "coordinates": [[55.2687266, 25.2078777], [55.2683813, 25.2080738], [55.2683324, 25.2081219], [55.2683016, 25.2081807], [55.2682838, 25.2082438], [55.2682799, 25.2083088], [55.26829, 25.2083733], [55.2683169, 25.2084318], [55.2683579, 25.2085021], [55.2683993, 25.2085708], [55.2684377, 25.208641]]}, "properties": {"class": "residential"}}, {"type": "Feature", "geometry": {"type": "LineString", "coordinates": [[55.2691588, 25.2067269], [55.2692034, 25.2066915], [55.2692263, 25.2066738], [55.2692448, 25.2066524], [55.2692585, 25.2066282], [55.2692667, 25.2066021], [55.2692691, 25.206575], [55.269262, 25.2064928]]}, "properties": {"class": "residential"}}, {"type": "Feature", "geometry": {"type": "LineString", "coordinates": [[55.2694255, 25.2067607], [55.2693836, 25.2067376], [55.2693499, 25.2067219], [55.2693139, 25.2067113], [55.2692765, 25.2067062], [55.2692387, 25.2067067], [55.2692014, 25.2067128], [55.2691588, 25.2067269]]}, "properties": {"class": "residential"}}, {"type": "Feature", "geometry": {"type": "LineString", "coordinates": [[55.2684237, 25.2074146], [55.2683925, 25.2073819], [55.2683665, 25.2073458], [55.2683431, 25.2073002], [55.2683335, 25.2072765], [55.2683279, 25.2072518], [55.2683278, 25.2072157], [55.2683355, 25.207181], [55.2683518, 25.2071484], [55.2683755, 25.2071198], [55.2684089, 25.2070877], [55.2684478, 25.2070611], [55.2684912, 25.207041], [55.2685413, 25.2070271], [55.2685934, 25.2070217]]}, "properties": {"class": "residential"}}, {"type": "Feature", "geometry": {"type": "LineString", "coordinates": [[55.2685934, 25.2070217], [55.2685596, 25.2070525], [55.2685254, 25.2070737], [55.2684871, 25.2070928], [55.2684527, 25.2071151], [55.2684237, 25.2071429], [55.2684012, 25.2071753], [55.2683859, 25.2072109], [55.2683785, 25.2072486], [55.2683793, 25.2072868], [55.2683881, 25.2073242], [55.2684237, 25.2074146]]}, "properties": {"class": "residential"}}, {"type": "Feature", "geometry": {"type": "LineString", "coordinates": [[55.274743, 25.2181537], [55.2747151, 25.2181831], [55.2746912, 25.2182152], [55.2746715, 25.2182496], [55.2746563, 25.2182858]]}, "properties": {"class": "residential"}}, {"type": "Feature", "geometry": {"type": "LineString", "coordinates": [[55.2745834, 25.2181862], [55.2746246, 25.2181846], [55.2746654, 25.2181787], [55.274705, 25.2181683], [55.274743, 25.2181537]]}, "properties": {"class": "residential"}}, {"type": "Feature", "geometry": {"type": "LineString", "coordinates": [[55.2739588, 25.2161724], [55.2739956, 25.2161975], [55.2740372, 25.2162525], [55.2740757, 25.2163094], [55.2741109, 25.216368]]}, "properties": {"class": "residential"}}, {"type": "Feature", "geometry": {"type": "LineString", "coordinates": [[55.2751305, 25.218882], [55.275156, 25.2188831], [55.2751837, 25.2188777], [55.2752106, 25.2188695], [55.2752363, 25.2188586], [55.2756336, 25.218599], [55.2756559, 25.218572], [55.2756727, 25.2185419], [55.2756836, 25.2185096], [55.2756881, 25.2184761], [55.2756861, 25.2184424], [55.2756531, 25.2183611]]}, "properties": {"class": "residential"}}, {"type": "Feature", "geometry": {"type": "LineString", "coordinates": [[55.274917, 25.2190834], [55.2749499, 25.2190536], [55.2749786, 25.2190205], [55.2750028, 25.2189846], [55.2750225, 25.2189463]]}, "properties": {"class": "residential"}}, {"type": "Feature", "geometry": {"type": "LineString", "coordinates": [[55.2750794, 25.2190301], [55.2750377, 25.2190409], [55.2749968, 25.2190533], [55.2749568, 25.2190677], [55.274917, 25.2190834]]}, "properties": {"class": "residential"}}, {"type": "Feature", "geometry": {"type": "LineString", "coordinates": [[55.2750262, 25.218932], [55.2750198, 25.2188858], [55.2750071, 25.2188408], [55.2749885, 25.2187975]]}, "properties": {"class": "residential"}}, {"type": "Feature", "geometry": {"type": "LineString", "coordinates": [[55.2749885, 25.2187975], [55.2750273, 25.2188283], [55.2750692, 25.2188557], [55.2751138, 25.2188794]]}, "properties": {"class": "residential"}}, {"type": "Feature", "geometry": {"type": "LineString", "coordinates": [[55.2752394, 25.2191192], [55.2752011, 25.2190879], [55.2751584, 25.2190616], [55.2751105, 25.2190344]]}, "properties": {"class": "residential"}}, {"type": "Feature", "geometry": {"type": "LineString", "coordinates": [[55.2751924, 25.2189683], [55.2751987, 25.2190126], [55.2752077, 25.2190495], [55.2752214, 25.2190851], [55.2752394, 25.2191192]]}, "properties": {"class": "residential"}}, {"type": "Feature", "geometry": {"type": "LineString", "coordinates": [[55.2692202, 25.1927008], [55.2692069, 25.1927344], [55.2691845, 25.1927641], [55.2691543, 25.1927865], [55.2691219, 25.1928057], [55.2690906, 25.1928252], [55.2690645, 25.1928494], [55.2690465, 25.1928736], [55.2690325, 25.1928999], [55.2690235, 25.1929557]]}, "properties": {"class": "residential"}}, {"type": "Feature", "geometry": {"type": "LineString", "coordinates": [[55.2689195, 25.1927007], [55.2689671, 25.1927366], [55.2690052, 25.1927544], [55.2690469, 25.1927635], [55.2690898, 25.1927635], [55.2691315, 25.1927542], [55.2691696, 25.1927363], [55.2692202, 25.1927008]]}, "properties": {"class": "residential"}}, {"type": "Feature", "geometry": {"type": "LineString", "coordinates": [[55.2769342, 25.2205032], [55.2768528, 25.220421], [55.2768267, 25.2203992], [55.2767995, 25.2203818], [55.2767688, 25.2203701], [55.276736, 25.2203645], [55.2767027, 25.2203654], [55.2766703, 25.2203726], [55.2765746, 25.2203927]]}, "properties": {"class": "residential"}}, {"type": "Feature", "geometry": {"type": "LineString", "coordinates": [[55.2765746, 25.2203927], [55.2766587, 25.2203458], [55.2766845, 25.2203315], [55.2767189, 25.2203187], [55.276743, 25.2203192], [55.276773, 25.2203218], [55.2768018, 25.2203301], [55.276828, 25.2203438], [55.2768503, 25.2203622], [55.2768678, 25.2203844], [55.2768796, 25.2204096], [55.2769342, 25.2205032]]}, "properties": {"class": "residential"}}, {"type": "Feature", "geometry": {"type": "LineString", "coordinates": [[55.2769342, 25.2205032], [55.2774379, 25.221167], [55.2777589, 25.22159]]}, "properties": {"class": "residential"}}, {"type": "Feature", "geometry": {"type": "LineString", "coordinates": [[55.2754789, 25.2210754], [55.2760675, 25.2207094], [55.2762922, 25.2205691], [55.2765746, 25.2203927]]}, "properties": {"class": "residential"}}, {"type": "Feature", "geometry": {"type": "LineString", "coordinates": [[55.2777093, 25.2219109], [55.2777698, 25.2218528], [55.2777922, 25.2218265], [55.277808, 25.2217966], [55.2778163, 25.2217643], [55.2778168, 25.2217311], [55.2778095, 25.2216986], [55.2777968, 25.2216652], [55.2777589, 25.22159]]}, "properties": {"class": "residential"}}, {"type": "Feature", "geometry": {"type": "LineString", "coordinates": [[55.2777093, 25.2219109], [55.2772025, 25.2222217], [55.2766317, 25.2225718], [55.2765975, 25.2225928]]}, "properties": {"class": "residential"}}, {"type": "Feature", "geometry": {"type": "LineString", "coordinates": [[55.2765975, 25.2225928], [55.2765704, 25.2226322], [55.2765521, 25.2226756], [55.2765433, 25.2227213], [55.2765443, 25.2227677]]}, "properties": {"class": "residential"}}, {"type": "Feature", "geometry": {"type": "LineString", "coordinates": [[55.2752747, 25.2210791], [55.2753253, 25.2210898], [55.2753771, 25.2210928], [55.2754288, 25.2210879], [55.2754789, 25.2210754]]}, "properties": {"class": "residential"}}, {"type": "Feature", "geometry": {"type": "LineString", "coordinates": [[55.2738785, 25.2173636], [55.2738314, 25.2173139], [55.2738031, 25.2172896], [55.2737691, 25.2172721], [55.2737315, 25.2172625], [55.2736925, 25.2172614], [55.2736543, 25.2172688], [55.2736192, 25.2172843], [55.2735485, 25.2173292]]}, "properties": {"class": "residential"}}, {"type": "Feature", "geometry": {"type": "LineString", "coordinates": [[55.2735485, 25.2173292], [55.2736166, 25.2172667], [55.2736526, 25.2172432], [55.2736947, 25.2172309], [55.2737391, 25.2172308], [55.2737813, 25.217243], [55.2738173, 25.2172664], [55.2738436, 25.2172986], [55.2738785, 25.2173636]]}, "properties": {"class": "residential"}}, {"type": "Feature", "geometry": {"type": "LineString", "coordinates": [[55.274443, 25.218088], [55.2744808, 25.2181251], [55.2745231, 25.2181579], [55.2745693, 25.2181856]]}, "properties": {"class": "residential"}}, {"type": "Feature", "geometry": {"type": "LineString", "coordinates": [[55.2744871, 25.2182478], [55.2744781, 25.2181933], [55.2744635, 25.2181399], [55.274443, 25.218088]]}, "properties": {"class": "residential"}}, {"type": "Feature", "geometry": {"type": "LineString", "coordinates": [[55.2726115, 25.2182134], [55.2725549, 25.2181608], [55.2725322, 25.2181358], [55.2725153, 25.2181074], [55.2725112, 25.2180777], [55.272515, 25.2180557], [55.2725232, 25.2180284], [55.2725326, 25.2179993], [55.2725494, 25.2179762], [55.2725781, 25.2179494], [55.2726062, 25.2179281], [55.2726443, 25.2179084], [55.2727098, 25.2178902]]}, "properties": {"class": "residential"}}, {"type": "Feature", "geometry": {"type": "LineString", "coordinates": [[55.2727098, 25.2178902], [55.2726756, 25.2179236], [55.2726357, 25.2179632], [55.272605, 25.2179871], [55.2725895, 25.2180047], [55.2725742, 25.218029], [55.2725648, 25.2180581], [55.2725662, 25.2180939], [55.2725782, 25.2181261], [55.2725923, 25.2181576], [55.2726115, 25.2182134]]}, "properties": {"class": "residential"}}, {"type": "Feature", "geometry": {"type": "LineString", "coordinates": [[55.2743615, 25.2183924], [55.2743953, 25.2183638], [55.2744273, 25.2183335], [55.2744573, 25.2183017], [55.2744852, 25.2182683]]}, "properties": {"class": "residential"}}, {"type": "Feature", "geometry": {"type": "LineString", "coordinates": [[55.2745535, 25.2183415], [55.2745033, 25.2183463], [55.2744541, 25.2183565], [55.2744066, 25.218372], [55.2743615, 25.2183924]]}, "properties": {"class": "residential"}}, {"type": "Feature", "geometry": {"type": "LineString", "coordinates": [[55.2720015, 25.2241077], [55.2719831, 25.2241323], [55.271968, 25.2241496], [55.2719506, 25.224165], [55.2719248, 25.2241844], [55.2719029, 25.2242001], [55.2718835, 25.2242184], [55.2718601, 25.2242502], [55.2718444, 25.2242857], [55.2718372, 25.2243234]]}, "properties": {"class": "residential"}}, {"type": "Feature", "geometry": {"type": "LineString", "coordinates": [[55.2737854, 25.2251846], [55.2738333, 25.2251946], [55.2738582, 25.2251993], [55.2738814, 25.2252036], [55.2739305, 25.2252054], [55.2739793, 25.2252], [55.2740265, 25.2251875]]}, "properties": {"class": "residential"}}, {"type": "Feature", "geometry": {"type": "LineString", "coordinates": [[55.2740963, 25.225295], [55.2740684, 25.2253267], [55.2740458, 25.2253616], [55.2740289, 25.2253991], [55.274018, 25.2254384], [55.2740134, 25.2254788], [55.2740118, 25.2255229]]}, "properties": {"class": "residential"}}, {"type": "Feature", "geometry": {"type": "LineString", "coordinates": [[55.2746328, 25.2238394], [55.2746654, 25.2238054], [55.2746951, 25.2237694], [55.2747218, 25.2237314]]}, "properties": {"class": "residential"}}, {"type": "Feature", "geometry": {"type": "LineString", "coordinates": [[55.2747839, 25.2238086], [55.2747326, 25.2238136], [55.2746824, 25.2238243], [55.2746328, 25.2238394]]}, "properties": {"class": "residential"}}, {"type": "Feature", "geometry": {"type": "LineString", "coordinates": [[55.2749679, 25.2236276], [55.2749327, 25.2236676], [55.2749022, 25.2237106], [55.2748766, 25.2237562]]}, "properties": {"class": "residential"}}, {"type": "Feature", "geometry": {"type": "LineString", "coordinates": [[55.2748263, 25.2236731], [55.2748747, 25.2236613], [55.274922, 25.2236461], [55.2749679, 25.2236276]]}, "properties": {"class": "residential"}}, {"type": "Feature", "geometry": {"type": "LineString", "coordinates": [[55.2756185, 25.2229069], [55.2756821, 25.2229679], [55.2757057, 25.2229877], [55.2757245, 25.2230114], [55.2757378, 25.2230381], [55.2757448, 25.2230665], [55.2757455, 25.2230957], [55.2757397, 25.2231244], [55.2757278, 25.2231515], [55.2757101, 25.2231758], [55.2756873, 25.2231966], [55.2756628, 25.223212], [55.2755816, 25.2232515]]}, "properties": {"class": "residential"}}, {"type": "Feature", "geometry": {"type": "LineString", "coordinates": [[55.2755816, 25.2232515], [55.2756325, 25.2231962], [55.2756567, 25.2231689], [55.2756742, 25.2231377], [55.2756841, 25.2231039], [55.2756861, 25.2230689], [55.2756801, 25.2230344], [55.2756663, 25.2230017], [55.2756185, 25.2229069]]}, "properties": {"class": "residential"}}, {"type": "Feature", "geometry": {"type": "LineString", "coordinates": [[55.2747589, 25.2217604], [55.2750101, 25.2220955], [55.2752274, 25.2223853], [55.2756185, 25.2229069]]}, "properties": {"class": "residential"}}, {"type": "Feature", "geometry": {"type": "LineString", "coordinates": [[55.274427, 25.2217022], [55.2744735, 25.2216557], [55.2745013, 25.2216372], [55.2745328, 25.2216243], [55.2745666, 25.2216176], [55.2746011, 25.2216173], [55.274635, 25.2216236], [55.2746666, 25.2216361], [55.2746947, 25.2216543], [55.2747181, 25.2216774], [55.2747356, 25.2217044], [55.2747589, 25.2217604]]}, "properties": {"class": "residential"}}, {"type": "Feature", "geometry": {"type": "LineString", "coordinates": [[55.2747589, 25.2217604], [55.2747025, 25.2217104], [55.2746736, 25.2216882], [55.2746402, 25.2216721], [55.2746088, 25.2216638], [55.2745762, 25.2216609], [55.2745436, 25.2216635], [55.2745121, 25.2216715], [55.274427, 25.2217022]]}, "properties": {"class": "residential"}}, {"type": "Feature", "geometry": {"type": "LineString", "coordinates": [[55.274427, 25.2217022], [55.2738261, 25.2220864]]}, "properties": {"class": "residential"}}, {"type": "Feature", "geometry": {"type": "LineString", "coordinates": [[55.2736707, 25.2221296], [55.2737236, 25.2221185], [55.2737754, 25.222104], [55.2738261, 25.2220864]]}, "properties": {"class": "residential"}}, {"type": "Feature", "geometry": {"type": "LineString", "coordinates": [[55.2738261, 25.2220864], [55.273789, 25.2221277], [55.273755, 25.222171], [55.273724, 25.2222162]]}, "properties": {"class": "residential"}}, {"type": "Feature", "geometry": {"type": "LineString", "coordinates": [[55.2746933, 25.2235911], [55.2747344, 25.2236191], [55.2747766, 25.2236457], [55.27482, 25.2236708]]}, "properties": {"class": "residential"}}, {"type": "Feature", "geometry": {"type": "LineString", "coordinates": [[55.2747224, 25.2237205], [55.2747169, 25.2236766], [55.2747072, 25.2236334], [55.2746933, 25.2235911]]}, "properties": {"class": "residential"}}, {"type": "Feature", "geometry": {"type": "LineString", "coordinates": [[55.2737525, 25.2223466], [55.2737156, 25.2223195], [55.2736767, 25.2222948], [55.273636, 25.2222727]]}, "properties": {"class": "residential"}}, {"type": "Feature", "geometry": {"type": "LineString", "coordinates": [[55.2737182, 25.222229], [55.2737282, 25.2222686], [55.2737396, 25.2223077], [55.2737525, 25.2223466]]}, "properties": {"class": "residential"}}, {"type": "Feature", "geometry": {"type": "LineString", "coordinates": [[55.2734634, 25.2223113], [55.2734984, 25.2222735], [55.273532, 25.2222348], [55.2735643, 25.2221952]]}, "properties": {"class": "residential"}}, {"type": "Feature", "geometry": {"type": "LineString", "coordinates": [[55.2736246, 25.2222695], [55.2735826, 25.2222739], [55.2735415, 25.2222824], [55.2735016, 25.2222949], [55.2734634, 25.2223113]]}, "properties": {"class": "residential"}}, {"type": "Feature", "geometry": {"type": "LineString", "coordinates": [[55.273535, 25.2220572], [55.2735757, 25.2220839], [55.2736188, 25.2221075], [55.2736638, 25.2221278]]}, "properties": {"class": "residential"}}, {"type": "Feature", "geometry": {"type": "LineString", "coordinates": [[55.2735646, 25.2221868], [55.2735578, 25.222143], [55.2735479, 25.2220997], [55.273535, 25.2220572]]}, "properties": {"class": "residential"}}, {"type": "Feature", "geometry": {"type": "LineString", "coordinates": [[55.2754628, 25.2271262], [55.2754341, 25.2271553], [55.2754077, 25.2271824], [55.2753838, 25.2272114], [55.2753617, 25.2272434], [55.275343, 25.227277]]}, "properties": {"class": "residential"}}, {"type": "Feature", "geometry": {"type": "LineString", "coordinates": [[55.2752923, 25.2271836], [55.2753359, 25.2271728], [55.2753791, 25.2271593], [55.2754214, 25.2271438], [55.2754628, 25.2271262]]}, "properties": {"class": "residential"}}, {"type": "Feature", "geometry": {"type": "LineString", "coordinates": [[55.2750843, 25.2273605], [55.2751119, 25.2273339], [55.2751378, 25.2273058], [55.2751617, 25.2272763], [55.2751822, 25.2272455]]}, "properties": {"class": "residential"}}, {"type": "Feature", "geometry": {"type": "LineString", "coordinates": [[55.2752414, 25.2273259], [55.2752014, 25.2273309], [55.2751617, 25.2273384], [55.2751227, 25.2273484], [55.2750843, 25.2273605]]}, "properties": {"class": "residential"}}, {"type": "Feature", "geometry": {"type": "LineString", "coordinates": [[55.2828092, 25.2274486], [55.2823683, 25.227721], [55.282337, 25.2277394], [55.282303, 25.2277533], [55.282267, 25.2277623], [55.2822299, 25.2277663], [55.2821926, 25.2277652], [55.2821192, 25.2277596]]}, "properties": {"class": "residential"}}, {"type": "Feature", "geometry": {"type": "LineString", "coordinates": [[55.2820076, 25.2278733], [55.2820389, 25.2278246], [55.2820555, 25.2277967], [55.2820674, 25.2277669], [55.2820742, 25.2277359], [55.2820758, 25.2277042], [55.2820722, 25.2276727], [55.2820634, 25.2276421], [55.28203, 25.2275646]]}, "properties": {"class": "residential"}}, {"type": "Feature", "geometry": {"type": "LineString", "coordinates": [[55.28203, 25.2275646], [55.2820789, 25.2276106], [55.2820964, 25.2276319], [55.2821099, 25.2276554], [55.2821192, 25.2276806], [55.2821238, 25.2277068], [55.2821238, 25.2277334], [55.2821192, 25.2277596], [55.28211, 25.2277848], [55.2820964, 25.2278083], [55.2820789, 25.2278296], [55.2820579, 25.2278481], [55.2820076, 25.2278733]]}, "properties": {"class": "residential"}}, {"type": "Feature", "geometry": {"type": "LineString", "coordinates": [[55.2810847, 25.2284437], [55.2820076, 25.2278733]]}, "properties": {"class": "residential"}}, {"type": "Feature", "geometry": {"type": "LineString", "coordinates": [[55.2811901, 25.2269566], [55.2812169, 25.2269275], [55.2812485, 25.2269057], [55.2812994, 25.2268747], [55.2813313, 25.2268599], [55.2813658, 25.2268511], [55.2813988, 25.2268486], [55.2814318, 25.2268516], [55.2814636, 25.22686], [55.2814932, 25.2268735], [55.2815328, 25.2268995], [55.2815663, 25.2269318], [55.2816099, 25.22699], [55.2816221, 25.2270133], [55.2816287, 25.2270337]]}, "properties": {"class": "residential"}}, {"type": "Feature", "geometry": {"type": "LineString", "coordinates": [[55.2816287, 25.2270337], [55.2816057, 25.2270186], [55.2815844, 25.2270015], [55.2815392, 25.226955], [55.2815174, 25.2269353], [55.2814924, 25.2269189], [55.2814649, 25.2269062], [55.2814356, 25.2268976], [55.2814051, 25.2268932], [55.2813743, 25.2268932], [55.2813438, 25.2268975], [55.2813144, 25.2269062], [55.2812599, 25.2269312], [55.2812256, 25.2269453], [55.2811901, 25.2269566]]}, "properties": {"class": "residential"}}, {"type": "Feature", "geometry": {"type": "LineString", "coordinates": [[55.2803016, 25.2275103], [55.280779, 25.2272128], [55.2810658, 25.2270341], [55.2811901, 25.2269566]]}, "properties": {"class": "residential"}}, {"type": "Feature", "geometry": {"type": "LineString", "coordinates": [[55.2800888, 25.2274977], [55.280141, 25.2275095], [55.2801943, 25.2275155], [55.2802481, 25.2275158], [55.2803016, 25.2275103]]}, "properties": {"class": "residential"}}, {"type": "Feature", "geometry": {"type": "LineString", "coordinates": [[55.2801953, 25.1909067], [55.280414, 25.1907848]]}, "properties": {"class": "residential"}}, {"type": "Feature", "geometry": {"type": "LineString", "coordinates": [[55.280414, 25.1907848], [55.2803725, 25.1908381], [55.2803592, 25.1908637], [55.280349, 25.1908905], [55.2803422, 25.1909181], [55.2803387, 25.1909462], [55.2803391, 25.1909861], [55.2803464, 25.1910266]]}, "properties": {"class": "residential"}}, {"type": "Feature", "geometry": {"type": "LineString", "coordinates": [[55.2753406, 25.2272827], [55.275352, 25.2273192], [55.275365, 25.2273551], [55.2753796, 25.2273906], [55.2753958, 25.2274255]]}, "properties": {"class": "residential"}}, {"type": "Feature", "geometry": {"type": "LineString", "coordinates": [[55.2753958, 25.2274255], [55.2753657, 25.2273964], [55.2753325, 25.2273703], [55.2752965, 25.2273473], [55.2752581, 25.2273286]]}, "properties": {"class": "residential"}}, {"type": "Feature", "geometry": {"type": "LineString", "coordinates": [[55.2781353, 25.1869046], [55.2781093, 25.1869292], [55.2780874, 25.1869569], [55.2780701, 25.1869871], [55.277972, 25.1871784]]}, "properties": {"class": "residential"}}, {"type": "Feature", "geometry": {"type": "LineString", "coordinates": [[55.2782296, 25.1865737], [55.2781498, 25.186542]]}, "properties": {"class": "residential"}}, {"type": "Feature", "geometry": {"type": "LineString", "coordinates": [[55.2780748, 25.186654], [55.2780964, 25.1866309], [55.2781153, 25.186606], [55.2781311, 25.1865793], [55.2781498, 25.186542], [55.2781649, 25.1865046]]}, "properties": {"class": "residential"}}, {"type": "Feature", "geometry": {"type": "LineString", "coordinates": [[55.2765573, 25.1868737], [55.2765513, 25.1868161], [55.2765482, 25.1867582], [55.2765479, 25.1867002], [55.2765569, 25.1864861], [55.2765643, 25.1864424], [55.2765797, 25.1864005], [55.276602, 25.1863623], [55.2766309, 25.186328], [55.2766656, 25.1862984]]}, "properties": {"class": "residential"}}, {"type": "Feature", "geometry": {"type": "LineString", "coordinates": [[55.2742707, 25.2259258], [55.2742239, 25.225885], [55.2741811, 25.2258406], [55.2741427, 25.2257931], [55.2740708, 25.2256994], [55.2739876, 25.225591], [55.273901, 25.2254631], [55.2737746, 25.2252849], [55.2736947, 25.2251726], [55.2735807, 25.2250161], [55.2735468, 25.2249668], [55.2735166, 25.2249156], [55.2734902, 25.2248627]]}, "properties": {"class": "residential"}}, {"type": "Feature", "geometry": {"type": "LineString", "coordinates": [[55.275132, 25.2270698], [55.2748367, 25.2266733], [55.2746807, 25.2264657], [55.2745676, 25.2263218], [55.2742707, 25.2259258]]}, "properties": {"class": "residential"}}, {"type": "Feature", "geometry": {"type": "LineString", "coordinates": [[55.2775999, 25.2194828], [55.2775702, 25.2195143], [55.2775536, 25.2195334], [55.2775393, 25.2195538], [55.2775187, 25.2195959], [55.2775075, 25.2196408], [55.2774977, 25.2197222]]}, "properties": {"class": "residential"}}, {"type": "Feature", "geometry": {"type": "LineString", "coordinates": [[55.2773351, 25.2194992], [55.2773947, 25.2195046], [55.2774467, 25.2195076], [55.2774988, 25.2195049], [55.2775501, 25.2194966], [55.2775999, 25.2194828]]}, "properties": {"class": "residential"}}, {"type": "Feature", "geometry": {"type": "LineString", "coordinates": [[55.2847398, 25.2276708], [55.2845853, 25.2274598]]}, "properties": {"class": "residential"}}, {"type": "Feature", "geometry": {"type": "LineString", "coordinates": [[55.2722451, 25.2126757], [55.2722818, 25.2127135], [55.2723077, 25.2127432], [55.2723285, 25.212776], [55.2723566, 25.2128542], [55.2723622, 25.2128908], [55.272378, 25.2129319], [55.2723999, 25.2129707], [55.2728029, 25.2135343], [55.2728204, 25.213548], [55.2728404, 25.2135585], [55.2728686, 25.2135671], [55.2728982, 25.2135696], [55.2729276, 25.2135658], [55.2735357, 25.2132782], [55.2735597, 25.2132669], [55.2735876, 25.2132509], [55.2736122, 25.2132309], [55.2736337, 25.2132065], [55.2736504, 25.2131791], [55.2736617, 25.2131495]]}, "properties": {"class": "residential"}}, {"type": "Feature", "geometry": {"type": "LineString", "coordinates": [[55.2735357, 25.2132782], [55.2731703, 25.2127201], [55.2730202, 25.2125165], [55.2730069, 25.2125005], [55.2729881, 25.2124898], [55.2729664, 25.212486], [55.2729447, 25.2124894], [55.2729257, 25.2124978], [55.2723566, 25.2128542]]}, "properties": {"class": "residential"}}, {"type": "Feature", "geometry": {"type": "LineString", "coordinates": [[55.2521053, 25.2184816], [55.2523653, 25.2188218]]}, "properties": {"class": "residential"}}, {"type": "Feature", "geometry": {"type": "LineString", "coordinates": [[55.2752508, 25.188856], [55.2752673, 25.1888369], [55.2752914, 25.1888264], [55.2753181, 25.1888266], [55.275342, 25.1888376], [55.2753579, 25.1888572], [55.275363, 25.1888807], [55.2753557, 25.188904], [55.2753207, 25.1889594], [55.2753056, 25.1889744], [55.2752853, 25.188983], [55.2752631, 25.188984], [55.2752415, 25.188979], [55.2752255, 25.1889673], [55.2752156, 25.1889486], [55.2752145, 25.188928], [55.2752213, 25.1889066], [55.2752508, 25.188856]]}, "properties": {"class": "residential"}}, {"type": "Feature", "geometry": {"type": "LineString", "coordinates": [[55.2721354, 25.1949032], [55.2721317, 25.194869], [55.2721306, 25.1948165], [55.2721352, 25.194764], [55.2721455, 25.1947122], [55.2721613, 25.1946615], [55.2722383, 25.1944889], [55.2722462, 25.1944599], [55.2722466, 25.19443], [55.2722394, 25.1944009], [55.2722249, 25.194374], [55.272204, 25.1943508], [55.2721673, 25.1943251], [55.2721275, 25.1943043], [55.2720773, 25.194279], [55.2720241, 25.1942594], [55.2719699, 25.1942373], [55.2719244, 25.1942178], [55.2718777, 25.1942037], [55.2718295, 25.1941951], [55.2717804, 25.1941921], [55.2717313, 25.1941948], [55.2716753, 25.194209], [55.2716178, 25.1942176], [55.2715597, 25.19422], [55.271493, 25.1942154], [55.2714277, 25.1942023], [55.2713651, 25.1941809], [55.2713105, 25.1941493], [55.2712819, 25.1941211], [55.2712541, 25.1940927], [55.2712221, 25.1940655], [55.2711901, 25.1940441]]}, "properties": {"class": "residential"}}, {"type": "Feature", "geometry": {"type": "LineString", "coordinates": [[55.2553458, 25.2239075], [55.255347, 25.2238644], [55.2553419, 25.2238214], [55.2553306, 25.2237795], [55.2553134, 25.2237392]]}, "properties": {"class": "residential"}}, {"type": "Feature", "geometry": {"type": "LineString", "coordinates": [[55.254902, 25.2237754], [55.2549412, 25.2238189], [55.2549856, 25.223858], [55.2550348, 25.2238922], [55.255088, 25.2239211]]}, "properties": {"class": "residential"}}, {"type": "Feature", "geometry": {"type": "LineString", "coordinates": [[55.2549437, 25.2239704], [55.2549415, 25.2239208], [55.2549335, 25.2238713], [55.25492, 25.2238229], [55.254902, 25.2237754]]}, "properties": {"class": "residential"}}, {"type": "Feature", "geometry": {"type": "LineString", "coordinates": [[55.2532643, 25.2209973], [55.2530785, 25.2207577]]}, "properties": {"class": "residential"}}, {"type": "Feature", "geometry": {"type": "LineString", "coordinates": [[55.2586545, 25.228241], [55.2586959, 25.2282795], [55.2587333, 25.2283212], [55.2587665, 25.2283656], [55.2587953, 25.2284125]]}, "properties": {"class": "tertiary"}}, {"type": "Feature", "geometry": {"type": "LineString", "coordinates": [[55.2586781, 25.2284546], [55.2586823, 25.2283993], [55.2586808, 25.2283456], [55.2586715, 25.2282925], [55.2586545, 25.228241]]}, "properties": {"class": "tertiary"}}, {"type": "Feature", "geometry": {"type": "LineString", "coordinates": [[55.2843047, 25.2234638], [55.283058, 25.2216552], [55.2829583, 25.2215037], [55.282923, 25.221442], [55.2828822, 25.2213829], [55.2828364, 25.221327], [55.2827859, 25.2212717]]}, "properties": {"class": "tertiary"}}, {"type": "Feature", "geometry": {"type": "LineString", "coordinates": [[55.2823118, 25.2205927], [55.2822921, 25.2205709], [55.2822687, 25.2205523], [55.2822423, 25.2205374], [55.2822136, 25.2205266], [55.2821817, 25.22052], [55.2821491, 25.2205185], [55.2821167, 25.220522], [55.2820855, 25.2205304], [55.2820562, 25.2205436]]}, "properties": {"class": "tertiary"}}, {"type": "Feature", "geometry": {"type": "LineString", "coordinates": [[55.2585774, 25.2289276], [55.2586058, 25.2288185], [55.258631, 25.2287582], [55.2586677, 25.228703], [55.2587145, 25.2286544]]}, "properties": {"class": "residential"}}, {"type": "Feature", "geometry": {"type": "LineString", "coordinates": [[55.2586058, 25.2288185], [55.25857, 25.2287857], [55.2585277, 25.2287605], [55.2584803, 25.228744], [55.2584302, 25.228737], [55.2583769, 25.2287414]]}, "properties": {"class": "residential"}}, {"type": "Feature", "geometry": {"type": "LineString", "coordinates": [[55.273076, 25.2069406], [55.2731127, 25.2069768], [55.2731469, 25.2070149], [55.2731785, 25.2070547], [55.2732074, 25.2070963], [55.2733357, 25.2072775], [55.2734409, 25.2074336], [55.2734702, 25.2074833], [55.2734921, 25.2075361], [55.2735064, 25.207591]]}, "properties": {"class": "tertiary"}}, {"type": "Feature", "geometry": {"type": "LineString", "coordinates": [[55.2728222, 25.2066348], [55.2728797, 25.2067143], [55.272941, 25.2067916], [55.2730067, 25.2068674], [55.273076, 25.2069406]]}, "properties": {"class": "tertiary"}}, {"type": "Feature", "geometry": {"type": "LineString", "coordinates": [[55.2562157, 25.2244381], [55.2568376, 25.2252485], [55.2573483, 25.2259291], [55.2573647, 25.2259435], [55.257386, 25.2259512], [55.2574089, 25.2259508], [55.2574299, 25.2259426], [55.2577067, 25.2257697]]}, "properties": {"class": "residential"}}, {"type": "Feature", "geometry": {"type": "LineString", "coordinates": [[55.2561034, 25.2241954], [55.2563808, 25.224027]]}, "properties": {"class": "residential"}}, {"type": "Feature", "geometry": {"type": "LineString", "coordinates": [[55.2588973, 25.2273345], [55.2588474, 25.2273634], [55.258626, 25.2274916], [55.2586166, 25.2274967], [55.2586057, 25.2274984], [55.258595, 25.2274962], [55.258586, 25.2274906], [55.2582684, 25.2270778], [55.258256, 25.2270615], [55.2582531, 25.2270419], [55.2582603, 25.2270233], [55.2582761, 25.2270096], [55.2584897, 25.2268793], [55.2585316, 25.2268538]]}, "properties": {"class": "residential"}}, {"type": "Feature", "geometry": {"type": "LineString", "coordinates": [[55.2592261, 25.2277667], [55.2594709, 25.2276215]]}, "properties": {"class": "residential"}}, {"type": "Feature", "geometry": {"type": "LineString", "coordinates": [[55.2785649, 25.2041901], [55.2784765, 25.2041069], [55.2784392, 25.2040751], [55.278397, 25.2040488], [55.2783509, 25.2040286], [55.2783019, 25.204015], [55.2782511, 25.2040084], [55.2781999, 25.2040088], [55.2781579, 25.2040107], [55.2780868, 25.2040138], [55.2779739, 25.2040226], [55.2778819, 25.2040325], [55.2777901, 25.2040448], [55.2772228, 25.2041272], [55.2771813, 25.2041332], [55.2771417, 25.204139], [55.2766563, 25.2042055], [55.2764897, 25.2042236], [55.2764063, 25.2042317], [55.2763198, 25.2042336], [55.2762386, 25.2042347], [55.2761547, 25.2042378], [55.2760364, 25.2042486], [55.2759191, 25.204267], [55.2758529, 25.2042822], [55.275807, 25.2042928], [55.2757268, 25.2043148], [55.2756879, 25.2043276], [55.2755896, 25.2043604], [55.2755292, 25.2043838], [55.2754662, 25.2044106], [55.2754043, 25.2044393], [55.2749304, 25.2046693], [55.27458, 25.2048451], [55.2744444, 25.204928], [55.2743398, 25.2049919], [55.2742914, 25.2050333], [55.2742465, 25.2050779], [55.2742055, 25.2051254], [55.2741685, 25.2051755], [55.2741358, 25.205228], [55.2741076, 25.2052825], [55.2740582, 25.2053866], [55.274046, 25.2054325], [55.2740395, 25.2054793], [55.2740386, 25.2055264], [55.2740435, 25.2055734], [55.2740662, 25.2056667]]}, "properties": {"class": "tertiary"}}, {"type": "Feature", "geometry": {"type": "LineString", "coordinates": [[55.2747872, 25.1923266], [55.2747795, 25.192286]]}, "properties": {"class": "residential"}}, {"type": "Feature", "geometry": {"type": "LineString", "coordinates": [[55.2730773, 25.1924828], [55.2730673, 25.1924464], [55.2730486, 25.192413], [55.2730221, 25.1923841], [55.2729892, 25.1923613]]}, "properties": {"class": "residential"}}, {"type": "Feature", "geometry": {"type": "LineString", "coordinates": [[55.2731354, 25.1922816], [55.2731708, 25.1923094], [55.2732006, 25.1923422], [55.2732239, 25.192379], [55.27324, 25.1924189]]}, "properties": {"class": "residential"}}, {"type": "Feature", "geometry": {"type": "LineString", "coordinates": [[55.2823768, 25.2016402], [55.2824007, 25.2016851], [55.2824358, 25.2017235], [55.2824802, 25.2017529], [55.2825312, 25.2017718], [55.2825857, 25.2017789], [55.2826562, 25.2017784]]}, "properties": {"class": "residential"}}, {"type": "Feature", "geometry": {"type": "LineString", "coordinates": [[55.2823768, 25.2016402], [55.2823182, 25.2012555]]}, "properties": {"class": "residential"}}, {"type": "Feature", "geometry": {"type": "LineString", "coordinates": [[55.2826562, 25.2017784], [55.2825867, 25.2017994], [55.2825242, 25.2018086], [55.2824719, 25.2017983], [55.2824263, 25.2017727], [55.282393, 25.2017347], [55.2823757, 25.2016889], [55.2823768, 25.2016402]]}, "properties": {"class": "residential"}}, {"type": "Feature", "geometry": {"type": "LineString", "coordinates": [[55.2823182, 25.2012555], [55.2823033, 25.2012162], [55.2823047, 25.2011754], [55.2823207, 25.2011372], [55.2823496, 25.2011058], [55.2823882, 25.2010847], [55.2824333, 25.2010772]]}, "properties": {"class": "residential"}}, {"type": "Feature", "geometry": {"type": "LineString", "coordinates": [[55.2850212, 25.2028041], [55.2849937, 25.2027308], [55.2849562, 25.2026613], [55.2849094, 25.2025965], [55.284854, 25.2025375]]}, "properties": {"class": "residential"}}, {"type": "Feature", "geometry": {"type": "LineString", "coordinates": [[55.2850971, 25.2024678], [55.2850623, 25.2025484], [55.2850378, 25.202632], [55.2850241, 25.2027176], [55.2850212, 25.2028041]]}, "properties": {"class": "residential"}}, {"type": "Feature", "geometry": {"type": "LineString", "coordinates": [[55.2842892, 25.2002742], [55.2843443, 25.2002487], [55.2843843, 25.200233], [55.2844267, 25.2002238], [55.2845563, 25.2001934]]}, "properties": {"class": "residential"}}, {"type": "Feature", "geometry": {"type": "LineString", "coordinates": [[55.2845673, 25.200261], [55.2844329, 25.2002741], [55.2843912, 25.2002766], [55.2843494, 25.2002754], [55.2842892, 25.2002742]]}, "properties": {"class": "residential"}}, {"type": "Feature", "geometry": {"type": "LineString", "coordinates": [[55.2837873, 25.202848], [55.2837471, 25.2028854], [55.2837184, 25.2029307], [55.283703, 25.2029811], [55.2837019, 25.2030333], [55.2837051, 25.2031414]]}, "properties": {"class": "residential"}}, {"type": "Feature", "geometry": {"type": "LineString", "coordinates": [[55.2837051, 25.2031414], [55.2836715, 25.203043], [55.2836419, 25.2029934], [55.2835956, 25.2029556], [55.2835379, 25.2029343], [55.2834756, 25.2029318]]}, "properties": {"class": "residential"}}, {"type": "Feature", "geometry": {"type": "LineString", "coordinates": [[55.2911604, 25.2025349], [55.2910868, 25.2025446], [55.2910692, 25.2025476], [55.2910512, 25.2025475], [55.2910337, 25.2025444], [55.291017, 25.2025383]]}, "properties": {"class": "residential"}}, {"type": "Feature", "geometry": {"type": "LineString", "coordinates": [[55.291017, 25.2025383], [55.2910289, 25.2025272], [55.291043, 25.2025181], [55.2910588, 25.2025115], [55.2910757, 25.2025078], [55.2911533, 25.202493]]}, "properties": {"class": "residential"}}, {"type": "Feature", "geometry": {"type": "LineString", "coordinates": [[55.2912987, 25.2024948], [55.2912844, 25.2025042], [55.291269, 25.202512], [55.2912526, 25.202518], [55.2912355, 25.2025221], [55.2911604, 25.2025349]]}, "properties": {"class": "residential"}}, {"type": "Feature", "geometry": {"type": "LineString", "coordinates": [[55.2911533, 25.202493], [55.2912258, 25.2024832], [55.2912446, 25.2024817], [55.2912634, 25.2024832], [55.2912816, 25.2024876], [55.2912987, 25.2024948]]}, "properties": {"class": "residential"}}, {"type": "Feature", "geometry": {"type": "LineString", "coordinates": [[55.2935953, 25.2258842], [55.2943128, 25.2265344], [55.2943374, 25.2265549], [55.2943654, 25.2265715], [55.294396, 25.2265837], [55.2944284, 25.2265912], [55.2944612, 25.2265966], [55.2944927, 25.2266017], [55.2945215, 25.2266145], [55.2945473, 25.2266319], [55.294569, 25.2266533], [55.2947667, 25.2268482], [55.2948074, 25.2268821], [55.2948518, 25.2269119], [55.2948995, 25.2269373], [55.2949499, 25.2269579], [55.2950024, 25.2269737], [55.2950564, 25.2269843], [55.2951114, 25.2269897], [55.2951667, 25.2269898], [55.2952217, 25.2269846], [55.2952758, 25.2269741], [55.2953283, 25.2269586], [55.2953788, 25.2269381], [55.2956258, 25.2268317], [55.2956701, 25.2268113], [55.2957099, 25.2267844], [55.2957441, 25.2267517], [55.2957717, 25.2267143], [55.2957918, 25.2266732], [55.2958039, 25.2266295], [55.2958077, 25.2265847], [55.2958029, 25.2265399], [55.2957899, 25.2264965], [55.2957688, 25.2264558], [55.2957405, 25.226413], [55.2955318, 25.226098], [55.2955141, 25.2260712], [55.2955019, 25.2260419], [55.2954956, 25.2260112], [55.2954952, 25.22598], [55.295501, 25.2259492], [55.2955126, 25.2259198], [55.2955298, 25.2258927], [55.2955519, 25.2258687], [55.2955784, 25.2258486], [55.2956083, 25.225833], [55.2959503, 25.2256736]]}, "properties": {"class": "residential"}}, {"type": "Feature", "geometry": {"type": "LineString", "coordinates": [[55.2812072, 25.2079574], [55.2811586, 25.2079613], [55.2811108, 25.2079717], [55.2810652, 25.2079883], [55.2810228, 25.2080107]]}, "properties": {"class": "residential"}}, {"type": "Feature", "geometry": {"type": "LineString", "coordinates": [[55.2809008, 25.2072945], [55.2808668, 25.2072304], [55.280821, 25.2071725], [55.2807647, 25.2071228], [55.2806997, 25.2070827]]}, "properties": {"class": "residential"}}, {"type": "Feature", "geometry": {"type": "LineString", "coordinates": [[55.2830969, 25.2069954], [55.2830601, 25.2067701]]}, "properties": {"class": "residential"}}, {"type": "Feature", "geometry": {"type": "LineString", "coordinates": [[55.2856587, 25.2041415], [55.2855053, 25.2041655], [55.2850252, 25.2042407], [55.2848138, 25.2042738]]}, "properties": {"class": "residential"}}, {"type": "Feature", "geometry": {"type": "LineString", "coordinates": [[55.2868126, 25.2075331], [55.2868738, 25.2078984]]}, "properties": {"class": "residential"}}, {"type": "Feature", "geometry": {"type": "LineString", "coordinates": [[55.2865982, 25.2058043], [55.2866729, 25.2063035], [55.2866709, 25.2063258], [55.2866597, 25.2063458], [55.286641, 25.2063605], [55.2866175, 25.2063676], [55.2865913, 25.2063658], [55.2865682, 25.2063547], [55.2865519, 25.2063361], [55.2865452, 25.2063131], [55.2864618, 25.2058235]]}, "properties": {"class": "residential"}}, {"type": "Feature", "geometry": {"type": "LineString", "coordinates": [[55.2867165, 25.2030258], [55.2867874, 25.2034586], [55.2868617, 25.2039122]]}, "properties": {"class": "residential"}}, {"type": "Feature", "geometry": {"type": "LineString", "coordinates": [[55.2876898, 25.2037877], [55.2876143, 25.2033397]]}, "properties": {"class": "residential"}}, {"type": "Feature", "geometry": {"type": "LineString", "coordinates": [[55.2832705, 25.2060589], [55.2837929, 25.2059894]]}, "properties": {"class": "residential"}}, {"type": "Feature", "geometry": {"type": "LineString", "coordinates": [[55.2832319, 25.206064], [55.2832705, 25.2060589]]}, "properties": {"class": "residential"}}, {"type": "Feature", "geometry": {"type": "LineString", "coordinates": [[55.2849294, 25.2051761], [55.2852067, 25.205138], [55.2867252, 25.2049292]]}, "properties": {"class": "residential"}}, {"type": "Feature", "geometry": {"type": "LineString", "coordinates": [[55.2794474, 25.2053057], [55.2793998, 25.2052748], [55.2793574, 25.2052381], [55.2793212, 25.2051964], [55.2792918, 25.2051505], [55.2792698, 25.2051013], [55.2792558, 25.2050498], [55.2792098, 25.2047221], [55.2791373, 25.2042049], [55.2791376, 25.2041836], [55.2791461, 25.2041638], [55.2791617, 25.2041478], [55.2791825, 25.2041378], [55.279585, 25.2040862]]}, "properties": {"class": "residential"}}, {"type": "Feature", "geometry": {"type": "LineString", "coordinates": [[55.2870272, 25.2040397], [55.2870646, 25.2042756], [55.2870679, 25.2043044], [55.2870563, 25.2043313], [55.2870323, 25.2043504], [55.2870012, 25.2043573], [55.286639, 25.2044028], [55.2865455, 25.2044145], [55.2865173, 25.2044142], [55.2864921, 25.2044028], [55.2864751, 25.2043824], [55.2864698, 25.2043574], [55.2864325, 25.2041312]]}, "properties": {"class": "residential"}}, {"type": "Feature", "geometry": {"type": "LineString", "coordinates": [[55.2889389, 25.2089644], [55.288888, 25.2088298]]}, "properties": {"class": "residential"}}, {"type": "Feature", "geometry": {"type": "LineString", "coordinates": [[55.2717701, 25.2242365], [55.2720015, 25.2241077]]}, "properties": {"class": "residential"}}, {"type": "Feature", "geometry": {"type": "LineString", "coordinates": [[55.2612345, 25.209827], [55.261559, 25.2096597], [55.2618954, 25.2094571], [55.2625271, 25.2091065], [55.2633938, 25.208623], [55.2636549, 25.2084571]]}, "properties": {"class": "primary"}}, {"type": "Feature", "geometry": {"type": "LineString", "coordinates": [[55.2611857, 25.2100803], [55.2610965, 25.2101236]]}, "properties": {"class": "primary"}}, {"type": "Feature", "geometry": {"type": "LineString", "coordinates": [[55.2608158, 25.2102785], [55.26055, 25.2104228], [55.259713, 25.2108312], [55.2592391, 25.2110727], [55.2587807, 25.2113352], [55.2582209, 25.2116045], [55.2581689, 25.2116332], [55.2580143, 25.2117187]]}, "properties": {"class": "primary"}}, {"type": "Feature", "geometry": {"type": "LineString", "coordinates": [[55.2572666, 25.2120881], [55.2571938, 25.2121279]]}, "properties": {"class": "primary"}}, {"type": "Feature", "geometry": {"type": "LineString", "coordinates": [[55.28061, 25.2057847], [55.2805695, 25.2055133]]}, "properties": {"class": "residential"}}, {"type": "Feature", "geometry": {"type": "LineString", "coordinates": [[55.2799427, 25.2056088], [55.2805695, 25.2055133], [55.2811382, 25.2054266]]}, "properties": {"class": "residential"}}, {"type": "Feature", "geometry": {"type": "LineString", "coordinates": [[55.2877833, 25.2047604], [55.2876662, 25.2039414]]}, "properties": {"class": "residential"}}, {"type": "Feature", "geometry": {"type": "LineString", "coordinates": [[55.2880802, 25.2055076], [55.2880367, 25.204726], [55.288033, 25.2046598]]}, "properties": {"class": "residential"}}, {"type": "Feature", "geometry": {"type": "LineString", "coordinates": [[55.2880367, 25.204726], [55.2877833, 25.2047604], [55.2874607, 25.2048041]]}, "properties": {"class": "residential"}}, {"type": "Feature", "geometry": {"type": "LineString", "coordinates": [[55.2874887, 25.2049701], [55.2874607, 25.2048041], [55.2873242, 25.2039941]]}, "properties": {"class": "residential"}}, {"type": "Feature", "geometry": {"type": "LineString", "coordinates": [[55.2776665, 25.1877345], [55.2776741, 25.1877042], [55.2776823, 25.1876815], [55.2777438, 25.1875656], [55.2778015, 25.1874487], [55.2778556, 25.1873306], [55.2778776, 25.1872707], [55.2778967, 25.1872093]]}, "properties": {"class": "residential"}}, {"type": "Feature", "geometry": {"type": "LineString", "coordinates": [[55.2779425, 25.1872285], [55.2779105, 25.1872828], [55.2778804, 25.187342], [55.2778259, 25.1874574], [55.2777677, 25.1875752], [55.277706, 25.1876915], [55.2776892, 25.1877124], [55.2776665, 25.1877345]]}, "properties": {"class": "residential"}}, {"type": "Feature", "geometry": {"type": "LineString", "coordinates": [[55.2789502, 25.1878894], [55.2788554, 25.1878339], [55.2787747, 25.1877576], [55.2786922, 25.1876751], [55.2785972, 25.1875748], [55.2784733, 25.1874859], [55.2783428, 25.1874052], [55.2782061, 25.1873332], [55.2780642, 25.1872703], [55.2779425, 25.1872285]]}, "properties": {"class": "residential"}}, {"type": "Feature", "geometry": {"type": "LineString", "coordinates": [[55.2593004, 25.2278643], [55.2592261, 25.2277667], [55.2588973, 25.2273345], [55.2585316, 25.2268538], [55.2582728, 25.2265137], [55.2577067, 25.2257697], [55.2571644, 25.225057], [55.2563808, 25.224027], [55.256194, 25.2237814], [55.2561371, 25.2237119]]}, "properties": {"class": "residential"}}, {"type": "Feature", "geometry": {"type": "LineString", "coordinates": [[55.2560678, 25.2235893], [55.2560775, 25.2235917], [55.2560898, 25.2235989], [55.2560987, 25.2236094], [55.2561029, 25.2236221], [55.2561026, 25.2236325], [55.2560992, 25.2236424], [55.2560915, 25.2236526], [55.2560804, 25.2236599], [55.2560674, 25.2236636], [55.2560535, 25.2236632], [55.2560405, 25.2236587], [55.2560299, 25.2236506], [55.2560229, 25.2236398], [55.2560202, 25.2236274], [55.2560214, 25.2236173], [55.2560256, 25.2236078], [55.2560391, 25.2235949], [55.2560577, 25.2235891], [55.2560678, 25.2235893]]}, "properties": {"class": "residential"}}, {"type": "Feature", "geometry": {"type": "LineString", "coordinates": [[55.2560992, 25.2236424], [55.2561371, 25.2237119]]}, "properties": {"class": "residential"}}, {"type": "Feature", "geometry": {"type": "LineString", "coordinates": [[55.2561371, 25.2237119], [55.2560674, 25.2236636]]}, "properties": {"class": "residential"}}, {"type": "Feature", "geometry": {"type": "LineString", "coordinates": [[55.2560405, 25.2236587], [55.255959, 25.2236906]]}, "properties": {"class": "residential"}}, {"type": "Feature", "geometry": {"type": "LineString", "coordinates": [[55.255959, 25.2236906], [55.2560202, 25.2236274]]}, "properties": {"class": "residential"}}, {"type": "Feature", "geometry": {"type": "LineString", "coordinates": [[55.2560256, 25.2236078], [55.2559918, 25.2235186]]}, "properties": {"class": "residential"}}, {"type": "Feature", "geometry": {"type": "LineString", "coordinates": [[55.2559918, 25.2235186], [55.2560577, 25.2235891]]}, "properties": {"class": "residential"}}, {"type": "Feature", "geometry": {"type": "LineString", "coordinates": [[55.2560775, 25.2235917], [55.2561825, 25.2235458]]}, "properties": {"class": "residential"}}, {"type": "Feature", "geometry": {"type": "LineString", "coordinates": [[55.2561825, 25.2235458], [55.2561029, 25.2236221]]}, "properties": {"class": "residential"}}, {"type": "Feature", "geometry": {"type": "LineString", "coordinates": [[55.2579118, 25.1919945], [55.2579348, 25.1920309], [55.2579608, 25.1920657], [55.2579896, 25.1920986], [55.2580761, 25.1921944], [55.2584376, 25.192576], [55.2585114, 25.1926571], [55.259088, 25.1932909], [55.2594854, 25.1937184], [55.2599255, 25.1941792], [55.2599527, 25.194211], [55.2600655, 25.1943351], [55.2609152, 25.1952489], [55.260932, 25.1952668], [55.2616466, 25.1960291], [55.2617872, 25.1961887]]}, "properties": {"class": "secondary"}}, {"type": "Feature", "geometry": {"type": "LineString", "coordinates": [[55.257913, 25.1919782], [55.2579118, 25.1919945]]}, "properties": {"class": "tertiary"}}, {"type": "Feature", "geometry": {"type": "LineString", "coordinates": [[55.2577119, 25.1920838], [55.2576796, 25.1920676], [55.2576527, 25.1920447], [55.257633, 25.1920165], [55.2576215, 25.1919847], [55.2576192, 25.1919514]]}, "properties": {"class": "tertiary"}}, {"type": "Feature", "geometry": {"type": "LineString", "coordinates": [[55.2555778, 25.1935255], [55.2555799, 25.1935119], [55.255597, 25.1934721], [55.255628, 25.1934399], [55.2556693, 25.1934193], [55.2557159, 25.1934128], [55.25572, 25.1934129]]}, "properties": {"class": "tertiary"}}, {"type": "Feature", "geometry": {"type": "LineString", "coordinates": [[55.2556879, 25.1936564], [55.2556564, 25.1936473], [55.2556282, 25.1936315], [55.2556051, 25.1936101], [55.2555884, 25.1935842], [55.2555791, 25.1935554], [55.2555778, 25.1935255]]}, "properties": {"class": "tertiary"}}, {"type": "Feature", "geometry": {"type": "LineString", "coordinates": [[55.2498371, 25.1968551], [55.2498506, 25.1968282], [55.2498712, 25.1968054], [55.2498976, 25.196788], [55.249928, 25.1967773], [55.2499604, 25.196774]]}, "properties": {"class": "tertiary"}}, {"type": "Feature", "geometry": {"type": "LineString", "coordinates": [[55.2499411, 25.1970022], [55.2499061, 25.1969931], [55.2498754, 25.1969754], [55.2498515, 25.1969504], [55.2498365, 25.1969204], [55.2498316, 25.1968877], [55.2498371, 25.1968551]]}, "properties": {"class": "tertiary"}}, {"type": "Feature", "geometry": {"type": "LineString", "coordinates": [[55.2478198, 25.1980384], [55.2479038, 25.19799]]}, "properties": {"class": "tertiary"}}, {"type": "Feature", "geometry": {"type": "LineString", "coordinates": [[55.247564, 25.1981802], [55.2475228, 25.1981263], [55.2472941, 25.1978102], [55.2472828, 25.1977945], [55.2468503, 25.1971691], [55.2467376, 25.1970216], [55.2466008, 25.1968117], [55.2465028, 25.1966647], [55.2457671, 25.1955677]]}, "properties": {"class": "primary"}}, {"type": "Feature", "geometry": {"type": "LineString", "coordinates": [[55.2500766, 25.1969296], [55.2500712, 25.1969406], [55.2500506, 25.1969671], [55.2500227, 25.1969874], [55.2499896, 25.1969997], [55.2499542, 25.1970031], [55.2499411, 25.1970022]]}, "properties": {"class": "tertiary"}}, {"type": "Feature", "geometry": {"type": "LineString", "coordinates": [[55.2558482, 25.1935496], [55.2558458, 25.1935624], [55.2558419, 25.1935749], [55.2558296, 25.193599], [55.255812, 25.19362], [55.2557897, 25.1936372], [55.2557639, 25.1936497], [55.2557357, 25.1936569], [55.2557118, 25.1936586], [55.2556879, 25.1936564]]}, "properties": {"class": "tertiary"}}, {"type": "Feature", "geometry": {"type": "LineString", "coordinates": [[55.2579118, 25.1919945], [55.2578856, 25.1920389], [55.257857, 25.1920654], [55.2578214, 25.1920837], [55.2577818, 25.1920924], [55.2577462, 25.192092], [55.2577119, 25.1920838]]}, "properties": {"class": "tertiary"}}, {"type": "Feature", "geometry": {"type": "LineString", "coordinates": [[55.2587496, 25.1912242], [55.2586931, 25.1912534], [55.2586395, 25.1912869], [55.2585893, 25.1913245], [55.258445, 25.1914722]]}, "properties": {"class": "tertiary"}}, {"type": "Feature", "geometry": {"type": "LineString", "coordinates": [[55.2623004, 25.1897116], [55.2620555, 25.1894564]]}, "properties": {"class": "tertiary"}}, {"type": "Feature", "geometry": {"type": "LineString", "coordinates": [[55.2607771, 25.1895109], [55.2609932, 25.1893325]]}, "properties": {"class": "secondary"}}, {"type": "Feature", "geometry": {"type": "LineString", "coordinates": [[55.261317, 25.1880646], [55.261655, 25.1883918]]}, "properties": {"class": "tertiary"}}, {"type": "Feature", "geometry": {"type": "LineString", "coordinates": [[55.2663535, 25.2244399], [55.2663625, 25.2243924], [55.2663621, 25.2243441], [55.2663523, 25.2242966], [55.2663336, 25.2242514]]}, "properties": {"class": "residential"}}, {"type": "Feature", "geometry": {"type": "LineString", "coordinates": [[55.2663336, 25.2242514], [55.2663776, 25.2242985], [55.2664076, 25.2243347], [55.2664286, 25.2243713], [55.2664456, 25.2244106], [55.2664632, 25.2244497]]}, "properties": {"class": "residential"}}, {"type": "Feature", "geometry": {"type": "LineString", "coordinates": [[55.2667098, 25.2244395], [55.2665972, 25.2245015], [55.2665654, 25.2245217], [55.2665323, 25.2245458], [55.2665028, 25.2245741]]}, "properties": {"class": "tertiary"}}, {"type": "Feature", "geometry": {"type": "LineString", "coordinates": [[55.2664788, 25.2244613], [55.2665369, 25.2244591], [55.2665948, 25.2244548], [55.2666525, 25.2244482], [55.2667098, 25.2244395]]}, "properties": {"class": "tertiary"}}, {"type": "Feature", "geometry": {"type": "LineString", "coordinates": [[55.2664403, 25.2246291], [55.2664239, 25.2247398], [55.2664235, 25.2247673], [55.2664276, 25.2247941], [55.2664333, 25.2248147], [55.2664534, 25.2248972]]}, "properties": {"class": "residential"}}, {"type": "Feature", "geometry": {"type": "LineString", "coordinates": [[55.2664534, 25.2248972], [55.2664098, 25.2248317], [55.2663944, 25.2248008], [55.2663864, 25.2247695], [55.2663796, 25.2247395], [55.2663654, 25.2246318]]}, "properties": {"class": "residential"}}, {"type": "Feature", "geometry": {"type": "LineString", "coordinates": [[55.2663811, 25.2244326], [55.2664098, 25.2244319], [55.2664378, 25.2244377], [55.2664632, 25.2244497], [55.2664788, 25.2244613], [55.2664987, 25.2244858], [55.2665098, 25.2245144], [55.2665112, 25.2245447], [55.2665028, 25.2245741], [55.266492, 25.2245918], [55.2664776, 25.2246073], [55.2664601, 25.2246199], [55.2664403, 25.2246291], [55.2664031, 25.2246362], [55.2663654, 25.2246318], [55.2663528, 25.2246275], [55.2663311, 25.2246161], [55.2663127, 25.2246006], [55.2662986, 25.2245818], [55.2662893, 25.2245607], [55.2662855, 25.2245383], [55.2662891, 25.2245077], [55.2663026, 25.2244795], [55.2663248, 25.2244562], [55.2663535, 25.2244399], [55.2663811, 25.2244326]]}, "properties": {"class": "tertiary"}}, {"type": "Feature", "geometry": {"type": "LineString", "coordinates": [[55.2884213, 25.2297457], [55.2884181, 25.2296771], [55.2884225, 25.2296086], [55.2884345, 25.2295408], [55.2884539, 25.2294744], [55.2884806, 25.2294101], [55.2885142, 25.2293486], [55.2885545, 25.2292904], [55.2886574, 25.2291889], [55.288741, 25.2291347], [55.2888444, 25.2290742], [55.2889407, 25.2290261], [55.2890401, 25.2289835]]}, "properties": {"class": "primary"}}, {"type": "Feature", "geometry": {"type": "LineString", "coordinates": [[55.2891116, 25.2303317], [55.2889957, 25.2303052], [55.2888705, 25.230262], [55.2887742, 25.230214], [55.2886847, 25.2301562], [55.2886033, 25.2300893], [55.2885311, 25.2300143], [55.2885016, 25.2299749], [55.288473, 25.2299299], [55.28844, 25.2298315], [55.2884247, 25.2297721], [55.2884213, 25.2297457]]}, "properties": {"class": "primary"}}, {"type": "Feature", "geometry": {"type": "LineString", "coordinates": [[55.2855745, 25.2273093], [55.2855175, 25.2272475], [55.2854657, 25.2271856], [55.2854155, 25.2271227], [55.2853667, 25.2270588], [55.2853439, 25.2270284], [55.2853196, 25.226994], [55.2849379, 25.2264345], [55.2848674, 25.2263362], [55.2848174, 25.2262419], [55.2847818, 25.2261725], [55.2847464, 25.2260993], [55.2847049, 25.2260288], [55.2846581, 25.2259611], [55.284634, 25.2259262], [55.2842741, 25.2254052], [55.2841675, 25.2252528], [55.2841121, 25.2251735], [55.2840672, 25.225124], [55.2840225, 25.2250768], [55.2838541, 25.2249407], [55.2837778, 25.2248748], [55.2837105, 25.2248054], [55.2836887, 25.2247818]]}, "properties": {"class": "tertiary"}}, {"type": "Feature", "geometry": {"type": "LineString", "coordinates": [[55.2836887, 25.2247818], [55.2836476, 25.2247326], [55.2835893, 25.2246567], [55.2828382, 25.2235624], [55.282802, 25.2235093], [55.2825917, 25.2232005], [55.2825539, 25.2231451], [55.2823245, 25.2228094]]}, "properties": {"class": "tertiary"}}, {"type": "Feature", "geometry": {"type": "LineString", "coordinates": [[55.2823245, 25.2228094], [55.281461, 25.2215453], [55.281189, 25.2211436], [55.2810656, 25.2209356], [55.2810391, 25.2208942], [55.2806585, 25.2203363], [55.2803327, 25.2198588], [55.2801108, 25.2195371]]}, "properties": {"class": "tertiary"}}, {"type": "Feature", "geometry": {"type": "LineString", "coordinates": [[55.2801108, 25.2195371], [55.2800103, 25.2193914], [55.2798963, 25.2192202], [55.2798457, 25.2191416], [55.2797967, 25.2190621], [55.2797495, 25.2189818], [55.2797039, 25.2189008], [55.27966, 25.2188189], [55.2795269, 25.2185661], [55.2793575, 25.2182636], [55.2791556, 25.217948], [55.2791329, 25.2179102], [55.2791116, 25.2178718], [55.2790917, 25.2178327], [55.2790766, 25.217792], [55.2787132, 25.2173169], [55.2786456, 25.2172372], [55.2785712, 25.2171626], [55.2784952, 25.2170936], [55.2784004, 25.217004], [55.2783491, 25.2169498]]}, "properties": {"class": "tertiary"}}, {"type": "Feature", "geometry": {"type": "LineString", "coordinates": [[55.2783491, 25.2169498], [55.2783113, 25.2169098], [55.2782282, 25.2168112], [55.2781515, 25.2167085], [55.277199, 25.2153171], [55.2770059, 25.2150588]]}, "properties": {"class": "tertiary"}}, {"type": "Feature", "geometry": {"type": "LineString", "coordinates": [[55.2770059, 25.2150588], [55.2767126, 25.2146092], [55.2765159, 25.2143332], [55.2761396, 25.213773]]}, "properties": {"class": "tertiary"}}, {"type": "Feature", "geometry": {"type": "LineString", "coordinates": [[55.2758434, 25.2125288], [55.274532, 25.2106033], [55.273266, 25.2086822]]}, "properties": {"class": "motorway"}}, {"type": "Feature", "geometry": {"type": "LineString", "coordinates": [[55.2531574, 25.184376], [55.2527731, 25.1839261]]}, "properties": {"class": "motorway"}}, {"type": "Feature", "geometry": {"type": "LineString", "coordinates": [[55.2893559, 25.2288843], [55.2894836, 25.2288555], [55.2895693, 25.2288419], [55.2897098, 25.2288283], [55.2898381, 25.228825]]}, "properties": {"class": "primary"}}, {"type": "Feature", "geometry": {"type": "LineString", "coordinates": [[55.2739626, 25.2284709], [55.2739105, 25.2284025], [55.273882, 25.228365], [55.273807, 25.2282665], [55.2735012, 25.2278558]]}, "properties": {"class": "secondary"}}, {"type": "Feature", "geometry": {"type": "LineString", "coordinates": [[55.2731079, 25.2263419], [55.2729467, 25.2261315], [55.2727668, 25.2259023]]}, "properties": {"class": "secondary"}}, {"type": "Feature", "geometry": {"type": "LineString", "coordinates": [[55.2699935, 25.2221719], [55.2698889, 25.2220099]]}, "properties": {"class": "secondary"}}, {"type": "Feature", "geometry": {"type": "LineString", "coordinates": [[55.2683856, 25.220021], [55.2683095, 25.2200636], [55.2681442, 25.2201565]]}, "properties": {"class": "secondary"}}, {"type": "Feature", "geometry": {"type": "LineString", "coordinates": [[55.2657705, 25.2215932], [55.2655849, 25.2217039], [55.2653695, 25.221837], [55.2651154, 25.2219945], [55.2649383, 25.2221043], [55.264711, 25.2222436], [55.2644084, 25.2224315], [55.2643925, 25.2224414]]}, "properties": {"class": "tertiary"}}, {"type": "Feature", "geometry": {"type": "LineString", "coordinates": [[55.2668434, 25.2230163], [55.2663915, 25.2224135], [55.2663431, 25.2223489]]}, "properties": {"class": "residential"}}, {"type": "Feature", "geometry": {"type": "LineString", "coordinates": [[55.2890401, 25.2289835], [55.2891423, 25.2289466], [55.2892468, 25.2289155], [55.2893559, 25.2288843]]}, "properties": {"class": "primary"}}, {"type": "Feature", "geometry": {"type": "LineString", "coordinates": [[55.2898381, 25.228825], [55.2900748, 25.2288327]]}, "properties": {"class": "primary"}}, {"type": "Feature", "geometry": {"type": "LineString", "coordinates": [[55.2741882, 25.2287796], [55.2739626, 25.2284709]]}, "properties": {"class": "secondary"}}, {"type": "Feature", "geometry": {"type": "LineString", "coordinates": [[55.2663948, 25.2265693], [55.2663163, 25.2264052], [55.2662542, 25.2262755], [55.2660807, 25.2259064]]}, "properties": {"class": "primary"}}, {"type": "Feature", "geometry": {"type": "LineString", "coordinates": [[55.2657555, 25.2251921], [55.2654942, 25.2247472], [55.2654116, 25.2246181], [55.2653179, 25.2244717], [55.2652834, 25.2244177], [55.2651948, 25.2242833], [55.2650861, 25.2241138], [55.2650534, 25.2240609], [55.264779, 25.2236549], [55.2642794, 25.2228692]]}, "properties": {"class": "primary"}}, {"type": "Feature", "geometry": {"type": "LineString", "coordinates": [[55.2668434, 25.2230163], [55.2672074, 25.2227921], [55.267612, 25.2225429], [55.2680131, 25.2222958], [55.2684142, 25.2220487]]}, "properties": {"class": "residential"}}, {"type": "Feature", "geometry": {"type": "LineString", "coordinates": [[55.2643063, 25.222705], [55.2643615, 25.2227889], [55.2646885, 25.2232975]]}, "properties": {"class": "primary"}}, {"type": "Feature", "geometry": {"type": "LineString", "coordinates": [[55.2651301, 25.2239926], [55.2653694, 25.2243185], [55.2653969, 25.2243559], [55.2655404, 25.2245789], [55.2656732, 25.2248101], [55.265775, 25.2249881], [55.2660854, 25.2256234], [55.2662547, 25.2259712]]}, "properties": {"class": "primary"}}, {"type": "Feature", "geometry": {"type": "LineString", "coordinates": [[55.2743765, 25.2290372], [55.2743412, 25.2289889], [55.2743091, 25.2289449], [55.2741882, 25.2287796]]}, "properties": {"class": "secondary"}}, {"type": "Feature", "geometry": {"type": "LineString", "coordinates": [[55.2735012, 25.2278558], [55.2733642, 25.2276731], [55.273223, 25.2274911]]}, "properties": {"class": "secondary"}}, {"type": "Feature", "geometry": {"type": "LineString", "coordinates": [[55.2739855, 25.2270954], [55.2743462, 25.2275769], [55.2743685, 25.2276066], [55.2744688, 25.2277406], [55.2747216, 25.2280784]]}, "properties": {"class": "secondary"}}, {"type": "Feature", "geometry": {"type": "LineString", "coordinates": [[55.2874652, 25.2287077], [55.2873359, 25.2286235], [55.2872849, 25.2285903], [55.2871029, 25.2284523], [55.2869269, 25.2283079], [55.2867575, 25.2281573], [55.2865947, 25.2280008], [55.2864389, 25.2278433], [55.2862903, 25.2276756], [55.2861491, 25.2275028], [55.2860156, 25.2273251], [55.2851351, 25.2260809]]}, "properties": {"class": "motorway"}}, {"type": "Feature", "geometry": {"type": "LineString", "coordinates": [[55.2815473, 25.2034396], [55.2815133, 25.2033746], [55.2814677, 25.2033261], [55.2814221, 25.2032945], [55.2813608, 25.2032709]]}, "properties": {"class": "residential"}}, {"type": "Feature", "geometry": {"type": "LineString", "coordinates": [[55.2816573, 25.2032309], [55.2816072, 25.2032751], [55.281575, 25.2033152], [55.2815549, 25.203377], [55.2815473, 25.2034396]]}, "properties": {"class": "residential"}}, {"type": "Feature", "geometry": {"type": "LineString", "coordinates": [[55.2485076, 25.1882007], [55.248902, 25.1879472]]}, "properties": {"class": "residential"}}, {"type": "Feature", "geometry": {"type": "LineString", "coordinates": [[55.2482677, 25.1884131], [55.2482662, 25.1884374]]}, "properties": {"class": "residential"}}, {"type": "Feature", "geometry": {"type": "LineString", "coordinates": [[55.2481729, 25.1883064], [55.2482096, 25.1883214], [55.2482394, 25.1883459], [55.2482594, 25.1883775], [55.2482677, 25.1884131]]}, "properties": {"class": "residential"}}, {"type": "Feature", "geometry": {"type": "LineString", "coordinates": [[55.2480125, 25.188395], [55.2480243, 25.1883652], [55.2480445, 25.1883393], [55.2480716, 25.1883194], [55.2481036, 25.1883067], [55.2481383, 25.1883023], [55.2481729, 25.1883064]]}, "properties": {"class": "residential"}}, {"type": "Feature", "geometry": {"type": "LineString", "coordinates": [[55.2526434, 25.1948529], [55.252705, 25.1949665], [55.2528213, 25.1951564]]}, "properties": {"class": "residential"}}, {"type": "Feature", "geometry": {"type": "LineString", "coordinates": [[55.2550294, 25.1891422], [55.2550691, 25.189111]]}, "properties": {"class": "residential"}}, {"type": "Feature", "geometry": {"type": "LineString", "coordinates": [[55.2550691, 25.189111], [55.255243, 25.1889776], [55.2555402, 25.1887495], [55.2556001, 25.1887039], [55.2558281, 25.1885296], [55.2560916, 25.1883297], [55.2561537, 25.1882827]]}, "properties": {"class": "residential"}}, {"type": "Feature", "geometry": {"type": "LineString", "coordinates": [[55.2538829, 25.1900231], [55.2539296, 25.1899871]]}, "properties": {"class": "residential"}}, {"type": "Feature", "geometry": {"type": "LineString", "coordinates": [[55.2530193, 25.1906525], [55.2530773, 25.1906162], [55.2533475, 25.190434], [55.2536007, 25.1902414], [55.2538829, 25.1900231]]}, "properties": {"class": "residential"}}, {"type": "Feature", "geometry": {"type": "LineString", "coordinates": [[55.2522052, 25.1906881], [55.2522825, 25.1908014]]}, "properties": {"class": "residential"}}, {"type": "Feature", "geometry": {"type": "LineString", "coordinates": [[55.2522825, 25.1908014], [55.2523449, 25.1908961], [55.2524133, 25.1909997]]}, "properties": {"class": "residential"}}, {"type": "Feature", "geometry": {"type": "LineString", "coordinates": [[55.2524133, 25.1909997], [55.2527103, 25.1908305]]}, "properties": {"class": "residential"}}, {"type": "Feature", "geometry": {"type": "LineString", "coordinates": [[55.2527103, 25.1908305], [55.2530193, 25.1906525]]}, "properties": {"class": "residential"}}, {"type": "Feature", "geometry": {"type": "LineString", "coordinates": [[55.2523281, 25.191051], [55.2524133, 25.1909997]]}, "properties": {"class": "residential"}}, {"type": "Feature", "geometry": {"type": "LineString", "coordinates": [[55.2511939, 25.191725], [55.2517874, 25.1913718], [55.2523281, 25.191051]]}, "properties": {"class": "residential"}}, {"type": "Feature", "geometry": {"type": "LineString", "coordinates": [[55.2506814, 25.1920184], [55.2511939, 25.191725]]}, "properties": {"class": "residential"}}, {"type": "Feature", "geometry": {"type": "LineString", "coordinates": [[55.2608457, 25.1896893], [55.2604926, 25.1899493]]}, "properties": {"class": "secondary"}}, {"type": "Feature", "geometry": {"type": "LineString", "coordinates": [[55.2614346, 25.1892526], [55.2608457, 25.1896893]]}, "properties": {"class": "secondary"}}, {"type": "Feature", "geometry": {"type": "LineString", "coordinates": [[55.2600971, 25.1906021], [55.2601877, 25.1906999]]}, "properties": {"class": "tertiary"}}, {"type": "Feature", "geometry": {"type": "LineString", "coordinates": [[55.2634923, 25.2053858], [55.2634116, 25.2052663], [55.2633377, 25.2051567], [55.2632517, 25.2050255]]}, "properties": {"class": "residential"}}, {"type": "Feature", "geometry": {"type": "LineString", "coordinates": [[55.2632517, 25.2050255], [55.2625573, 25.2039317], [55.2622111, 25.2033863], [55.2621896, 25.2033524]]}, "properties": {"class": "residential"}}, {"type": "Feature", "geometry": {"type": "LineString", "coordinates": [[55.2619566, 25.2030029], [55.2611704, 25.2018274]]}, "properties": {"class": "residential"}}, {"type": "Feature", "geometry": {"type": "LineString", "coordinates": [[55.2611704, 25.2018274], [55.2610437, 25.2016222], [55.2610181, 25.2015808], [55.2609354, 25.2014523]]}, "properties": {"class": "residential"}}, {"type": "Feature", "geometry": {"type": "LineString", "coordinates": [[55.2649241, 25.207222], [55.2650803, 25.2074424], [55.265108, 25.2074814], [55.2651957, 25.2075947]]}, "properties": {"class": "residential"}}, {"type": "Feature", "geometry": {"type": "LineString", "coordinates": [[55.263649, 25.2052994], [55.2637051, 25.2053815]]}, "properties": {"class": "residential"}}, {"type": "Feature", "geometry": {"type": "LineString", "coordinates": [[55.2623041, 25.2032834], [55.2626731, 25.2038415], [55.2633756, 25.2049043], [55.2634012, 25.204943]]}, "properties": {"class": "residential"}}, {"type": "Feature", "geometry": {"type": "LineString", "coordinates": [[55.2620685, 25.2029355], [55.2621455, 25.2030555], [55.2622164, 25.2031505], [55.2623041, 25.2032834]]}, "properties": {"class": "residential"}}, {"type": "Feature", "geometry": {"type": "LineString", "coordinates": [[55.2612863, 25.2017249], [55.2620393, 25.2028903], [55.2620685, 25.2029355]]}, "properties": {"class": "residential"}}, {"type": "Feature", "geometry": {"type": "LineString", "coordinates": [[55.261045, 25.2013955], [55.2611395, 25.2015245], [55.2612863, 25.2017249]]}, "properties": {"class": "residential"}}, {"type": "Feature", "geometry": {"type": "LineString", "coordinates": [[55.2620285, 25.2008308], [55.2614442, 25.2011861]]}, "properties": {"class": "tertiary"}}, {"type": "Feature", "geometry": {"type": "LineString", "coordinates": [[55.2614442, 25.2011861], [55.2611897, 25.2013196], [55.261045, 25.2013955]]}, "properties": {"class": "tertiary"}}, {"type": "Feature", "geometry": {"type": "LineString", "coordinates": [[55.2733119, 25.2123655], [55.2732426, 25.2122705]]}, "properties": {"class": "secondary"}}, {"type": "Feature", "geometry": {"type": "LineString", "coordinates": [[55.2732426, 25.2122705], [55.2730576, 25.2119993]]}, "properties": {"class": "secondary"}}, {"type": "Feature", "geometry": {"type": "LineString", "coordinates": [[55.2730115, 25.2119287], [55.2728476, 25.2116748]]}, "properties": {"class": "secondary"}}, {"type": "Feature", "geometry": {"type": "LineString", "coordinates": [[55.2730576, 25.2119993], [55.2730115, 25.2119287]]}, "properties": {"class": "secondary"}}, {"type": "Feature", "geometry": {"type": "LineString", "coordinates": [[55.2717243, 25.2100512], [55.271419, 25.2095752]]}, "properties": {"class": "secondary"}}, {"type": "Feature", "geometry": {"type": "LineString", "coordinates": [[55.271419, 25.2095752], [55.2712324, 25.2093027]]}, "properties": {"class": "secondary"}}, {"type": "Feature", "geometry": {"type": "LineString", "coordinates": [[55.2704647, 25.2094267], [55.2702575, 25.2095325]]}, "properties": {"class": "residential"}}, {"type": "Feature", "geometry": {"type": "LineString", "coordinates": [[55.2766375, 25.2186148], [55.2765395, 25.2183851], [55.2764616, 25.2181491], [55.2764017, 25.2179147], [55.2763635, 25.2177038], [55.2763047, 25.2173255]]}, "properties": {"class": "secondary"}}, {"type": "Feature", "geometry": {"type": "LineString", "coordinates": [[55.2766961, 25.2187358], [55.2766375, 25.2186148]]}, "properties": {"class": "secondary"}}, {"type": "Feature", "geometry": {"type": "LineString", "coordinates": [[55.2763047, 25.2173255], [55.2763002, 25.2172925], [55.276235, 25.2169894], [55.2761808, 25.2167935], [55.276113, 25.2166011], [55.2760318, 25.216413], [55.2759381, 25.2162273]]}, "properties": {"class": "secondary"}}, {"type": "Feature", "geometry": {"type": "LineString", "coordinates": [[55.2725947, 25.2110518], [55.2727835, 25.2113331], [55.2729727, 25.211608], [55.2729975, 25.211644], [55.273361, 25.2121748], [55.2733894, 25.2122128], [55.273439, 25.2122956], [55.2735349, 25.2124269], [55.2736385, 25.212579], [55.2737215, 25.212705], [55.2737428, 25.2127373], [55.2743309, 25.2136054], [55.2743512, 25.2136354]]}, "properties": {"class": "secondary"}}, {"type": "Feature", "geometry": {"type": "LineString", "coordinates": [[55.2828538, 25.1913588], [55.2832061, 25.1911877]]}, "properties": {"class": "tertiary"}}, {"type": "Feature", "geometry": {"type": "LineString", "coordinates": [[55.2637763, 25.2325619], [55.2637393, 25.2325153], [55.2636187, 25.232362], [55.2632664, 25.2318893], [55.2630735, 25.2316282], [55.262589, 25.2309517], [55.2625109, 25.230843], [55.2624172, 25.2307119], [55.2623184, 25.2305739], [55.2621237, 25.2303306], [55.2617282, 25.229847], [55.261695, 25.2298063], [55.2615531, 25.2296238], [55.2612156, 25.2291896], [55.2610139, 25.2289172]]}, "properties": {"class": "primary"}}, {"type": "Feature", "geometry": {"type": "LineString", "coordinates": [[55.2693778, 25.1906881], [55.2692944, 25.1907635]]}, "properties": {"class": "tertiary"}}, {"type": "Feature", "geometry": {"type": "LineString", "coordinates": [[55.241359, 25.2027921], [55.2424676, 25.2042633], [55.2429107, 25.2048533], [55.2430083, 25.2049832], [55.2439477, 25.2062092], [55.2442604, 25.2066238], [55.2447949, 25.2073326], [55.2448264, 25.207376], [55.2448559, 25.2074165], [55.2448881, 25.2074609], [55.2450566, 25.2077008], [55.2451254, 25.2077812], [55.2455382, 25.2083241], [55.2459362, 25.2088949]]}, "properties": {"class": "primary"}}, {"type": "Feature", "geometry": {"type": "LineString", "coordinates": [[55.2718774, 25.2255746], [55.2721606, 25.2259615]]}, "properties": {"class": "residential"}}, {"type": "Feature", "geometry": {"type": "LineString", "coordinates": [[55.2836738, 25.1884524], [55.2836404, 25.1884341], [55.2836106, 25.1884111], [55.2835853, 25.1883841], [55.283561, 25.188346], [55.2835456, 25.1883041], [55.2835397, 25.1882604], [55.2834995, 25.1880516], [55.2834522, 25.1878539], [55.283395, 25.1876665], [55.2833305, 25.1874752], [55.2832628, 25.1872935], [55.2832538, 25.1872488], [55.2832514, 25.1872033], [55.283255, 25.1871615], [55.2832641, 25.1871204], [55.2832787, 25.1870805]]}, "properties": {"class": "residential"}}, {"type": "Feature", "geometry": {"type": "LineString", "coordinates": [[55.2712559, 25.1965513], [55.2713916, 25.1965505], [55.2715673, 25.1965494]]}, "properties": {"class": "residential"}}, {"type": "Feature", "geometry": {"type": "LineString", "coordinates": [[55.2646497, 25.2127087], [55.2646945, 25.2127035], [55.2647355, 25.2126865], [55.2648153, 25.2126365], [55.2648905, 25.2125894], [55.2652094, 25.2123834], [55.2656852, 25.2120782], [55.2658006, 25.2120043], [55.2662294, 25.2117304], [55.2665137, 25.2115489], [55.2668647, 25.2113247], [55.2668863, 25.2113046], [55.2669026, 25.2112809], [55.2669128, 25.2112544], [55.2669163, 25.2112265], [55.2669131, 25.2111986], [55.2669032, 25.2111721], [55.2667153, 25.210915], [55.266479, 25.2105985]]}, "properties": {"class": "residential"}}, {"type": "Feature", "geometry": {"type": "LineString", "coordinates": [[55.2618736, 25.210935], [55.2620209, 25.210844], [55.2627084, 25.2104189], [55.2627648, 25.2104001], [55.2628248, 25.2104021]]}, "properties": {"class": "residential"}}, {"type": "Feature", "geometry": {"type": "LineString", "coordinates": [[55.2602266, 25.2022934], [55.2602059, 25.202274], [55.260177, 25.2022554], [55.2601442, 25.2022431], [55.2601093, 25.2022376], [55.2600766, 25.202239], [55.2600448, 25.2022463], [55.2600154, 25.2022595], [55.2597392, 25.2024027]]}, "properties": {"class": "residential"}}, {"type": "Feature", "geometry": {"type": "LineString", "coordinates": [[55.2838123, 25.1977661], [55.2837928, 25.1977432], [55.2837643, 25.1977079], [55.2837457, 25.197686], [55.2836825, 25.1976004], [55.2835593, 25.1974564], [55.2831773, 25.1969359], [55.2830464, 25.1967555], [55.2829096, 25.1965873], [55.2827595, 25.1963838], [55.2826177, 25.1962053]]}, "properties": {"class": "primary"}}, {"type": "Feature", "geometry": {"type": "LineString", "coordinates": [[55.2827718, 25.1960883], [55.2829162, 25.1962899], [55.2832424, 25.1967135], [55.2833269, 25.1968222], [55.2834089, 25.1969325], [55.2834883, 25.1970444], [55.2835068, 25.197072], [55.2836831, 25.1973359], [55.2837233, 25.1973946], [55.2838337, 25.1975724], [55.2838644, 25.1976217], [55.2839225, 25.1977046], [55.283963, 25.1977561], [55.2840384, 25.1978769]]}, "properties": {"class": "primary"}}, {"type": "Feature", "geometry": {"type": "LineString", "coordinates": [[55.2674655, 25.1946464], [55.2680247, 25.1952985], [55.2682216, 25.1955553], [55.2684139, 25.1958148], [55.2686017, 25.196077], [55.2687849, 25.1963419], [55.2689635, 25.1966094], [55.2690462, 25.196761], [55.2691209, 25.1969159], [55.2691872, 25.1970739], [55.269245, 25.1972346]]}, "properties": {"class": "tertiary"}}, {"type": "Feature", "geometry": {"type": "LineString", "coordinates": [[55.2747078, 25.2184347], [55.2746746, 25.2184098], [55.2746403, 25.2183863], [55.2746049, 25.2183641], [55.2745685, 25.2183433]]}, "properties": {"class": "residential"}}, {"type": "Feature", "geometry": {"type": "LineString", "coordinates": [[55.274654, 25.2182921], [55.2746625, 25.2183292], [55.2746743, 25.2183654], [55.2746895, 25.2184007], [55.2747078, 25.2184347]]}, "properties": {"class": "residential"}}, {"type": "Feature", "geometry": {"type": "LineString", "coordinates": [[55.271169, 25.1965816], [55.2711589, 25.1965184], [55.2711601, 25.196503], [55.2711677, 25.196489], [55.2711805, 25.1964787], [55.2711967, 25.1964735], [55.2712138, 25.1964742], [55.2712294, 25.1964807], [55.2712412, 25.196492], [55.2712559, 25.1965513], [55.2712572, 25.1965672], [55.2712532, 25.1965828], [55.271243, 25.1965958], [55.2712281, 25.1966044], [55.2712107, 25.1966073], [55.2711934, 25.1966039], [55.2711788, 25.1965949], [55.271169, 25.1965816]]}, "properties": {"class": "residential"}}, {"type": "Feature", "geometry": {"type": "LineString", "coordinates": [[55.2552236, 25.1871581], [55.2552116, 25.1871894], [55.2552042, 25.1872012], [55.2551942, 25.1872158], [55.2551828, 25.1872285]]}, "properties": {"class": "residential"}}, {"type": "Feature", "geometry": {"type": "LineString", "coordinates": [[55.2889558, 25.205014], [55.2890329, 25.2050152], [55.2890986, 25.205003], [55.2892247, 25.2049897], [55.2892716, 25.2050249]]}, "properties": {"class": "residential"}}, {"type": "Feature", "geometry": {"type": "LineString", "coordinates": [[55.288357, 25.2046363], [55.288873, 25.2045858]]}, "properties": {"class": "residential"}}, {"type": "Feature", "geometry": {"type": "LineString", "coordinates": [[55.2885894, 25.2059357], [55.2888706, 25.2058876], [55.2888921, 25.2058415], [55.288943, 25.2057736], [55.2889967, 25.205725], [55.289055, 25.2056765], [55.2889558, 25.205014], [55.2888867, 25.2046675], [55.288873, 25.2045858], [55.2888485, 25.20444], [55.2888733, 25.2044127], [55.2889189, 25.2043957], [55.2891623, 25.2043581]]}, "properties": {"class": "residential"}}, {"type": "Feature", "geometry": {"type": "LineString", "coordinates": [[55.2883937, 25.2022095], [55.2884629, 25.2025204], [55.2884978, 25.2025556], [55.2885488, 25.2026186], [55.2886507, 25.2030082]]}, "properties": {"class": "residential"}}, {"type": "Feature", "geometry": {"type": "LineString", "coordinates": [[55.288955, 25.2021328], [55.2890369, 25.2025895]]}, "properties": {"class": "residential"}}, {"type": "Feature", "geometry": {"type": "LineString", "coordinates": [[55.2883515, 25.201669], [55.2883825, 25.2018566], [55.288412, 25.2019088], [55.2884495, 25.2019221], [55.2886856, 25.2018869], [55.288762, 25.2018882], [55.2888076, 25.201927], [55.2888344, 25.2019937], [55.288863, 25.2021453]]}, "properties": {"class": "residential"}}, {"type": "Feature", "geometry": {"type": "LineString", "coordinates": [[55.2536369, 25.2069219], [55.2536163, 25.206893], [55.2536058, 25.2068785]]}, "properties": {"class": "primary"}}, {"type": "Feature", "geometry": {"type": "LineString", "coordinates": [[55.2503845, 25.1871747], [55.2503363, 25.1871191]]}, "properties": {"class": "residential"}}, {"type": "Feature", "geometry": {"type": "LineString", "coordinates": [[55.2506228, 25.1870336], [55.2505807, 25.1869794]]}, "properties": {"class": "residential"}}, {"type": "Feature", "geometry": {"type": "LineString", "coordinates": [[55.2510608, 25.1867049], [55.2511101, 25.1867569]]}, "properties": {"class": "residential"}}, {"type": "Feature", "geometry": {"type": "LineString", "coordinates": [[55.2513915, 25.1880251], [55.2513673, 25.1879914]]}, "properties": {"class": "residential"}}, {"type": "Feature", "geometry": {"type": "LineString", "coordinates": [[55.2480112, 25.1816052], [55.247954, 25.1816448], [55.2478971, 25.181685], [55.2478416, 25.1817217], [55.247785, 25.181757], [55.2468805, 25.1823193], [55.2462462, 25.1826771], [55.2460331, 25.1827955], [55.2457389, 25.1829512], [55.2456701, 25.1829857], [55.2455985, 25.1830152], [55.2455246, 25.1830394], [55.2454524, 25.183061]]}, "properties": {"class": "secondary"}}, {"type": "Feature", "geometry": {"type": "LineString", "coordinates": [[55.2559918, 25.2235186], [55.2559667, 25.2234826], [55.2550516, 25.2222558]]}, "properties": {"class": "residential"}}, {"type": "Feature", "geometry": {"type": "LineString", "coordinates": [[55.2554713, 25.2218731], [55.2551667, 25.2220442], [55.2550856, 25.2220877]]}, "properties": {"class": "residential"}}, {"type": "Feature", "geometry": {"type": "LineString", "coordinates": [[55.2549765, 25.2222033], [55.2549645, 25.2222004], [55.2549537, 25.2221948], [55.2549446, 25.2221867], [55.254938, 25.2221767], [55.2549345, 25.2221655], [55.2549346, 25.2221524], [55.254939, 25.2221398], [55.2549474, 25.2221287], [55.2549591, 25.2221205], [55.254973, 25.2221157], [55.2549869, 25.2221149], [55.2550004, 25.2221176], [55.2550173, 25.2221272], [55.2550285, 25.2221421], [55.2550323, 25.2221598], [55.2550301, 25.2221724], [55.2550241, 25.2221839], [55.2550146, 25.2221934], [55.2550026, 25.2222001], [55.2549889, 25.2222034], [55.2549765, 25.2222033]]}, "properties": {"class": "residential"}}, {"type": "Feature", "geometry": {"type": "LineString", "coordinates": [[55.2549537, 25.2221948], [55.2548843, 25.2222191]]}, "properties": {"class": "residential"}}, {"type": "Feature", "geometry": {"type": "LineString", "coordinates": [[55.2550241, 25.2221839], [55.2550516, 25.2222558]]}, "properties": {"class": "residential"}}, {"type": "Feature", "geometry": {"type": "LineString", "coordinates": [[55.254939, 25.2221398], [55.2549051, 25.2220653]]}, "properties": {"class": "residential"}}, {"type": "Feature", "geometry": {"type": "LineString", "coordinates": [[55.2550004, 25.2221176], [55.2550856, 25.2220877]]}, "properties": {"class": "residential"}}, {"type": "Feature", "geometry": {"type": "LineString", "coordinates": [[55.2550516, 25.2222558], [55.2549889, 25.2222034]]}, "properties": {"class": "residential"}}, {"type": "Feature", "geometry": {"type": "LineString", "coordinates": [[55.2548843, 25.2222191], [55.2549345, 25.2221655]]}, "properties": {"class": "residential"}}, {"type": "Feature", "geometry": {"type": "LineString", "coordinates": [[55.2550856, 25.2220877], [55.2550323, 25.2221598]]}, "properties": {"class": "residential"}}, {"type": "Feature", "geometry": {"type": "LineString", "coordinates": [[55.2549051, 25.2220653], [55.254973, 25.2221157]]}, "properties": {"class": "residential"}}, {"type": "Feature", "geometry": {"type": "LineString", "coordinates": [[55.280315, 25.1926719], [55.2804131, 25.192786], [55.2804953, 25.1928462]]}, "properties": {"class": "residential"}}, {"type": "Feature", "geometry": {"type": "LineString", "coordinates": [[55.2804481, 25.1929053], [55.2803896, 25.1928126], [55.2802864, 25.1926894]]}, "properties": {"class": "residential"}}, {"type": "Feature", "geometry": {"type": "LineString", "coordinates": [[55.2841789, 25.1908531], [55.2840853, 25.1909033]]}, "properties": {"class": "tertiary"}}, {"type": "Feature", "geometry": {"type": "LineString", "coordinates": [[55.2840383, 25.190776], [55.2841128, 25.1907402]]}, "properties": {"class": "tertiary"}}, {"type": "Feature", "geometry": {"type": "LineString", "coordinates": [[55.2834164, 25.1912503], [55.2833045, 25.1913082], [55.2829503, 25.1914916]]}, "properties": {"class": "tertiary"}}, {"type": "Feature", "geometry": {"type": "LineString", "coordinates": [[55.2816666, 25.1921231], [55.2815781, 25.1921684]]}, "properties": {"class": "tertiary"}}, {"type": "Feature", "geometry": {"type": "LineString", "coordinates": [[55.2815781, 25.1921684], [55.2815101, 25.1922044], [55.281426, 25.1922542], [55.2813626, 25.1922973]]}, "properties": {"class": "tertiary"}}, {"type": "Feature", "geometry": {"type": "LineString", "coordinates": [[55.2814758, 25.1920652], [55.2815665, 25.1920154]]}, "properties": {"class": "tertiary"}}, {"type": "Feature", "geometry": {"type": "LineString", "coordinates": [[55.2829503, 25.1914916], [55.2828302, 25.1915538]]}, "properties": {"class": "tertiary"}}, {"type": "Feature", "geometry": {"type": "LineString", "coordinates": [[55.2827375, 25.1914153], [55.2828538, 25.1913588]]}, "properties": {"class": "tertiary"}}, {"type": "Feature", "geometry": {"type": "LineString", "coordinates": [[55.2829503, 25.1914916], [55.2828538, 25.1913588]]}, "properties": {"class": "tertiary"}}, {"type": "Feature", "geometry": {"type": "LineString", "coordinates": [[55.2833045, 25.1913082], [55.2833745, 25.1913933]]}, "properties": {"class": "tertiary"}}, {"type": "Feature", "geometry": {"type": "LineString", "coordinates": [[55.2831512, 25.1911206], [55.2832061, 25.1911877], [55.2833045, 25.1913082]]}, "properties": {"class": "tertiary"}}, {"type": "Feature", "geometry": {"type": "LineString", "coordinates": [[55.2844394, 25.1912142], [55.2843682, 25.1911276], [55.2843009, 25.1910385], [55.2842518, 25.1909673], [55.2842378, 25.190947], [55.2841789, 25.1908531], [55.2841128, 25.1907402], [55.2840715, 25.1906625]]}, "properties": {"class": "secondary"}}, {"type": "Feature", "geometry": {"type": "LineString", "coordinates": [[55.2757951, 25.1863741], [55.275713, 25.1862823], [55.275547, 25.1861113]]}, "properties": {"class": "tertiary"}}, {"type": "Feature", "geometry": {"type": "LineString", "coordinates": [[55.2755978, 25.1860108], [55.2757568, 25.1861936], [55.2757865, 25.1862278], [55.2758752, 25.1863222]]}, "properties": {"class": "tertiary"}}, {"type": "Feature", "geometry": {"type": "LineString", "coordinates": [[55.2759204, 25.186514], [55.2758023, 25.1865905], [55.2755101, 25.1867798]]}, "properties": {"class": "tertiary"}}, {"type": "Feature", "geometry": {"type": "LineString", "coordinates": [[55.2760075, 25.1864631], [55.2759204, 25.186514]]}, "properties": {"class": "tertiary"}}, {"type": "Feature", "geometry": {"type": "LineString", "coordinates": [[55.2752911, 25.1866658], [55.2756378, 25.1864687], [55.2756806, 25.1864444], [55.2757951, 25.1863741]]}, "properties": {"class": "tertiary"}}, {"type": "Feature", "geometry": {"type": "LineString", "coordinates": [[55.2758752, 25.1863222], [55.2759884, 25.1862471], [55.2763419, 25.1860128]]}, "properties": {"class": "tertiary"}}, {"type": "Feature", "geometry": {"type": "LineString", "coordinates": [[55.2773432, 25.187989], [55.2774264, 25.1879584], [55.2775029, 25.1879165], [55.2775522, 25.1878784]]}, "properties": {"class": "residential"}}, {"type": "Feature", "geometry": {"type": "LineString", "coordinates": [[55.2775826, 25.1879015], [55.2775624, 25.1879537], [55.2775397, 25.1880325], [55.2775239, 25.1881128]]}, "properties": {"class": "residential"}}, {"type": "Feature", "geometry": {"type": "LineString", "coordinates": [[55.2771002, 25.1881114], [55.2770936, 25.1880574], [55.277079, 25.1880044], [55.2770575, 25.1879533], [55.2770292, 25.187905]]}, "properties": {"class": "tertiary"}}, {"type": "Feature", "geometry": {"type": "LineString", "coordinates": [[55.2771014, 25.1878598], [55.2771348, 25.1879003], [55.2771739, 25.1879362], [55.277218, 25.1879671], [55.2772661, 25.1879912]]}, "properties": {"class": "tertiary"}}, {"type": "Feature", "geometry": {"type": "LineString", "coordinates": [[55.2752342, 25.1857539], [55.2750048, 25.1855048], [55.2749757, 25.1854731], [55.2749094, 25.1853991]]}, "properties": {"class": "tertiary"}}, {"type": "Feature", "geometry": {"type": "LineString", "coordinates": [[55.2760075, 25.1864631], [55.2761026, 25.1865643], [55.2762052, 25.1866808]]}, "properties": {"class": "tertiary"}}, {"type": "Feature", "geometry": {"type": "LineString", "coordinates": [[55.2813342, 25.1921506], [55.2812783, 25.1920808], [55.2811221, 25.1918856], [55.281014, 25.1917694], [55.2809025, 25.191656], [55.2807877, 25.1915452], [55.2806697, 25.1914373], [55.28041, 25.1912095], [55.2800934, 25.190969], [55.2794891, 25.1905432], [55.2793164, 25.1904222], [55.279148, 25.1902963], [55.2789841, 25.1901658], [55.2788248, 25.1900305], [55.2786702, 25.1898908], [55.2785207, 25.1897468], [55.2783762, 25.1895986], [55.2782491, 25.1894584], [55.278136, 25.1893319], [55.2780382, 25.1892153], [55.277958, 25.189111], [55.2775156, 25.1885331], [55.2774804, 25.1884935], [55.2774395, 25.1884585], [55.2773937, 25.1884291], [55.2773436, 25.188404]]}, "properties": {"class": "tertiary"}}, {"type": "Feature", "geometry": {"type": "LineString", "coordinates": [[55.2820825, 25.1951563], [55.2824828, 25.1956815]]}, "properties": {"class": "primary"}}, {"type": "Feature", "geometry": {"type": "LineString", "coordinates": [[55.2822233, 25.1957093], [55.2818302, 25.1952042]]}, "properties": {"class": "primary"}}, {"type": "Feature", "geometry": {"type": "LineString", "coordinates": [[55.2782899, 25.1863902], [55.2782891, 25.1864201], [55.2782839, 25.1864496], [55.2782742, 25.1864782], [55.2782529, 25.1865242]]}, "properties": {"class": "residential"}}, {"type": "Feature", "geometry": {"type": "LineString", "coordinates": [[55.2781649, 25.1865046], [55.2781906, 25.1864408], [55.2782018, 25.186415], [55.2782196, 25.1863921], [55.2782431, 25.186373]]}, "properties": {"class": "residential"}}, {"type": "Feature", "geometry": {"type": "LineString", "coordinates": [[55.2778967, 25.1872093], [55.2779097, 25.1871602]]}, "properties": {"class": "residential"}}, {"type": "Feature", "geometry": {"type": "LineString", "coordinates": [[55.277972, 25.1871784], [55.2779425, 25.1872285]]}, "properties": {"class": "residential"}}, {"type": "Feature", "geometry": {"type": "LineString", "coordinates": [[55.2749094, 25.1853991], [55.2748151, 25.1854626], [55.2744554, 25.1857136]]}, "properties": {"class": "secondary"}}, {"type": "Feature", "geometry": {"type": "LineString", "coordinates": [[55.275304, 25.1899933], [55.2754194, 25.1897179], [55.2754569, 25.1895395], [55.275655, 25.1891604]]}, "properties": {"class": "residential"}}, {"type": "Feature", "geometry": {"type": "LineString", "coordinates": [[55.2752673, 25.1888369], [55.2752504, 25.188673], [55.2752745, 25.1885613], [55.275422, 25.1883526], [55.2754945, 25.188338], [55.2758834, 25.1885152]]}, "properties": {"class": "residential"}}, {"type": "Feature", "geometry": {"type": "LineString", "coordinates": [[55.2752156, 25.1889486], [55.2750478, 25.1889496], [55.2750358, 25.1889497], [55.2747542, 25.1888307], [55.274671, 25.1888283], [55.2745369, 25.1889497], [55.2743787, 25.1892604]]}, "properties": {"class": "residential"}}, {"type": "Feature", "geometry": {"type": "LineString", "coordinates": [[55.2612935, 25.2038729], [55.2612492, 25.2038309], [55.2612063, 25.2037872], [55.2611292, 25.2037164]]}, "properties": {"class": "residential"}}, {"type": "Feature", "geometry": {"type": "LineString", "coordinates": [[55.2612353, 25.2036953], [55.2612568, 25.2037538], [55.2612762, 25.2038131], [55.2612935, 25.2038729]]}, "properties": {"class": "residential"}}, {"type": "Feature", "geometry": {"type": "LineString", "coordinates": [[55.2611324, 25.2035609], [55.2611528, 25.2035561], [55.2611739, 25.2035555], [55.2612023, 25.2035618], [55.2612271, 25.2035759], [55.2612459, 25.2035962], [55.2612567, 25.2036209], [55.2612585, 25.2036473], [55.2612512, 25.203673], [55.2612353, 25.2036953], [55.2612129, 25.2037118], [55.261186, 25.2037213], [55.2611572, 25.2037229], [55.2611292, 25.2037164], [55.2611053, 25.2037028], [55.261087, 25.2036833], [55.261076, 25.2036598], [55.2610734, 25.2036344], [55.2610792, 25.2036094], [55.2610931, 25.2035872], [55.2611138, 25.2035698], [55.2611324, 25.2035609]]}, "properties": {"class": "residential"}}, {"type": "Feature", "geometry": {"type": "LineString", "coordinates": [[55.2610751, 25.2035063], [55.2608461, 25.2031684], [55.2605191, 25.2027066], [55.2603307, 25.2024404], [55.2602266, 25.2022934]]}, "properties": {"class": "residential"}}, {"type": "Feature", "geometry": {"type": "LineString", "coordinates": [[55.2610931, 25.2035872], [55.2610751, 25.2035063]]}, "properties": {"class": "residential"}}, {"type": "Feature", "geometry": {"type": "LineString", "coordinates": [[55.2610751, 25.2035063], [55.2611324, 25.2035609]]}, "properties": {"class": "residential"}}, {"type": "Feature", "geometry": {"type": "LineString", "coordinates": [[55.2745057, 25.2202927], [55.2744596, 25.2201629], [55.2745692, 25.2202465]]}, "properties": {"class": "residential"}}, {"type": "Feature", "geometry": {"type": "LineString", "coordinates": [[55.2506922, 25.1846596], [55.2506324, 25.1845718]]}, "properties": {"class": "residential"}}, {"type": "Feature", "geometry": {"type": "LineString", "coordinates": [[55.2463359, 25.1865821], [55.2461255, 25.1867195], [55.2461, 25.186729], [55.2460716, 25.1867367], [55.2460451, 25.18673], [55.2460284, 25.186714], [55.2460175, 25.1866939]]}, "properties": {"class": "residential"}}, {"type": "Feature", "geometry": {"type": "LineString", "coordinates": [[55.2484165, 25.1849254], [55.2485335, 25.1849109], [55.2486144, 25.1849056], [55.2486883, 25.1849104], [55.2487099, 25.1849387], [55.2487161, 25.1849833]]}, "properties": {"class": "residential"}}, {"type": "Feature", "geometry": {"type": "LineString", "coordinates": [[55.2510575, 25.1850347], [55.2509635, 25.184944], [55.2508823, 25.1848871], [55.2508256, 25.1848369], [55.2507747, 25.1847819], [55.2507301, 25.1847226], [55.2506922, 25.1846596]]}, "properties": {"class": "residential"}}, {"type": "Feature", "geometry": {"type": "LineString", "coordinates": [[55.2508823, 25.1848871], [55.2507357, 25.1848312], [55.2506055, 25.1847907], [55.250489, 25.1847642], [55.2503384, 25.1847468]]}, "properties": {"class": "residential"}}, {"type": "Feature", "geometry": {"type": "LineString", "coordinates": [[55.2509375, 25.1845347], [55.2509319, 25.184591], [55.2509327, 25.1846476], [55.2509397, 25.1847039], [55.2509531, 25.1847591], [55.2509726, 25.1848129], [55.250998, 25.1848647]]}, "properties": {"class": "residential"}}, {"type": "Feature", "geometry": {"type": "LineString", "coordinates": [[55.2507763, 25.1846205], [55.2508086, 25.1846774], [55.2508473, 25.1847309], [55.2508922, 25.1847803], [55.2509426, 25.184825], [55.250998, 25.1848647], [55.251125, 25.184971], [55.2511024, 25.1850176], [55.2510575, 25.1850347]]}, "properties": {"class": "residential"}}, {"type": "Feature", "geometry": {"type": "LineString", "coordinates": [[55.2460225, 25.1868819], [55.2459209, 25.1869598], [55.2457555, 25.1871038], [55.2455838, 25.1872399], [55.2453691, 25.1873954], [55.245314, 25.1874307], [55.2452204, 25.1874897], [55.245069, 25.1875759], [55.2449192, 25.1876699], [55.2447634, 25.1877467], [55.24459, 25.1878199], [55.2443741, 25.1878975], [55.24419, 25.187966], [55.2440442, 25.1880298], [55.2439045, 25.1880846], [55.2437838, 25.1881454], [55.2436568, 25.188217], [55.2435273, 25.1882839], [55.2433797, 25.1883702], [55.2432228, 25.1884837], [55.2430994, 25.1885789], [55.242968, 25.1886906], [55.2428764, 25.1887654], [55.2427915, 25.1888348]]}, "properties": {"class": "residential"}}, {"type": "Feature", "geometry": {"type": "LineString", "coordinates": [[55.2918108, 25.1875369], [55.2918142, 25.1876375], [55.2918258, 25.1877378], [55.2918406, 25.1878275], [55.2918618, 25.1879161], [55.2918823, 25.1880285], [55.2918936, 25.188142], [55.2918957, 25.1882559], [55.2918884, 25.1883696], [55.2918719, 25.1884825], [55.2918463, 25.188594], [55.2918116, 25.1887036]]}, "properties": {"class": "tertiary"}}, {"type": "Feature", "geometry": {"type": "LineString", "coordinates": [[55.2621266, 25.2196142], [55.2619223, 25.2193213], [55.2617421, 25.2190319], [55.261686, 25.2189429], [55.2615242, 25.218686], [55.2608118, 25.2176228]]}, "properties": {"class": "primary"}}, {"type": "Feature", "geometry": {"type": "LineString", "coordinates": [[55.2622401, 25.219784], [55.2621266, 25.2196142]]}, "properties": {"class": "primary"}}, {"type": "Feature", "geometry": {"type": "LineString", "coordinates": [[55.2623151, 25.2198997], [55.2622401, 25.219784]]}, "properties": {"class": "primary"}}, {"type": "Feature", "geometry": {"type": "LineString", "coordinates": [[55.2906582, 25.1897315], [55.2905923, 25.1897524], [55.2905249, 25.1897692]]}, "properties": {"class": "tertiary"}}, {"type": "Feature", "geometry": {"type": "LineString", "coordinates": [[55.2569578, 25.199345], [55.2563168, 25.1997623]]}, "properties": {"class": "residential"}}, {"type": "Feature", "geometry": {"type": "LineString", "coordinates": [[55.2550292, 25.2001195], [55.2554172, 25.2007222]]}, "properties": {"class": "residential"}}, {"type": "Feature", "geometry": {"type": "LineString", "coordinates": [[55.2844346, 25.2144361], [55.2844443, 25.2144522], [55.2844502, 25.214475], [55.2844484, 25.2144985], [55.284439, 25.2145204], [55.2844228, 25.2145387], [55.2844027, 25.214555]]}, "properties": {"class": "tertiary"}}, {"type": "Feature", "geometry": {"type": "LineString", "coordinates": [[55.2772688, 25.1812456], [55.2774333, 25.1812289], [55.2775983, 25.1812167], [55.2777636, 25.1812089], [55.2779291, 25.1812056]]}, "properties": {"class": "tertiary"}}, {"type": "Feature", "geometry": {"type": "LineString", "coordinates": [[55.2800352, 25.1869354], [55.2800985, 25.1869695], [55.2801682, 25.1869912], [55.2802412, 25.1869995], [55.2803147, 25.1869941], [55.2803853, 25.1869753], [55.2804502, 25.1869438], [55.280733, 25.1867547]]}, "properties": {"class": "tertiary"}}, {"type": "Feature", "geometry": {"type": "LineString", "coordinates": [[55.2781065, 25.1842651], [55.2782502, 25.1843414], [55.2783605, 25.1844544]]}, "properties": {"class": "secondary"}}, {"type": "Feature", "geometry": {"type": "LineString", "coordinates": [[55.277408, 25.1845715], [55.2774667, 25.1844555], [55.2775571, 25.1843577], [55.2776728, 25.184285]]}, "properties": {"class": "secondary"}}, {"type": "Feature", "geometry": {"type": "LineString", "coordinates": [[55.2774503, 25.1849414], [55.277409, 25.1848537], [55.2773878, 25.1847603], [55.2773875, 25.184665], [55.277408, 25.1845715]]}, "properties": {"class": "secondary"}}, {"type": "Feature", "geometry": {"type": "LineString", "coordinates": [[55.2784412, 25.1847541], [55.2784125, 25.1848712], [55.2783529, 25.1849782], [55.2782659, 25.1850684], [55.2781568, 25.1851363], [55.2780325, 25.1851775], [55.2779008, 25.1851896], [55.277793, 25.185177], [55.2776903, 25.1851448], [55.277595, 25.1850929], [55.2775138, 25.185024], [55.2774503, 25.1849414]]}, "properties": {"class": "secondary"}}, {"type": "Feature", "geometry": {"type": "LineString", "coordinates": [[55.2783605, 25.1844544], [55.2784281, 25.1845983], [55.2784412, 25.1847541]]}, "properties": {"class": "secondary"}}, {"type": "Feature", "geometry": {"type": "LineString", "coordinates": [[55.2535302, 25.2067687], [55.2534581, 25.2066672], [55.253386, 25.2065652]]}, "properties": {"class": "primary"}}, {"type": "Feature", "geometry": {"type": "LineString", "coordinates": [[55.2669987, 25.1947733], [55.2669352, 25.1947005]]}, "properties": {"class": "tertiary"}}, {"type": "Feature", "geometry": {"type": "LineString", "coordinates": [[55.2917051, 25.1886098], [55.2917334, 25.1884817]]}, "properties": {"class": "tertiary"}}, {"type": "Feature", "geometry": {"type": "LineString", "coordinates": [[55.2895301, 25.1897013], [55.2897352, 25.1897031], [55.2898786, 25.1897041]]}, "properties": {"class": "tertiary"}}, {"type": "Feature", "geometry": {"type": "LineString", "coordinates": [[55.253386, 25.2065652], [55.253371, 25.2065421], [55.2533557, 25.2065193]]}, "properties": {"class": "primary"}}, {"type": "Feature", "geometry": {"type": "LineString", "coordinates": [[55.2500693, 25.2143467], [55.2501159, 25.2144083]]}, "properties": {"class": "primary"}}, {"type": "Feature", "geometry": {"type": "LineString", "coordinates": [[55.2501159, 25.2144083], [55.2499604, 25.2144974]]}, "properties": {"class": "tertiary"}}, {"type": "Feature", "geometry": {"type": "LineString", "coordinates": [[55.2503109, 25.2142949], [55.2502338, 25.2143404], [55.2502087, 25.2143552], [55.2501159, 25.2144083]]}, "properties": {"class": "tertiary"}}, {"type": "Feature", "geometry": {"type": "LineString", "coordinates": [[55.2813342, 25.1921506], [55.2814758, 25.1920652]]}, "properties": {"class": "tertiary"}}, {"type": "Feature", "geometry": {"type": "LineString", "coordinates": [[55.2814981, 25.192328], [55.281426, 25.1922542], [55.2813342, 25.1921506]]}, "properties": {"class": "tertiary"}}, {"type": "Feature", "geometry": {"type": "LineString", "coordinates": [[55.261943, 25.1885586], [55.2622099, 25.1883444]]}, "properties": {"class": "secondary"}}, {"type": "Feature", "geometry": {"type": "LineString", "coordinates": [[55.261784, 25.1885223], [55.2618684, 25.1886178]]}, "properties": {"class": "tertiary"}}, {"type": "Feature", "geometry": {"type": "LineString", "coordinates": [[55.261775, 25.1891493], [55.2616878, 25.1890543]]}, "properties": {"class": "tertiary"}}, {"type": "Feature", "geometry": {"type": "LineString", "coordinates": [[55.2615282, 25.1888787], [55.2614644, 25.1888088]]}, "properties": {"class": "tertiary"}}, {"type": "Feature", "geometry": {"type": "LineString", "coordinates": [[55.2616005, 25.1891186], [55.2614346, 25.1892526]]}, "properties": {"class": "secondary"}}, {"type": "Feature", "geometry": {"type": "LineString", "coordinates": [[55.2614396, 25.1889469], [55.2615282, 25.1888787]]}, "properties": {"class": "secondary"}}, {"type": "Feature", "geometry": {"type": "LineString", "coordinates": [[55.2585065, 25.186422], [55.2584158, 25.1865117], [55.2583844, 25.1865463], [55.2583652, 25.1865741], [55.2583538, 25.1865987], [55.2583469, 25.1866245], [55.2583446, 25.1866511], [55.258347, 25.1866776], [55.2583539, 25.1867035], [55.2583653, 25.186728], [55.2583829, 25.1867613], [55.2584116, 25.1868027], [55.2584596, 25.1868671]]}, "properties": {"class": "residential"}}, {"type": "Feature", "geometry": {"type": "LineString", "coordinates": [[55.2584596, 25.1868671], [55.2584074, 25.1868253], [55.258363, 25.1867825], [55.2583386, 25.1867546], [55.2583172, 25.1867247], [55.2583041, 25.1866991], [55.2582967, 25.1866716], [55.2582946, 25.1866434], [55.2582977, 25.1866152], [55.2583059, 25.1865879], [55.2583191, 25.1865623], [55.2583409, 25.1865348], [55.2583654, 25.1865138], [55.2583917, 25.1864947], [55.2585065, 25.186422]]}, "properties": {"class": "residential"}}, {"type": "Feature", "geometry": {"type": "LineString", "coordinates": [[55.2588091, 25.1861929], [55.2587718, 25.1862214], [55.2586104, 25.1863446], [55.2585548, 25.1863871], [55.2585065, 25.186422]]}, "properties": {"class": "residential"}}, {"type": "Feature", "geometry": {"type": "LineString", "coordinates": [[55.2537072, 25.2068074], [55.2537056, 25.2068264], [55.2537011, 25.206845], [55.2536937, 25.2068628], [55.2536833, 25.2068803], [55.2536701, 25.2068961], [55.2536545, 25.2069101], [55.2536369, 25.2069219], [55.2535451, 25.2069691]]}, "properties": {"class": "secondary"}}, {"type": "Feature", "geometry": {"type": "LineString", "coordinates": [[55.2535152, 25.2069185], [55.2536058, 25.2068785]]}, "properties": {"class": "secondary"}}, {"type": "Feature", "geometry": {"type": "LineString", "coordinates": [[55.2815743, 25.2294752], [55.2816357, 25.2295577]]}, "properties": {"class": "residential"}}, {"type": "Feature", "geometry": {"type": "LineString", "coordinates": [[55.2816357, 25.2295577], [55.2816985, 25.2296432], [55.2818423, 25.2298311], [55.2822558, 25.2303721], [55.2823455, 25.2304894], [55.2824703, 25.2306817], [55.2825057, 25.2307387], [55.2825457, 25.230814], [55.2825795, 25.2308916], [55.2826162, 25.2309624], [55.2826576, 25.231031], [55.2827036, 25.2310972]]}, "properties": {"class": "residential"}}, {"type": "Feature", "geometry": {"type": "LineString", "coordinates": [[55.2815719, 25.2295993], [55.2815037, 25.229516]]}, "properties": {"class": "residential"}}, {"type": "Feature", "geometry": {"type": "LineString", "coordinates": [[55.2815743, 25.2294752], [55.2816496, 25.2294308], [55.2818047, 25.2293393], [55.2823816, 25.2289757], [55.2834745, 25.2283156], [55.2835171, 25.2282859], [55.2835443, 25.2282606], [55.2835512, 25.2282518], [55.2835669, 25.2282318], [55.2835869, 25.2281944], [55.2835991, 25.2281542], [55.2836031, 25.2281128], [55.2836059, 25.2280194]]}, "properties": {"class": "residential"}}, {"type": "Feature", "geometry": {"type": "LineString", "coordinates": [[55.2815037, 25.229516], [55.2815743, 25.2294752]]}, "properties": {"class": "residential"}}, {"type": "Feature", "geometry": {"type": "LineString", "coordinates": [[55.2816357, 25.2295577], [55.2815719, 25.2295993]]}, "properties": {"class": "residential"}}, {"type": "Feature", "geometry": {"type": "LineString", "coordinates": [[55.28373, 25.2281841], [55.2837305, 25.2282181], [55.2837265, 25.2282408], [55.2837168, 25.228279], [55.2837043, 25.2283105], [55.2836732, 25.2283524], [55.2836043, 25.2284082], [55.2835467, 25.2284409], [55.282454, 25.2290778], [55.2820074, 25.2293481]]}, "properties": {"class": "residential"}}, {"type": "Feature", "geometry": {"type": "LineString", "coordinates": [[55.2838922, 25.2279256], [55.2838833, 25.2279467], [55.283876, 25.2279716], [55.2838718, 25.227997], [55.2838709, 25.2280227], [55.2838754, 25.2280945]]}, "properties": {"class": "residential"}}, {"type": "Feature", "geometry": {"type": "LineString", "coordinates": [[55.2732857, 25.2190747], [55.2739274, 25.2186677], [55.2743615, 25.2183924]]}, "properties": {"class": "residential"}}, {"type": "Feature", "geometry": {"type": "LineString", "coordinates": [[55.2684024, 25.1918798], [55.2683924, 25.192084], [55.2683931, 25.1921376], [55.2684003, 25.1921907], [55.268414, 25.1922428], [55.2684341, 25.1922932], [55.2684874, 25.192364]]}, "properties": {"class": "residential"}}, {"type": "Feature", "geometry": {"type": "LineString", "coordinates": [[55.2692944, 25.1907635], [55.2691415, 25.1909104], [55.2689987, 25.1910589], [55.2688633, 25.191213], [55.2687356, 25.1913724], [55.2686159, 25.1915368], [55.2685043, 25.1917058], [55.2684024, 25.1918798]]}, "properties": {"class": "tertiary"}}, {"type": "Feature", "geometry": {"type": "LineString", "coordinates": [[55.2726877, 25.188552], [55.2725683, 25.1886242]]}, "properties": {"class": "tertiary"}}, {"type": "Feature", "geometry": {"type": "LineString", "coordinates": [[55.2567016, 25.2253296], [55.2568376, 25.2252485]]}, "properties": {"class": "residential"}}, {"type": "Feature", "geometry": {"type": "LineString", "coordinates": [[55.2725683, 25.1886242], [55.2726482, 25.1887249]]}, "properties": {"class": "secondary"}}, {"type": "Feature", "geometry": {"type": "LineString", "coordinates": [[55.2724564, 25.1884843], [55.2725718, 25.18841]]}, "properties": {"class": "tertiary"}}, {"type": "Feature", "geometry": {"type": "LineString", "coordinates": [[55.2723768, 25.1883844], [55.2724564, 25.1884843]]}, "properties": {"class": "secondary"}}, {"type": "Feature", "geometry": {"type": "LineString", "coordinates": [[55.2722666, 25.1884479], [55.2721222, 25.1882853]]}, "properties": {"class": "secondary"}}, {"type": "Feature", "geometry": {"type": "LineString", "coordinates": [[55.2507204, 25.1845278], [55.2507763, 25.1846205]]}, "properties": {"class": "residential"}}, {"type": "Feature", "geometry": {"type": "LineString", "coordinates": [[55.2461758, 25.1867588], [55.2460821, 25.186834], [55.2460225, 25.1868819]]}, "properties": {"class": "residential"}}, {"type": "Feature", "geometry": {"type": "LineString", "coordinates": [[55.2725417, 25.1887961], [55.2724637, 25.1886875]]}, "properties": {"class": "secondary"}}, {"type": "Feature", "geometry": {"type": "LineString", "coordinates": [[55.2621641, 25.2012053], [55.2621792, 25.2012284], [55.2624525, 25.2016485], [55.262553, 25.201803], [55.2626465, 25.2019468], [55.2629578, 25.2024255]]}, "properties": {"class": "residential"}}, {"type": "Feature", "geometry": {"type": "LineString", "coordinates": [[55.2531156, 25.1803048], [55.2530986, 25.1802996], [55.2530818, 25.1802921], [55.2530667, 25.180282], [55.2530537, 25.1802697], [55.2530263, 25.1802422], [55.252998, 25.1802117], [55.2529669, 25.1801835], [55.2529332, 25.1801578], [55.2528973, 25.1801345]]}, "properties": {"class": "tertiary"}}, {"type": "Feature", "geometry": {"type": "LineString", "coordinates": [[55.2529772, 25.1800784], [55.2529891, 25.1801141], [55.2530059, 25.1801485], [55.2530268, 25.1801809], [55.2530514, 25.1802112], [55.2530813, 25.180248], [55.2530921, 25.180261], [55.2531014, 25.1802749], [55.2531093, 25.1802895], [55.2531156, 25.1803048]]}, "properties": {"class": "tertiary"}}, {"type": "Feature", "geometry": {"type": "LineString", "coordinates": [[55.2528484, 25.1799921], [55.2528703, 25.1799829], [55.2528941, 25.1799796], [55.2529068, 25.1799804], [55.2529298, 25.1799863], [55.2529501, 25.1799978], [55.2529661, 25.180014], [55.2529765, 25.1800335], [55.2529805, 25.1800548], [55.2529772, 25.1800784], [55.2529658, 25.1801005], [55.2529474, 25.1801183], [55.2529237, 25.18013], [55.2528973, 25.1801345], [55.2528824, 25.1801336], [55.252868, 25.1801305], [55.2528543, 25.1801252], [55.2528419, 25.1801178], [55.2528291, 25.1801064], [55.2528192, 25.1800929], [55.2528126, 25.1800779], [55.2528096, 25.1800619], [55.2528104, 25.1800457], [55.2528172, 25.1800248], [55.2528303, 25.1800064], [55.2528484, 25.1799921]]}, "properties": {"class": "tertiary"}}, {"type": "Feature", "geometry": {"type": "LineString", "coordinates": [[55.2809194, 25.2074051], [55.2798423, 25.2074893], [55.279794, 25.2075039], [55.2797431, 25.2075427], [55.2797109, 25.2076228], [55.2798477, 25.2084988], [55.279896, 25.2085377], [55.2799416, 25.2085522], [55.2804237, 25.2085043]]}, "properties": {"class": "residential"}}, {"type": "Feature", "geometry": {"type": "LineString", "coordinates": [[55.2517379, 25.1935473], [55.251934, 25.1938284], [55.2520355, 25.1939741]]}, "properties": {"class": "residential"}}, {"type": "Feature", "geometry": {"type": "LineString", "coordinates": [[55.2520355, 25.1939741], [55.2523062, 25.194358], [55.2523346, 25.1943982], [55.2526434, 25.1948529]]}, "properties": {"class": "residential"}}, {"type": "Feature", "geometry": {"type": "LineString", "coordinates": [[55.2672333, 25.185139], [55.2671788, 25.1850964], [55.2671215, 25.185057], [55.2670616, 25.1850209]]}, "properties": {"class": "tertiary"}}, {"type": "Feature", "geometry": {"type": "LineString", "coordinates": [[55.2671466, 25.1849617], [55.2671631, 25.1850079], [55.2671832, 25.185053], [55.2672066, 25.1850968], [55.2672333, 25.185139]]}, "properties": {"class": "tertiary"}}, {"type": "Feature", "geometry": {"type": "LineString", "coordinates": [[55.2671388, 25.1847737], [55.2671612, 25.1848054], [55.2671747, 25.184841], [55.2671783, 25.1848785], [55.2671719, 25.1849157], [55.2671558, 25.1849504], [55.2671466, 25.1849617], [55.2671311, 25.1849806], [55.267099, 25.1850046], [55.2670747, 25.1850152], [55.2670616, 25.1850209], [55.2670209, 25.1850287], [55.2669794, 25.1850274], [55.2669394, 25.1850172], [55.2669032, 25.1849986], [55.2668731, 25.1849727], [55.2668506, 25.184941], [55.2668372, 25.1849054], [55.2668336, 25.1848679], [55.26684, 25.1848307], [55.266856, 25.184796], [55.2668671, 25.1847824], [55.2668808, 25.1847658], [55.2669128, 25.1847418], [55.2669503, 25.1847255], [55.266991, 25.1847177], [55.2670325, 25.184719], [55.2670725, 25.1847293], [55.2671086, 25.1847479], [55.2671388, 25.1847737]]}, "properties": {"class": "tertiary"}}, {"type": "Feature", "geometry": {"type": "LineString", "coordinates": [[55.2949579, 25.2276378], [55.2947376, 25.2276987]]}, "properties": {"class": "secondary"}}, {"type": "Feature", "geometry": {"type": "LineString", "coordinates": [[55.2984534, 25.226301], [55.298324, 25.2262862], [55.298196, 25.2262936], [55.2980652, 25.2263191], [55.2979425, 25.2263573], [55.2978627, 25.2263913], [55.297025, 25.2267626], [55.2960552, 25.227187], [55.2958411, 25.2272821], [55.2952275, 25.2275372], [55.2950328, 25.2276127], [55.294998, 25.2276275], [55.2949579, 25.2276378]]}, "properties": {"class": "secondary"}}, {"type": "Feature", "geometry": {"type": "LineString", "coordinates": [[55.2945812, 25.2275354], [55.2948059, 25.2274762]]}, "properties": {"class": "secondary"}}, {"type": "Feature", "geometry": {"type": "LineString", "coordinates": [[55.2935302, 25.2277338], [55.2940431, 25.227645], [55.2942452, 25.22761], [55.2944096, 25.2275771], [55.2945812, 25.2275354]]}, "properties": {"class": "secondary"}}, {"type": "Feature", "geometry": {"type": "LineString", "coordinates": [[55.2921519, 25.2280922], [55.2924434, 25.2279954], [55.2926554, 25.2279333], [55.2927768, 25.2278978], [55.2929983, 25.2278434], [55.2931431, 25.2278086], [55.2934573, 25.2277466], [55.2935302, 25.2277338]]}, "properties": {"class": "secondary"}}, {"type": "Feature", "geometry": {"type": "LineString", "coordinates": [[55.2948059, 25.2274762], [55.2948675, 25.2275444], [55.2948921, 25.2275698], [55.2949579, 25.2276378]]}, "properties": {"class": "secondary"}}, {"type": "Feature", "geometry": {"type": "LineString", "coordinates": [[55.2942787, 25.2269563], [55.2946826, 25.2273488], [55.2947406, 25.2274088], [55.2948059, 25.2274762]]}, "properties": {"class": "secondary"}}, {"type": "Feature", "geometry": {"type": "LineString", "coordinates": [[55.2948059, 25.2274762], [55.2949295, 25.2274395], [55.2952383, 25.2273295], [55.295539, 25.2272113], [55.2958424, 25.227084], [55.2961428, 25.2269597], [55.2964492, 25.2268317], [55.2978451, 25.226223], [55.2979442, 25.2261823], [55.2980357, 25.2261329], [55.2981158, 25.2260691], [55.2981819, 25.2259921], [55.2982311, 25.2259057]]}, "properties": {"class": "secondary"}}, {"type": "Feature", "geometry": {"type": "LineString", "coordinates": [[55.2871834, 25.2280276], [55.2873126, 25.2281463], [55.2874478, 25.2282595], [55.2875888, 25.2283667], [55.2877352, 25.2284678], [55.2878867, 25.2285626], [55.288043, 25.2286508], [55.2882037, 25.2287323]]}, "properties": {"class": "secondary"}}, {"type": "Feature", "geometry": {"type": "LineString", "coordinates": [[55.2882037, 25.2287323], [55.2886331, 25.228926], [55.2887478, 25.228978], [55.2888588, 25.2290363], [55.2889657, 25.2291007], [55.2890695, 25.229172], [55.2891681, 25.2292489], [55.2892613, 25.2293313], [55.2893486, 25.2294188], [55.2894297, 25.229511], [55.2895343, 25.2296491], [55.2896512, 25.2298202], [55.2898508, 25.2301125]]}, "properties": {"class": "secondary"}}, {"type": "Feature", "geometry": {"type": "LineString", "coordinates": [[55.2858003, 25.2261932], [55.2864243, 25.227179], [55.2866751, 25.2275212], [55.286828, 25.227691], [55.2871834, 25.2280276]]}, "properties": {"class": "secondary"}}, {"type": "Feature", "geometry": {"type": "LineString", "coordinates": [[55.285898, 25.2177854], [55.2858688, 25.2177178], [55.2858467, 25.2176481], [55.2858321, 25.2175767], [55.285825, 25.2174982], [55.2858271, 25.2174195], [55.2858384, 25.2173413], [55.2858587, 25.2172647], [55.2858879, 25.2171905], [55.2859075, 25.2171325], [55.2859359, 25.2170776], [55.2859721, 25.2170267], [55.2860156, 25.2169805], [55.2860654, 25.2169401], [55.2861208, 25.2169061], [55.2861651, 25.2168853], [55.2862114, 25.2168685], [55.2862593, 25.2168561], [55.2863199, 25.2168468], [55.2863814, 25.2168443], [55.2864428, 25.2168486], [55.286503, 25.2168598], [55.2865614, 25.2168776], [55.2866239, 25.2169053], [55.2866815, 25.2169407], [55.286733, 25.216983], [55.2867898, 25.2170345], [55.2868424, 25.2170895], [55.2868905, 25.2171478], [55.2869339, 25.2172091], [55.2869723, 25.217273], [55.2870057, 25.2173392], [55.2870337, 25.2174074], [55.2870563, 25.2174772], [55.2870718, 25.2175409], [55.2870828, 25.2176054], [55.2870892, 25.2176704], [55.2870911, 25.2177356], [55.2870837, 25.2177955], [55.2870682, 25.2178542], [55.287045, 25.2179107], [55.2870144, 25.2179642], [55.2869768, 25.218014], [55.2869328, 25.2180593], [55.2868848, 25.2180981], [55.2868368, 25.2181291], [55.2867636, 25.2181609], [55.2866917, 25.2181825], [55.2866174, 25.218196], [55.2865402, 25.2182014], [55.2864629, 25.218198], [55.2863867, 25.2181859], [55.2863127, 25.2181654], [55.2862421, 25.2181368], [55.286176, 25.2181005], [55.2861147, 25.2180565], [55.28606, 25.2180059], [55.2860134, 25.2179491], [55.2859712, 25.2178967], [55.2859327, 25.2178421], [55.285898, 25.2177854]]}, "properties": {"class": "primary"}}, {"type": "Feature", "geometry": {"type": "LineString", "coordinates": [[55.2758295, 25.2110386], [55.2759179, 25.2111719], [55.2760042, 25.2113062], [55.2760701, 25.2114116], [55.2761348, 25.2115177], [55.276187, 25.2116056], [55.2762434, 25.2116914], [55.2762863, 25.2117508], [55.2763314, 25.2118089], [55.2764031, 25.2119031], [55.2764736, 25.2119981], [55.2765858, 25.2121538], [55.276695, 25.2123114], [55.276772, 25.2124222], [55.2769847, 25.2127082], [55.2772281, 25.2130559], [55.2774899, 25.2134536], [55.2777087, 25.2137858], [55.2777923, 25.2139083], [55.27815, 25.2144515], [55.2784325, 25.21487], [55.2789476, 25.2156232], [55.278975, 25.2156657], [55.2789988, 25.2157042]]}, "properties": {"class": "tertiary"}}, {"type": "Feature", "geometry": {"type": "LineString", "coordinates": [[55.2713438, 25.1919048], [55.2711353, 25.1920945]]}, "properties": {"class": "primary"}}, {"type": "Feature", "geometry": {"type": "LineString", "coordinates": [[55.2711353, 25.1920945], [55.2709541, 25.1922843], [55.2708253, 25.1924257], [55.2707041, 25.1925724], [55.2705907, 25.1927241], [55.2704853, 25.1928805], [55.2703881, 25.1930413], [55.2702995, 25.1932059], [55.2702195, 25.1933742], [55.2700868, 25.1936961], [55.2700553, 25.1937778], [55.270006, 25.1939501], [55.2699515, 25.1941506], [55.2699142, 25.1943289], [55.2698885, 25.1944957], [55.2698713, 25.1946735], [55.2698641, 25.19484], [55.2698639, 25.1950043], [55.2698706, 25.1951697], [55.2698843, 25.1953347], [55.2698998, 25.195486], [55.2699266, 25.1956656], [55.2699462, 25.1957601], [55.269961, 25.1958315], [55.2699777, 25.1959005], [55.270001, 25.1959964], [55.2700465, 25.1961601], [55.2700955, 25.1962998], [55.2701011, 25.1963159], [55.2701587, 25.1964578], [55.2702215, 25.1966018], [55.2702893, 25.1967433], [55.270364, 25.1968818], [55.2704457, 25.1970171], [55.2705339, 25.1971489], [55.2706174, 25.1972646], [55.2707609, 25.197456], [55.270937, 25.197665], [55.2710669, 25.1978019], [55.2712075, 25.1979321], [55.2713545, 25.1980563], [55.2715077, 25.1981743], [55.2716667, 25.1982858], [55.2717962, 25.1983677], [55.2718656, 25.1984116], [55.2720856, 25.1985423], [55.2720918, 25.1985459], [55.2721565, 25.1985832], [55.2722522, 25.1986315], [55.2723655, 25.1986865], [55.2723726, 25.1986899], [55.2726032, 25.1987969], [55.2727505, 25.1988604], [55.2729016, 25.1989165], [55.2730557, 25.1989651], [55.2732125, 25.199006], [55.2733966, 25.1990461], [55.2735326, 25.1990725], [55.2737242, 25.1991037], [55.273796, 25.1991189], [55.2740369, 25.1991732], [55.274194, 25.1992078], [55.2745774, 25.1992923], [55.275036, 25.1994074], [55.2753179, 25.199472], [55.2755254, 25.1995136], [55.2757347, 25.1995474], [55.275977, 25.1995812], [55.2761346, 25.1996074], [55.2763511, 25.1996668], [55.2764644, 25.1997153], [55.2766035, 25.1997847], [55.2767412, 25.1998662], [55.2768696, 25.1999604], [55.2769902, 25.2000629], [55.2771021, 25.2001731], [55.2772048, 25.2002904], [55.2772978, 25.2004142], [55.2776109, 25.2008395], [55.2776249, 25.2008585], [55.2776669, 25.2009214], [55.2777203, 25.2010014]]}, "properties": {"class": "primary"}}, {"type": "Feature", "geometry": {"type": "LineString", "coordinates": [[55.2812268, 25.2296477], [55.2813768, 25.2295763], [55.2814233, 25.2295542], [55.2815037, 25.229516]]}, "properties": {"class": "residential"}}, {"type": "Feature", "geometry": {"type": "LineString", "coordinates": [[55.2820074, 25.2293481], [55.2819572, 25.2293651], [55.2819247, 25.2293791], [55.2817533, 25.229485], [55.2817118, 25.2295107], [55.2816357, 25.2295577]]}, "properties": {"class": "residential"}}, {"type": "Feature", "geometry": {"type": "LineString", "coordinates": [[55.2814095, 25.2292435], [55.2814516, 25.2293084], [55.2814934, 25.2293652], [55.2815246, 25.2294076], [55.2815743, 25.2294752]]}, "properties": {"class": "residential"}}, {"type": "Feature", "geometry": {"type": "LineString", "coordinates": [[55.2739672, 25.180792], [55.2740309, 25.1807412], [55.2740975, 25.1806695], [55.27421, 25.1805723], [55.2743212, 25.1805025], [55.2744096, 25.1804259], [55.2745006, 25.1803631]]}, "properties": {"class": "residential"}}, {"type": "Feature", "geometry": {"type": "LineString", "coordinates": [[55.2545572, 25.2096374], [55.2540486, 25.2099391]]}, "properties": {"class": "residential"}}, {"type": "Feature", "geometry": {"type": "LineString", "coordinates": [[55.2779425, 25.1872285], [55.2778967, 25.1872093]]}, "properties": {"class": "residential"}}, {"type": "Feature", "geometry": {"type": "LineString", "coordinates": [[55.2515302, 25.1834032], [55.2515971, 25.1833358]]}, "properties": {"class": "residential"}}, {"type": "Feature", "geometry": {"type": "LineString", "coordinates": [[55.2516726, 25.1834178], [55.2516104, 25.1834835]]}, "properties": {"class": "residential"}}]}