{"type": "FeatureCollection", "features": [{"type": "Feature", "geometry": {"type": "LineString", "coordinates": [[78.3993668, 17.4388094], [78.3994424, 17.4387138], [78.4001779, 17.4378552], [78.4003689, 17.4375456], [78.400847, 17.436736], [78.4009138, 17.4366219], [78.4012503, 17.4360473], [78.401357, 17.4359086], [78.4014668, 17.4357866], [78.4015597, 17.4357072], [78.4018507, 17.4355349], [78.4019651, 17.4354719], [78.40221, 17.4353371], [78.4025418, 17.4351426], [78.4030741, 17.4347604], [78.4033848, 17.4345617], [78.4037561, 17.4343669], [78.4038848, 17.434319], [78.4040056, 17.4342953], [78.4041812, 17.434278], [78.4042727, 17.4342637], [78.4043073, 17.4342582], [78.4044803, 17.4341846], [78.4048296, 17.4339788], [78.4055595, 17.4335826], [78.4058271, 17.4334243], [78.4061885, 17.4332234], [78.4070238, 17.4326127], [78.4070487, 17.4325878], [78.4070903, 17.4325213], [78.4071171, 17.4324637], [78.4071131, 17.4323332], [78.4070801, 17.4320676], [78.4070474, 17.4318172], [78.4070494, 17.4317398], [78.4070743, 17.4316695], [78.407146, 17.4315805], [78.4071895, 17.4315421], [78.4077823, 17.4311337], [78.4094096, 17.4301189], [78.4099661, 17.4297718], [78.4101614, 17.4297956], [78.4103, 17.4298446], [78.4111989, 17.4301941], [78.4115535, 17.4301577], [78.4118648, 17.4300779], [78.4122315, 17.4297874], [78.4123755, 17.429643], [78.4127127, 17.4293047], [78.4130391, 17.4289882]]}, "properties": {"class": "primary"}}, {"type": "Feature", "geometry": {"type": "LineString", "coordinates": [[78.3971552, 17.4362542], [78.3974163, 17.436148], [78.3975135, 17.4360933], [78.3975957, 17.43603], [78.39762, 17.435987], [78.3976489, 17.4359359], [78.3976904, 17.4357921], [78.3977577, 17.4355801]]}, "properties": {"class": "tertiary"}}, {"type": "Feature", "geometry": {"type": "LineString", "coordinates": [[78.3999498, 17.4336855], [78.4001336, 17.4339045], [78.4005986, 17.4345175], [78.4008014, 17.4347927], [78.4010096, 17.4350938], [78.4014633, 17.4356142]]}, "properties": {"class": "tertiary"}}, {"type": "Feature", "geometry": {"type": "LineString", "coordinates": [[78.3961203, 17.4391665], [78.3961037, 17.4391292], [78.3958738, 17.4386111], [78.3954147, 17.4376028], [78.3952294, 17.4372008], [78.3951866, 17.4371063], [78.3951578, 17.437048], [78.3949101, 17.4365059], [78.3944686, 17.4356249]]}, "properties": {"class": "tertiary"}}, {"type": "Feature", "geometry": {"type": "LineString", "coordinates": [[78.3800073, 17.4526369], [78.3796656, 17.4530199], [78.3796248, 17.4530706], [78.3795132, 17.4532092], [78.3788709, 17.4539871], [78.3786477, 17.4542853], [78.3780746, 17.4549688], [78.3780234, 17.4550404], [78.3780066, 17.455048], [78.3775649, 17.455637], [78.3773107, 17.4560031], [78.3771209, 17.4562375]]}, "properties": {"class": "primary"}}, {"type": "Feature", "geometry": {"type": "LineString", "coordinates": [[78.3853617, 17.4677402], [78.3854583, 17.4675543], [78.3856863, 17.4671162], [78.3858686, 17.4667343], [78.3859616, 17.4664982], [78.3859911, 17.4663674], [78.3859962, 17.4663038], [78.3859948, 17.4662112], [78.3859844, 17.4661359], [78.3859295, 17.4659243], [78.3858253, 17.465496], [78.3857382, 17.465099], [78.3856844, 17.4647783], [78.3855948, 17.4643069], [78.3855234, 17.4637859], [78.3855053, 17.4635085], [78.3855125, 17.4634644], [78.3855509, 17.463418], [78.3859291, 17.4632404], [78.3859848, 17.463179]]}, "properties": {"class": "tertiary"}}, {"type": "Feature", "geometry": {"type": "LineString", "coordinates": [[78.3858442, 17.4455703], [78.3858915, 17.4460474], [78.3859589, 17.446723], [78.3859798, 17.4472671], [78.3859754, 17.4473808], [78.3859661, 17.4476246], [78.3857431, 17.448598], [78.3857303, 17.4487096], [78.3856821, 17.4491278], [78.3856384, 17.4501819], [78.385635, 17.4507011], [78.3856341, 17.4507277], [78.3856242, 17.4510232], [78.3856364, 17.451203], [78.3856593, 17.451312], [78.3856957, 17.4514066], [78.3857437, 17.4514965], [78.3857977, 17.4516025], [78.3858602, 17.4517096], [78.3859174, 17.4524235]]}, "properties": {"class": "residential"}}, {"type": "Feature", "geometry": {"type": "LineString", "coordinates": [[78.381157, 17.4514007], [78.3810306, 17.4513172], [78.3809618, 17.451272]]}, "properties": {"class": "primary"}}, {"type": "Feature", "geometry": {"type": "LineString", "coordinates": [[78.3775147, 17.4396218], [78.3775513, 17.4396082], [78.3775787, 17.4395938], [78.377594, 17.4395858], [78.3776183, 17.4395743], [78.3777953, 17.4394399], [78.3780157, 17.4392551], [78.3780721, 17.4392078], [78.3783827, 17.438948], [78.3786378, 17.4387346], [78.3789453, 17.4384773], [78.3789678, 17.4384585], [78.3790919, 17.4383529], [78.3794291, 17.438071]]}, "properties": {"class": "secondary"}}, {"type": "Feature", "geometry": {"type": "LineString", "coordinates": [[78.3965335, 17.4514218], [78.3962389, 17.4514386]]}, "properties": {"class": "secondary"}}, {"type": "Feature", "geometry": {"type": "LineString", "coordinates": [[78.3947323, 17.4378686], [78.3944553, 17.4372993]]}, "properties": {"class": "residential"}}, {"type": "Feature", "geometry": {"type": "LineString", "coordinates": [[78.3932806, 17.4361818], [78.393877, 17.4375354]]}, "properties": {"class": "residential"}}, {"type": "Feature", "geometry": {"type": "LineString", "coordinates": [[78.3944057, 17.4355114], [78.3939878, 17.4348531], [78.3937114, 17.4344838]]}, "properties": {"class": "residential"}}, {"type": "Feature", "geometry": {"type": "LineString", "coordinates": [[78.3941546, 17.4381076], [78.3944091, 17.4386468], [78.3947985, 17.4394992], [78.3949523, 17.4397851], [78.3951077, 17.4400818]]}, "properties": {"class": "residential"}}, {"type": "Feature", "geometry": {"type": "LineString", "coordinates": [[78.3955809, 17.4381731], [78.3949687, 17.4384435], [78.3948798, 17.4384758], [78.3944091, 17.4386468]]}, "properties": {"class": "residential"}}, {"type": "Feature", "geometry": {"type": "LineString", "coordinates": [[78.3966337, 17.4447605], [78.3971663, 17.4446099], [78.3976865, 17.4444627], [78.3982052, 17.4443159], [78.3987073, 17.4441739], [78.3991922, 17.4440367], [78.3996883, 17.4438964], [78.400188, 17.443755], [78.4007255, 17.4436005], [78.4011754, 17.4434757], [78.4016669, 17.4433366]]}, "properties": {"class": "residential"}}, {"type": "Feature", "geometry": {"type": "LineString", "coordinates": [[78.3970645, 17.4461166], [78.3976045, 17.4459662], [78.398101, 17.445828], [78.3985946, 17.4456905], [78.3991106, 17.4455427], [78.3995971, 17.4454114], [78.4000813, 17.4452765], [78.4003486, 17.4452021], [78.4006152, 17.4451279], [78.4011298, 17.4449779], [78.4015894, 17.4448566]]}, "properties": {"class": "residential"}}, {"type": "Feature", "geometry": {"type": "LineString", "coordinates": [[78.3967594, 17.4432357], [78.3969638, 17.4438776], [78.3971663, 17.4446099], [78.3976045, 17.4459662], [78.3979902, 17.4473064]]}, "properties": {"class": "residential"}}, {"type": "Feature", "geometry": {"type": "LineString", "coordinates": [[78.396637, 17.4419669], [78.3971158, 17.4427205], [78.397201, 17.4428834], [78.3972776, 17.4430932], [78.3976865, 17.4444627], [78.398101, 17.445828], [78.398177, 17.446098], [78.3984831, 17.4471857], [78.3986916, 17.4478161], [78.398883, 17.4482644], [78.3990726, 17.4486318], [78.399159, 17.4487584], [78.3992431, 17.4489087]]}, "properties": {"class": "residential"}}, {"type": "Feature", "geometry": {"type": "LineString", "coordinates": [[78.3976912, 17.4426294], [78.3977755, 17.4429469], [78.3979012, 17.4433399], [78.3982052, 17.4443159], [78.3985946, 17.4456905], [78.3989963, 17.4470476]]}, "properties": {"class": "residential"}}, {"type": "Feature", "geometry": {"type": "LineString", "coordinates": [[78.3971536, 17.4416378], [78.3979591, 17.4422147], [78.3980982, 17.4423243], [78.398124, 17.4423473], [78.3981402, 17.4423738], [78.3982767, 17.4427995], [78.3987073, 17.4441739], [78.3991106, 17.4455427], [78.3993258, 17.4462], [78.3994484, 17.4465672], [78.3995455, 17.4468895]]}, "properties": {"class": "residential"}}, {"type": "Feature", "geometry": {"type": "LineString", "coordinates": [[78.398642, 17.4421394], [78.3987708, 17.4426643], [78.3991922, 17.4440367], [78.3995971, 17.4454114], [78.39985, 17.4462344], [78.3999175, 17.4464542]]}, "properties": {"class": "residential"}}, {"type": "Feature", "geometry": {"type": "LineString", "coordinates": [[78.3991125, 17.4419807], [78.3992854, 17.4425208], [78.3996883, 17.4438964], [78.4000813, 17.4452765]]}, "properties": {"class": "residential"}}, {"type": "Feature", "geometry": {"type": "LineString", "coordinates": [[78.3915825, 17.451897], [78.3915946, 17.4518196], [78.3917643, 17.4503925], [78.3919817, 17.4486353], [78.3921938, 17.4468839], [78.3923019, 17.4459169], [78.3923736, 17.4454354]]}, "properties": {"class": "tertiary"}}, {"type": "Feature", "geometry": {"type": "LineString", "coordinates": [[78.3882152, 17.4311795], [78.3881136, 17.4311453], [78.3879773, 17.4311223], [78.3878711, 17.4311271], [78.3877665, 17.4311513], [78.3876396, 17.4312145], [78.3875194, 17.4312889], [78.38738, 17.4314233], [78.3871709, 17.4316914], [78.3867184, 17.4321296], [78.3866794, 17.4322611]]}, "properties": {"class": "secondary"}}, {"type": "Feature", "geometry": {"type": "LineString", "coordinates": [[78.3886163, 17.4375263], [78.388595, 17.4373272], [78.3885894, 17.4372749], [78.3885577, 17.436801], [78.3885468, 17.4366626], [78.3885354, 17.4364023], [78.3885285, 17.4362977], [78.3885025, 17.4359153], [78.3884086, 17.4351456], [78.3884061, 17.4351234], [78.3883193, 17.4343482], [78.3882598, 17.4338152]]}, "properties": {"class": "secondary"}}, {"type": "Feature", "geometry": {"type": "LineString", "coordinates": [[78.3856593, 17.4331906], [78.3858043, 17.4331645], [78.385899, 17.433169], [78.3861233, 17.4332078], [78.3863228, 17.4332271], [78.3864584, 17.4332068], [78.3864998, 17.4332011], [78.3865818, 17.4331815], [78.3866826, 17.4331597], [78.3868411, 17.433117], [78.3871155, 17.4330309], [78.387271, 17.4329557], [78.3873673, 17.4329045], [78.3876504, 17.4327428], [78.3877952, 17.4326425], [78.3878797, 17.4325744], [78.3879532, 17.4325005], [78.3880233, 17.4323995], [78.3880705, 17.4322441], [78.388078, 17.4321901], [78.3880819, 17.4321245], [78.3881402, 17.4317599], [78.3881624, 17.4316945], [78.3882089, 17.4316304], [78.3882598, 17.4315862]]}, "properties": {"class": "secondary"}}, {"type": "Feature", "geometry": {"type": "LineString", "coordinates": [[78.3978095, 17.4386981], [78.397842, 17.4387598], [78.3979058, 17.4388135], [78.3979511, 17.4388481], [78.3980003, 17.4388844], [78.3980787, 17.4389394], [78.3982448, 17.4390868], [78.3987307, 17.4394048]]}, "properties": {"class": "residential"}}, {"type": "Feature", "geometry": {"type": "LineString", "coordinates": [[78.3907547, 17.4412937], [78.3907675, 17.4418875], [78.3908093, 17.4422013], [78.3908067, 17.4423073], [78.390849, 17.4425008], [78.3909186, 17.4427125], [78.3909595, 17.4429288], [78.3910365, 17.4432903]]}, "properties": {"class": "residential"}}, {"type": "Feature", "geometry": {"type": "LineString", "coordinates": [[78.3929531, 17.441674], [78.3925224, 17.4417715], [78.3924266, 17.4417949], [78.3920449, 17.4418793], [78.3915902, 17.441984]]}, "properties": {"class": "residential"}}, {"type": "Feature", "geometry": {"type": "LineString", "coordinates": [[78.3919689, 17.4410502], [78.3920449, 17.4418793]]}, "properties": {"class": "residential"}}, {"type": "Feature", "geometry": {"type": "LineString", "coordinates": [[78.3907939, 17.4385452], [78.39082, 17.4386279], [78.3908361, 17.4387444], [78.3908267, 17.4387955], [78.3907999, 17.4388467], [78.3907972, 17.4388966], [78.3908026, 17.4390207], [78.3909349, 17.4397655], [78.3909416, 17.4397931], [78.3909535, 17.4398146], [78.3909984, 17.4398134], [78.3911455, 17.4397747], [78.3912434, 17.439739]]}, "properties": {"class": "residential"}}, {"type": "Feature", "geometry": {"type": "LineString", "coordinates": [[78.3922742, 17.4408895], [78.3922469, 17.4402923]]}, "properties": {"class": "residential"}}, {"type": "Feature", "geometry": {"type": "LineString", "coordinates": [[78.3925224, 17.4417715], [78.3924431, 17.4409948]]}, "properties": {"class": "residential"}}, {"type": "Feature", "geometry": {"type": "LineString", "coordinates": [[78.3927004, 17.4409675], [78.3929531, 17.441674], [78.3930863, 17.4420465], [78.3932215, 17.4424247], [78.393443, 17.443044], [78.3934783, 17.4431427]]}, "properties": {"class": "secondary"}}, {"type": "Feature", "geometry": {"type": "LineString", "coordinates": [[78.3854863, 17.4440767], [78.3854119, 17.4437381], [78.3853101, 17.4433505], [78.3852892, 17.4432787], [78.3852044, 17.4429817], [78.3851065, 17.4427929], [78.3848288, 17.4422833], [78.384692, 17.4420324], [78.3844833, 17.4416494], [78.3844719, 17.4416129]]}, "properties": {"class": "tertiary"}}, {"type": "Feature", "geometry": {"type": "LineString", "coordinates": [[78.3619019, 17.4480813], [78.3619244, 17.4481523], [78.3621849, 17.4489798], [78.3623043, 17.4493591], [78.3624633, 17.4498638], [78.3627617, 17.4509377], [78.3634038, 17.4509127], [78.3635383, 17.4509309]]}, "properties": {"class": "residential"}}, {"type": "Feature", "geometry": {"type": "LineString", "coordinates": [[78.3634038, 17.4509127], [78.3630212, 17.4497116]]}, "properties": {"class": "residential"}}, {"type": "Feature", "geometry": {"type": "LineString", "coordinates": [[78.3632152, 17.4496636], [78.3630212, 17.4497116], [78.3624633, 17.4498638]]}, "properties": {"class": "residential"}}, {"type": "Feature", "geometry": {"type": "LineString", "coordinates": [[78.3623043, 17.4493591], [78.3628675, 17.449171], [78.363044, 17.4491059]]}, "properties": {"class": "residential"}}, {"type": "Feature", "geometry": {"type": "LineString", "coordinates": [[78.3628675, 17.449171], [78.3624939, 17.4479954]]}, "properties": {"class": "residential"}}, {"type": "Feature", "geometry": {"type": "LineString", "coordinates": [[78.3554173, 17.4502332], [78.3557278, 17.450104], [78.3561794, 17.4499163]]}, "properties": {"class": "residential"}}, {"type": "Feature", "geometry": {"type": "LineString", "coordinates": [[78.3557439, 17.4505967], [78.3560426, 17.4504654], [78.3564516, 17.4502851]]}, "properties": {"class": "residential"}}, {"type": "Feature", "geometry": {"type": "LineString", "coordinates": [[78.3560426, 17.4504654], [78.356894, 17.4508658], [78.3570061, 17.4508788], [78.3582895, 17.450895], [78.3583585, 17.4508961], [78.3585768, 17.4508838]]}, "properties": {"class": "residential"}}, {"type": "Feature", "geometry": {"type": "LineString", "coordinates": [[78.3583585, 17.4508961], [78.358244, 17.4505553], [78.3581219, 17.4502025], [78.3580129, 17.4498877]]}, "properties": {"class": "residential"}}, {"type": "Feature", "geometry": {"type": "LineString", "coordinates": [[78.3581219, 17.4502025], [78.3586322, 17.4501773], [78.3586872, 17.4501748]]}, "properties": {"class": "residential"}}, {"type": "Feature", "geometry": {"type": "LineString", "coordinates": [[78.358244, 17.4505553], [78.3588115, 17.4505362]]}, "properties": {"class": "residential"}}, {"type": "Feature", "geometry": {"type": "LineString", "coordinates": [[78.3576255, 17.448696], [78.3576454, 17.448825], [78.357737, 17.4491812], [78.3579114, 17.4497334], [78.3579348, 17.4498268], [78.358041, 17.4502028], [78.3581662, 17.4505514], [78.3582895, 17.450895]]}, "properties": {"class": "residential"}}, {"type": "Feature", "geometry": {"type": "LineString", "coordinates": [[78.3570061, 17.4508788], [78.357015, 17.4505281], [78.3570257, 17.4497657], [78.3570187, 17.4491942], [78.3570045, 17.4486899]]}, "properties": {"class": "residential"}}, {"type": "Feature", "geometry": {"type": "LineString", "coordinates": [[78.3575131, 17.4505379], [78.3575032, 17.4501913], [78.3574909, 17.4497602], [78.3574751, 17.4491996]]}, "properties": {"class": "residential"}}, {"type": "Feature", "geometry": {"type": "LineString", "coordinates": [[78.3570257, 17.4497657], [78.3574909, 17.4497602], [78.3579114, 17.4497334]]}, "properties": {"class": "residential"}}, {"type": "Feature", "geometry": {"type": "LineString", "coordinates": [[78.357737, 17.4491812], [78.3574751, 17.4491996], [78.3570187, 17.4491942], [78.3565441, 17.4491921], [78.3558746, 17.4491893]]}, "properties": {"class": "residential"}}, {"type": "Feature", "geometry": {"type": "LineString", "coordinates": [[78.3556395, 17.4486853], [78.3558746, 17.4491893], [78.3561794, 17.4499163], [78.3564516, 17.4502851], [78.3565454, 17.4503267], [78.357015, 17.4505281], [78.3575131, 17.4505379], [78.3581662, 17.4505514]]}, "properties": {"class": "residential"}}, {"type": "Feature", "geometry": {"type": "LineString", "coordinates": [[78.3565454, 17.4503267], [78.3565441, 17.4491921]]}, "properties": {"class": "residential"}}, {"type": "Feature", "geometry": {"type": "LineString", "coordinates": [[78.3575032, 17.4501913], [78.358041, 17.4502028]]}, "properties": {"class": "residential"}}, {"type": "Feature", "geometry": {"type": "LineString", "coordinates": [[78.3557278, 17.450104], [78.3550948, 17.4487389]]}, "properties": {"class": "residential"}}, {"type": "Feature", "geometry": {"type": "LineString", "coordinates": [[78.3586182, 17.4481316], [78.3586791, 17.4481712], [78.359043, 17.4482084], [78.3594344, 17.4482084], [78.3598147, 17.4482084], [78.3601225, 17.4482084]]}, "properties": {"class": "residential"}}, {"type": "Feature", "geometry": {"type": "LineString", "coordinates": [[78.3590328, 17.4486443], [78.359043, 17.4482084], [78.3590554, 17.4475084], [78.359055, 17.4471268]]}, "properties": {"class": "residential"}}, {"type": "Feature", "geometry": {"type": "LineString", "coordinates": [[78.3586182, 17.4481316], [78.358604, 17.4480561], [78.3586174, 17.4476039], [78.3586236, 17.4471937], [78.3586236, 17.4471183], [78.3586305, 17.4467653], [78.3586354, 17.4464606], [78.3586357, 17.4464418]]}, "properties": {"class": "residential"}}, {"type": "Feature", "geometry": {"type": "LineString", "coordinates": [[78.3577752, 17.4464534], [78.3586357, 17.4464418]]}, "properties": {"class": "residential"}}, {"type": "Feature", "geometry": {"type": "LineString", "coordinates": [[78.3577369, 17.4461256], [78.3586435, 17.4461518]]}, "properties": {"class": "residential"}}, {"type": "Feature", "geometry": {"type": "LineString", "coordinates": [[78.3577035, 17.4458104], [78.3583246, 17.4458204], [78.3583302, 17.4452892]]}, "properties": {"class": "residential"}}, {"type": "Feature", "geometry": {"type": "LineString", "coordinates": [[78.3576436, 17.4453349], [78.3576512, 17.4454507], [78.3577035, 17.4458104], [78.3577369, 17.4461256], [78.3577752, 17.4464534]]}, "properties": {"class": "residential"}}, {"type": "Feature", "geometry": {"type": "LineString", "coordinates": [[78.3577752, 17.4464534], [78.3575347, 17.4464493], [78.3574932, 17.4464405], [78.3574678, 17.4464254], [78.3574481, 17.4464008], [78.3574386, 17.4463762], [78.3573396, 17.4455002]]}, "properties": {"class": "residential"}}, {"type": "Feature", "geometry": {"type": "LineString", "coordinates": [[78.3576512, 17.4454507], [78.3573396, 17.4455002], [78.3570309, 17.4455422]]}, "properties": {"class": "residential"}}, {"type": "Feature", "geometry": {"type": "LineString", "coordinates": [[78.360204, 17.4485741], [78.3601214, 17.4483913], [78.3601225, 17.4482084]]}, "properties": {"class": "residential"}}, {"type": "Feature", "geometry": {"type": "LineString", "coordinates": [[78.3601225, 17.4482084], [78.3601997, 17.4481722], [78.3602329, 17.4471473], [78.3602447, 17.4467465]]}, "properties": {"class": "residential"}}, {"type": "Feature", "geometry": {"type": "LineString", "coordinates": [[78.3594127, 17.4467711], [78.3596889, 17.4467434], [78.3602447, 17.4467465]]}, "properties": {"class": "residential"}}, {"type": "Feature", "geometry": {"type": "LineString", "coordinates": [[78.359055, 17.4471268], [78.3598312, 17.4471326], [78.3602329, 17.4471473]]}, "properties": {"class": "residential"}}, {"type": "Feature", "geometry": {"type": "LineString", "coordinates": [[78.359442, 17.4477731], [78.3594344, 17.4482084]]}, "properties": {"class": "residential"}}, {"type": "Feature", "geometry": {"type": "LineString", "coordinates": [[78.3579736, 17.447183], [78.3583259, 17.447188], [78.3586236, 17.4471937]]}, "properties": {"class": "residential"}}, {"type": "Feature", "geometry": {"type": "LineString", "coordinates": [[78.3596889, 17.4467434], [78.3596444, 17.4465728], [78.3596076, 17.4464318], [78.3595291, 17.4461307]]}, "properties": {"class": "residential"}}, {"type": "Feature", "geometry": {"type": "LineString", "coordinates": [[78.3591819, 17.4467812], [78.3591603, 17.4466696], [78.3590735, 17.4462144], [78.3589098, 17.4456188]]}, "properties": {"class": "residential"}}, {"type": "Feature", "geometry": {"type": "LineString", "coordinates": [[78.3590735, 17.4462144], [78.3595291, 17.4461307]]}, "properties": {"class": "residential"}}, {"type": "Feature", "geometry": {"type": "LineString", "coordinates": [[78.3613904, 17.4491846], [78.3613593, 17.4490794], [78.3612775, 17.4488032], [78.3611524, 17.4483847]]}, "properties": {"class": "residential"}}, {"type": "Feature", "geometry": {"type": "LineString", "coordinates": [[78.3613904, 17.4491846], [78.3614019, 17.4492247], [78.3617076, 17.4491364]]}, "properties": {"class": "residential"}}, {"type": "Feature", "geometry": {"type": "LineString", "coordinates": [[78.3605722, 17.449008], [78.3612775, 17.4488032], [78.3615228, 17.4487285]]}, "properties": {"class": "residential"}}, {"type": "Feature", "geometry": {"type": "LineString", "coordinates": [[78.381558, 17.4511781], [78.3818267, 17.450874], [78.381951, 17.4507088], [78.3820051, 17.4506315], [78.3820626, 17.4505486], [78.3821409, 17.4504276], [78.3822454, 17.4502668], [78.382433, 17.4499923], [78.3825426, 17.4498483], [78.382654, 17.4496976], [78.3827527, 17.4495817], [78.3828331, 17.4494772], [78.3831728, 17.4490359], [78.3834148, 17.4487513], [78.3838137, 17.4482822], [78.3838643, 17.4482175], [78.3841866, 17.4478053], [78.3843242, 17.447585], [78.3843805, 17.4474946], [78.3844717, 17.4473414], [78.384699, 17.4469598], [78.3847939, 17.4468236], [78.3848143, 17.4467943], [78.3849459, 17.4466324], [78.3852803, 17.4462153], [78.3854205, 17.4460536], [78.3858442, 17.4455703], [78.3860059, 17.4453673], [78.3862169, 17.4451248], [78.3864644, 17.4448581], [78.3865123, 17.4447946], [78.3867724, 17.4445014], [78.3871329, 17.4440931], [78.3872127, 17.4439768], [78.3872664, 17.4438771], [78.3873558, 17.443719], [78.3874243, 17.4435492], [78.3875506, 17.4432284], [78.3877253, 17.4428476], [78.3879528, 17.4423494], [78.3880695, 17.442033], [78.3881308, 17.4419033], [78.3881903, 17.441802], [78.3882508, 17.4417072], [78.3883016, 17.441665], [78.388403, 17.4415739], [78.3884473, 17.4415444], [78.3885835, 17.4414842], [78.3886615, 17.4414533], [78.3887487, 17.4414299], [78.3888513, 17.4414107], [78.3889787, 17.4413915], [78.3891296, 17.4413863], [78.3895484, 17.4413939], [78.3897171, 17.4413885], [78.3899101, 17.4413896], [78.3899999, 17.4413862], [78.390076, 17.4413859], [78.3901106, 17.4413819], [78.3902011, 17.4413794], [78.3904773, 17.4413426], [78.3907547, 17.4412937], [78.3911026, 17.4412148], [78.3915213, 17.4411231], [78.3919689, 17.4410502], [78.3921041, 17.4410316], [78.3924431, 17.4409948], [78.3927004, 17.4409675], [78.3927933, 17.4409423], [78.3928836, 17.440919], [78.39319, 17.4408416], [78.393403, 17.4407716], [78.3936458, 17.4406763], [78.3937369, 17.4406422], [78.3941695, 17.4404848], [78.3948898, 17.4402775], [78.3951796, 17.4401912], [78.3953401, 17.4401244], [78.3955202, 17.4400361], [78.3956157, 17.4399682], [78.3957656, 17.4398577], [78.3961869, 17.4395089]]}, "properties": {"class": "primary"}}, {"type": "Feature", "geometry": {"type": "LineString", "coordinates": [[78.384655, 17.4442562], [78.3845893, 17.4440848], [78.3844535, 17.4435314], [78.3843759, 17.4432282], [78.3840025, 17.4422358], [78.38379, 17.4416709]]}, "properties": {"class": "residential"}}, {"type": "Feature", "geometry": {"type": "LineString", "coordinates": [[78.3841165, 17.444151], [78.3839898, 17.4436665], [78.3839016, 17.4433412], [78.3835606, 17.4425175], [78.3835298, 17.4424983], [78.3834802, 17.4424803], [78.3834158, 17.4424906], [78.3826474, 17.44278], [78.3825979, 17.4428046]]}, "properties": {"class": "residential"}}, {"type": "Feature", "geometry": {"type": "LineString", "coordinates": [[78.3839016, 17.4433412], [78.3843759, 17.4432282]]}, "properties": {"class": "residential"}}, {"type": "Feature", "geometry": {"type": "LineString", "coordinates": [[78.3850422, 17.4441732], [78.3849593, 17.4438524], [78.3848384, 17.4434109]]}, "properties": {"class": "residential"}}, {"type": "Feature", "geometry": {"type": "LineString", "coordinates": [[78.3844719, 17.4416129], [78.38379, 17.4416709], [78.3834493, 17.441703], [78.3828754, 17.441767], [78.382368, 17.4418009]]}, "properties": {"class": "tertiary"}}, {"type": "Feature", "geometry": {"type": "LineString", "coordinates": [[78.3834493, 17.441703], [78.3833908, 17.4411336], [78.3832939, 17.4400068]]}, "properties": {"class": "residential"}}, {"type": "Feature", "geometry": {"type": "LineString", "coordinates": [[78.3828754, 17.441767], [78.3828215, 17.4412738], [78.3827659, 17.4407653], [78.382734, 17.4404739]]}, "properties": {"class": "residential"}}, {"type": "Feature", "geometry": {"type": "LineString", "coordinates": [[78.3833908, 17.4411336], [78.3840011, 17.4410667], [78.3844659, 17.4410192]]}, "properties": {"class": "residential"}}, {"type": "Feature", "geometry": {"type": "LineString", "coordinates": [[78.3840011, 17.4410667], [78.3838747, 17.4399244]]}, "properties": {"class": "residential"}}, {"type": "Feature", "geometry": {"type": "LineString", "coordinates": [[78.3859921, 17.4408337], [78.3859173, 17.4405818], [78.3858443, 17.4403363], [78.3858059, 17.4402069], [78.3856021, 17.4395208], [78.3855054, 17.4392292], [78.3854502, 17.4390629], [78.3854127, 17.4390092], [78.3853617, 17.4389708], [78.3852944, 17.4389602], [78.3852263, 17.4389708], [78.3842374, 17.4392676], [78.3839597, 17.4392986], [78.3839174, 17.4393033], [78.3838911, 17.4393063], [78.3837564, 17.4393213], [78.3836374, 17.4393349], [78.3831326, 17.4393928]]}, "properties": {"class": "residential"}}, {"type": "Feature", "geometry": {"type": "LineString", "coordinates": [[78.3823703, 17.4401093], [78.3827485, 17.4400638], [78.3832939, 17.4400068], [78.3838747, 17.4399244], [78.384359, 17.4398559], [78.3850068, 17.4396813], [78.3856021, 17.4395208], [78.3864981, 17.4392615], [78.3866926, 17.4391932], [78.3871488, 17.4390646], [78.3871942, 17.4390518], [78.3876268, 17.4389298]]}, "properties": {"class": "residential"}}, {"type": "Feature", "geometry": {"type": "LineString", "coordinates": [[78.3877469, 17.4392954], [78.3877084, 17.4391781], [78.3876915, 17.4391268], [78.3876733, 17.4390714], [78.3876268, 17.4389298], [78.3874202, 17.4383402], [78.3872733, 17.4378638]]}, "properties": {"class": "residential"}}, {"type": "Feature", "geometry": {"type": "LineString", "coordinates": [[78.3866926, 17.4391932], [78.3865204, 17.4386983], [78.3865191, 17.4386785], [78.3865292, 17.4386586], [78.3869276, 17.4385465], [78.3874202, 17.4383402]]}, "properties": {"class": "residential"}}, {"type": "Feature", "geometry": {"type": "LineString", "coordinates": [[78.3868704, 17.4404527], [78.3867783, 17.4401362], [78.3864981, 17.4392615]]}, "properties": {"class": "residential"}}, {"type": "Feature", "geometry": {"type": "LineString", "coordinates": [[78.3867783, 17.4401362], [78.387313, 17.4399803], [78.3873429, 17.4399755], [78.3873617, 17.4399781], [78.3873865, 17.4399899], [78.3873951, 17.4400104], [78.3875287, 17.4403337], [78.3875562, 17.4404004], [78.3875664, 17.440425], [78.3875797, 17.4404572], [78.3875943, 17.440506], [78.3875922, 17.4405185]]}, "properties": {"class": "residential"}}, {"type": "Feature", "geometry": {"type": "LineString", "coordinates": [[78.3872496, 17.4430275], [78.3866994, 17.4440441]]}, "properties": {"class": "residential"}}, {"type": "Feature", "geometry": {"type": "LineString", "coordinates": [[78.3857981, 17.4443354], [78.3861097, 17.4438682], [78.3868058, 17.4427796]]}, "properties": {"class": "residential"}}, {"type": "Feature", "geometry": {"type": "LineString", "coordinates": [[78.3857421, 17.4453212], [78.3852755, 17.4449631], [78.3851238, 17.4448466], [78.3850342, 17.4447778], [78.3849347, 17.4447014], [78.3848732, 17.4446542], [78.3847716, 17.4444899], [78.384655, 17.4442562]]}, "properties": {"class": "residential"}}, {"type": "Feature", "geometry": {"type": "LineString", "coordinates": [[78.3848293, 17.4463542], [78.3847136, 17.4464926], [78.3845324, 17.4467057], [78.3844337, 17.4468538], [78.3843894, 17.4469204], [78.3843656, 17.4469591], [78.3843551, 17.4469763], [78.3843214, 17.4470727], [78.3843191, 17.4471132], [78.3843286, 17.4471444], [78.3843848, 17.4472555]]}, "properties": {"class": "tertiary"}}, {"type": "Feature", "geometry": {"type": "LineString", "coordinates": [[78.3958231, 17.4368479], [78.3961396, 17.4374605], [78.3965463, 17.4383185]]}, "properties": {"class": "residential"}}, {"type": "Feature", "geometry": {"type": "LineString", "coordinates": [[78.3958738, 17.4386111], [78.3965463, 17.4383185], [78.3970159, 17.4381097], [78.3970334, 17.4380918], [78.3970454, 17.4380675], [78.3970468, 17.4380502], [78.3966619, 17.4372256]]}, "properties": {"class": "residential"}}, {"type": "Feature", "geometry": {"type": "LineString", "coordinates": [[78.3961396, 17.4374605], [78.3966619, 17.4372256], [78.3971842, 17.4369723], [78.397262, 17.4369313], [78.3972882, 17.4368994], [78.3972927, 17.4368623], [78.3970687, 17.4363022]]}, "properties": {"class": "residential"}}, {"type": "Feature", "geometry": {"type": "LineString", "coordinates": [[78.3964352, 17.4365864], [78.3961555, 17.4359548], [78.3958413, 17.4352707]]}, "properties": {"class": "residential"}}, {"type": "Feature", "geometry": {"type": "LineString", "coordinates": [[78.3949101, 17.4365059], [78.3955078, 17.4362414], [78.3961555, 17.4359548]]}, "properties": {"class": "residential"}}, {"type": "Feature", "geometry": {"type": "LineString", "coordinates": [[78.4001336, 17.4339045], [78.4006028, 17.4338625], [78.4008193, 17.4338043], [78.4010115, 17.4337052], [78.4013315, 17.4334074], [78.4014181, 17.4332969], [78.4020821, 17.4323489], [78.4021513, 17.4321902]]}, "properties": {"class": "tertiary"}}, {"type": "Feature", "geometry": {"type": "LineString", "coordinates": [[78.4019174, 17.4342356], [78.4030318, 17.4335196], [78.4037776, 17.4330485], [78.4046866, 17.4324574], [78.4051771, 17.4320572], [78.4053011, 17.4319679], [78.4054109, 17.4319434], [78.4056198, 17.4319529], [78.4057028, 17.4319097], [78.4063159, 17.4315847], [78.4067715, 17.4313318]]}, "properties": {"class": "residential"}}, {"type": "Feature", "geometry": {"type": "LineString", "coordinates": [[78.4030318, 17.4335196], [78.4020821, 17.4323489]]}, "properties": {"class": "residential"}}, {"type": "Feature", "geometry": {"type": "LineString", "coordinates": [[78.3928169, 17.4437256], [78.3927611, 17.4435668], [78.3926916, 17.4432499], [78.3926428, 17.442913], [78.3925723, 17.4425615], [78.3925044, 17.4421846], [78.3924266, 17.4417949]]}, "properties": {"class": "residential"}}, {"type": "Feature", "geometry": {"type": "LineString", "coordinates": [[78.381157, 17.4514007], [78.3809865, 17.4515775]]}, "properties": {"class": "primary"}}, {"type": "Feature", "geometry": {"type": "LineString", "coordinates": [[78.399394, 17.4263193], [78.3999188, 17.4264395], [78.4006196, 17.426567], [78.4013394, 17.4266793], [78.4016887, 17.426749], [78.4028284, 17.4269765], [78.402958, 17.4270389], [78.4030408, 17.4271247], [78.4030864, 17.4271848], [78.403255, 17.4274575], [78.4034307, 17.4277416]]}, "properties": {"class": "secondary"}}, {"type": "Feature", "geometry": {"type": "LineString", "coordinates": [[78.4023285, 17.4301377], [78.4015467, 17.4292311], [78.4008972, 17.4285065]]}, "properties": {"class": "residential"}}, {"type": "Feature", "geometry": {"type": "LineString", "coordinates": [[78.3965369, 17.4306122], [78.3965562, 17.4306949], [78.3966452, 17.4310779], [78.3967641, 17.4314534], [78.3967697, 17.4315053], [78.3967129, 17.4316486], [78.3966984, 17.4317188], [78.3967041, 17.4317911], [78.3967858, 17.4320397], [78.3970726, 17.4319324]]}, "properties": {"class": "residential"}}, {"type": "Feature", "geometry": {"type": "LineString", "coordinates": [[78.3945833, 17.4305244], [78.3939634, 17.4305086], [78.3936395, 17.4304651]]}, "properties": {"class": "residential"}}, {"type": "Feature", "geometry": {"type": "LineString", "coordinates": [[78.363576, 17.43823], [78.3632606, 17.4376602], [78.3623429, 17.436318], [78.3615473, 17.4351302], [78.3613566, 17.4348589], [78.360861, 17.4340877], [78.3605242, 17.4334659], [78.3602375, 17.4329329], [78.3601827, 17.4328087]]}, "properties": {"class": "motorway"}}, {"type": "Feature", "geometry": {"type": "LineString", "coordinates": [[78.3550124, 17.4186002], [78.3549146, 17.4184278], [78.3548545, 17.4183448], [78.3547983, 17.418236], [78.3546602, 17.4179513], [78.3545784, 17.417785], [78.3545182, 17.4176462]]}, "properties": {"class": "tertiary"}}, {"type": "Feature", "geometry": {"type": "LineString", "coordinates": [[78.3900214, 17.4382518], [78.3900871, 17.4382409], [78.3902475, 17.4382148], [78.3906585, 17.4381458]]}, "properties": {"class": "residential"}}, {"type": "Feature", "geometry": {"type": "LineString", "coordinates": [[78.3815473, 17.4467876], [78.3810852, 17.4450522]]}, "properties": {"class": "residential"}}, {"type": "Feature", "geometry": {"type": "LineString", "coordinates": [[78.3791236, 17.4462106], [78.3808116, 17.4457894]]}, "properties": {"class": "residential"}}, {"type": "Feature", "geometry": {"type": "LineString", "coordinates": [[78.3820273, 17.4466701], [78.3815598, 17.4450365]]}, "properties": {"class": "residential"}}, {"type": "Feature", "geometry": {"type": "LineString", "coordinates": [[78.3838275, 17.4446771], [78.3827657, 17.444902]]}, "properties": {"class": "residential"}}, {"type": "Feature", "geometry": {"type": "LineString", "coordinates": [[78.3824681, 17.4465571], [78.3823739, 17.4461761], [78.382266, 17.4457891], [78.3821774, 17.4454251], [78.3820667, 17.4449892]]}, "properties": {"class": "residential"}}, {"type": "Feature", "geometry": {"type": "LineString", "coordinates": [[78.3811436, 17.447047], [78.3804507, 17.4472041], [78.3799092, 17.4473293], [78.379274, 17.4474859]]}, "properties": {"class": "residential"}}, {"type": "Feature", "geometry": {"type": "LineString", "coordinates": [[78.3821672, 17.4429213], [78.3822381, 17.4432824], [78.3823287, 17.4436834], [78.3823301, 17.4436892], [78.38243, 17.4441019], [78.3824757, 17.4442728], [78.3825253, 17.4443419], [78.3826011, 17.4443944], [78.3826621, 17.4444379], [78.3827657, 17.444902], [78.3828535, 17.4452648]]}, "properties": {"class": "residential"}}, {"type": "Feature", "geometry": {"type": "LineString", "coordinates": [[78.3788351, 17.4454378], [78.378886, 17.4454224], [78.3793298, 17.4452883], [78.3800255, 17.4451057], [78.3800872, 17.4451057], [78.3801234, 17.44513], [78.3801381, 17.4451569], [78.3802163, 17.4454779]]}, "properties": {"class": "residential"}}, {"type": "Feature", "geometry": {"type": "LineString", "coordinates": [[78.3812875, 17.4478437], [78.3813096, 17.4478194], [78.3813237, 17.4478008], [78.3813277, 17.4477567], [78.38123, 17.4474359], [78.3811436, 17.447047], [78.3811033, 17.4468988], [78.381037, 17.446646], [78.380925, 17.4462139], [78.3808116, 17.4457894], [78.3806992, 17.4453426], [78.3806401, 17.4451148]]}, "properties": {"class": "residential"}}, {"type": "Feature", "geometry": {"type": "LineString", "coordinates": [[78.3801309, 17.4481857], [78.3801598, 17.4483132], [78.3802075, 17.4484867], [78.3803344, 17.4488491], [78.3804138, 17.4492142], [78.3805096, 17.44959], [78.3804925, 17.449647], [78.3804552, 17.4496781], [78.379781, 17.4498509], [78.3795321, 17.4499073], [78.3794594, 17.4498955]]}, "properties": {"class": "residential"}}, {"type": "Feature", "geometry": {"type": "LineString", "coordinates": [[78.3792731, 17.4478918], [78.38123, 17.4474359]]}, "properties": {"class": "residential"}}, {"type": "Feature", "geometry": {"type": "LineString", "coordinates": [[78.3791915, 17.4457226], [78.3802163, 17.4454779], [78.3806992, 17.4453426]]}, "properties": {"class": "residential"}}, {"type": "Feature", "geometry": {"type": "LineString", "coordinates": [[78.380925, 17.4462139], [78.3797101, 17.4465279], [78.3791586, 17.4466463]]}, "properties": {"class": "residential"}}, {"type": "Feature", "geometry": {"type": "LineString", "coordinates": [[78.3784356, 17.447447], [78.378508, 17.4474064], [78.3789565, 17.4471548], [78.3798237, 17.4469495], [78.381037, 17.446646]]}, "properties": {"class": "residential"}}, {"type": "Feature", "geometry": {"type": "LineString", "coordinates": [[78.3798237, 17.4469495], [78.3797101, 17.4465279]]}, "properties": {"class": "residential"}}, {"type": "Feature", "geometry": {"type": "LineString", "coordinates": [[78.3939878, 17.4348531], [78.3939288, 17.4349007], [78.3934084, 17.4353208], [78.3932767, 17.4354271], [78.3928647, 17.4357597], [78.3924554, 17.4360901]]}, "properties": {"class": "residential"}}, {"type": "Feature", "geometry": {"type": "LineString", "coordinates": [[78.3665015, 17.4684383], [78.3666535, 17.4684624], [78.3669068, 17.4684946], [78.3669755, 17.4685074], [78.3670191, 17.4685343]]}, "properties": {"class": "residential"}}, {"type": "Feature", "geometry": {"type": "LineString", "coordinates": [[78.3723845, 17.4555308], [78.3727234, 17.4559802], [78.3728207, 17.4561092], [78.3730034, 17.4564327], [78.3733002, 17.4568225], [78.3733966, 17.4569555], [78.3736123, 17.4572423], [78.373647, 17.4573589], [78.3736657, 17.4574152], [78.3736778, 17.4574577]]}, "properties": {"class": "secondary"}}, {"type": "Feature", "geometry": {"type": "LineString", "coordinates": [[78.3693019, 17.4582528], [78.3691444, 17.4575207], [78.3689619, 17.4567894], [78.3688239, 17.456432], [78.3688028, 17.4563803]]}, "properties": {"class": "residential"}}, {"type": "Feature", "geometry": {"type": "LineString", "coordinates": [[78.3723386, 17.450385], [78.3722474, 17.4504752], [78.3720017, 17.4507183], [78.3719324, 17.4507868], [78.3718092, 17.4509086], [78.3714554, 17.4512584], [78.3712873, 17.4514247], [78.3711836, 17.4515117], [78.3711573, 17.4515407], [78.3710534, 17.4516551], [78.3709938, 17.4516744], [78.3709304, 17.4516548], [78.3706865, 17.451474], [78.3705642, 17.4514511], [78.3704358, 17.4515072], [78.3704163, 17.4515268], [78.3702834, 17.4516598], [78.3700337, 17.4519095], [78.3699772, 17.451966], [78.3699661, 17.4519803], [78.3699077, 17.4520557], [78.369871, 17.4521204], [78.369872, 17.4522095], [78.3699865, 17.4523599], [78.3704515, 17.4529707], [78.3708857, 17.4535234], [78.3709698, 17.4536305], [78.3711045, 17.4538174], [78.3714737, 17.4543549], [78.3717552, 17.4547543], [78.3719289, 17.4549569], [78.3723845, 17.4555308]]}, "properties": {"class": "secondary"}}, {"type": "Feature", "geometry": {"type": "LineString", "coordinates": [[78.3744127, 17.4479574], [78.3746515, 17.4479085], [78.3748149, 17.4478751], [78.3753367, 17.4477205], [78.375416, 17.4476978], [78.3754769, 17.4476793], [78.3758918, 17.4475572], [78.3765309, 17.4473692], [78.3766194, 17.4473414], [78.3766536, 17.4473306], [78.3767736, 17.4472957], [78.3773012, 17.4471425], [78.3778204, 17.4469855]]}, "properties": {"class": "tertiary"}}, {"type": "Feature", "geometry": {"type": "LineString", "coordinates": [[78.3613201, 17.4335001], [78.3613885, 17.4335037], [78.3615086, 17.4334022], [78.361821, 17.4331958], [78.3620123, 17.4330555], [78.3622117, 17.4329357], [78.3624714, 17.4327839], [78.3628295, 17.432564], [78.3631865, 17.4323611]]}, "properties": {"class": "residential"}}, {"type": "Feature", "geometry": {"type": "LineString", "coordinates": [[78.3875948, 17.4441851], [78.3867696, 17.4451045], [78.3858915, 17.4460474]]}, "properties": {"class": "residential"}}, {"type": "Feature", "geometry": {"type": "LineString", "coordinates": [[78.3877664, 17.4458964], [78.3876019, 17.4452531], [78.3875046, 17.4448729]]}, "properties": {"class": "residential"}}, {"type": "Feature", "geometry": {"type": "LineString", "coordinates": [[78.3666732, 17.4551443], [78.366569, 17.4551852], [78.3663227, 17.4552819], [78.3659802, 17.4554312], [78.365918, 17.4554569], [78.3658795, 17.4554707], [78.3658393, 17.4554869], [78.3657964, 17.4555033], [78.3654065, 17.4556518], [78.3653455, 17.4556773], [78.3651107, 17.4557836], [78.364551, 17.456094]]}, "properties": {"class": "residential"}}, {"type": "Feature", "geometry": {"type": "LineString", "coordinates": [[78.3671381, 17.4542684], [78.3667552, 17.4544146], [78.3667204, 17.4544363], [78.366711, 17.4544715], [78.3667224, 17.4545214], [78.366943, 17.4550384], [78.3671924, 17.455598]]}, "properties": {"class": "residential"}}, {"type": "Feature", "geometry": {"type": "LineString", "coordinates": [[78.3698495, 17.4542564], [78.3693536, 17.4544506], [78.3689133, 17.4546221]]}, "properties": {"class": "residential"}}, {"type": "Feature", "geometry": {"type": "LineString", "coordinates": [[78.3981653, 17.441182], [78.39847, 17.440782], [78.398905, 17.4401863]]}, "properties": {"class": "residential"}}, {"type": "Feature", "geometry": {"type": "LineString", "coordinates": [[78.3956176, 17.4398071], [78.3949687, 17.4384435]]}, "properties": {"class": "residential"}}, {"type": "Feature", "geometry": {"type": "LineString", "coordinates": [[78.3984816, 17.4398883], [78.398905, 17.4401863], [78.3997355, 17.4407325]]}, "properties": {"class": "residential"}}, {"type": "Feature", "geometry": {"type": "LineString", "coordinates": [[78.3669075, 17.4640812], [78.3668268, 17.4635129], [78.366654, 17.4624027]]}, "properties": {"class": "residential"}}, {"type": "Feature", "geometry": {"type": "LineString", "coordinates": [[78.3660964, 17.4644415], [78.3659768, 17.4635962], [78.3658428, 17.4625147]]}, "properties": {"class": "residential"}}, {"type": "Feature", "geometry": {"type": "LineString", "coordinates": [[78.3667354, 17.4623935], [78.3666513, 17.4615815], [78.3665751, 17.461122]]}, "properties": {"class": "residential"}}, {"type": "Feature", "geometry": {"type": "LineString", "coordinates": [[78.3661027, 17.4652478], [78.3661505, 17.4654017]]}, "properties": {"class": "residential"}}, {"type": "Feature", "geometry": {"type": "LineString", "coordinates": [[78.3850951, 17.4472926], [78.3859798, 17.4472671]]}, "properties": {"class": "residential"}}, {"type": "Feature", "geometry": {"type": "LineString", "coordinates": [[78.3920511, 17.4440994], [78.3918785, 17.4445045]]}, "properties": {"class": "residential"}}, {"type": "Feature", "geometry": {"type": "LineString", "coordinates": [[78.3984715, 17.4488902], [78.3988039, 17.4496312], [78.3989632, 17.4499843], [78.3989672, 17.4500103], [78.3989592, 17.4500302], [78.3987513, 17.4501365], [78.3987272, 17.4501671], [78.3987191, 17.4502042], [78.3987383, 17.450323], [78.3987627, 17.450747], [78.3987821, 17.4512154]]}, "properties": {"class": "residential"}}, {"type": "Feature", "geometry": {"type": "LineString", "coordinates": [[78.3995428, 17.4491801], [78.3988039, 17.4496312], [78.3983348, 17.4498782]]}, "properties": {"class": "residential"}}, {"type": "Feature", "geometry": {"type": "LineString", "coordinates": [[78.3983794, 17.4513245], [78.3986084, 17.4512938], [78.3987846, 17.4512725], [78.3989449, 17.4512662]]}, "properties": {"class": "tertiary"}}, {"type": "Feature", "geometry": {"type": "LineString", "coordinates": [[78.4001024, 17.4417241], [78.4002825, 17.442255], [78.4007255, 17.4436005], [78.4011298, 17.4449779], [78.4013042, 17.4455978], [78.401492, 17.4462651], [78.4015113, 17.4463289], [78.4015257, 17.4463388], [78.4015503, 17.4463396], [78.4020102, 17.4462126], [78.4025588, 17.4460595]]}, "properties": {"class": "residential"}}, {"type": "Feature", "geometry": {"type": "LineString", "coordinates": [[78.3979902, 17.4473064], [78.3982149, 17.4481044]]}, "properties": {"class": "residential"}}, {"type": "Feature", "geometry": {"type": "LineString", "coordinates": [[78.4006643, 17.4404342], [78.4002016, 17.4410546], [78.4001064, 17.4411788], [78.3996425, 17.4417872], [78.3996257, 17.4418214], [78.399626, 17.4418606], [78.399782, 17.4423928], [78.400188, 17.443755], [78.4006152, 17.4451279], [78.4007986, 17.4457876]]}, "properties": {"class": "residential"}}, {"type": "Feature", "geometry": {"type": "LineString", "coordinates": [[78.3995455, 17.4468895], [78.399044, 17.4470339], [78.3989963, 17.4470476], [78.3984831, 17.4471857], [78.3979902, 17.4473064], [78.3975012, 17.4474336]]}, "properties": {"class": "residential"}}, {"type": "Feature", "geometry": {"type": "LineString", "coordinates": [[78.4002016, 17.4410546], [78.40048, 17.4412623], [78.4005269, 17.4413084], [78.4005543, 17.441365], [78.4007636, 17.4421211], [78.4011754, 17.4434757], [78.4015894, 17.4448566], [78.4017803, 17.4454717], [78.4020102, 17.4462126]]}, "properties": {"class": "residential"}}, {"type": "Feature", "geometry": {"type": "LineString", "coordinates": [[78.3997761, 17.4479267], [78.3993327, 17.4480823], [78.398883, 17.4482644], [78.3978764, 17.4486696]]}, "properties": {"class": "residential"}}, {"type": "Feature", "geometry": {"type": "LineString", "coordinates": [[78.3992636, 17.4207888], [78.3993441, 17.4198214]]}, "properties": {"class": "residential"}}, {"type": "Feature", "geometry": {"type": "LineString", "coordinates": [[78.4018361, 17.4231111], [78.4020181, 17.4230589], [78.4024193, 17.4229058], [78.4032743, 17.4224848], [78.4034006, 17.4223913]]}, "properties": {"class": "residential"}}, {"type": "Feature", "geometry": {"type": "LineString", "coordinates": [[78.4022023, 17.4179719], [78.4022035, 17.4179978], [78.4022096, 17.4181019], [78.4022078, 17.4181914], [78.4021493, 17.4186782]]}, "properties": {"class": "residential"}}, {"type": "Feature", "geometry": {"type": "LineString", "coordinates": [[78.4015301, 17.4181759], [78.4015173, 17.4185962]]}, "properties": {"class": "residential"}}, {"type": "Feature", "geometry": {"type": "LineString", "coordinates": [[78.3987486, 17.419476], [78.3991916, 17.4185735], [78.3992572, 17.4184398]]}, "properties": {"class": "residential"}}, {"type": "Feature", "geometry": {"type": "LineString", "coordinates": [[78.4018361, 17.4231111], [78.4017003, 17.4231256], [78.4011117, 17.4231456], [78.4010231, 17.4231226], [78.4009587, 17.4230765], [78.4009453, 17.4230177], [78.4009506, 17.4229307], [78.4010096, 17.4228513], [78.401125, 17.4227797], [78.401294, 17.4227131], [78.4015541, 17.4226645], [78.4018653, 17.4226005], [78.4019666, 17.4225703], [78.4029677, 17.4220402]]}, "properties": {"class": "residential"}}, {"type": "Feature", "geometry": {"type": "LineString", "coordinates": [[78.4024718, 17.4204819], [78.4022756, 17.4203716], [78.4021052, 17.4202901], [78.4019323, 17.4202488], [78.4017931, 17.4202365], [78.4016654, 17.4202252], [78.4006718, 17.4201823], [78.4001288, 17.420169], [78.3999451, 17.4201645]]}, "properties": {"class": "residential"}}, {"type": "Feature", "geometry": {"type": "LineString", "coordinates": [[78.3977393, 17.4260202], [78.3978011, 17.4259242], [78.3978465, 17.4258482], [78.3980298, 17.425541]]}, "properties": {"class": "residential"}}, {"type": "Feature", "geometry": {"type": "LineString", "coordinates": [[78.3980298, 17.425541], [78.399622, 17.4251561], [78.4001259, 17.4250693]]}, "properties": {"class": "residential"}}, {"type": "Feature", "geometry": {"type": "LineString", "coordinates": [[78.3967798, 17.4246428], [78.3967396, 17.4245404], [78.3966994, 17.4244892], [78.3966243, 17.4244534], [78.3965492, 17.4244406], [78.3964794, 17.4244534]]}, "properties": {"class": "residential"}}, {"type": "Feature", "geometry": {"type": "LineString", "coordinates": [[78.3955299, 17.423875], [78.3956506, 17.4236677], [78.395707, 17.4235449], [78.3957392, 17.4234195], [78.3957526, 17.4232685], [78.3957526, 17.4230691], [78.3957526, 17.4230433], [78.3957031, 17.4226311], [78.3957821, 17.4220172], [78.3958357, 17.4217971], [78.3959864, 17.4213309], [78.396002, 17.4212827], [78.396124, 17.4208782]]}, "properties": {"class": "residential"}}, {"type": "Feature", "geometry": {"type": "LineString", "coordinates": [[78.397488, 17.4197242], [78.3975369, 17.4200805], [78.3976489, 17.4208963], [78.396544, 17.4208697], [78.396124, 17.4208782], [78.3956623, 17.4208728], [78.3952856, 17.4209021]]}, "properties": {"class": "residential"}}, {"type": "Feature", "geometry": {"type": "LineString", "coordinates": [[78.396544, 17.4208697], [78.3965438, 17.4211138], [78.3965408, 17.4211982], [78.3965741, 17.4212469], [78.3966797, 17.4213194], [78.3976382, 17.4218381]]}, "properties": {"class": "residential"}}, {"type": "Feature", "geometry": {"type": "LineString", "coordinates": [[78.3972979, 17.4194111], [78.3969756, 17.4195337], [78.3966352, 17.4189499], [78.3961857, 17.4190816], [78.3953752, 17.4194496], [78.3956989, 17.4202872], [78.396525, 17.4201951]]}, "properties": {"class": "residential"}}, {"type": "Feature", "geometry": {"type": "LineString", "coordinates": [[78.398068, 17.4200396], [78.3975369, 17.4200805], [78.396525, 17.4201951]]}, "properties": {"class": "residential"}}, {"type": "Feature", "geometry": {"type": "LineString", "coordinates": [[78.396466, 17.4253568], [78.3965894, 17.4251341], [78.3967155, 17.4249499], [78.3969289, 17.4247461], [78.3969944, 17.4246735], [78.3971956, 17.4244867], [78.3973458, 17.423916], [78.3974155, 17.4237055], [78.3970186, 17.4231795]]}, "properties": {"class": "residential"}}, {"type": "Feature", "geometry": {"type": "LineString", "coordinates": [[78.3950762, 17.4251364], [78.3951142, 17.4250482], [78.3953731, 17.4243305]]}, "properties": {"class": "residential"}}, {"type": "Feature", "geometry": {"type": "LineString", "coordinates": [[78.3954548, 17.4240516], [78.3953905, 17.4240798], [78.3953395, 17.4241361], [78.3953288, 17.4241949], [78.3953449, 17.4242615], [78.3953731, 17.4243305]]}, "properties": {"class": "residential"}}, {"type": "Feature", "geometry": {"type": "LineString", "coordinates": [[78.396458, 17.4233581], [78.3966913, 17.4236652], [78.3967289, 17.4237496], [78.3967316, 17.4238187], [78.3967101, 17.423939], [78.396686, 17.4240414], [78.396431, 17.4244239]]}, "properties": {"class": "residential"}}, {"type": "Feature", "geometry": {"type": "LineString", "coordinates": [[78.3959864, 17.4213309], [78.3969891, 17.4219712], [78.3969912, 17.4220096], [78.3970186, 17.4225214], [78.3972935, 17.4230493], [78.3972492, 17.4231303], [78.3970186, 17.4231795], [78.396458, 17.4233581], [78.3958995, 17.4235722], [78.3956506, 17.4236677]]}, "properties": {"class": "residential"}}, {"type": "Feature", "geometry": {"type": "LineString", "coordinates": [[78.4000602, 17.4273837], [78.3997676, 17.4275824], [78.3995667, 17.4277779], [78.3994729, 17.4279468], [78.3990678, 17.4284739], [78.3991099, 17.4292935], [78.3997055, 17.4304603]]}, "properties": {"class": "residential"}}, {"type": "Feature", "geometry": {"type": "LineString", "coordinates": [[78.3994729, 17.4279468], [78.4009224, 17.4284777]]}, "properties": {"class": "residential"}}, {"type": "Feature", "geometry": {"type": "LineString", "coordinates": [[78.3991099, 17.4292935], [78.4008972, 17.4285065]]}, "properties": {"class": "residential"}}, {"type": "Feature", "geometry": {"type": "LineString", "coordinates": [[78.3950324, 17.4283843], [78.3960959, 17.4281041], [78.3964339, 17.4280645], [78.3967262, 17.4280466], [78.3969154, 17.4280619], [78.3970266, 17.4280926], [78.39715, 17.428163], [78.3974035, 17.4283933], [78.3976851, 17.4287311], [78.397797, 17.4289894], [78.3979663, 17.4293801], [78.3981674, 17.4298621], [78.3982538, 17.4300693], [78.3983088, 17.4302013], [78.3984697, 17.4305927], [78.3985233, 17.4308435], [78.3985936, 17.4310711]]}, "properties": {"class": "residential"}}, {"type": "Feature", "geometry": {"type": "LineString", "coordinates": [[78.3970715, 17.4297157], [78.3966337, 17.4297893], [78.3963306, 17.4297778], [78.3958584, 17.4296803], [78.3957378, 17.4296712], [78.3957028, 17.4296928]]}, "properties": {"class": "residential"}}, {"type": "Feature", "geometry": {"type": "LineString", "coordinates": [[78.3957028, 17.4296928], [78.3957031, 17.4297287], [78.3960342, 17.4302543], [78.3961919, 17.4305047]]}, "properties": {"class": "residential"}}, {"type": "Feature", "geometry": {"type": "LineString", "coordinates": [[78.3958584, 17.4296803], [78.3957124, 17.429147], [78.3962864, 17.4289525], [78.3965626, 17.4288782], [78.3968809, 17.4289645]]}, "properties": {"class": "residential"}}, {"type": "Feature", "geometry": {"type": "LineString", "coordinates": [[78.398483, 17.4310571], [78.3985716, 17.4316419], [78.3985689, 17.4319336], [78.3985341, 17.4320539]]}, "properties": {"class": "residential"}}, {"type": "Feature", "geometry": {"type": "LineString", "coordinates": [[78.3981573, 17.4321746], [78.3980069, 17.4312147], [78.3979771, 17.4309751]]}, "properties": {"class": "residential"}}, {"type": "Feature", "geometry": {"type": "LineString", "coordinates": [[78.3981573, 17.4321746], [78.3981579, 17.4321911], [78.3981476, 17.4322024], [78.3979035, 17.4322709], [78.3978859, 17.4322636], [78.3978768, 17.432249], [78.3978389, 17.4320587], [78.3975773, 17.4312686], [78.3974285, 17.4308565]]}, "properties": {"class": "residential"}}, {"type": "Feature", "geometry": {"type": "LineString", "coordinates": [[78.3985662, 17.4322254], [78.3979343, 17.432455], [78.3976985, 17.4325606], [78.3972439, 17.4310994], [78.397138, 17.4307756]]}, "properties": {"class": "residential"}}, {"type": "Feature", "geometry": {"type": "LineString", "coordinates": [[78.3984693, 17.4319756], [78.3985341, 17.4320539], [78.3985662, 17.4322254], [78.3987321, 17.4326023], [78.3988842, 17.4328368]]}, "properties": {"class": "residential"}}, {"type": "Feature", "geometry": {"type": "LineString", "coordinates": [[78.3982346, 17.4317674], [78.3980993, 17.4309955]]}, "properties": {"class": "residential"}}, {"type": "Feature", "geometry": {"type": "LineString", "coordinates": [[78.3976382, 17.4218381], [78.3976838, 17.4219584], [78.3969912, 17.4220096]]}, "properties": {"class": "residential"}}, {"type": "Feature", "geometry": {"type": "LineString", "coordinates": [[78.4001845, 17.4331403], [78.4009085, 17.432583], [78.4017151, 17.4319646], [78.4021513, 17.4321902]]}, "properties": {"class": "residential"}}, {"type": "Feature", "geometry": {"type": "LineString", "coordinates": [[78.3676441, 17.4503841], [78.3673866, 17.4504225], [78.3671457, 17.450484], [78.3669033, 17.4505463], [78.3666265, 17.4505804], [78.3663642, 17.4506128], [78.3661207, 17.4506545], [78.3658782, 17.4507041], [78.3650508, 17.4508027]]}, "properties": {"class": "residential"}}, {"type": "Feature", "geometry": {"type": "LineString", "coordinates": [[78.3683215, 17.4498834], [78.3681474, 17.4496719], [78.3680265, 17.4494638]]}, "properties": {"class": "residential"}}, {"type": "Feature", "geometry": {"type": "LineString", "coordinates": [[78.3692174, 17.4475943], [78.3693478, 17.4477351], [78.3695073, 17.4479065], [78.3696552, 17.4480658], [78.3698132, 17.4482357], [78.3699868, 17.4484224], [78.3701607, 17.4486088], [78.3703119, 17.4487708], [78.3704674, 17.4489375], [78.3706166, 17.4490975], [78.3707737, 17.4492659], [78.3709203, 17.4494272], [78.3710758, 17.4495946], [78.3712317, 17.4497853], [78.3713819, 17.4499221]]}, "properties": {"class": "residential"}}, {"type": "Feature", "geometry": {"type": "LineString", "coordinates": [[78.3693536, 17.4544506], [78.3691136, 17.4531165], [78.3690653, 17.4530009], [78.3689923, 17.4529707], [78.3685666, 17.4530225], [78.3680466, 17.4531043]]}, "properties": {"class": "residential"}}, {"type": "Feature", "geometry": {"type": "LineString", "coordinates": [[78.3689929, 17.4548086], [78.3689373, 17.4546854], [78.3689133, 17.4546221], [78.3688654, 17.4545049], [78.3687294, 17.4540251], [78.3685666, 17.4530225], [78.3685232, 17.452748], [78.3684832, 17.4524902], [78.3681654, 17.4520134], [78.3681161, 17.4518554], [78.3679521, 17.4513261], [78.3679467, 17.4513084]]}, "properties": {"class": "residential"}}, {"type": "Feature", "geometry": {"type": "LineString", "coordinates": [[78.3664884, 17.451604], [78.3665485, 17.4518398], [78.3666044, 17.4520524], [78.3666707, 17.4522704], [78.3669359, 17.4522033], [78.3672929, 17.452113]]}, "properties": {"class": "residential"}}, {"type": "Feature", "geometry": {"type": "LineString", "coordinates": [[78.3437038, 17.4652401], [78.3438007, 17.465232], [78.3444581, 17.4649125], [78.3448868, 17.464679], [78.3452507, 17.4644703], [78.3454646, 17.4643337], [78.3458498, 17.4640821], [78.3459609, 17.4640307], [78.3462738, 17.4638861], [78.3465924, 17.4637647], [78.3468906, 17.4636338], [78.3472576, 17.4635018], [78.3473665, 17.4634651], [78.3480755, 17.4632262], [78.3490442, 17.462868], [78.3491419, 17.4628318], [78.3492354, 17.4627972], [78.3497701, 17.4625995], [78.3498368, 17.4625748], [78.3499659, 17.4625271], [78.3506108, 17.4622759], [78.3508855, 17.4621737], [78.3513598, 17.4619701], [78.3517179, 17.46179], [78.3518926, 17.4616958], [78.3519108, 17.4616908], [78.3522271, 17.4615398], [78.3526167, 17.4613309], [78.3532196, 17.4609852], [78.3535416, 17.4608023], [78.3538672, 17.4606245], [78.3542016, 17.4604503], [78.3546277, 17.4602284], [78.3546518, 17.4602172]]}, "properties": {"class": "secondary"}}, {"type": "Feature", "geometry": {"type": "LineString", "coordinates": [[78.3699175, 17.4475507], [78.3695073, 17.4479065], [78.3689381, 17.448415]]}, "properties": {"class": "residential"}}, {"type": "Feature", "geometry": {"type": "LineString", "coordinates": [[78.3683864, 17.4488803], [78.3685336, 17.4490402]]}, "properties": {"class": "residential"}}, {"type": "Feature", "geometry": {"type": "LineString", "coordinates": [[78.3700757, 17.4477017], [78.3696552, 17.4480658], [78.3690836, 17.4485692], [78.3685336, 17.4490402], [78.3680265, 17.4494638]]}, "properties": {"class": "residential"}}, {"type": "Feature", "geometry": {"type": "LineString", "coordinates": [[78.3685336, 17.4490402], [78.3686838, 17.449216], [78.3688709, 17.4494053], [78.3690311, 17.4496019], [78.3691856, 17.4497669], [78.3693353, 17.4499337], [78.369493, 17.4500838], [78.3696469, 17.4502463], [78.3697912, 17.4504124], [78.3699472, 17.4505849], [78.3701014, 17.4507556], [78.370232, 17.4509072]]}, "properties": {"class": "residential"}}, {"type": "Feature", "geometry": {"type": "LineString", "coordinates": [[78.372251, 17.4479806], [78.3719058, 17.4482824], [78.3713566, 17.4487588], [78.3707737, 17.4492659], [78.3701951, 17.4497693], [78.3696469, 17.4502463], [78.3690806, 17.450739]]}, "properties": {"class": "residential"}}, {"type": "Feature", "geometry": {"type": "LineString", "coordinates": [[78.3685603, 17.4508592], [78.3689177, 17.450562], [78.369493, 17.4500838], [78.3700494, 17.4496049], [78.3706166, 17.4490975], [78.3712023, 17.4485906], [78.3717503, 17.4481146], [78.3721231, 17.4477855]]}, "properties": {"class": "residential"}}, {"type": "Feature", "geometry": {"type": "LineString", "coordinates": [[78.3689381, 17.448415], [78.3683864, 17.4488803], [78.3678998, 17.4493]]}, "properties": {"class": "residential"}}, {"type": "Feature", "geometry": {"type": "LineString", "coordinates": [[78.3674926, 17.4498889], [78.3674158, 17.4495961], [78.3673701, 17.4494331], [78.3684101, 17.4485512], [78.3687718, 17.4482364], [78.3693478, 17.4477351], [78.3697565, 17.4473793]]}, "properties": {"class": "residential"}}, {"type": "Feature", "geometry": {"type": "LineString", "coordinates": [[78.3668853, 17.44953], [78.3669357, 17.4497167], [78.3671457, 17.450484], [78.3673595, 17.4513875]]}, "properties": {"class": "residential"}}, {"type": "Feature", "geometry": {"type": "LineString", "coordinates": [[78.3675863, 17.4522188], [78.3674638, 17.4517941], [78.3673595, 17.4513875]]}, "properties": {"class": "residential"}}, {"type": "Feature", "geometry": {"type": "LineString", "coordinates": [[78.3671148, 17.4514438], [78.3670389, 17.4510852], [78.3669033, 17.4505463], [78.3668444, 17.4503121], [78.3666237, 17.4495658]]}, "properties": {"class": "residential"}}, {"type": "Feature", "geometry": {"type": "LineString", "coordinates": [[78.3671927, 17.4496546], [78.3672187, 17.4497576], [78.3673866, 17.4504225], [78.3676167, 17.4513337], [78.3677912, 17.451953], [78.3678229, 17.4520655]]}, "properties": {"class": "residential"}}, {"type": "Feature", "geometry": {"type": "LineString", "coordinates": [[78.3669357, 17.4497167], [78.3671927, 17.4496546]]}, "properties": {"class": "residential"}}, {"type": "Feature", "geometry": {"type": "LineString", "coordinates": [[78.3684719, 17.451337], [78.3686446, 17.4518836]]}, "properties": {"class": "residential"}}, {"type": "Feature", "geometry": {"type": "LineString", "coordinates": [[78.3692523, 17.451719], [78.3686446, 17.4518836], [78.3681654, 17.4520134]]}, "properties": {"class": "residential"}}, {"type": "Feature", "geometry": {"type": "LineString", "coordinates": [[78.3663642, 17.4506128], [78.3664201, 17.4511357], [78.3664666, 17.4516096]]}, "properties": {"class": "residential"}}, {"type": "Feature", "geometry": {"type": "LineString", "coordinates": [[78.3659143, 17.4511762], [78.3651029, 17.4512585], [78.3647811, 17.4513117]]}, "properties": {"class": "residential"}}, {"type": "Feature", "geometry": {"type": "LineString", "coordinates": [[78.3661207, 17.4506545], [78.3661789, 17.4511527], [78.3662346, 17.4516691]]}, "properties": {"class": "residential"}}, {"type": "Feature", "geometry": {"type": "LineString", "coordinates": [[78.3666839, 17.4515564], [78.366647, 17.451125], [78.3666265, 17.4505804]]}, "properties": {"class": "residential"}}, {"type": "Feature", "geometry": {"type": "LineString", "coordinates": [[78.3637325, 17.4522779], [78.3641678, 17.4522212], [78.3644117, 17.4521848], [78.3646455, 17.4521527], [78.3646739, 17.4521488], [78.3648744, 17.4521], [78.364926, 17.4520874], [78.3651024, 17.4520204], [78.3652291, 17.4519723], [78.3653449, 17.4519356], [78.3655888, 17.4518605], [78.3656517, 17.4518384], [78.3659722, 17.4517458], [78.366068, 17.4517179], [78.3662346, 17.4516691], [78.3662915, 17.4516594], [78.3664666, 17.4516096], [78.3664884, 17.451604], [78.3666839, 17.4515564], [78.3669555, 17.4514843], [78.3671148, 17.4514438], [78.3673595, 17.4513875], [78.3676167, 17.4513337], [78.3678501, 17.4512829], [78.3679394, 17.4512613], [78.3681647, 17.4512276], [78.3684961, 17.451243], [78.3687644, 17.45122], [78.3688797, 17.4511918], [78.3690138, 17.4510972], [78.369215, 17.4509155], [78.3692284, 17.4509038]]}, "properties": {"class": "residential"}}, {"type": "Feature", "geometry": {"type": "LineString", "coordinates": [[78.3657816, 17.4525761], [78.3657494, 17.4523932], [78.365744, 17.452331], [78.3656932, 17.4520742], [78.3656517, 17.4518384]]}, "properties": {"class": "residential"}}, {"type": "Feature", "geometry": {"type": "LineString", "coordinates": [[78.3662616, 17.4525685], [78.3661828, 17.4522434], [78.3661321, 17.4519912], [78.366122, 17.4519465], [78.366068, 17.4517179]]}, "properties": {"class": "residential"}}, {"type": "Feature", "geometry": {"type": "LineString", "coordinates": [[78.3661321, 17.4519912], [78.3656932, 17.4520742]]}, "properties": {"class": "residential"}}, {"type": "Feature", "geometry": {"type": "LineString", "coordinates": [[78.3664979, 17.4525283], [78.3662915, 17.4516594]]}, "properties": {"class": "residential"}}, {"type": "Feature", "geometry": {"type": "LineString", "coordinates": [[78.3706068, 17.4485103], [78.3703119, 17.4487708], [78.3697432, 17.4492893], [78.3691856, 17.4497669], [78.3686166, 17.4502349], [78.3682518, 17.4505291]]}, "properties": {"class": "residential"}}, {"type": "Feature", "geometry": {"type": "LineString", "coordinates": [[78.3690806, 17.450739], [78.3689177, 17.450562], [78.3687696, 17.4504011], [78.3686166, 17.4502349], [78.3684889, 17.4500823], [78.3683215, 17.4498834]]}, "properties": {"class": "residential"}}, {"type": "Feature", "geometry": {"type": "LineString", "coordinates": [[78.3681357, 17.4503622], [78.3684889, 17.4500823], [78.3690311, 17.4496019], [78.3695842, 17.4491143], [78.3701607, 17.4486088], [78.3704351, 17.4483644]]}, "properties": {"class": "residential"}}, {"type": "Feature", "geometry": {"type": "LineString", "coordinates": [[78.3681474, 17.4496719], [78.3686838, 17.449216], [78.3692355, 17.448731], [78.3698132, 17.4482357], [78.3702367, 17.4478706]]}, "properties": {"class": "residential"}}, {"type": "Feature", "geometry": {"type": "LineString", "coordinates": [[78.3723824, 17.4481495], [78.3720584, 17.448439], [78.3715112, 17.4489422], [78.3709203, 17.4494272]]}, "properties": {"class": "residential"}}, {"type": "Feature", "geometry": {"type": "LineString", "coordinates": [[78.3725112, 17.4483337], [78.3722021, 17.4486081], [78.3716489, 17.4491024], [78.3710758, 17.4495946], [78.3705037, 17.4500966], [78.3699472, 17.4505849], [78.3693795, 17.4510655], [78.3690404, 17.4513556]]}, "properties": {"class": "residential"}}, {"type": "Feature", "geometry": {"type": "LineString", "coordinates": [[78.3726347, 17.448524], [78.3723557, 17.448775], [78.3718059, 17.4492736], [78.3712317, 17.4497853], [78.3706564, 17.4502715], [78.3701014, 17.4507556], [78.3695301, 17.4512321]]}, "properties": {"class": "residential"}}, {"type": "Feature", "geometry": {"type": "LineString", "coordinates": [[78.370232, 17.4509072], [78.3696766, 17.4513831]]}, "properties": {"class": "residential"}}, {"type": "Feature", "geometry": {"type": "LineString", "coordinates": [[78.3710526, 17.4484274], [78.3712023, 17.4485906], [78.3713566, 17.4487588], [78.3715112, 17.4489422], [78.3716489, 17.4491024], [78.3718059, 17.4492736], [78.3719435, 17.4493987]]}, "properties": {"class": "residential"}}, {"type": "Feature", "geometry": {"type": "LineString", "coordinates": [[78.3710526, 17.4484274], [78.3704674, 17.4489375], [78.3699049, 17.4494461], [78.3693353, 17.4499337], [78.3687696, 17.4504011], [78.368402, 17.4507031]]}, "properties": {"class": "residential"}}, {"type": "Feature", "geometry": {"type": "LineString", "coordinates": [[78.3689381, 17.448415], [78.3690836, 17.4485692], [78.3692355, 17.448731], [78.369411, 17.4489235], [78.3695842, 17.4491143], [78.3697432, 17.4492893], [78.3699049, 17.4494461], [78.3700494, 17.4496049], [78.3701951, 17.4497693], [78.3703455, 17.4499288], [78.3705037, 17.4500966], [78.3706564, 17.4502715], [78.3707973, 17.45043]]}, "properties": {"class": "residential"}}, {"type": "Feature", "geometry": {"type": "LineString", "coordinates": [[78.3717534, 17.4495933], [78.3713819, 17.4499221], [78.3707973, 17.45043], [78.370232, 17.4509072]]}, "properties": {"class": "residential"}}, {"type": "Feature", "geometry": {"type": "LineString", "coordinates": [[78.3719908, 17.4476096], [78.3715975, 17.4479531], [78.3710526, 17.4484274]]}, "properties": {"class": "residential"}}, {"type": "Feature", "geometry": {"type": "LineString", "coordinates": [[78.3663931, 17.4496221], [78.3665793, 17.4503422]]}, "properties": {"class": "residential"}}, {"type": "Feature", "geometry": {"type": "LineString", "coordinates": [[78.3668444, 17.4503121], [78.3665793, 17.4503422], [78.3663441, 17.4503649], [78.365862, 17.450409], [78.3650198, 17.4504831], [78.3645929, 17.4505441], [78.3638072, 17.4506454]]}, "properties": {"class": "residential"}}, {"type": "Feature", "geometry": {"type": "LineString", "coordinates": [[78.3642764, 17.4483591], [78.3644183, 17.4483478], [78.3646726, 17.4483234], [78.3650417, 17.4482945]]}, "properties": {"class": "residential"}}, {"type": "Feature", "geometry": {"type": "LineString", "coordinates": [[78.3646726, 17.4483234], [78.3646994, 17.4485321], [78.3647883, 17.4488285], [78.3648696, 17.4491065], [78.3649098, 17.4495056], [78.3649581, 17.4500276], [78.3649956, 17.4503036], [78.3650198, 17.4504831], [78.3650404, 17.4506758], [78.3650508, 17.4508027], [78.3650764, 17.4510116]]}, "properties": {"class": "residential"}}, {"type": "Feature", "geometry": {"type": "LineString", "coordinates": [[78.36399, 17.4500862], [78.3644581, 17.4501012], [78.3645109, 17.450097], [78.3647001, 17.4500567], [78.3649581, 17.4500276], [78.365205, 17.4499982], [78.3654482, 17.4499855], [78.3657353, 17.4499515], [78.3657628, 17.449963], [78.3657762, 17.4499751], [78.3658031, 17.4500551], [78.3658288, 17.4501957], [78.3658486, 17.450304], [78.365862, 17.450409], [78.3658707, 17.4505668], [78.3658782, 17.4507041], [78.3659043, 17.4509219], [78.3659143, 17.4511762]]}, "properties": {"class": "residential"}}, {"type": "Feature", "geometry": {"type": "LineString", "coordinates": [[78.3651436, 17.4494794], [78.365205, 17.4499982]]}, "properties": {"class": "residential"}}, {"type": "Feature", "geometry": {"type": "LineString", "coordinates": [[78.3654482, 17.4499855], [78.3653752, 17.4494543], [78.3651436, 17.4494794], [78.3649098, 17.4495056], [78.364642, 17.4495501], [78.3643899, 17.4495898], [78.3642944, 17.4496011], [78.3639678, 17.4496425]]}, "properties": {"class": "residential"}}, {"type": "Feature", "geometry": {"type": "LineString", "coordinates": [[78.3611656, 17.4477324], [78.3612736, 17.4477016], [78.3617697, 17.4475599], [78.3622571, 17.4474207], [78.3624199, 17.4473723]]}, "properties": {"class": "residential"}}, {"type": "Feature", "geometry": {"type": "LineString", "coordinates": [[78.3618657, 17.446366], [78.3614306, 17.4464826]]}, "properties": {"class": "residential"}}, {"type": "Feature", "geometry": {"type": "LineString", "coordinates": [[78.3612783, 17.4459668], [78.3614306, 17.4464826], [78.3617697, 17.4475599], [78.3618682, 17.4479483], [78.3619019, 17.4480813]]}, "properties": {"class": "residential"}}, {"type": "Feature", "geometry": {"type": "LineString", "coordinates": [[78.3618657, 17.446366], [78.3619649, 17.4463916]]}, "properties": {"class": "residential"}}, {"type": "Feature", "geometry": {"type": "LineString", "coordinates": [[78.3619649, 17.4463916], [78.3622571, 17.4474207]]}, "properties": {"class": "residential"}}, {"type": "Feature", "geometry": {"type": "LineString", "coordinates": [[78.3609832, 17.4467549], [78.3610251, 17.4468915], [78.3612736, 17.4477016]]}, "properties": {"class": "residential"}}, {"type": "Feature", "geometry": {"type": "LineString", "coordinates": [[78.3669064, 17.4615389], [78.3666513, 17.4615815], [78.3661894, 17.4616329], [78.3657715, 17.461689], [78.3653481, 17.4617492], [78.3650138, 17.4617688], [78.3649709, 17.461779], [78.3649414, 17.4617969], [78.364936, 17.4618257], [78.3649853, 17.4620936], [78.3650481, 17.4626156]]}, "properties": {"class": "residential"}}, {"type": "Feature", "geometry": {"type": "LineString", "coordinates": [[78.3650283, 17.4648237], [78.3652674, 17.4647587]]}, "properties": {"class": "residential"}}, {"type": "Feature", "geometry": {"type": "LineString", "coordinates": [[78.3664756, 17.465828], [78.3664624, 17.4658072], [78.3664025, 17.4655614], [78.3664025, 17.4655262]]}, "properties": {"class": "residential"}}, {"type": "Feature", "geometry": {"type": "LineString", "coordinates": [[78.3658337, 17.4652846], [78.3655826, 17.4646523]]}, "properties": {"class": "residential"}}, {"type": "Feature", "geometry": {"type": "LineString", "coordinates": [[78.3662133, 17.46575], [78.3655589, 17.4659577]]}, "properties": {"class": "residential"}}, {"type": "Feature", "geometry": {"type": "LineString", "coordinates": [[78.3655589, 17.4659577], [78.365409, 17.4656807], [78.3651271, 17.4651441], [78.3650969, 17.4650571], [78.3650748, 17.4649701], [78.3650283, 17.4648237]]}, "properties": {"class": "residential"}}, {"type": "Feature", "geometry": {"type": "LineString", "coordinates": [[78.365409, 17.4656807], [78.3661505, 17.4654017], [78.3662133, 17.46575], [78.366281, 17.465993], [78.3663019, 17.4660217], [78.3663345, 17.4660249], [78.3667364, 17.4659603], [78.3673301, 17.4659547]]}, "properties": {"class": "residential"}}, {"type": "Feature", "geometry": {"type": "LineString", "coordinates": [[78.3649723, 17.462625], [78.3651109, 17.463713], [78.3652674, 17.4647587]]}, "properties": {"class": "residential"}}, {"type": "Feature", "geometry": {"type": "LineString", "coordinates": [[78.3663832, 17.4635554], [78.3668268, 17.4635129]]}, "properties": {"class": "residential"}}, {"type": "Feature", "geometry": {"type": "LineString", "coordinates": [[78.3647671, 17.4643177], [78.3650283, 17.4648237]]}, "properties": {"class": "residential"}}, {"type": "Feature", "geometry": {"type": "LineString", "coordinates": [[78.3646858, 17.4637648], [78.3651109, 17.463713], [78.3655363, 17.4636538]]}, "properties": {"class": "residential"}}, {"type": "Feature", "geometry": {"type": "LineString", "coordinates": [[78.3661306, 17.4609858], [78.3661894, 17.4616329], [78.3663253, 17.4624488]]}, "properties": {"class": "residential"}}, {"type": "Feature", "geometry": {"type": "LineString", "coordinates": [[78.3655363, 17.4636538], [78.3659768, 17.4635962], [78.3663832, 17.4635554]]}, "properties": {"class": "residential"}}, {"type": "Feature", "geometry": {"type": "LineString", "coordinates": [[78.3656628, 17.4646176], [78.3655363, 17.4636538], [78.3653941, 17.4625763]]}, "properties": {"class": "residential"}}, {"type": "Feature", "geometry": {"type": "LineString", "coordinates": [[78.366534, 17.4652358], [78.3664753, 17.4650905], [78.3663454, 17.464779], [78.366191, 17.4643981]]}, "properties": {"class": "residential"}}, {"type": "Feature", "geometry": {"type": "LineString", "coordinates": [[78.3689057, 17.4642584], [78.3691339, 17.4641151], [78.3692673, 17.4640299], [78.3694334, 17.463942], [78.3696414, 17.4638319], [78.3697001, 17.46383], [78.3697434, 17.4638461], [78.3698296, 17.4639256], [78.3700064, 17.4641466], [78.3706235, 17.4648895], [78.3707138, 17.4649912], [78.3708325, 17.4650896], [78.3714101, 17.4652828], [78.3715981, 17.4653423], [78.3720301, 17.4654664], [78.3722864, 17.4655395], [78.3723697, 17.4655632], [78.3725662, 17.4656821], [78.3727084, 17.4658299], [78.3729283, 17.465741], [78.3731582, 17.4655902], [78.3733357, 17.4654287], [78.3734774, 17.4652997], [78.3737617, 17.4650298], [78.3740346, 17.4648577]]}, "properties": {"class": "tertiary"}}, {"type": "Feature", "geometry": {"type": "LineString", "coordinates": [[78.3669954, 17.4623554], [78.3667354, 17.4623935], [78.366654, 17.4624027], [78.3663253, 17.4624488]]}, "properties": {"class": "residential"}}, {"type": "Feature", "geometry": {"type": "LineString", "coordinates": [[78.3700721, 17.4631131], [78.3697197, 17.4621212], [78.369704, 17.4620729], [78.3693821, 17.4610855], [78.3690916, 17.4602373], [78.3688967, 17.4596682], [78.3688286, 17.4594513], [78.3687052, 17.4591596], [78.3684362, 17.4585688]]}, "properties": {"class": "residential"}}, {"type": "Feature", "geometry": {"type": "LineString", "coordinates": [[78.3689641, 17.4631365], [78.3688845, 17.4629014], [78.3687247, 17.4624298], [78.3683779, 17.461406], [78.3683375, 17.4612829], [78.3681466, 17.4608072], [78.3680231, 17.4604664], [78.367837, 17.45983], [78.3677642, 17.4595811]]}, "properties": {"class": "residential"}}, {"type": "Feature", "geometry": {"type": "LineString", "coordinates": [[78.3680025, 17.4654972], [78.3679961, 17.4651743], [78.3679911, 17.4647544]]}, "properties": {"class": "residential"}}, {"type": "Feature", "geometry": {"type": "LineString", "coordinates": [[78.3690264, 17.4665642], [78.3686829, 17.4665875]]}, "properties": {"class": "residential"}}, {"type": "Feature", "geometry": {"type": "LineString", "coordinates": [[78.3682964, 17.4662858], [78.3682331, 17.4655765]]}, "properties": {"class": "residential"}}, {"type": "Feature", "geometry": {"type": "LineString", "coordinates": [[78.3686875, 17.4667834], [78.3686851, 17.4666886], [78.3686829, 17.4665875], [78.3686604, 17.4662553], [78.3686305, 17.4658735], [78.3685898, 17.4655604], [78.3685376, 17.4653936], [78.3683807, 17.4650207]]}, "properties": {"class": "residential"}}, {"type": "Feature", "geometry": {"type": "LineString", "coordinates": [[78.3680982, 17.4684493], [78.3677572, 17.4678993], [78.3675387, 17.467547]]}, "properties": {"class": "residential"}}, {"type": "Feature", "geometry": {"type": "LineString", "coordinates": [[78.3640604, 17.4661138], [78.36411, 17.4660588], [78.3644874, 17.4656405], [78.364922, 17.4652133], [78.3650969, 17.4650571]]}, "properties": {"class": "residential"}}, {"type": "Feature", "geometry": {"type": "LineString", "coordinates": [[78.3627923, 17.4672409], [78.3630112, 17.4672563], [78.3630468, 17.4669511], [78.363084, 17.4665855], [78.3631229, 17.4661831], [78.3631611, 17.4657558], [78.363512, 17.4659195], [78.3638532, 17.466085], [78.363929, 17.4661119], [78.3640016, 17.4661264], [78.3640318, 17.4661267], [78.3640604, 17.4661138]]}, "properties": {"class": "residential"}}, {"type": "Feature", "geometry": {"type": "LineString", "coordinates": [[78.3544713, 17.4661762], [78.3543038, 17.4662536], [78.3542569, 17.4662598], [78.3541879, 17.4662504], [78.3539524, 17.4661856], [78.3538857, 17.4661683], [78.353819, 17.4661299], [78.3537729, 17.4660862], [78.3537372, 17.4660383], [78.3531904, 17.4652889], [78.353186, 17.4652516], [78.3532003, 17.4652121], [78.3533583, 17.4651253], [78.3533927, 17.4651236], [78.3534308, 17.4651475], [78.3536018, 17.4653846], [78.3538619, 17.4657428], [78.3539773, 17.4658682], [78.3540631, 17.4659424], [78.3541945, 17.4660063], [78.3543179, 17.4660601], [78.3544713, 17.4661762], [78.3547551, 17.4661701], [78.3556007, 17.4661883], [78.3557044, 17.4662177], [78.3558548, 17.4662828], [78.3559326, 17.4663057], [78.3560039, 17.4663071], [78.3560721, 17.4663064], [78.3567051, 17.4662289], [78.3573515, 17.4661445], [78.3578468, 17.4660552], [78.3580569, 17.4660242], [78.3585478, 17.4659552], [78.3588407, 17.4659345], [78.3591075, 17.4659156], [78.3591574, 17.4659121], [78.3595626, 17.4658661], [78.3599285, 17.4658277], [78.3599978, 17.4658187], [78.360046, 17.4658125], [78.3600889, 17.4658061], [78.3603072, 17.4657736], [78.3606414, 17.4657397], [78.3607364, 17.4657326], [78.3608001, 17.4657188], [78.360973, 17.4656804], [78.3611709, 17.4656363], [78.3613743, 17.4655911], [78.3614799, 17.4655677], [78.3618624, 17.4654826], [78.3622906, 17.4653862], [78.3626845, 17.4652975], [78.3628262, 17.4652645], [78.3633606, 17.4651399], [78.3633865, 17.4651339], [78.3639555, 17.4650246], [78.3643162, 17.4649553], [78.3648278, 17.464857]]}, "properties": {"class": "residential"}}, {"type": "Feature", "geometry": {"type": "LineString", "coordinates": [[78.3616601, 17.4647259], [78.3616775, 17.4647904], [78.3617608, 17.4650995], [78.3618624, 17.4654826], [78.3619834, 17.4660026], [78.3619915, 17.4660585], [78.3619954, 17.4661158], [78.3619691, 17.4661657], [78.3619274, 17.4662062]]}, "properties": {"class": "residential"}}, {"type": "Feature", "geometry": {"type": "LineString", "coordinates": [[78.3603604, 17.4635114], [78.3603904, 17.4635066], [78.3606937, 17.4634581], [78.3613595, 17.4633653], [78.3618237, 17.4632976], [78.3628125, 17.4631535], [78.3628679, 17.4631445], [78.3631907, 17.4630921], [78.3637298, 17.4630077], [78.3638156, 17.4630077], [78.3638693, 17.4630384], [78.3641024, 17.463458], [78.3648278, 17.464857]]}, "properties": {"class": "residential"}}, {"type": "Feature", "geometry": {"type": "LineString", "coordinates": [[78.3565756, 17.4613124], [78.3562808, 17.461482], [78.3562206, 17.4615162], [78.3559093, 17.4616725], [78.3555701, 17.4618495], [78.3543582, 17.4624678]]}, "properties": {"class": "residential"}}, {"type": "Feature", "geometry": {"type": "LineString", "coordinates": [[78.3551934, 17.460409], [78.3553773, 17.4607235], [78.3555481, 17.4610257], [78.3557314, 17.4613539], [78.3559093, 17.4616725], [78.3568469, 17.4633667]]}, "properties": {"class": "residential"}}, {"type": "Feature", "geometry": {"type": "LineString", "coordinates": [[78.3563596, 17.4610346], [78.3561109, 17.4611612], [78.3557314, 17.4613539]]}, "properties": {"class": "residential"}}, {"type": "Feature", "geometry": {"type": "LineString", "coordinates": [[78.3560774, 17.4607587], [78.3555481, 17.4610257]]}, "properties": {"class": "residential"}}, {"type": "Feature", "geometry": {"type": "LineString", "coordinates": [[78.3558783, 17.4604592], [78.3553773, 17.4607235]]}, "properties": {"class": "residential"}}, {"type": "Feature", "geometry": {"type": "LineString", "coordinates": [[78.3556301, 17.4601674], [78.3551934, 17.460409], [78.3548586, 17.4605847]]}, "properties": {"class": "residential"}}, {"type": "Feature", "geometry": {"type": "LineString", "coordinates": [[78.3546518, 17.4602172], [78.3548586, 17.4605847], [78.3550308, 17.4608909], [78.3552124, 17.4612138], [78.3553911, 17.4615314], [78.3555701, 17.4618495], [78.3557464, 17.4621629], [78.3559201, 17.4624717], [78.3561022, 17.4627954], [78.3562668, 17.4630881], [78.3562838, 17.4631183], [78.3564522, 17.4634176]]}, "properties": {"class": "residential"}}, {"type": "Feature", "geometry": {"type": "LineString", "coordinates": [[78.3532196, 17.4609852], [78.3534286, 17.4613266], [78.3536069, 17.4616306], [78.3537843, 17.4619515], [78.353967, 17.4622726], [78.3540899, 17.4625032]]}, "properties": {"class": "residential"}}, {"type": "Feature", "geometry": {"type": "LineString", "coordinates": [[78.3548586, 17.4605847], [78.3534286, 17.4613266], [78.353101, 17.4614973], [78.3528021, 17.4616573], [78.3524502, 17.4618487]]}, "properties": {"class": "residential"}}, {"type": "Feature", "geometry": {"type": "LineString", "coordinates": [[78.3547878, 17.4626451], [78.3557464, 17.4621629]]}, "properties": {"class": "residential"}}, {"type": "Feature", "geometry": {"type": "LineString", "coordinates": [[78.355144, 17.463284], [78.3561022, 17.4627954]]}, "properties": {"class": "residential"}}, {"type": "Feature", "geometry": {"type": "LineString", "coordinates": [[78.3557183, 17.4637852], [78.3564522, 17.4634176]]}, "properties": {"class": "residential"}}, {"type": "Feature", "geometry": {"type": "LineString", "coordinates": [[78.3550072, 17.4629412], [78.3559201, 17.4624717]]}, "properties": {"class": "residential"}}, {"type": "Feature", "geometry": {"type": "LineString", "coordinates": [[78.3575473, 17.4624346], [78.3573939, 17.4625244], [78.3569452, 17.462767]]}, "properties": {"class": "residential"}}, {"type": "Feature", "geometry": {"type": "LineString", "coordinates": [[78.3573939, 17.4625244], [78.3575445, 17.4627933], [78.3571143, 17.4630387], [78.3569452, 17.462767], [78.3567555, 17.4624381], [78.3565734, 17.4621217], [78.3563834, 17.4617901], [78.3562206, 17.4615162]]}, "properties": {"class": "residential"}}, {"type": "Feature", "geometry": {"type": "LineString", "coordinates": [[78.357086, 17.4618614], [78.3565734, 17.4621217]]}, "properties": {"class": "residential"}}, {"type": "Feature", "geometry": {"type": "LineString", "coordinates": [[78.3568458, 17.4615548], [78.3563834, 17.4617901]]}, "properties": {"class": "residential"}}, {"type": "Feature", "geometry": {"type": "LineString", "coordinates": [[78.3572782, 17.4621662], [78.3567555, 17.4624381]]}, "properties": {"class": "residential"}}, {"type": "Feature", "geometry": {"type": "LineString", "coordinates": [[78.3537036, 17.4625239], [78.3532497, 17.4617587]]}, "properties": {"class": "residential"}}, {"type": "Feature", "geometry": {"type": "LineString", "coordinates": [[78.3532497, 17.4617587], [78.353101, 17.4614973]]}, "properties": {"class": "residential"}}, {"type": "Feature", "geometry": {"type": "LineString", "coordinates": [[78.3528021, 17.4616573], [78.3532115, 17.4624736], [78.3532582, 17.4626218]]}, "properties": {"class": "residential"}}, {"type": "Feature", "geometry": {"type": "LineString", "coordinates": [[78.3525182, 17.4627058], [78.3521119, 17.4620111]]}, "properties": {"class": "residential"}}, {"type": "Feature", "geometry": {"type": "LineString", "coordinates": [[78.3688892, 17.4318613], [78.3686447, 17.4320371], [78.3684409, 17.4321835], [78.3682866, 17.4322944], [78.3679233, 17.4325555], [78.3668545, 17.4333236], [78.36648, 17.4335927], [78.3663624, 17.4336773], [78.3661085, 17.4338597], [78.3657621, 17.4341086]]}, "properties": {"class": "residential"}}, {"type": "Feature", "geometry": {"type": "LineString", "coordinates": [[78.3921938, 17.4468839], [78.3915365, 17.4468536], [78.391032, 17.4468294], [78.3905078, 17.4467851]]}, "properties": {"class": "tertiary"}}, {"type": "Feature", "geometry": {"type": "LineString", "coordinates": [[78.3875698, 17.451171], [78.3877279, 17.4522523]]}, "properties": {"class": "residential"}}, {"type": "Feature", "geometry": {"type": "LineString", "coordinates": [[78.3879396, 17.4487398], [78.3883215, 17.4489486], [78.3886412, 17.4491051], [78.3885977, 17.4495324], [78.3885777, 17.449709], [78.3885229, 17.4502107], [78.3884814, 17.450767], [78.3884504, 17.451076]]}, "properties": {"class": "residential"}}, {"type": "Feature", "geometry": {"type": "LineString", "coordinates": [[78.3904609, 17.451392], [78.3905733, 17.4503961], [78.3905867, 17.4503551], [78.3906242, 17.4503295], [78.3906604, 17.4503244], [78.3911017, 17.4503487], [78.3917643, 17.4503925]]}, "properties": {"class": "residential"}}, {"type": "Feature", "geometry": {"type": "LineString", "coordinates": [[78.3914678, 17.4472756], [78.3909675, 17.4472539], [78.3909444, 17.4474536], [78.3908137, 17.448582], [78.3907477, 17.4491102]]}, "properties": {"class": "residential"}}, {"type": "Feature", "geometry": {"type": "LineString", "coordinates": [[78.3879668, 17.4501945], [78.3885229, 17.4502107], [78.3890435, 17.4502376], [78.3895637, 17.4502631], [78.3900488, 17.4503156], [78.3900851, 17.4503538], [78.3900845, 17.4503982], [78.389927, 17.4514309]]}, "properties": {"class": "residential"}}, {"type": "Feature", "geometry": {"type": "LineString", "coordinates": [[78.3897731, 17.4485222], [78.389726, 17.4487865], [78.3896813, 17.4491763], [78.3896406, 17.4496262], [78.3896345, 17.4497212], [78.3895637, 17.4502631], [78.3894241, 17.4514789], [78.3894524, 17.4520931]]}, "properties": {"class": "residential"}}, {"type": "Feature", "geometry": {"type": "LineString", "coordinates": [[78.3720152, 17.4447572], [78.3719789, 17.4444536], [78.3719437, 17.4441668], [78.3719005, 17.4435651], [78.3718728, 17.4429635], [78.3718368, 17.4423075]]}, "properties": {"class": "residential"}}, {"type": "Feature", "geometry": {"type": "LineString", "coordinates": [[78.3644803, 17.4423479], [78.3641315, 17.4417038], [78.3638831, 17.4412422]]}, "properties": {"class": "residential"}}, {"type": "Feature", "geometry": {"type": "LineString", "coordinates": [[78.3637463, 17.4418529], [78.3641315, 17.4417038], [78.3644643, 17.4415358]]}, "properties": {"class": "residential"}}, {"type": "Feature", "geometry": {"type": "LineString", "coordinates": [[78.3635796, 17.4411997], [78.3634792, 17.4408746], [78.3633553, 17.4405154], [78.3633266, 17.4404622]]}, "properties": {"class": "residential"}}, {"type": "Feature", "geometry": {"type": "LineString", "coordinates": [[78.3631172, 17.4414493], [78.3632046, 17.4413138], [78.363261, 17.44122], [78.3634792, 17.4408746]]}, "properties": {"class": "residential"}}, {"type": "Feature", "geometry": {"type": "LineString", "coordinates": [[78.3664844, 17.4407455], [78.3665174, 17.4407162], [78.3666742, 17.4406872], [78.366864, 17.4406521]]}, "properties": {"class": "residential"}}, {"type": "Feature", "geometry": {"type": "LineString", "coordinates": [[78.3636506, 17.4428254], [78.3644803, 17.4423479], [78.3648134, 17.4421464], [78.3651045, 17.441977], [78.3653634, 17.4418141], [78.3654439, 17.4417635], [78.3655278, 17.4417217], [78.3657905, 17.4416153], [78.3664978, 17.4413302]]}, "properties": {"class": "residential"}}, {"type": "Feature", "geometry": {"type": "LineString", "coordinates": [[78.3664844, 17.4407455], [78.3664795, 17.4407909], [78.366535, 17.4409457], [78.3665319, 17.4409791], [78.3665067, 17.4409991], [78.3662401, 17.4410998], [78.3661236, 17.4408145]]}, "properties": {"class": "residential"}}, {"type": "Feature", "geometry": {"type": "LineString", "coordinates": [[78.3662786, 17.4425435], [78.3661977, 17.4423794], [78.3660802, 17.4421915], [78.3660035, 17.4420088], [78.3659136, 17.4418574], [78.3657905, 17.4416153]]}, "properties": {"class": "residential"}}, {"type": "Feature", "geometry": {"type": "LineString", "coordinates": [[78.3667798, 17.4386586], [78.3663929, 17.4377868], [78.3661995, 17.4374642], [78.3660885, 17.4373333], [78.3659181, 17.4371336]]}, "properties": {"class": "residential"}}, {"type": "Feature", "geometry": {"type": "LineString", "coordinates": [[78.3681195, 17.4394729], [78.3677447, 17.4395215], [78.3676057, 17.4395467], [78.3674637, 17.4395762], [78.3673288, 17.4396036], [78.3670032, 17.4396696], [78.3666747, 17.4397362]]}, "properties": {"class": "residential"}}, {"type": "Feature", "geometry": {"type": "LineString", "coordinates": [[78.3671046, 17.44185], [78.3665369, 17.4420022], [78.3660802, 17.4421915]]}, "properties": {"class": "residential"}}, {"type": "Feature", "geometry": {"type": "LineString", "coordinates": [[78.3670719, 17.4416655], [78.366709, 17.4417384], [78.3665145, 17.4417984], [78.3660035, 17.4420088]]}, "properties": {"class": "residential"}}, {"type": "Feature", "geometry": {"type": "LineString", "coordinates": [[78.3670245, 17.4414162], [78.36642, 17.4415989], [78.3659136, 17.4418574]]}, "properties": {"class": "residential"}}, {"type": "Feature", "geometry": {"type": "LineString", "coordinates": [[78.3661977, 17.4423794], [78.3657709, 17.4425354]]}, "properties": {"class": "residential"}}, {"type": "Feature", "geometry": {"type": "LineString", "coordinates": [[78.3685738, 17.4420876], [78.3683217, 17.4421259], [78.3680457, 17.4421632], [78.3675384, 17.4422512], [78.3671931, 17.4423104]]}, "properties": {"class": "residential"}}, {"type": "Feature", "geometry": {"type": "LineString", "coordinates": [[78.3659115, 17.4378081], [78.3659946, 17.4379269], [78.3663929, 17.4377868], [78.3672504, 17.4375996], [78.3672761, 17.4375743]]}, "properties": {"class": "residential"}}, {"type": "Feature", "geometry": {"type": "LineString", "coordinates": [[78.3684409, 17.4321835], [78.3687532, 17.43256], [78.3688682, 17.4326985], [78.369201, 17.4331004], [78.3694737, 17.4334281]]}, "properties": {"class": "residential"}}, {"type": "Feature", "geometry": {"type": "LineString", "coordinates": [[78.3675877, 17.4338166], [78.3679064, 17.4335385], [78.3682647, 17.4332258], [78.3685643, 17.4329644], [78.3688682, 17.4326985]]}, "properties": {"class": "residential"}}, {"type": "Feature", "geometry": {"type": "LineString", "coordinates": [[78.3682041, 17.4339137], [78.369201, 17.4331004], [78.3695396, 17.4328241], [78.369697, 17.4326816]]}, "properties": {"class": "residential"}}, {"type": "Feature", "geometry": {"type": "LineString", "coordinates": [[78.3691936, 17.43222], [78.3687532, 17.43256]]}, "properties": {"class": "residential"}}, {"type": "Feature", "geometry": {"type": "LineString", "coordinates": [[78.368811, 17.4322359], [78.3686447, 17.4320371], [78.3683862, 17.4316854], [78.3678365, 17.4309378], [78.3675226, 17.43051]]}, "properties": {"class": "residential"}}, {"type": "Feature", "geometry": {"type": "LineString", "coordinates": [[78.3645263, 17.4331051], [78.3648988, 17.4328612], [78.3654929, 17.4324722], [78.3659786, 17.4321542], [78.3663315, 17.4319232], [78.3667051, 17.4316786], [78.3670573, 17.4314479], [78.3674623, 17.4311828], [78.3678365, 17.4309378], [78.368173, 17.4306926], [78.3686107, 17.4312683], [78.3686996, 17.4313918], [78.3687428, 17.4314519], [78.3683862, 17.4316854]]}, "properties": {"class": "residential"}}, {"type": "Feature", "geometry": {"type": "LineString", "coordinates": [[78.3655143, 17.4301642], [78.3662005, 17.4310381], [78.3667051, 17.4316786], [78.3673184, 17.4324615]]}, "properties": {"class": "residential"}}, {"type": "Feature", "geometry": {"type": "LineString", "coordinates": [[78.3651332, 17.4303787], [78.3654376, 17.430774], [78.3658367, 17.4312873], [78.3663315, 17.4319232], [78.3669515, 17.4327273]]}, "properties": {"class": "residential"}}, {"type": "Feature", "geometry": {"type": "LineString", "coordinates": [[78.3662324, 17.4303868], [78.3663668, 17.4305597], [78.3665515, 17.4307972], [78.3670573, 17.4314479]]}, "properties": {"class": "residential"}}, {"type": "Feature", "geometry": {"type": "LineString", "coordinates": [[78.3655664, 17.4315915], [78.3659786, 17.4321542], [78.3662346, 17.4324975], [78.3665987, 17.4329827], [78.3668545, 17.4333236]]}, "properties": {"class": "residential"}}, {"type": "Feature", "geometry": {"type": "LineString", "coordinates": [[78.3666099, 17.4301383], [78.3662324, 17.4303868]]}, "properties": {"class": "residential"}}, {"type": "Feature", "geometry": {"type": "LineString", "coordinates": [[78.3668084, 17.430285], [78.3663668, 17.4305597]]}, "properties": {"class": "residential"}}, {"type": "Feature", "geometry": {"type": "LineString", "coordinates": [[78.3665987, 17.4329827], [78.3669515, 17.4327273], [78.3673184, 17.4324615], [78.3676576, 17.4322158]]}, "properties": {"class": "residential"}}, {"type": "Feature", "geometry": {"type": "LineString", "coordinates": [[78.3662346, 17.4324975], [78.3658876, 17.4327359], [78.3655031, 17.433], [78.3651582, 17.433237]]}, "properties": {"class": "residential"}}, {"type": "Feature", "geometry": {"type": "LineString", "coordinates": [[78.3670573, 17.4314479], [78.3676576, 17.4322158], [78.3679233, 17.4325555]]}, "properties": {"class": "residential"}}, {"type": "Feature", "geometry": {"type": "LineString", "coordinates": [[78.3715975, 17.4479531], [78.3717503, 17.4481146], [78.3719058, 17.4482824], [78.3720584, 17.448439], [78.3722021, 17.4486081], [78.3723557, 17.448775]]}, "properties": {"class": "residential"}}, {"type": "Feature", "geometry": {"type": "LineString", "coordinates": [[78.3829537, 17.4508008], [78.3828558, 17.4508855], [78.3827841, 17.4509411], [78.3821179, 17.4514795], [78.381615, 17.451879]]}, "properties": {"class": "residential"}}, {"type": "Feature", "geometry": {"type": "LineString", "coordinates": [[78.379383, 17.4536303], [78.3795038, 17.453551], [78.3796364, 17.4534735], [78.3798149, 17.4533693], [78.380059, 17.4532388], [78.3802621, 17.4531301], [78.3803478, 17.4531055]]}, "properties": {"class": "secondary"}}, {"type": "Feature", "geometry": {"type": "LineString", "coordinates": [[78.3760231, 17.4559286], [78.3753492, 17.455888], [78.3750673, 17.4558727], [78.3744285, 17.4558379], [78.3742962, 17.4558305], [78.3737957, 17.4558025], [78.3735544, 17.4557729], [78.3732315, 17.4556435], [78.3726298, 17.4553], [78.3723612, 17.4551681], [78.3722785, 17.4551551], [78.3721926, 17.4551417]]}, "properties": {"class": "tertiary"}}, {"type": "Feature", "geometry": {"type": "LineString", "coordinates": [[78.3737719, 17.4552295], [78.3729263, 17.4548057], [78.3722289, 17.4544706]]}, "properties": {"class": "residential"}}, {"type": "Feature", "geometry": {"type": "LineString", "coordinates": [[78.3729263, 17.4548057], [78.3726298, 17.4553]]}, "properties": {"class": "residential"}}, {"type": "Feature", "geometry": {"type": "LineString", "coordinates": [[78.3768428, 17.4553272], [78.3760535, 17.4552976]]}, "properties": {"class": "residential"}}, {"type": "Feature", "geometry": {"type": "LineString", "coordinates": [[78.3737753, 17.4562472], [78.3737957, 17.4558025]]}, "properties": {"class": "residential"}}, {"type": "Feature", "geometry": {"type": "LineString", "coordinates": [[78.3743954, 17.456427], [78.3744285, 17.4558379]]}, "properties": {"class": "residential"}}, {"type": "Feature", "geometry": {"type": "LineString", "coordinates": [[78.3750134, 17.4566321], [78.3750246, 17.456444], [78.3750673, 17.4558727]]}, "properties": {"class": "residential"}}, {"type": "Feature", "geometry": {"type": "LineString", "coordinates": [[78.3760231, 17.4559286], [78.3760535, 17.4552976], [78.3760892, 17.4546882], [78.3760987, 17.4543459], [78.3761054, 17.4541062]]}, "properties": {"class": "residential"}}, {"type": "Feature", "geometry": {"type": "LineString", "coordinates": [[78.3659043, 17.4509219], [78.3650764, 17.4510116]]}, "properties": {"class": "residential"}}, {"type": "Feature", "geometry": {"type": "LineString", "coordinates": [[78.3637625, 17.4508674], [78.3645947, 17.4507509], [78.3650404, 17.4506758], [78.3658707, 17.4505668]]}, "properties": {"class": "residential"}}, {"type": "Feature", "geometry": {"type": "LineString", "coordinates": [[78.3642137, 17.4491672], [78.3641804, 17.4489951], [78.3641468, 17.4488485], [78.3641, 17.4485819]]}, "properties": {"class": "residential"}}, {"type": "Feature", "geometry": {"type": "LineString", "coordinates": [[78.3673408, 17.4456222], [78.3672507, 17.4455402], [78.3670464, 17.4453544], [78.3669821, 17.4453392], [78.3669354, 17.4453473], [78.3666668, 17.4457544], [78.3662979, 17.4463162], [78.3659023, 17.4469185]]}, "properties": {"class": "residential"}}, {"type": "Feature", "geometry": {"type": "LineString", "coordinates": [[78.3672016, 17.4462876], [78.3672178, 17.4468821]]}, "properties": {"class": "residential"}}, {"type": "Feature", "geometry": {"type": "LineString", "coordinates": [[78.3679488, 17.4462681], [78.3672016, 17.4462876], [78.3662979, 17.4463162]]}, "properties": {"class": "residential"}}, {"type": "Feature", "geometry": {"type": "LineString", "coordinates": [[78.365765, 17.4475188], [78.3663891, 17.4474962], [78.3677323, 17.4474433]]}, "properties": {"class": "residential"}}, {"type": "Feature", "geometry": {"type": "LineString", "coordinates": [[78.366374, 17.4469095], [78.366384, 17.447217], [78.3663891, 17.4474962], [78.366406, 17.4478921]]}, "properties": {"class": "residential"}}, {"type": "Feature", "geometry": {"type": "LineString", "coordinates": [[78.3666668, 17.4457544], [78.3672328, 17.4457518], [78.3675037, 17.4457851], [78.3679488, 17.4462681], [78.3683271, 17.4466628], [78.3683647, 17.4467139], [78.3683781, 17.4467549], [78.368362, 17.4468035], [78.3683164, 17.4468393], [78.3682332, 17.4468572], [78.3672178, 17.4468821], [78.366374, 17.4469095], [78.3659023, 17.4469185], [78.3657102, 17.4469242]]}, "properties": {"class": "residential"}}, {"type": "Feature", "geometry": {"type": "LineString", "coordinates": [[78.363395, 17.4466098], [78.3633927, 17.4466104], [78.3631308, 17.4466801]]}, "properties": {"class": "residential"}}, {"type": "Feature", "geometry": {"type": "LineString", "coordinates": [[78.3632819, 17.4472359], [78.3631308, 17.4466801], [78.3630705, 17.4464167]]}, "properties": {"class": "residential"}}, {"type": "Feature", "geometry": {"type": "LineString", "coordinates": [[78.363019, 17.447108], [78.3630056, 17.4470236], [78.3629194, 17.4467926], [78.3629, 17.4467292], [78.3628014, 17.4464945]]}, "properties": {"class": "residential"}}, {"type": "Feature", "geometry": {"type": "LineString", "coordinates": [[78.3625309, 17.4452656], [78.3623662, 17.4455029], [78.3622573, 17.4456597], [78.3622395, 17.4456764], [78.362091, 17.44578]]}, "properties": {"class": "residential"}}, {"type": "Feature", "geometry": {"type": "LineString", "coordinates": [[78.3619261, 17.4449045], [78.3620428, 17.4449791], [78.3622275, 17.4450762], [78.3625309, 17.4452656], [78.3628212, 17.4454371], [78.3630351, 17.4455631], [78.3631776, 17.4455566]]}, "properties": {"class": "residential"}}, {"type": "Feature", "geometry": {"type": "LineString", "coordinates": [[78.3619239, 17.4440312], [78.3621307, 17.443846], [78.3622677, 17.4436993], [78.3623476, 17.4436244], [78.3624518, 17.4435269], [78.3625275, 17.4434572], [78.3626301, 17.4434079], [78.3627498, 17.4433778]]}, "properties": {"class": "residential"}}, {"type": "Feature", "geometry": {"type": "LineString", "coordinates": [[78.3617436, 17.4447334], [78.3614818, 17.4448412], [78.361458, 17.4448562], [78.3614664, 17.4448918], [78.3615331, 17.4449688], [78.3616511, 17.4450661], [78.3618448, 17.4451844], [78.3623662, 17.4455029]]}, "properties": {"class": "residential"}}, {"type": "Feature", "geometry": {"type": "LineString", "coordinates": [[78.3616462, 17.4427091], [78.3617193, 17.4428894], [78.3617798, 17.4430382], [78.3619278, 17.4429547], [78.3623685, 17.442687], [78.3626161, 17.4425283]]}, "properties": {"class": "residential"}}, {"type": "Feature", "geometry": {"type": "LineString", "coordinates": [[78.3619304, 17.4431809], [78.3620118, 17.4433312], [78.3620486, 17.4433869], [78.3621258, 17.4435051], [78.3622677, 17.4436993]]}, "properties": {"class": "residential"}}, {"type": "Feature", "geometry": {"type": "LineString", "coordinates": [[78.3596926, 17.4413494], [78.3598889, 17.4416628], [78.3600846, 17.4419623], [78.3603392, 17.4423813], [78.3603726, 17.4424505], [78.360467, 17.4426029], [78.3605056, 17.4426888], [78.360626, 17.442959], [78.3606881, 17.4431122], [78.3607577, 17.4432837], [78.3608596, 17.4435351], [78.3608868, 17.4436048], [78.3611072, 17.4441772], [78.3611261, 17.4441998], [78.361155, 17.4442046], [78.3616547, 17.4440214], [78.3618864, 17.4439365]]}, "properties": {"class": "residential"}}, {"type": "Feature", "geometry": {"type": "LineString", "coordinates": [[78.3612432, 17.4434692], [78.3612233, 17.4434624], [78.3611583, 17.4433312], [78.3610702, 17.443168], [78.3610328, 17.4430472], [78.3609538, 17.4428398], [78.3608782, 17.4426401], [78.3607016, 17.4422923]]}, "properties": {"class": "residential"}}, {"type": "Feature", "geometry": {"type": "LineString", "coordinates": [[78.3607526, 17.441673], [78.3609449, 17.4420151], [78.3610101, 17.442131]]}, "properties": {"class": "residential"}}, {"type": "Feature", "geometry": {"type": "LineString", "coordinates": [[78.361189, 17.4424931], [78.3611224, 17.4423478], [78.3610101, 17.442131], [78.3607016, 17.4422923], [78.3603726, 17.4424505]]}, "properties": {"class": "residential"}}, {"type": "Feature", "geometry": {"type": "LineString", "coordinates": [[78.3604656, 17.4418752], [78.3607016, 17.4422923]]}, "properties": {"class": "residential"}}, {"type": "Feature", "geometry": {"type": "LineString", "coordinates": [[78.359391, 17.4431394], [78.3594626, 17.4430576], [78.3597017, 17.442726]]}, "properties": {"class": "residential"}}, {"type": "Feature", "geometry": {"type": "LineString", "coordinates": [[78.3591529, 17.444135], [78.3591242, 17.4441292], [78.3588628, 17.4439664], [78.3588414, 17.4439443], [78.3588384, 17.4439168], [78.3588494, 17.4438928], [78.3591136, 17.4435154], [78.3589886, 17.4433865], [78.3589757, 17.4433672], [78.3589785, 17.4433388], [78.3592023, 17.4431005], [78.3590647, 17.4429512], [78.359064, 17.4429301], [78.3590781, 17.4429006], [78.359235, 17.4426883], [78.3593021, 17.442568], [78.3593865, 17.442504], [78.3595803, 17.4426448], [78.3597017, 17.442726], [78.359746, 17.4427011], [78.3597889, 17.4427145], [78.3598875, 17.4427957], [78.3599263, 17.4428591], [78.3599076, 17.4429729], [78.3597909, 17.4430791], [78.3596588, 17.4433049], [78.3596018, 17.4434572], [78.3594073, 17.443825], [78.359182, 17.4441198], [78.3591529, 17.444135], [78.3589329, 17.4442043], [78.358849, 17.4442329]]}, "properties": {"class": "residential"}}, {"type": "Feature", "geometry": {"type": "LineString", "coordinates": [[78.3592023, 17.4431005], [78.3593499, 17.4431439]]}, "properties": {"class": "residential"}}, {"type": "Feature", "geometry": {"type": "LineString", "coordinates": [[78.3593642, 17.4432039], [78.3593773, 17.4432051], [78.3593896, 17.4432018], [78.3594, 17.4431948], [78.3594064, 17.4431864], [78.3594102, 17.4431748], [78.3594097, 17.4431627], [78.3594011, 17.4431468], [78.359391, 17.4431394], [78.359385, 17.443137], [78.3593724, 17.4431354], [78.3593599, 17.443138], [78.3593499, 17.4431439], [78.3593419, 17.4431533], [78.3593373, 17.4431699], [78.3593394, 17.4431819], [78.3593438, 17.4431901], [78.3593527, 17.4431987], [78.3593642, 17.4432039]]}, "properties": {"class": "residential"}}, {"type": "Feature", "geometry": {"type": "LineString", "coordinates": [[78.3593773, 17.4432051], [78.3593603, 17.4433166], [78.35928, 17.4434207], [78.3592106, 17.4434876], [78.3591136, 17.4435154]]}, "properties": {"class": "residential"}}, {"type": "Feature", "geometry": {"type": "LineString", "coordinates": [[78.3592082, 17.4392785], [78.3588521, 17.4396099], [78.358828, 17.4396227], [78.3587636, 17.4396208], [78.3586852, 17.4395578], [78.3584515, 17.4393289], [78.358434, 17.4393117], [78.3581885, 17.4390713], [78.3579557, 17.4388433], [78.3576712, 17.4385431], [78.3573025, 17.4382548], [78.3570282, 17.43796], [78.3569659, 17.4379242], [78.3569102, 17.4379338], [78.3568579, 17.4379639], [78.3567538, 17.4380601], [78.3563628, 17.4384216], [78.3560227, 17.4387561], [78.3559221, 17.4388551], [78.3562615, 17.4391811]]}, "properties": {"class": "residential"}}, {"type": "Feature", "geometry": {"type": "LineString", "coordinates": [[78.3568393, 17.4369895], [78.3572269, 17.4372688], [78.3577378, 17.4376883], [78.3581803, 17.4380837], [78.3584496, 17.4383686], [78.3586728, 17.43862], [78.3588615, 17.4388147], [78.3592786, 17.4392305], [78.3593564, 17.4393137], [78.3595777, 17.4395261], [78.3596541, 17.439599], [78.3598479, 17.4397673], [78.3600564, 17.4399637], [78.3603851, 17.4402702], [78.3605091, 17.4403794], [78.3606722, 17.4405232], [78.3607303, 17.4405744]]}, "properties": {"class": "tertiary"}}, {"type": "Feature", "geometry": {"type": "LineString", "coordinates": [[78.3553305, 17.4378247], [78.3561778, 17.4373932]]}, "properties": {"class": "residential"}}, {"type": "Feature", "geometry": {"type": "LineString", "coordinates": [[78.3749144, 17.451133], [78.3736811, 17.451156], [78.373328, 17.4511541]]}, "properties": {"class": "residential"}}, {"type": "Feature", "geometry": {"type": "LineString", "coordinates": [[78.3647249, 17.44428], [78.3648239, 17.4445565]]}, "properties": {"class": "residential"}}, {"type": "Feature", "geometry": {"type": "LineString", "coordinates": [[78.365045, 17.4453736], [78.3649826, 17.4452056], [78.3649026, 17.4450466], [78.3647839, 17.4447873]]}, "properties": {"class": "residential"}}, {"type": "Feature", "geometry": {"type": "LineString", "coordinates": [[78.3644374, 17.4447087], [78.3643336, 17.4444335]]}, "properties": {"class": "residential"}}, {"type": "Feature", "geometry": {"type": "LineString", "coordinates": [[78.3647289, 17.4445941], [78.3648239, 17.4445565], [78.3649652, 17.4445004], [78.3649988, 17.4444875]]}, "properties": {"class": "residential"}}, {"type": "Feature", "geometry": {"type": "LineString", "coordinates": [[78.3645887, 17.4445195], [78.3645375, 17.4443525]]}, "properties": {"class": "residential"}}, {"type": "Feature", "geometry": {"type": "LineString", "coordinates": [[78.3630845, 17.4445548], [78.3635044, 17.4444623], [78.3638242, 17.4443931], [78.3640003, 17.4443893], [78.3640871, 17.4444323], [78.3641073, 17.444464], [78.3641295, 17.4445125], [78.3641835, 17.4446257], [78.36425, 17.4447651], [78.3642769, 17.4448256], [78.3642962, 17.4448984], [78.3643176, 17.4449794], [78.3643252, 17.4450687], [78.3643494, 17.4452095], [78.3645358, 17.4456406]]}, "properties": {"class": "residential"}}, {"type": "Feature", "geometry": {"type": "LineString", "coordinates": [[78.3649394, 17.4446951], [78.3647839, 17.4447873], [78.3644967, 17.4449273], [78.3643176, 17.4449794]]}, "properties": {"class": "residential"}}, {"type": "Feature", "geometry": {"type": "LineString", "coordinates": [[78.3649442, 17.4439194], [78.3649823, 17.4439829], [78.3650239, 17.4440273], [78.3651058, 17.4442099], [78.3651172, 17.4442552], [78.365119, 17.4443049], [78.3650843, 17.444406], [78.3649988, 17.4444875]]}, "properties": {"class": "residential"}}, {"type": "Feature", "geometry": {"type": "LineString", "coordinates": [[78.3641295, 17.4445125], [78.3643336, 17.4444335], [78.3644972, 17.4443685], [78.3645375, 17.4443525], [78.3647249, 17.44428], [78.3648828, 17.4442147], [78.3649019, 17.4442161]]}, "properties": {"class": "residential"}}, {"type": "Feature", "geometry": {"type": "LineString", "coordinates": [[78.3619119, 17.4434641], [78.3618018, 17.4435197], [78.3617908, 17.4435277], [78.3617844, 17.4435386], [78.3617819, 17.4435496], [78.3617844, 17.4435602], [78.3618485, 17.4436794], [78.3618523, 17.4436876], [78.3618498, 17.4436965], [78.3618451, 17.4437033], [78.3618384, 17.4437083], [78.3618143, 17.4437207], [78.3618075, 17.4437249], [78.3618043, 17.4437298], [78.3618032, 17.4437362], [78.3618041, 17.4437425], [78.3618221, 17.4437865], [78.3618864, 17.4439365], [78.3619239, 17.4440312]]}, "properties": {"class": "residential"}}, {"type": "Feature", "geometry": {"type": "LineString", "coordinates": [[78.362082, 17.4445192], [78.362172, 17.4448145]]}, "properties": {"class": "residential"}}, {"type": "Feature", "geometry": {"type": "LineString", "coordinates": [[78.3618042, 17.4413021], [78.3614789, 17.4407999]]}, "properties": {"class": "residential"}}, {"type": "Feature", "geometry": {"type": "LineString", "coordinates": [[78.3627535, 17.441095], [78.3627, 17.4410314], [78.3626185, 17.4409346], [78.3624664, 17.4407007]]}, "properties": {"class": "residential"}}, {"type": "Feature", "geometry": {"type": "LineString", "coordinates": [[78.3611372, 17.441015], [78.3611625, 17.4409831], [78.3614789, 17.4407999], [78.3616353, 17.4406977], [78.3618321, 17.4405639], [78.3620775, 17.4409387], [78.3624664, 17.4407007], [78.3622257, 17.4403572], [78.3622652, 17.4403283], [78.3624514, 17.4401987], [78.362622, 17.4404653]]}, "properties": {"class": "residential"}}, {"type": "Feature", "geometry": {"type": "LineString", "coordinates": [[78.3623323, 17.4413328], [78.3622667, 17.4412312], [78.3620775, 17.4409387]]}, "properties": {"class": "residential"}}, {"type": "Feature", "geometry": {"type": "LineString", "coordinates": [[78.3612943, 17.4412688], [78.3611437, 17.4410442], [78.3611372, 17.441015]]}, "properties": {"class": "residential"}}, {"type": "Feature", "geometry": {"type": "LineString", "coordinates": [[78.3629487, 17.4399166], [78.3634488, 17.4399251]]}, "properties": {"class": "residential"}}, {"type": "Feature", "geometry": {"type": "LineString", "coordinates": [[78.3629251, 17.4404756], [78.3629487, 17.4399166]]}, "properties": {"class": "residential"}}, {"type": "Feature", "geometry": {"type": "LineString", "coordinates": [[78.3636719, 17.4396619], [78.3641424, 17.4396774]]}, "properties": {"class": "residential"}}, {"type": "Feature", "geometry": {"type": "LineString", "coordinates": [[78.3644433, 17.440004], [78.3641348, 17.439997], [78.3641424, 17.4396774], [78.3641509, 17.439324]]}, "properties": {"class": "residential"}}, {"type": "Feature", "geometry": {"type": "LineString", "coordinates": [[78.35906, 17.4379448], [78.3591693, 17.4378692], [78.3600981, 17.437931], [78.3603171, 17.4379405], [78.3609361, 17.4379674], [78.3610714, 17.4381731], [78.3611753, 17.4382879], [78.3614049, 17.4386418]]}, "properties": {"class": "residential"}}, {"type": "Feature", "geometry": {"type": "LineString", "coordinates": [[78.369441, 17.4179418], [78.3693828, 17.4183245], [78.3693344, 17.4185829], [78.3692618, 17.4190587], [78.3692431, 17.4191399], [78.3692414, 17.4191472]]}, "properties": {"class": "residential"}}, {"type": "Feature", "geometry": {"type": "LineString", "coordinates": [[78.3720922, 17.4186326], [78.3723429, 17.4187516], [78.3724689, 17.4187997], [78.3726108, 17.4188282], [78.3728609, 17.4188223], [78.3730851, 17.4188198], [78.3733504, 17.4188187], [78.3737425, 17.4187926], [78.3739558, 17.4188312], [78.3743188, 17.4189654], [78.3744637, 17.4190293], [78.3745917, 17.4190685], [78.3748149, 17.419104], [78.3750728, 17.4190954], [78.375597, 17.4190529], [78.3762552, 17.4189748], [78.3765568, 17.4189369], [78.3767724, 17.4189241], [78.3770184, 17.4189181], [78.3771225, 17.4189467], [78.3773129, 17.4190476], [78.3774875, 17.4191393], [78.3778622, 17.4193485], [78.3781122, 17.4194846], [78.3783969, 17.4196528], [78.3786897, 17.4198422], [78.3789124, 17.4200249], [78.3791153, 17.4202181], [78.3791671, 17.4202919], [78.3792769, 17.420464], [78.3794007, 17.4206248], [78.3794998, 17.4207492], [78.3797079, 17.4209544], [78.3798575, 17.4210973], [78.3799372, 17.4211915], [78.3800243, 17.4213179], [78.3800981, 17.4215069], [78.3801261, 17.4215763], [78.3801684, 17.4216534], [78.3802651, 17.4217798], [78.3803957, 17.4219208], [78.3805042, 17.4220177], [78.3805895, 17.4220891], [78.3807369, 17.4221892], [78.3809312, 17.4223065]]}, "properties": {"class": "secondary"}}, {"type": "Feature", "geometry": {"type": "LineString", "coordinates": [[78.3579926, 17.4188213], [78.3580852, 17.4188756], [78.358193, 17.4188885], [78.3582967, 17.4188576], [78.3583677, 17.4188009], [78.3584111, 17.4187224], [78.358437, 17.4186407], [78.358434, 17.4185472], [78.3584081, 17.4184897], [78.3583656, 17.4184245], [78.3582716, 17.418383], [78.3582124, 17.4183661], [78.3581489, 17.4183693], [78.3580713, 17.4183918], [78.3580182, 17.4184242], [78.3579665, 17.4184734], [78.3579445, 17.4185288], [78.3579143, 17.4186299], [78.3579314, 17.4187338], [78.3579926, 17.4188213]]}, "properties": {"class": "secondary"}}, {"type": "Feature", "geometry": {"type": "LineString", "coordinates": [[78.3550344, 17.4195937], [78.3550923, 17.4196114], [78.3551964, 17.4196234], [78.3552802, 17.4196001], [78.3553518, 17.4195526], [78.3554038, 17.4194857], [78.3554335, 17.4193785], [78.3554133, 17.4192693], [78.3553468, 17.4191784], [78.3552513, 17.4191241], [78.3551411, 17.4191111], [78.3550963, 17.4191209], [78.3550346, 17.4191417], [78.3549666, 17.4191919], [78.3549187, 17.4192601], [78.3548944, 17.4193534], [78.3549076, 17.4194487], [78.3549566, 17.4195327], [78.3550344, 17.4195937]]}, "properties": {"class": "secondary"}}, {"type": "Feature", "geometry": {"type": "LineString", "coordinates": [[78.347271, 17.4233829], [78.3472596, 17.4233063], [78.3472719, 17.4232882], [78.3474288, 17.4230845], [78.3475202, 17.4229507], [78.3475565, 17.4228977], [78.3476259, 17.4227978], [78.3476952, 17.4226964], [78.3478338, 17.4224539], [78.3479155, 17.4222584], [78.3479756, 17.4220643], [78.3480603, 17.4218292], [78.3482874, 17.4217005], [78.3485062, 17.4215765], [78.3485619, 17.4215375], [78.3488198, 17.421325], [78.3488602, 17.4212804], [78.3491338, 17.4210322], [78.349162, 17.4209965], [78.3493577, 17.4207967], [78.349392, 17.4207707], [78.3495603, 17.4206432], [78.3497963, 17.4205255], [78.3498188, 17.4205152], [78.34996, 17.4204405], [78.3500431, 17.4203898], [78.350263, 17.4203002], [78.3504478, 17.4202799], [78.3506331, 17.420234], [78.3513848, 17.4200479], [78.3520413, 17.419901], [78.3525225, 17.4197859], [78.3529945, 17.4196731], [78.3530257, 17.4196656], [78.353101, 17.4196491], [78.3533289, 17.4195991], [78.3534307, 17.419576], [78.3537768, 17.4195372], [78.3538244, 17.4195354], [78.354186, 17.4195218], [78.3544692, 17.4195109], [78.3546127, 17.4195058]]}, "properties": {"class": "secondary"}}, {"type": "Feature", "geometry": {"type": "LineString", "coordinates": [[78.3883016, 17.441665], [78.3883535, 17.4418405], [78.3883857, 17.4419506], [78.3884716, 17.4422026], [78.3886054, 17.4426877], [78.3886916, 17.4429878], [78.3887506, 17.443246]]}, "properties": {"class": "residential"}}, {"type": "Feature", "geometry": {"type": "LineString", "coordinates": [[78.3882674, 17.4431121], [78.3886916, 17.4429878], [78.389087, 17.4428679]]}, "properties": {"class": "residential"}}, {"type": "Feature", "geometry": {"type": "LineString", "coordinates": [[78.3899141, 17.4433082], [78.389959, 17.4432864], [78.3900147, 17.4432678], [78.3900643, 17.4432608], [78.3901084, 17.4432623], [78.390224, 17.4432596], [78.3903565, 17.4432606], [78.390478, 17.4432572], [78.3905907, 17.4432758], [78.3907689, 17.4432891], [78.3908388, 17.4432906], [78.3910365, 17.4432903], [78.3910962, 17.4432947], [78.3912911, 17.4432775], [78.3913322, 17.4432741], [78.3917494, 17.443225]]}, "properties": {"class": "residential"}}, {"type": "Feature", "geometry": {"type": "LineString", "coordinates": [[78.3905975, 17.4423405], [78.3906554, 17.442618], [78.3906981, 17.442859]]}, "properties": {"class": "residential"}}, {"type": "Feature", "geometry": {"type": "LineString", "coordinates": [[78.3903304, 17.4424078], [78.3904151, 17.44282], [78.390478, 17.4432572]]}, "properties": {"class": "residential"}}, {"type": "Feature", "geometry": {"type": "LineString", "coordinates": [[78.3911419, 17.4426255], [78.3912911, 17.4432775]]}, "properties": {"class": "residential"}}, {"type": "Feature", "geometry": {"type": "LineString", "coordinates": [[78.3896568, 17.4444516], [78.3896764, 17.4444609], [78.3898368, 17.4444933], [78.3898618, 17.4444983], [78.3900408, 17.4445286], [78.3902921, 17.4445783], [78.3904878, 17.4446133], [78.3907331, 17.4446542], [78.3909895, 17.4446976], [78.3910507, 17.4447106]]}, "properties": {"class": "residential"}}, {"type": "Feature", "geometry": {"type": "LineString", "coordinates": [[78.3903565, 17.4432606], [78.3904763, 17.444399], [78.3904878, 17.4446133]]}, "properties": {"class": "residential"}}, {"type": "Feature", "geometry": {"type": "LineString", "coordinates": [[78.3899465, 17.4440305], [78.3900408, 17.4445286]]}, "properties": {"class": "residential"}}, {"type": "Feature", "geometry": {"type": "LineString", "coordinates": [[78.3905907, 17.4432758], [78.3907331, 17.4446542]]}, "properties": {"class": "residential"}}, {"type": "Feature", "geometry": {"type": "LineString", "coordinates": [[78.3906873, 17.4453206], [78.3905645, 17.4463239], [78.3905078, 17.4467851]]}, "properties": {"class": "residential"}}, {"type": "Feature", "geometry": {"type": "LineString", "coordinates": [[78.391569, 17.4446682], [78.3916452, 17.4444277], [78.3917198, 17.4442235], [78.3918137, 17.4439933], [78.3918641, 17.4439133], [78.3918956, 17.4438826], [78.3919304, 17.4438601], [78.391966, 17.4438506]]}, "properties": {"class": "residential"}}, {"type": "Feature", "geometry": {"type": "LineString", "coordinates": [[78.3912061, 17.4453654], [78.3912603, 17.4450654], [78.3913425, 17.4446024], [78.391437, 17.4443588], [78.3915972, 17.4438705], [78.3916146, 17.443735]]}, "properties": {"class": "residential"}}, {"type": "Feature", "geometry": {"type": "LineString", "coordinates": [[78.3915365, 17.4468536], [78.3917198, 17.4453879]]}, "properties": {"class": "residential"}}, {"type": "Feature", "geometry": {"type": "LineString", "coordinates": [[78.3926429, 17.4447204], [78.3927413, 17.4450112], [78.3928784, 17.4453373], [78.3929097, 17.4453996], [78.3929616, 17.4454649]]}, "properties": {"class": "residential"}}, {"type": "Feature", "geometry": {"type": "LineString", "coordinates": [[78.3932144, 17.444477], [78.3929809, 17.4444824], [78.3928866, 17.4444663], [78.3928386, 17.4444579], [78.3927963, 17.444448], [78.3925948, 17.4443866], [78.3925628, 17.4443816], [78.3925234, 17.4443861], [78.3923571, 17.4444461], [78.3922014, 17.4445018]]}, "properties": {"class": "residential"}}, {"type": "Feature", "geometry": {"type": "LineString", "coordinates": [[78.393847, 17.4465521], [78.3933222, 17.446517]]}, "properties": {"class": "residential"}}, {"type": "Feature", "geometry": {"type": "LineString", "coordinates": [[78.3934032, 17.445825], [78.3933222, 17.446517], [78.3932834, 17.4469492]]}, "properties": {"class": "residential"}}, {"type": "Feature", "geometry": {"type": "LineString", "coordinates": [[78.3941194, 17.4506093], [78.3937039, 17.4506395], [78.393252, 17.4506892], [78.3930743, 17.4507106], [78.3928056, 17.450743], [78.3924077, 17.4507551], [78.3923928, 17.4507488], [78.3923849, 17.4507393], [78.3923817, 17.4507215]]}, "properties": {"class": "residential"}}, {"type": "Feature", "geometry": {"type": "LineString", "coordinates": [[78.3928035, 17.4472244], [78.3932259, 17.4472589], [78.3930403, 17.4487164], [78.3929097, 17.4496985], [78.3928774, 17.4500199], [78.3928056, 17.450743]]}, "properties": {"class": "residential"}}, {"type": "Feature", "geometry": {"type": "LineString", "coordinates": [[78.3923817, 17.4507215], [78.3923923, 17.4504392], [78.3924833, 17.4497081], [78.3924884, 17.4496668], [78.3926144, 17.4486906], [78.3928035, 17.4472244], [78.3928423, 17.4469237], [78.3930005, 17.4455051]]}, "properties": {"class": "residential"}}, {"type": "Feature", "geometry": {"type": "LineString", "coordinates": [[78.3937854, 17.4439827], [78.3937493, 17.4439964], [78.3931176, 17.4442372], [78.3930811, 17.4442447], [78.3930264, 17.4442395], [78.3926607, 17.4441407], [78.3924279, 17.4440754], [78.3924475, 17.4440349], [78.3924495, 17.4440157], [78.3924428, 17.4439971], [78.3924314, 17.4439837], [78.3923878, 17.4439504], [78.3923717, 17.4439331], [78.3922859, 17.4437438], [78.392186, 17.4435273], [78.3921719, 17.443447], [78.3921766, 17.4434252], [78.3921932, 17.4434041], [78.3922315, 17.4433868], [78.3926916, 17.4432499], [78.393046, 17.4431671]]}, "properties": {"class": "residential"}}, {"type": "Feature", "geometry": {"type": "LineString", "coordinates": [[78.3931338, 17.4427905], [78.3926428, 17.442913], [78.3920365, 17.443077]]}, "properties": {"class": "residential"}}, {"type": "Feature", "geometry": {"type": "LineString", "coordinates": [[78.3920022, 17.4427055], [78.3920277, 17.442717], [78.3920556, 17.4427192], [78.3925723, 17.4425615], [78.3932215, 17.4424247]]}, "properties": {"class": "residential"}}, {"type": "Feature", "geometry": {"type": "LineString", "coordinates": [[78.3911026, 17.4412148], [78.3911434, 17.4421222]]}, "properties": {"class": "residential"}}, {"type": "Feature", "geometry": {"type": "LineString", "coordinates": [[78.3876152, 17.4503472], [78.387663, 17.450193], [78.387742, 17.4500315], [78.3883215, 17.4489486]]}, "properties": {"class": "residential"}}, {"type": "Feature", "geometry": {"type": "LineString", "coordinates": [[78.3857431, 17.448598], [78.3861886, 17.4486653], [78.3864339, 17.4486746], [78.3868792, 17.4487089], [78.3873478, 17.4487085]]}, "properties": {"class": "residential"}}, {"type": "Feature", "geometry": {"type": "LineString", "coordinates": [[78.386758, 17.4510687], [78.3867446, 17.4510571], [78.3867412, 17.4510409], [78.3867845, 17.4502319], [78.3868792, 17.4487089]]}, "properties": {"class": "residential"}}, {"type": "Feature", "geometry": {"type": "LineString", "coordinates": [[78.3773683, 17.4411578], [78.3776858, 17.4410705]]}, "properties": {"class": "tertiary"}}, {"type": "Feature", "geometry": {"type": "LineString", "coordinates": [[78.3792378, 17.4401721], [78.3790048, 17.4403576], [78.3783691, 17.4407312], [78.3782055, 17.4408131], [78.3780205, 17.4408797], [78.3779878, 17.4408857]]}, "properties": {"class": "tertiary"}}, {"type": "Feature", "geometry": {"type": "LineString", "coordinates": [[78.3804057, 17.4417537], [78.3803426, 17.4416418], [78.3799876, 17.4410881], [78.3797881, 17.4407535], [78.3797512, 17.4406975], [78.3797167, 17.4406516], [78.3794804, 17.4403379], [78.3794097, 17.4402441]]}, "properties": {"class": "tertiary"}}, {"type": "Feature", "geometry": {"type": "LineString", "coordinates": [[78.3726629, 17.4371673], [78.3726427, 17.4371748], [78.372623, 17.4371677], [78.3723446, 17.4369107], [78.3723364, 17.4368971], [78.3723418, 17.4368782]]}, "properties": {"class": "residential"}}, {"type": "Feature", "geometry": {"type": "LineString", "coordinates": [[78.3711195, 17.4378477], [78.3712076, 17.4380407], [78.3713468, 17.4384153], [78.3718233, 17.4396873]]}, "properties": {"class": "residential"}}, {"type": "Feature", "geometry": {"type": "LineString", "coordinates": [[78.3751101, 17.4412601], [78.3751551, 17.4412633], [78.375577, 17.4412993], [78.3756871, 17.4413009], [78.3760183, 17.4413057], [78.3760947, 17.4413068], [78.3768575, 17.44132], [78.3769772, 17.4413221], [78.3770114, 17.4413221]]}, "properties": {"class": "residential"}}, {"type": "Feature", "geometry": {"type": "LineString", "coordinates": [[78.3760973, 17.4423945], [78.3760946, 17.4421839], [78.3760947, 17.4413068], [78.3761027, 17.440437]]}, "properties": {"class": "residential"}}, {"type": "Feature", "geometry": {"type": "LineString", "coordinates": [[78.3827721, 17.4288058], [78.3827094, 17.4288423], [78.3825939, 17.4289188], [78.3823234, 17.4291114], [78.3820816, 17.429321], [78.3820067, 17.4293942], [78.3818165, 17.429585], [78.3817646, 17.4296433], [78.381632, 17.4297836], [78.3813128, 17.4301621], [78.3812219, 17.4302644], [78.3811378, 17.430359], [78.3810768, 17.4304275], [78.3808803, 17.4306432], [78.3807228, 17.4308026], [78.3805917, 17.4309239], [78.3804183, 17.4310709], [78.3802408, 17.4311816], [78.3800059, 17.4313181], [78.3797278, 17.431445], [78.3795055, 17.4315294], [78.3793052, 17.4315897], [78.3791655, 17.4316198], [78.3791207, 17.4316295], [78.3790334, 17.4316443], [78.3788927, 17.4316681], [78.3788072, 17.4316714], [78.3785119, 17.4316697], [78.3784655, 17.4316603], [78.3784188, 17.4316363], [78.378384, 17.431599], [78.3783626, 17.4315454], [78.3783438, 17.431483], [78.3783254, 17.4313813]]}, "properties": {"class": "tertiary"}}, {"type": "Feature", "geometry": {"type": "LineString", "coordinates": [[78.3812042, 17.4313398], [78.3800431, 17.4322516], [78.3798783, 17.4323788], [78.3791743, 17.4329218], [78.3787231, 17.4333164], [78.3786082, 17.4334169], [78.3782221, 17.4337546], [78.3780428, 17.4339039], [78.3778934, 17.434023]]}, "properties": {"class": "tertiary"}}, {"type": "Feature", "geometry": {"type": "LineString", "coordinates": [[78.381278, 17.4314337], [78.3819924, 17.4322322], [78.3824198, 17.4327192], [78.3825156, 17.4328271], [78.3826033, 17.4329259], [78.3838865, 17.4343707]]}, "properties": {"class": "tertiary"}}, {"type": "Feature", "geometry": {"type": "LineString", "coordinates": [[78.3918051, 17.4354474], [78.3924127, 17.4360522], [78.3924554, 17.4360901], [78.3927155, 17.4364476]]}, "properties": {"class": "residential"}}, {"type": "Feature", "geometry": {"type": "LineString", "coordinates": [[78.3970726, 17.4319324], [78.3971196, 17.4319183], [78.3971513, 17.4319132], [78.397174, 17.4319454], [78.3971744, 17.432005], [78.3971432, 17.4320757], [78.3970946, 17.4321411], [78.397038, 17.4321755], [78.3968667, 17.432215], [78.3967693, 17.4322161], [78.396711, 17.4322082], [78.3966613, 17.4321656], [78.396646, 17.4321169], [78.396661, 17.4320803], [78.3967858, 17.4320397]]}, "properties": {"class": "residential"}}, {"type": "Feature", "geometry": {"type": "LineString", "coordinates": [[78.3707229, 17.4568125], [78.3712146, 17.4578989]]}, "properties": {"class": "residential"}}, {"type": "Feature", "geometry": {"type": "LineString", "coordinates": [[78.3714349, 17.4558536], [78.3716959, 17.4563964], [78.3717414, 17.4564911], [78.3722478, 17.4576066]]}, "properties": {"class": "residential"}}, {"type": "Feature", "geometry": {"type": "LineString", "coordinates": [[78.3969507, 17.4396917], [78.3970193, 17.4396617], [78.3970602, 17.4396246], [78.397179, 17.4394556], [78.3977508, 17.4387227]]}, "properties": {"class": "residential"}}, {"type": "Feature", "geometry": {"type": "LineString", "coordinates": [[78.3967456, 17.4390838], [78.3969507, 17.4396917], [78.3970573, 17.4400076], [78.3971299, 17.4402228], [78.3972175, 17.4404821]]}, "properties": {"class": "residential"}}, {"type": "Feature", "geometry": {"type": "LineString", "coordinates": [[78.3977577, 17.4355801], [78.3976509, 17.4356893], [78.3976323, 17.4357104], [78.3971552, 17.4362542]]}, "properties": {"class": "tertiary"}}, {"type": "Feature", "geometry": {"type": "LineString", "coordinates": [[78.3907939, 17.4385452], [78.3911446, 17.4384667], [78.391445, 17.4383938], [78.3917052, 17.4383196], [78.3918524, 17.4382715], [78.3919983, 17.4382238], [78.3926277, 17.4379841], [78.3929136, 17.4378752], [78.3929745, 17.4378513], [78.3930294, 17.4378278]]}, "properties": {"class": "tertiary"}}, {"type": "Feature", "geometry": {"type": "LineString", "coordinates": [[78.3898832, 17.4375648], [78.3899393, 17.437564], [78.3899476, 17.4375773], [78.38999, 17.4378949], [78.3900214, 17.4382518], [78.3900616, 17.4385646], [78.3900978, 17.4386298], [78.3901367, 17.438658], [78.3901803, 17.4386753], [78.3902534, 17.4386727]]}, "properties": {"class": "tertiary"}}, {"type": "Feature", "geometry": {"type": "LineString", "coordinates": [[78.3988006, 17.439461], [78.3999878, 17.4402452], [78.40002, 17.4402938], [78.4000212, 17.4403437], [78.3997355, 17.4407325], [78.3996515, 17.4408542], [78.3993053, 17.4413263], [78.3990457, 17.4416751], [78.3989988, 17.4417113], [78.3989552, 17.4417242], [78.3989029, 17.4417101], [78.3981653, 17.441182], [78.3977193, 17.4408871]]}, "properties": {"class": "residential"}}, {"type": "Feature", "geometry": {"type": "LineString", "coordinates": [[78.3679072, 17.4436129], [78.3680381, 17.4437383], [78.3680457, 17.4437456], [78.3682239, 17.4439145]]}, "properties": {"class": "residential"}}, {"type": "Feature", "geometry": {"type": "LineString", "coordinates": [[78.3690416, 17.4438935], [78.3690765, 17.4439077], [78.3694142, 17.4442561], [78.3703197, 17.4451905]]}, "properties": {"class": "residential"}}, {"type": "Feature", "geometry": {"type": "LineString", "coordinates": [[78.3703733, 17.4460759], [78.3698991, 17.4455711], [78.3690135, 17.4446285]]}, "properties": {"class": "residential"}}, {"type": "Feature", "geometry": {"type": "LineString", "coordinates": [[78.3682283, 17.444631], [78.3686061, 17.4450076], [78.3695183, 17.4459016], [78.3699452, 17.4463423]]}, "properties": {"class": "residential"}}, {"type": "Feature", "geometry": {"type": "LineString", "coordinates": [[78.3688231, 17.4433868], [78.3682788, 17.4438661], [78.3682442, 17.4438966], [78.3682239, 17.4439145], [78.3676834, 17.4443905]]}, "properties": {"class": "residential"}}, {"type": "Feature", "geometry": {"type": "LineString", "coordinates": [[78.3695183, 17.4459016], [78.3698991, 17.4455711]]}, "properties": {"class": "residential"}}, {"type": "Feature", "geometry": {"type": "LineString", "coordinates": [[78.3694142, 17.4442561], [78.3690135, 17.4446285], [78.3686061, 17.4450076]]}, "properties": {"class": "residential"}}, {"type": "Feature", "geometry": {"type": "LineString", "coordinates": [[78.3982469, 17.4679682], [78.3976092, 17.4679175], [78.3971971, 17.4679207], [78.3968388, 17.4679021], [78.3963216, 17.4678752], [78.3960729, 17.4678599], [78.3957003, 17.4678456], [78.3955058, 17.4678332], [78.3953158, 17.4678379], [78.3951249, 17.467869], [78.3948921, 17.4679393], [78.3944337, 17.468064], [78.3939721, 17.4682013], [78.3936731, 17.4682827], [78.3933922, 17.4683756], [78.3931836, 17.4684762], [78.3915608, 17.469474]]}, "properties": {"class": "tertiary"}}, {"type": "Feature", "geometry": {"type": "LineString", "coordinates": [[78.376365, 17.4685041], [78.3763043, 17.4683686], [78.3760576, 17.4681443], [78.3759149, 17.46802], [78.3757846, 17.4678469], [78.3757067, 17.4676911], [78.3756695, 17.4675927], [78.375636, 17.4670951], [78.375634, 17.4665331], [78.3756401, 17.4659648], [78.3756336, 17.4659057], [78.3756347, 17.4651713], [78.3756603, 17.4647159], [78.3757113, 17.464424]]}, "properties": {"class": "tertiary"}}, {"type": "Feature", "geometry": {"type": "LineString", "coordinates": [[78.3809647, 17.467562], [78.3811898, 17.4675379], [78.3811807, 17.4671517]]}, "properties": {"class": "residential"}}, {"type": "Feature", "geometry": {"type": "LineString", "coordinates": [[78.3785888, 17.465968], [78.378579, 17.4665939], [78.3785774, 17.4666975], [78.3785681, 17.4669218], [78.3785584, 17.4671571], [78.3785405, 17.4675961]]}, "properties": {"class": "residential"}}, {"type": "Feature", "geometry": {"type": "LineString", "coordinates": [[78.3785888, 17.465968], [78.3784773, 17.4659654], [78.3781153, 17.4659569], [78.3772187, 17.4659359], [78.3757422, 17.4659013]]}, "properties": {"class": "tertiary"}}, {"type": "Feature", "geometry": {"type": "LineString", "coordinates": [[78.3764137, 17.4685642], [78.376509, 17.4684103], [78.3765533, 17.4682938], [78.3765587, 17.4682349], [78.3765547, 17.4673402], [78.3765544, 17.467268], [78.3765511, 17.4665413]]}, "properties": {"class": "residential"}}, {"type": "Feature", "geometry": {"type": "LineString", "coordinates": [[78.3804793, 17.4672026], [78.380805, 17.4671806], [78.3809558, 17.4671694], [78.3811807, 17.4671517], [78.3813928, 17.4671366], [78.3816284, 17.467116], [78.3818591, 17.4670925], [78.381886, 17.4670894], [78.3822718, 17.4670479], [78.3824905, 17.4670268], [78.3826511, 17.4670162], [78.3827119, 17.467017], [78.3829468, 17.466978], [78.3831375, 17.4669563], [78.3831657, 17.4669704], [78.3831838, 17.4669908], [78.3832456, 17.467252]]}, "properties": {"class": "residential"}}, {"type": "Feature", "geometry": {"type": "LineString", "coordinates": [[78.3771857, 17.4683729], [78.377204, 17.4668568], [78.3772078, 17.4665439], [78.3772187, 17.4659359]]}, "properties": {"class": "residential"}}, {"type": "Feature", "geometry": {"type": "LineString", "coordinates": [[78.3818596, 17.4665889], [78.3811487, 17.4665917], [78.3805094, 17.4665942], [78.3802733, 17.4665952], [78.3800482, 17.466596], [78.3793216, 17.4665975], [78.3792921, 17.4665976], [78.3792411, 17.4665978], [78.3788591, 17.4666007]]}, "properties": {"class": "residential"}}, {"type": "Feature", "geometry": {"type": "LineString", "coordinates": [[78.3669143, 17.4657411], [78.3668708, 17.4654457]]}, "properties": {"class": "residential"}}, {"type": "Feature", "geometry": {"type": "LineString", "coordinates": [[78.3673201, 17.465721], [78.3669143, 17.4657411], [78.3665029, 17.4658393], [78.3664756, 17.465828]]}, "properties": {"class": "residential"}}, {"type": "Feature", "geometry": {"type": "LineString", "coordinates": [[78.3645888, 17.4632595], [78.3646099, 17.4632705], [78.3646244, 17.4632899], [78.3646858, 17.4637648], [78.3647671, 17.4643177]]}, "properties": {"class": "residential"}}, {"type": "Feature", "geometry": {"type": "LineString", "coordinates": [[78.3572717, 17.4424723], [78.3573089, 17.4425481], [78.357542, 17.4429991], [78.3576652, 17.4431482], [78.3578168, 17.4433299], [78.3580495, 17.4434784], [78.358466, 17.443748], [78.3585193, 17.4437856], [78.3585745, 17.4438238], [78.358663, 17.443921], [78.358849, 17.4442329], [78.3588647, 17.4442619], [78.3588922, 17.4443127]]}, "properties": {"class": "residential"}}, {"type": "Feature", "geometry": {"type": "LineString", "coordinates": [[78.387548, 17.4522706], [78.3874164, 17.451617], [78.3872969, 17.4509709], [78.3872513, 17.4506936], [78.3872391, 17.4504459], [78.3872485, 17.4502544], [78.3872567, 17.4501606], [78.3872668, 17.4500424], [78.387294, 17.4499271], [78.3873353, 17.4498288], [78.3879396, 17.4487398], [78.3881335, 17.4483875], [78.3883585, 17.4479812], [78.3885359, 17.4476263], [78.3888069, 17.4471282], [78.388828, 17.4470884], [78.3890127, 17.4467403], [78.389223, 17.4463696]]}, "properties": {"class": "tertiary"}}, {"type": "Feature", "geometry": {"type": "LineString", "coordinates": [[78.3891796, 17.4537365], [78.3895057, 17.4538708], [78.3897253, 17.4539819], [78.3899062, 17.4540636], [78.3900643, 17.4541425], [78.3901121, 17.4541646], [78.3903286, 17.4542373], [78.3903599, 17.454248], [78.3907142, 17.4543689], [78.3910282, 17.4545166], [78.3910776, 17.4545398], [78.3913754, 17.4546763], [78.3915099, 17.45474], [78.392046, 17.4549032], [78.3920924, 17.4549173], [78.3923998, 17.4549806], [78.3925898, 17.4550233], [78.3928279, 17.455067], [78.39296, 17.4551105], [78.393267, 17.4552105]]}, "properties": {"class": "tertiary"}}, {"type": "Feature", "geometry": {"type": "LineString", "coordinates": [[78.3955897, 17.4587865], [78.3964924, 17.4587853]]}, "properties": {"class": "residential"}}, {"type": "Feature", "geometry": {"type": "LineString", "coordinates": [[78.3868983, 17.4564013], [78.3871647, 17.4564012], [78.387942, 17.4564011]]}, "properties": {"class": "residential"}}, {"type": "Feature", "geometry": {"type": "LineString", "coordinates": [[78.3954773, 17.4587086], [78.3954512, 17.4597576]]}, "properties": {"class": "residential"}}, {"type": "Feature", "geometry": {"type": "LineString", "coordinates": [[78.3882931, 17.452337], [78.3883427, 17.4525691], [78.3886207, 17.4538908]]}, "properties": {"class": "residential"}}, {"type": "Feature", "geometry": {"type": "LineString", "coordinates": [[78.3932106, 17.4536772], [78.3936423, 17.4536422], [78.3940788, 17.4536136], [78.3943041, 17.4535908], [78.3945267, 17.4535729], [78.3949454, 17.4535443], [78.3953819, 17.4535186], [78.395796, 17.4534877], [78.3961644, 17.4534747], [78.3962174, 17.4534891], [78.3962287, 17.45353], [78.3962837, 17.4542226], [78.3963765, 17.4548885]]}, "properties": {"class": "residential"}}, {"type": "Feature", "geometry": {"type": "LineString", "coordinates": [[78.3901938, 17.4548584], [78.3901408, 17.4560442]]}, "properties": {"class": "residential"}}, {"type": "Feature", "geometry": {"type": "LineString", "coordinates": [[78.3950133, 17.4551713], [78.3950275, 17.4558174]]}, "properties": {"class": "residential"}}, {"type": "Feature", "geometry": {"type": "LineString", "coordinates": [[78.3901408, 17.4560442], [78.3900299, 17.457325], [78.3899859, 17.457833]]}, "properties": {"class": "residential"}}, {"type": "Feature", "geometry": {"type": "LineString", "coordinates": [[78.3864925, 17.4544832], [78.3866306, 17.4550996], [78.3868781, 17.4556299]]}, "properties": {"class": "residential"}}, {"type": "Feature", "geometry": {"type": "LineString", "coordinates": [[78.3941674, 17.4554687], [78.3941994, 17.4563411]]}, "properties": {"class": "residential"}}, {"type": "Feature", "geometry": {"type": "LineString", "coordinates": [[78.3874122, 17.4542288], [78.3873957, 17.455809]]}, "properties": {"class": "residential"}}, {"type": "Feature", "geometry": {"type": "LineString", "coordinates": [[78.3946028, 17.4553584], [78.3946203, 17.4561753]]}, "properties": {"class": "residential"}}, {"type": "Feature", "geometry": {"type": "LineString", "coordinates": [[78.3910088, 17.4549216], [78.3903449, 17.4548694], [78.3901938, 17.4548584], [78.3900869, 17.4548475], [78.3898691, 17.45484], [78.3894763, 17.4548265], [78.3892233, 17.4548304]]}, "properties": {"class": "residential"}}, {"type": "Feature", "geometry": {"type": "LineString", "coordinates": [[78.396494, 17.4570968], [78.3964925, 17.4575934], [78.3964904, 17.458277]]}, "properties": {"class": "residential"}}, {"type": "Feature", "geometry": {"type": "LineString", "coordinates": [[78.3859582, 17.4525737], [78.3859845, 17.4527769], [78.3860126, 17.4530906], [78.3860563, 17.4535789], [78.3861082, 17.453857], [78.3861271, 17.4541101], [78.3861957, 17.4545589], [78.386456, 17.4557351]]}, "properties": {"class": "residential"}}, {"type": "Feature", "geometry": {"type": "LineString", "coordinates": [[78.3910776, 17.4545398], [78.3910088, 17.4549216], [78.3910028, 17.4550765], [78.3909832, 17.455577], [78.3909627, 17.4561013], [78.3909461, 17.456338], [78.3909308, 17.4565556], [78.3909007, 17.4569847], [78.3908493, 17.4577184], [78.3908113, 17.4577952], [78.3907785, 17.4578227], [78.3906806, 17.4578617], [78.3905196, 17.4578713], [78.3899859, 17.457833], [78.3896667, 17.4578189], [78.3895098, 17.4578214], [78.389373, 17.4577895], [78.3893198, 17.4576696], [78.389322, 17.4574044], [78.3892576, 17.4573391], [78.3892456, 17.457201], [78.3892634, 17.456745], [78.3892649, 17.4566373], [78.3892765, 17.4559852], [78.3892732, 17.4551944]]}, "properties": {"class": "residential"}}, {"type": "Feature", "geometry": {"type": "LineString", "coordinates": [[78.3927539, 17.4572259], [78.3931508, 17.4572243], [78.3938613, 17.4572335], [78.3941326, 17.4571833]]}, "properties": {"class": "residential"}}, {"type": "Feature", "geometry": {"type": "LineString", "coordinates": [[78.39296, 17.4551105], [78.3928686, 17.4562433]]}, "properties": {"class": "residential"}}, {"type": "Feature", "geometry": {"type": "LineString", "coordinates": [[78.3871837, 17.4558075], [78.3873957, 17.455809], [78.3879546, 17.4558116]]}, "properties": {"class": "residential"}}, {"type": "Feature", "geometry": {"type": "LineString", "coordinates": [[78.3931508, 17.4572243], [78.3931179, 17.4578145], [78.3931154, 17.4585009]]}, "properties": {"class": "residential"}}, {"type": "Feature", "geometry": {"type": "LineString", "coordinates": [[78.3948809, 17.4585054], [78.3948865, 17.4598652]]}, "properties": {"class": "residential"}}, {"type": "Feature", "geometry": {"type": "LineString", "coordinates": [[78.3920924, 17.4549173], [78.3920665, 17.4553241], [78.392011, 17.4561982]]}, "properties": {"class": "residential"}}, {"type": "Feature", "geometry": {"type": "LineString", "coordinates": [[78.3964904, 17.458277], [78.3958941, 17.4582839], [78.3954054, 17.4582969]]}, "properties": {"class": "residential"}}, {"type": "Feature", "geometry": {"type": "LineString", "coordinates": [[78.3947419, 17.4578554], [78.3935406, 17.4578424], [78.3931179, 17.4578145], [78.3924098, 17.4578193], [78.392424, 17.4585255], [78.3927506, 17.4585292], [78.3931154, 17.4585009], [78.3932005, 17.458507], [78.3942755, 17.4585102], [78.3948809, 17.4585054]]}, "properties": {"class": "residential"}}, {"type": "Feature", "geometry": {"type": "LineString", "coordinates": [[78.395796, 17.4534877], [78.3959224, 17.4548517], [78.3959052, 17.4548979]]}, "properties": {"class": "residential"}}, {"type": "Feature", "geometry": {"type": "LineString", "coordinates": [[78.3885823, 17.4539062], [78.3885609, 17.4559758], [78.388561, 17.4567236]]}, "properties": {"class": "residential"}}, {"type": "Feature", "geometry": {"type": "LineString", "coordinates": [[78.396238, 17.4595517], [78.3969161, 17.4593075], [78.3971431, 17.4592011], [78.3971701, 17.4591393], [78.3971814, 17.4590776], [78.3971788, 17.4585005], [78.3971789, 17.4582616], [78.3971638, 17.4576055], [78.3971436, 17.4571057], [78.3971384, 17.4565113], [78.3971363, 17.4562698], [78.3971355, 17.4561972], [78.3971586, 17.4551681], [78.3971658, 17.4550301], [78.3971909, 17.4549542], [78.3972333, 17.4549145], [78.3973971, 17.4548759], [78.3975248, 17.4548395], [78.3976997, 17.4547474], [78.3977273, 17.4546903], [78.3977447, 17.4546204], [78.3977346, 17.4545809], [78.3976687, 17.4543838], [78.3975926, 17.4541011], [78.3971975, 17.4530218], [78.3966762, 17.4514997]]}, "properties": {"class": "secondary"}}, {"type": "Feature", "geometry": {"type": "LineString", "coordinates": [[78.3948987, 17.4523006], [78.3949362, 17.4531514], [78.3949454, 17.4535443], [78.394969, 17.4542962], [78.3951052, 17.4551275]]}, "properties": {"class": "residential"}}, {"type": "Feature", "geometry": {"type": "LineString", "coordinates": [[78.3868927, 17.4543742], [78.3868781, 17.4556299], [78.386891, 17.4558014], [78.3868983, 17.4564013], [78.3868752, 17.457367]]}, "properties": {"class": "residential"}}, {"type": "Feature", "geometry": {"type": "LineString", "coordinates": [[78.3959786, 17.4556541], [78.3959609, 17.4562626]]}, "properties": {"class": "residential"}}, {"type": "Feature", "geometry": {"type": "LineString", "coordinates": [[78.396494, 17.4570968], [78.3968849, 17.4570905]]}, "properties": {"class": "residential"}}, {"type": "Feature", "geometry": {"type": "LineString", "coordinates": [[78.3970527, 17.4562683], [78.396489, 17.4562584], [78.3959609, 17.4562626]]}, "properties": {"class": "residential"}}, {"type": "Feature", "geometry": {"type": "LineString", "coordinates": [[78.3937181, 17.4557394], [78.3937346, 17.455402], [78.3937092, 17.4546756], [78.3936423, 17.4536422], [78.393597, 17.4525211], [78.3936067, 17.452463], [78.3936418, 17.452441], [78.3940244, 17.4523969], [78.3944493, 17.452356], [78.3948987, 17.4523006], [78.3953424, 17.4522671], [78.3956958, 17.4522479]]}, "properties": {"class": "residential"}}, {"type": "Feature", "geometry": {"type": "LineString", "coordinates": [[78.3944135, 17.4517425], [78.3944183, 17.4518892], [78.3944493, 17.452356], [78.3944991, 17.4529944], [78.3945267, 17.4535729]]}, "properties": {"class": "residential"}}, {"type": "Feature", "geometry": {"type": "LineString", "coordinates": [[78.3847656, 17.4526784], [78.384883, 17.4531801], [78.3850044, 17.4536991], [78.3851188, 17.4542197], [78.3853142, 17.4549234]]}, "properties": {"class": "residential"}}, {"type": "Feature", "geometry": {"type": "LineString", "coordinates": [[78.387957, 17.4549455], [78.3879546, 17.4558116], [78.3879574, 17.4559608], [78.387942, 17.4564011], [78.3879499, 17.4568459], [78.3879514, 17.4570015]]}, "properties": {"class": "tertiary"}}, {"type": "Feature", "geometry": {"type": "LineString", "coordinates": [[78.3879574, 17.4559608], [78.3885609, 17.4559758], [78.3888507, 17.4559767], [78.3892765, 17.4559852], [78.3893857, 17.4559909], [78.3894677, 17.4559951], [78.3901408, 17.4560442], [78.3909627, 17.4561013], [78.39139, 17.4561295], [78.392011, 17.4561982], [78.3925091, 17.4562251], [78.3928686, 17.4562433], [78.3929848, 17.4562664]]}, "properties": {"class": "residential"}}, {"type": "Feature", "geometry": {"type": "LineString", "coordinates": [[78.379227, 17.4540429], [78.3794673, 17.4541092], [78.3797913, 17.4541487], [78.3802525, 17.4541541], [78.3809373, 17.4541403], [78.380959, 17.4541411], [78.3811493, 17.4541485], [78.3812579, 17.4541715], [78.3813934, 17.454238], [78.381544, 17.4543727], [78.3818473, 17.4546441], [78.3819592, 17.4547723], [78.3820706, 17.454913], [78.3821963, 17.4550885], [78.3822905, 17.4552201], [78.382727, 17.4558087], [78.3827156, 17.4559344], [78.382677, 17.4561713], [78.3826459, 17.4564571], [78.3826002, 17.4566614], [78.3825175, 17.4570307], [78.3824676, 17.457256], [78.3825119, 17.4574671], [78.3825226, 17.4576283], [78.3825307, 17.4577677], [78.3824906, 17.458014], [78.38247, 17.4582883], [78.3824623, 17.4583909], [78.3824626, 17.458911]]}, "properties": {"class": "residential"}}, {"type": "Feature", "geometry": {"type": "LineString", "coordinates": [[78.3826459, 17.4564571], [78.3840707, 17.4566033]]}, "properties": {"class": "residential"}}, {"type": "Feature", "geometry": {"type": "LineString", "coordinates": [[78.3816523, 17.4529824], [78.3816543, 17.45403]]}, "properties": {"class": "residential"}}, {"type": "Feature", "geometry": {"type": "LineString", "coordinates": [[78.3825175, 17.4570307], [78.3842497, 17.4571713]]}, "properties": {"class": "residential"}}, {"type": "Feature", "geometry": {"type": "LineString", "coordinates": [[78.3812438, 17.4584799], [78.3824626, 17.458911], [78.3827072, 17.4591534], [78.3827602, 17.4592059], [78.3833058, 17.4597468], [78.3834453, 17.4598709], [78.3836116, 17.4599349], [78.3837876, 17.4599463], [78.3841597, 17.4599008], [78.3847901, 17.4598148]]}, "properties": {"class": "residential"}}, {"type": "Feature", "geometry": {"type": "LineString", "coordinates": [[78.3824623, 17.4583909], [78.381472, 17.4579604]]}, "properties": {"class": "residential"}}, {"type": "Feature", "geometry": {"type": "LineString", "coordinates": [[78.3818473, 17.4546441], [78.3821726, 17.4545181], [78.3826815, 17.4543566], [78.3831907, 17.4542125]]}, "properties": {"class": "residential"}}, {"type": "Feature", "geometry": {"type": "LineString", "coordinates": [[78.382365, 17.4536642], [78.3824153, 17.4536469], [78.3824629, 17.4536642], [78.3824777, 17.453709], [78.3826815, 17.4543566], [78.3831668, 17.4557586]]}, "properties": {"class": "residential"}}, {"type": "Feature", "geometry": {"type": "LineString", "coordinates": [[78.3422475, 17.4544989], [78.3426784, 17.4539315], [78.3427057, 17.4538974], [78.342723, 17.4538758], [78.3428987, 17.4536395], [78.3433541, 17.4530789], [78.3437049, 17.4526458], [78.3440073, 17.4522803], [78.3441598, 17.4521317], [78.3443345, 17.4519765], [78.3447437, 17.4516604], [78.3449897, 17.4514928], [78.3452079, 17.4513886], [78.3455576, 17.4512342], [78.3461545, 17.4509697], [78.3464267, 17.4508505], [78.3465315, 17.4508002], [78.3469062, 17.4506095], [78.3469437, 17.4505904], [78.3473248, 17.4503237], [78.3476038, 17.4500883], [78.3479034, 17.4498109], [78.3482083, 17.4495284], [78.3482326, 17.4495059], [78.3483583, 17.4493856], [78.3485376, 17.4492057], [78.3487131, 17.4490296], [78.3488255, 17.4489232], [78.3492288, 17.448526], [78.3496148, 17.448146], [78.3503273, 17.4474509], [78.3506418, 17.4471522], [78.3511201, 17.4466768], [78.3516157, 17.4461842], [78.3519799, 17.4458123], [78.3522343, 17.4455556], [78.3522868, 17.4455121], [78.3523158, 17.4454907], [78.352658, 17.4452242], [78.3526871, 17.4452016], [78.3527342, 17.4451626], [78.3527497, 17.4451492], [78.3528207, 17.44509]]}, "properties": {"class": "primary"}}, {"type": "Feature", "geometry": {"type": "LineString", "coordinates": [[78.3522343, 17.4455556], [78.3522821, 17.4456375], [78.352526, 17.4460554], [78.3532294, 17.447453], [78.3533647, 17.4476982], [78.3534579, 17.4478516], [78.3536605, 17.4480919], [78.3540753, 17.448487], [78.3541397, 17.448552], [78.3542028, 17.4485896], [78.3545704, 17.4486835], [78.3546405, 17.4486923], [78.3549042, 17.4487252], [78.3550948, 17.4487389], [78.3556395, 17.4486853], [78.3565898, 17.448691], [78.3570045, 17.4486899], [78.3576255, 17.448696], [78.3577044, 17.448699], [78.3580363, 17.4486782], [78.3583967, 17.4487034], [78.359031, 17.4487185], [78.3595572, 17.4487295], [78.3596688, 17.448728], [78.3598135, 17.4487261], [78.3599694, 17.4487107], [78.3601052, 17.4486805], [78.3602263, 17.4486453], [78.3611524, 17.4483847]]}, "properties": {"class": "secondary"}}, {"type": "Feature", "geometry": {"type": "LineString", "coordinates": [[78.3550948, 17.4487389], [78.3550615, 17.4486416]]}, "properties": {"class": "residential"}}, {"type": "Feature", "geometry": {"type": "LineString", "coordinates": [[78.363387, 17.4476872], [78.3633097, 17.4477042], [78.3631046, 17.4477573], [78.3627666, 17.4478448], [78.3626929, 17.4478647], [78.3624719, 17.4479242], [78.3619019, 17.4480813], [78.3612958, 17.4482637], [78.3611297, 17.4483137], [78.3608034, 17.4484055], [78.360204, 17.4485741], [78.3601782, 17.4485816], [78.360085, 17.4486088], [78.3599565, 17.4486374], [78.359809, 17.4486519], [78.3595575, 17.4486553], [78.3590328, 17.4486443], [78.3590093, 17.4486437], [78.3584005, 17.4486292], [78.358039, 17.448604], [78.3576875, 17.4486063], [78.357613, 17.4486062], [78.3571758, 17.448613], [78.3570038, 17.4486157], [78.3568324, 17.4486162], [78.35659, 17.4486168], [78.3556367, 17.448611], [78.3550615, 17.4486416], [78.3549099, 17.448651], [78.3545873, 17.4486107], [78.3542486, 17.4484996], [78.3542022, 17.4484716], [78.3541492, 17.4484238], [78.3535692, 17.4478584], [78.3535271, 17.4478051], [78.3534457, 17.4476739], [78.3532989, 17.4474195], [78.3531434, 17.4471055], [78.3531369, 17.4470927], [78.3530048, 17.4468314], [78.3529576, 17.446738], [78.3529447, 17.4467126], [78.3529375, 17.4466984], [78.3525958, 17.4460224], [78.3525556, 17.4459479], [78.3523158, 17.4454907]]}, "properties": {"class": "secondary"}}, {"type": "Feature", "geometry": {"type": "LineString", "coordinates": [[78.357613, 17.4486062], [78.3576255, 17.448696]]}, "properties": {"class": "residential"}}, {"type": "Feature", "geometry": {"type": "LineString", "coordinates": [[78.364892, 17.4690622], [78.3633529, 17.4684554]]}, "properties": {"class": "residential"}}, {"type": "Feature", "geometry": {"type": "LineString", "coordinates": [[78.364689, 17.4722476], [78.3648133, 17.4719202], [78.3648967, 17.4716785], [78.3649398, 17.4715535], [78.3649729, 17.4714576], [78.364981, 17.4714324], [78.3650598, 17.4711866], [78.3651728, 17.4709531], [78.3652947, 17.4706971], [78.3653486, 17.4705883], [78.3655081, 17.4702716], [78.3656038, 17.4700294], [78.3658602, 17.4695051], [78.3661779, 17.4689656], [78.3664232, 17.468549], [78.3665015, 17.4684383]]}, "properties": {"class": "primary"}}, {"type": "Feature", "geometry": {"type": "LineString", "coordinates": [[78.3575154, 17.4232496], [78.3572639, 17.4223467]]}, "properties": {"class": "motorway"}}, {"type": "Feature", "geometry": {"type": "LineString", "coordinates": [[78.3572925, 17.4233176], [78.3575451, 17.424319], [78.35824, 17.4268384], [78.3587809, 17.4289169], [78.3588966, 17.4293596], [78.3591886, 17.4304791], [78.3594505, 17.4314252], [78.359782, 17.432402], [78.359877, 17.4326393]]}, "properties": {"class": "motorway"}}, {"type": "Feature", "geometry": {"type": "LineString", "coordinates": [[78.3554335, 17.4193785], [78.3557926, 17.4192828], [78.3571581, 17.4189561], [78.357227, 17.4189397], [78.3576953, 17.4188285], [78.3577898, 17.4188131], [78.3578986, 17.418813], [78.3579926, 17.4188213]]}, "properties": {"class": "secondary"}}, {"type": "Feature", "geometry": {"type": "LineString", "coordinates": [[78.3584111, 17.4187224], [78.3584896, 17.418665], [78.358554, 17.4186148], [78.3586874, 17.4185622]]}, "properties": {"class": "secondary"}}, {"type": "Feature", "geometry": {"type": "LineString", "coordinates": [[78.3565559, 17.4419224], [78.3561195, 17.4421127], [78.3555409, 17.4423332], [78.355325, 17.4424292], [78.3548328, 17.4426385], [78.3546571, 17.4427132], [78.3541676, 17.4429435]]}, "properties": {"class": "residential"}}, {"type": "Feature", "geometry": {"type": "LineString", "coordinates": [[78.3564252, 17.4416324], [78.3565559, 17.4419224]]}, "properties": {"class": "residential"}}, {"type": "Feature", "geometry": {"type": "LineString", "coordinates": [[78.36813, 17.4348564], [78.3679347, 17.4350501], [78.3676963, 17.4352868], [78.3672162, 17.4357293], [78.3669955, 17.4359318], [78.3666921, 17.4362226], [78.3664239, 17.4364529], [78.3656734, 17.4370888], [78.3651248, 17.4375321], [78.3645856, 17.4379654], [78.3639034, 17.4384784], [78.3633191, 17.438893], [78.3626119, 17.4393935], [78.3623412, 17.439577], [78.3614485, 17.4401489], [78.3610294, 17.4404183]]}, "properties": {"class": "primary"}}, {"type": "Feature", "geometry": {"type": "LineString", "coordinates": [[78.361081, 17.4404972], [78.3611765, 17.4404331], [78.361498, 17.4402302], [78.3624065, 17.439651], [78.3627357, 17.4394272], [78.3633737, 17.4389671], [78.3639753, 17.4385315], [78.3646769, 17.4380107], [78.3651827, 17.4376101], [78.3657252, 17.4371685], [78.3664869, 17.4365347], [78.3667551, 17.4362968], [78.3670805, 17.4359952], [78.3673638, 17.435738], [78.367752, 17.4353574], [78.3680231, 17.4350979], [78.3681934, 17.4349255]]}, "properties": {"class": "primary"}}, {"type": "Feature", "geometry": {"type": "LineString", "coordinates": [[78.3628516, 17.439144], [78.362526, 17.4393741], [78.3621097, 17.4396268], [78.3610082, 17.4403318]]}, "properties": {"class": "primary"}}, {"type": "Feature", "geometry": {"type": "LineString", "coordinates": [[78.3580036, 17.4419205], [78.3579365, 17.4418054]]}, "properties": {"class": "residential"}}, {"type": "Feature", "geometry": {"type": "LineString", "coordinates": [[78.3598479, 17.4397673], [78.3597212, 17.439817], [78.3594291, 17.4398939], [78.3591342, 17.4399573], [78.3590098, 17.4399852], [78.3587742, 17.4400553], [78.358599, 17.4401273], [78.3582037, 17.4403035], [78.3581807, 17.4403137], [78.3578423, 17.4404934], [78.3566335, 17.4411124], [78.3564994, 17.4411788], [78.3559602, 17.4414623], [78.3555277, 17.4416898], [78.3552179, 17.4418527], [78.3546196, 17.4421809], [78.3542872, 17.4423621], [78.3540783, 17.4424778], [78.354029, 17.4425592], [78.3540155, 17.4426469], [78.3540228, 17.4427068], [78.3541676, 17.4429435], [78.3544112, 17.4433233]]}, "properties": {"class": "residential"}}, {"type": "Feature", "geometry": {"type": "LineString", "coordinates": [[78.3591137, 17.4413415], [78.3586697, 17.441518], [78.3583324, 17.4416354], [78.3579365, 17.4418054], [78.3571348, 17.4421576], [78.3567362, 17.442321], [78.356282, 17.4425147], [78.3557902, 17.4427244], [78.3557117, 17.4427579], [78.3550489, 17.4430454], [78.3545249, 17.443264], [78.3544112, 17.4433233]]}, "properties": {"class": "residential"}}, {"type": "Feature", "geometry": {"type": "LineString", "coordinates": [[78.356839, 17.4425183], [78.3567362, 17.442321]]}, "properties": {"class": "residential"}}, {"type": "Feature", "geometry": {"type": "LineString", "coordinates": [[78.3575552, 17.4410463], [78.3577532, 17.4414405], [78.3579365, 17.4418054]]}, "properties": {"class": "residential"}}, {"type": "Feature", "geometry": {"type": "LineString", "coordinates": [[78.358599, 17.4401273], [78.3587535, 17.4404723], [78.3587623, 17.4405529]]}, "properties": {"class": "residential"}}, {"type": "Feature", "geometry": {"type": "LineString", "coordinates": [[78.3572185, 17.442344], [78.357172, 17.442225], [78.3571348, 17.4421576]]}, "properties": {"class": "residential"}}, {"type": "Feature", "geometry": {"type": "LineString", "coordinates": [[78.3592191, 17.4415064], [78.3591137, 17.4413415]]}, "properties": {"class": "residential"}}, {"type": "Feature", "geometry": {"type": "LineString", "coordinates": [[78.3567742, 17.441409], [78.3569611, 17.4417798], [78.3571348, 17.4421576]]}, "properties": {"class": "residential"}}, {"type": "Feature", "geometry": {"type": "LineString", "coordinates": [[78.3584227, 17.4418444], [78.3583324, 17.4416354]]}, "properties": {"class": "residential"}}, {"type": "Feature", "geometry": {"type": "LineString", "coordinates": [[78.3579445, 17.4185288], [78.3578687, 17.4186214], [78.3577886, 17.4186825], [78.3576662, 17.4187249], [78.3556797, 17.4192039], [78.3555758, 17.4192251], [78.3554933, 17.4192277], [78.3554256, 17.41922], [78.3553468, 17.4191784]]}, "properties": {"class": "secondary"}}, {"type": "Feature", "geometry": {"type": "LineString", "coordinates": [[78.3961142, 17.4393832], [78.3958286, 17.4396358], [78.3956924, 17.4397469], [78.3956176, 17.4398071], [78.3954194, 17.4399404], [78.395272, 17.4400156], [78.3951077, 17.4400818], [78.3949055, 17.4401507], [78.3943494, 17.4402893], [78.3941393, 17.4403603], [78.3937633, 17.4405038], [78.3936049, 17.4405668], [78.3934225, 17.4406271], [78.3931932, 17.4407044], [78.3929942, 17.4407523], [78.3926655, 17.4408372], [78.3924563, 17.4408762], [78.3922742, 17.4408895], [78.3917986, 17.4409327], [78.3915107, 17.4409821], [78.3913514, 17.4410141], [78.3910997, 17.4410647], [78.3907255, 17.4411459], [78.3904512, 17.4411958], [78.3901689, 17.4412213], [78.3901066, 17.4412251], [78.3900626, 17.4412279], [78.38999, 17.4412303], [78.3896016, 17.4412418], [78.3891544, 17.4412463], [78.3887675, 17.4412655], [78.3887319, 17.4412751], [78.3886253, 17.4413052], [78.3885006, 17.4413525], [78.3883685, 17.4414178], [78.3882833, 17.4414638], [78.3882377, 17.4415054], [78.3881378, 17.4415873], [78.3880573, 17.4416794], [78.3879896, 17.4417741], [78.3878528, 17.4420217], [78.3877663, 17.4422782], [78.3875894, 17.4427074], [78.3874394, 17.4430926], [78.3874105, 17.4431732], [78.3872724, 17.4434918], [78.3871427, 17.4437754], [78.3869137, 17.4441173], [78.3866725, 17.4444129], [78.3863654, 17.4447668]]}, "properties": {"class": "primary"}}, {"type": "Feature", "geometry": {"type": "LineString", "coordinates": [[78.3806698, 17.452089], [78.3808271, 17.4519128], [78.3809959, 17.4517436], [78.3810864, 17.4516562]]}, "properties": {"class": "primary"}}, {"type": "Feature", "geometry": {"type": "LineString", "coordinates": [[78.381468, 17.4520365], [78.3821288, 17.4527726]]}, "properties": {"class": "primary"}}, {"type": "Feature", "geometry": {"type": "LineString", "coordinates": [[78.3962684, 17.4394347], [78.3964891, 17.4392548], [78.3967456, 17.4390838], [78.3970495, 17.4389593], [78.3970833, 17.4389474], [78.3973704, 17.4388468], [78.3975855, 17.4387723], [78.3977508, 17.4387227], [78.3978095, 17.4386981], [78.3981155, 17.4385795], [78.3984301, 17.4384902], [78.3985643, 17.4384751], [78.3986521, 17.4384853], [78.3987252, 17.4385191], [78.3988327, 17.4385947], [78.3991002, 17.4387933], [78.3991918, 17.4388586]]}, "properties": {"class": "primary"}}, {"type": "Feature", "geometry": {"type": "LineString", "coordinates": [[78.3991824, 17.4387167], [78.3991172, 17.4386816], [78.3990418, 17.4386353], [78.3989014, 17.4385232], [78.3987926, 17.4384288], [78.3986971, 17.4383848], [78.3986239, 17.4383669], [78.3985651, 17.4383611], [78.3984308, 17.4383963], [78.3980672, 17.4384976], [78.3977246, 17.4386009], [78.3975399, 17.438658], [78.3973269, 17.4387228], [78.397134, 17.438787], [78.3970211, 17.4388293], [78.3968583, 17.4388903], [78.3966413, 17.4390024], [78.3964105, 17.4391372], [78.3961933, 17.4393076]]}, "properties": {"class": "primary"}}, {"type": "Feature", "geometry": {"type": "LineString", "coordinates": [[78.40249, 17.4349988], [78.4020465, 17.4344076], [78.4019174, 17.4342356], [78.4018029, 17.4340726], [78.4016916, 17.4339153], [78.4013315, 17.4334074]]}, "properties": {"class": "residential"}}, {"type": "Feature", "geometry": {"type": "LineString", "coordinates": [[78.3528683, 17.4379118], [78.3528443, 17.4379155], [78.3524104, 17.4380115], [78.352221, 17.4380738], [78.3520929, 17.4381777], [78.3519567, 17.4382604], [78.3518579, 17.4383311], [78.3517381, 17.438394], [78.3507066, 17.4387497], [78.3504577, 17.4388264], [78.3498253, 17.4390098], [78.3487677, 17.4393233], [78.348655, 17.4393574], [78.3485218, 17.4393932]]}, "properties": {"class": "tertiary"}}, {"type": "Feature", "geometry": {"type": "LineString", "coordinates": [[78.3485459, 17.4394483], [78.3486778, 17.43941], [78.3487937, 17.4393771], [78.3492032, 17.439251], [78.3498402, 17.4390537], [78.350316, 17.438913], [78.350368, 17.4388955], [78.3503941, 17.4388863], [78.3504239, 17.438877], [78.3504669, 17.4388646], [78.3507169, 17.438785], [78.3517561, 17.4384267], [78.3518869, 17.4383581], [78.3519879, 17.4382858], [78.3521262, 17.4382018], [78.3522466, 17.4381042], [78.3524167, 17.4380482], [78.3528422, 17.4379541], [78.3528782, 17.4379497], [78.3534563, 17.4379016], [78.3537315, 17.4378455], [78.3540987, 17.4377714], [78.3552639, 17.4375291], [78.3553776, 17.4374774], [78.3557631, 17.4371722]]}, "properties": {"class": "tertiary"}}, {"type": "Feature", "geometry": {"type": "LineString", "coordinates": [[78.3579557, 17.4388433], [78.3584094, 17.4384166]]}, "properties": {"class": "residential"}}, {"type": "Feature", "geometry": {"type": "LineString", "coordinates": [[78.358434, 17.4393117], [78.358753, 17.4390158]]}, "properties": {"class": "residential"}}, {"type": "Feature", "geometry": {"type": "LineString", "coordinates": [[78.3581885, 17.4390713], [78.3586359, 17.438652]]}, "properties": {"class": "residential"}}, {"type": "Feature", "geometry": {"type": "LineString", "coordinates": [[78.3566992, 17.4387916], [78.3574228, 17.4394628]]}, "properties": {"class": "residential"}}, {"type": "Feature", "geometry": {"type": "LineString", "coordinates": [[78.3586852, 17.4395578], [78.3590021, 17.4392682]]}, "properties": {"class": "residential"}}, {"type": "Feature", "geometry": {"type": "LineString", "coordinates": [[78.3563099, 17.4400561], [78.3560584, 17.440264], [78.3557763, 17.4399507]]}, "properties": {"class": "residential"}}, {"type": "Feature", "geometry": {"type": "LineString", "coordinates": [[78.3573025, 17.4382548], [78.3566992, 17.4387916], [78.3562615, 17.4391811], [78.3558931, 17.4395511], [78.3560077, 17.4397383], [78.3563099, 17.4400561], [78.3564765, 17.4402324], [78.3565481, 17.4401785], [78.3568657, 17.4399373], [78.3574228, 17.4394628], [78.3577634, 17.4398277], [78.3578101, 17.4398479], [78.3578396, 17.4398383], [78.3578791, 17.4398146], [78.3584515, 17.4393289]]}, "properties": {"class": "residential"}}, {"type": "Feature", "geometry": {"type": "LineString", "coordinates": [[78.3560077, 17.4397383], [78.3557763, 17.4399507], [78.3556325, 17.4400945], [78.3553795, 17.4398329]]}, "properties": {"class": "residential"}}, {"type": "Feature", "geometry": {"type": "LineString", "coordinates": [[78.3589366, 17.4409632], [78.3585474, 17.4411336], [78.3581595, 17.4413129]]}, "properties": {"class": "residential"}}, {"type": "Feature", "geometry": {"type": "LineString", "coordinates": [[78.3577532, 17.4414405], [78.3575796, 17.4415133], [78.3575574, 17.441526], [78.3573757, 17.4415972], [78.3569611, 17.4417798]]}, "properties": {"class": "residential"}}, {"type": "Feature", "geometry": {"type": "LineString", "coordinates": [[78.3588451, 17.4407433], [78.3589366, 17.4409632], [78.3591137, 17.4413415]]}, "properties": {"class": "residential"}}, {"type": "Feature", "geometry": {"type": "LineString", "coordinates": [[78.3521439, 17.4568298], [78.3528591, 17.4581121], [78.3530397, 17.4584361], [78.3532524, 17.4587771], [78.3533587, 17.4589645], [78.3534159, 17.4590653], [78.3536384, 17.4594635], [78.353836, 17.4598057], [78.3540213, 17.4601325], [78.3541859, 17.4604]]}, "properties": {"class": "residential"}}, {"type": "Feature", "geometry": {"type": "LineString", "coordinates": [[78.3532058, 17.4579513], [78.3528591, 17.4581121], [78.3525489, 17.4582815], [78.3522208, 17.4584577], [78.3518998, 17.458618], [78.3515827, 17.4587851], [78.3512432, 17.458958], [78.350915, 17.4591361]]}, "properties": {"class": "residential"}}, {"type": "Feature", "geometry": {"type": "LineString", "coordinates": [[78.3511337, 17.4572742], [78.3516824, 17.4582216], [78.3517268, 17.4582982], [78.3518998, 17.458618], [78.3520712, 17.4589304], [78.3522527, 17.4592683], [78.3524257, 17.4595772], [78.3526499, 17.4599654], [78.3528693, 17.4603273], [78.3530413, 17.4606398], [78.3531955, 17.4609375]]}, "properties": {"class": "residential"}}, {"type": "Feature", "geometry": {"type": "LineString", "coordinates": [[78.3500381, 17.4576524], [78.3503789, 17.4582234], [78.3505257, 17.458519], [78.3507172, 17.4588248], [78.350915, 17.4591361], [78.351091, 17.4594534], [78.3512714, 17.4597825], [78.3514333, 17.4601078], [78.3516669, 17.4605169], [78.3516752, 17.4605314], [78.3518595, 17.4608622], [78.3520309, 17.4611739], [78.3522174, 17.4614615]]}, "properties": {"class": "residential"}}, {"type": "Feature", "geometry": {"type": "LineString", "coordinates": [[78.3524257, 17.4595772], [78.3527556, 17.459405], [78.3530308, 17.4592671], [78.3530858, 17.4592395], [78.3534159, 17.4590653]]}, "properties": {"class": "residential"}}, {"type": "Feature", "geometry": {"type": "LineString", "coordinates": [[78.3547922, 17.4593211], [78.3545158, 17.4594667], [78.3540425, 17.4597011], [78.3538904, 17.4597781], [78.353836, 17.4598057]]}, "properties": {"class": "residential"}}, {"type": "Feature", "geometry": {"type": "LineString", "coordinates": [[78.3518595, 17.4608622], [78.3524067, 17.4605728], [78.3528693, 17.4603273]]}, "properties": {"class": "residential"}}, {"type": "Feature", "geometry": {"type": "LineString", "coordinates": [[78.3530397, 17.4584361], [78.3524812, 17.4587227], [78.3523937, 17.4587723], [78.3520712, 17.4589304]]}, "properties": {"class": "residential"}}, {"type": "Feature", "geometry": {"type": "LineString", "coordinates": [[78.3550926, 17.4595667], [78.3540213, 17.4601325]]}, "properties": {"class": "residential"}}, {"type": "Feature", "geometry": {"type": "LineString", "coordinates": [[78.3527556, 17.459405], [78.3535152, 17.460752]]}, "properties": {"class": "residential"}}, {"type": "Feature", "geometry": {"type": "LineString", "coordinates": [[78.3530858, 17.4592395], [78.3538434, 17.4605774]]}, "properties": {"class": "residential"}}, {"type": "Feature", "geometry": {"type": "LineString", "coordinates": [[78.3545518, 17.4590101], [78.3539992, 17.4592817], [78.3536384, 17.4594635]]}, "properties": {"class": "residential"}}, {"type": "Feature", "geometry": {"type": "LineString", "coordinates": [[78.3518081, 17.4569621], [78.3520468, 17.4574037], [78.3525489, 17.4582815]]}, "properties": {"class": "residential"}}, {"type": "Feature", "geometry": {"type": "LineString", "coordinates": [[78.3514827, 17.4571154], [78.3517395, 17.4575842], [78.3519937, 17.4580483], [78.3522208, 17.4584577]]}, "properties": {"class": "residential"}}, {"type": "Feature", "geometry": {"type": "LineString", "coordinates": [[78.3530413, 17.4606398], [78.3520309, 17.4611739]]}, "properties": {"class": "residential"}}, {"type": "Feature", "geometry": {"type": "LineString", "coordinates": [[78.3528021, 17.4616573], [78.3526167, 17.4613309]]}, "properties": {"class": "residential"}}, {"type": "Feature", "geometry": {"type": "LineString", "coordinates": [[78.3746369, 17.4200013], [78.3746202, 17.4195997], [78.3745917, 17.4190685]]}, "properties": {"class": "residential"}}, {"type": "Feature", "geometry": {"type": "LineString", "coordinates": [[78.3756099, 17.4189814], [78.3754732, 17.4184746], [78.3753598, 17.4180299], [78.3753356, 17.417902], [78.3753142, 17.4176819], [78.3753142, 17.4171575], [78.3753222, 17.4170497], [78.3753571, 17.4169346], [78.3753732, 17.4169013], [78.3754174, 17.4168488], [78.3758272, 17.4164255], [78.3758592, 17.4163888], [78.3758655, 17.4163825], [78.3758866, 17.4163614], [78.3763177, 17.4159298], [78.3764729, 17.4157874], [78.3767236, 17.4155313], [78.3769308, 17.4153474], [78.377116, 17.4151778], [78.377204, 17.4150971], [78.377331, 17.4150026], [78.377567, 17.4147832], [78.377687, 17.4146706], [78.3778477, 17.4145439], [78.3780953, 17.414303], [78.3783098, 17.4140942], [78.3785803, 17.4138379], [78.378904, 17.413564], [78.3789812, 17.4135208], [78.3791092, 17.4134932], [78.3797117, 17.413478], [78.3800964, 17.4134783], [78.3805328, 17.4134799], [78.3806482, 17.4134899], [78.3807695, 17.4135086], [78.3809111, 17.413534]]}, "properties": {"class": "tertiary"}}, {"type": "Feature", "geometry": {"type": "LineString", "coordinates": [[78.3686799, 17.4197397], [78.3685297, 17.4197555], [78.3682768, 17.4197821], [78.3680349, 17.4198186], [78.3679546, 17.4188174], [78.3679207, 17.4183881], [78.36791, 17.4182447], [78.3678854, 17.4179383]]}, "properties": {"class": "residential"}}, {"type": "Feature", "geometry": {"type": "LineString", "coordinates": [[78.3681803, 17.418366], [78.36821, 17.4188016], [78.3682768, 17.4197821]]}, "properties": {"class": "residential"}}, {"type": "Feature", "geometry": {"type": "LineString", "coordinates": [[78.3684328, 17.4183446], [78.3684631, 17.4187855], [78.3685297, 17.4197555]]}, "properties": {"class": "residential"}}, {"type": "Feature", "geometry": {"type": "LineString", "coordinates": [[78.3653144, 17.4194947], [78.3655364, 17.4188643]]}, "properties": {"class": "residential"}}, {"type": "Feature", "geometry": {"type": "LineString", "coordinates": [[78.3651111, 17.4187361], [78.3655364, 17.4188643], [78.3657712, 17.4189452], [78.3659756, 17.4190039]]}, "properties": {"class": "residential"}}, {"type": "Feature", "geometry": {"type": "LineString", "coordinates": [[78.3659756, 17.4190039], [78.3662898, 17.4181007]]}, "properties": {"class": "residential"}}, {"type": "Feature", "geometry": {"type": "LineString", "coordinates": [[78.3649618, 17.4180166], [78.3647606, 17.4186707], [78.3645242, 17.4194396], [78.36447, 17.4197304], [78.3644185, 17.4199908], [78.3643901, 17.4202252], [78.3643775, 17.4203946], [78.3643676, 17.4205419], [78.3643741, 17.4207825]]}, "properties": {"class": "tertiary"}}, {"type": "Feature", "geometry": {"type": "LineString", "coordinates": [[78.3570412, 17.4221192], [78.3571111, 17.4223835]]}, "properties": {"class": "motorway"}}, {"type": "Feature", "geometry": {"type": "LineString", "coordinates": [[78.3562341, 17.4189519], [78.3563038, 17.419227]]}, "properties": {"class": "motorway"}}, {"type": "Feature", "geometry": {"type": "LineString", "coordinates": [[78.3572639, 17.4223467], [78.3571939, 17.4220824]]}, "properties": {"class": "motorway"}}, {"type": "Feature", "geometry": {"type": "LineString", "coordinates": [[78.3600623, 17.4325664], [78.3596233, 17.4313679], [78.3593685, 17.4305501], [78.3590402, 17.4292836], [78.3589378, 17.4288898], [78.3584017, 17.4268287], [78.3580004, 17.4251806], [78.357895, 17.4247756], [78.3575154, 17.4232496]]}, "properties": {"class": "motorway"}}, {"type": "Feature", "geometry": {"type": "LineString", "coordinates": [[78.3564538, 17.4191924], [78.3563841, 17.4189173]]}, "properties": {"class": "motorway"}}, {"type": "Feature", "geometry": {"type": "LineString", "coordinates": [[78.3563038, 17.419227], [78.3566682, 17.420678], [78.3570412, 17.4221192]]}, "properties": {"class": "motorway"}}, {"type": "Feature", "geometry": {"type": "LineString", "coordinates": [[78.3601827, 17.4328087], [78.3600623, 17.4325664]]}, "properties": {"class": "motorway"}}, {"type": "Feature", "geometry": {"type": "LineString", "coordinates": [[78.3571939, 17.4220824], [78.3568201, 17.4206428], [78.3564538, 17.4191924]]}, "properties": {"class": "motorway"}}, {"type": "Feature", "geometry": {"type": "LineString", "coordinates": [[78.3554938, 17.4153978], [78.356036, 17.4180659], [78.356132, 17.418509], [78.3562341, 17.4189519]]}, "properties": {"class": "motorway"}}, {"type": "Feature", "geometry": {"type": "LineString", "coordinates": [[78.359877, 17.4326393], [78.3599822, 17.4328875]]}, "properties": {"class": "motorway"}}, {"type": "Feature", "geometry": {"type": "LineString", "coordinates": [[78.3640642, 17.4553018], [78.3637948, 17.4554593]]}, "properties": {"class": "secondary"}}, {"type": "Feature", "geometry": {"type": "LineString", "coordinates": [[78.363932, 17.4387273], [78.364139, 17.4385864]]}, "properties": {"class": "primary"}}, {"type": "Feature", "geometry": {"type": "LineString", "coordinates": [[78.3629902, 17.4393503], [78.3628516, 17.439144]]}, "properties": {"class": "primary"}}, {"type": "Feature", "geometry": {"type": "LineString", "coordinates": [[78.3655633, 17.4579483], [78.365681, 17.4580492], [78.3657695, 17.4581534], [78.3658518, 17.4583296], [78.3658836, 17.4583978], [78.3659177, 17.4585426]]}, "properties": {"class": "primary"}}, {"type": "Feature", "geometry": {"type": "LineString", "coordinates": [[78.3404701, 17.4258435], [78.3405487, 17.4259499], [78.3406264, 17.4260689], [78.3406556, 17.4261137], [78.3413031, 17.4271482], [78.3413505, 17.427224], [78.341483, 17.4274357], [78.3417017, 17.4277762], [78.3420861, 17.4283747], [78.3428245, 17.4295243], [78.3443327, 17.4318936], [78.3445653, 17.4322702], [78.3445808, 17.4322953], [78.3445871, 17.4323054], [78.3446188, 17.4323569], [78.3447704, 17.4326024], [78.3454111, 17.4336413], [78.3454467, 17.4337014], [78.3454848, 17.4337619], [78.3455249, 17.4338327], [78.3460955, 17.4348023], [78.3462507, 17.4351161], [78.3467197, 17.4359142], [78.3467469, 17.4359627], [78.3467657, 17.4359963], [78.3467829, 17.4360144], [78.3477467, 17.4376569], [78.3479457, 17.438086], [78.3479651, 17.4381414], [78.347976, 17.4381725], [78.3480225, 17.4382763], [78.3482513, 17.4387874], [78.3485218, 17.4393932], [78.348539, 17.4394318], [78.3485459, 17.4394483], [78.3488606, 17.4401999], [78.3489065, 17.4402751], [78.3489857, 17.4404405], [78.3493496, 17.4412028], [78.3496236, 17.4416616], [78.3496716, 17.4417421], [78.3497544, 17.4418616], [78.3498035, 17.4419325], [78.3501667, 17.4425062], [78.3504921, 17.4430315], [78.3508448, 17.443601], [78.3510819, 17.4439651], [78.3511847, 17.4440816], [78.3513261, 17.4441913], [78.3518177, 17.4444737], [78.3523521, 17.4447983], [78.3525773, 17.444918], [78.3525959, 17.444929], [78.3526698, 17.4449753], [78.3527246, 17.4450138]]}, "properties": {"class": "secondary"}}, {"type": "Feature", "geometry": {"type": "LineString", "coordinates": [[78.3565559, 17.4419224], [78.3567362, 17.442321]]}, "properties": {"class": "residential"}}, {"type": "Feature", "geometry": {"type": "LineString", "coordinates": [[78.3553665, 17.4421583], [78.3552179, 17.4418527]]}, "properties": {"class": "residential"}}, {"type": "Feature", "geometry": {"type": "LineString", "coordinates": [[78.3536634, 17.4430216], [78.3535063, 17.4427551]]}, "properties": {"class": "residential"}}, {"type": "Feature", "geometry": {"type": "LineString", "coordinates": [[78.3532798, 17.4432391], [78.3531239, 17.4429365]]}, "properties": {"class": "residential"}}, {"type": "Feature", "geometry": {"type": "LineString", "coordinates": [[78.3547645, 17.442431], [78.3546196, 17.4421809]]}, "properties": {"class": "residential"}}, {"type": "Feature", "geometry": {"type": "LineString", "coordinates": [[78.3591603, 17.4466696], [78.3587515, 17.4467727], [78.3586305, 17.4467653]]}, "properties": {"class": "residential"}}, {"type": "Feature", "geometry": {"type": "LineString", "coordinates": [[78.3544305, 17.4426045], [78.3542872, 17.4423621]]}, "properties": {"class": "residential"}}, {"type": "Feature", "geometry": {"type": "LineString", "coordinates": [[78.3529499, 17.443019], [78.3531239, 17.4429365], [78.3535063, 17.4427551], [78.3539502, 17.4425494], [78.354029, 17.4425592]]}, "properties": {"class": "residential"}}, {"type": "Feature", "geometry": {"type": "LineString", "coordinates": [[78.3578738, 17.4675954], [78.3574412, 17.4675829], [78.356998, 17.4675702], [78.3565721, 17.4675579], [78.3563743, 17.4675522], [78.3559331, 17.4675395], [78.3556535, 17.4675315]]}, "properties": {"class": "residential"}}, {"type": "Feature", "geometry": {"type": "LineString", "coordinates": [[78.3599891, 17.4626908], [78.359932, 17.4623818]]}, "properties": {"class": "residential"}}, {"type": "Feature", "geometry": {"type": "LineString", "coordinates": [[78.3613595, 17.4633653], [78.3616601, 17.4647259]]}, "properties": {"class": "residential"}}, {"type": "Feature", "geometry": {"type": "LineString", "coordinates": [[78.356863, 17.4687157], [78.3568853, 17.468239], [78.3568777, 17.467711]]}, "properties": {"class": "residential"}}, {"type": "Feature", "geometry": {"type": "LineString", "coordinates": [[78.3606734, 17.4680888], [78.3610967, 17.4680761], [78.3614185, 17.4680732]]}, "properties": {"class": "residential"}}, {"type": "Feature", "geometry": {"type": "LineString", "coordinates": [[78.3602068, 17.4670563], [78.3594183, 17.4670729], [78.3593952, 17.467073], [78.3587763, 17.4670746]]}, "properties": {"class": "residential"}}, {"type": "Feature", "geometry": {"type": "LineString", "coordinates": [[78.3585358, 17.4643162], [78.3588402, 17.4642519], [78.3591979, 17.4641802], [78.3595639, 17.4641079]]}, "properties": {"class": "residential"}}, {"type": "Feature", "geometry": {"type": "LineString", "coordinates": [[78.3573182, 17.4677009], [78.3573117, 17.4682509], [78.3572927, 17.4689173]]}, "properties": {"class": "residential"}}, {"type": "Feature", "geometry": {"type": "LineString", "coordinates": [[78.3587386, 17.4637723], [78.3588402, 17.4642519], [78.3589127, 17.4645504], [78.3589789, 17.4648466], [78.358998, 17.4649318], [78.3590467, 17.4652314], [78.3591123, 17.4656346]]}, "properties": {"class": "residential"}}, {"type": "Feature", "geometry": {"type": "LineString", "coordinates": [[78.3605122, 17.4642366], [78.360325, 17.4642734], [78.3599816, 17.4643411], [78.359629, 17.4644106], [78.3592616, 17.464481], [78.3589875, 17.4645369], [78.3589127, 17.4645504], [78.3586019, 17.4646065], [78.3582798, 17.4646647]]}, "properties": {"class": "residential"}}, {"type": "Feature", "geometry": {"type": "LineString", "coordinates": [[78.3611355, 17.4691697], [78.3611211, 17.4687634], [78.3610967, 17.4680761]]}, "properties": {"class": "residential"}}, {"type": "Feature", "geometry": {"type": "LineString", "coordinates": [[78.3588832, 17.4625688], [78.3589446, 17.4629036], [78.3590007, 17.463198], [78.3590986, 17.4637119], [78.3591979, 17.4641802], [78.3592616, 17.464481], [78.3593244, 17.464777], [78.3593504, 17.4648998], [78.3594074, 17.4651593], [78.3594966, 17.4655655]]}, "properties": {"class": "residential"}}, {"type": "Feature", "geometry": {"type": "LineString", "coordinates": [[78.35835, 17.4649714], [78.3586703, 17.464907], [78.3589789, 17.4648466], [78.3593244, 17.464777], [78.3595067, 17.4647432], [78.3596929, 17.4647078], [78.360045, 17.464641], [78.36015, 17.4646211], [78.3603892, 17.4645712]]}, "properties": {"class": "residential"}}, {"type": "Feature", "geometry": {"type": "LineString", "coordinates": [[78.3576907, 17.4627524], [78.3577968, 17.4627269], [78.3580706, 17.4626793], [78.3585448, 17.4626097], [78.3587634, 17.4625776], [78.3588832, 17.4625688], [78.3592361, 17.462519]]}, "properties": {"class": "residential"}}, {"type": "Feature", "geometry": {"type": "LineString", "coordinates": [[78.3585358, 17.4643162], [78.3586019, 17.4646065], [78.3586703, 17.464907], [78.358695, 17.4650157], [78.3587375, 17.4652836], [78.358802, 17.4656903], [78.3588407, 17.4659345]]}, "properties": {"class": "residential"}}, {"type": "Feature", "geometry": {"type": "LineString", "coordinates": [[78.3602253, 17.4674969], [78.3602068, 17.4670563], [78.3602111, 17.4668406], [78.3602018, 17.466665]]}, "properties": {"class": "residential"}}, {"type": "Feature", "geometry": {"type": "LineString", "coordinates": [[78.3578615, 17.4682662], [78.3573117, 17.4682509], [78.3568853, 17.468239], [78.3564567, 17.468226]]}, "properties": {"class": "residential"}}, {"type": "Feature", "geometry": {"type": "LineString", "coordinates": [[78.3603604, 17.4635114], [78.3604532, 17.4639546], [78.3605122, 17.4642366], [78.3605757, 17.4645402], [78.3606474, 17.4648829], [78.3606539, 17.4649182]]}, "properties": {"class": "residential"}}, {"type": "Feature", "geometry": {"type": "LineString", "coordinates": [[78.3603072, 17.4657736], [78.360216, 17.4654363], [78.3601249, 17.4650127], [78.360045, 17.464641], [78.3600235, 17.4645411], [78.3599816, 17.4643411], [78.35992, 17.4640465], [78.359826, 17.4635974], [78.359786, 17.4634063], [78.3597117, 17.4630546], [78.3596497, 17.4627608], [78.3595876, 17.4624452]]}, "properties": {"class": "residential"}}, {"type": "Feature", "geometry": {"type": "LineString", "coordinates": [[78.3606414, 17.4657397], [78.3605636, 17.4653791], [78.3604718, 17.4649536], [78.3603892, 17.4645712], [78.360325, 17.4642734], [78.3602633, 17.4639875], [78.3601672, 17.4635425]]}, "properties": {"class": "residential"}}, {"type": "Feature", "geometry": {"type": "LineString", "coordinates": [[78.3599285, 17.4658277], [78.3598602, 17.4655002], [78.3597736, 17.4650853], [78.3597551, 17.4649968], [78.3596929, 17.4647078], [78.359629, 17.4644106], [78.3595639, 17.4641079], [78.3594666, 17.4636552], [78.3593513, 17.4631273], [78.3592875, 17.4628354], [78.3592361, 17.462519]]}, "properties": {"class": "residential"}}, {"type": "Feature", "geometry": {"type": "LineString", "coordinates": [[78.3584365, 17.4653344], [78.3587375, 17.4652836], [78.3590467, 17.4652314], [78.3591596, 17.4652123], [78.3594074, 17.4651593], [78.3597736, 17.4650853], [78.3601249, 17.4650127], [78.3604718, 17.4649536], [78.3606539, 17.4649182]]}, "properties": {"class": "residential"}}, {"type": "Feature", "geometry": {"type": "LineString", "coordinates": [[78.3585478, 17.4659552], [78.3584365, 17.4653344], [78.35835, 17.4649714], [78.3582798, 17.4646647], [78.3582257, 17.4643947], [78.3582209, 17.4643708], [78.3581673, 17.4640772], [78.3581343, 17.4638672], [78.3583064, 17.4638418]]}, "properties": {"class": "residential"}}, {"type": "Feature", "geometry": {"type": "LineString", "coordinates": [[78.3578976, 17.4666416], [78.3578852, 17.4669709], [78.3578776, 17.4673878], [78.3578768, 17.4674328], [78.3578738, 17.4675954], [78.3578735, 17.467611], [78.3578615, 17.4682662], [78.3578565, 17.4685392], [78.3578492, 17.4689359], [78.3578348, 17.4693217], [78.3578084, 17.4697849]]}, "properties": {"class": "residential"}}, {"type": "Feature", "geometry": {"type": "LineString", "coordinates": [[78.3602679, 17.4688031], [78.3598377, 17.4688207], [78.3593995, 17.4688386], [78.3590592, 17.4688525], [78.359012, 17.468834], [78.3589787, 17.4687943], [78.3589588, 17.4687277], [78.3589654, 17.4685517], [78.358944, 17.4681059], [78.3589372, 17.467965]]}, "properties": {"class": "residential"}}, {"type": "Feature", "geometry": {"type": "LineString", "coordinates": [[78.358766, 17.4675094], [78.3592373, 17.4675207], [78.3592823, 17.467522], [78.3593511, 17.4675241], [78.3597934, 17.4675106]]}, "properties": {"class": "residential"}}, {"type": "Feature", "geometry": {"type": "LineString", "coordinates": [[78.3606342, 17.4672528], [78.361515, 17.4672184], [78.3620828, 17.4671987], [78.3623591, 17.4672038], [78.3625892, 17.4672225], [78.3626026, 17.4672236]]}, "properties": {"class": "residential"}}, {"type": "Feature", "geometry": {"type": "LineString", "coordinates": [[78.3607234, 17.469719], [78.3607297, 17.4691867], [78.3606734, 17.4680888]]}, "properties": {"class": "residential"}}, {"type": "Feature", "geometry": {"type": "LineString", "coordinates": [[78.3606502, 17.467683], [78.3602427, 17.4677016], [78.3602522, 17.4681127], [78.3602679, 17.4688031], [78.3602686, 17.4688319], [78.3602885, 17.4692102], [78.360316, 17.4697341]]}, "properties": {"class": "residential"}}, {"type": "Feature", "geometry": {"type": "LineString", "coordinates": [[78.3559331, 17.4675395], [78.3559157, 17.4679937], [78.3559076, 17.4682076]]}, "properties": {"class": "residential"}}, {"type": "Feature", "geometry": {"type": "LineString", "coordinates": [[78.3578565, 17.4685392], [78.3582931, 17.4685348], [78.3584118, 17.4685321], [78.3584625, 17.4685373], [78.3585507, 17.4685361], [78.358619, 17.4685195], [78.3586791, 17.4683701], [78.3587252, 17.4682013], [78.3587532, 17.4681055], [78.358944, 17.4681059]]}, "properties": {"class": "residential"}}, {"type": "Feature", "geometry": {"type": "LineString", "coordinates": [[78.3613564, 17.4518623], [78.3602254, 17.4512823], [78.3596961, 17.4510226], [78.3592022, 17.4507802]]}, "properties": {"class": "residential"}}, {"type": "Feature", "geometry": {"type": "LineString", "coordinates": [[78.3596479, 17.4511089], [78.3596961, 17.4510226], [78.3598513, 17.4507724], [78.3600104, 17.450513], [78.360073, 17.4504109], [78.3602806, 17.4500685], [78.3603592, 17.4501144], [78.3606325, 17.4502632], [78.3607534, 17.4503404], [78.3607707, 17.4503557], [78.3608613, 17.4504355], [78.3611275, 17.4507097], [78.3613258, 17.4508999], [78.3614806, 17.4510443], [78.3615979, 17.4511304], [78.3617485, 17.451236]]}, "properties": {"class": "residential"}}, {"type": "Feature", "geometry": {"type": "LineString", "coordinates": [[78.3602806, 17.4500685], [78.3604395, 17.4498093]]}, "properties": {"class": "residential"}}, {"type": "Feature", "geometry": {"type": "LineString", "coordinates": [[78.3630468, 17.4669511], [78.3629745, 17.4669405], [78.3626291, 17.4669055], [78.362267, 17.4668595], [78.3622863, 17.4666142], [78.3622712, 17.4665978], [78.3621478, 17.4665898], [78.3621389, 17.4665701], [78.3621659, 17.4662003]]}, "properties": {"class": "residential"}}, {"type": "Feature", "geometry": {"type": "LineString", "coordinates": [[78.3634338, 17.4668753], [78.3639881, 17.4669221]]}, "properties": {"class": "residential"}}, {"type": "Feature", "geometry": {"type": "LineString", "coordinates": [[78.3634073, 17.4671723], [78.364004, 17.4672414]]}, "properties": {"class": "residential"}}, {"type": "Feature", "geometry": {"type": "LineString", "coordinates": [[78.3566018, 17.4666117], [78.3560823, 17.466613], [78.3556459, 17.4665909], [78.3556529, 17.4674705], [78.3556535, 17.4675315]]}, "properties": {"class": "residential"}}, {"type": "Feature", "geometry": {"type": "LineString", "coordinates": [[78.3565721, 17.4675579], [78.3565811, 17.4671666], [78.3566018, 17.4666117]]}, "properties": {"class": "residential"}}, {"type": "Feature", "geometry": {"type": "LineString", "coordinates": [[78.3637861, 17.4666459], [78.3638532, 17.466085]]}, "properties": {"class": "residential"}}, {"type": "Feature", "geometry": {"type": "LineString", "coordinates": [[78.3730678, 17.4683881], [78.3730263, 17.4676351]]}, "properties": {"class": "residential"}}, {"type": "Feature", "geometry": {"type": "LineString", "coordinates": [[78.372559, 17.4684126], [78.3725289, 17.4676613]]}, "properties": {"class": "residential"}}, {"type": "Feature", "geometry": {"type": "LineString", "coordinates": [[78.3720728, 17.4684303], [78.3720376, 17.4676645]]}, "properties": {"class": "residential"}}, {"type": "Feature", "geometry": {"type": "LineString", "coordinates": [[78.3587828, 17.4498845], [78.3594998, 17.4502931], [78.359644, 17.4500445], [78.359964, 17.4494941]]}, "properties": {"class": "residential"}}, {"type": "Feature", "geometry": {"type": "LineString", "coordinates": [[78.3607707, 17.4503557], [78.3602254, 17.4512823], [78.3601771, 17.4513643]]}, "properties": {"class": "residential"}}, {"type": "Feature", "geometry": {"type": "LineString", "coordinates": [[78.3618678, 17.4521291], [78.3624204, 17.4512182]]}, "properties": {"class": "residential"}}, {"type": "Feature", "geometry": {"type": "LineString", "coordinates": [[78.363084, 17.4665855], [78.363455, 17.4666187], [78.3637861, 17.4666459], [78.3639931, 17.4666419]]}, "properties": {"class": "residential"}}, {"type": "Feature", "geometry": {"type": "LineString", "coordinates": [[78.3740396, 17.4682553], [78.3744006, 17.4690181]]}, "properties": {"class": "residential"}}, {"type": "Feature", "geometry": {"type": "LineString", "coordinates": [[78.3582931, 17.4685348], [78.3583363, 17.4673902], [78.3583646, 17.4666423]]}, "properties": {"class": "residential"}}, {"type": "Feature", "geometry": {"type": "LineString", "coordinates": [[78.3589372, 17.467965], [78.3589605, 17.4679353], [78.3590398, 17.4678342], [78.3592373, 17.4675207]]}, "properties": {"class": "residential"}}, {"type": "Feature", "geometry": {"type": "LineString", "coordinates": [[78.363512, 17.4659195], [78.363455, 17.4666187], [78.3634338, 17.4668753], [78.36343, 17.4669218], [78.3634073, 17.4671723], [78.3633989, 17.467296]]}, "properties": {"class": "residential"}}, {"type": "Feature", "geometry": {"type": "LineString", "coordinates": [[78.3635257, 17.4531264], [78.3634063, 17.453037], [78.3630965, 17.4528483], [78.3630287, 17.4528069], [78.3628016, 17.4526683], [78.3623909, 17.4524228], [78.3623085, 17.4523735], [78.3618678, 17.4521291]]}, "properties": {"class": "residential"}}, {"type": "Feature", "geometry": {"type": "LineString", "coordinates": [[78.3574412, 17.4675829], [78.3574648, 17.4666523], [78.3570214, 17.4666257]]}, "properties": {"class": "residential"}}, {"type": "Feature", "geometry": {"type": "LineString", "coordinates": [[78.3570382, 17.4435361], [78.3570018, 17.4435773], [78.3569897, 17.4436226], [78.3570159, 17.4437941], [78.3570781, 17.4439741], [78.3571723, 17.4443089], [78.3572751, 17.4447442], [78.3572801, 17.4447514], [78.3572928, 17.4447553], [78.3574436, 17.4447694], [78.3574673, 17.444766], [78.3574788, 17.4447537], [78.3576173, 17.4443344], [78.3577344, 17.444026], [78.3579499, 17.4436117], [78.3579902, 17.4435578], [78.3580495, 17.4434784]]}, "properties": {"class": "residential"}}, {"type": "Feature", "geometry": {"type": "LineString", "coordinates": [[78.3665751, 17.461122], [78.3665334, 17.4608956]]}, "properties": {"class": "residential"}}, {"type": "Feature", "geometry": {"type": "LineString", "coordinates": [[78.3629573, 17.4622934], [78.3626327, 17.4613438]]}, "properties": {"class": "residential"}}, {"type": "Feature", "geometry": {"type": "LineString", "coordinates": [[78.3700721, 17.4631131], [78.3702759, 17.4630533], [78.3705979, 17.4629589], [78.3708822, 17.4628755], [78.3711137, 17.4628076], [78.3713116, 17.4627496], [78.3718779, 17.4625835]]}, "properties": {"class": "residential"}}, {"type": "Feature", "geometry": {"type": "LineString", "coordinates": [[78.3654676, 17.462568], [78.3653481, 17.4617492], [78.3652984, 17.4613513], [78.3652817, 17.4611401], [78.3652868, 17.4611194]]}, "properties": {"class": "residential"}}, {"type": "Feature", "geometry": {"type": "LineString", "coordinates": [[78.3710094, 17.4401667], [78.3711148, 17.442223], [78.3711198, 17.4422884], [78.3711312, 17.4423601]]}, "properties": {"class": "secondary"}}, {"type": "Feature", "geometry": {"type": "LineString", "coordinates": [[78.3570781, 17.4439741], [78.3577344, 17.444026]]}, "properties": {"class": "residential"}}, {"type": "Feature", "geometry": {"type": "LineString", "coordinates": [[78.3543329, 17.467499], [78.354344, 17.4671813], [78.3543442, 17.4668647], [78.3543444, 17.4665447]]}, "properties": {"class": "residential"}}, {"type": "Feature", "geometry": {"type": "LineString", "coordinates": [[78.3560823, 17.466613], [78.3560774, 17.4670567], [78.3561163, 17.4671028], [78.3561525, 17.4671347], [78.3565811, 17.4671666]]}, "properties": {"class": "residential"}}, {"type": "Feature", "geometry": {"type": "LineString", "coordinates": [[78.3617997, 17.4626148], [78.36159, 17.46212], [78.3615179, 17.4619634]]}, "properties": {"class": "residential"}}, {"type": "Feature", "geometry": {"type": "LineString", "coordinates": [[78.3680236, 17.4418294], [78.3674958, 17.4419343]]}, "properties": {"class": "residential"}}, {"type": "Feature", "geometry": {"type": "LineString", "coordinates": [[78.3714101, 17.4652828], [78.3715094, 17.4655312], [78.371614, 17.4658001], [78.3717012, 17.4660185], [78.3717201, 17.4660674], [78.371808, 17.4662686], [78.3720921, 17.4669447], [78.3721977, 17.467196], [78.3723438, 17.4675435]]}, "properties": {"class": "residential"}}, {"type": "Feature", "geometry": {"type": "LineString", "coordinates": [[78.3576652, 17.4431482], [78.3571489, 17.443376], [78.3569357, 17.4434732], [78.3567633, 17.443532], [78.3567104, 17.4436178], [78.3570815, 17.4449083]]}, "properties": {"class": "residential"}}, {"type": "Feature", "geometry": {"type": "LineString", "coordinates": [[78.3613661, 17.4627581], [78.3612014, 17.4624002], [78.3611612, 17.4623047], [78.3611435, 17.462284], [78.361113, 17.4622143]]}, "properties": {"class": "residential"}}, {"type": "Feature", "geometry": {"type": "LineString", "coordinates": [[78.3632817, 17.462199], [78.3629573, 17.4622934], [78.3623949, 17.4624324], [78.3617997, 17.4626148], [78.3613661, 17.4627581], [78.3612119, 17.462819], [78.3611619, 17.4628334], [78.3611416, 17.4628323]]}, "properties": {"class": "residential"}}, {"type": "Feature", "geometry": {"type": "LineString", "coordinates": [[78.3552377, 17.4679647], [78.3554842, 17.4679752], [78.3559157, 17.4679937]]}, "properties": {"class": "residential"}}, {"type": "Feature", "geometry": {"type": "LineString", "coordinates": [[78.3594156, 17.4457118], [78.3598176, 17.4456151], [78.3602662, 17.4455086], [78.3609568, 17.4453371]]}, "properties": {"class": "residential"}}, {"type": "Feature", "geometry": {"type": "LineString", "coordinates": [[78.3615436, 17.439525], [78.3618855, 17.4393034], [78.3621706, 17.4391173]]}, "properties": {"class": "residential"}}, {"type": "Feature", "geometry": {"type": "LineString", "coordinates": [[78.3617615, 17.4384273], [78.3615761, 17.4381536]]}, "properties": {"class": "residential"}}, {"type": "Feature", "geometry": {"type": "LineString", "coordinates": [[78.3591795, 17.444867], [78.3595959, 17.4447658], [78.3600154, 17.4446452], [78.3606558, 17.4444773], [78.360869, 17.4444214]]}, "properties": {"class": "residential"}}, {"type": "Feature", "geometry": {"type": "LineString", "coordinates": [[78.361311, 17.4391981], [78.3616375, 17.438973], [78.3619538, 17.4387549]]}, "properties": {"class": "residential"}}, {"type": "Feature", "geometry": {"type": "LineString", "coordinates": [[78.3600304, 17.4433554], [78.359716, 17.4434577], [78.3596974, 17.4435527], [78.3597177, 17.4436206], [78.3598671, 17.4441347], [78.3600154, 17.4446452], [78.3601419, 17.4450956], [78.3602662, 17.4455086], [78.3603851, 17.4459054], [78.3608725, 17.4457678]]}, "properties": {"class": "residential"}}, {"type": "Feature", "geometry": {"type": "LineString", "coordinates": [[78.3614049, 17.4386418], [78.3617615, 17.4384273], [78.362105, 17.4382206], [78.36224, 17.4381394]]}, "properties": {"class": "residential"}}, {"type": "Feature", "geometry": {"type": "LineString", "coordinates": [[78.3674552, 17.4616612], [78.3675894, 17.4620573], [78.3675947, 17.4620719], [78.3676219, 17.4621468], [78.3676659, 17.4622709], [78.3677603, 17.4625831], [78.3677628, 17.4625913], [78.3678422, 17.4628536], [78.3679198, 17.463067], [78.3680899, 17.4634284]]}, "properties": {"class": "residential"}}, {"type": "Feature", "geometry": {"type": "LineString", "coordinates": [[78.3619043, 17.4198177], [78.3619487, 17.4198866], [78.3619551, 17.4199392], [78.3619675, 17.4200197], [78.3620179, 17.4202647], [78.362023, 17.4202897], [78.3620614, 17.4204765], [78.3620654, 17.4205315], [78.362056, 17.4205725], [78.3620292, 17.4206122], [78.3619836, 17.4206518], [78.3619273, 17.4206736], [78.3617919, 17.4207268], [78.3617154, 17.4207525], [78.3616048, 17.42074], [78.3615464, 17.4206569], [78.3615069, 17.4206]]}, "properties": {"class": "residential"}}, {"type": "Feature", "geometry": {"type": "LineString", "coordinates": [[78.3727822, 17.433708], [78.373404, 17.4332559]]}, "properties": {"class": "residential"}}, {"type": "Feature", "geometry": {"type": "LineString", "coordinates": [[78.3707698, 17.4295261], [78.3705274, 17.4297009], [78.3702822, 17.4298763], [78.3699292, 17.4301299]]}, "properties": {"class": "residential"}}, {"type": "Feature", "geometry": {"type": "LineString", "coordinates": [[78.3682909, 17.4369165], [78.3686328, 17.4366532], [78.368902, 17.4364483], [78.3689431, 17.436417]]}, "properties": {"class": "residential"}}, {"type": "Feature", "geometry": {"type": "LineString", "coordinates": [[78.371133, 17.430937], [78.3716202, 17.4305984], [78.3723203, 17.4300917]]}, "properties": {"class": "residential"}}, {"type": "Feature", "geometry": {"type": "LineString", "coordinates": [[78.37039, 17.4348323], [78.3707924, 17.4344953], [78.370933, 17.4346127], [78.3710149, 17.4347074], [78.3713405, 17.4344622], [78.3714456, 17.4343918], [78.3715759, 17.434286], [78.3718247, 17.4340854], [78.3722281, 17.4337766], [78.3726047, 17.4334976]]}, "properties": {"class": "residential"}}, {"type": "Feature", "geometry": {"type": "LineString", "coordinates": [[78.3719771, 17.4310341], [78.3716202, 17.4305984], [78.3712882, 17.430175], [78.3707698, 17.4295261], [78.3706313, 17.4293457]]}, "properties": {"class": "residential"}}, {"type": "Feature", "geometry": {"type": "LineString", "coordinates": [[78.3738333, 17.4319667], [78.3742209, 17.4317987], [78.3746215, 17.4316111]]}, "properties": {"class": "residential"}}, {"type": "Feature", "geometry": {"type": "LineString", "coordinates": [[78.3736277, 17.4326038], [78.3740483, 17.4324087], [78.374328, 17.432279]]}, "properties": {"class": "residential"}}, {"type": "Feature", "geometry": {"type": "LineString", "coordinates": [[78.3733379, 17.4344046], [78.372577, 17.435004]]}, "properties": {"class": "residential"}}, {"type": "Feature", "geometry": {"type": "LineString", "coordinates": [[78.3720346, 17.4323095], [78.3717663, 17.4325175], [78.3713845, 17.4328093], [78.3709541, 17.4330623]]}, "properties": {"class": "residential"}}, {"type": "Feature", "geometry": {"type": "LineString", "coordinates": [[78.3720979, 17.4328926], [78.3718931, 17.43304], [78.3717921, 17.4331], [78.3717064, 17.4331667], [78.3717763, 17.4332413], [78.371952, 17.433455]]}, "properties": {"class": "residential"}}, {"type": "Feature", "geometry": {"type": "LineString", "coordinates": [[78.3740483, 17.4324087], [78.3738333, 17.4319667], [78.3734324, 17.4311773]]}, "properties": {"class": "residential"}}, {"type": "Feature", "geometry": {"type": "LineString", "coordinates": [[78.3697978, 17.4332862], [78.3706497, 17.4342661], [78.3707435, 17.434379], [78.370804, 17.4344559], [78.3707924, 17.4344953]]}, "properties": {"class": "residential"}}, {"type": "Feature", "geometry": {"type": "LineString", "coordinates": [[78.3723041, 17.4331553], [78.3731706, 17.432526]]}, "properties": {"class": "residential"}}, {"type": "Feature", "geometry": {"type": "LineString", "coordinates": [[78.3673717, 17.4358505], [78.3676615, 17.4361938], [78.3679915, 17.4365653], [78.3680208, 17.4365983], [78.3680787, 17.4366665], [78.3682909, 17.4369165], [78.3686875, 17.4373335]]}, "properties": {"class": "residential"}}, {"type": "Feature", "geometry": {"type": "LineString", "coordinates": [[78.3694169, 17.4336771], [78.3697312, 17.4340423], [78.3700335, 17.43438], [78.3702929, 17.4346953], [78.37039, 17.4348323], [78.370555, 17.4350188], [78.3707928, 17.4353088], [78.3708059, 17.4353349], [78.3707933, 17.435359], [78.3706619, 17.4354564], [78.3703571, 17.4357203], [78.3703092, 17.4357747], [78.3702917, 17.4358118], [78.3702797, 17.4358924], [78.3702756, 17.4359743], [78.3702824, 17.4360536], [78.3702824, 17.4360971], [78.3702676, 17.4361304], [78.3701643, 17.4362609], [78.3700638, 17.4363453], [78.369976, 17.4364317], [78.3699157, 17.4365002]]}, "properties": {"class": "residential"}}, {"type": "Feature", "geometry": {"type": "LineString", "coordinates": [[78.3720296, 17.43283], [78.3728298, 17.4322467], [78.3729618, 17.4321489]]}, "properties": {"class": "residential"}}, {"type": "Feature", "geometry": {"type": "LineString", "coordinates": [[78.371952, 17.433455], [78.3708421, 17.4342982], [78.3707435, 17.434379]]}, "properties": {"class": "residential"}}, {"type": "Feature", "geometry": {"type": "LineString", "coordinates": [[78.3713167, 17.4319275], [78.3717663, 17.4325175], [78.3719731, 17.4327628], [78.3720296, 17.43283], [78.3720979, 17.4328926], [78.3723041, 17.4331553], [78.3723238, 17.4331778], [78.3726047, 17.4334976], [78.3727822, 17.433708], [78.3730866, 17.4341038], [78.3733379, 17.4344046], [78.3735797, 17.4346637]]}, "properties": {"class": "residential"}}, {"type": "Feature", "geometry": {"type": "LineString", "coordinates": [[78.372813, 17.4309535], [78.3730724, 17.4314789], [78.3736277, 17.4326038], [78.3738132, 17.4329796]]}, "properties": {"class": "residential"}}, {"type": "Feature", "geometry": {"type": "LineString", "coordinates": [[78.3680208, 17.4365983], [78.3685772, 17.436193], [78.3686898, 17.4361109], [78.3689842, 17.4358881]]}, "properties": {"class": "residential"}}, {"type": "Feature", "geometry": {"type": "LineString", "coordinates": [[78.3620409, 17.4182346], [78.3620972, 17.4183561], [78.3621483, 17.4187581], [78.3621724, 17.4189725]]}, "properties": {"class": "residential"}}, {"type": "Feature", "geometry": {"type": "LineString", "coordinates": [[78.3627046, 17.4228281], [78.3630327, 17.421335]]}, "properties": {"class": "residential"}}, {"type": "Feature", "geometry": {"type": "LineString", "coordinates": [[78.367802, 17.4340784], [78.3674412, 17.434398], [78.367232, 17.4345843], [78.3669275, 17.4348517], [78.3666177, 17.4351257]]}, "properties": {"class": "residential"}}, {"type": "Feature", "geometry": {"type": "LineString", "coordinates": [[78.3635621, 17.4229861], [78.3636758, 17.4225644], [78.3642004, 17.4226659], [78.3642882, 17.4227653]]}, "properties": {"class": "residential"}}, {"type": "Feature", "geometry": {"type": "LineString", "coordinates": [[78.3663252, 17.434711], [78.3665085, 17.4349709], [78.3666177, 17.4351257], [78.3670785, 17.435776]]}, "properties": {"class": "residential"}}, {"type": "Feature", "geometry": {"type": "LineString", "coordinates": [[78.3625531, 17.4213892], [78.3622405, 17.4227469]]}, "properties": {"class": "residential"}}, {"type": "Feature", "geometry": {"type": "LineString", "coordinates": [[78.368298, 17.4346682], [78.367802, 17.4340784], [78.3675877, 17.4338166], [78.3674344, 17.4336312], [78.3672145, 17.4333639]]}, "properties": {"class": "residential"}}, {"type": "Feature", "geometry": {"type": "LineString", "coordinates": [[78.3528671, 17.4192154], [78.3525046, 17.419296], [78.3516284, 17.4194908], [78.3512716, 17.4195711], [78.3503383, 17.4197483]]}, "properties": {"class": "residential"}}, {"type": "Feature", "geometry": {"type": "LineString", "coordinates": [[78.3526718, 17.4184828], [78.3525194, 17.4185386], [78.3522638, 17.4186304], [78.3522368, 17.4186651], [78.3522159, 17.4187001], [78.3522103, 17.4188017], [78.3521923, 17.4188342], [78.3521308, 17.4189566]]}, "properties": {"class": "residential"}}, {"type": "Feature", "geometry": {"type": "LineString", "coordinates": [[78.3648074, 17.4303086], [78.3646915, 17.4301449], [78.3645986, 17.4300654], [78.3644153, 17.4300313]]}, "properties": {"class": "residential"}}, {"type": "Feature", "geometry": {"type": "LineString", "coordinates": [[78.3529945, 17.4196731], [78.3528671, 17.4192154], [78.3528486, 17.4191507], [78.3527917, 17.4189513], [78.3527627, 17.4188517], [78.3527394, 17.4187571], [78.3526718, 17.4184828], [78.3527872, 17.4184657], [78.3532024, 17.4184059], [78.35341, 17.4183547], [78.3535519, 17.4183217], [78.354012, 17.4181597], [78.3541205, 17.4181035], [78.3546227, 17.4180011]]}, "properties": {"class": "residential"}}, {"type": "Feature", "geometry": {"type": "LineString", "coordinates": [[78.36345, 17.4212908], [78.3630327, 17.421335], [78.3625531, 17.4213892], [78.3621406, 17.421468], [78.3621026, 17.4214666], [78.3620666, 17.4214453], [78.3620441, 17.4214126], [78.3619963, 17.4212135]]}, "properties": {"class": "residential"}}, {"type": "Feature", "geometry": {"type": "LineString", "coordinates": [[78.3622405, 17.4227469], [78.3627046, 17.4228281], [78.3631413, 17.4229234], [78.3634788, 17.4229894], [78.3635621, 17.4229861]]}, "properties": {"class": "residential"}}, {"type": "Feature", "geometry": {"type": "LineString", "coordinates": [[78.3631413, 17.4229234], [78.3634509, 17.4216105], [78.3634651, 17.4215271], [78.3634673, 17.4214518], [78.36345, 17.4212908], [78.3634161, 17.4208308], [78.3633987, 17.4203624], [78.3633689, 17.4192614]]}, "properties": {"class": "residential"}}, {"type": "Feature", "geometry": {"type": "LineString", "coordinates": [[78.3658589, 17.4350432], [78.3663252, 17.434711], [78.3665719, 17.4345265]]}, "properties": {"class": "residential"}}, {"type": "Feature", "geometry": {"type": "LineString", "coordinates": [[78.3611474, 17.4335563], [78.3609923, 17.4333692], [78.360961, 17.4333172], [78.3609456, 17.4332669], [78.3608239, 17.4327077], [78.3608306, 17.4326459], [78.3608657, 17.4325918], [78.3612237, 17.432364], [78.3613367, 17.4323142], [78.3615317, 17.4322845], [78.3616264, 17.4322892], [78.3617011, 17.4323415], [78.3618014, 17.4331232]]}, "properties": {"class": "residential"}}, {"type": "Feature", "geometry": {"type": "LineString", "coordinates": [[78.362452, 17.4327049], [78.3623192, 17.4316805], [78.3624089, 17.4315759], [78.3626763, 17.4314351], [78.3628426, 17.4313476], [78.362988, 17.4313514], [78.3630227, 17.431404], [78.3631522, 17.432292]]}, "properties": {"class": "residential"}}, {"type": "Feature", "geometry": {"type": "LineString", "coordinates": [[78.3674344, 17.4336312], [78.3670897, 17.4338929], [78.3667443, 17.4341552], [78.3665483, 17.4343041]]}, "properties": {"class": "residential"}}, {"type": "Feature", "geometry": {"type": "LineString", "coordinates": [[78.3686799, 17.4197397], [78.3686209, 17.4187754], [78.3685938, 17.4183314], [78.3685531, 17.4179159]]}, "properties": {"class": "residential"}}, {"type": "Feature", "geometry": {"type": "LineString", "coordinates": [[78.3587332, 17.4354914], [78.3595017, 17.4361269]]}, "properties": {"class": "residential"}}, {"type": "Feature", "geometry": {"type": "LineString", "coordinates": [[78.3658876, 17.4327359], [78.36648, 17.4335927]]}, "properties": {"class": "residential"}}, {"type": "Feature", "geometry": {"type": "LineString", "coordinates": [[78.3655031, 17.433], [78.3661085, 17.4338597]]}, "properties": {"class": "residential"}}, {"type": "Feature", "geometry": {"type": "LineString", "coordinates": [[78.3673864, 17.4377472], [78.3673936, 17.4377535], [78.3675165, 17.4379773], [78.3676959, 17.4383309], [78.3677022, 17.4383626], [78.3676858, 17.4383894], [78.3673147, 17.4385249], [78.3670677, 17.4386151]]}, "properties": {"class": "residential"}}, {"type": "Feature", "geometry": {"type": "LineString", "coordinates": [[78.3578978, 17.4361161], [78.3582371, 17.4359159], [78.3583468, 17.4358734], [78.3584216, 17.435918], [78.3585155, 17.4359793], [78.3591544, 17.4365253]]}, "properties": {"class": "residential"}}, {"type": "Feature", "geometry": {"type": "LineString", "coordinates": [[78.3577415, 17.4360012], [78.3578978, 17.4361161], [78.3585724, 17.4366927], [78.3588297, 17.4368978], [78.3590569, 17.4370993]]}, "properties": {"class": "residential"}}, {"type": "Feature", "geometry": {"type": "LineString", "coordinates": [[78.3597531, 17.4358386], [78.3595017, 17.4361269], [78.3593147, 17.4363414], [78.3591544, 17.4365253], [78.3588297, 17.4368978]]}, "properties": {"class": "residential"}}, {"type": "Feature", "geometry": {"type": "LineString", "coordinates": [[78.3628408, 17.4326476], [78.3630466, 17.4334487], [78.3630658, 17.4334744], [78.3631054, 17.4334837], [78.3633288, 17.4334192], [78.3633586, 17.4333977], [78.363384, 17.4333606]]}, "properties": {"class": "residential"}}, {"type": "Feature", "geometry": {"type": "LineString", "coordinates": [[78.3620664, 17.4342099], [78.3623658, 17.4340142], [78.3624163, 17.4339812], [78.3624459, 17.433932]]}, "properties": {"class": "residential"}}, {"type": "Feature", "geometry": {"type": "LineString", "coordinates": [[78.3789853, 17.4682797], [78.3789874, 17.4680427], [78.3790114, 17.4677774], [78.3790241, 17.4676242], [78.3790391, 17.4674447], [78.3790459, 17.4672699], [78.3790481, 17.4672481], [78.3790614, 17.467071], [78.3790797, 17.4668676]]}, "properties": {"class": "residential"}}, {"type": "Feature", "geometry": {"type": "LineString", "coordinates": [[78.3994603, 17.4564846], [78.3995234, 17.4566048], [78.3995823, 17.4568413], [78.3996193, 17.4569162], [78.3997632, 17.4571818], [78.3996612, 17.4572625], [78.3996365, 17.4572984], [78.3997628, 17.4575504], [78.3999355, 17.4578485], [78.4001122, 17.4581488], [78.4002693, 17.4584364], [78.4004362, 17.4587663], [78.4006024, 17.4590716], [78.4008066, 17.4594315], [78.4010174, 17.4598171], [78.4011846, 17.4601274]]}, "properties": {"class": "residential"}}, {"type": "Feature", "geometry": {"type": "LineString", "coordinates": [[78.3915091, 17.4526117], [78.3925664, 17.4525063], [78.3927083, 17.4525224], [78.3927419, 17.4525334], [78.3929102, 17.4525884], [78.3931187, 17.4526271], [78.3931482, 17.4526465], [78.3931737, 17.4527104], [78.3932106, 17.4536772], [78.393267, 17.4552105]]}, "properties": {"class": "residential"}}, {"type": "Feature", "geometry": {"type": "LineString", "coordinates": [[78.398835, 17.455623], [78.3989918, 17.4555581], [78.3994188, 17.4553885], [78.3995823, 17.4553292], [78.3996699, 17.4552923], [78.3997282, 17.4552637], [78.4000311, 17.4551682]]}, "properties": {"class": "residential"}}, {"type": "Feature", "geometry": {"type": "LineString", "coordinates": [[78.402821, 17.4555407], [78.4026595, 17.4552312], [78.4025811, 17.4550899], [78.402374, 17.4547486], [78.4020551, 17.4544424], [78.4018086, 17.454238]]}, "properties": {"class": "residential"}}, {"type": "Feature", "geometry": {"type": "LineString", "coordinates": [[78.3784926, 17.4640454], [78.3785064, 17.4642179], [78.3785084, 17.4646175], [78.3784773, 17.4659654]]}, "properties": {"class": "residential"}}, {"type": "Feature", "geometry": {"type": "LineString", "coordinates": [[78.4014768, 17.4583367], [78.4019728, 17.4578811]]}, "properties": {"class": "residential"}}, {"type": "Feature", "geometry": {"type": "LineString", "coordinates": [[78.401771, 17.4576711], [78.4026021, 17.4568775], [78.4026209, 17.4569641], [78.4026173, 17.457113]]}, "properties": {"class": "residential"}}, {"type": "Feature", "geometry": {"type": "LineString", "coordinates": [[78.4021085, 17.4579985], [78.4016284, 17.4584985]]}, "properties": {"class": "residential"}}, {"type": "Feature", "geometry": {"type": "LineString", "coordinates": [[78.3980633, 17.4579549], [78.3977617, 17.4580617]]}, "properties": {"class": "residential"}}, {"type": "Feature", "geometry": {"type": "LineString", "coordinates": [[78.3779519, 17.4680464], [78.3780932, 17.4680459], [78.3783573, 17.468045], [78.3785571, 17.4680442], [78.3787862, 17.4680434], [78.3789874, 17.4680427]]}, "properties": {"class": "residential"}}, {"type": "Feature", "geometry": {"type": "LineString", "coordinates": [[78.3826511, 17.4670162], [78.3826089, 17.4668084], [78.3825493, 17.4665059]]}, "properties": {"class": "residential"}}, {"type": "Feature", "geometry": {"type": "LineString", "coordinates": [[78.4000127, 17.4562979], [78.400048, 17.4564527], [78.4001127, 17.4565776], [78.4001739, 17.4567696]]}, "properties": {"class": "residential"}}, {"type": "Feature", "geometry": {"type": "LineString", "coordinates": [[78.3804688, 17.4673967], [78.380517, 17.4676527], [78.3805279, 17.4677069], [78.3805755, 17.4679256], [78.3808983, 17.4678459], [78.3812181, 17.4677589], [78.3813962, 17.4676936]]}, "properties": {"class": "residential"}}, {"type": "Feature", "geometry": {"type": "LineString", "coordinates": [[78.3979792, 17.4577697], [78.3977349, 17.4578614]]}, "properties": {"class": "residential"}}, {"type": "Feature", "geometry": {"type": "LineString", "coordinates": [[78.3777319, 17.4669037], [78.3779858, 17.4669092], [78.3785681, 17.4669218]]}, "properties": {"class": "residential"}}, {"type": "Feature", "geometry": {"type": "LineString", "coordinates": [[78.3795793, 17.4677368], [78.3795842, 17.4682447]]}, "properties": {"class": "residential"}}, {"type": "Feature", "geometry": {"type": "LineString", "coordinates": [[78.3771068, 17.4646391], [78.3777512, 17.4646394], [78.3782319, 17.4646236]]}, "properties": {"class": "residential"}}, {"type": "Feature", "geometry": {"type": "LineString", "coordinates": [[78.3785584, 17.4671571], [78.3781948, 17.4671526], [78.3779697, 17.4671382], [78.3777125, 17.4671309]]}, "properties": {"class": "residential"}}, {"type": "Feature", "geometry": {"type": "LineString", "coordinates": [[78.3790614, 17.467071], [78.380035, 17.4670921]]}, "properties": {"class": "residential"}}, {"type": "Feature", "geometry": {"type": "LineString", "coordinates": [[78.4015526, 17.4574592], [78.4017096, 17.457302], [78.4023014, 17.456724]]}, "properties": {"class": "residential"}}, {"type": "Feature", "geometry": {"type": "LineString", "coordinates": [[78.4019728, 17.4578811], [78.4024606, 17.4574389], [78.4024861, 17.4574124]]}, "properties": {"class": "residential"}}, {"type": "Feature", "geometry": {"type": "LineString", "coordinates": [[78.4010663, 17.4579376], [78.4015526, 17.4574592]]}, "properties": {"class": "residential"}}, {"type": "Feature", "geometry": {"type": "LineString", "coordinates": [[78.3816406, 17.4674196], [78.3816284, 17.467116]]}, "properties": {"class": "residential"}}, {"type": "Feature", "geometry": {"type": "LineString", "coordinates": [[78.4020551, 17.4544424], [78.4021181, 17.454409], [78.4023871, 17.4542661], [78.4026423, 17.4541272], [78.403114, 17.4538768], [78.403341, 17.4537615], [78.4035449, 17.4536078], [78.4040049, 17.4529235], [78.4041867, 17.4527157], [78.4046195, 17.4524194], [78.4048543, 17.4522587], [78.4050442, 17.4521094], [78.4051755, 17.4520062], [78.4052497, 17.4520533], [78.4053561, 17.4521427], [78.4056207, 17.4523651], [78.4058801, 17.4525925], [78.4061424, 17.4528062], [78.4063982, 17.4530208]]}, "properties": {"class": "residential"}}, {"type": "Feature", "geometry": {"type": "LineString", "coordinates": [[78.3980933, 17.4565735], [78.3983074, 17.4564876], [78.3984481, 17.4564137], [78.3986234, 17.4563366], [78.398795, 17.456267], [78.3990017, 17.4561832], [78.3991758, 17.4561056], [78.399232, 17.4560805], [78.3993623, 17.4560227], [78.39942, 17.4561854], [78.3994504, 17.4562351], [78.3995113, 17.4563348], [78.3995812, 17.4563693], [78.3998032, 17.4563643], [78.4000127, 17.4562979], [78.4001649, 17.4562425], [78.4002748, 17.4562017], [78.4003595, 17.4561906], [78.4003751, 17.4561886], [78.4004985, 17.4561771], [78.4007612, 17.4561493], [78.4008448, 17.4561536], [78.4010636, 17.4561389], [78.4011553, 17.4561353], [78.4013681, 17.4561219], [78.4016301, 17.4560696], [78.4018596, 17.4559919], [78.4020131, 17.4559346], [78.4021628, 17.4558622], [78.4024849, 17.4556992], [78.402821, 17.4555407], [78.4030773, 17.4559856], [78.4033247, 17.4564152], [78.4033741, 17.4564993], [78.4034652, 17.4566765], [78.4034908, 17.4567262], [78.4036422, 17.4570108]]}, "properties": {"class": "residential"}}, {"type": "Feature", "geometry": {"type": "LineString", "coordinates": [[78.4000485, 17.4571115], [78.4005628, 17.4570823], [78.4007504, 17.4570799]]}, "properties": {"class": "residential"}}, {"type": "Feature", "geometry": {"type": "LineString", "coordinates": [[78.3997688, 17.4557406], [78.4000431, 17.4557187], [78.4001712, 17.4557131], [78.400188, 17.4557009], [78.400194, 17.4556798], [78.400146, 17.4553079]]}, "properties": {"class": "residential"}}, {"type": "Feature", "geometry": {"type": "LineString", "coordinates": [[78.3977196, 17.4547785], [78.3978935, 17.4547035], [78.3981082, 17.454615]]}, "properties": {"class": "residential"}}, {"type": "Feature", "geometry": {"type": "LineString", "coordinates": [[78.3968005, 17.4548663], [78.3966702, 17.4540176]]}, "properties": {"class": "residential"}}, {"type": "Feature", "geometry": {"type": "LineString", "coordinates": [[78.3771068, 17.4646391], [78.3770792, 17.465042], [78.3770498, 17.4654725]]}, "properties": {"class": "residential"}}, {"type": "Feature", "geometry": {"type": "LineString", "coordinates": [[78.3800482, 17.466596], [78.380035, 17.4668814], [78.380035, 17.4670921], [78.3800451, 17.4673146], [78.3800483, 17.4673212], [78.3800553, 17.4673248], [78.3800758, 17.4673234], [78.3802508, 17.4673152]]}, "properties": {"class": "residential"}}, {"type": "Feature", "geometry": {"type": "LineString", "coordinates": [[78.3988569, 17.4558507], [78.3990017, 17.4561832], [78.3990926, 17.4564529], [78.3992107, 17.4567171], [78.3993913, 17.4570996]]}, "properties": {"class": "residential"}}, {"type": "Feature", "geometry": {"type": "LineString", "coordinates": [[78.3779219, 17.467837], [78.3779697, 17.4671382], [78.3779858, 17.4669092]]}, "properties": {"class": "residential"}}, {"type": "Feature", "geometry": {"type": "LineString", "coordinates": [[78.3823136, 17.467269], [78.3818672, 17.4673704], [78.3816406, 17.4674196], [78.3816005, 17.4674368], [78.381616, 17.4676395]]}, "properties": {"class": "residential"}}, {"type": "Feature", "geometry": {"type": "LineString", "coordinates": [[78.3788381, 17.4668641], [78.3790797, 17.4668676], [78.380035, 17.4668814]]}, "properties": {"class": "residential"}}, {"type": "Feature", "geometry": {"type": "LineString", "coordinates": [[78.3973971, 17.4548759], [78.3974568, 17.4552748], [78.397795, 17.4560077], [78.3980933, 17.4565735], [78.3983443, 17.457093], [78.3984482, 17.4573155], [78.3987752, 17.4580222], [78.3989264, 17.4583397], [78.3990912, 17.4586326], [78.3992531, 17.4589479], [78.3994245, 17.4592593], [78.3996003, 17.4595789], [78.3998076, 17.4599352]]}, "properties": {"class": "residential"}}, {"type": "Feature", "geometry": {"type": "LineString", "coordinates": [[78.3976196, 17.4565419], [78.3977142, 17.4567453], [78.3978517, 17.457041], [78.3980545, 17.4574845], [78.3981594, 17.4577139], [78.3983314, 17.4580481]]}, "properties": {"class": "residential"}}, {"type": "Feature", "geometry": {"type": "LineString", "coordinates": [[78.3771513, 17.4639279], [78.3771555, 17.4635937], [78.3771729, 17.4635419], [78.3771978, 17.4634923], [78.3772083, 17.4631247]]}, "properties": {"class": "residential"}}, {"type": "Feature", "geometry": {"type": "LineString", "coordinates": [[78.4020741, 17.4588025], [78.4021818, 17.4589851], [78.4022498, 17.4590656], [78.4022804, 17.4590998], [78.4023182, 17.459128], [78.4023182, 17.4591449], [78.4023089, 17.4591574], [78.4022843, 17.4591704], [78.4019351, 17.4593524], [78.4010174, 17.4598171], [78.4003782, 17.460145], [78.4000174, 17.4603213], [78.3994837, 17.4605766], [78.3990076, 17.4608044], [78.3988318, 17.460875], [78.3984814, 17.4610553], [78.3978616, 17.4613518], [78.397375, 17.4615918]]}, "properties": {"class": "residential"}}, {"type": "Feature", "geometry": {"type": "LineString", "coordinates": [[78.3777794, 17.4678407], [78.3779219, 17.467837], [78.3781487, 17.4678321], [78.3784416, 17.4678294], [78.378793, 17.4678242]]}, "properties": {"class": "residential"}}, {"type": "Feature", "geometry": {"type": "LineString", "coordinates": [[78.3998032, 17.4563643], [78.399818, 17.4564798], [78.3998135, 17.4567363], [78.3998185, 17.4568418]]}, "properties": {"class": "residential"}}, {"type": "Feature", "geometry": {"type": "LineString", "coordinates": [[78.4011212, 17.4570599], [78.4012018, 17.4569324], [78.4015564, 17.4565801], [78.4018332, 17.4563236]]}, "properties": {"class": "residential"}}, {"type": "Feature", "geometry": {"type": "LineString", "coordinates": [[78.398131, 17.4602913], [78.3986078, 17.4600667], [78.3996003, 17.4595789], [78.4006024, 17.4590716], [78.401102, 17.4588248], [78.4013997, 17.4586777], [78.40166, 17.4585323]]}, "properties": {"class": "residential"}}, {"type": "Feature", "geometry": {"type": "LineString", "coordinates": [[78.3996699, 17.4552923], [78.3997283, 17.4554277], [78.3997491, 17.4555673], [78.3997688, 17.4557406], [78.3997816, 17.4559129]]}, "properties": {"class": "residential"}}, {"type": "Feature", "geometry": {"type": "LineString", "coordinates": [[78.3986238, 17.4547718], [78.3988616, 17.4547083], [78.3993075, 17.4546233], [78.399382, 17.4546212], [78.3994014, 17.4546282], [78.3994128, 17.4546506], [78.3994211, 17.4547418], [78.3994346, 17.4548943], [78.3994581, 17.4550434], [78.3994909, 17.4551523]]}, "properties": {"class": "residential"}}, {"type": "Feature", "geometry": {"type": "LineString", "coordinates": [[78.3808263, 17.4669566], [78.3811653, 17.4669313], [78.3818676, 17.4668613], [78.3820605, 17.4668421], [78.3824702, 17.4668221], [78.3826089, 17.4668084], [78.382717, 17.4667909], [78.3829434, 17.466753], [78.383224, 17.4666931]]}, "properties": {"class": "residential"}}, {"type": "Feature", "geometry": {"type": "LineString", "coordinates": [[78.3787983, 17.4676022], [78.3785405, 17.4675961], [78.3781582, 17.467587]]}, "properties": {"class": "residential"}}, {"type": "Feature", "geometry": {"type": "LineString", "coordinates": [[78.4013258, 17.457237], [78.4014239, 17.4573331], [78.4015526, 17.4574592], [78.4017052, 17.4576072], [78.401771, 17.4576711], [78.4018361, 17.4577389], [78.4019728, 17.4578811], [78.4021085, 17.4579985], [78.4022587, 17.4581349]]}, "properties": {"class": "residential"}}, {"type": "Feature", "geometry": {"type": "LineString", "coordinates": [[78.3771141, 17.459632], [78.377222, 17.4596315], [78.3773536, 17.4596289], [78.3776736, 17.4595752], [78.3782129, 17.4594436], [78.3784995, 17.4594059], [78.3785182, 17.459464], [78.3785865, 17.4597392], [78.3786428, 17.4597954], [78.378789, 17.459876], [78.3790599, 17.4599797], [78.3792066, 17.4599785]]}, "properties": {"class": "residential"}}, {"type": "Feature", "geometry": {"type": "LineString", "coordinates": [[78.4007725, 17.4576822], [78.401286, 17.4571935], [78.4013258, 17.457237], [78.4017909, 17.4568122], [78.4019931, 17.4566067]]}, "properties": {"class": "residential"}}, {"type": "Feature", "geometry": {"type": "LineString", "coordinates": [[78.3983766, 17.4615118], [78.3986382, 17.4613735], [78.3991683, 17.4611132], [78.4001819, 17.4606167], [78.4011846, 17.4601274], [78.4019768, 17.4597386], [78.4025339, 17.459436], [78.4027019, 17.4593447], [78.4028951, 17.4592463]]}, "properties": {"class": "residential"}}, {"type": "Feature", "geometry": {"type": "LineString", "coordinates": [[78.3996683, 17.4549826], [78.3998866, 17.4549744], [78.4001568, 17.4549478], [78.4003194, 17.4549189], [78.4003358, 17.4549218], [78.4003526, 17.454934], [78.4003606, 17.4549487], [78.400466, 17.4552447]]}, "properties": {"class": "residential"}}, {"type": "Feature", "geometry": {"type": "LineString", "coordinates": [[78.3981853, 17.4542576], [78.3983315, 17.454659], [78.3985445, 17.4550456], [78.3985919, 17.4551317], [78.398835, 17.455623], [78.3989322, 17.4558079]]}, "properties": {"class": "residential"}}, {"type": "Feature", "geometry": {"type": "LineString", "coordinates": [[78.3981344, 17.4591641], [78.3982832, 17.4594401], [78.398446, 17.4597484], [78.3986078, 17.4600667], [78.3988033, 17.4604237], [78.3990076, 17.4608044], [78.3991683, 17.4611132], [78.3993266, 17.4614194], [78.3994042, 17.4615694]]}, "properties": {"class": "residential"}}, {"type": "Feature", "geometry": {"type": "LineString", "coordinates": [[78.3979976, 17.4543027], [78.3981082, 17.454615], [78.3981481, 17.4547279], [78.3984511, 17.4553406], [78.3987443, 17.455911]]}, "properties": {"class": "residential"}}, {"type": "Feature", "geometry": {"type": "LineString", "coordinates": [[78.4008448, 17.4561536], [78.4008387, 17.456426], [78.4008404, 17.4564708], [78.4008086, 17.4564841], [78.400797, 17.45659], [78.4007495, 17.4568252]]}, "properties": {"class": "residential"}}, {"type": "Feature", "geometry": {"type": "LineString", "coordinates": [[78.3790114, 17.4677774], [78.379116, 17.4677699], [78.3792667, 17.4677591], [78.3794268, 17.4677477], [78.3795793, 17.4677368], [78.3796453, 17.4677321], [78.3797384, 17.4677251], [78.3798176, 17.4677201], [78.3798867, 17.4677199], [78.3800106, 17.4677196], [78.3800344, 17.4677186], [78.3801523, 17.4677148], [78.3801445, 17.4675049]]}, "properties": {"class": "residential"}}, {"type": "Feature", "geometry": {"type": "LineString", "coordinates": [[78.3997283, 17.4554277], [78.400146, 17.4553079], [78.4003233, 17.4552738], [78.400466, 17.4552447], [78.4005174, 17.4552411], [78.4007394, 17.4552219], [78.4007529, 17.4556137], [78.4007578, 17.4559305], [78.4007612, 17.4561493]]}, "properties": {"class": "residential"}}, {"type": "Feature", "geometry": {"type": "LineString", "coordinates": [[78.3976687, 17.4543838], [78.3979976, 17.4543027], [78.3980982, 17.4542785], [78.3981853, 17.4542576], [78.3983108, 17.4542275]]}, "properties": {"class": "residential"}}, {"type": "Feature", "geometry": {"type": "LineString", "coordinates": [[78.377744, 17.4654485], [78.3777478, 17.4650266], [78.3777512, 17.4646394], [78.377755, 17.4642209], [78.3777467, 17.4638795]]}, "properties": {"class": "residential"}}, {"type": "Feature", "geometry": {"type": "LineString", "coordinates": [[78.3998866, 17.4549744], [78.3998148, 17.4540698], [78.3998212, 17.4540384], [78.3998379, 17.4540208], [78.4001929, 17.4538239]]}, "properties": {"class": "residential"}}, {"type": "Feature", "geometry": {"type": "LineString", "coordinates": [[78.3976997, 17.4547474], [78.3977196, 17.4547785], [78.3977478, 17.4548618], [78.3984481, 17.4564137], [78.398696, 17.4569372], [78.3989371, 17.4574852]]}, "properties": {"class": "residential"}}, {"type": "Feature", "geometry": {"type": "LineString", "coordinates": [[78.3813928, 17.4671366], [78.3813973, 17.4674507], [78.3813962, 17.4676936], [78.381616, 17.4676395], [78.3820574, 17.467531], [78.3822953, 17.467475], [78.3823302, 17.4674482], [78.3823369, 17.4674149], [78.3823136, 17.467269], [78.3822718, 17.4670479]]}, "properties": {"class": "residential"}}, {"type": "Feature", "geometry": {"type": "LineString", "coordinates": [[78.398241, 17.4574011], [78.3980545, 17.4574845], [78.397885, 17.4575614], [78.3979792, 17.4577697], [78.3980633, 17.4579549], [78.3981606, 17.458139]]}, "properties": {"class": "residential"}}, {"type": "Feature", "geometry": {"type": "LineString", "coordinates": [[78.3983443, 17.457093], [78.3985433, 17.4570081], [78.398696, 17.4569372], [78.3988809, 17.4568635], [78.399045, 17.4567879], [78.3992107, 17.4567171], [78.3993309, 17.4565985], [78.3993686, 17.4565705], [78.3994603, 17.4564846], [78.3995812, 17.4563693]]}, "properties": {"class": "residential"}}, {"type": "Feature", "geometry": {"type": "LineString", "coordinates": [[78.3781487, 17.4678321], [78.3781582, 17.467587], [78.3781948, 17.4671526]]}, "properties": {"class": "residential"}}, {"type": "Feature", "geometry": {"type": "LineString", "coordinates": [[78.3749448, 17.4288035], [78.3750033, 17.4286814], [78.3750296, 17.4286392], [78.3751166, 17.4285247], [78.3752537, 17.4283638], [78.3754885, 17.4281334], [78.3758908, 17.4277726], [78.3762342, 17.4275014], [78.3766875, 17.4271354], [78.3770388, 17.4268283]]}, "properties": {"class": "primary"}}, {"type": "Feature", "geometry": {"type": "LineString", "coordinates": [[78.3748184, 17.4293542], [78.3748286, 17.4293698], [78.3748697, 17.4294328], [78.3749166, 17.4295047], [78.3750482, 17.4298252], [78.3750849, 17.4299146], [78.3751103, 17.4300003], [78.3750348, 17.4306763], [78.375003, 17.4309612], [78.3749601, 17.4312555], [78.374932, 17.4314924], [78.3748939, 17.4318128], [78.3747985, 17.4323269]]}, "properties": {"class": "primary"}}, {"type": "Feature", "geometry": {"type": "LineString", "coordinates": [[78.3825941, 17.4529004], [78.3830686, 17.4528519], [78.3840715, 17.4527485], [78.3847656, 17.4526784], [78.3855474, 17.4526066], [78.3859582, 17.4525737], [78.3866543, 17.4525018], [78.3871635, 17.4524492], [78.3874905, 17.4524154], [78.3875745, 17.4524062], [78.3882931, 17.452337], [78.3887365, 17.4522907], [78.3897617, 17.4521954], [78.3900016, 17.4521704], [78.3909008, 17.4520845], [78.3915211, 17.4520286], [78.3915754, 17.4520235], [78.3928757, 17.4518823], [78.3930118, 17.4518691], [78.3939031, 17.4517853], [78.3944135, 17.4517425], [78.394565, 17.451722], [78.395587, 17.4515996], [78.3965747, 17.4515086]]}, "properties": {"class": "secondary"}}, {"type": "Feature", "geometry": {"type": "LineString", "coordinates": [[78.3794501, 17.4502809], [78.379542, 17.4504419], [78.3795959, 17.4505067], [78.3796424, 17.4505573], [78.3797105, 17.4506141]]}, "properties": {"class": "primary"}}, {"type": "Feature", "geometry": {"type": "LineString", "coordinates": [[78.3835843, 17.4548633], [78.3833856, 17.4542915], [78.3833297, 17.454151]]}, "properties": {"class": "primary"}}, {"type": "Feature", "geometry": {"type": "LineString", "coordinates": [[78.3951796, 17.4401912], [78.3955119, 17.4409208], [78.3956719, 17.4412591], [78.395678, 17.4412853], [78.3956809, 17.4413081], [78.3956775, 17.4413284], [78.3956623, 17.4413501], [78.3954063, 17.4414941], [78.3949554, 17.4416449]]}, "properties": {"class": "residential"}}, {"type": "Feature", "geometry": {"type": "LineString", "coordinates": [[78.3941695, 17.4404848], [78.3942871, 17.4408129], [78.3944249, 17.4411843]]}, "properties": {"class": "residential"}}, {"type": "Feature", "geometry": {"type": "LineString", "coordinates": [[78.3885915, 17.4376603], [78.3890086, 17.4388184], [78.3890301, 17.438878], [78.3891521, 17.4392199], [78.3891958, 17.4393486], [78.3892731, 17.439576], [78.3894099, 17.4399665]]}, "properties": {"class": "secondary"}}, {"type": "Feature", "geometry": {"type": "LineString", "coordinates": [[78.3638731, 17.4545494], [78.3645297, 17.4543455], [78.364999, 17.4541998], [78.3655483, 17.4540292], [78.3655718, 17.4540219], [78.3661754, 17.4538354], [78.3665024, 17.453733], [78.3668565, 17.4536215], [78.3672013, 17.4534829], [78.3672262, 17.4534774], [78.3672469, 17.4534839], [78.3672592, 17.453495], [78.3672721, 17.4535147], [78.3673707, 17.4536651], [78.3674044, 17.4537059], [78.3674446, 17.4537353], [78.3675124, 17.4537415], [78.3675882, 17.4537249], [78.367824, 17.4536646], [78.3678546, 17.4536568], [78.3679059, 17.4536452], [78.3679516, 17.4536493], [78.3679831, 17.4536688], [78.3680138, 17.4537072], [78.368036, 17.4537517], [78.3682307, 17.4541413], [78.3684412, 17.4545624], [78.3684681, 17.4546162], [78.3685063, 17.4547186], [78.3685553, 17.4548499], [78.3686154, 17.4549301], [78.368675, 17.4549436], [78.3687106, 17.4549417], [78.3689929, 17.4548086], [78.3692189, 17.4552502], [78.3692393, 17.4552786], [78.3694122, 17.4555746], [78.3699044, 17.4563466], [78.3699759, 17.4564799], [78.3701634, 17.4569046], [78.3702156, 17.4570248], [78.3704127, 17.4574792], [78.3704435, 17.4575496], [78.3705193, 17.4577229], [78.3706665, 17.4580596]]}, "properties": {"class": "tertiary"}}, {"type": "Feature", "geometry": {"type": "LineString", "coordinates": [[78.3692393, 17.4552786], [78.3695731, 17.4551267], [78.3698243, 17.4550125], [78.369835, 17.4550076], [78.3700376, 17.4549155], [78.3700686, 17.4549014], [78.3704176, 17.4547712], [78.3704922, 17.4547434], [78.3707727, 17.4546387], [78.3708895, 17.4545914], [78.3714737, 17.4543549]]}, "properties": {"class": "residential"}}, {"type": "Feature", "geometry": {"type": "LineString", "coordinates": [[78.3723845, 17.4555308], [78.3714349, 17.4558536], [78.3710748, 17.455976], [78.3708486, 17.456049], [78.3707199, 17.4560906], [78.3699044, 17.4563466]]}, "properties": {"class": "residential"}}, {"type": "Feature", "geometry": {"type": "LineString", "coordinates": [[78.3665024, 17.453733], [78.366373, 17.4532823], [78.3663476, 17.453203], [78.3662872, 17.453148], [78.3661137, 17.4527126]]}, "properties": {"class": "residential"}}, {"type": "Feature", "geometry": {"type": "LineString", "coordinates": [[78.3641879, 17.4534495], [78.3646769, 17.4532958], [78.364888, 17.4532295]]}, "properties": {"class": "residential"}}, {"type": "Feature", "geometry": {"type": "LineString", "coordinates": [[78.3646769, 17.4532958], [78.3647378, 17.4534667], [78.3647457, 17.453489], [78.3647724, 17.4535639], [78.3647943, 17.4536254], [78.3648527, 17.4537893], [78.364999, 17.4541998]]}, "properties": {"class": "residential"}}, {"type": "Feature", "geometry": {"type": "LineString", "coordinates": [[78.3651381, 17.4529524], [78.3653065, 17.4533544], [78.3655483, 17.4540292]]}, "properties": {"class": "residential"}}, {"type": "Feature", "geometry": {"type": "LineString", "coordinates": [[78.3653065, 17.4533544], [78.3658657, 17.4531757]]}, "properties": {"class": "residential"}}, {"type": "Feature", "geometry": {"type": "LineString", "coordinates": [[78.3676373, 17.4554376], [78.3671771, 17.4542899]]}, "properties": {"class": "residential"}}, {"type": "Feature", "geometry": {"type": "LineString", "coordinates": [[78.3699759, 17.4564799], [78.3689619, 17.4567894]]}, "properties": {"class": "residential"}}, {"type": "Feature", "geometry": {"type": "LineString", "coordinates": [[78.38524, 17.4627939], [78.385241, 17.4628144], [78.3852785, 17.4631843], [78.3853322, 17.4637702], [78.3853909, 17.4642202]]}, "properties": {"class": "primary"}}, {"type": "Feature", "geometry": {"type": "LineString", "coordinates": [[78.3812875, 17.4478437], [78.3801121, 17.4481396], [78.3793002, 17.4483444]]}, "properties": {"class": "residential"}}, {"type": "Feature", "geometry": {"type": "LineString", "coordinates": [[78.3646656, 17.4682662], [78.3647276, 17.4673395], [78.3647444, 17.4670881], [78.3647481, 17.4670332], [78.3647655, 17.4666998]]}, "properties": {"class": "residential"}}, {"type": "Feature", "geometry": {"type": "LineString", "coordinates": [[78.3651211, 17.4585534], [78.3650839, 17.4585581], [78.3650413, 17.4585641], [78.3649257, 17.4585695], [78.3646665, 17.4586049]]}, "properties": {"class": "residential"}}, {"type": "Feature", "geometry": {"type": "LineString", "coordinates": [[78.3628219, 17.443149], [78.3636506, 17.4428254]]}, "properties": {"class": "residential"}}, {"type": "Feature", "geometry": {"type": "LineString", "coordinates": [[78.3606387, 17.4668309], [78.3613151, 17.4668088], [78.3621549, 17.4667835]]}, "properties": {"class": "residential"}}, {"type": "Feature", "geometry": {"type": "LineString", "coordinates": [[78.3664921, 17.444111], [78.3662991, 17.4440403], [78.3659908, 17.4439647], [78.3656696, 17.4438654], [78.3656052, 17.4438667], [78.3655621, 17.4438909], [78.36524, 17.4444267], [78.3652212, 17.4445217], [78.365256, 17.4445923], [78.3653427, 17.4446602], [78.3655313, 17.4447559], [78.3656655, 17.4447769]]}, "properties": {"class": "residential"}}, {"type": "Feature", "geometry": {"type": "LineString", "coordinates": [[78.3665334, 17.4662285], [78.3667471, 17.4662199], [78.3668825, 17.466198], [78.3670446, 17.4661817], [78.3673061, 17.4661527]]}, "properties": {"class": "residential"}}, {"type": "Feature", "geometry": {"type": "LineString", "coordinates": [[78.3648019, 17.4549164], [78.3647915, 17.4549046], [78.3646799, 17.454641], [78.3646769, 17.4546045], [78.3646873, 17.4545873], [78.3647168, 17.4545604], [78.3649949, 17.454458], [78.3650825, 17.4544184], [78.3651481, 17.4544117], [78.3651668, 17.4544189], [78.3651764, 17.4544333], [78.3653884, 17.4548796], [78.3654685, 17.4551067], [78.3654673, 17.4551241]]}, "properties": {"class": "residential"}}, {"type": "Feature", "geometry": {"type": "LineString", "coordinates": [[78.3948261, 17.4222657], [78.3947323, 17.4229109], [78.3946663, 17.4233648]]}, "properties": {"class": "residential"}}, {"type": "Feature", "geometry": {"type": "LineString", "coordinates": [[78.3934258, 17.4232224], [78.3941397, 17.423636], [78.3949221, 17.4241243]]}, "properties": {"class": "residential"}}, {"type": "Feature", "geometry": {"type": "LineString", "coordinates": [[78.3947753, 17.4270831], [78.3962843, 17.4265876], [78.3965091, 17.426519], [78.3966946, 17.4264785], [78.3969443, 17.4264032], [78.3971549, 17.4263596], [78.3972389, 17.4263407], [78.3973596, 17.4263135], [78.3974854, 17.4262658], [78.3975787, 17.4262101], [78.3976587, 17.4261432], [78.3977393, 17.4260202]]}, "properties": {"class": "residential"}}, {"type": "Feature", "geometry": {"type": "LineString", "coordinates": [[78.3940082, 17.4242365], [78.3941397, 17.423636], [78.3942106, 17.4231016], [78.3942885, 17.4221683], [78.3943528, 17.421692]]}, "properties": {"class": "residential"}}, {"type": "Feature", "geometry": {"type": "LineString", "coordinates": [[78.4014212, 17.4488495], [78.4014687, 17.4486673], [78.4014762, 17.4485374], [78.4014721, 17.4484127], [78.4014318, 17.4483123], [78.401393, 17.4482099], [78.4012738, 17.4479796], [78.4010553, 17.447594], [78.4009023, 17.4469644], [78.4006662, 17.4462432]]}, "properties": {"class": "residential"}}, {"type": "Feature", "geometry": {"type": "LineString", "coordinates": [[78.3794268, 17.4677477], [78.3794196, 17.4682844]]}, "properties": {"class": "residential"}}, {"type": "Feature", "geometry": {"type": "LineString", "coordinates": [[78.3830181, 17.4673005], [78.3829468, 17.466978]]}, "properties": {"class": "residential"}}, {"type": "Feature", "geometry": {"type": "LineString", "coordinates": [[78.3969161, 17.4593075], [78.3971015, 17.4597287], [78.3972519, 17.4599936], [78.3974852, 17.4604532], [78.3977357, 17.4609468]]}, "properties": {"class": "secondary"}}, {"type": "Feature", "geometry": {"type": "LineString", "coordinates": [[78.3824905, 17.4670268], [78.3825802, 17.4675112]]}, "properties": {"class": "residential"}}, {"type": "Feature", "geometry": {"type": "LineString", "coordinates": [[78.3818591, 17.4670925], [78.3818672, 17.4673704]]}, "properties": {"class": "residential"}}, {"type": "Feature", "geometry": {"type": "LineString", "coordinates": [[78.3792667, 17.4677591], [78.379258, 17.4681667]]}, "properties": {"class": "residential"}}, {"type": "Feature", "geometry": {"type": "LineString", "coordinates": [[78.3785571, 17.4680442], [78.378557, 17.4682918]]}, "properties": {"class": "residential"}}, {"type": "Feature", "geometry": {"type": "LineString", "coordinates": [[78.3783573, 17.468045], [78.378355, 17.4683083]]}, "properties": {"class": "residential"}}, {"type": "Feature", "geometry": {"type": "LineString", "coordinates": [[78.379116, 17.4677699], [78.3790932, 17.4682769]]}, "properties": {"class": "residential"}}, {"type": "Feature", "geometry": {"type": "LineString", "coordinates": [[78.3827989, 17.4674631], [78.3827783, 17.4673657], [78.3827119, 17.467017]]}, "properties": {"class": "residential"}}, {"type": "Feature", "geometry": {"type": "LineString", "coordinates": [[78.3827783, 17.4673657], [78.3830181, 17.4673005], [78.3832456, 17.467252], [78.3834492, 17.4672046], [78.3838878, 17.4671008], [78.3842344, 17.4669842], [78.3844525, 17.4669582]]}, "properties": {"class": "residential"}}, {"type": "Feature", "geometry": {"type": "LineString", "coordinates": [[78.3928279, 17.455067], [78.3928256, 17.4544188], [78.3927955, 17.4538726]]}, "properties": {"class": "residential"}}, {"type": "Feature", "geometry": {"type": "LineString", "coordinates": [[78.380517, 17.4676527], [78.3806465, 17.4676331], [78.3807558, 17.4676112], [78.3808547, 17.4675908], [78.3809647, 17.467562], [78.3809558, 17.4671694]]}, "properties": {"class": "residential"}}, {"type": "Feature", "geometry": {"type": "LineString", "coordinates": [[78.3790391, 17.4674447], [78.3793256, 17.4674277], [78.3795679, 17.4674056], [78.3798415, 17.4673843], [78.3798344, 17.4672872], [78.3798296, 17.4672342]]}, "properties": {"class": "residential"}}, {"type": "Feature", "geometry": {"type": "LineString", "coordinates": [[78.3746965, 17.4678948], [78.3746831, 17.4675571]]}, "properties": {"class": "residential"}}, {"type": "Feature", "geometry": {"type": "LineString", "coordinates": [[78.3776736, 17.4595752], [78.377708, 17.4597507], [78.3776591, 17.4598338], [78.3776443, 17.4598722], [78.3776289, 17.4600212]]}, "properties": {"class": "residential"}}, {"type": "Feature", "geometry": {"type": "LineString", "coordinates": [[78.402048, 17.4549189], [78.4023173, 17.4553888], [78.4024127, 17.4555776], [78.4024849, 17.4556992]]}, "properties": {"class": "residential"}}, {"type": "Feature", "geometry": {"type": "LineString", "coordinates": [[78.4004212, 17.4545572], [78.4009759, 17.4543774]]}, "properties": {"class": "residential"}}, {"type": "Feature", "geometry": {"type": "LineString", "coordinates": [[78.3766049, 17.4626208], [78.3767024, 17.4626067], [78.3769265, 17.4625725], [78.3770934, 17.4625594], [78.3773651, 17.4624876]]}, "properties": {"class": "residential"}}, {"type": "Feature", "geometry": {"type": "LineString", "coordinates": [[78.3742105, 17.4675738], [78.3746831, 17.4675571], [78.3748672, 17.4675543], [78.3749465, 17.4675513]]}, "properties": {"class": "residential"}}, {"type": "Feature", "geometry": {"type": "LineString", "coordinates": [[78.3737996, 17.4670219], [78.3738174, 17.4671737], [78.3738634, 17.4671888], [78.3738906, 17.4673177]]}, "properties": {"class": "residential"}}, {"type": "Feature", "geometry": {"type": "LineString", "coordinates": [[78.3733994, 17.4671322], [78.3735986, 17.4670742], [78.3737714, 17.4670224], [78.3737996, 17.4670219], [78.3740089, 17.4670275], [78.3741261, 17.4670134], [78.3742694, 17.4669906]]}, "properties": {"class": "residential"}}, {"type": "Feature", "geometry": {"type": "LineString", "coordinates": [[78.4015914, 17.4557085], [78.4019706, 17.4555401], [78.4023173, 17.4553888]]}, "properties": {"class": "residential"}}, {"type": "Feature", "geometry": {"type": "LineString", "coordinates": [[78.3770498, 17.4654725], [78.377744, 17.4654485], [78.3780447, 17.4654282], [78.3780815, 17.4654256], [78.3781077, 17.4654435], [78.3781298, 17.4654653], [78.3781153, 17.4659569]]}, "properties": {"class": "residential"}}, {"type": "Feature", "geometry": {"type": "LineString", "coordinates": [[78.3772908, 17.4592516], [78.3774666, 17.4592581], [78.3775391, 17.4592594], [78.3776745, 17.45923], [78.3779025, 17.4591583], [78.3788199, 17.4588625], [78.3788292, 17.4588595], [78.3789632, 17.4588163], [78.3789844, 17.4587442], [78.3790152, 17.4586755], [78.3789801, 17.45861], [78.3789455, 17.4585453]]}, "properties": {"class": "residential"}}, {"type": "Feature", "geometry": {"type": "LineString", "coordinates": [[78.3921938, 17.4468839], [78.3928423, 17.4469237], [78.3932834, 17.4469492], [78.3936834, 17.446973], [78.3939723, 17.446982], [78.3940487, 17.4469724], [78.3941185, 17.4469526], [78.3942278, 17.4469148], [78.3947789, 17.4467114]]}, "properties": {"class": "tertiary"}}, {"type": "Feature", "geometry": {"type": "LineString", "coordinates": [[78.3880494, 17.4515672], [78.3880655, 17.4516094], [78.3880998, 17.451627], [78.3881758, 17.4516172], [78.3888864, 17.4515273], [78.3894241, 17.4514789], [78.389927, 17.4514309], [78.3904609, 17.451392], [78.390985, 17.4513338]]}, "properties": {"class": "residential"}}, {"type": "Feature", "geometry": {"type": "LineString", "coordinates": [[78.3915365, 17.4468536], [78.3914678, 17.4472756], [78.3913408, 17.4486123], [78.391171, 17.4498453], [78.3911017, 17.4503487], [78.390985, 17.4513338], [78.3909253, 17.4519494]]}, "properties": {"class": "residential"}}, {"type": "Feature", "geometry": {"type": "LineString", "coordinates": [[78.3928879, 17.4401906], [78.3929942, 17.4407523]]}, "properties": {"class": "residential"}}, {"type": "Feature", "geometry": {"type": "LineString", "coordinates": [[78.3922469, 17.4402923], [78.3926005, 17.4402431], [78.3928879, 17.4401906], [78.3930076, 17.4401664], [78.393407, 17.4400929], [78.3934309, 17.4400739], [78.3933724, 17.4397297]]}, "properties": {"class": "residential"}}, {"type": "Feature", "geometry": {"type": "LineString", "coordinates": [[78.3912434, 17.439739], [78.3913185, 17.4397224], [78.3916486, 17.4396594], [78.3916666, 17.4396582], [78.3916864, 17.4396643], [78.3917008, 17.4396713], [78.3917145, 17.4396873], [78.3917215, 17.4397101], [78.3917253, 17.4397257], [78.3917503, 17.44], [78.3917847, 17.4403397], [78.3917986, 17.4409327]]}, "properties": {"class": "residential"}}, {"type": "Feature", "geometry": {"type": "LineString", "coordinates": [[78.3944081, 17.4356515], [78.3938471, 17.4359153], [78.3932806, 17.4361818], [78.3927155, 17.4364476]]}, "properties": {"class": "tertiary"}}, {"type": "Feature", "geometry": {"type": "LineString", "coordinates": [[78.3924633, 17.4340982], [78.3917828, 17.4346962], [78.3917816, 17.4347236], [78.3917941, 17.4347504], [78.3921269, 17.4350539]]}, "properties": {"class": "residential"}}, {"type": "Feature", "geometry": {"type": "LineString", "coordinates": [[78.4098914, 17.4296979], [78.4093537, 17.4300284], [78.4089287, 17.4302896], [78.4077541, 17.4310116], [78.4070645, 17.4315071], [78.4070104, 17.431546], [78.4069582, 17.4316101], [78.4069327, 17.4316662], [78.4069241, 17.4317243], [78.406989, 17.4321224], [78.4069779, 17.4323373], [78.4069618, 17.4324104], [78.4069401, 17.4324765], [78.4069157, 17.432529], [78.4068581, 17.4325993], [78.4067049, 17.4327435], [78.4063972, 17.4329591], [78.4063045, 17.4330198], [78.4061485, 17.4331218], [78.4057297, 17.4333578], [78.4054953, 17.4334852], [78.4050389, 17.4337471], [78.4043621, 17.4340827], [78.4041999, 17.4341324], [78.4040806, 17.4341555], [78.4038033, 17.4341902], [78.4036689, 17.4342265], [78.403569, 17.4342715], [78.40249, 17.4349988], [78.4018739, 17.4353496], [78.4017004, 17.4354484], [78.4014633, 17.4356142], [78.4012659, 17.4358148], [78.4011281, 17.4359965], [78.4008823, 17.4363956], [78.4008427, 17.4364592], [78.4000738, 17.437772], [78.3998684, 17.4380502], [78.3997293, 17.4382386], [78.3992828, 17.4387591]]}, "properties": {"class": "primary"}}, {"type": "Feature", "geometry": {"type": "LineString", "coordinates": [[78.3961933, 17.4393076], [78.3961203, 17.4391665]]}, "properties": {"class": "tertiary"}}, {"type": "Feature", "geometry": {"type": "LineString", "coordinates": [[78.3951102, 17.4371373], [78.3951593, 17.4372409], [78.3953287, 17.4376091], [78.3954525, 17.4378782], [78.3955809, 17.4381731], [78.3958914, 17.4388712], [78.3960236, 17.4391606], [78.3960499, 17.4392182], [78.3960699, 17.4392635], [78.3961142, 17.4393832]]}, "properties": {"class": "tertiary"}}, {"type": "Feature", "geometry": {"type": "LineString", "coordinates": [[78.3769081, 17.4394871], [78.3767587, 17.4395478], [78.3765426, 17.4396041], [78.3763347, 17.4397052], [78.3760895, 17.4398715], [78.375922, 17.4400231], [78.3755186, 17.4403451], [78.3753744, 17.4404295], [78.375327, 17.4404614]]}, "properties": {"class": "secondary"}}, {"type": "Feature", "geometry": {"type": "LineString", "coordinates": [[78.3794291, 17.438071], [78.3799479, 17.438654], [78.3802172, 17.4389567], [78.3802514, 17.4389934], [78.380286, 17.4390319], [78.3803149, 17.4390736], [78.3803447, 17.4391077], [78.380435, 17.4391755], [78.3804936, 17.4391693]]}, "properties": {"class": "tertiary"}}, {"type": "Feature", "geometry": {"type": "LineString", "coordinates": [[78.3826078, 17.4354605], [78.3832352, 17.4350262], [78.3832648, 17.4350038], [78.3839728, 17.434468], [78.3842073, 17.4342905], [78.3846657, 17.4339435], [78.3851203, 17.4335904], [78.3853411, 17.4334259], [78.3856593, 17.4331906]]}, "properties": {"class": "secondary"}}, {"type": "Feature", "geometry": {"type": "LineString", "coordinates": [[78.3746211, 17.4441701], [78.3746694, 17.4443992], [78.3746957, 17.4445241], [78.3748615, 17.4452104], [78.3749121, 17.4453572], [78.3749246, 17.4454979], [78.3748703, 17.4456282], [78.3748388, 17.4456917], [78.374681, 17.4459129], [78.3745545, 17.4461262], [78.3745338, 17.446251], [78.3745563, 17.446548], [78.3745531, 17.4466693], [78.3745396, 17.4468699], [78.3745298, 17.4469828], [78.3745213, 17.4471023], [78.3744951, 17.4472707], [78.3744632, 17.4474006], [78.3743771, 17.4477334], [78.3743205, 17.4479519], [78.3742521, 17.4481207], [78.3740742, 17.44848], [78.3740298, 17.4485698], [78.3737484, 17.4489878], [78.3733348, 17.4494018], [78.3725672, 17.4501594], [78.3724171, 17.4503075], [78.3723548, 17.450369], [78.3723386, 17.450385]]}, "properties": {"class": "secondary"}}, {"type": "Feature", "geometry": {"type": "LineString", "coordinates": [[78.3747851, 17.4438263], [78.3747, 17.4438963], [78.374645, 17.4439392]]}, "properties": {"class": "secondary"}}, {"type": "Feature", "geometry": {"type": "LineString", "coordinates": [[78.3771096, 17.4434218], [78.3770072, 17.4434322], [78.3769006, 17.4434502], [78.3768559, 17.4434564], [78.3768075, 17.4434671], [78.3767685, 17.4434747], [78.3764444, 17.4435378], [78.376079, 17.4436089], [78.3758562, 17.4436522], [78.37506, 17.443782], [78.3747851, 17.4438263]]}, "properties": {"class": "secondary"}}, {"type": "Feature", "geometry": {"type": "LineString", "coordinates": [[78.3993668, 17.4388094], [78.4002839, 17.4393968], [78.4006187, 17.439618], [78.4010837, 17.4399122], [78.4024947, 17.4408194], [78.4025432, 17.4408506]]}, "properties": {"class": "residential"}}, {"type": "Feature", "geometry": {"type": "LineString", "coordinates": [[78.3962589, 17.4396496], [78.396302, 17.4398289], [78.3963319, 17.4399944], [78.3964707, 17.4403082], [78.3965369, 17.4404547]]}, "properties": {"class": "residential"}}, {"type": "Feature", "geometry": {"type": "LineString", "coordinates": [[78.3822943, 17.4529461], [78.3825941, 17.4529004]]}, "properties": {"class": "secondary"}}, {"type": "Feature", "geometry": {"type": "LineString", "coordinates": [[78.3812624, 17.4514854], [78.381157, 17.4514007]]}, "properties": {"class": "primary"}}, {"type": "Feature", "geometry": {"type": "LineString", "coordinates": [[78.3809865, 17.4515775], [78.3810864, 17.4516562]]}, "properties": {"class": "primary"}}, {"type": "Feature", "geometry": {"type": "LineString", "coordinates": [[78.3812624, 17.4514854], [78.3813375, 17.4514072], [78.381558, 17.4511781]]}, "properties": {"class": "primary"}}, {"type": "Feature", "geometry": {"type": "LineString", "coordinates": [[78.3810864, 17.4516562], [78.3812624, 17.4514854]]}, "properties": {"class": "primary"}}, {"type": "Feature", "geometry": {"type": "LineString", "coordinates": [[78.3825941, 17.4529004], [78.3824165, 17.4527244]]}, "properties": {"class": "primary"}}, {"type": "Feature", "geometry": {"type": "LineString", "coordinates": [[78.3824165, 17.4527244], [78.3820441, 17.4523593], [78.381615, 17.451879]]}, "properties": {"class": "primary"}}, {"type": "Feature", "geometry": {"type": "LineString", "coordinates": [[78.3820325, 17.4527652], [78.3817912, 17.4527868], [78.3808198, 17.4528975], [78.380219, 17.4529659], [78.3800344, 17.4529747], [78.3799009, 17.4529642]]}, "properties": {"class": "residential"}}, {"type": "Feature", "geometry": {"type": "LineString", "coordinates": [[78.3712826, 17.4579753], [78.3713337, 17.4580861], [78.3713369, 17.4580932], [78.3718068, 17.4591388], [78.3718574, 17.4592515], [78.3718932, 17.4593311], [78.3719421, 17.4594433], [78.3723186, 17.4603064], [78.3725632, 17.4601973]]}, "properties": {"class": "residential"}}, {"type": "Feature", "geometry": {"type": "LineString", "coordinates": [[78.3961933, 17.4393076], [78.3961142, 17.4393832]]}, "properties": {"class": "primary"}}, {"type": "Feature", "geometry": {"type": "LineString", "coordinates": [[78.3966762, 17.4514997], [78.3966375, 17.4514094], [78.3964703, 17.450987], [78.3955724, 17.4485511], [78.3955585, 17.4485134], [78.3952334, 17.4476637], [78.3950609, 17.4472128], [78.3947749, 17.4464171], [78.394614, 17.4459642], [78.3941245, 17.4446247], [78.3939461, 17.4441398], [78.393691, 17.443411], [78.3936395, 17.4432637], [78.3935828, 17.443108]]}, "properties": {"class": "secondary"}}, {"type": "Feature", "geometry": {"type": "LineString", "coordinates": [[78.3993668, 17.4388094], [78.3992828, 17.4387591]]}, "properties": {"class": "primary"}}, {"type": "Feature", "geometry": {"type": "LineString", "coordinates": [[78.3991918, 17.4388586], [78.3992726, 17.4389145]]}, "properties": {"class": "primary"}}, {"type": "Feature", "geometry": {"type": "LineString", "coordinates": [[78.3992726, 17.4389145], [78.3993668, 17.4388094]]}, "properties": {"class": "primary"}}, {"type": "Feature", "geometry": {"type": "LineString", "coordinates": [[78.3934783, 17.4431427], [78.3935405, 17.4432998], [78.3935662, 17.4433648], [78.3935948, 17.4434403], [78.3936173, 17.4434998], [78.3937854, 17.4439827], [78.3939919, 17.4446041], [78.3940071, 17.4446464], [78.3941835, 17.4451377], [78.3947789, 17.4467114], [78.3949721, 17.4472391], [78.3954629, 17.4485435], [78.3957581, 17.4493174], [78.3958652, 17.4496259], [78.3962844, 17.4507518], [78.3963453, 17.4509155], [78.3965335, 17.4514218]]}, "properties": {"class": "secondary"}}, {"type": "Feature", "geometry": {"type": "LineString", "coordinates": [[78.3992828, 17.4387591], [78.3991918, 17.4388586]]}, "properties": {"class": "primary"}}, {"type": "Feature", "geometry": {"type": "LineString", "coordinates": [[78.393252, 17.4506892], [78.3933077, 17.4501538], [78.3933744, 17.4497265], [78.3934839, 17.4487471], [78.3936352, 17.4474055], [78.3936475, 17.4472951], [78.3936834, 17.446973]]}, "properties": {"class": "residential"}}, {"type": "Feature", "geometry": {"type": "LineString", "coordinates": [[78.3736778, 17.4574577], [78.3730404, 17.4575091], [78.3727061, 17.4575339], [78.3724388, 17.4575714], [78.3722478, 17.4576066], [78.3718558, 17.4576985], [78.3715029, 17.4578074], [78.3712819, 17.4578756], [78.3712146, 17.4578989], [78.370792, 17.4580343], [78.3706665, 17.4580596]]}, "properties": {"class": "primary"}}, {"type": "Feature", "geometry": {"type": "LineString", "coordinates": [[78.3737724, 17.457437], [78.3736949, 17.457198], [78.3736639, 17.457133], [78.3734569, 17.4568857], [78.3733669, 17.4567807], [78.3728814, 17.4560683], [78.3724622, 17.4555016], [78.3721926, 17.4551417], [78.3715732, 17.454322], [78.371185, 17.4537896], [78.3710406, 17.453589], [78.370533, 17.4529163], [78.3699941, 17.4522347], [78.369964, 17.4521655], [78.3699906, 17.4520946], [78.370447, 17.4516221], [78.3705669, 17.4515685], [78.3706774, 17.4515761], [78.3708998, 17.4517205], [78.3709974, 17.4517501], [78.3710819, 17.4517236], [78.3713589, 17.451471], [78.3715, 17.4513344], [78.3719378, 17.4509054], [78.3724055, 17.4504492], [78.372484, 17.4503672], [78.373057, 17.4498109], [78.3730718, 17.449796], [78.3734231, 17.4494438], [78.3735247, 17.4493452], [78.3736552, 17.4492186], [78.373796, 17.4490642], [78.3739194, 17.4489154], [78.3741118, 17.4486146]]}, "properties": {"class": "secondary"}}, {"type": "Feature", "geometry": {"type": "LineString", "coordinates": [[78.3737724, 17.457437], [78.3736778, 17.4574577]]}, "properties": {"class": "primary"}}, {"type": "Feature", "geometry": {"type": "LineString", "coordinates": [[78.3747267, 17.4335781], [78.3747426, 17.4334535], [78.3749118, 17.4324813], [78.3749709, 17.4322177], [78.3751651, 17.4310293], [78.3752328, 17.4304656], [78.3752671, 17.4300447], [78.3752641, 17.4299279], [78.3752529, 17.4298676], [78.3752417, 17.4297559], [78.3751594, 17.4294914], [78.3750297, 17.4290749]]}, "properties": {"class": "primary"}}, {"type": "Feature", "geometry": {"type": "LineString", "coordinates": [[78.3962389, 17.4514386], [78.3962037, 17.4514425], [78.3941017, 17.4516729], [78.3938954, 17.4516899], [78.3935823, 17.4517156], [78.3930008, 17.4517615], [78.3926678, 17.4517908], [78.3916662, 17.4518896], [78.3915825, 17.451897], [78.3909253, 17.4519494], [78.3902016, 17.4520158], [78.3894524, 17.4520931], [78.3885263, 17.452167], [78.3882648, 17.452194], [78.3877279, 17.4522523], [78.387548, 17.4522706]]}, "properties": {"class": "secondary"}}, {"type": "Feature", "geometry": {"type": "LineString", "coordinates": [[78.3839122, 17.4555919], [78.3838112, 17.4552907], [78.3837406, 17.4550818], [78.3835138, 17.454392], [78.3832537, 17.4538214], [78.3831965, 17.4537249], [78.3830793, 17.4535272], [78.3829063, 17.4532409], [78.3828577, 17.4531602], [78.3825941, 17.4529004]]}, "properties": {"class": "primary"}}, {"type": "Feature", "geometry": {"type": "LineString", "coordinates": [[78.3838308, 17.4558725], [78.3840707, 17.4566033], [78.3842497, 17.4571713], [78.3842833, 17.4573198], [78.3845155, 17.4584256], [78.3845282, 17.4584861], [78.3845802, 17.4587348], [78.3846348, 17.4589959], [78.3847901, 17.4598148], [78.3848856, 17.4602427], [78.3849541, 17.4605834], [78.3850132, 17.4608773], [78.3851347, 17.4615244], [78.3851506, 17.4616412], [78.3851755, 17.4618242], [78.3851879, 17.4619153], [78.3852149, 17.4622994]]}, "properties": {"class": "primary"}}, {"type": "Feature", "geometry": {"type": "LineString", "coordinates": [[78.3803478, 17.4531055], [78.3806449, 17.453071], [78.3809421, 17.4530396], [78.3812043, 17.4530085], [78.3816523, 17.4529824], [78.3816871, 17.4529804], [78.3819768, 17.4529537], [78.3821335, 17.4529581], [78.3823274, 17.4530445], [78.3825436, 17.4532185], [78.382596, 17.4532376]]}, "properties": {"class": "secondary"}}, {"type": "Feature", "geometry": {"type": "LineString", "coordinates": [[78.3794501, 17.4502809], [78.3794875, 17.4504204], [78.3795305, 17.4505064], [78.3796026, 17.4506025], [78.3796441, 17.4506459], [78.3796763, 17.4506795], [78.3797433, 17.4507349], [78.3804482, 17.4512176], [78.3806081, 17.4513271]]}, "properties": {"class": "primary"}}, {"type": "Feature", "geometry": {"type": "LineString", "coordinates": [[78.3795157, 17.4501201], [78.3794594, 17.4498955], [78.3792308, 17.4488643], [78.3791812, 17.4487516], [78.3791254, 17.4486025], [78.3789391, 17.4482664], [78.3788657, 17.4481624], [78.3788314, 17.4481208], [78.3787824, 17.4480614], [78.3787272, 17.4479908], [78.37848, 17.4477325], [78.3783813, 17.4476255], [78.3782769, 17.4475267], [78.3782016, 17.4474203], [78.3781314, 17.4473206], [78.3779818, 17.4470752], [78.3778848, 17.4469133], [78.3777635, 17.4467116], [78.3776429, 17.4465132], [78.3775712, 17.4463914], [78.377531, 17.4463118], [78.3774943, 17.4462229], [78.3774659, 17.446127], [78.3774388, 17.4460314], [78.3774207, 17.4459342], [78.3774058, 17.4458206], [78.3773897, 17.4456225], [78.3773575, 17.4454705], [78.3773405, 17.445354], [78.3773186, 17.4452044], [78.377248, 17.4447857], [78.3772235, 17.4446558], [78.3772062, 17.4445292], [78.3771949, 17.4444111], [78.3771892, 17.4442934], [78.3771897, 17.444148], [78.3772007, 17.4436399]]}, "properties": {"class": "primary"}}, {"type": "Feature", "geometry": {"type": "LineString", "coordinates": [[78.3749283, 17.4439063], [78.3750698, 17.4438767], [78.3756034, 17.4437642], [78.376845, 17.4435426], [78.3770153, 17.4435225], [78.3771071, 17.4435139]]}, "properties": {"class": "secondary"}}, {"type": "Feature", "geometry": {"type": "LineString", "coordinates": [[78.377155, 17.4563684], [78.3772462, 17.456239], [78.3772975, 17.4561661], [78.377358, 17.4560943], [78.377755, 17.4555647], [78.3781746, 17.4550111], [78.3783598, 17.4548064], [78.3784615, 17.4547152], [78.3785302, 17.4546624], [78.3787644, 17.4544825], [78.3789334, 17.4542563], [78.3790625, 17.4540836], [78.3790855, 17.4540529], [78.3793356, 17.4537118], [78.379383, 17.4536303], [78.3797207, 17.4531742], [78.3798084, 17.453077], [78.3799009, 17.4529642]]}, "properties": {"class": "primary"}}, {"type": "Feature", "geometry": {"type": "LineString", "coordinates": [[78.377155, 17.4563684], [78.3771209, 17.4562375]]}, "properties": {"class": "tertiary"}}, {"type": "Feature", "geometry": {"type": "LineString", "coordinates": [[78.3771209, 17.4562375], [78.3770225, 17.4563104], [78.3769856, 17.4563381], [78.3767953, 17.4564804], [78.3763293, 17.4568415], [78.3762402, 17.4569105], [78.3761968, 17.4569435], [78.376044, 17.4570598], [78.3756645, 17.457264], [78.3754817, 17.4573302], [78.3752571, 17.4573716], [78.3746886, 17.457383], [78.3740533, 17.4574254], [78.3738048, 17.4574348], [78.3737724, 17.457437]]}, "properties": {"class": "primary"}}, {"type": "Feature", "geometry": {"type": "LineString", "coordinates": [[78.373805, 17.4575489], [78.3741982, 17.4575246], [78.3747949, 17.4574885], [78.3752539, 17.4574621], [78.3755013, 17.4574149], [78.3756993, 17.4573441], [78.3760664, 17.4571591], [78.3762988, 17.4569902], [78.3763899, 17.456924], [78.3768118, 17.4566172], [78.3768712, 17.456574], [78.3769161, 17.4565414], [78.3770528, 17.4564364]]}, "properties": {"class": "primary"}}, {"type": "Feature", "geometry": {"type": "LineString", "coordinates": [[78.3737117, 17.4575572], [78.373805, 17.4575489]]}, "properties": {"class": "primary"}}, {"type": "Feature", "geometry": {"type": "LineString", "coordinates": [[78.3707085, 17.4581512], [78.3707874, 17.4581268], [78.3708115, 17.4581214], [78.3712543, 17.4579839], [78.3712826, 17.4579753], [78.3713353, 17.4579591], [78.3717154, 17.4578445], [78.3717986, 17.4578194], [78.3722676, 17.4577021], [78.3724448, 17.457675], [78.3724841, 17.457669], [78.3725608, 17.4576592], [78.3727388, 17.4576267], [78.3728874, 17.4576204], [78.3729683, 17.457617], [78.3731964, 17.4575918], [78.3736092, 17.4575667]]}, "properties": {"class": "primary"}}, {"type": "Feature", "geometry": {"type": "LineString", "coordinates": [[78.3706665, 17.4580596], [78.3693019, 17.4582528], [78.3691327, 17.4582777], [78.3686602, 17.4583472], [78.3685525, 17.4583631], [78.3681239, 17.4584261], [78.3679729, 17.4584575], [78.3677396, 17.4584944]]}, "properties": {"class": "primary"}}, {"type": "Feature", "geometry": {"type": "LineString", "coordinates": [[78.3675683, 17.4587187], [78.3676497, 17.4587017], [78.3677995, 17.4586704], [78.3683343, 17.4585804], [78.3684362, 17.4585688], [78.3688834, 17.4585076], [78.3690537, 17.4584803], [78.3691383, 17.4584668], [78.3692354, 17.4584512], [78.3698689, 17.4583302]]}, "properties": {"class": "primary"}}, {"type": "Feature", "geometry": {"type": "LineString", "coordinates": [[78.3660057, 17.4583457], [78.3658292, 17.4579685], [78.3656537, 17.4578036], [78.3654946, 17.457682], [78.3653261, 17.4575194]]}, "properties": {"class": "primary"}}, {"type": "Feature", "geometry": {"type": "LineString", "coordinates": [[78.3662579, 17.45903], [78.3662956, 17.4590228], [78.3667219, 17.458913]]}, "properties": {"class": "primary"}}, {"type": "Feature", "geometry": {"type": "LineString", "coordinates": [[78.366327, 17.459759], [78.3662339, 17.4594791], [78.3662054, 17.4593515], [78.3661627, 17.4590832], [78.3661335, 17.4589314], [78.3661164, 17.4588447], [78.366107, 17.4587958], [78.3660401, 17.4585007], [78.3660057, 17.4583457]]}, "properties": {"class": "primary"}}, {"type": "Feature", "geometry": {"type": "LineString", "coordinates": [[78.3659915, 17.4590321], [78.3660011, 17.4590978], [78.366015, 17.4591991], [78.3660298, 17.4593071], [78.3660595, 17.4594845], [78.3661852, 17.4598489], [78.3663753, 17.4604001], [78.3665516, 17.4607931], [78.3665964, 17.4608683], [78.3669064, 17.4615389], [78.3669544, 17.461747], [78.3669954, 17.4623554], [78.3670404, 17.4631707], [78.3670684, 17.4636449], [78.3670803, 17.4638701], [78.3670864, 17.4639845]]}, "properties": {"class": "primary"}}, {"type": "Feature", "geometry": {"type": "LineString", "coordinates": [[78.3639056, 17.4555985], [78.3642023, 17.456037], [78.3643546, 17.4562951], [78.3644942, 17.4565172], [78.3645471, 17.4566054], [78.3650176, 17.4573994], [78.3651919, 17.4576936], [78.3654449, 17.4578838], [78.3655633, 17.4579483]]}, "properties": {"class": "primary"}}, {"type": "Feature", "geometry": {"type": "LineString", "coordinates": [[78.3637882, 17.4531565], [78.363766, 17.4528318], [78.3637435, 17.4525422], [78.3637325, 17.4522779], [78.3637295, 17.4515368], [78.3637376, 17.4512506], [78.3637441, 17.4510892], [78.3637519, 17.45101]]}, "properties": {"class": "primary"}}, {"type": "Feature", "geometry": {"type": "LineString", "coordinates": [[78.3672373, 17.463944], [78.3672108, 17.4637964], [78.3672048, 17.4636245], [78.3671864, 17.4630916], [78.3671611, 17.4623666], [78.3671526, 17.4621165], [78.367151, 17.4620689], [78.3671279, 17.4617498], [78.3671151, 17.4616524], [78.3671001, 17.4615376], [78.3670289, 17.4613592], [78.3669757, 17.461226]]}, "properties": {"class": "primary"}}, {"type": "Feature", "geometry": {"type": "LineString", "coordinates": [[78.3670864, 17.4639845], [78.3672373, 17.463944]]}, "properties": {"class": "residential"}}, {"type": "Feature", "geometry": {"type": "LineString", "coordinates": [[78.3670864, 17.4639845], [78.3671093, 17.4642244], [78.3671388, 17.4644713], [78.3672504, 17.4650002], [78.3673121, 17.4653717], [78.3673201, 17.465721], [78.3673301, 17.4659547], [78.3673061, 17.4661527], [78.3672446, 17.4663974], [78.3671774, 17.4666309], [78.367096, 17.4668534], [78.3670009, 17.4670991], [78.3668485, 17.4674651], [78.3666404, 17.4677875], [78.3665128, 17.4679923], [78.3661785, 17.4685577], [78.3660251, 17.4687937], [78.365923, 17.4689707], [78.3656458, 17.4694611], [78.3653644, 17.4699708], [78.3651267, 17.4705105]]}, "properties": {"class": "primary"}}, {"type": "Feature", "geometry": {"type": "LineString", "coordinates": [[78.3670864, 17.4639845], [78.3670325, 17.4640136], [78.3669075, 17.4640812], [78.3664937, 17.4642593], [78.366191, 17.4643981], [78.3660964, 17.4644415], [78.3656628, 17.4646176], [78.3655826, 17.4646523], [78.3653229, 17.46474], [78.3652674, 17.4647587]]}, "properties": {"class": "residential"}}, {"type": "Feature", "geometry": {"type": "LineString", "coordinates": [[78.3665015, 17.4684383], [78.3665419, 17.4683692], [78.3666935, 17.4681107], [78.3668176, 17.4678991], [78.3668369, 17.4678655], [78.3668798, 17.4677909], [78.3669282, 17.4676743], [78.3670034, 17.4674931], [78.3670177, 17.4674587], [78.3671509, 17.4671376], [78.3672793, 17.4668283], [78.3672838, 17.4668125], [78.3673385, 17.4666198], [78.3673931, 17.4664134], [78.3674191, 17.466339], [78.3674477, 17.4662071], [78.3674653, 17.4660663], [78.3674788, 17.4659579], [78.3674838, 17.4658431], [78.3674883, 17.4657416], [78.36746, 17.4652935], [78.3674256, 17.4649665]]}, "properties": {"class": "primary"}}, {"type": "Feature", "geometry": {"type": "LineString", "coordinates": [[78.3627498, 17.4433778], [78.3627793, 17.4435298], [78.3627895, 17.4435823], [78.362872, 17.4440065], [78.3628923, 17.4441111], [78.3629067, 17.4441852], [78.3629753, 17.4445381], [78.3629865, 17.4445958], [78.3631277, 17.445318], [78.3631776, 17.4455566], [78.3632648, 17.4459734], [78.3632776, 17.4460261], [78.3632855, 17.4460722], [78.3632962, 17.4461247], [78.3633398, 17.4463389], [78.3633924, 17.4465972], [78.363395, 17.4466098], [78.3634213, 17.446757], [78.3634446, 17.4470054], [78.3634515, 17.4470795], [78.3634745, 17.4473271], [78.3634788, 17.447375], [78.3634969, 17.4475747], [78.3635057, 17.4476568], [78.3635126, 17.4477329], [78.3635194, 17.4478078], [78.3635393, 17.4481115], [78.3635466, 17.4482221], [78.363564, 17.4483484], [78.3635731, 17.4484146], [78.3636227, 17.4486985], [78.3637092, 17.4491219], [78.3637233, 17.449191], [78.3637439, 17.4492771]]}, "properties": {"class": "primary"}}, {"type": "Feature", "geometry": {"type": "LineString", "coordinates": [[78.3609308, 17.4405919], [78.361143, 17.4405398], [78.3613969, 17.4403788], [78.3614334, 17.4403576], [78.3615294, 17.4402902], [78.3619624, 17.4400256], [78.3619754, 17.4400177], [78.3620871, 17.4399495], [78.3629902, 17.4393503]]}, "properties": {"class": "primary"}}, {"type": "Feature", "geometry": {"type": "LineString", "coordinates": [[78.3682585, 17.4347125], [78.3680588, 17.4348522], [78.3679054, 17.4349732], [78.3678246, 17.4350521], [78.3676225, 17.4352495], [78.3670785, 17.435776], [78.3667636, 17.4360783], [78.3666053, 17.4362057], [78.366336, 17.4364403], [78.3659546, 17.436741], [78.3659065, 17.436779], [78.3656057, 17.4370438], [78.3651866, 17.4373755], [78.364987, 17.4375345], [78.3644443, 17.4379668], [78.3641085, 17.4382259]]}, "properties": {"class": "primary"}}, {"type": "Feature", "geometry": {"type": "LineString", "coordinates": [[78.3528134, 17.444938], [78.3527559, 17.4448909], [78.3526669, 17.4448339], [78.3526461, 17.4448206], [78.3520586, 17.4444569], [78.3513062, 17.443998], [78.3512209, 17.4438991], [78.351157, 17.4438077], [78.3506387, 17.4430063], [78.3506137, 17.4429663], [78.3502729, 17.4424201], [78.3497919, 17.4416601], [78.3496183, 17.4413687], [78.3494378, 17.4410412], [78.3492567, 17.4406684], [78.3490175, 17.4401633], [78.34873, 17.4395358], [78.3486778, 17.43941], [78.3486698, 17.4393908], [78.348655, 17.4393574], [78.3481784, 17.4382817], [78.3481016, 17.4381084], [78.3480498, 17.4379926], [78.3479069, 17.4376854], [78.347861, 17.437571], [78.3473207, 17.4366085], [78.3469472, 17.4359509], [78.3469064, 17.4358723], [78.3468774, 17.4358239], [78.3468493, 17.4357709], [78.3467707, 17.4356281], [78.346744, 17.4355796], [78.3466729, 17.4354622], [78.3465644, 17.4352782], [78.3464979, 17.4351655], [78.3455556, 17.4335695], [78.3448639, 17.4324566], [78.3444501, 17.4317911], [78.3428183, 17.4292043], [78.3419242, 17.4278203], [78.3418946, 17.4277752], [78.3416056, 17.4273359], [78.3415509, 17.4272476], [78.3408035, 17.4261013], [78.3407748, 17.4260486], [78.3407617, 17.4260245], [78.3406832, 17.4258802]]}, "properties": {"class": "secondary"}}, {"type": "Feature", "geometry": {"type": "LineString", "coordinates": [[78.3527246, 17.4450138], [78.3526689, 17.4450632], [78.3526535, 17.4450766], [78.3526067, 17.4451159], [78.3525755, 17.4451422], [78.3522354, 17.4454131], [78.3522142, 17.4454319], [78.3521704, 17.4454735], [78.3518939, 17.4457357], [78.351594, 17.446042], [78.3515302, 17.4461071], [78.351489, 17.4461542], [78.3505578, 17.4470736], [78.3502437, 17.4473719], [78.3495305, 17.4480677], [78.348738, 17.4488472], [78.3486303, 17.4489479], [78.3484485, 17.449126], [78.3482724, 17.4492985], [78.3481418, 17.4494225], [78.3475238, 17.4500059], [78.3472509, 17.4502362], [78.3468743, 17.4504824], [78.3464614, 17.4506807], [78.346356, 17.4507393], [78.3461906, 17.4508128], [78.3460964, 17.4508577], [78.3455078, 17.4511326], [78.3451565, 17.4512945], [78.344945, 17.451427], [78.344694, 17.4515981], [78.3442787, 17.4519251], [78.3441025, 17.4520756], [78.3439436, 17.4522362], [78.3436402, 17.4525976], [78.3432892, 17.453031], [78.3428327, 17.4535928], [78.3426576, 17.4538283], [78.3425432, 17.4539621], [78.3421455, 17.4544213]]}, "properties": {"class": "primary"}}, {"type": "Feature", "geometry": {"type": "LineString", "coordinates": [[78.3528207, 17.44509], [78.352915, 17.4450163], [78.352946, 17.4449916], [78.3529623, 17.4449786], [78.3529873, 17.4449584], [78.3534505, 17.4445844], [78.3536799, 17.4444052], [78.3537756, 17.4443303], [78.3538043, 17.4443078], [78.3538382, 17.4442812], [78.3540167, 17.4441414], [78.3540386, 17.4441242], [78.3541559, 17.4440323], [78.3541697, 17.4440215], [78.3544057, 17.4438367], [78.3544573, 17.4437963], [78.3545464, 17.4437265], [78.3546229, 17.4436732], [78.3546521, 17.4436529], [78.3547741, 17.4435678], [78.354867, 17.443518], [78.3549764, 17.4434594], [78.3554061, 17.4432717], [78.355468, 17.4432475], [78.3567462, 17.4427042], [78.3568006, 17.4426803], [78.3570159, 17.4425859], [78.3570318, 17.4425789], [78.3572717, 17.4424723], [78.3578373, 17.4422367], [78.3578812, 17.4422189], [78.3581078, 17.442127], [78.3585358, 17.4419314], [78.3587181, 17.4418481], [78.3587991, 17.4418111], [78.3592144, 17.4416111], [78.3593379, 17.4415503], [78.3596926, 17.4413494], [78.3598415, 17.4412592], [78.3600184, 17.441152], [78.3602055, 17.4410371], [78.3608296, 17.4406538], [78.3609308, 17.4405919]]}, "properties": {"class": "primary"}}, {"type": "Feature", "geometry": {"type": "LineString", "coordinates": [[78.3528134, 17.444938], [78.3527246, 17.4450138]]}, "properties": {"class": "primary"}}, {"type": "Feature", "geometry": {"type": "LineString", "coordinates": [[78.3608161, 17.4405117], [78.3607758, 17.4405399], [78.3607303, 17.4405744], [78.3605988, 17.4406712], [78.3602783, 17.4408666], [78.3601431, 17.440951], [78.3598751, 17.4411182], [78.3597407, 17.441194], [78.3592191, 17.4415064], [78.3590759, 17.4415725], [78.3584227, 17.4418444], [78.3580405, 17.4420064], [78.3579667, 17.4420384], [78.3577186, 17.4421501], [78.3572185, 17.442344], [78.356839, 17.4425183], [78.3551953, 17.4432348], [78.3548687, 17.44337], [78.3546268, 17.4434978], [78.3545414, 17.4435526]]}, "properties": {"class": "primary"}}, {"type": "Feature", "geometry": {"type": "LineString", "coordinates": [[78.3718884, 17.4315165], [78.3723624, 17.4311646], [78.3728613, 17.4307693], [78.3732368, 17.4304635], [78.3735305, 17.4301986], [78.3737625, 17.4299657], [78.3739288, 17.4297917]]}, "properties": {"class": "primary"}}, {"type": "Feature", "geometry": {"type": "LineString", "coordinates": [[78.368648, 17.4345081], [78.3688682, 17.4342739], [78.3691084, 17.4340185], [78.3692056, 17.4339135], [78.3694169, 17.4336771], [78.3697978, 17.4332862], [78.3705226, 17.4325317], [78.370619, 17.4324579], [78.3706686, 17.4324202], [78.3713167, 17.4319275], [78.3715899, 17.4317391]]}, "properties": {"class": "primary"}}, {"type": "Feature", "geometry": {"type": "LineString", "coordinates": [[78.3744167, 17.4290211], [78.3741649, 17.4293375], [78.3738802, 17.429671], [78.373796, 17.4297601], [78.3736974, 17.4298645], [78.373526, 17.4300104], [78.3734309, 17.4300914], [78.3730265, 17.4304381], [78.3729285, 17.4305118], [78.3727151, 17.4306912], [78.3722437, 17.4310529], [78.3720795, 17.4311775], [78.3714338, 17.4316747], [78.3712383, 17.4318121], [78.3705241, 17.4323457], [78.3704555, 17.4324006], [78.3704257, 17.4324238], [78.3703534, 17.432499], [78.370057, 17.4328075], [78.3700424, 17.4328232], [78.3699713, 17.4328996], [78.369813, 17.4330698], [78.3694737, 17.4334281], [78.3687841, 17.4341932], [78.3685931, 17.4343748], [78.368298, 17.4346682], [78.3682585, 17.4347125]]}, "properties": {"class": "primary"}}, {"type": "Feature", "geometry": {"type": "LineString", "coordinates": [[78.3772566, 17.4262685], [78.37689, 17.4265583], [78.3760276, 17.4272352], [78.3759155, 17.4273341], [78.3754242, 17.4277674], [78.3753363, 17.42786], [78.3752504, 17.4279506], [78.3751291, 17.4280784], [78.3748213, 17.4284399], [78.3747134, 17.428589], [78.3745511, 17.4288454], [78.3745227, 17.4288942], [78.3744167, 17.4290211]]}, "properties": {"class": "primary"}}, {"type": "Feature", "geometry": {"type": "LineString", "coordinates": [[78.3873698, 17.4190813], [78.3875671, 17.4190739], [78.3878212, 17.4189155], [78.3894637, 17.4178813], [78.3896062, 17.4177916], [78.3897036, 17.417725], [78.3907747, 17.4170825], [78.3911335, 17.4168859], [78.3916747, 17.4165573], [78.3918303, 17.4164557], [78.3919427, 17.4163552], [78.3928705, 17.4153266], [78.3937391, 17.4146533], [78.3941462, 17.4143842], [78.394335, 17.4142323], [78.3944333, 17.4141209]]}, "properties": {"class": "primary"}}, {"type": "Feature", "geometry": {"type": "LineString", "coordinates": [[78.3783841, 17.4256929], [78.3785807, 17.4255295], [78.3787233, 17.4254201], [78.3787802, 17.4253707], [78.3791582, 17.4250421], [78.3793936, 17.4248306], [78.3797602, 17.4245012], [78.380728, 17.4237352], [78.3811984, 17.4233423], [78.3819755, 17.4228225], [78.3820321, 17.4227846], [78.3820822, 17.4227586]]}, "properties": {"class": "primary"}}, {"type": "Feature", "geometry": {"type": "LineString", "coordinates": [[78.3873311, 17.4189807], [78.3870945, 17.419157], [78.3860318, 17.4199671], [78.3857271, 17.4201928], [78.3856228, 17.4202754], [78.3852751, 17.4205418], [78.3848497, 17.4208628], [78.3841838, 17.4213653], [78.3837261, 17.4217084], [78.3835122, 17.4218435], [78.3831203, 17.4220849], [78.3828652, 17.4222216]]}, "properties": {"class": "primary"}}, {"type": "Feature", "geometry": {"type": "LineString", "coordinates": [[78.3961869, 17.4395089], [78.3962684, 17.4394347]]}, "properties": {"class": "primary"}}, {"type": "Feature", "geometry": {"type": "LineString", "coordinates": [[78.3992828, 17.4387591], [78.3991824, 17.4387167]]}, "properties": {"class": "primary"}}, {"type": "Feature", "geometry": {"type": "LineString", "coordinates": [[78.3807575, 17.4511374], [78.3806038, 17.4510403], [78.3805519, 17.4510013], [78.3797856, 17.4504961], [78.3797058, 17.4504332], [78.3796409, 17.4503746], [78.379548, 17.450236]]}, "properties": {"class": "primary"}}, {"type": "Feature", "geometry": {"type": "LineString", "coordinates": [[78.3909008, 17.4520845], [78.3908414, 17.4526197], [78.3908319, 17.4527664], [78.3908118, 17.4531186], [78.3908381, 17.4534086], [78.3908314, 17.4535168], [78.3908097, 17.4538291], [78.3907839, 17.4540304], [78.3907142, 17.4543689]]}, "properties": {"class": "residential"}}, {"type": "Feature", "geometry": {"type": "LineString", "coordinates": [[78.3887365, 17.4522907], [78.3887961, 17.4528308], [78.3888653, 17.4533136], [78.388937, 17.4538065]]}, "properties": {"class": "residential"}}, {"type": "Feature", "geometry": {"type": "LineString", "coordinates": [[78.3895057, 17.4538708], [78.3894912, 17.4543081], [78.3894763, 17.4548265]]}, "properties": {"class": "residential"}}, {"type": "Feature", "geometry": {"type": "LineString", "coordinates": [[78.3941674, 17.4554687], [78.3940788, 17.4536136], [78.3940379, 17.4526707], [78.3940244, 17.4523969]]}, "properties": {"class": "residential"}}, {"type": "Feature", "geometry": {"type": "LineString", "coordinates": [[78.3953424, 17.4522671], [78.3953471, 17.4526676], [78.3953632, 17.4531058], [78.3953819, 17.4535186], [78.3954206, 17.4543562], [78.3955075, 17.4549342]]}, "properties": {"class": "residential"}}, {"type": "Feature", "geometry": {"type": "LineString", "coordinates": [[78.4020252, 17.4665001], [78.4023835, 17.4664699], [78.4026232, 17.4664521], [78.4028533, 17.4664371], [78.4030866, 17.4664031], [78.4033169, 17.4663679], [78.4035557, 17.466337], [78.4037876, 17.4662994], [78.4040018, 17.4662724], [78.4042191, 17.46624], [78.4044276, 17.4662044], [78.4045334, 17.4661864], [78.4046971, 17.4661653], [78.4049037, 17.4661338], [78.4050321, 17.4664291]]}, "properties": {"class": "residential"}}, {"type": "Feature", "geometry": {"type": "LineString", "coordinates": [[78.4021901, 17.4669242], [78.4024714, 17.4669047], [78.4026855, 17.466887]]}, "properties": {"class": "residential"}}, {"type": "Feature", "geometry": {"type": "LineString", "coordinates": [[78.3997653, 17.4673147], [78.3998467, 17.4677488]]}, "properties": {"class": "residential"}}, {"type": "Feature", "geometry": {"type": "LineString", "coordinates": [[78.3985234, 17.4666954], [78.3987027, 17.4667208], [78.3990463, 17.4667694], [78.3997732, 17.4665392]]}, "properties": {"class": "residential"}}, {"type": "Feature", "geometry": {"type": "LineString", "coordinates": [[78.4008109, 17.4675474], [78.4005655, 17.4671962], [78.4004657, 17.4670859], [78.40045, 17.467014], [78.4004605, 17.4669603], [78.4005555, 17.4668472], [78.4006078, 17.4667744], [78.4006461, 17.4666868], [78.4006756, 17.4665615], [78.4006484, 17.4664755], [78.4005805, 17.4663874], [78.3999418, 17.4655696]]}, "properties": {"class": "residential"}}, {"type": "Feature", "geometry": {"type": "LineString", "coordinates": [[78.3994688, 17.4656201], [78.3996381, 17.4661777], [78.3996524, 17.466265], [78.3997732, 17.4665392], [78.3998562, 17.4667354], [78.400052, 17.4671953], [78.4001702, 17.4672179], [78.4002534, 17.4672524], [78.4003285, 17.4672985], [78.4005759, 17.467626], [78.4006964, 17.4677855], [78.4008569, 17.4680091], [78.4009591, 17.468143]]}, "properties": {"class": "residential"}}, {"type": "Feature", "geometry": {"type": "LineString", "coordinates": [[78.4000667, 17.4673597], [78.4000899, 17.4677359], [78.4001492, 17.4681857], [78.400138, 17.4683775]]}, "properties": {"class": "residential"}}, {"type": "Feature", "geometry": {"type": "LineString", "coordinates": [[78.3923328, 17.4448396], [78.3926429, 17.4447204], [78.3928246, 17.4446498], [78.3928496, 17.4446441], [78.3928724, 17.4446419], [78.3928865, 17.4446483], [78.3928992, 17.4446593], [78.3930384, 17.4450781], [78.3931992, 17.4454537]]}, "properties": {"class": "residential"}}, {"type": "Feature", "geometry": {"type": "LineString", "coordinates": [[78.3888653, 17.4533136], [78.3908118, 17.4531186], [78.3914658, 17.4531124], [78.3917753, 17.453117]]}, "properties": {"class": "residential"}}, {"type": "Feature", "geometry": {"type": "LineString", "coordinates": [[78.3887961, 17.4528308], [78.3898058, 17.4527099], [78.3908414, 17.4526197]]}, "properties": {"class": "residential"}}, {"type": "Feature", "geometry": {"type": "LineString", "coordinates": [[78.3900643, 17.4541425], [78.3900815, 17.4535782]]}, "properties": {"class": "residential"}}, {"type": "Feature", "geometry": {"type": "LineString", "coordinates": [[78.3897253, 17.4539819], [78.3897862, 17.4538497], [78.3897841, 17.4535719]]}, "properties": {"class": "residential"}}, {"type": "Feature", "geometry": {"type": "LineString", "coordinates": [[78.3908097, 17.4538291], [78.3913082, 17.4538452], [78.3914343, 17.4538498]]}, "properties": {"class": "residential"}}, {"type": "Feature", "geometry": {"type": "LineString", "coordinates": [[78.3945267, 17.4535729], [78.3945379, 17.4536665], [78.394554, 17.4543687], [78.3946997, 17.4553159]]}, "properties": {"class": "residential"}}, {"type": "Feature", "geometry": {"type": "LineString", "coordinates": [[78.3697197, 17.4621212], [78.3705251, 17.4618761], [78.3707846, 17.4617972], [78.3712538, 17.4616545]]}, "properties": {"class": "residential"}}, {"type": "Feature", "geometry": {"type": "LineString", "coordinates": [[78.3701368, 17.4582774], [78.3702397, 17.4584918], [78.3702461, 17.4585046], [78.3704826, 17.4590679], [78.3706145, 17.4593279], [78.3707785, 17.4596552], [78.3710437, 17.4601903], [78.3710875, 17.4602286], [78.3711104, 17.4602437], [78.3711454, 17.4602293], [78.3715746, 17.4600527], [78.371657, 17.4600002], [78.3716365, 17.4599348], [78.3713756, 17.4593866], [78.3711022, 17.4587868], [78.3710475, 17.4586684], [78.370847, 17.4582508], [78.3707874, 17.4581268]]}, "properties": {"class": "residential"}}, {"type": "Feature", "geometry": {"type": "LineString", "coordinates": [[78.3707785, 17.4596552], [78.3713756, 17.4593866]]}, "properties": {"class": "residential"}}, {"type": "Feature", "geometry": {"type": "LineString", "coordinates": [[78.3704826, 17.4590679], [78.3711022, 17.4587868]]}, "properties": {"class": "residential"}}, {"type": "Feature", "geometry": {"type": "LineString", "coordinates": [[78.382266, 17.4457891], [78.3828134, 17.4456648], [78.3828706, 17.4456518]]}, "properties": {"class": "residential"}}, {"type": "Feature", "geometry": {"type": "LineString", "coordinates": [[78.3520832, 17.4187181], [78.3522368, 17.4186651]]}, "properties": {"class": "residential"}}, {"type": "Feature", "geometry": {"type": "LineString", "coordinates": [[78.352629, 17.4187802], [78.3527394, 17.4187571], [78.3532012, 17.4186603], [78.3532267, 17.4186375], [78.3532222, 17.4185937], [78.3532024, 17.4184059], [78.3531454, 17.4181409]]}, "properties": {"class": "residential"}}, {"type": "Feature", "geometry": {"type": "LineString", "coordinates": [[78.3525194, 17.4185386], [78.3524757, 17.4184171], [78.3523846, 17.4183028], [78.3521823, 17.4179478], [78.3521562, 17.4178924], [78.351973, 17.417495]]}, "properties": {"class": "residential"}}, {"type": "Feature", "geometry": {"type": "LineString", "coordinates": [[78.3772045, 17.418859], [78.377121, 17.4185131]]}, "properties": {"class": "residential"}}, {"type": "Feature", "geometry": {"type": "LineString", "coordinates": [[78.382009, 17.4176935], [78.3818636, 17.4173983], [78.381825, 17.4173686], [78.3818131, 17.4173685], [78.3817804, 17.4173684], [78.3814551, 17.4175322], [78.3810544, 17.4176784], [78.3810373, 17.4176826], [78.3808002, 17.41774], [78.3795006, 17.4179112], [78.3785248, 17.4181175], [78.3779185, 17.4182654], [78.3771962, 17.4184142], [78.3771454, 17.4184394], [78.3771271, 17.4184743], [78.377121, 17.4185131]]}, "properties": {"class": "residential"}}, {"type": "Feature", "geometry": {"type": "LineString", "coordinates": [[78.3845834, 17.4628496], [78.3842022, 17.4629023], [78.3823963, 17.4631519], [78.3823412, 17.4631621], [78.3820685, 17.4632123], [78.3812874, 17.4633562], [78.380258, 17.4635458], [78.3801037, 17.4635742], [78.379257, 17.4637302], [78.3791856, 17.4637872]]}, "properties": {"class": "tertiary"}}, {"type": "Feature", "geometry": {"type": "LineString", "coordinates": [[78.400873, 17.452344], [78.4005136, 17.4523674], [78.4001682, 17.4523986], [78.4000958, 17.4524038], [78.3996919, 17.4524269], [78.3991088, 17.4524845], [78.3988621, 17.4525653], [78.3983071, 17.4527292], [78.3981652, 17.452758], [78.3978396, 17.4528278], [78.3971975, 17.4530218]]}, "properties": {"class": "residential"}}, {"type": "Feature", "geometry": {"type": "LineString", "coordinates": [[78.388679, 17.44097], [78.3885656, 17.4409904], [78.3885338, 17.4409831], [78.388509, 17.4409629], [78.3884897, 17.4409437], [78.3884733, 17.4409247], [78.3884439, 17.4408997], [78.3883933, 17.4408983], [78.3881137, 17.4409073], [78.3879755, 17.4409073], [78.3878133, 17.4409399], [78.3877663, 17.4409629], [78.3877288, 17.4409924], [78.3876222, 17.4410979], [78.3875782, 17.4411261], [78.3875068, 17.4411382], [78.3874837, 17.4411328], [78.3874569, 17.4411222], [78.3874029, 17.4410909], [78.3873093, 17.4410298], [78.3872782, 17.4410183], [78.3872379, 17.4410093], [78.3871856, 17.4410026], [78.3868985, 17.4410136], [78.3868805, 17.4410063], [78.3868721, 17.4409981], [78.3868649, 17.4409861], [78.3867601, 17.4405728]]}, "properties": {"class": "residential"}}, {"type": "Feature", "geometry": {"type": "LineString", "coordinates": [[78.3826244, 17.420611], [78.3825036, 17.420645], [78.3822958, 17.4206946], [78.3819549, 17.4208097], [78.3817855, 17.4208919], [78.3816051, 17.4209856], [78.3811787, 17.421271], [78.3809858, 17.4214095], [78.3806499, 17.4216382], [78.3805954, 17.421674], [78.3803876, 17.4218034]]}, "properties": {"class": "residential"}}, {"type": "Feature", "geometry": {"type": "LineString", "coordinates": [[78.3781683, 17.421528], [78.3787722, 17.4222084], [78.3789522, 17.4224168], [78.3791427, 17.4222786], [78.3791942, 17.4222438], [78.3793677, 17.4221178], [78.3795416, 17.4219849]]}, "properties": {"class": "residential"}}, {"type": "Feature", "geometry": {"type": "LineString", "coordinates": [[78.3826573, 17.4195012], [78.3822355, 17.4194822], [78.3821301, 17.4194861], [78.3817463, 17.4194783], [78.3816206, 17.4194912], [78.3813458, 17.4194903], [78.381032, 17.4195255], [78.3809305, 17.4195776], [78.3809183, 17.4195801], [78.3808779, 17.4195885], [78.3806367, 17.4195639], [78.3800155, 17.4195236], [78.3799652, 17.4195155]]}, "properties": {"class": "residential"}}, {"type": "Feature", "geometry": {"type": "LineString", "coordinates": [[78.3786793, 17.4196346], [78.3788692, 17.4193345], [78.3791296, 17.4189769], [78.3791909, 17.4188942], [78.3793977, 17.4186799], [78.3794792, 17.4186098], [78.379546, 17.4185757], [78.3795855, 17.4185656], [78.3796589, 17.4185468], [78.3798203, 17.4185392], [78.3801176, 17.4185601], [78.3802387, 17.4185878], [78.3803594, 17.418639], [78.3804506, 17.4186748], [78.3805311, 17.4186953], [78.3809066, 17.4187132], [78.3813438, 17.4187158], [78.3817625, 17.4187023], [78.3822147, 17.4187052], [78.3824306, 17.4187008], [78.382609, 17.4186971], [78.3830543, 17.4187007], [78.3835019, 17.4187122], [78.3839285, 17.418712], [78.3842657, 17.4187208]]}, "properties": {"class": "residential"}}, {"type": "Feature", "geometry": {"type": "LineString", "coordinates": [[78.3899616, 17.4680227], [78.3899334, 17.4678848], [78.3898757, 17.4677983], [78.3896394, 17.4676018], [78.3894333, 17.4674262], [78.3891998, 17.4672925], [78.3890872, 17.467172], [78.3889031, 17.4667658], [78.3888731, 17.4665833], [78.3888835, 17.4663911], [78.3890902, 17.465986], [78.389238, 17.4658157], [78.3892662, 17.4656857], [78.3892549, 17.4655622], [78.3892328, 17.4654161], [78.3892245, 17.4652615], [78.3891047, 17.4649221], [78.3890322, 17.4647033]]}, "properties": {"class": "residential"}}, {"type": "Feature", "geometry": {"type": "LineString", "coordinates": [[78.3899978, 17.4372594], [78.3898941, 17.4372635], [78.3896908, 17.4372716], [78.3893904, 17.4372982], [78.3893773, 17.4372953], [78.3893669, 17.437287], [78.3893626, 17.437271], [78.3893468, 17.4371488], [78.3893421, 17.4371309], [78.389324, 17.4371159], [78.3893016, 17.4371066], [78.389089, 17.4371217], [78.3890769, 17.4371121], [78.3890675, 17.4370974], [78.3890001, 17.4364471], [78.3890095, 17.4364016], [78.3890223, 17.4363658], [78.389086, 17.4362756], [78.3891229, 17.4362481], [78.3891651, 17.4362308], [78.3892442, 17.4362161], [78.3901522, 17.4361361], [78.3902232, 17.4361329], [78.3902876, 17.4361541]]}, "properties": {"class": "residential"}}, {"type": "Feature", "geometry": {"type": "LineString", "coordinates": [[78.3540783, 17.4424778], [78.3540239, 17.4423429], [78.3540082, 17.4422592], [78.3540302, 17.442153], [78.3541075, 17.4419709], [78.3542838, 17.4417805], [78.3543492, 17.4417004], [78.3543749, 17.4416055], [78.3543886, 17.4414984], [78.3543454, 17.4412901], [78.3542495, 17.4410624], [78.3542059, 17.4408843], [78.3541657, 17.4407112], [78.3541592, 17.4405965], [78.3541399, 17.4404322], [78.3541315, 17.4402652], [78.35411, 17.44012], [78.3540892, 17.4399454], [78.3540458, 17.4397455], [78.3539211, 17.4393482], [78.3537614, 17.4393639], [78.3535841, 17.4393731], [78.3534219, 17.4393482], [78.3533324, 17.4393397]]}, "properties": {"class": "residential"}}, {"type": "Feature", "geometry": {"type": "LineString", "coordinates": [[78.3936653, 17.4683833], [78.3935769, 17.4695289], [78.3936469, 17.4695674], [78.3939049, 17.4694577], [78.3943894, 17.4692518], [78.3948271, 17.4691386], [78.3952775, 17.4690153], [78.3956314, 17.4689306], [78.3960169, 17.4688309], [78.3961757, 17.4687899], [78.3964097, 17.4688181], [78.3968751, 17.46889], [78.3969424, 17.4688463], [78.39698, 17.4685743], [78.3971576, 17.468369], [78.3971886, 17.4680173]]}, "properties": {"class": "residential"}}, {"type": "Feature", "geometry": {"type": "LineString", "coordinates": [[78.3834991, 17.4184455], [78.3835019, 17.4187122], [78.3835225, 17.4192094]]}, "properties": {"class": "residential"}}, {"type": "Feature", "geometry": {"type": "LineString", "coordinates": [[78.3804996, 17.4668587], [78.3807078, 17.4668634]]}, "properties": {"class": "residential"}}, {"type": "Feature", "geometry": {"type": "LineString", "coordinates": [[78.3842954, 17.4603662], [78.3843923, 17.4607366], [78.3845485, 17.4613036]]}, "properties": {"class": "residential"}}, {"type": "Feature", "geometry": {"type": "LineString", "coordinates": [[78.3953632, 17.4531058], [78.3957175, 17.4530991]]}, "properties": {"class": "residential"}}, {"type": "Feature", "geometry": {"type": "LineString", "coordinates": [[78.3821672, 17.4429213], [78.3817328, 17.4430257]]}, "properties": {"class": "residential"}}, {"type": "Feature", "geometry": {"type": "LineString", "coordinates": [[78.3999358, 17.4533005], [78.3992399, 17.4534147]]}, "properties": {"class": "residential"}}, {"type": "Feature", "geometry": {"type": "LineString", "coordinates": [[78.3903286, 17.4542373], [78.3903438, 17.4538389]]}, "properties": {"class": "residential"}}, {"type": "Feature", "geometry": {"type": "LineString", "coordinates": [[78.3897617, 17.4521954], [78.3898058, 17.4527099]]}, "properties": {"class": "residential"}}, {"type": "Feature", "geometry": {"type": "LineString", "coordinates": [[78.3646455, 17.4521527], [78.364572, 17.4515953]]}, "properties": {"class": "residential"}}, {"type": "Feature", "geometry": {"type": "LineString", "coordinates": [[78.3890127, 17.4467403], [78.389695, 17.447079]]}, "properties": {"class": "residential"}}, {"type": "Feature", "geometry": {"type": "LineString", "coordinates": [[78.3791296, 17.4189769], [78.3795552, 17.4192554], [78.3799155, 17.4194912], [78.3799652, 17.4195155]]}, "properties": {"class": "residential"}}, {"type": "Feature", "geometry": {"type": "LineString", "coordinates": [[78.356286, 17.4374604], [78.3564545, 17.4371873]]}, "properties": {"class": "residential"}}, {"type": "Feature", "geometry": {"type": "LineString", "coordinates": [[78.3998482, 17.4528472], [78.399906, 17.4531331], [78.3999358, 17.4533005], [78.3999555, 17.4533769], [78.3999819, 17.4534465], [78.4000219, 17.4535667], [78.4000982, 17.4536842], [78.4001929, 17.4538239], [78.400271, 17.4539691], [78.4002911, 17.4540066], [78.4003282, 17.4540175], [78.4007623, 17.4539247]]}, "properties": {"class": "residential"}}, {"type": "Feature", "geometry": {"type": "LineString", "coordinates": [[78.3803344, 17.4488491], [78.3809446, 17.4486855], [78.3815568, 17.4485187]]}, "properties": {"class": "residential"}}, {"type": "Feature", "geometry": {"type": "LineString", "coordinates": [[78.3542612, 17.4699562], [78.3543006, 17.4689927], [78.3543201, 17.4679484]]}, "properties": {"class": "residential"}}, {"type": "Feature", "geometry": {"type": "LineString", "coordinates": [[78.387772, 17.4432462], [78.3877001, 17.444185]]}, "properties": {"class": "residential"}}, {"type": "Feature", "geometry": {"type": "LineString", "coordinates": [[78.3972175, 17.4404821], [78.3966448, 17.4411956]]}, "properties": {"class": "residential"}}, {"type": "Feature", "geometry": {"type": "LineString", "coordinates": [[78.3938351, 17.4651329], [78.3942579, 17.4649488]]}, "properties": {"class": "residential"}}, {"type": "Feature", "geometry": {"type": "LineString", "coordinates": [[78.3956314, 17.4689306], [78.3956446, 17.4682749]]}, "properties": {"class": "residential"}}, {"type": "Feature", "geometry": {"type": "LineString", "coordinates": [[78.3988616, 17.4547083], [78.3989753, 17.4550586]]}, "properties": {"class": "residential"}}, {"type": "Feature", "geometry": {"type": "LineString", "coordinates": [[78.3870503, 17.4429144], [78.3867095, 17.4434451], [78.3863666, 17.4439615], [78.3865465, 17.4440235], [78.3866994, 17.4440441], [78.3867959, 17.4440646], [78.3868096, 17.4440676], [78.3868235, 17.4440723], [78.3869137, 17.4441173]]}, "properties": {"class": "residential"}}, {"type": "Feature", "geometry": {"type": "LineString", "coordinates": [[78.3924995, 17.4566757], [78.3925091, 17.4562251], [78.392554, 17.4555776], [78.3925898, 17.4550233]]}, "properties": {"class": "residential"}}, {"type": "Feature", "geometry": {"type": "LineString", "coordinates": [[78.3864427, 17.4476344], [78.3864439, 17.4479951]]}, "properties": {"class": "residential"}}, {"type": "Feature", "geometry": {"type": "LineString", "coordinates": [[78.3865465, 17.4440235], [78.3860921, 17.444569]]}, "properties": {"class": "residential"}}, {"type": "Feature", "geometry": {"type": "LineString", "coordinates": [[78.361773, 17.4614381], [78.3616241, 17.4611261]]}, "properties": {"class": "residential"}}, {"type": "Feature", "geometry": {"type": "LineString", "coordinates": [[78.3671774, 17.4666309], [78.3668112, 17.4666328]]}, "properties": {"class": "residential"}}, {"type": "Feature", "geometry": {"type": "LineString", "coordinates": [[78.3972519, 17.4599936], [78.39784, 17.4596944], [78.3979091, 17.4596515], [78.3980902, 17.4595434], [78.3982832, 17.4594401], [78.3992531, 17.4589479], [78.4002693, 17.4584364], [78.4010527, 17.4580658], [78.4011194, 17.4580462], [78.4011403, 17.4580418], [78.4011603, 17.4580491], [78.4012104, 17.4580772], [78.4012787, 17.4580152], [78.4017052, 17.4576072]]}, "properties": {"class": "residential"}}, {"type": "Feature", "geometry": {"type": "LineString", "coordinates": [[78.394606, 17.425851], [78.3941736, 17.4255362], [78.3936576, 17.4250995], [78.3924585, 17.4241404]]}, "properties": {"class": "residential"}}, {"type": "Feature", "geometry": {"type": "LineString", "coordinates": [[78.3799768, 17.4232175], [78.3796662, 17.4228364], [78.3791942, 17.4222438]]}, "properties": {"class": "residential"}}, {"type": "Feature", "geometry": {"type": "LineString", "coordinates": [[78.3809066, 17.4187132], [78.3809305, 17.4195776]]}, "properties": {"class": "residential"}}, {"type": "Feature", "geometry": {"type": "LineString", "coordinates": [[78.3559077, 17.4372055], [78.3561139, 17.4369327]]}, "properties": {"class": "residential"}}, {"type": "Feature", "geometry": {"type": "LineString", "coordinates": [[78.3857094, 17.4427454], [78.3851619, 17.4417059]]}, "properties": {"class": "residential"}}, {"type": "Feature", "geometry": {"type": "LineString", "coordinates": [[78.3798237, 17.4469495], [78.3799092, 17.4473293]]}, "properties": {"class": "residential"}}, {"type": "Feature", "geometry": {"type": "LineString", "coordinates": [[78.3685643, 17.4329644], [78.368308, 17.4326324]]}, "properties": {"class": "residential"}}, {"type": "Feature", "geometry": {"type": "LineString", "coordinates": [[78.3897731, 17.4485222], [78.3902904, 17.4485528], [78.3908137, 17.448582], [78.3913408, 17.4486123], [78.3919817, 17.4486353], [78.3926144, 17.4486906], [78.3930403, 17.4487164], [78.3934839, 17.4487471], [78.3939126, 17.4487801]]}, "properties": {"class": "residential"}}, {"type": "Feature", "geometry": {"type": "LineString", "coordinates": [[78.3801117, 17.4219267], [78.379742, 17.42222]]}, "properties": {"class": "residential"}}, {"type": "Feature", "geometry": {"type": "LineString", "coordinates": [[78.3788692, 17.4193345], [78.3796964, 17.4199174]]}, "properties": {"class": "residential"}}, {"type": "Feature", "geometry": {"type": "LineString", "coordinates": [[78.4000899, 17.4677359], [78.4003714, 17.467684], [78.4005759, 17.467626]]}, "properties": {"class": "residential"}}, {"type": "Feature", "geometry": {"type": "LineString", "coordinates": [[78.3647883, 17.4488285], [78.3649977, 17.448766]]}, "properties": {"class": "residential"}}, {"type": "Feature", "geometry": {"type": "LineString", "coordinates": [[78.3898331, 17.4449671], [78.3895082, 17.4456412]]}, "properties": {"class": "residential"}}, {"type": "Feature", "geometry": {"type": "LineString", "coordinates": [[78.3996515, 17.4408542], [78.4001064, 17.4411788]]}, "properties": {"class": "residential"}}, {"type": "Feature", "geometry": {"type": "LineString", "coordinates": [[78.3525438, 17.4567744], [78.3532058, 17.4579513], [78.3532893, 17.4580919], [78.3534801, 17.4584134], [78.3536542, 17.4587068], [78.353698, 17.4587806]]}, "properties": {"class": "residential"}}, {"type": "Feature", "geometry": {"type": "LineString", "coordinates": [[78.3962058, 17.4661204], [78.3962578, 17.4648927]]}, "properties": {"class": "residential"}}, {"type": "Feature", "geometry": {"type": "LineString", "coordinates": [[78.352441, 17.4190688], [78.3525046, 17.419296]]}, "properties": {"class": "residential"}}, {"type": "Feature", "geometry": {"type": "LineString", "coordinates": [[78.3613887, 17.4616525], [78.3612127, 17.4612655]]}, "properties": {"class": "residential"}}, {"type": "Feature", "geometry": {"type": "LineString", "coordinates": [[78.3707727, 17.4546387], [78.3710369, 17.4550995], [78.371165, 17.455323], [78.3714349, 17.4558536]]}, "properties": {"class": "residential"}}, {"type": "Feature", "geometry": {"type": "LineString", "coordinates": [[78.3921269, 17.4350539], [78.3925463, 17.4347253], [78.3928356, 17.4344881], [78.3931376, 17.4342171], [78.3932977, 17.4340883], [78.3933346, 17.4340806], [78.3933664, 17.4340904], [78.393405, 17.4341254], [78.3936404, 17.4344162]]}, "properties": {"class": "residential"}}, {"type": "Feature", "geometry": {"type": "LineString", "coordinates": [[78.3789878, 17.4218115], [78.3788338, 17.421615]]}, "properties": {"class": "residential"}}, {"type": "Feature", "geometry": {"type": "LineString", "coordinates": [[78.3883302, 17.4446727], [78.3884649, 17.4452469]]}, "properties": {"class": "residential"}}, {"type": "Feature", "geometry": {"type": "LineString", "coordinates": [[78.386456, 17.4557351], [78.3868781, 17.4556299]]}, "properties": {"class": "residential"}}, {"type": "Feature", "geometry": {"type": "LineString", "coordinates": [[78.3612119, 17.462819], [78.3613742, 17.4631653]]}, "properties": {"class": "residential"}}, {"type": "Feature", "geometry": {"type": "LineString", "coordinates": [[78.3645795, 17.4451099], [78.3649026, 17.4450466]]}, "properties": {"class": "residential"}}, {"type": "Feature", "geometry": {"type": "LineString", "coordinates": [[78.4011846, 17.4601274], [78.4013003, 17.4603775]]}, "properties": {"class": "residential"}}, {"type": "Feature", "geometry": {"type": "LineString", "coordinates": [[78.3704888, 17.4677648], [78.3700741, 17.4680504]]}, "properties": {"class": "residential"}}, {"type": "Feature", "geometry": {"type": "LineString", "coordinates": [[78.3863376, 17.4573733], [78.3863397, 17.4566722]]}, "properties": {"class": "residential"}}, {"type": "Feature", "geometry": {"type": "LineString", "coordinates": [[78.375577, 17.4412993], [78.3755601, 17.4421701]]}, "properties": {"class": "residential"}}, {"type": "Feature", "geometry": {"type": "LineString", "coordinates": [[78.3965843, 17.4410625], [78.3959149, 17.4414185]]}, "properties": {"class": "residential"}}, {"type": "Feature", "geometry": {"type": "LineString", "coordinates": [[78.3679054, 17.4349732], [78.3674412, 17.434398], [78.3672316, 17.4341117]]}, "properties": {"class": "residential"}}, {"type": "Feature", "geometry": {"type": "LineString", "coordinates": [[78.3595959, 17.4447658], [78.3593647, 17.4441266]]}, "properties": {"class": "residential"}}, {"type": "Feature", "geometry": {"type": "LineString", "coordinates": [[78.371133, 17.430937], [78.3708607, 17.4311304]]}, "properties": {"class": "residential"}}, {"type": "Feature", "geometry": {"type": "LineString", "coordinates": [[78.3994211, 17.4547418], [78.3996566, 17.4547234]]}, "properties": {"class": "residential"}}, {"type": "Feature", "geometry": {"type": "LineString", "coordinates": [[78.381544, 17.4543727], [78.38125, 17.4546629], [78.380975, 17.4549343], [78.3804758, 17.4554604], [78.3801744, 17.4551934]]}, "properties": {"class": "residential"}}, {"type": "Feature", "geometry": {"type": "LineString", "coordinates": [[78.3652984, 17.4613513], [78.364788, 17.4613895]]}, "properties": {"class": "residential"}}, {"type": "Feature", "geometry": {"type": "LineString", "coordinates": [[78.3671279, 17.4617498], [78.3674552, 17.4616612], [78.3683779, 17.461406], [78.3693821, 17.4610855], [78.3705591, 17.4607054]]}, "properties": {"class": "residential"}}, {"type": "Feature", "geometry": {"type": "LineString", "coordinates": [[78.3794598, 17.4211337], [78.3795909, 17.4212936]]}, "properties": {"class": "residential"}}, {"type": "Feature", "geometry": {"type": "LineString", "coordinates": [[78.3822147, 17.4187052], [78.3822355, 17.4194822]]}, "properties": {"class": "residential"}}, {"type": "Feature", "geometry": {"type": "LineString", "coordinates": [[78.3796964, 17.4199174], [78.3802139, 17.4202507]]}, "properties": {"class": "residential"}}, {"type": "Feature", "geometry": {"type": "LineString", "coordinates": [[78.3547985, 17.4668013], [78.3547955, 17.4665531]]}, "properties": {"class": "residential"}}, {"type": "Feature", "geometry": {"type": "LineString", "coordinates": [[78.3638729, 17.4449662], [78.363984, 17.4454232]]}, "properties": {"class": "residential"}}, {"type": "Feature", "geometry": {"type": "LineString", "coordinates": [[78.3656733, 17.4472446], [78.366384, 17.447217], [78.3678689, 17.4471665]]}, "properties": {"class": "residential"}}, {"type": "Feature", "geometry": {"type": "LineString", "coordinates": [[78.3759064, 17.423386], [78.3758541, 17.422326]]}, "properties": {"class": "residential"}}, {"type": "Feature", "geometry": {"type": "LineString", "coordinates": [[78.3598377, 17.4688207], [78.3598332, 17.4687628], [78.3597934, 17.4675106]]}, "properties": {"class": "residential"}}, {"type": "Feature", "geometry": {"type": "LineString", "coordinates": [[78.3644217, 17.4403187], [78.3640755, 17.4403137]]}, "properties": {"class": "residential"}}, {"type": "Feature", "geometry": {"type": "LineString", "coordinates": [[78.3621307, 17.443846], [78.3619119, 17.4434641], [78.3617933, 17.4432518]]}, "properties": {"class": "residential"}}, {"type": "Feature", "geometry": {"type": "LineString", "coordinates": [[78.3867845, 17.4502319], [78.3871712, 17.4502512], [78.3872485, 17.4502544]]}, "properties": {"class": "residential"}}, {"type": "Feature", "geometry": {"type": "LineString", "coordinates": [[78.3593011, 17.445317], [78.3601419, 17.4450956]]}, "properties": {"class": "residential"}}, {"type": "Feature", "geometry": {"type": "LineString", "coordinates": [[78.380975, 17.4549343], [78.3807195, 17.4546845], [78.3806866, 17.4546717], [78.3806491, 17.4546711], [78.3804488, 17.4548988], [78.3804252, 17.4549246], [78.3801744, 17.4551934]]}, "properties": {"class": "residential"}}, {"type": "Feature", "geometry": {"type": "LineString", "coordinates": [[78.3666935, 17.4681107], [78.3668669, 17.4681394], [78.3672455, 17.4681438]]}, "properties": {"class": "residential"}}, {"type": "Feature", "geometry": {"type": "LineString", "coordinates": [[78.3641348, 17.439997], [78.3639806, 17.4399929]]}, "properties": {"class": "residential"}}, {"type": "Feature", "geometry": {"type": "LineString", "coordinates": [[78.4004074, 17.4471092], [78.4001911, 17.4463792]]}, "properties": {"class": "residential"}}, {"type": "Feature", "geometry": {"type": "LineString", "coordinates": [[78.3682442, 17.4438966], [78.368628, 17.4442548]]}, "properties": {"class": "residential"}}, {"type": "Feature", "geometry": {"type": "LineString", "coordinates": [[78.3945968, 17.4576661], [78.3948136, 17.4576124], [78.3952371, 17.4576249], [78.395419, 17.4576163]]}, "properties": {"class": "residential"}}, {"type": "Feature", "geometry": {"type": "LineString", "coordinates": [[78.3598176, 17.4456151], [78.360048, 17.4464715], [78.3600518, 17.4464855]]}, "properties": {"class": "residential"}}, {"type": "Feature", "geometry": {"type": "LineString", "coordinates": [[78.363005, 17.4462004], [78.3630705, 17.4464167]]}, "properties": {"class": "residential"}}, {"type": "Feature", "geometry": {"type": "LineString", "coordinates": [[78.3648744, 17.4521], [78.3648018, 17.4515919], [78.3648016, 17.4515826], [78.3648069, 17.4515548]]}, "properties": {"class": "residential"}}, {"type": "Feature", "geometry": {"type": "LineString", "coordinates": [[78.396761, 17.4403696], [78.3966763, 17.4402052], [78.3965514, 17.4399628]]}, "properties": {"class": "residential"}}, {"type": "Feature", "geometry": {"type": "LineString", "coordinates": [[78.371133, 17.430937], [78.3702951, 17.4298912], [78.3702822, 17.4298763]]}, "properties": {"class": "residential"}}, {"type": "Feature", "geometry": {"type": "LineString", "coordinates": [[78.3948261, 17.4222657], [78.3942885, 17.4221683]]}, "properties": {"class": "residential"}}, {"type": "Feature", "geometry": {"type": "LineString", "coordinates": [[78.3977912, 17.4585053], [78.3979701, 17.4584257], [78.3987752, 17.4580222], [78.3991399, 17.4578525], [78.3992922, 17.4577791], [78.3997628, 17.4575504], [78.400231, 17.4572952]]}, "properties": {"class": "residential"}}, {"type": "Feature", "geometry": {"type": "LineString", "coordinates": [[78.3939049, 17.4694577], [78.3939669, 17.4682989]]}, "properties": {"class": "residential"}}, {"type": "Feature", "geometry": {"type": "LineString", "coordinates": [[78.3642137, 17.4491672], [78.3645794, 17.4491334], [78.3648696, 17.4491065]]}, "properties": {"class": "residential"}}, {"type": "Feature", "geometry": {"type": "LineString", "coordinates": [[78.3721797, 17.4347985], [78.3723265, 17.4346861], [78.3727031, 17.4343976], [78.3730866, 17.4341038], [78.373435, 17.4338369]]}, "properties": {"class": "residential"}}, {"type": "Feature", "geometry": {"type": "LineString", "coordinates": [[78.3700686, 17.4549014], [78.3707199, 17.4560906]]}, "properties": {"class": "residential"}}, {"type": "Feature", "geometry": {"type": "LineString", "coordinates": [[78.3960169, 17.4688309], [78.3960428, 17.4683177]]}, "properties": {"class": "residential"}}, {"type": "Feature", "geometry": {"type": "LineString", "coordinates": [[78.3754375, 17.423406], [78.3754002, 17.4223288]]}, "properties": {"class": "residential"}}, {"type": "Feature", "geometry": {"type": "LineString", "coordinates": [[78.3983074, 17.4564876], [78.3985433, 17.4570081], [78.3988417, 17.4576389]]}, "properties": {"class": "residential"}}, {"type": "Feature", "geometry": {"type": "LineString", "coordinates": [[78.3558931, 17.4395511], [78.3556076, 17.4396115], [78.3552845, 17.4396626]]}, "properties": {"class": "residential"}}, {"type": "Feature", "geometry": {"type": "LineString", "coordinates": [[78.4005174, 17.4552411], [78.400544, 17.4555389]]}, "properties": {"class": "residential"}}, {"type": "Feature", "geometry": {"type": "LineString", "coordinates": [[78.3881335, 17.4483875], [78.3888358, 17.4487172]]}, "properties": {"class": "residential"}}, {"type": "Feature", "geometry": {"type": "LineString", "coordinates": [[78.3626103, 17.4466678], [78.3623991, 17.446806]]}, "properties": {"class": "residential"}}, {"type": "Feature", "geometry": {"type": "LineString", "coordinates": [[78.3578104, 17.46368], [78.3577698, 17.4637687], [78.3577643, 17.4637851], [78.3577616, 17.4637975], [78.3577617, 17.4638106], [78.3578265, 17.464136], [78.357877, 17.4644571]]}, "properties": {"class": "residential"}}, {"type": "Feature", "geometry": {"type": "LineString", "coordinates": [[78.3651024, 17.4520204], [78.3650925, 17.4519815], [78.3650151, 17.451517]]}, "properties": {"class": "residential"}}, {"type": "Feature", "geometry": {"type": "LineString", "coordinates": [[78.3993727, 17.4574598], [78.3992401, 17.4572271], [78.399045, 17.4567879], [78.398795, 17.456267], [78.3986645, 17.4559493]]}, "properties": {"class": "residential"}}, {"type": "Feature", "geometry": {"type": "LineString", "coordinates": [[78.3572857, 17.4414297], [78.3571209, 17.4415134]]}, "properties": {"class": "residential"}}, {"type": "Feature", "geometry": {"type": "LineString", "coordinates": [[78.3894677, 17.4559951], [78.3894858, 17.4551296]]}, "properties": {"class": "residential"}}, {"type": "Feature", "geometry": {"type": "LineString", "coordinates": [[78.3848732, 17.4446542], [78.3844993, 17.444956], [78.384099, 17.4452734]]}, "properties": {"class": "residential"}}, {"type": "Feature", "geometry": {"type": "LineString", "coordinates": [[78.3975773, 17.4312686], [78.3980069, 17.4312147]]}, "properties": {"class": "residential"}}, {"type": "Feature", "geometry": {"type": "LineString", "coordinates": [[78.3996381, 17.4661777], [78.3993073, 17.4662482]]}, "properties": {"class": "residential"}}, {"type": "Feature", "geometry": {"type": "LineString", "coordinates": [[78.3789701, 17.4209332], [78.3790908, 17.4210905]]}, "properties": {"class": "residential"}}, {"type": "Feature", "geometry": {"type": "LineString", "coordinates": [[78.3759064, 17.423386], [78.3759235, 17.4239927]]}, "properties": {"class": "residential"}}, {"type": "Feature", "geometry": {"type": "LineString", "coordinates": [[78.3801684, 17.4216534], [78.3800175, 17.4217713], [78.3796164, 17.422075]]}, "properties": {"class": "residential"}}, {"type": "Feature", "geometry": {"type": "LineString", "coordinates": [[78.3771978, 17.4634923], [78.3777556, 17.4634724]]}, "properties": {"class": "residential"}}, {"type": "Feature", "geometry": {"type": "LineString", "coordinates": [[78.400991, 17.4410653], [78.4014829, 17.4409087]]}, "properties": {"class": "residential"}}, {"type": "Feature", "geometry": {"type": "LineString", "coordinates": [[78.3738525, 17.4300212], [78.3742456, 17.4304592], [78.3749601, 17.4312555]]}, "properties": {"class": "tertiary"}}, {"type": "Feature", "geometry": {"type": "LineString", "coordinates": [[78.3650661, 17.4686731], [78.3638135, 17.468149]]}, "properties": {"class": "residential"}}, {"type": "Feature", "geometry": {"type": "LineString", "coordinates": [[78.3924884, 17.4496668], [78.3929097, 17.4496985], [78.3933744, 17.4497265], [78.3937932, 17.4497576], [78.3942358, 17.4497933]]}, "properties": {"class": "residential"}}, {"type": "Feature", "geometry": {"type": "LineString", "coordinates": [[78.3977355, 17.4669649], [78.3980333, 17.4669787], [78.3983936, 17.4670085]]}, "properties": {"class": "residential"}}, {"type": "Feature", "geometry": {"type": "LineString", "coordinates": [[78.3628676, 17.468699], [78.3628963, 17.468478], [78.3629005, 17.4684522]]}, "properties": {"class": "residential"}}, {"type": "Feature", "geometry": {"type": "LineString", "coordinates": [[78.3912293, 17.4442938], [78.391437, 17.4443588], [78.3916452, 17.4444277], [78.3918785, 17.4445045], [78.3922445, 17.4446252]]}, "properties": {"class": "residential"}}, {"type": "Feature", "geometry": {"type": "LineString", "coordinates": [[78.3644183, 17.4483478], [78.3644032, 17.4481149]]}, "properties": {"class": "residential"}}, {"type": "Feature", "geometry": {"type": "LineString", "coordinates": [[78.3665485, 17.4518398], [78.3671731, 17.4517019]]}, "properties": {"class": "residential"}}, {"type": "Feature", "geometry": {"type": "LineString", "coordinates": [[78.3685548, 17.4575315], [78.3684121, 17.4569261], [78.3683404, 17.4566218], [78.3683269, 17.4565644]]}, "properties": {"class": "residential"}}, {"type": "Feature", "geometry": {"type": "LineString", "coordinates": [[78.3692238, 17.4367687], [78.3689431, 17.436417]]}, "properties": {"class": "residential"}}, {"type": "Feature", "geometry": {"type": "LineString", "coordinates": [[78.3837406, 17.4550818], [78.3841428, 17.45489]]}, "properties": {"class": "residential"}}, {"type": "Feature", "geometry": {"type": "LineString", "coordinates": [[78.3600509, 17.4629862], [78.3597117, 17.4630546], [78.3593513, 17.4631273], [78.3590007, 17.463198], [78.3586631, 17.4632661]]}, "properties": {"class": "residential"}}, {"type": "Feature", "geometry": {"type": "LineString", "coordinates": [[78.3797384, 17.4677251], [78.379751, 17.4680618]]}, "properties": {"class": "residential"}}, {"type": "Feature", "geometry": {"type": "LineString", "coordinates": [[78.3647897, 17.4599447], [78.3649707, 17.4600091], [78.3651928, 17.4600978]]}, "properties": {"class": "residential"}}, {"type": "Feature", "geometry": {"type": "LineString", "coordinates": [[78.3635044, 17.4444623], [78.363648, 17.4450022], [78.3636856, 17.4451435], [78.3637282, 17.4453036]]}, "properties": {"class": "residential"}}, {"type": "Feature", "geometry": {"type": "LineString", "coordinates": [[78.3888507, 17.4559767], [78.3888553, 17.4566483]]}, "properties": {"class": "residential"}}, {"type": "Feature", "geometry": {"type": "LineString", "coordinates": [[78.3821774, 17.4454251], [78.3828535, 17.4452648], [78.3839911, 17.4450704]]}, "properties": {"class": "residential"}}, {"type": "Feature", "geometry": {"type": "LineString", "coordinates": [[78.3931376, 17.4342171], [78.3924243, 17.433409], [78.3923797, 17.4333974], [78.3923469, 17.4334012], [78.39231, 17.4334166], [78.3920522, 17.4336253], [78.3920451, 17.4336472], [78.3920512, 17.4336642], [78.3920605, 17.4336853], [78.3924633, 17.4340982], [78.3928356, 17.4344881]]}, "properties": {"class": "residential"}}, {"type": "Feature", "geometry": {"type": "LineString", "coordinates": [[78.3996524, 17.466265], [78.399991, 17.4661405]]}, "properties": {"class": "residential"}}, {"type": "Feature", "geometry": {"type": "LineString", "coordinates": [[78.3670897, 17.4338929], [78.3668911, 17.4336421]]}, "properties": {"class": "residential"}}, {"type": "Feature", "geometry": {"type": "LineString", "coordinates": [[78.3766862, 17.4639456], [78.3770656, 17.4639311], [78.3771513, 17.4639279], [78.3777467, 17.4638795], [78.3780343, 17.463842]]}, "properties": {"class": "residential"}}, {"type": "Feature", "geometry": {"type": "LineString", "coordinates": [[78.3647983, 17.459645], [78.3647753, 17.4596475], [78.3647038, 17.4596613]]}, "properties": {"class": "residential"}}, {"type": "Feature", "geometry": {"type": "LineString", "coordinates": [[78.3993004, 17.4543855], [78.3991077, 17.4543885]]}, "properties": {"class": "residential"}}, {"type": "Feature", "geometry": {"type": "LineString", "coordinates": [[78.4022587, 17.4581349], [78.402201, 17.458205], [78.4017598, 17.4586331]]}, "properties": {"class": "residential"}}, {"type": "Feature", "geometry": {"type": "LineString", "coordinates": [[78.398733, 17.4541679], [78.3987151, 17.4539604]]}, "properties": {"class": "residential"}}, {"type": "Feature", "geometry": {"type": "LineString", "coordinates": [[78.3971638, 17.4576055], [78.3976327, 17.4575926], [78.397885, 17.4575614]]}, "properties": {"class": "residential"}}, {"type": "Feature", "geometry": {"type": "LineString", "coordinates": [[78.3857008, 17.4585806], [78.3855823, 17.4583908], [78.3853724, 17.4580546]]}, "properties": {"class": "residential"}}, {"type": "Feature", "geometry": {"type": "LineString", "coordinates": [[78.3993535, 17.4227209], [78.400062, 17.4233843]]}, "properties": {"class": "residential"}}, {"type": "Feature", "geometry": {"type": "LineString", "coordinates": [[78.3651081, 17.4484885], [78.3646994, 17.4485321], [78.3641, 17.4485819], [78.3637253, 17.4486159]]}, "properties": {"class": "residential"}}, {"type": "Feature", "geometry": {"type": "LineString", "coordinates": [[78.3689856, 17.4371089], [78.3686328, 17.4366532]]}, "properties": {"class": "residential"}}, {"type": "Feature", "geometry": {"type": "LineString", "coordinates": [[78.3595639, 17.4641079], [78.35992, 17.4640465], [78.3602633, 17.4639875], [78.3604532, 17.4639546]]}, "properties": {"class": "residential"}}, {"type": "Feature", "geometry": {"type": "LineString", "coordinates": [[78.3547648, 17.4683641], [78.355486, 17.4683724]]}, "properties": {"class": "residential"}}, {"type": "Feature", "geometry": {"type": "LineString", "coordinates": [[78.38925, 17.4376066], [78.389335, 17.4384102]]}, "properties": {"class": "residential"}}, {"type": "Feature", "geometry": {"type": "LineString", "coordinates": [[78.3624456, 17.444176], [78.3625988, 17.4446892], [78.3626528, 17.4448397]]}, "properties": {"class": "residential"}}, {"type": "Feature", "geometry": {"type": "LineString", "coordinates": [[78.4038313, 17.4238604], [78.4040996, 17.4245149], [78.4041131, 17.4246044], [78.4040943, 17.4246787], [78.4040111, 17.4247708], [78.4035857, 17.42495], [78.4032251, 17.4251019], [78.4026643, 17.4252761], [78.4024712, 17.4253227], [78.4021506, 17.4253736], [78.4020519, 17.4253995], [78.402021, 17.4254206], [78.402005, 17.4254543], [78.4020082, 17.4255092], [78.4020627, 17.4257352]]}, "properties": {"class": "residential"}}, {"type": "Feature", "geometry": {"type": "LineString", "coordinates": [[78.3904351, 17.4472155], [78.3909675, 17.4472539]]}, "properties": {"class": "residential"}}, {"type": "Feature", "geometry": {"type": "LineString", "coordinates": [[78.3915099, 17.45474], [78.3914671, 17.4552826], [78.39139, 17.4561295]]}, "properties": {"class": "residential"}}, {"type": "Feature", "geometry": {"type": "LineString", "coordinates": [[78.3879525, 17.4576903], [78.3884464, 17.4576663], [78.3893198, 17.4576696]]}, "properties": {"class": "residential"}}, {"type": "Feature", "geometry": {"type": "LineString", "coordinates": [[78.3798999, 17.4223965], [78.3797151, 17.4225412]]}, "properties": {"class": "residential"}}, {"type": "Feature", "geometry": {"type": "LineString", "coordinates": [[78.3623754, 17.4447565], [78.3622394, 17.4443245]]}, "properties": {"class": "residential"}}, {"type": "Feature", "geometry": {"type": "LineString", "coordinates": [[78.3879139, 17.4507863], [78.3884814, 17.450767]]}, "properties": {"class": "residential"}}, {"type": "Feature", "geometry": {"type": "LineString", "coordinates": [[78.3954898, 17.4649984], [78.3954352, 17.4664537], [78.3953158, 17.4678379]]}, "properties": {"class": "residential"}}, {"type": "Feature", "geometry": {"type": "LineString", "coordinates": [[78.3788414, 17.4219374], [78.3791427, 17.4222786]]}, "properties": {"class": "residential"}}, {"type": "Feature", "geometry": {"type": "LineString", "coordinates": [[78.3661995, 17.4374642], [78.3668082, 17.4369791]]}, "properties": {"class": "residential"}}, {"type": "Feature", "geometry": {"type": "LineString", "coordinates": [[78.4017931, 17.4202365], [78.4017659, 17.4207841]]}, "properties": {"class": "residential"}}, {"type": "Feature", "geometry": {"type": "LineString", "coordinates": [[78.3914376, 17.4536025], [78.3926607, 17.4535997]]}, "properties": {"class": "residential"}}, {"type": "Feature", "geometry": {"type": "LineString", "coordinates": [[78.3958941, 17.4582839], [78.3959098, 17.457449]]}, "properties": {"class": "residential"}}, {"type": "Feature", "geometry": {"type": "LineString", "coordinates": [[78.3875159, 17.4448607], [78.3875046, 17.4448729], [78.3871172, 17.4453427], [78.3868158, 17.4456784], [78.3865217, 17.4460327]]}, "properties": {"class": "residential"}}, {"type": "Feature", "geometry": {"type": "LineString", "coordinates": [[78.3771611, 17.4188957], [78.3772045, 17.418859], [78.3780265, 17.4186411], [78.3786328, 17.4184862], [78.3795826, 17.4182708], [78.3801747, 17.4181731], [78.3805051, 17.4181103], [78.3805941, 17.418089], [78.3806849, 17.4180318], [78.3807614, 17.4179616]]}, "properties": {"class": "residential"}}, {"type": "Feature", "geometry": {"type": "LineString", "coordinates": [[78.3644117, 17.4521848], [78.3644019, 17.4521202], [78.3642971, 17.4513926]]}, "properties": {"class": "residential"}}, {"type": "Feature", "geometry": {"type": "LineString", "coordinates": [[78.3581673, 17.4640772], [78.3578265, 17.464136], [78.3576535, 17.4641659]]}, "properties": {"class": "residential"}}, {"type": "Feature", "geometry": {"type": "LineString", "coordinates": [[78.3946132, 17.4409009], [78.3949605, 17.4407808]]}, "properties": {"class": "residential"}}, {"type": "Feature", "geometry": {"type": "LineString", "coordinates": [[78.3659136, 17.4418574], [78.3655646, 17.4420176]]}, "properties": {"class": "residential"}}, {"type": "Feature", "geometry": {"type": "LineString", "coordinates": [[78.3641678, 17.4522212], [78.3641331, 17.4519695], [78.3640452, 17.4514467]]}, "properties": {"class": "residential"}}, {"type": "Feature", "geometry": {"type": "LineString", "coordinates": [[78.4023163, 17.4561442], [78.4022927, 17.4561601], [78.402269, 17.456176], [78.4020235, 17.4563074]]}, "properties": {"class": "residential"}}, {"type": "Feature", "geometry": {"type": "LineString", "coordinates": [[78.3976115, 17.4399676], [78.3980496, 17.4402714]]}, "properties": {"class": "residential"}}, {"type": "Feature", "geometry": {"type": "LineString", "coordinates": [[78.3593147, 17.4363414], [78.3595484, 17.4365107]]}, "properties": {"class": "residential"}}, {"type": "Feature", "geometry": {"type": "LineString", "coordinates": [[78.4003386, 17.4647834], [78.4005974, 17.4654317]]}, "properties": {"class": "residential"}}, {"type": "Feature", "geometry": {"type": "LineString", "coordinates": [[78.4003233, 17.4552738], [78.4003818, 17.4556018]]}, "properties": {"class": "residential"}}, {"type": "Feature", "geometry": {"type": "LineString", "coordinates": [[78.392011, 17.4561982], [78.391962, 17.4569356], [78.3919688, 17.457629]]}, "properties": {"class": "residential"}}, {"type": "Feature", "geometry": {"type": "LineString", "coordinates": [[78.364922, 17.4652133], [78.3649767, 17.4657754]]}, "properties": {"class": "residential"}}, {"type": "Feature", "geometry": {"type": "LineString", "coordinates": [[78.3808547, 17.4675908], [78.3808983, 17.4678459]]}, "properties": {"class": "residential"}}, {"type": "Feature", "geometry": {"type": "LineString", "coordinates": [[78.3871572, 17.4474056], [78.3871564, 17.4476656]]}, "properties": {"class": "residential"}}, {"type": "Feature", "geometry": {"type": "LineString", "coordinates": [[78.3575796, 17.4415133], [78.3574157, 17.4411899]]}, "properties": {"class": "residential"}}, {"type": "Feature", "geometry": {"type": "LineString", "coordinates": [[78.4002839, 17.4393968], [78.4003081, 17.439369], [78.4007709, 17.4388378], [78.4013516, 17.4381288], [78.4014732, 17.437967], [78.4016967, 17.4376694], [78.4013597, 17.4372992], [78.400847, 17.436736]]}, "properties": {"class": "residential"}}, {"type": "Feature", "geometry": {"type": "LineString", "coordinates": [[78.4000982, 17.4536842], [78.399752, 17.4538625]]}, "properties": {"class": "residential"}}, {"type": "Feature", "geometry": {"type": "LineString", "coordinates": [[78.3670009, 17.4670991], [78.3666773, 17.4670864]]}, "properties": {"class": "residential"}}, {"type": "Feature", "geometry": {"type": "LineString", "coordinates": [[78.4007815, 17.4242149], [78.4017875, 17.4239132], [78.4020821, 17.4238248]]}, "properties": {"class": "residential"}}, {"type": "Feature", "geometry": {"type": "LineString", "coordinates": [[78.3653449, 17.4519356], [78.3653386, 17.4519036], [78.3652669, 17.4514725]]}, "properties": {"class": "residential"}}, {"type": "Feature", "geometry": {"type": "LineString", "coordinates": [[78.399232, 17.4560805], [78.3991133, 17.4557836], [78.3991017, 17.4557591], [78.399094, 17.4557546], [78.3990815, 17.4557546], [78.3990679, 17.455758], [78.3989322, 17.4558079]]}, "properties": {"class": "residential"}}, {"type": "Feature", "geometry": {"type": "LineString", "coordinates": [[78.3657621, 17.4341086], [78.3651582, 17.433237], [78.3648988, 17.4328612]]}, "properties": {"class": "residential"}}, {"type": "Feature", "geometry": {"type": "LineString", "coordinates": [[78.3690806, 17.450739], [78.3692284, 17.4509038]]}, "properties": {"class": "residential"}}, {"type": "Feature", "geometry": {"type": "LineString", "coordinates": [[78.3994303, 17.4627068], [78.3989498, 17.4622299]]}, "properties": {"class": "residential"}}, {"type": "Feature", "geometry": {"type": "LineString", "coordinates": [[78.3810792, 17.4490783], [78.3809446, 17.4486855], [78.3808279, 17.4483104]]}, "properties": {"class": "residential"}}, {"type": "Feature", "geometry": {"type": "LineString", "coordinates": [[78.358183, 17.4371541], [78.3571172, 17.4364002]]}, "properties": {"class": "residential"}}, {"type": "Feature", "geometry": {"type": "LineString", "coordinates": [[78.3532524, 17.4587771], [78.3522527, 17.4592683]]}, "properties": {"class": "residential"}}, {"type": "Feature", "geometry": {"type": "LineString", "coordinates": [[78.3991124, 17.4630125], [78.3987312, 17.4626018]]}, "properties": {"class": "residential"}}, {"type": "Feature", "geometry": {"type": "LineString", "coordinates": [[78.367232, 17.4345843], [78.3670096, 17.434282]]}, "properties": {"class": "residential"}}, {"type": "Feature", "geometry": {"type": "LineString", "coordinates": [[78.3661785, 17.4685577], [78.3660219, 17.468469]]}, "properties": {"class": "residential"}}, {"type": "Feature", "geometry": {"type": "LineString", "coordinates": [[78.3940974, 17.4394285], [78.3943441, 17.4393694]]}, "properties": {"class": "residential"}}, {"type": "Feature", "geometry": {"type": "LineString", "coordinates": [[78.3660595, 17.4594845], [78.3656332, 17.4597638]]}, "properties": {"class": "residential"}}, {"type": "Feature", "geometry": {"type": "LineString", "coordinates": [[78.3869036, 17.4476564], [78.3869053, 17.4476912], [78.3869041, 17.4479974]]}, "properties": {"class": "residential"}}, {"type": "Feature", "geometry": {"type": "LineString", "coordinates": [[78.3666044, 17.4520524], [78.3672324, 17.4519137]]}, "properties": {"class": "residential"}}, {"type": "Feature", "geometry": {"type": "LineString", "coordinates": [[78.3563743, 17.4675522], [78.3563542, 17.4680049], [78.3563535, 17.4682173], [78.3563325, 17.4688954], [78.3563225, 17.469318], [78.3563076, 17.469879]]}, "properties": {"class": "residential"}}, {"type": "Feature", "geometry": {"type": "LineString", "coordinates": [[78.3823739, 17.4461761], [78.3829558, 17.4460306]]}, "properties": {"class": "residential"}}, {"type": "Feature", "geometry": {"type": "LineString", "coordinates": [[78.3642927, 17.4663146], [78.364265, 17.4666331], [78.3642422, 17.4669436], [78.3641891, 17.4680414]]}, "properties": {"class": "residential"}}, {"type": "Feature", "geometry": {"type": "LineString", "coordinates": [[78.4008787, 17.4533015], [78.4012863, 17.4530532], [78.40136, 17.4530107]]}, "properties": {"class": "residential"}}, {"type": "Feature", "geometry": {"type": "LineString", "coordinates": [[78.3869756, 17.4515951], [78.3865786, 17.4516348], [78.3863575, 17.4516536], [78.3861768, 17.4516757], [78.3858602, 17.4517096]]}, "properties": {"class": "residential"}}, {"type": "Feature", "geometry": {"type": "LineString", "coordinates": [[78.3568657, 17.4399373], [78.3572087, 17.4402885]]}, "properties": {"class": "residential"}}, {"type": "Feature", "geometry": {"type": "LineString", "coordinates": [[78.3649988, 17.4444875], [78.3649126, 17.4442341], [78.3649019, 17.4442161]]}, "properties": {"class": "residential"}}, {"type": "Feature", "geometry": {"type": "LineString", "coordinates": [[78.3657494, 17.4523932], [78.3647248, 17.4526198], [78.363766, 17.4528318]]}, "properties": {"class": "residential"}}, {"type": "Feature", "geometry": {"type": "LineString", "coordinates": [[78.3983108, 17.4542275], [78.3982889, 17.4540173]]}, "properties": {"class": "residential"}}, {"type": "Feature", "geometry": {"type": "LineString", "coordinates": [[78.3602111, 17.4668406], [78.3598487, 17.4668447]]}, "properties": {"class": "residential"}}, {"type": "Feature", "geometry": {"type": "LineString", "coordinates": [[78.3817625, 17.4187023], [78.3817463, 17.4194783]]}, "properties": {"class": "residential"}}, {"type": "Feature", "geometry": {"type": "LineString", "coordinates": [[78.3646169, 17.4509629], [78.3637441, 17.4510892]]}, "properties": {"class": "residential"}}, {"type": "Feature", "geometry": {"type": "LineString", "coordinates": [[78.3679911, 17.4647544], [78.3678099, 17.4640459]]}, "properties": {"class": "residential"}}, {"type": "Feature", "geometry": {"type": "LineString", "coordinates": [[78.3655226, 17.4598401], [78.3655873, 17.4602637]]}, "properties": {"class": "residential"}}, {"type": "Feature", "geometry": {"type": "LineString", "coordinates": [[78.3618237, 17.4632976], [78.3621183, 17.4646962]]}, "properties": {"class": "residential"}}, {"type": "Feature", "geometry": {"type": "LineString", "coordinates": [[78.3793248, 17.4672469], [78.3793256, 17.4674277]]}, "properties": {"class": "residential"}}, {"type": "Feature", "geometry": {"type": "LineString", "coordinates": [[78.3894537, 17.4650115], [78.3897026, 17.4649365]]}, "properties": {"class": "residential"}}, {"type": "Feature", "geometry": {"type": "LineString", "coordinates": [[78.4014198, 17.4582806], [78.4004362, 17.4587663], [78.3994245, 17.4592593], [78.398446, 17.4597484], [78.398189, 17.4598758]]}, "properties": {"class": "residential"}}, {"type": "Feature", "geometry": {"type": "LineString", "coordinates": [[78.360626, 17.442959], [78.3609538, 17.4428398]]}, "properties": {"class": "residential"}}, {"type": "Feature", "geometry": {"type": "LineString", "coordinates": [[78.362091, 17.44578], [78.3618123, 17.4454424]]}, "properties": {"class": "residential"}}, {"type": "Feature", "geometry": {"type": "LineString", "coordinates": [[78.401484, 17.4316506], [78.4016917, 17.4319328], [78.4017151, 17.4319646]]}, "properties": {"class": "residential"}}, {"type": "Feature", "geometry": {"type": "LineString", "coordinates": [[78.3913082, 17.4538452], [78.3913022, 17.4540749], [78.3912867, 17.4542184]]}, "properties": {"class": "residential"}}, {"type": "Feature", "geometry": {"type": "LineString", "coordinates": [[78.363023, 17.4442201], [78.3638946, 17.4440592]]}, "properties": {"class": "residential"}}, {"type": "Feature", "geometry": {"type": "LineString", "coordinates": [[78.3735544, 17.4557729], [78.3737719, 17.4552295]]}, "properties": {"class": "residential"}}, {"type": "Feature", "geometry": {"type": "LineString", "coordinates": [[78.3900869, 17.4548475], [78.3901075, 17.4543789], [78.3901121, 17.4541646]]}, "properties": {"class": "residential"}}, {"type": "Feature", "geometry": {"type": "LineString", "coordinates": [[78.3629753, 17.4445381], [78.3625988, 17.4446892], [78.3625282, 17.4447129]]}, "properties": {"class": "residential"}}, {"type": "Feature", "geometry": {"type": "LineString", "coordinates": [[78.3598671, 17.4441347], [78.360226, 17.4440457], [78.3605102, 17.4439752], [78.3606813, 17.4439328]]}, "properties": {"class": "residential"}}, {"type": "Feature", "geometry": {"type": "LineString", "coordinates": [[78.3839999, 17.4608372], [78.384077, 17.4608151], [78.3843923, 17.4607366], [78.3849541, 17.4605834]]}, "properties": {"class": "residential"}}, {"type": "Feature", "geometry": {"type": "LineString", "coordinates": [[78.36425, 17.4447651], [78.3644374, 17.4447087], [78.3646244, 17.4446358], [78.3647289, 17.4445941]]}, "properties": {"class": "residential"}}, {"type": "Feature", "geometry": {"type": "LineString", "coordinates": [[78.3723265, 17.4346861], [78.3718247, 17.4340854]]}, "properties": {"class": "residential"}}, {"type": "Feature", "geometry": {"type": "LineString", "coordinates": [[78.3663454, 17.464779], [78.3666158, 17.4646579]]}, "properties": {"class": "residential"}}, {"type": "Feature", "geometry": {"type": "LineString", "coordinates": [[78.3818596, 17.4665889], [78.3818676, 17.4668613], [78.381886, 17.4670894]]}, "properties": {"class": "residential"}}, {"type": "Feature", "geometry": {"type": "LineString", "coordinates": [[78.3887044, 17.4402451], [78.3888043, 17.4405081], [78.3888124, 17.4405535], [78.3888144, 17.4405938], [78.3888087, 17.4406172], [78.3887641, 17.4406559], [78.388745, 17.4406715], [78.3887272, 17.440699], [78.3887158, 17.4407431], [78.3887063, 17.4408018], [78.388679, 17.44097], [78.3887675, 17.4412655]]}, "properties": {"class": "residential"}}, {"type": "Feature", "geometry": {"type": "LineString", "coordinates": [[78.3824906, 17.458014], [78.3820004, 17.4577861]]}, "properties": {"class": "residential"}}, {"type": "Feature", "geometry": {"type": "LineString", "coordinates": [[78.3661437, 17.4382307], [78.3656894, 17.4385501]]}, "properties": {"class": "residential"}}, {"type": "Feature", "geometry": {"type": "LineString", "coordinates": [[78.401095, 17.4210752], [78.4010895, 17.4205842]]}, "properties": {"class": "residential"}}, {"type": "Feature", "geometry": {"type": "LineString", "coordinates": [[78.3884443, 17.4459611], [78.388724, 17.4454028]]}, "properties": {"class": "residential"}}, {"type": "Feature", "geometry": {"type": "LineString", "coordinates": [[78.3813438, 17.4187158], [78.3813458, 17.4194903]]}, "properties": {"class": "residential"}}, {"type": "Feature", "geometry": {"type": "LineString", "coordinates": [[78.3648069, 17.4515548], [78.3648101, 17.4515334], [78.3647811, 17.4513117]]}, "properties": {"class": "residential"}}, {"type": "Feature", "geometry": {"type": "LineString", "coordinates": [[78.3816206, 17.4194912], [78.3816074, 17.4198649], [78.3815703, 17.4199064], [78.3815336, 17.4199097], [78.38142, 17.4198889], [78.3812866, 17.4198547], [78.381132, 17.4197641], [78.3810346, 17.419687], [78.3809774, 17.4196469], [78.3809354, 17.4196045], [78.3809183, 17.4195801]]}, "properties": {"class": "residential"}}, {"type": "Feature", "geometry": {"type": "LineString", "coordinates": [[78.3611224, 17.4423478], [78.3614243, 17.4422357]]}, "properties": {"class": "residential"}}, {"type": "Feature", "geometry": {"type": "LineString", "coordinates": [[78.3942473, 17.4399947], [78.3945355, 17.4399341]]}, "properties": {"class": "residential"}}, {"type": "Feature", "geometry": {"type": "LineString", "coordinates": [[78.3796151, 17.4234658], [78.379342, 17.4230782]]}, "properties": {"class": "residential"}}, {"type": "Feature", "geometry": {"type": "LineString", "coordinates": [[78.3891047, 17.4649221], [78.3893867, 17.4648399], [78.3896349, 17.4647675]]}, "properties": {"class": "residential"}}, {"type": "Feature", "geometry": {"type": "LineString", "coordinates": [[78.3902648, 17.4373515], [78.3901844, 17.436621]]}, "properties": {"class": "residential"}}, {"type": "Feature", "geometry": {"type": "LineString", "coordinates": [[78.3964976, 17.4674345], [78.3965431, 17.4668692]]}, "properties": {"class": "residential"}}, {"type": "Feature", "geometry": {"type": "LineString", "coordinates": [[78.3686631, 17.4481401], [78.3687718, 17.4482364], [78.3689381, 17.448415]]}, "properties": {"class": "residential"}}, {"type": "Feature", "geometry": {"type": "LineString", "coordinates": [[78.3913425, 17.4446024], [78.391569, 17.4446682], [78.3917833, 17.4447547], [78.3921437, 17.4449055], [78.392188, 17.4449164], [78.3922456, 17.4449266], [78.3923622, 17.4449256]]}, "properties": {"class": "residential"}}, {"type": "Feature", "geometry": {"type": "LineString", "coordinates": [[78.4008427, 17.4364592], [78.4007272, 17.4364272], [78.4006859, 17.4364157], [78.4006497, 17.4364009], [78.4006136, 17.4363753], [78.4000924, 17.435783], [78.4000559, 17.4357686], [78.4000277, 17.4357686], [78.4000039, 17.4357756], [78.3999754, 17.4357996], [78.3999349, 17.43587], [78.3998929, 17.4359664], [78.3998471, 17.4360468], [78.3998578, 17.4362235], [78.3998847, 17.4363312], [78.3999945, 17.4368072], [78.4000052, 17.4368725], [78.4000012, 17.4369224], [78.3999623, 17.4370017], [78.3998552, 17.4371885], [78.3996004, 17.4375124], [78.3991081, 17.4381213], [78.3987926, 17.4384288]]}, "properties": {"class": "residential"}}, {"type": "Feature", "geometry": {"type": "LineString", "coordinates": [[78.374065, 17.4195641], [78.3743718, 17.4195838], [78.3746202, 17.4195997], [78.3751291, 17.4195594]]}, "properties": {"class": "residential"}}, {"type": "Feature", "geometry": {"type": "LineString", "coordinates": [[78.3567564, 17.4452808], [78.3566056, 17.4453956], [78.3559692, 17.4458802], [78.3557435, 17.4460801]]}, "properties": {"class": "residential"}}, {"type": "Feature", "geometry": {"type": "LineString", "coordinates": [[78.3961877, 17.4255933], [78.3959889, 17.4258173], [78.3957286, 17.4259875], [78.3950365, 17.4262268]]}, "properties": {"class": "residential"}}, {"type": "Feature", "geometry": {"type": "LineString", "coordinates": [[78.3957003, 17.4678456], [78.3957633, 17.4668335], [78.3957974, 17.4664843], [78.3958239, 17.4660942], [78.3959015, 17.4648065]]}, "properties": {"class": "residential"}}, {"type": "Feature", "geometry": {"type": "LineString", "coordinates": [[78.3799652, 17.4195155], [78.3796964, 17.4199174], [78.3794702, 17.4202335], [78.3794375, 17.4202732], [78.3793288, 17.4204209]]}, "properties": {"class": "residential"}}, {"type": "Feature", "geometry": {"type": "LineString", "coordinates": [[78.3960729, 17.4678599], [78.3960944, 17.4674104], [78.3961274, 17.4668543]]}, "properties": {"class": "residential"}}, {"type": "Feature", "geometry": {"type": "LineString", "coordinates": [[78.3627326, 17.4419211], [78.3629455, 17.4418724], [78.3634215, 17.4417324]]}, "properties": {"class": "residential"}}, {"type": "Feature", "geometry": {"type": "LineString", "coordinates": [[78.3693938, 17.4679156], [78.3697438, 17.4682995], [78.369772, 17.4683305], [78.3700383, 17.4686602]]}, "properties": {"class": "residential"}}, {"type": "Feature", "geometry": {"type": "LineString", "coordinates": [[78.3880494, 17.4515672], [78.3879706, 17.4511044], [78.3879139, 17.4507863], [78.3879006, 17.4506093], [78.3878945, 17.4505007], [78.3878937, 17.4503487]]}, "properties": {"class": "residential"}}, {"type": "Feature", "geometry": {"type": "LineString", "coordinates": [[78.3992626, 17.4503011], [78.3993213, 17.4503078], [78.3993739, 17.4503316], [78.3996637, 17.4507031]]}, "properties": {"class": "residential"}}, {"type": "Feature", "geometry": {"type": "LineString", "coordinates": [[78.3991767, 17.4575616], [78.3993727, 17.4574598], [78.3996365, 17.4572984]]}, "properties": {"class": "residential"}}, {"type": "Feature", "geometry": {"type": "LineString", "coordinates": [[78.4010048, 17.4519111], [78.4004819, 17.4519605]]}, "properties": {"class": "residential"}}, {"type": "Feature", "geometry": {"type": "LineString", "coordinates": [[78.3958938, 17.4240967], [78.3961399, 17.4239011], [78.3958995, 17.4235722]]}, "properties": {"class": "residential"}}, {"type": "Feature", "geometry": {"type": "LineString", "coordinates": [[78.3664025, 17.4655262], [78.3664326, 17.4655125], [78.3668708, 17.4654457], [78.3673121, 17.4653717]]}, "properties": {"class": "residential"}}, {"type": "Feature", "geometry": {"type": "LineString", "coordinates": [[78.4018507, 17.4355349], [78.4022917, 17.4360204], [78.4023195, 17.436051], [78.4023844, 17.4360946], [78.402461, 17.4361071], [78.4026095, 17.4360744], [78.4026678, 17.4359851], [78.4027345, 17.435891], [78.4028299, 17.4357606]]}, "properties": {"class": "residential"}}, {"type": "Feature", "geometry": {"type": "LineString", "coordinates": [[78.398494, 17.4517487], [78.3996058, 17.4516329]]}, "properties": {"class": "residential"}}, {"type": "Feature", "geometry": {"type": "LineString", "coordinates": [[78.39846, 17.4678059], [78.3986565, 17.4677298], [78.3988053, 17.4676919], [78.3989388, 17.4676319], [78.3990885, 17.4675458], [78.3991334, 17.467528], [78.3991663, 17.4675149], [78.399252, 17.4674866]]}, "properties": {"class": "residential"}}, {"type": "Feature", "geometry": {"type": "LineString", "coordinates": [[78.3790481, 17.4672481], [78.3793248, 17.4672469], [78.3798296, 17.4672342]]}, "properties": {"class": "residential"}}, {"type": "Feature", "geometry": {"type": "LineString", "coordinates": [[78.3521923, 17.4188342], [78.3522849, 17.4191085]]}, "properties": {"class": "residential"}}, {"type": "Feature", "geometry": {"type": "LineString", "coordinates": [[78.3898311, 17.4480375], [78.3893559, 17.4479837]]}, "properties": {"class": "residential"}}, {"type": "Feature", "geometry": {"type": "LineString", "coordinates": [[78.3567847, 17.445275], [78.3568338, 17.4455356], [78.3568431, 17.4455555], [78.3568639, 17.4455669], [78.3570309, 17.4455422]]}, "properties": {"class": "residential"}}, {"type": "Feature", "geometry": {"type": "LineString", "coordinates": [[78.370239, 17.4674548], [78.3704888, 17.4677648]]}, "properties": {"class": "residential"}}, {"type": "Feature", "geometry": {"type": "LineString", "coordinates": [[78.3915099, 17.45474], [78.3915731, 17.4544843]]}, "properties": {"class": "residential"}}, {"type": "Feature", "geometry": {"type": "LineString", "coordinates": [[78.3845155, 17.4584256], [78.3843006, 17.4584274], [78.384015, 17.4584153], [78.3839154, 17.4583658], [78.3837073, 17.4581056]]}, "properties": {"class": "residential"}}, {"type": "Feature", "geometry": {"type": "LineString", "coordinates": [[78.3552271, 17.467521], [78.3552358, 17.4668027], [78.3552346, 17.4665678]]}, "properties": {"class": "residential"}}, {"type": "Feature", "geometry": {"type": "LineString", "coordinates": [[78.3979402, 17.4675722], [78.3980333, 17.4669787]]}, "properties": {"class": "residential"}}, {"type": "Feature", "geometry": {"type": "LineString", "coordinates": [[78.3848856, 17.4602427], [78.3842954, 17.4603662], [78.3835365, 17.4605234], [78.3834882, 17.4605912], [78.3835258, 17.4606974], [78.3836237, 17.460847], [78.3836793, 17.4608931], [78.3837517, 17.460902], [78.3838516, 17.4608733], [78.3839999, 17.4608372]]}, "properties": {"class": "residential"}}, {"type": "Feature", "geometry": {"type": "LineString", "coordinates": [[78.3886412, 17.4491051], [78.3887245, 17.4489969], [78.3888178, 17.4489849], [78.389193, 17.4490104]]}, "properties": {"class": "residential"}}, {"type": "Feature", "geometry": {"type": "LineString", "coordinates": [[78.3538483, 17.4699763], [78.3538753, 17.4682638], [78.3538885, 17.4679408]]}, "properties": {"class": "residential"}}, {"type": "Feature", "geometry": {"type": "LineString", "coordinates": [[78.3797079, 17.4209544], [78.3794598, 17.4211337], [78.3788338, 17.421615], [78.3786856, 17.4214394]]}, "properties": {"class": "residential"}}, {"type": "Feature", "geometry": {"type": "LineString", "coordinates": [[78.3784356, 17.447447], [78.3786646, 17.4478037], [78.3787257, 17.4478864], [78.379131, 17.4476961], [78.3791513, 17.4476855]]}, "properties": {"class": "residential"}}, {"type": "Feature", "geometry": {"type": "LineString", "coordinates": [[78.399563, 17.4512194], [78.3996058, 17.4516329], [78.3996506, 17.4520464], [78.3996919, 17.4524269]]}, "properties": {"class": "residential"}}, {"type": "Feature", "geometry": {"type": "LineString", "coordinates": [[78.3573757, 17.4415972], [78.3572857, 17.4414297], [78.3572112, 17.4412909]]}, "properties": {"class": "residential"}}, {"type": "Feature", "geometry": {"type": "LineString", "coordinates": [[78.3808198, 17.4528975], [78.3808364, 17.4528288], [78.3808665, 17.4527806], [78.3809567, 17.452689], [78.3812003, 17.4525304]]}, "properties": {"class": "residential"}}, {"type": "Feature", "geometry": {"type": "LineString", "coordinates": [[78.4001649, 17.4562425], [78.4000742, 17.4558551]]}, "properties": {"class": "residential"}}, {"type": "Feature", "geometry": {"type": "LineString", "coordinates": [[78.3682921, 17.4695702], [78.3683385, 17.4695113], [78.3686331, 17.4691366], [78.3686505, 17.4690841], [78.3686236, 17.4690419], [78.3679661, 17.468455]]}, "properties": {"class": "residential"}}, {"type": "Feature", "geometry": {"type": "LineString", "coordinates": [[78.3957656, 17.4398577], [78.3959346, 17.4402484], [78.3960942, 17.4406597]]}, "properties": {"class": "residential"}}, {"type": "Feature", "geometry": {"type": "LineString", "coordinates": [[78.3971158, 17.4427205], [78.3979591, 17.4422147]]}, "properties": {"class": "residential"}}, {"type": "Feature", "geometry": {"type": "LineString", "coordinates": [[78.400271, 17.4539691], [78.4000046, 17.4541081], [78.4000672, 17.4544779]]}, "properties": {"class": "residential"}}, {"type": "Feature", "geometry": {"type": "LineString", "coordinates": [[78.3958239, 17.4660942], [78.3962058, 17.4661204], [78.396567, 17.4661488]]}, "properties": {"class": "residential"}}, {"type": "Feature", "geometry": {"type": "LineString", "coordinates": [[78.3518011, 17.4192635], [78.3522849, 17.4191085], [78.352441, 17.4190688], [78.3525998, 17.4190251]]}, "properties": {"class": "residential"}}, {"type": "Feature", "geometry": {"type": "LineString", "coordinates": [[78.3940159, 17.4677074], [78.394084, 17.466392]]}, "properties": {"class": "residential"}}, {"type": "Feature", "geometry": {"type": "LineString", "coordinates": [[78.3874695, 17.4573751], [78.3874804, 17.4570167]]}, "properties": {"class": "residential"}}, {"type": "Feature", "geometry": {"type": "LineString", "coordinates": [[78.3638849, 17.450423], [78.3645552, 17.4503509], [78.3649956, 17.4503036], [78.3658288, 17.4501957]]}, "properties": {"class": "residential"}}, {"type": "Feature", "geometry": {"type": "LineString", "coordinates": [[78.3913754, 17.4546763], [78.3914533, 17.4544048], [78.3914723, 17.4543317]]}, "properties": {"class": "residential"}}, {"type": "Feature", "geometry": {"type": "LineString", "coordinates": [[78.3691444, 17.4575207], [78.3685548, 17.4575315], [78.367939, 17.4575349]]}, "properties": {"class": "residential"}}, {"type": "Feature", "geometry": {"type": "LineString", "coordinates": [[78.3663753, 17.4604001], [78.3660887, 17.4604648], [78.3655213, 17.4605785]]}, "properties": {"class": "residential"}}, {"type": "Feature", "geometry": {"type": "LineString", "coordinates": [[78.3873569, 17.4479664], [78.387355, 17.4476868]]}, "properties": {"class": "residential"}}, {"type": "Feature", "geometry": {"type": "LineString", "coordinates": [[78.3957124, 17.429147], [78.395514, 17.4292188], [78.3953499, 17.429267]]}, "properties": {"class": "residential"}}, {"type": "Feature", "geometry": {"type": "LineString", "coordinates": [[78.3949706, 17.4668417], [78.3948921, 17.4679393]]}, "properties": {"class": "residential"}}, {"type": "Feature", "geometry": {"type": "LineString", "coordinates": [[78.3891033, 17.4425145], [78.3886054, 17.4426877], [78.3882801, 17.4427859], [78.38807, 17.4428419], [78.3879257, 17.4428723], [78.3878924, 17.4428751], [78.3878589, 17.4428706], [78.3877253, 17.4428476]]}, "properties": {"class": "residential"}}, {"type": "Feature", "geometry": {"type": "LineString", "coordinates": [[78.3645735, 17.4417191], [78.3648814, 17.4415675], [78.3651327, 17.4414195], [78.3653562, 17.4412822]]}, "properties": {"class": "residential"}}, {"type": "Feature", "geometry": {"type": "LineString", "coordinates": [[78.3640003, 17.4443893], [78.3640291, 17.4442366], [78.3640221, 17.4440604], [78.3640141, 17.4439064]]}, "properties": {"class": "residential"}}, {"type": "Feature", "geometry": {"type": "LineString", "coordinates": [[78.3672446, 17.4663974], [78.3669804, 17.4664264], [78.3667319, 17.4664433]]}, "properties": {"class": "residential"}}, {"type": "Feature", "geometry": {"type": "LineString", "coordinates": [[78.3631229, 17.4661831], [78.3628873, 17.4661673], [78.3626646, 17.4661725], [78.3623859, 17.4661447], [78.3623987, 17.466001]]}, "properties": {"class": "residential"}}, {"type": "Feature", "geometry": {"type": "LineString", "coordinates": [[78.3559076, 17.4682076], [78.3559103, 17.4682724], [78.3558892, 17.4689621], [78.3558795, 17.4693074], [78.355865, 17.4698584], [78.3558645, 17.4698907]]}, "properties": {"class": "residential"}}, {"type": "Feature", "geometry": {"type": "LineString", "coordinates": [[78.3771355, 17.4421954], [78.3769624, 17.4421864], [78.3760946, 17.4421839], [78.3755601, 17.4421701], [78.3753777, 17.4421689], [78.3752622, 17.4421682], [78.3750326, 17.4421717], [78.3748401, 17.4421747], [78.3742624, 17.4422325]]}, "properties": {"class": "residential"}}, {"type": "Feature", "geometry": {"type": "LineString", "coordinates": [[78.3804138, 17.4492142], [78.3810792, 17.4490783], [78.3816055, 17.4489319]]}, "properties": {"class": "residential"}}, {"type": "Feature", "geometry": {"type": "LineString", "coordinates": [[78.3660713, 17.4451736], [78.366329, 17.4447602], [78.3666144, 17.4443022]]}, "properties": {"class": "residential"}}, {"type": "Feature", "geometry": {"type": "LineString", "coordinates": [[78.3655571, 17.4591073], [78.3656153, 17.4593859], [78.3655054, 17.4594107]]}, "properties": {"class": "residential"}}, {"type": "Feature", "geometry": {"type": "LineString", "coordinates": [[78.3877992, 17.4462294], [78.3878369, 17.4469248], [78.3874343, 17.4469327]]}, "properties": {"class": "residential"}}, {"type": "Feature", "geometry": {"type": "LineString", "coordinates": [[78.399906, 17.4531331], [78.3991612, 17.4532316]]}, "properties": {"class": "residential"}}, {"type": "Feature", "geometry": {"type": "LineString", "coordinates": [[78.4007069, 17.4646606], [78.4007519, 17.4646831], [78.4009589, 17.4651853], [78.4009581, 17.4652474], [78.400923, 17.465303], [78.4008116, 17.4653494]]}, "properties": {"class": "residential"}}, {"type": "Feature", "geometry": {"type": "LineString", "coordinates": [[78.3655278, 17.4417217], [78.365405, 17.4414356], [78.3653562, 17.4412822], [78.3653011, 17.4411244], [78.3651912, 17.4408098], [78.3651286, 17.4406699], [78.3647532, 17.4399168], [78.3644637, 17.439374]]}, "properties": {"class": "residential"}}, {"type": "Feature", "geometry": {"type": "LineString", "coordinates": [[78.3738132, 17.4329796], [78.3743362, 17.4327868], [78.3747417, 17.4326383]]}, "properties": {"class": "residential"}}, {"type": "Feature", "geometry": {"type": "LineString", "coordinates": [[78.3994484, 17.4465672], [78.3999175, 17.4464542], [78.4001911, 17.4463792], [78.4006662, 17.4462432]]}, "properties": {"class": "residential"}}, {"type": "Feature", "geometry": {"type": "LineString", "coordinates": [[78.3653531, 17.4661335], [78.3651897, 17.4661872], [78.3650079, 17.4662514]]}, "properties": {"class": "residential"}}, {"type": "Feature", "geometry": {"type": "LineString", "coordinates": [[78.3880596, 17.4432771], [78.3879845, 17.4441958]]}, "properties": {"class": "residential"}}, {"type": "Feature", "geometry": {"type": "LineString", "coordinates": [[78.3612863, 17.4418393], [78.3613363, 17.4417636], [78.3614177, 17.4415447]]}, "properties": {"class": "residential"}}, {"type": "Feature", "geometry": {"type": "LineString", "coordinates": [[78.3594966, 17.4655655], [78.3598602, 17.4655002], [78.360216, 17.4654363], [78.3605636, 17.4653791], [78.3607314, 17.4653437], [78.3607387, 17.4653424], [78.3610894, 17.4652589], [78.361396, 17.4651861], [78.3617608, 17.4650995]]}, "properties": {"class": "residential"}}, {"type": "Feature", "geometry": {"type": "LineString", "coordinates": [[78.3515464, 17.4649286], [78.3522759, 17.4653861], [78.3525126, 17.4654797]]}, "properties": {"class": "residential"}}, {"type": "Feature", "geometry": {"type": "LineString", "coordinates": [[78.3794939, 17.4229501], [78.3796662, 17.4228364], [78.3798504, 17.4227082]]}, "properties": {"class": "residential"}}, {"type": "Feature", "geometry": {"type": "LineString", "coordinates": [[78.360226, 17.4440457], [78.360119, 17.4436734], [78.3600304, 17.4433554], [78.3604449, 17.4432283]]}, "properties": {"class": "residential"}}, {"type": "Feature", "geometry": {"type": "LineString", "coordinates": [[78.3887604, 17.446123], [78.3885377, 17.446496], [78.3883675, 17.4468122], [78.388222, 17.4470825], [78.3880577, 17.4473812], [78.3878887, 17.4477451], [78.3878595, 17.4477829], [78.3878254, 17.4477945], [78.3877891, 17.447802], [78.3877311, 17.4477917], [78.387355, 17.4476868], [78.3871564, 17.4476656], [78.3869036, 17.4476564], [78.3866808, 17.4476458], [78.3864427, 17.4476344], [78.3859661, 17.4476246]]}, "properties": {"class": "residential"}}, {"type": "Feature", "geometry": {"type": "LineString", "coordinates": [[78.3899062, 17.4540636], [78.3898691, 17.45484]]}, "properties": {"class": "residential"}}, {"type": "Feature", "geometry": {"type": "LineString", "coordinates": [[78.3858901, 17.4436191], [78.3854119, 17.4437381], [78.3849593, 17.4438524]]}, "properties": {"class": "residential"}}, {"type": "Feature", "geometry": {"type": "LineString", "coordinates": [[78.3888069, 17.4471282], [78.3888827, 17.4471646], [78.3893944, 17.4474112], [78.3894338, 17.4474315], [78.3894816, 17.447456], [78.3895768, 17.4474944], [78.389673, 17.447514], [78.3898906, 17.4475328]]}, "properties": {"class": "residential"}}, {"type": "Feature", "geometry": {"type": "LineString", "coordinates": [[78.3939126, 17.4487801], [78.3939728, 17.4483707], [78.393981, 17.4483147], [78.394095, 17.4475199], [78.3949721, 17.4472391]]}, "properties": {"class": "residential"}}, {"type": "Feature", "geometry": {"type": "LineString", "coordinates": [[78.3822853, 17.4213697], [78.3821479, 17.4215601], [78.3820446, 17.4216809], [78.3819218, 17.4217928], [78.3816923, 17.4219506], [78.3813145, 17.4222339], [78.3812457, 17.4223181]]}, "properties": {"class": "residential"}}, {"type": "Feature", "geometry": {"type": "LineString", "coordinates": [[78.3642962, 17.4448984], [78.3638729, 17.4449662], [78.363648, 17.4450022]]}, "properties": {"class": "residential"}}, {"type": "Feature", "geometry": {"type": "LineString", "coordinates": [[78.3513129, 17.4197449], [78.3524186, 17.4194968], [78.352459, 17.4195032], [78.3525225, 17.4197859]]}, "properties": {"class": "residential"}}, {"type": "Feature", "geometry": {"type": "LineString", "coordinates": [[78.3875506, 17.4432284], [78.387772, 17.4432462], [78.3880596, 17.4432771], [78.3883406, 17.4433028], [78.3886125, 17.4432773], [78.3887506, 17.443246], [78.3888768, 17.4432058], [78.3889384, 17.4431699], [78.3889747, 17.443129], [78.3890095, 17.4430713], [78.389087, 17.4428679], [78.3891155, 17.4428021], [78.3891343, 17.4427215], [78.3891264, 17.4426094]]}, "properties": {"class": "residential"}}, {"type": "Feature", "geometry": {"type": "LineString", "coordinates": [[78.3629194, 17.4467926], [78.3626883, 17.4468759], [78.3624656, 17.4469925], [78.3623648, 17.4468348], [78.3623991, 17.446806]]}, "properties": {"class": "residential"}}, {"type": "Feature", "geometry": {"type": "LineString", "coordinates": [[78.3936779, 17.4259338], [78.3933233, 17.4263481], [78.3928257, 17.4266526], [78.3925288, 17.4263608]]}, "properties": {"class": "residential"}}, {"type": "Feature", "geometry": {"type": "LineString", "coordinates": [[78.3989719, 17.4309646], [78.3990168, 17.4310154], [78.3991229, 17.4311375], [78.3992449, 17.4312167], [78.3995538, 17.4316064]]}, "properties": {"class": "residential"}}, {"type": "Feature", "geometry": {"type": "LineString", "coordinates": [[78.4006964, 17.4677855], [78.4007507, 17.4677124], [78.4007727, 17.4676557], [78.4008109, 17.4675474], [78.4011899, 17.4673745], [78.4016258, 17.4672293], [78.4021603, 17.4671458], [78.4021944, 17.4671166], [78.4022143, 17.4670877], [78.402292, 17.4670837], [78.4027003, 17.4670972], [78.4029467, 17.4670928], [78.4031695, 17.4670701], [78.403272, 17.4670869], [78.4034116, 17.4671736], [78.403443, 17.4671878], [78.4035562, 17.4672247], [78.4036642, 17.4672384]]}, "properties": {"class": "residential"}}, {"type": "Feature", "geometry": {"type": "LineString", "coordinates": [[78.3624082, 17.4458661], [78.3622395, 17.4456764]]}, "properties": {"class": "residential"}}, {"type": "Feature", "geometry": {"type": "LineString", "coordinates": [[78.3996193, 17.4569162], [78.3998185, 17.4568418], [78.4000188, 17.4567965], [78.4000485, 17.4571115]]}, "properties": {"class": "residential"}}, {"type": "Feature", "geometry": {"type": "LineString", "coordinates": [[78.3618042, 17.4413021], [78.3619693, 17.4415147], [78.3620109, 17.4415371], [78.3620563, 17.4415249], [78.3621275, 17.4414753], [78.3623323, 17.4413328]]}, "properties": {"class": "residential"}}, {"type": "Feature", "geometry": {"type": "LineString", "coordinates": [[78.3547707, 17.4675098], [78.354799, 17.4669276], [78.3547985, 17.4668013]]}, "properties": {"class": "residential"}}, {"type": "Feature", "geometry": {"type": "LineString", "coordinates": [[78.394796, 17.4252395], [78.394606, 17.425851], [78.3944313, 17.4264873], [78.3936779, 17.4259338], [78.3932506, 17.4255931], [78.3930857, 17.4254638]]}, "properties": {"class": "residential"}}, {"type": "Feature", "geometry": {"type": "LineString", "coordinates": [[78.4007504, 17.4570799], [78.4011212, 17.4570599], [78.401286, 17.4571935]]}, "properties": {"class": "residential"}}, {"type": "Feature", "geometry": {"type": "LineString", "coordinates": [[78.3918785, 17.4445045], [78.3917833, 17.4447547], [78.3917211, 17.4449647]]}, "properties": {"class": "residential"}}, {"type": "Feature", "geometry": {"type": "LineString", "coordinates": [[78.3893235, 17.4459267], [78.3900677, 17.4462956], [78.3900908, 17.4463129], [78.3901032, 17.4463321], [78.3901072, 17.4463544], [78.3901016, 17.4463713], [78.3900161, 17.4464998], [78.3899271, 17.4466336], [78.3899061, 17.4466651], [78.3898852, 17.4466966]]}, "properties": {"class": "residential"}}, {"type": "Feature", "geometry": {"type": "LineString", "coordinates": [[78.4007529, 17.4556137], [78.4010124, 17.4556108], [78.4010426, 17.4556229]]}, "properties": {"class": "residential"}}, {"type": "Feature", "geometry": {"type": "LineString", "coordinates": [[78.403278, 17.4542776], [78.4026002, 17.4546229], [78.402374, 17.4547486], [78.402048, 17.4549189], [78.4019585, 17.4549582], [78.4013303, 17.4552908], [78.401235, 17.455077], [78.4011719, 17.4548995], [78.4010891, 17.4546656], [78.4010625, 17.4545905], [78.4009759, 17.4543774], [78.4007623, 17.4539247], [78.4003246, 17.4532025]]}, "properties": {"class": "residential"}}, {"type": "Feature", "geometry": {"type": "LineString", "coordinates": [[78.393633, 17.4410245], [78.393858, 17.4409585], [78.3940183, 17.4409049], [78.3942871, 17.4408129], [78.3944866, 17.440748], [78.3945015, 17.4407446], [78.3945221, 17.4407448], [78.3945436, 17.4407511], [78.3945554, 17.440759]]}, "properties": {"class": "residential"}}, {"type": "Feature", "geometry": {"type": "LineString", "coordinates": [[78.4001492, 17.4681857], [78.4008569, 17.4680091]]}, "properties": {"class": "residential"}}, {"type": "Feature", "geometry": {"type": "LineString", "coordinates": [[78.4009634, 17.4248261], [78.4009414, 17.4247527], [78.4008501, 17.4244673], [78.4007815, 17.4242149], [78.4006614, 17.4237611], [78.4006319, 17.4236247], [78.4006197, 17.4236033], [78.4006019, 17.4235875], [78.4005787, 17.423582], [78.4005448, 17.4235819], [78.4004974, 17.4235905]]}, "properties": {"class": "residential"}}, {"type": "Feature", "geometry": {"type": "LineString", "coordinates": [[78.3667443, 17.4341552], [78.3663624, 17.4336773]]}, "properties": {"class": "residential"}}, {"type": "Feature", "geometry": {"type": "LineString", "coordinates": [[78.3894637, 17.4178813], [78.3896969, 17.4182722], [78.389757, 17.4183871], [78.389835, 17.4185529], [78.3898964, 17.418691], [78.3899659, 17.4188379], [78.3902073, 17.4193245], [78.3902967, 17.4194982], [78.3903454, 17.4195795], [78.3904722, 17.419783], [78.3907551, 17.4202359], [78.3910157, 17.4207342], [78.3910641, 17.4208528], [78.391161, 17.4211233], [78.3912015, 17.4212465], [78.3914175, 17.4219039], [78.3915757, 17.422301], [78.3916672, 17.4224562], [78.391798, 17.4226301], [78.3919025, 17.4227586], [78.3919976, 17.422853], [78.3921347, 17.4229759], [78.3922394, 17.4230567], [78.3924062, 17.423173], [78.392674, 17.4233777], [78.3931697, 17.4237159], [78.3939461, 17.4242993], [78.3944579, 17.4247185]]}, "properties": {"class": "secondary"}}, {"type": "Feature", "geometry": {"type": "LineString", "coordinates": [[78.3650101, 17.444845], [78.3649394, 17.4446951]]}, "properties": {"class": "residential"}}, {"type": "Feature", "geometry": {"type": "LineString", "coordinates": [[78.3802075, 17.4484867], [78.3808279, 17.4483104], [78.3814352, 17.4481404]]}, "properties": {"class": "residential"}}, {"type": "Feature", "geometry": {"type": "LineString", "coordinates": [[78.397488, 17.4197242], [78.3972979, 17.4194111], [78.3977348, 17.4192323], [78.3975643, 17.4187616]]}, "properties": {"class": "residential"}}, {"type": "Feature", "geometry": {"type": "LineString", "coordinates": [[78.3976762, 17.4562156], [78.397849, 17.4565504], [78.3979007, 17.4566631], [78.398092, 17.4570803], [78.398241, 17.4574011], [78.3983019, 17.457532], [78.3984739, 17.4578571]]}, "properties": {"class": "residential"}}, {"type": "Feature", "geometry": {"type": "LineString", "coordinates": [[78.3988036, 17.46525], [78.3990195, 17.4652235], [78.3992609, 17.4651595], [78.3995841, 17.46507], [78.3996983, 17.4650266], [78.3999498, 17.4649311], [78.4003386, 17.4647834], [78.4007069, 17.4646606]]}, "properties": {"class": "residential"}}, {"type": "Feature", "geometry": {"type": "LineString", "coordinates": [[78.3794582, 17.4236345], [78.3792218, 17.4238933], [78.379173, 17.423966], [78.3791171, 17.424063], [78.3790053, 17.4243044], [78.3789545, 17.424383], [78.3788592, 17.4244841], [78.3788417, 17.4245217], [78.3788397, 17.4245566], [78.3788448, 17.4246143], [78.378915, 17.4248066], [78.3789798, 17.424846], [78.3792205, 17.4246609], [78.3793046, 17.4246423], [78.3793988, 17.4246381]]}, "properties": {"class": "residential"}}, {"type": "Feature", "geometry": {"type": "LineString", "coordinates": [[78.3894334, 17.436683], [78.3896321, 17.4366666], [78.3901844, 17.436621], [78.3904677, 17.4365976]]}, "properties": {"class": "residential"}}, {"type": "Feature", "geometry": {"type": "LineString", "coordinates": [[78.3903337, 17.4451776], [78.3900102, 17.4458535]]}, "properties": {"class": "residential"}}, {"type": "Feature", "geometry": {"type": "LineString", "coordinates": [[78.3952775, 17.4690153], [78.3952926, 17.4686287], [78.3952987, 17.4682368], [78.3953116, 17.4679358], [78.3953158, 17.4678379]]}, "properties": {"class": "residential"}}, {"type": "Feature", "geometry": {"type": "LineString", "coordinates": [[78.3868158, 17.4456784], [78.3869047, 17.4459015], [78.3869348, 17.4459956], [78.3869434, 17.4460879], [78.3869647, 17.446313], [78.3870286, 17.4473239]]}, "properties": {"class": "residential"}}, {"type": "Feature", "geometry": {"type": "LineString", "coordinates": [[78.3730404, 17.4575091], [78.3728063, 17.4570052], [78.3725878, 17.456488], [78.3726671, 17.4564778], [78.3730034, 17.4564327]]}, "properties": {"class": "residential"}}, {"type": "Feature", "geometry": {"type": "LineString", "coordinates": [[78.3993623, 17.4560227], [78.399412, 17.4558813], [78.3994135, 17.4555496], [78.3994356, 17.455465]]}, "properties": {"class": "residential"}}, {"type": "Feature", "geometry": {"type": "LineString", "coordinates": [[78.3996791, 17.4551032], [78.3994909, 17.4551523], [78.3993902, 17.4551974]]}, "properties": {"class": "residential"}}, {"type": "Feature", "geometry": {"type": "LineString", "coordinates": [[78.3939719, 17.4654292], [78.3938351, 17.4651329], [78.3936862, 17.4648107], [78.3940929, 17.4646068]]}, "properties": {"class": "residential"}}, {"type": "Feature", "geometry": {"type": "LineString", "coordinates": [[78.394469, 17.4675844], [78.3940159, 17.4677074], [78.3935917, 17.4678452], [78.3932421, 17.4679439]]}, "properties": {"class": "residential"}}, {"type": "Feature", "geometry": {"type": "LineString", "coordinates": [[78.3593379, 17.4415503], [78.3596465, 17.4420551], [78.3598087, 17.4420087], [78.3601525, 17.4425256]]}, "properties": {"class": "residential"}}, {"type": "Feature", "geometry": {"type": "LineString", "coordinates": [[78.3868031, 17.4463287], [78.3869647, 17.446313], [78.3873824, 17.4462757], [78.3877992, 17.4462294], [78.3879112, 17.4462291], [78.3879633, 17.4462375], [78.3885377, 17.446496]]}, "properties": {"class": "residential"}}, {"type": "Feature", "geometry": {"type": "LineString", "coordinates": [[78.3740292, 17.4306528], [78.3742367, 17.4309885], [78.3746215, 17.4316111]]}, "properties": {"class": "residential"}}, {"type": "Feature", "geometry": {"type": "LineString", "coordinates": [[78.4009591, 17.468143], [78.401145, 17.4683792], [78.4013296, 17.468665], [78.4013516, 17.4688371]]}, "properties": {"class": "residential"}}, {"type": "Feature", "geometry": {"type": "LineString", "coordinates": [[78.3924279, 17.4440754], [78.3923623, 17.4442484], [78.3923549, 17.4442833], [78.3923509, 17.4443208], [78.3923571, 17.4444461]]}, "properties": {"class": "residential"}}, {"type": "Feature", "geometry": {"type": "LineString", "coordinates": [[78.3625903, 17.4456354], [78.3623662, 17.4455029]]}, "properties": {"class": "residential"}}, {"type": "Feature", "geometry": {"type": "LineString", "coordinates": [[78.3564765, 17.4402324], [78.3563604, 17.4403452], [78.356383, 17.4404194], [78.3566601, 17.4406706], [78.3566829, 17.4406795], [78.3567251, 17.4406776], [78.35676, 17.4406693], [78.3572087, 17.4402885], [78.3577634, 17.4398277]]}, "properties": {"class": "residential"}}, {"type": "Feature", "geometry": {"type": "LineString", "coordinates": [[78.401062, 17.4658912], [78.4009481, 17.4656188], [78.4008116, 17.4653494], [78.4007044, 17.4653976], [78.4005974, 17.4654317], [78.4005102, 17.4654498], [78.4004461, 17.4654632], [78.4001872, 17.4655564], [78.3999418, 17.4655696]]}, "properties": {"class": "residential"}}, {"type": "Feature", "geometry": {"type": "LineString", "coordinates": [[78.3793126, 17.4209076], [78.3790908, 17.4210905], [78.3786856, 17.4214394], [78.3785081, 17.4215843], [78.3783475, 17.4214068]]}, "properties": {"class": "residential"}}, {"type": "Feature", "geometry": {"type": "LineString", "coordinates": [[78.3712882, 17.430175], [78.3716958, 17.4298675], [78.3717235, 17.4298124], [78.3717047, 17.4297285], [78.3714293, 17.4293631], [78.3709055, 17.4287051]]}, "properties": {"class": "residential"}}, {"type": "Feature", "geometry": {"type": "LineString", "coordinates": [[78.3939193, 17.4216351], [78.3939632, 17.4205801], [78.3943945, 17.4203695], [78.3951683, 17.420348], [78.3952856, 17.4209021]]}, "properties": {"class": "residential"}}, {"type": "Feature", "geometry": {"type": "LineString", "coordinates": [[78.3978935, 17.4547035], [78.3982505, 17.4554436], [78.3985064, 17.4560158], [78.3986234, 17.4563366], [78.3988809, 17.4568635], [78.3991767, 17.4575616], [78.3992922, 17.4577791]]}, "properties": {"class": "residential"}}, {"type": "Feature", "geometry": {"type": "LineString", "coordinates": [[78.3990268, 17.4529456], [78.3989605, 17.4527974], [78.3988621, 17.4525653], [78.3986694, 17.4521377], [78.398494, 17.4517487], [78.3983797, 17.4514856], [78.3983704, 17.4514541], [78.3983678, 17.4514208], [78.3983758, 17.4513825], [78.3983794, 17.4513245]]}, "properties": {"class": "residential"}}, {"type": "Feature", "geometry": {"type": "LineString", "coordinates": [[78.3819549, 17.4208097], [78.3818835, 17.4203059], [78.3819657, 17.4202886], [78.3822064, 17.420238], [78.3823837, 17.4202044], [78.3824813, 17.4201733], [78.3825504, 17.4201326], [78.3826277, 17.420088]]}, "properties": {"class": "residential"}}, {"type": "Feature", "geometry": {"type": "LineString", "coordinates": [[78.396302, 17.4398289], [78.3966561, 17.4397699], [78.3969507, 17.4396917]]}, "properties": {"class": "residential"}}, {"type": "Feature", "geometry": {"type": "LineString", "coordinates": [[78.3651327, 17.4414195], [78.3648938, 17.4409959]]}, "properties": {"class": "residential"}}, {"type": "Feature", "geometry": {"type": "LineString", "coordinates": [[78.3624222, 17.4463516], [78.3625044, 17.4462989], [78.3627445, 17.4462738]]}, "properties": {"class": "residential"}}, {"type": "Feature", "geometry": {"type": "LineString", "coordinates": [[78.3623949, 17.4624324], [78.362122, 17.4614794], [78.362088, 17.4613608], [78.362056, 17.4613319], [78.3620163, 17.461325], [78.361773, 17.4614381], [78.3617581, 17.4614484], [78.3613887, 17.4616525], [78.3608298, 17.4619549]]}, "properties": {"class": "residential"}}, {"type": "Feature", "geometry": {"type": "LineString", "coordinates": [[78.3590098, 17.4399852], [78.3590984, 17.4403666], [78.3591175, 17.4404336]]}, "properties": {"class": "residential"}}, {"type": "Feature", "geometry": {"type": "LineString", "coordinates": [[78.3800753, 17.4204457], [78.3802139, 17.4202507], [78.3803932, 17.419978], [78.380424, 17.4199543], [78.3804744, 17.4199432], [78.3806937, 17.419958], [78.3811786, 17.4199907]]}, "properties": {"class": "residential"}}, {"type": "Feature", "geometry": {"type": "LineString", "coordinates": [[78.3538885, 17.4679408], [78.3543201, 17.4679484], [78.3546024, 17.4679534], [78.354764, 17.4679563], [78.3552377, 17.4679647]]}, "properties": {"class": "residential"}}, {"type": "Feature", "geometry": {"type": "LineString", "coordinates": [[78.3655589, 17.4659577], [78.3655494, 17.4660153], [78.3655193, 17.4660655], [78.3653531, 17.4661335], [78.3653055, 17.4670879], [78.3653044, 17.4671026], [78.3652328, 17.4685022]]}, "properties": {"class": "residential"}}, {"type": "Feature", "geometry": {"type": "LineString", "coordinates": [[78.3715567, 17.4660225], [78.3714628, 17.465657], [78.371443, 17.4656294], [78.3714121, 17.465608], [78.3708291, 17.4655359], [78.3704435, 17.4655052], [78.3704137, 17.4655065], [78.3703835, 17.4655138], [78.3702638, 17.4655624], [78.3696393, 17.4658161], [78.3695852, 17.4658702], [78.3695373, 17.4659314], [78.3695015, 17.4659556], [78.3690774, 17.4661296], [78.3690696, 17.4661599], [78.3690732, 17.4662016], [78.3691777, 17.4664281]]}, "properties": {"class": "residential"}}, {"type": "Feature", "geometry": {"type": "LineString", "coordinates": [[78.3943494, 17.4402893], [78.3942473, 17.4399947], [78.3942075, 17.439863], [78.3941752, 17.4397192], [78.3941281, 17.4395834], [78.3940974, 17.4394285], [78.3940393, 17.4392011], [78.3939677, 17.4389911], [78.3939099, 17.4388499]]}, "properties": {"class": "residential"}}, {"type": "Feature", "geometry": {"type": "LineString", "coordinates": [[78.4000188, 17.4567965], [78.4001739, 17.4567696], [78.4002841, 17.4567687], [78.4003418, 17.4567821], [78.4003706, 17.4568021], [78.4004096, 17.4568304], [78.4005519, 17.4568576], [78.4006919, 17.4568606], [78.4007223, 17.4568539], [78.4007495, 17.4568252]]}, "properties": {"class": "residential"}}, {"type": "Feature", "geometry": {"type": "LineString", "coordinates": [[78.402622, 17.4567358], [78.4023163, 17.4561442], [78.4021628, 17.4558622]]}, "properties": {"class": "residential"}}, {"type": "Feature", "geometry": {"type": "LineString", "coordinates": [[78.3999819, 17.4534465], [78.399807, 17.453478], [78.3996292, 17.4535303]]}, "properties": {"class": "residential"}}, {"type": "Feature", "geometry": {"type": "LineString", "coordinates": [[78.382609, 17.4186971], [78.3826573, 17.4195012], [78.3829688, 17.4194713], [78.3830139, 17.4194501], [78.3830604, 17.4194058], [78.3830749, 17.419351], [78.3830543, 17.4187007]]}, "properties": {"class": "residential"}}, {"type": "Feature", "geometry": {"type": "LineString", "coordinates": [[78.3882626, 17.4442034], [78.3883406, 17.4433028]]}, "properties": {"class": "residential"}}, {"type": "Feature", "geometry": {"type": "LineString", "coordinates": [[78.3805309, 17.4221541], [78.3802326, 17.4224068], [78.3798504, 17.4227082]]}, "properties": {"class": "residential"}}, {"type": "Feature", "geometry": {"type": "LineString", "coordinates": [[78.3575121, 17.4450074], [78.3573899, 17.4450586], [78.3573128, 17.4450761], [78.3572259, 17.4451058], [78.3570952, 17.4451457], [78.3567847, 17.445275], [78.3567564, 17.4452808]]}, "properties": {"class": "residential"}}, {"type": "Feature", "geometry": {"type": "LineString", "coordinates": [[78.3856821, 17.4491278], [78.3861423, 17.4491448], [78.3862046, 17.449148], [78.3862409, 17.4491673], [78.386271, 17.4491999], [78.3862844, 17.4492472], [78.3862619, 17.4502012], [78.3856384, 17.4501819]]}, "properties": {"class": "residential"}}, {"type": "Feature", "geometry": {"type": "LineString", "coordinates": [[78.3647897, 17.4599447], [78.3645202, 17.4601797], [78.3643784, 17.4602212], [78.3641998, 17.460273], [78.3628921, 17.460652], [78.3627601, 17.4607779], [78.3628939, 17.4610744]]}, "properties": {"class": "residential"}}, {"type": "Feature", "geometry": {"type": "LineString", "coordinates": [[78.3650624, 17.4591445], [78.3650766, 17.4592458], [78.3650953, 17.4596225], [78.3650819, 17.4597072], [78.3650671, 17.4597206], [78.365038, 17.4597366], [78.364953, 17.459759]]}, "properties": {"class": "residential"}}, {"type": "Feature", "geometry": {"type": "LineString", "coordinates": [[78.3794452, 17.4205933], [78.3794007, 17.4206248], [78.3791972, 17.4207791], [78.3789701, 17.4209332], [78.3783475, 17.4214068], [78.3781683, 17.421528], [78.3780106, 17.4216597]]}, "properties": {"class": "residential"}}, {"type": "Feature", "geometry": {"type": "LineString", "coordinates": [[78.3656655, 17.4447769], [78.3657066, 17.4448123], [78.3657215, 17.4448509]]}, "properties": {"class": "residential"}}, {"type": "Feature", "geometry": {"type": "LineString", "coordinates": [[78.3642884, 17.4442213], [78.3644032, 17.4441671], [78.3644972, 17.4441153], [78.3644965, 17.4440982], [78.3644584, 17.443976], [78.3644463, 17.4438952], [78.3644556, 17.4437862], [78.3644892, 17.443615], [78.3645205, 17.4435794], [78.3645752, 17.4435493], [78.3646275, 17.4435344], [78.36472, 17.4435035], [78.3647642, 17.4434983], [78.3648016, 17.443512], [78.3648212, 17.4435738], [78.3648471, 17.4438614], [78.3648639, 17.4438839], [78.3649145, 17.4439024], [78.3649442, 17.4439194]]}, "properties": {"class": "residential"}}, {"type": "Feature", "geometry": {"type": "LineString", "coordinates": [[78.3892245, 17.4652615], [78.3895154, 17.4651839], [78.3894537, 17.4650115], [78.3893867, 17.4648399], [78.3892987, 17.4645932]]}, "properties": {"class": "residential"}}, {"type": "Feature", "geometry": {"type": "LineString", "coordinates": [[78.398617, 17.4230088], [78.398682, 17.422983], [78.3993012, 17.4227375], [78.3993535, 17.4227209], [78.3992918, 17.4224151], [78.3992435, 17.4222628], [78.3992144, 17.4221969], [78.399027, 17.4220095], [78.398885, 17.4218655], [78.3987881, 17.4217286], [78.3986651, 17.4214347], [78.3984864, 17.4209]]}, "properties": {"class": "residential"}}, {"type": "Feature", "geometry": {"type": "LineString", "coordinates": [[78.3670752, 17.4441449], [78.3669156, 17.4440364], [78.3668444, 17.4439977], [78.3667272, 17.4439622], [78.3663233, 17.4438786], [78.3659392, 17.4437913], [78.3654636, 17.4436926]]}, "properties": {"class": "residential"}}, {"type": "Feature", "geometry": {"type": "LineString", "coordinates": [[78.3573833, 17.4632278], [78.3573121, 17.4632262], [78.3572375, 17.4632035]]}, "properties": {"class": "residential"}}, {"type": "Feature", "geometry": {"type": "LineString", "coordinates": [[78.3955119, 17.4409208], [78.3958323, 17.4407698], [78.3958772, 17.4407506], [78.3960942, 17.4406597], [78.3961139, 17.4406514], [78.3963107, 17.4405556], [78.3965369, 17.4404547], [78.396761, 17.4403696], [78.3971299, 17.4402228]]}, "properties": {"class": "residential"}}, {"type": "Feature", "geometry": {"type": "LineString", "coordinates": [[78.3952987, 17.4682368], [78.3956446, 17.4682749], [78.3960428, 17.4683177], [78.3961622, 17.4683305], [78.396251, 17.4683075], [78.3963158, 17.4679765]]}, "properties": {"class": "residential"}}, {"type": "Feature", "geometry": {"type": "LineString", "coordinates": [[78.3875159, 17.4448607], [78.3879122, 17.4447672], [78.3883302, 17.4446727], [78.3885077, 17.4446319], [78.3887909, 17.4445761], [78.3888151, 17.4445725], [78.3888365, 17.4445722], [78.3888859, 17.4445787]]}, "properties": {"class": "residential"}}, {"type": "Feature", "geometry": {"type": "LineString", "coordinates": [[78.3823676, 17.4209778], [78.3821364, 17.4211612], [78.3821164, 17.4211787], [78.3821392, 17.4212045], [78.3822853, 17.4213697], [78.3826833, 17.4217405]]}, "properties": {"class": "residential"}}, {"type": "Feature", "geometry": {"type": "LineString", "coordinates": [[78.4010703, 17.4189761], [78.4011136, 17.4185487]]}, "properties": {"class": "residential"}}, {"type": "Feature", "geometry": {"type": "LineString", "coordinates": [[78.3942982, 17.4492367], [78.3947081, 17.4492857], [78.3947174, 17.4492916], [78.3947245, 17.4493023], [78.394725, 17.4493139], [78.3946645, 17.4498252]]}, "properties": {"class": "residential"}}, {"type": "Feature", "geometry": {"type": "LineString", "coordinates": [[78.3857271, 17.4201928], [78.3856519, 17.4200338], [78.3855788, 17.4198794], [78.385436, 17.4196015], [78.3852652, 17.4192884], [78.3850793, 17.4188889], [78.3850233, 17.4187178], [78.3849763, 17.4185745], [78.3849143, 17.4183949], [78.3848542, 17.4182322], [78.3847852, 17.4180579], [78.384694, 17.4178416], [78.3845722, 17.4175818], [78.3844759, 17.4173785], [78.3844005, 17.4172313], [78.3842567, 17.4170127], [78.3841173, 17.416814], [78.3840334, 17.4166976], [78.3839872, 17.4166432], [78.3839356, 17.4165823], [78.3837389, 17.4163314], [78.3837114, 17.4163008], [78.3835986, 17.4161755], [78.3832904, 17.4158336], [78.3829832, 17.4154725], [78.3827971, 17.4152433], [78.3826936, 17.4151423], [78.3826298, 17.41508]]}, "properties": {"class": "tertiary"}}, {"type": "Feature", "geometry": {"type": "LineString", "coordinates": [[78.3560584, 17.440264], [78.355368, 17.4408411], [78.3552748, 17.4409202], [78.3551145, 17.4410562], [78.3552999, 17.4412882], [78.3553361, 17.4413055], [78.3553636, 17.4412993], [78.3553823, 17.441286], [78.3555305, 17.4411744], [78.3555887, 17.4411306]]}, "properties": {"class": "residential"}}, {"type": "Feature", "geometry": {"type": "LineString", "coordinates": [[78.3792631, 17.4233412], [78.3794582, 17.4236345], [78.3795369, 17.4235374], [78.3796151, 17.4234658], [78.3797678, 17.4233479]]}, "properties": {"class": "residential"}}, {"type": "Feature", "geometry": {"type": "LineString", "coordinates": [[78.3504914, 17.4205237], [78.3507627, 17.4204596], [78.3510318, 17.4204315], [78.3512529, 17.4204469], [78.3514559, 17.4204106], [78.3517639, 17.4203289], [78.3518573, 17.4203289], [78.3519645, 17.4203106], [78.3520689, 17.4202503], [78.3520991, 17.4201874], [78.3521375, 17.4201297], [78.3522697, 17.4201219], [78.3527117, 17.419996], [78.3528409, 17.4199751]]}, "properties": {"class": "residential"}}, {"type": "Feature", "geometry": {"type": "LineString", "coordinates": [[78.3808358, 17.4223655], [78.3805002, 17.4227176], [78.3802991, 17.4229615], [78.3801718, 17.4230878], [78.3799768, 17.4232175], [78.379855, 17.4232882], [78.3797678, 17.4233479]]}, "properties": {"class": "residential"}}, {"type": "Feature", "geometry": {"type": "LineString", "coordinates": [[78.3607364, 17.4657326], [78.3608698, 17.4663544], [78.3609107, 17.4664081], [78.3609442, 17.4664235], [78.3610153, 17.4664215], [78.3613999, 17.4663337], [78.3615463, 17.4662983], [78.3619274, 17.4662062]]}, "properties": {"class": "residential"}}, {"type": "Feature", "geometry": {"type": "LineString", "coordinates": [[78.3936395, 17.4304651], [78.393344, 17.4303116], [78.3932532, 17.42995], [78.3933579, 17.4298119], [78.3934966, 17.429684], [78.3935382, 17.4296439], [78.3935742, 17.4297029], [78.3936439, 17.4298318], [78.3934938, 17.4298972], [78.3933695, 17.4299255], [78.3932532, 17.42995]]}, "properties": {"class": "residential"}}, {"type": "Feature", "geometry": {"type": "LineString", "coordinates": [[78.3937115, 17.465723], [78.3944943, 17.4654259], [78.3945834, 17.4653921]]}, "properties": {"class": "residential"}}, {"type": "Feature", "geometry": {"type": "LineString", "coordinates": [[78.3655888, 17.4518605], [78.3655187, 17.4514281], [78.3652669, 17.4514725], [78.3650151, 17.451517]]}, "properties": {"class": "residential"}}, {"type": "Feature", "geometry": {"type": "LineString", "coordinates": [[78.354764, 17.4679563], [78.3547648, 17.4683641], [78.3547582, 17.4687296], [78.3547601, 17.4687711], [78.3554019, 17.4687819], [78.3554843, 17.4687815], [78.355486, 17.4683724], [78.3554842, 17.4679752]]}, "properties": {"class": "residential"}}, {"type": "Feature", "geometry": {"type": "LineString", "coordinates": [[78.3730724, 17.4314789], [78.3734324, 17.4311773], [78.3737486, 17.4308927], [78.3737774, 17.4308681], [78.3740292, 17.4306528], [78.3742456, 17.4304592], [78.3742981, 17.4304255], [78.3743762, 17.4303606], [78.3745901, 17.4301844], [78.3746691, 17.4301194], [78.3749663, 17.4298528], [78.3750482, 17.4298252]]}, "properties": {"class": "residential"}}, {"type": "Feature", "geometry": {"type": "LineString", "coordinates": [[78.3926678, 17.4517908], [78.3926339, 17.4512391], [78.3926486, 17.4512085], [78.3926861, 17.4511854], [78.3927405, 17.451172], [78.3935778, 17.4510804], [78.3940279, 17.4510312], [78.3950041, 17.4509356]]}, "properties": {"class": "residential"}}, {"type": "Feature", "geometry": {"type": "LineString", "coordinates": [[78.3890961, 17.4400723], [78.3888721, 17.4401479], [78.3887673, 17.4401861], [78.3887044, 17.4402451], [78.3879903, 17.4404633], [78.3879779, 17.4404709], [78.3879634, 17.4404851], [78.3879625, 17.4405036], [78.3880035, 17.4406017], [78.3881137, 17.4409073]]}, "properties": {"class": "residential"}}, {"type": "Feature", "geometry": {"type": "LineString", "coordinates": [[78.3970624, 17.4415649], [78.3967095, 17.4413218], [78.3966448, 17.4411956], [78.3965843, 17.4410625], [78.3963107, 17.4405556], [78.3961323, 17.4401364], [78.3961323, 17.4401234], [78.3961377, 17.440114], [78.3961504, 17.4401039], [78.3963319, 17.4399944]]}, "properties": {"class": "residential"}}, {"type": "Feature", "geometry": {"type": "LineString", "coordinates": [[78.3658428, 17.4625147], [78.3654676, 17.462568], [78.3653941, 17.4625763], [78.3650481, 17.4626156], [78.3649723, 17.462625], [78.3646896, 17.4626646], [78.3646152, 17.462675], [78.3645292, 17.4626649], [78.3642544, 17.4626326], [78.3639272, 17.4625175], [78.3635946, 17.4623793], [78.3632817, 17.462199], [78.3629533, 17.4612385]]}, "properties": {"class": "residential"}}, {"type": "Feature", "geometry": {"type": "LineString", "coordinates": [[78.3628939, 17.4610744], [78.3629115, 17.461123], [78.3629274, 17.4611669], [78.3629533, 17.4612385]]}, "properties": {"class": "residential"}}, {"type": "Feature", "geometry": {"type": "LineString", "coordinates": [[78.3662166, 17.4624644], [78.3663832, 17.4635554], [78.3664937, 17.4642593]]}, "properties": {"class": "residential"}}, {"type": "Feature", "geometry": {"type": "LineString", "coordinates": [[78.3791296, 17.4189769], [78.3787309, 17.4187342], [78.3786964, 17.4187051], [78.378678, 17.4186705], [78.3786328, 17.4184862], [78.3785248, 17.4181175], [78.3784296, 17.4177295]]}, "properties": {"class": "residential"}}, {"type": "Feature", "geometry": {"type": "LineString", "coordinates": [[78.3646035, 17.451093], [78.3642906, 17.4511492]]}, "properties": {"class": "residential"}}, {"type": "Feature", "geometry": {"type": "LineString", "coordinates": [[78.3976092, 17.4679175], [78.397625, 17.4676338], [78.397639, 17.4675666], [78.3976715, 17.4675385], [78.3977218, 17.4675284], [78.3979402, 17.4675722], [78.3983192, 17.4675976]]}, "properties": {"class": "residential"}}, {"type": "Feature", "geometry": {"type": "LineString", "coordinates": [[78.3794531, 17.4229897], [78.3789522, 17.4224168]]}, "properties": {"class": "residential"}}, {"type": "Feature", "geometry": {"type": "LineString", "coordinates": [[78.3794939, 17.4229501], [78.3794531, 17.4229897]]}, "properties": {"class": "residential"}}, {"type": "Feature", "geometry": {"type": "LineString", "coordinates": [[78.3798999, 17.4223965], [78.3803667, 17.4220297]]}, "properties": {"class": "residential"}}, {"type": "Feature", "geometry": {"type": "LineString", "coordinates": [[78.3798504, 17.4227082], [78.3801197, 17.4230513]]}, "properties": {"class": "residential"}}, {"type": "Feature", "geometry": {"type": "LineString", "coordinates": [[78.3797678, 17.4233479], [78.3795182, 17.4229751], [78.3794939, 17.4229501]]}, "properties": {"class": "residential"}}, {"type": "Feature", "geometry": {"type": "LineString", "coordinates": [[78.3798504, 17.4227082], [78.3797151, 17.4225412], [78.3793677, 17.4221178]]}, "properties": {"class": "residential"}}, {"type": "Feature", "geometry": {"type": "LineString", "coordinates": [[78.3795416, 17.4219849], [78.3796164, 17.422075], [78.379742, 17.42222], [78.3798999, 17.4223965]]}, "properties": {"class": "residential"}}, {"type": "Feature", "geometry": {"type": "LineString", "coordinates": [[78.3972175, 17.4404821], [78.3976115, 17.4399676], [78.3982448, 17.4390868]]}, "properties": {"class": "residential"}}, {"type": "Feature", "geometry": {"type": "LineString", "coordinates": [[78.3945554, 17.440759], [78.3946132, 17.4409009], [78.3946704, 17.4410486]]}, "properties": {"class": "residential"}}, {"type": "Feature", "geometry": {"type": "LineString", "coordinates": [[78.3861886, 17.4486653], [78.3862207, 17.4482632], [78.3862347, 17.4482276], [78.3862662, 17.4482064], [78.3863047, 17.4481986], [78.3869422, 17.4482033], [78.3871103, 17.4482043], [78.3875799, 17.4482072]]}, "properties": {"class": "residential"}}, {"type": "Feature", "geometry": {"type": "LineString", "coordinates": [[78.3778135, 17.4178779], [78.3779185, 17.4182654], [78.3780265, 17.4186411]]}, "properties": {"class": "residential"}}, {"type": "Feature", "geometry": {"type": "LineString", "coordinates": [[78.3573833, 17.4632278], [78.3579523, 17.4631097], [78.3585945, 17.4629763], [78.3589446, 17.4629036], [78.358974, 17.4629001], [78.3592875, 17.4628354], [78.3596497, 17.4627608], [78.3599891, 17.4626908]]}, "properties": {"class": "residential"}}, {"type": "Feature", "geometry": {"type": "LineString", "coordinates": [[78.3854863, 17.4440767], [78.3850422, 17.4441732], [78.384655, 17.4442562], [78.3842137, 17.4443536]]}, "properties": {"class": "residential"}}, {"type": "Feature", "geometry": {"type": "LineString", "coordinates": [[78.3875056, 17.4724979], [78.38726, 17.4716708], [78.3871223, 17.4711178], [78.3869501, 17.4703999], [78.386797, 17.4697618], [78.3861545, 17.4671268], [78.3858078, 17.4658252], [78.3856236, 17.465054], [78.3855726, 17.4647721], [78.3855311, 17.4645647], [78.3854824, 17.4642092]]}, "properties": {"class": "primary"}}, {"type": "Feature", "geometry": {"type": "LineString", "coordinates": [[78.3864644, 17.4448581], [78.3867696, 17.4451045], [78.3871172, 17.4453427], [78.3871491, 17.4453882], [78.3873508, 17.4459753], [78.3877664, 17.4458964], [78.388185, 17.4458188], [78.3884443, 17.4459611], [78.3887604, 17.446123], [78.3891491, 17.4463318]]}, "properties": {"class": "tertiary"}}, {"type": "Feature", "geometry": {"type": "LineString", "coordinates": [[78.3885077, 17.4446319], [78.3884466, 17.4442624], [78.3884262, 17.4442396], [78.38839, 17.4442247], [78.3882626, 17.4442034], [78.3881017, 17.4441951], [78.3879845, 17.4441958], [78.3877001, 17.444185], [78.3875948, 17.4441851], [78.3874318, 17.4441526], [78.3871329, 17.4440931]]}, "properties": {"class": "residential"}}, {"type": "Feature", "geometry": {"type": "LineString", "coordinates": [[78.3798216, 17.4505993], [78.3797671, 17.4505442], [78.3797101, 17.4504878], [78.3796562, 17.4504308], [78.3796127, 17.4503722], [78.379548, 17.450236]]}, "properties": {"class": "primary"}}, {"type": "Feature", "geometry": {"type": "LineString", "coordinates": [[78.3832864, 17.4542144], [78.3833422, 17.4543578], [78.3835146, 17.4548778]]}, "properties": {"class": "primary"}}, {"type": "Feature", "geometry": {"type": "LineString", "coordinates": [[78.3833297, 17.454151], [78.3828755, 17.4533627], [78.3826861, 17.4531391], [78.3823916, 17.4528622], [78.3822453, 17.4527109], [78.3813304, 17.4516659]]}, "properties": {"class": "primary"}}, {"type": "Feature", "geometry": {"type": "LineString", "coordinates": [[78.3812772, 17.451713], [78.3822159, 17.452776], [78.3826067, 17.4531431], [78.3827372, 17.4532959], [78.3828854, 17.4534958], [78.3832864, 17.4542144]]}, "properties": {"class": "primary"}}, {"type": "Feature", "geometry": {"type": "LineString", "coordinates": [[78.3639713, 17.4389904], [78.3639936, 17.4388407], [78.36392, 17.4387463]]}, "properties": {"class": "primary"}}, {"type": "Feature", "geometry": {"type": "LineString", "coordinates": [[78.3617423, 17.4360044], [78.3621149, 17.436565], [78.3624299, 17.4370278], [78.3628997, 17.4376798]]}, "properties": {"class": "motorway"}}, {"type": "Feature", "geometry": {"type": "LineString", "coordinates": [[78.3641085, 17.4382259], [78.3638892, 17.4383814], [78.3637659, 17.4384737]]}, "properties": {"class": "primary"}}, {"type": "Feature", "geometry": {"type": "LineString", "coordinates": [[78.3634783, 17.439039], [78.3635377, 17.4390011], [78.3636234, 17.4389464], [78.3637517, 17.4388415]]}, "properties": {"class": "primary"}}, {"type": "Feature", "geometry": {"type": "LineString", "coordinates": [[78.3691888, 17.4643639], [78.3692476, 17.4643649], [78.3692771, 17.4643862], [78.3694204, 17.4646757], [78.3694633, 17.4647025], [78.3695174, 17.4647036], [78.3696574, 17.4646568], [78.3697126, 17.4646768], [78.3697458, 17.4647225], [78.3700254, 17.4653094]]}, "properties": {"class": "residential"}}, {"type": "Feature", "geometry": {"type": "LineString", "coordinates": [[78.354095, 17.4377274], [78.3540987, 17.4377714], [78.3541059, 17.4378247], [78.3541361, 17.4378671], [78.3541435, 17.4379125], [78.3541008, 17.4379207], [78.3532541, 17.4380764], [78.3532216, 17.4381731]]}, "properties": {"class": "residential"}}, {"type": "Feature", "geometry": {"type": "LineString", "coordinates": [[78.3541435, 17.4379125], [78.3549889, 17.4377179], [78.3550446, 17.4377548]]}, "properties": {"class": "residential"}}, {"type": "Feature", "geometry": {"type": "LineString", "coordinates": [[78.3550183, 17.4383061], [78.3547631, 17.4385742]]}, "properties": {"class": "residential"}}, {"type": "Feature", "geometry": {"type": "LineString", "coordinates": [[78.3719508, 17.4371855], [78.3722418, 17.436879], [78.3723121, 17.43681], [78.3725177, 17.4366084], [78.3725669, 17.4365022], [78.3725831, 17.436431], [78.3725833, 17.436385], [78.3725848, 17.4360564], [78.372585, 17.4360203], [78.3725877, 17.4357955], [78.3724973, 17.4356822], [78.3723383, 17.4354036], [78.3721787, 17.4351733], [78.3721398, 17.4351158], [78.3721116, 17.4350966], [78.3720057, 17.4350812], [78.3718729, 17.4350761], [78.3718099, 17.4350876], [78.3717173, 17.4351605], [78.3713928, 17.4354894], [78.3712894, 17.4355917], [78.3709395, 17.4359167], [78.37091, 17.4359641], [78.370889, 17.4360088], [78.3708921, 17.4360677], [78.3709005, 17.4361146], [78.3709404, 17.4361607], [78.3709922, 17.4361828], [78.3710521, 17.4361803], [78.3711152, 17.4361586], [78.3713271, 17.436028], [78.3714102, 17.4359781], [78.3714759, 17.4359461], [78.3715349, 17.4359308], [78.3715886, 17.4359282], [78.3716315, 17.4359359], [78.3716919, 17.4359589], [78.3717374, 17.4359948], [78.371775, 17.4360613], [78.3717871, 17.4361573], [78.3717804, 17.4362455], [78.3717737, 17.4362878], [78.3717522, 17.4363274], [78.3717207, 17.4363575], [78.3716932, 17.4363837], [78.3715229, 17.4365245], [78.3712901, 17.4367473], [78.371079, 17.4369493], [78.3710173, 17.4370132], [78.3709972, 17.4370529], [78.370973, 17.4371015], [78.370973, 17.437139]]}, "properties": {"class": "residential"}}, {"type": "Feature", "geometry": {"type": "LineString", "coordinates": [[78.3687645, 17.4682703], [78.369322, 17.469069]]}, "properties": {"class": "residential"}}, {"type": "Feature", "geometry": {"type": "LineString", "coordinates": [[78.3563841, 17.4189173], [78.3562865, 17.4184753], [78.356193, 17.4180353], [78.3555356, 17.4148102]]}, "properties": {"class": "motorway"}}, {"type": "Feature", "geometry": {"type": "LineString", "coordinates": [[78.3537768, 17.4195372], [78.353711, 17.4192772], [78.3536028, 17.4189402], [78.35341, 17.4183547]]}, "properties": {"class": "residential"}}, {"type": "Feature", "geometry": {"type": "LineString", "coordinates": [[78.353029, 17.4187403], [78.3531076, 17.4190729], [78.3536028, 17.4189402]]}, "properties": {"class": "residential"}}, {"type": "Feature", "geometry": {"type": "LineString", "coordinates": [[78.353937, 17.4665092], [78.3543444, 17.4665447], [78.3547955, 17.4665531], [78.3552346, 17.4665678], [78.3556459, 17.4665909]]}, "properties": {"class": "residential"}}, {"type": "Feature", "geometry": {"type": "LineString", "coordinates": [[78.3551599, 17.4640871], [78.3552743, 17.4649448]]}, "properties": {"class": "residential"}}, {"type": "Feature", "geometry": {"type": "LineString", "coordinates": [[78.35165, 17.4648252], [78.3525296, 17.4644573]]}, "properties": {"class": "residential"}}, {"type": "Feature", "geometry": {"type": "LineString", "coordinates": [[78.3986438, 17.460504], [78.3986692, 17.4605512], [78.3987374, 17.4606783]]}, "properties": {"class": "residential"}}, {"type": "Feature", "geometry": {"type": "LineString", "coordinates": [[78.3981956, 17.4620803], [78.3981897, 17.4620457], [78.3980097, 17.4616799], [78.3978616, 17.4613518]]}, "properties": {"class": "residential"}}, {"type": "Feature", "geometry": {"type": "LineString", "coordinates": [[78.3576979, 17.4644891], [78.357877, 17.4644571], [78.3582257, 17.4643947]]}, "properties": {"class": "residential"}}, {"type": "Feature", "geometry": {"type": "LineString", "coordinates": [[78.3601958, 17.4665676], [78.360267, 17.4664324], [78.3603501, 17.4662827], [78.3603783, 17.4661587], [78.3603072, 17.4657736]]}, "properties": {"class": "residential"}}, {"type": "Feature", "geometry": {"type": "LineString", "coordinates": [[78.3662166, 17.4624644], [78.3663253, 17.4624488]]}, "properties": {"class": "residential"}}, {"type": "Feature", "geometry": {"type": "LineString", "coordinates": [[78.3571111, 17.4223835], [78.3572925, 17.4233176]]}, "properties": {"class": "motorway"}}, {"type": "Feature", "geometry": {"type": "LineString", "coordinates": [[78.3964794, 17.4244534], [78.396431, 17.4244239], [78.3958938, 17.4240967], [78.3955299, 17.423875], [78.3946663, 17.4233648], [78.3942106, 17.4231016], [78.3936154, 17.4227489]]}, "properties": {"class": "residential"}}, {"type": "Feature", "geometry": {"type": "LineString", "coordinates": [[78.3572269, 17.4372688], [78.3571535, 17.4373508], [78.3569782, 17.4375819]]}, "properties": {"class": "residential"}}, {"type": "Feature", "geometry": {"type": "LineString", "coordinates": [[78.3556325, 17.4400945], [78.3555742, 17.4401639], [78.3555028, 17.4402274], [78.3553022, 17.4404026]]}, "properties": {"class": "residential"}}, {"type": "Feature", "geometry": {"type": "LineString", "coordinates": [[78.3549497, 17.4404391], [78.3548377, 17.440419], [78.3547457, 17.4404624], [78.3545489, 17.4406215], [78.3544683, 17.4406914], [78.3544066, 17.4407503]]}, "properties": {"class": "residential"}}, {"type": "Feature", "geometry": {"type": "LineString", "coordinates": [[78.3551145, 17.4410562], [78.3549326, 17.4408477], [78.3548692, 17.4407576], [78.3548757, 17.4407104], [78.3549148, 17.4406681], [78.3549707, 17.4406062], [78.3549869, 17.4405487], [78.3549497, 17.4404391], [78.3550329, 17.4403724]]}, "properties": {"class": "residential"}}, {"type": "Feature", "geometry": {"type": "LineString", "coordinates": [[78.3618321, 17.4405639], [78.3620066, 17.4404503], [78.3621895, 17.4403155]]}, "properties": {"class": "residential"}}, {"type": "Feature", "geometry": {"type": "LineString", "coordinates": [[78.3671148, 17.4514438], [78.3671731, 17.4517019], [78.3672216, 17.4518751], [78.3672324, 17.4519137], [78.3672929, 17.452113], [78.367335, 17.4522484]]}, "properties": {"class": "residential"}}, {"type": "Feature", "geometry": {"type": "LineString", "coordinates": [[78.3714667, 17.4352232], [78.3714451, 17.4351989], [78.3712577, 17.4349891], [78.3710149, 17.4347074]]}, "properties": {"class": "residential"}}, {"type": "Feature", "geometry": {"type": "LineString", "coordinates": [[78.3722281, 17.4337766], [78.3727031, 17.4343976]]}, "properties": {"class": "residential"}}, {"type": "Feature", "geometry": {"type": "LineString", "coordinates": [[78.370378, 17.4181164], [78.3702693, 17.4184821], [78.3702592, 17.4185115], [78.3701812, 17.4187833], [78.3701165, 17.4190576], [78.3700907, 17.419178]]}, "properties": {"class": "residential"}}, {"type": "Feature", "geometry": {"type": "LineString", "coordinates": [[78.3780579, 17.424976], [78.3782908, 17.4251764], [78.3784713, 17.4253317]]}, "properties": {"class": "residential"}}, {"type": "Feature", "geometry": {"type": "LineString", "coordinates": [[78.3787722, 17.4222084], [78.3786285, 17.4223281], [78.3785926, 17.4223289], [78.378397, 17.4221589], [78.3783048, 17.4220727], [78.3781077, 17.4218717], [78.3779778, 17.4217239], [78.377979, 17.4216999], [78.3780106, 17.4216597]]}, "properties": {"class": "residential"}}, {"type": "Feature", "geometry": {"type": "LineString", "coordinates": [[78.3643709, 17.4601382], [78.3643585, 17.4600019], [78.3643293, 17.4596865]]}, "properties": {"class": "residential"}}, {"type": "Feature", "geometry": {"type": "LineString", "coordinates": [[78.3578776, 17.4673878], [78.3579375, 17.4673879], [78.35829, 17.4673899], [78.3583363, 17.4673902]]}, "properties": {"class": "residential"}}, {"type": "Feature", "geometry": {"type": "LineString", "coordinates": [[78.360973, 17.4656804], [78.361102, 17.4662781]]}, "properties": {"class": "residential"}}, {"type": "Feature", "geometry": {"type": "LineString", "coordinates": [[78.3661754, 17.4538354], [78.3663649, 17.4542954], [78.3660907, 17.4543379]]}, "properties": {"class": "residential"}}, {"type": "Feature", "geometry": {"type": "LineString", "coordinates": [[78.3668176, 17.4678991], [78.367002, 17.4678985], [78.3674037, 17.4679093]]}, "properties": {"class": "residential"}}, {"type": "Feature", "geometry": {"type": "LineString", "coordinates": [[78.3681647, 17.4512276], [78.368083, 17.4506399]]}, "properties": {"class": "residential"}}, {"type": "Feature", "geometry": {"type": "LineString", "coordinates": [[78.3674638, 17.4517941], [78.3672216, 17.4518751]]}, "properties": {"class": "residential"}}, {"type": "Feature", "geometry": {"type": "LineString", "coordinates": [[78.3563628, 17.4384216], [78.3560673, 17.4381511], [78.3558025, 17.4379088]]}, "properties": {"class": "residential"}}, {"type": "Feature", "geometry": {"type": "LineString", "coordinates": [[78.3544989, 17.4383477], [78.3547631, 17.4385742], [78.3549925, 17.4387814]]}, "properties": {"class": "residential"}}, {"type": "Feature", "geometry": {"type": "LineString", "coordinates": [[78.3559221, 17.4388551], [78.355612, 17.4391755], [78.3555503, 17.4392677], [78.355545, 17.4393291], [78.3556076, 17.4396115]]}, "properties": {"class": "residential"}}, {"type": "Feature", "geometry": {"type": "LineString", "coordinates": [[78.360119, 17.4436734], [78.3605816, 17.4435327]]}, "properties": {"class": "residential"}}, {"type": "Feature", "geometry": {"type": "LineString", "coordinates": [[78.3601419, 17.4450956], [78.3609006, 17.4448989]]}, "properties": {"class": "residential"}}, {"type": "Feature", "geometry": {"type": "LineString", "coordinates": [[78.3610082, 17.4403318], [78.3609078, 17.4401674], [78.3609202, 17.4401177], [78.3610613, 17.4399262]]}, "properties": {"class": "residential"}}, {"type": "Feature", "geometry": {"type": "LineString", "coordinates": [[78.3816005, 17.4674368], [78.3813973, 17.4674507]]}, "properties": {"class": "residential"}}, {"type": "Feature", "geometry": {"type": "LineString", "coordinates": [[78.3800344, 17.4677186], [78.3800447, 17.4680993]]}, "properties": {"class": "residential"}}, {"type": "Feature", "geometry": {"type": "LineString", "coordinates": [[78.3685931, 17.4343748], [78.3682041, 17.4339137], [78.3680286, 17.4337034]]}, "properties": {"class": "residential"}}, {"type": "Feature", "geometry": {"type": "LineString", "coordinates": [[78.3702592, 17.4185115], [78.3693828, 17.4183245]]}, "properties": {"class": "residential"}}, {"type": "Feature", "geometry": {"type": "LineString", "coordinates": [[78.3749809, 17.4234228], [78.3749286, 17.4223438]]}, "properties": {"class": "residential"}}, {"type": "Feature", "geometry": {"type": "LineString", "coordinates": [[78.3679064, 17.4335385], [78.3676054, 17.433152]]}, "properties": {"class": "residential"}}, {"type": "Feature", "geometry": {"type": "LineString", "coordinates": [[78.3719818, 17.4194814], [78.3715295, 17.4195422]]}, "properties": {"class": "residential"}}, {"type": "Feature", "geometry": {"type": "LineString", "coordinates": [[78.3670702, 17.4179535], [78.3670858, 17.4181589], [78.3670781, 17.4184661], [78.3670702, 17.4185129], [78.3670611, 17.4185661], [78.3670457, 17.4186366], [78.3668963, 17.4189365], [78.3668655, 17.4190643], [78.3668501, 17.4191775], [78.3668609, 17.4193377], [78.3668932, 17.4194686], [78.3669487, 17.4196023], [78.3670704, 17.4198728], [78.3670812, 17.4199301], [78.3670796, 17.4200124], [78.3670627, 17.4200786], [78.3670226, 17.4201227], [78.3669749, 17.4201344], [78.3667404, 17.4201032]]}, "properties": {"class": "residential"}}, {"type": "Feature", "geometry": {"type": "LineString", "coordinates": [[78.3693344, 17.4185829], [78.3701812, 17.4187833], [78.3706591, 17.418906]]}, "properties": {"class": "residential"}}, {"type": "Feature", "geometry": {"type": "LineString", "coordinates": [[78.3806367, 17.4195639], [78.3806598, 17.419417], [78.3806577, 17.4193757], [78.3806317, 17.4193313], [78.3805914, 17.4192878], [78.380515, 17.4192455], [78.3804104, 17.4192136], [78.3802468, 17.4191867]]}, "properties": {"class": "residential"}}, {"type": "Feature", "geometry": {"type": "LineString", "coordinates": [[78.3884464, 17.4576663], [78.3884343, 17.4572892]]}, "properties": {"class": "residential"}}, {"type": "Feature", "geometry": {"type": "LineString", "coordinates": [[78.3826621, 17.4444379], [78.3835888, 17.4442054]]}, "properties": {"class": "residential"}}, {"type": "Feature", "geometry": {"type": "LineString", "coordinates": [[78.4013229, 17.4538197], [78.401351, 17.4537936]]}, "properties": {"class": "residential"}}, {"type": "Feature", "geometry": {"type": "LineString", "coordinates": [[78.3983074, 17.4564876], [78.397724, 17.4553686], [78.3976047, 17.455099], [78.3975248, 17.4548395]]}, "properties": {"class": "residential"}}, {"type": "Feature", "geometry": {"type": "LineString", "coordinates": [[78.3967095, 17.4413218], [78.3966813, 17.4413954], [78.3966706, 17.4414203], [78.3966478, 17.441453], [78.396619, 17.4414689], [78.3956813, 17.4419699]]}, "properties": {"class": "residential"}}, {"type": "Feature", "geometry": {"type": "LineString", "coordinates": [[78.3748401, 17.4421747], [78.3748428, 17.4426791]]}, "properties": {"class": "residential"}}, {"type": "Feature", "geometry": {"type": "LineString", "coordinates": [[78.3697085, 17.4351519], [78.3698679, 17.4350265], [78.3700691, 17.4348688], [78.3702929, 17.4346953]]}, "properties": {"class": "residential"}}, {"type": "Feature", "geometry": {"type": "LineString", "coordinates": [[78.3627617, 17.4509377], [78.3624814, 17.4509402]]}, "properties": {"class": "residential"}}, {"type": "Feature", "geometry": {"type": "LineString", "coordinates": [[78.3750246, 17.456444], [78.3754976, 17.4564414]]}, "properties": {"class": "residential"}}, {"type": "Feature", "geometry": {"type": "LineString", "coordinates": [[78.362105, 17.4382206], [78.3619299, 17.4379842], [78.3618515, 17.4378813]]}, "properties": {"class": "residential"}}, {"type": "Feature", "geometry": {"type": "LineString", "coordinates": [[78.3710748, 17.455976], [78.3710217, 17.4558793], [78.3704858, 17.4549053]]}, "properties": {"class": "residential"}}, {"type": "Feature", "geometry": {"type": "LineString", "coordinates": [[78.378829, 17.4550055], [78.378513, 17.4553207]]}, "properties": {"class": "residential"}}, {"type": "Feature", "geometry": {"type": "LineString", "coordinates": [[78.3732315, 17.4556435], [78.3730245, 17.4559514], [78.3728814, 17.4560683]]}, "properties": {"class": "residential"}}, {"type": "Feature", "geometry": {"type": "LineString", "coordinates": [[78.3719289, 17.4549569], [78.3715346, 17.455146]]}, "properties": {"class": "residential"}}, {"type": "Feature", "geometry": {"type": "LineString", "coordinates": [[78.3621619, 17.438036], [78.36224, 17.4381394], [78.3623349, 17.4382714]]}, "properties": {"class": "residential"}}, {"type": "Feature", "geometry": {"type": "LineString", "coordinates": [[78.3799477, 17.4559869], [78.3797586, 17.4560931], [78.3796553, 17.4561698]]}, "properties": {"class": "residential"}}, {"type": "Feature", "geometry": {"type": "LineString", "coordinates": [[78.3787572, 17.4549346], [78.378829, 17.4550055], [78.3790132, 17.455217], [78.3791967, 17.4554291], [78.3792543, 17.4555551], [78.3792792, 17.4556076], [78.3795296, 17.4559661]]}, "properties": {"class": "residential"}}, {"type": "Feature", "geometry": {"type": "LineString", "coordinates": [[78.3791967, 17.4554291], [78.3792631, 17.4554252], [78.3793026, 17.4554278], [78.3793767, 17.4554556], [78.3796288, 17.4556111], [78.3798266, 17.4557863], [78.3799477, 17.4559869], [78.3800707, 17.4560941], [78.3801311, 17.4561874]]}, "properties": {"class": "residential"}}, {"type": "Feature", "geometry": {"type": "LineString", "coordinates": [[78.3620664, 17.4342099], [78.3618401, 17.4332865], [78.361821, 17.4331958]]}, "properties": {"class": "residential"}}, {"type": "Feature", "geometry": {"type": "LineString", "coordinates": [[78.3659756, 17.4190039], [78.3657529, 17.4196346]]}, "properties": {"class": "residential"}}, {"type": "Feature", "geometry": {"type": "LineString", "coordinates": [[78.3649203, 17.4192981], [78.3651111, 17.4187361]]}, "properties": {"class": "residential"}}, {"type": "Feature", "geometry": {"type": "LineString", "coordinates": [[78.3624459, 17.433932], [78.3624518, 17.433893], [78.3622117, 17.4329357]]}, "properties": {"class": "residential"}}, {"type": "Feature", "geometry": {"type": "LineString", "coordinates": [[78.3660213, 17.4301102], [78.3662757, 17.4299505]]}, "properties": {"class": "residential"}}, {"type": "Feature", "geometry": {"type": "LineString", "coordinates": [[78.3613885, 17.4335037], [78.3616067, 17.4343938], [78.361627, 17.434425]]}, "properties": {"class": "residential"}}, {"type": "Feature", "geometry": {"type": "LineString", "coordinates": [[78.3662324, 17.4303868], [78.3660213, 17.4301102], [78.3659143, 17.4299684]]}, "properties": {"class": "residential"}}, {"type": "Feature", "geometry": {"type": "LineString", "coordinates": [[78.3947323, 17.4229109], [78.3952814, 17.4232307]]}, "properties": {"class": "residential"}}, {"type": "Feature", "geometry": {"type": "LineString", "coordinates": [[78.3952856, 17.4209021], [78.3949692, 17.4209593], [78.3945104, 17.4210294]]}, "properties": {"class": "residential"}}, {"type": "Feature", "geometry": {"type": "LineString", "coordinates": [[78.3956623, 17.4208728], [78.3956623, 17.4210863], [78.3956047, 17.4212207]]}, "properties": {"class": "residential"}}, {"type": "Feature", "geometry": {"type": "LineString", "coordinates": [[78.4003074, 17.4301174], [78.4004566, 17.4303504], [78.4004612, 17.430382], [78.4004558, 17.4304144], [78.4004381, 17.4304357], [78.4004204, 17.4304504], [78.4003234, 17.430503]]}, "properties": {"class": "residential"}}, {"type": "Feature", "geometry": {"type": "LineString", "coordinates": [[78.4009085, 17.432583], [78.4014181, 17.4332969]]}, "properties": {"class": "residential"}}, {"type": "Feature", "geometry": {"type": "LineString", "coordinates": [[78.400729, 17.4509975], [78.4001986, 17.450678], [78.4000762, 17.450612], [78.3999691, 17.4505195], [78.399866, 17.4504005], [78.3994491, 17.4497559]]}, "properties": {"class": "residential"}}, {"type": "Feature", "geometry": {"type": "LineString", "coordinates": [[78.401351, 17.4537936], [78.4015387, 17.4536205]]}, "properties": {"class": "residential"}}, {"type": "Feature", "geometry": {"type": "LineString", "coordinates": [[78.40136, 17.4530107], [78.4014033, 17.4529854]]}, "properties": {"class": "residential"}}, {"type": "Feature", "geometry": {"type": "LineString", "coordinates": [[78.4012339, 17.4546106], [78.401355, 17.4545716], [78.4016193, 17.4544808], [78.401644, 17.4544693]]}, "properties": {"class": "residential"}}, {"type": "Feature", "geometry": {"type": "LineString", "coordinates": [[78.4012383, 17.4557288], [78.4013399, 17.4556925], [78.4013856, 17.4556704], [78.4014807, 17.455602]]}, "properties": {"class": "residential"}}, {"type": "Feature", "geometry": {"type": "LineString", "coordinates": [[78.4016135, 17.4549029], [78.4016594, 17.4548737], [78.4018369, 17.4547842], [78.4018713, 17.4547885], [78.4018953, 17.4548229], [78.401916, 17.4548703], [78.4019585, 17.4549582]]}, "properties": {"class": "residential"}}, {"type": "Feature", "geometry": {"type": "LineString", "coordinates": [[78.39847, 17.440782], [78.3993053, 17.4413263]]}, "properties": {"class": "residential"}}, {"type": "Feature", "geometry": {"type": "LineString", "coordinates": [[78.3993075, 17.4546233], [78.3993004, 17.4543855], [78.3993005, 17.4541116], [78.3993713, 17.4538566], [78.3993116, 17.4535802], [78.3992399, 17.4534147], [78.3991845, 17.4532802], [78.3991612, 17.4532316], [78.3990268, 17.4529456], [78.3998482, 17.4528472], [78.400079, 17.4528358], [78.4001196, 17.4528182], [78.400138, 17.4527818], [78.400142, 17.4527412], [78.4000958, 17.4524038], [78.4000058, 17.4515942], [78.3999597, 17.4511837]]}, "properties": {"class": "residential"}}, {"type": "Feature", "geometry": {"type": "LineString", "coordinates": [[78.4022944, 17.4492941], [78.4019451, 17.4481131], [78.4018482, 17.4477759], [78.4017083, 17.4472887], [78.4015116, 17.4467991]]}, "properties": {"class": "residential"}}, {"type": "Feature", "geometry": {"type": "LineString", "coordinates": [[78.3987383, 17.450323], [78.3992626, 17.4503011]]}, "properties": {"class": "residential"}}, {"type": "Feature", "geometry": {"type": "LineString", "coordinates": [[78.3990463, 17.4667694], [78.399252, 17.4674866]]}, "properties": {"class": "residential"}}, {"type": "Feature", "geometry": {"type": "LineString", "coordinates": [[78.4007709, 17.4388378], [78.401471, 17.4392248], [78.4018934, 17.4394901], [78.4019215, 17.4395078], [78.4021054, 17.4396233], [78.4021336, 17.4396259], [78.4021609, 17.439617], [78.4022056, 17.4395534]]}, "properties": {"class": "residential"}}, {"type": "Feature", "geometry": {"type": "LineString", "coordinates": [[78.3994039, 17.4489624], [78.3999474, 17.4487701]]}, "properties": {"class": "residential"}}, {"type": "Feature", "geometry": {"type": "LineString", "coordinates": [[78.4004587, 17.4318537], [78.4004798, 17.4318818], [78.4006843, 17.4321547]]}, "properties": {"class": "residential"}}, {"type": "Feature", "geometry": {"type": "LineString", "coordinates": [[78.4015686, 17.4220055], [78.4013843, 17.4212728]]}, "properties": {"class": "residential"}}, {"type": "Feature", "geometry": {"type": "LineString", "coordinates": [[78.4022964, 17.424378], [78.4022661, 17.4242999], [78.4020821, 17.4238248], [78.4018361, 17.4231111]]}, "properties": {"class": "residential"}}, {"type": "Feature", "geometry": {"type": "LineString", "coordinates": [[78.4005966, 17.4205354], [78.400566, 17.4210562]]}, "properties": {"class": "residential"}}, {"type": "Feature", "geometry": {"type": "LineString", "coordinates": [[78.4001675, 17.4244412], [78.4000979, 17.4244705], [78.3988792, 17.4247888]]}, "properties": {"class": "residential"}}, {"type": "Feature", "geometry": {"type": "LineString", "coordinates": [[78.3520951, 17.467455], [78.3523156, 17.4674719], [78.3524829, 17.4674729]]}, "properties": {"class": "residential"}}, {"type": "Feature", "geometry": {"type": "LineString", "coordinates": [[78.3534468, 17.4674798], [78.3531969, 17.467486], [78.3529694, 17.4674834], [78.3525373, 17.467474], [78.3524829, 17.4674729]]}, "properties": {"class": "residential"}}, {"type": "Feature", "geometry": {"type": "LineString", "coordinates": [[78.3536069, 17.4616306], [78.3550308, 17.4608909]]}, "properties": {"class": "residential"}}, {"type": "Feature", "geometry": {"type": "LineString", "coordinates": [[78.3537843, 17.4619515], [78.3552124, 17.4612138]]}, "properties": {"class": "residential"}}, {"type": "Feature", "geometry": {"type": "LineString", "coordinates": [[78.353967, 17.4622726], [78.3553911, 17.4615314]]}, "properties": {"class": "residential"}}, {"type": "Feature", "geometry": {"type": "LineString", "coordinates": [[78.3789565, 17.4471548], [78.3786799, 17.4467093], [78.3786738, 17.446699], [78.3785386, 17.4464693], [78.3784603, 17.446353], [78.3783926, 17.4462525], [78.3782273, 17.4458445]]}, "properties": {"class": "residential"}}, {"type": "Feature", "geometry": {"type": "LineString", "coordinates": [[78.3594998, 17.4502931], [78.3592022, 17.4507802]]}, "properties": {"class": "residential"}}, {"type": "Feature", "geometry": {"type": "LineString", "coordinates": [[78.4037618, 17.4605099], [78.4036384, 17.4605334], [78.4036349, 17.4605341], [78.4013772, 17.4611861], [78.4010902, 17.4613038], [78.4009775, 17.4613805], [78.3998565, 17.4623415], [78.3994303, 17.4627068], [78.3993808, 17.462756], [78.3992199, 17.4629157], [78.3991124, 17.4630125], [78.3990258, 17.4631256]]}, "properties": {"class": "tertiary"}}, {"type": "Feature", "geometry": {"type": "LineString", "coordinates": [[78.3741947, 17.4679541], [78.3741761, 17.4679659], [78.3740956, 17.468018], [78.3740396, 17.4682553], [78.3740009, 17.4683004], [78.3739636, 17.4683213], [78.3739165, 17.4683423], [78.3738014, 17.4683572], [78.3730678, 17.4683881], [78.372559, 17.4684126], [78.3720728, 17.4684303], [78.3715593, 17.4684454], [78.3715215, 17.4676489]]}, "properties": {"class": "residential"}}, {"type": "Feature", "geometry": {"type": "LineString", "coordinates": [[78.3914465, 17.454014], [78.3916703, 17.4540077]]}, "properties": {"class": "residential"}}, {"type": "Feature", "geometry": {"type": "LineString", "coordinates": [[78.3943894, 17.4692518], [78.3944297, 17.4681706], [78.3944337, 17.468064], [78.394469, 17.4675844], [78.3945413, 17.4666858], [78.3945554, 17.466416], [78.3945834, 17.4653921]]}, "properties": {"class": "residential"}}, {"type": "Feature", "geometry": {"type": "LineString", "coordinates": [[78.3983108, 17.4542275], [78.3984233, 17.4542055]]}, "properties": {"class": "residential"}}, {"type": "Feature", "geometry": {"type": "LineString", "coordinates": [[78.3994356, 17.455465], [78.3994188, 17.4553885]]}, "properties": {"class": "residential"}}, {"type": "Feature", "geometry": {"type": "LineString", "coordinates": [[78.3708325, 17.4650896], [78.3707249, 17.4651711], [78.3702609, 17.4654563], [78.3695179, 17.4657889]]}, "properties": {"class": "residential"}}, {"type": "Feature", "geometry": {"type": "LineString", "coordinates": [[78.3989918, 17.4555581], [78.3987194, 17.454976], [78.3986238, 17.4547718], [78.3985047, 17.4545208], [78.3984233, 17.4542055], [78.3985341, 17.454192], [78.398733, 17.4541679], [78.3988895, 17.4541241], [78.3989418, 17.4540717], [78.3989991, 17.4540102]]}, "properties": {"class": "residential"}}, {"type": "Feature", "geometry": {"type": "LineString", "coordinates": [[78.3742993, 17.4678985], [78.3746965, 17.4678948], [78.3754158, 17.4678881], [78.3754599, 17.4678876], [78.3756453, 17.4678859]]}, "properties": {"class": "residential"}}, {"type": "Feature", "geometry": {"type": "LineString", "coordinates": [[78.3673824, 17.4412793], [78.3674113, 17.441446], [78.367435, 17.441588], [78.3674958, 17.4419343], [78.3675384, 17.4422512]]}, "properties": {"class": "residential"}}, {"type": "Feature", "geometry": {"type": "LineString", "coordinates": [[78.3973435, 17.4413972], [78.3984046, 17.4421253]]}, "properties": {"class": "residential"}}, {"type": "Feature", "geometry": {"type": "LineString", "coordinates": [[78.3961869, 17.4395089], [78.3962589, 17.4396496]]}, "properties": {"class": "residential"}}, {"type": "Feature", "geometry": {"type": "LineString", "coordinates": [[78.3745071, 17.4360693], [78.3745148, 17.4359185], [78.3745256, 17.435706], [78.3745505, 17.4352175], [78.3745597, 17.4350376]]}, "properties": {"class": "primary"}}, {"type": "Feature", "geometry": {"type": "LineString", "coordinates": [[78.3743787, 17.4356032], [78.3743566, 17.4359532], [78.3743463, 17.4360263]]}, "properties": {"class": "primary"}}, {"type": "Feature", "geometry": {"type": "LineString", "coordinates": [[78.3745312, 17.4365703], [78.3745235, 17.4364101], [78.3745071, 17.4360693]]}, "properties": {"class": "primary"}}, {"type": "Feature", "geometry": {"type": "LineString", "coordinates": [[78.3746, 17.4345488], [78.3746191, 17.4344321], [78.3747267, 17.4335781]]}, "properties": {"class": "primary"}}, {"type": "Feature", "geometry": {"type": "LineString", "coordinates": [[78.3744582, 17.4346609], [78.3744485, 17.4347913], [78.3744414, 17.4348862], [78.3744313, 17.4350223], [78.3743787, 17.4356032]]}, "properties": {"class": "primary"}}, {"type": "Feature", "geometry": {"type": "LineString", "coordinates": [[78.3745358, 17.4339681], [78.3744954, 17.4343285], [78.3744582, 17.4346609]]}, "properties": {"class": "primary"}}, {"type": "Feature", "geometry": {"type": "LineString", "coordinates": [[78.3746132, 17.4368326], [78.3745312, 17.4365703]]}, "properties": {"class": "primary"}}, {"type": "Feature", "geometry": {"type": "LineString", "coordinates": [[78.3745597, 17.4350376], [78.3745716, 17.4348935], [78.3745798, 17.4347937], [78.3746, 17.4345488]]}, "properties": {"class": "primary"}}, {"type": "Feature", "geometry": {"type": "LineString", "coordinates": [[78.3745672, 17.4370777], [78.3748609, 17.4373715], [78.3752045, 17.4376546], [78.3752244, 17.4376719], [78.3757939, 17.438192]]}, "properties": {"class": "primary"}}, {"type": "Feature", "geometry": {"type": "LineString", "coordinates": [[78.363719, 17.4413327], [78.3638831, 17.4412422], [78.3640067, 17.4411832], [78.3635625, 17.439918]]}, "properties": {"class": "residential"}}, {"type": "Feature", "geometry": {"type": "LineString", "coordinates": [[78.3651045, 17.441977], [78.3648814, 17.4415675], [78.3645693, 17.4410003], [78.3645266, 17.4409582], [78.3644605, 17.4409251], [78.36444, 17.440882], [78.3644267, 17.4407781], [78.3644217, 17.4403187], [78.3644433, 17.440004], [78.3644637, 17.439374]]}, "properties": {"class": "residential"}}, {"type": "Feature", "geometry": {"type": "LineString", "coordinates": [[78.3673166, 17.4439389], [78.3671646, 17.4440609], [78.3670752, 17.4441449], [78.3668397, 17.4444364], [78.3666883, 17.4446745], [78.3664979, 17.4449586], [78.3662808, 17.4452911]]}, "properties": {"class": "secondary"}}, {"type": "Feature", "geometry": {"type": "LineString", "coordinates": [[78.3742209, 17.4317987], [78.3737486, 17.4308927]]}, "properties": {"class": "residential"}}, {"type": "Feature", "geometry": {"type": "LineString", "coordinates": [[78.3657709, 17.4425354], [78.3655646, 17.4420176], [78.3654439, 17.4417635]]}, "properties": {"class": "residential"}}, {"type": "Feature", "geometry": {"type": "LineString", "coordinates": [[78.3674671, 17.4438251], [78.3672674, 17.4427631], [78.3672581, 17.4427082], [78.3672131, 17.4424296], [78.3671931, 17.4423104], [78.3671046, 17.44185], [78.3670719, 17.4416655], [78.3670245, 17.4414162], [78.3669783, 17.4411969], [78.366864, 17.4406521], [78.3668054, 17.4402724], [78.3667528, 17.4400923], [78.3667064, 17.4398977], [78.3667045, 17.4398881], [78.3666747, 17.4397362], [78.3666543, 17.4396215], [78.366607, 17.4393559], [78.3665197, 17.4391207], [78.3664702, 17.4389874], [78.3663462, 17.4387001], [78.3662812, 17.4385494], [78.3661437, 17.4382307], [78.3659946, 17.4379269]]}, "properties": {"class": "residential"}}, {"type": "Feature", "geometry": {"type": "LineString", "coordinates": [[78.3971803, 17.4612177], [78.3977357, 17.4609468]]}, "properties": {"class": "residential"}}, {"type": "Feature", "geometry": {"type": "LineString", "coordinates": [[78.387981, 17.4582562], [78.3874297, 17.4582513], [78.3870274, 17.4582564], [78.3865204, 17.4583767], [78.385794, 17.4585574], [78.3857853, 17.4585596], [78.3857008, 17.4585806], [78.3854563, 17.4586484], [78.3851726, 17.4587272], [78.3849755, 17.458772], [78.3847003, 17.4588086]]}, "properties": {"class": "tertiary"}}, {"type": "Feature", "geometry": {"type": "LineString", "coordinates": [[78.3979565, 17.4588336], [78.3981344, 17.4591641]]}, "properties": {"class": "residential"}}, {"type": "Feature", "geometry": {"type": "LineString", "coordinates": [[78.3805094, 17.4665942], [78.3804996, 17.4668587], [78.3804911, 17.4670026], [78.3804793, 17.4672026], [78.3804704, 17.467347], [78.3804688, 17.4673967], [78.3802566, 17.4674354], [78.3802587, 17.4674698], [78.3802559, 17.4674833], [78.3802439, 17.4674921], [78.3802327, 17.4674946], [78.3802105, 17.4674967], [78.3801445, 17.4675049], [78.3800038, 17.4675245], [78.3796637, 17.4675655], [78.3792361, 17.4676135], [78.3790241, 17.4676242]]}, "properties": {"class": "residential"}}, {"type": "Feature", "geometry": {"type": "LineString", "coordinates": [[78.4014239, 17.4573331], [78.4009126, 17.4578035], [78.400878, 17.4577822], [78.4001122, 17.4581488], [78.3997434, 17.4583235], [78.3990912, 17.4586326], [78.3986054, 17.4588854], [78.3981344, 17.4591641]]}, "properties": {"class": "residential"}}, {"type": "Feature", "geometry": {"type": "LineString", "coordinates": [[78.36367, 17.4482386], [78.3639336, 17.4482109], [78.3644032, 17.4481149], [78.3645858, 17.4480797], [78.3650114, 17.4480395]]}, "properties": {"class": "residential"}}, {"type": "Feature", "geometry": {"type": "LineString", "coordinates": [[78.3643458, 17.463374], [78.3645888, 17.4632595]]}, "properties": {"class": "residential"}}, {"type": "Feature", "geometry": {"type": "LineString", "coordinates": [[78.37661, 17.4547156], [78.3760892, 17.4546882], [78.3754444, 17.4546674], [78.3750474, 17.4546538], [78.3750266, 17.4546576], [78.3747978, 17.4546999], [78.3744422, 17.4548408], [78.3739959, 17.455028], [78.3739395, 17.4550517], [78.3738926, 17.4550785], [78.3738763, 17.4550933], [78.3738376, 17.4551284], [78.3737719, 17.4552295]]}, "properties": {"class": "residential"}}, {"type": "Feature", "geometry": {"type": "LineString", "coordinates": [[78.3802733, 17.4665952], [78.3802508, 17.4673152], [78.3802566, 17.4674354]]}, "properties": {"class": "residential"}}, {"type": "Feature", "geometry": {"type": "LineString", "coordinates": [[78.3647983, 17.459645], [78.3647758, 17.4598072]]}, "properties": {"class": "residential"}}, {"type": "Feature", "geometry": {"type": "LineString", "coordinates": [[78.3665964, 17.4608683], [78.3665334, 17.4608956], [78.3663606, 17.4609468], [78.3661306, 17.4609858], [78.3656804, 17.4610528], [78.3653066, 17.4611113], [78.3652868, 17.4611194]]}, "properties": {"class": "residential"}}, {"type": "Feature", "geometry": {"type": "LineString", "coordinates": [[78.3982534, 17.4680702], [78.3981826, 17.4683228], [78.3981304, 17.4683897], [78.398062, 17.4684153], [78.3971576, 17.468369]]}, "properties": {"class": "residential"}}, {"type": "Feature", "geometry": {"type": "LineString", "coordinates": [[78.3989064, 17.4639412], [78.3990594, 17.4639355], [78.3992005, 17.463921], [78.3993429, 17.4638913], [78.3996254, 17.4638268], [78.3999688, 17.463711], [78.4004503, 17.4634728]]}, "properties": {"class": "residential"}}, {"type": "Feature", "geometry": {"type": "LineString", "coordinates": [[78.3836684, 17.4580586], [78.3835718, 17.4581143], [78.3834517, 17.4581086], [78.3832293, 17.458096], [78.3832056, 17.4580939], [78.3831865, 17.4580965], [78.383173, 17.4582628], [78.3831677, 17.458291], [78.3831556, 17.4583082], [78.383106, 17.4583229], [78.3826941, 17.4583005], [78.3825515, 17.4582928], [78.38247, 17.4582883]]}, "properties": {"class": "residential"}}, {"type": "Feature", "geometry": {"type": "LineString", "coordinates": [[78.3932005, 17.458507], [78.3935619, 17.4594625], [78.3937106, 17.4598034], [78.3938147, 17.4600517], [78.393924, 17.4602979]]}, "properties": {"class": "residential"}}, {"type": "Feature", "geometry": {"type": "LineString", "coordinates": [[78.388937, 17.4538065], [78.3890015, 17.4542227], [78.3890055, 17.4543634], [78.3889785, 17.4548951], [78.3889672, 17.455374]]}, "properties": {"class": "residential"}}, {"type": "Feature", "geometry": {"type": "LineString", "coordinates": [[78.3820441, 17.4523593], [78.3823363, 17.4521214]]}, "properties": {"class": "residential"}}, {"type": "Feature", "geometry": {"type": "LineString", "coordinates": [[78.3935917, 17.4678452], [78.3936219, 17.467364], [78.3936835, 17.4663807]]}, "properties": {"class": "residential"}}, {"type": "Feature", "geometry": {"type": "LineString", "coordinates": [[78.3960944, 17.4674104], [78.3964976, 17.4674345], [78.3968524, 17.4674618], [78.3968858, 17.4669799], [78.3968751, 17.4669307], [78.3968604, 17.4669019], [78.3968141, 17.4668846], [78.3965431, 17.4668692], [78.3961274, 17.4668543], [78.3957633, 17.4668335]]}, "properties": {"class": "residential"}}, {"type": "Feature", "geometry": {"type": "LineString", "coordinates": [[78.375476, 17.4543715], [78.3754444, 17.4546674], [78.3753492, 17.455888]]}, "properties": {"class": "residential"}}, {"type": "Feature", "geometry": {"type": "LineString", "coordinates": [[78.3643899, 17.4495898], [78.3644581, 17.4501012]]}, "properties": {"class": "residential"}}, {"type": "Feature", "geometry": {"type": "LineString", "coordinates": [[78.3641879, 17.4534495], [78.3643146, 17.4537816], [78.3643754, 17.4539411], [78.3645297, 17.4543455]]}, "properties": {"class": "residential"}}, {"type": "Feature", "geometry": {"type": "LineString", "coordinates": [[78.3657535, 17.445085], [78.3660276, 17.445249]]}, "properties": {"class": "residential"}}, {"type": "Feature", "geometry": {"type": "LineString", "coordinates": [[78.3740241, 17.4412717], [78.3739476, 17.4412342], [78.3738644, 17.4412086], [78.3738095, 17.4411536], [78.3737812, 17.4410697], [78.3736943, 17.4400633], [78.3736458, 17.4395184], [78.373611, 17.4390374], [78.3735734, 17.4384489], [78.3735386, 17.4381041]]}, "properties": {"class": "secondary"}}, {"type": "Feature", "geometry": {"type": "LineString", "coordinates": [[78.3888087, 17.4406172], [78.3890061, 17.4405655], [78.3890313, 17.4405621], [78.3890541, 17.4405641], [78.3891441, 17.4405869], [78.3891631, 17.4405887], [78.3891839, 17.4405874], [78.3893558, 17.4405479], [78.3894751, 17.4408759]]}, "properties": {"class": "residential"}}, {"type": "Feature", "geometry": {"type": "LineString", "coordinates": [[78.3641536, 17.4409156], [78.3641831, 17.4410027], [78.3642262, 17.4410844], [78.3644643, 17.4415358], [78.3645735, 17.4417191], [78.3648134, 17.4421464]]}, "properties": {"class": "residential"}}, {"type": "Feature", "geometry": {"type": "LineString", "coordinates": [[78.3672328, 17.4457518], [78.3673408, 17.4456222], [78.3673884, 17.4456574], [78.3675037, 17.4457851]]}, "properties": {"class": "residential"}}, {"type": "Feature", "geometry": {"type": "LineString", "coordinates": [[78.3945834, 17.4653921], [78.3947922, 17.4652986], [78.3954158, 17.4650308], [78.3954898, 17.4649984], [78.3959015, 17.4648065], [78.3959531, 17.4647848], [78.3973919, 17.4641803], [78.3980626, 17.4638986], [78.3980774, 17.4638924], [78.3983797, 17.4637002], [78.3985154, 17.4635734]]}, "properties": {"class": "residential"}}, {"type": "Feature", "geometry": {"type": "LineString", "coordinates": [[78.3793938, 17.4174824], [78.3795006, 17.4179112], [78.3795826, 17.4182708], [78.3796589, 17.4185468]]}, "properties": {"class": "residential"}}, {"type": "Feature", "geometry": {"type": "LineString", "coordinates": [[78.3875159, 17.4448607], [78.3881017, 17.4441951]]}, "properties": {"class": "residential"}}, {"type": "Feature", "geometry": {"type": "LineString", "coordinates": [[78.3875698, 17.451171], [78.3879706, 17.4511044]]}, "properties": {"class": "residential"}}, {"type": "Feature", "geometry": {"type": "LineString", "coordinates": [[78.3914221, 17.4440021], [78.3913322, 17.4432741]]}, "properties": {"class": "residential"}}, {"type": "Feature", "geometry": {"type": "LineString", "coordinates": [[78.3880577, 17.4473812], [78.3884679, 17.4475908]]}, "properties": {"class": "residential"}}, {"type": "Feature", "geometry": {"type": "LineString", "coordinates": [[78.3827841, 17.4509411], [78.3822454, 17.4502668]]}, "properties": {"class": "residential"}}, {"type": "Feature", "geometry": {"type": "LineString", "coordinates": [[78.3872733, 17.4378638], [78.3874359, 17.4378399], [78.3874885, 17.4378317], [78.3885915, 17.4376603]]}, "properties": {"class": "residential"}}, {"type": "Feature", "geometry": {"type": "LineString", "coordinates": [[78.3811033, 17.4468988], [78.3815473, 17.4467876], [78.3820273, 17.4466701], [78.3824681, 17.4465571], [78.3831038, 17.4464061], [78.3831798, 17.4464013], [78.3833085, 17.4464504], [78.383389, 17.4464504], [78.3834641, 17.4464031], [78.3842719, 17.4454236]]}, "properties": {"class": "residential"}}, {"type": "Feature", "geometry": {"type": "LineString", "coordinates": [[78.390474, 17.4423634], [78.3902011, 17.4413794]]}, "properties": {"class": "residential"}}, {"type": "Feature", "geometry": {"type": "LineString", "coordinates": [[78.3661828, 17.4522434], [78.365744, 17.452331]]}, "properties": {"class": "residential"}}, {"type": "Feature", "geometry": {"type": "LineString", "coordinates": [[78.3678439, 17.4360582], [78.3681842, 17.4358015], [78.36828, 17.4357292], [78.3686414, 17.4354566], [78.3689816, 17.435192], [78.3690465, 17.4351422], [78.3692937, 17.4349522], [78.3700335, 17.43438]]}, "properties": {"class": "residential"}}, {"type": "Feature", "geometry": {"type": "LineString", "coordinates": [[78.3870615, 17.4412293], [78.387018, 17.4413493], [78.3869772, 17.4414697], [78.3869238, 17.441594], [78.3868673, 17.4417001], [78.3867463, 17.4418405], [78.3864057, 17.4421284], [78.3863609, 17.4421451], [78.3863046, 17.4421349], [78.3862401, 17.4421151], [78.3860947, 17.441951]]}, "properties": {"class": "residential"}}, {"type": "Feature", "geometry": {"type": "LineString", "coordinates": [[78.3669555, 17.4514843], [78.3669016, 17.4510919]]}, "properties": {"class": "residential"}}, {"type": "Feature", "geometry": {"type": "LineString", "coordinates": [[78.382727, 17.4558087], [78.3831668, 17.4557586], [78.3837156, 17.455661]]}, "properties": {"class": "residential"}}, {"type": "Feature", "geometry": {"type": "LineString", "coordinates": [[78.3932506, 17.4255931], [78.3936576, 17.4250995]]}, "properties": {"class": "residential"}}, {"type": "Feature", "geometry": {"type": "LineString", "coordinates": [[78.3970186, 17.4225214], [78.3957526, 17.4230691]]}, "properties": {"class": "residential"}}, {"type": "Feature", "geometry": {"type": "LineString", "coordinates": [[78.3943528, 17.421692], [78.3949033, 17.4217354]]}, "properties": {"class": "residential"}}, {"type": "Feature", "geometry": {"type": "LineString", "coordinates": [[78.3943528, 17.421692], [78.3939625, 17.4216604], [78.3939193, 17.4216351]]}, "properties": {"class": "residential"}}, {"type": "Feature", "geometry": {"type": "LineString", "coordinates": [[78.396525, 17.4201951], [78.396544, 17.4208697]]}, "properties": {"class": "residential"}}, {"type": "Feature", "geometry": {"type": "LineString", "coordinates": [[78.4016669, 17.4433366], [78.4012649, 17.441984], [78.4011172, 17.4415066], [78.400991, 17.4410653], [78.4009071, 17.4408177]]}, "properties": {"class": "residential"}}, {"type": "Feature", "geometry": {"type": "LineString", "coordinates": [[78.3997282, 17.4552637], [78.3996791, 17.4551032], [78.3996683, 17.4549826], [78.3996566, 17.4547234], [78.3996242, 17.4543234], [78.3995635, 17.4539369]]}, "properties": {"class": "residential"}}, {"type": "Feature", "geometry": {"type": "LineString", "coordinates": [[78.4010891, 17.4546656], [78.4012339, 17.4546106]]}, "properties": {"class": "residential"}}, {"type": "Feature", "geometry": {"type": "LineString", "coordinates": [[78.3743362, 17.4327868], [78.3742001, 17.4334699]]}, "properties": {"class": "residential"}}, {"type": "Feature", "geometry": {"type": "LineString", "coordinates": [[78.366971, 17.4305103], [78.3674623, 17.4311828], [78.3682866, 17.4322944]]}, "properties": {"class": "residential"}}, {"type": "Feature", "geometry": {"type": "LineString", "coordinates": [[78.3754158, 17.4678881], [78.3754161, 17.4685342], [78.3754163, 17.4690295]]}, "properties": {"class": "residential"}}, {"type": "Feature", "geometry": {"type": "LineString", "coordinates": [[78.3727084, 17.4658299], [78.3731653, 17.4667768], [78.3732717, 17.4669461], [78.3733994, 17.4671322], [78.3734301, 17.4671901], [78.3735439, 17.4673957], [78.3736177, 17.4675326], [78.373634, 17.4675761], [78.3736445, 17.4676042], [78.3736807, 17.4678575], [78.3736955, 17.4678965], [78.3737156, 17.4679049], [78.3742196, 17.4678994], [78.3742993, 17.4678985]]}, "properties": {"class": "residential"}}, {"type": "Feature", "geometry": {"type": "LineString", "coordinates": [[78.3809567, 17.452689], [78.3807812, 17.4525148]]}, "properties": {"class": "residential"}}, {"type": "Feature", "geometry": {"type": "LineString", "coordinates": [[78.3711849, 17.4464965], [78.3712807, 17.4463785], [78.3710047, 17.4455198], [78.3714512, 17.4453017]]}, "properties": {"class": "residential"}}, {"type": "Feature", "geometry": {"type": "LineString", "coordinates": [[78.3715981, 17.4653423], [78.371689, 17.4649943], [78.3717276, 17.4649208], [78.3717683, 17.464869], [78.371979, 17.4647282]]}, "properties": {"class": "residential"}}, {"type": "Feature", "geometry": {"type": "LineString", "coordinates": [[78.3538868, 17.467488], [78.3543329, 17.467499], [78.3546075, 17.4675057], [78.3547707, 17.4675098], [78.3552271, 17.467521], [78.3556535, 17.4675315]]}, "properties": {"class": "residential"}}, {"type": "Feature", "geometry": {"type": "LineString", "coordinates": [[78.3744422, 17.4548408], [78.3745358, 17.4550167], [78.3745875, 17.4550865]]}, "properties": {"class": "residential"}}, {"type": "Feature", "geometry": {"type": "LineString", "coordinates": [[78.3669783, 17.4411969], [78.3666842, 17.4412688], [78.3664978, 17.4413302]]}, "properties": {"class": "residential"}}, {"type": "Feature", "geometry": {"type": "LineString", "coordinates": [[78.3593995, 17.4688386], [78.359386, 17.4682155], [78.3593594, 17.467697], [78.3593511, 17.4675241]]}, "properties": {"class": "residential"}}, {"type": "Feature", "geometry": {"type": "LineString", "coordinates": [[78.3576712, 17.4385431], [78.3580802, 17.438174], [78.3581803, 17.4380837]]}, "properties": {"class": "residential"}}, {"type": "Feature", "geometry": {"type": "LineString", "coordinates": [[78.3750594, 17.4189157], [78.3750604, 17.4188791], [78.3746697, 17.4189136], [78.3745961, 17.4185181], [78.3745334, 17.418211], [78.3745562, 17.4181668], [78.3746337, 17.4181535], [78.3746826, 17.4181044], [78.3749911, 17.4180476], [78.3750348, 17.4183237], [78.3749294, 17.4183461], [78.3749414, 17.4184716], [78.3749874, 17.4185135], [78.3750177, 17.4185508], [78.3750546, 17.4185979], [78.375088, 17.4186596], [78.3751039, 17.4187371], [78.3751007, 17.4187891], [78.3750947, 17.4188145], [78.3750833, 17.4188457], [78.3750604, 17.4188791]]}, "properties": {"class": "residential"}}, {"type": "Feature", "geometry": {"type": "LineString", "coordinates": [[78.3992918, 17.4224151], [78.3990589, 17.4226196]]}, "properties": {"class": "residential"}}, {"type": "Feature", "geometry": {"type": "LineString", "coordinates": [[78.3992144, 17.4221969], [78.398902, 17.422514]]}, "properties": {"class": "residential"}}, {"type": "Feature", "geometry": {"type": "LineString", "coordinates": [[78.3527246, 17.4450138], [78.3528207, 17.44509]]}, "properties": {"class": "secondary"}}, {"type": "Feature", "geometry": {"type": "LineString", "coordinates": [[78.352915, 17.4450163], [78.3528134, 17.444938]]}, "properties": {"class": "secondary"}}, {"type": "Feature", "geometry": {"type": "LineString", "coordinates": [[78.3548443, 17.418941], [78.3548513, 17.4190435], [78.3548651, 17.419118], [78.3548878, 17.4191906], [78.3549187, 17.4192601]]}, "properties": {"class": "tertiary"}}, {"type": "Feature", "geometry": {"type": "LineString", "coordinates": [[78.3551964, 17.4196234], [78.3552548, 17.419658], [78.3553129, 17.4196924], [78.3554024, 17.4197363], [78.355516, 17.419811], [78.3556369, 17.4198828], [78.3557266, 17.4199453], [78.355792, 17.4200075], [78.3558226, 17.4200612], [78.3558198, 17.4201229]]}, "properties": {"class": "secondary"}}, {"type": "Feature", "geometry": {"type": "LineString", "coordinates": [[78.3548944, 17.4193534], [78.3548396, 17.4193869], [78.35474, 17.4194371], [78.3546127, 17.4195058]]}, "properties": {"class": "secondary"}}, {"type": "Feature", "geometry": {"type": "LineString", "coordinates": [[78.3546127, 17.4195058], [78.3547568, 17.4195177], [78.3548982, 17.4195472], [78.3550344, 17.4195937]]}, "properties": {"class": "secondary"}}, {"type": "Feature", "geometry": {"type": "LineString", "coordinates": [[78.3586655, 17.4185153], [78.3586046, 17.4185267], [78.3585343, 17.4185044], [78.3584406, 17.4184554], [78.3583656, 17.4184245]]}, "properties": {"class": "secondary"}}, {"type": "Feature", "geometry": {"type": "LineString", "coordinates": [[78.3853126, 17.4622985], [78.3852812, 17.4619025], [78.3852176, 17.4615162], [78.3851165, 17.4609425], [78.3850592, 17.4606316], [78.3848155, 17.4593771], [78.3847776, 17.459176], [78.3847003, 17.4588086], [78.3844817, 17.4578143], [78.3842794, 17.4569793], [78.3840575, 17.4563076], [78.3839276, 17.4558731]]}, "properties": {"class": "primary"}}, {"type": "Feature", "geometry": {"type": "LineString", "coordinates": [[78.385241, 17.4628144], [78.3852106, 17.4628636], [78.3852227, 17.4630637], [78.3852513, 17.4637878], [78.385318, 17.4643053], [78.3853499, 17.4645358], [78.3854238, 17.4649476], [78.3855232, 17.4654039], [78.3856566, 17.4659433], [78.3856751, 17.4660103], [78.3856976, 17.4660907], [78.3857171, 17.4662141], [78.3857281, 17.4663081], [78.3857395, 17.4664557], [78.3857372, 17.4665258], [78.3857069, 17.4666484], [78.3856831, 17.4668434], [78.3856455, 17.4669863], [78.3855747, 17.4671501], [78.3854415, 17.4674386], [78.3853885, 17.4675262], [78.3852919, 17.467704]]}, "properties": {"class": "tertiary"}}, {"type": "Feature", "geometry": {"type": "LineString", "coordinates": [[78.3852919, 17.467704], [78.3848494, 17.4685125], [78.3843988, 17.4693235], [78.3839857, 17.4699939], [78.3837751, 17.4703202], [78.3831985, 17.4713038]]}, "properties": {"class": "tertiary"}}, {"type": "Feature", "geometry": {"type": "LineString", "coordinates": [[78.3833508, 17.4712183], [78.3833742, 17.4711784], [78.3838471, 17.4703674], [78.3840608, 17.4700195], [78.3844712, 17.469344], [78.3849218, 17.4685483], [78.3853617, 17.4677402]]}, "properties": {"class": "tertiary"}}, {"type": "Feature", "geometry": {"type": "LineString", "coordinates": [[78.3854824, 17.4642092], [78.3854234, 17.4637523], [78.385392, 17.4634039], [78.3853724, 17.4631869], [78.3853456, 17.462788], [78.3853126, 17.4622985]]}, "properties": {"class": "primary"}}, {"type": "Feature", "geometry": {"type": "LineString", "coordinates": [[78.3853909, 17.4642202], [78.3854381, 17.4645798], [78.3854823, 17.4648064], [78.3855389, 17.4650664], [78.3857276, 17.4658411], [78.3860615, 17.4671592], [78.3867028, 17.469761], [78.3868609, 17.4704073], [78.3870454, 17.4711887], [78.3871625, 17.4716832], [78.3874154, 17.4725153]]}, "properties": {"class": "primary"}}, {"type": "Feature", "geometry": {"type": "LineString", "coordinates": [[78.3921772, 17.4692092], [78.3931964, 17.4685854], [78.3933788, 17.4684856], [78.3935451, 17.4684191], [78.3936653, 17.4683833], [78.3939669, 17.4682989], [78.3944297, 17.4681706], [78.3948875, 17.4680383], [78.3951437, 17.4679637], [78.3953116, 17.4679358], [78.395479, 17.4679355], [78.3963158, 17.4679765], [78.3971886, 17.4680173]]}, "properties": {"class": "tertiary"}}, {"type": "Feature", "geometry": {"type": "LineString", "coordinates": [[78.3948875, 17.4680383], [78.3948609, 17.4686146], [78.3948271, 17.4691386]]}, "properties": {"class": "residential"}}, {"type": "Feature", "geometry": {"type": "LineString", "coordinates": [[78.3659177, 17.4585426], [78.3659644, 17.4588232], [78.3659796, 17.4588961], [78.3659805, 17.458922], [78.3659849, 17.4589664], [78.3659915, 17.4590321]]}, "properties": {"class": "primary"}}, {"type": "Feature", "geometry": {"type": "LineString", "coordinates": [[78.366534, 17.4588015], [78.366412, 17.4588705], [78.3663437, 17.4588999], [78.366314, 17.4589127], [78.3662696, 17.4589329], [78.3662368, 17.4589411]]}, "properties": {"class": "primary"}}, {"type": "Feature", "geometry": {"type": "LineString", "coordinates": [[78.3814689, 17.4510688], [78.3812743, 17.4512781], [78.3812403, 17.4513144], [78.381157, 17.4514007]]}, "properties": {"class": "primary"}}, {"type": "Feature", "geometry": {"type": "LineString", "coordinates": [[78.381615, 17.451879], [78.381443, 17.4516709], [78.3813643, 17.4515778], [78.3812624, 17.4514854]]}, "properties": {"class": "primary"}}, {"type": "Feature", "geometry": {"type": "LineString", "coordinates": [[78.3806081, 17.4513271], [78.3808155, 17.451464]]}, "properties": {"class": "primary"}}, {"type": "Feature", "geometry": {"type": "LineString", "coordinates": [[78.3809865, 17.4515775], [78.3809048, 17.4516621], [78.3805748, 17.4520113]]}, "properties": {"class": "primary"}}, {"type": "Feature", "geometry": {"type": "LineString", "coordinates": [[78.3797105, 17.4506141], [78.3809833, 17.4514448], [78.381095, 17.4515282], [78.3811996, 17.4516219], [78.3812772, 17.451713]]}, "properties": {"class": "primary"}}, {"type": "Feature", "geometry": {"type": "LineString", "coordinates": [[78.3813304, 17.4516659], [78.3812344, 17.4515627], [78.3811288, 17.4514683], [78.3810198, 17.4513886], [78.3799407, 17.4506845], [78.3798216, 17.4505993]]}, "properties": {"class": "primary"}}, {"type": "Feature", "geometry": {"type": "LineString", "coordinates": [[78.3799009, 17.4529642], [78.3801139, 17.4527185], [78.3802894, 17.4525125], [78.3806698, 17.452089]]}, "properties": {"class": "primary"}}, {"type": "Feature", "geometry": {"type": "LineString", "coordinates": [[78.3810864, 17.4516562], [78.3811908, 17.4517537], [78.381468, 17.4520365]]}, "properties": {"class": "primary"}}, {"type": "Feature", "geometry": {"type": "LineString", "coordinates": [[78.4006718, 17.4201823], [78.4006769, 17.4193885]]}, "properties": {"class": "residential"}}, {"type": "Feature", "geometry": {"type": "LineString", "coordinates": [[78.3590554, 17.4475084], [78.3594336, 17.4475232], [78.3598172, 17.4475283], [78.3598312, 17.4471326]]}, "properties": {"class": "residential"}}, {"type": "Feature", "geometry": {"type": "LineString", "coordinates": [[78.3586174, 17.4476039], [78.3583244, 17.4475952], [78.3579774, 17.4475849]]}, "properties": {"class": "residential"}}, {"type": "Feature", "geometry": {"type": "LineString", "coordinates": [[78.4024447, 17.4210627], [78.401095, 17.4210752], [78.400566, 17.4210562], [78.3998456, 17.4210306]]}, "properties": {"class": "residential"}}, {"type": "Feature", "geometry": {"type": "LineString", "coordinates": [[78.3598147, 17.4482084], [78.3598172, 17.4475283]]}, "properties": {"class": "residential"}}, {"type": "Feature", "geometry": {"type": "LineString", "coordinates": [[78.3570309, 17.4455422], [78.3571026, 17.4460576]]}, "properties": {"class": "residential"}}, {"type": "Feature", "geometry": {"type": "LineString", "coordinates": [[78.3586539, 17.4452951], [78.3583302, 17.4452892], [78.3577068, 17.4452741], [78.3576639, 17.4452971], [78.3576436, 17.4453349]]}, "properties": {"class": "residential"}}, {"type": "Feature", "geometry": {"type": "LineString", "coordinates": [[78.3997612, 17.4223276], [78.3998027, 17.4217821], [78.3998183, 17.4215769], [78.3998419, 17.4211039], [78.3998456, 17.4210306], [78.3998594, 17.4209108], [78.3999363, 17.4202414], [78.3999451, 17.4201645], [78.3999523, 17.4200869], [78.3999663, 17.4199366], [78.3999754, 17.4198084], [78.4000431, 17.4189299], [78.4000498, 17.4188039]]}, "properties": {"class": "residential"}}, {"type": "Feature", "geometry": {"type": "LineString", "coordinates": [[78.4018878, 17.4219053], [78.4019559, 17.4218802], [78.4022391, 17.4217446], [78.4023707, 17.4216882], [78.4024672, 17.4216823], [78.4025769, 17.4217094], [78.4026415, 17.4217446], [78.4028875, 17.4219498], [78.4029677, 17.4220402], [78.4032743, 17.4224848]]}, "properties": {"class": "residential"}}, {"type": "Feature", "geometry": {"type": "LineString", "coordinates": [[78.3998183, 17.4215769], [78.4010975, 17.4216025]]}, "properties": {"class": "residential"}}, {"type": "Feature", "geometry": {"type": "LineString", "coordinates": [[78.4007039, 17.4188362], [78.4004758, 17.4188234], [78.4003767, 17.4188182], [78.4000498, 17.4188039], [78.3996438, 17.4187685]]}, "properties": {"class": "residential"}}, {"type": "Feature", "geometry": {"type": "LineString", "coordinates": [[78.3996438, 17.4187685], [78.3996331, 17.4195153]]}, "properties": {"class": "residential"}}, {"type": "Feature", "geometry": {"type": "LineString", "coordinates": [[78.3985806, 17.418359], [78.3982767, 17.4194016], [78.3982512, 17.4195146], [78.3982276, 17.4196337], [78.3981719, 17.4199975], [78.3981434, 17.4201473], [78.3981183, 17.4202566], [78.3980926, 17.420368], [78.3980727, 17.4204746], [78.3980469, 17.4206208], [78.398023, 17.4208069], [78.3980056, 17.420964], [78.397988, 17.4211983], [78.3979822, 17.4213736], [78.3979865, 17.4215254], [78.3980147, 17.4218759], [78.3980343, 17.422113], [78.3980495, 17.4222077], [78.398069, 17.4222903], [78.398086, 17.4223394], [78.398106, 17.4223794], [78.398617, 17.4230088], [78.3992064, 17.4237002], [78.3994732, 17.4239308], [78.4000491, 17.4244083], [78.4000809, 17.4244408], [78.4000979, 17.4244705], [78.4002328, 17.4250003], [78.400247, 17.4250591], [78.4003049, 17.4251477]]}, "properties": {"class": "tertiary"}}, {"type": "Feature", "geometry": {"type": "LineString", "coordinates": [[78.4033444, 17.4279863], [78.4028913, 17.4280532], [78.4027527, 17.4280977], [78.4026684, 17.4281542], [78.4025843, 17.4282469], [78.4023752, 17.4285095], [78.4020037, 17.4288796], [78.4015467, 17.4292311], [78.401041, 17.4296284], [78.4006737, 17.429917], [78.4003074, 17.4301174], [78.3997055, 17.4304603], [78.3996692, 17.4304795], [78.3993811, 17.4306323], [78.3989719, 17.4309646], [78.3989298, 17.4309988], [78.3987268, 17.431086], [78.3985936, 17.4310711], [78.398483, 17.4310571], [78.3983289, 17.4310342], [78.3980993, 17.4309955], [78.3979771, 17.4309751], [78.3979198, 17.4309627], [78.3974285, 17.4308565], [78.397138, 17.4307756], [78.3965369, 17.4306122], [78.3961919, 17.4305047], [78.3955694, 17.4304616], [78.3951314, 17.4304675], [78.3945833, 17.4305244]]}, "properties": {"class": "residential"}}, {"type": "Feature", "geometry": {"type": "LineString", "coordinates": [[78.3992572, 17.4184398], [78.3993485, 17.4183369], [78.3993692, 17.4182832], [78.3994056, 17.4181884], [78.3995316, 17.4180865], [78.4002669, 17.4180294], [78.4004358, 17.4180689], [78.4006909, 17.4182585], [78.4007291, 17.4182859], [78.4009368, 17.4184548], [78.4009643, 17.4184694], [78.4010575, 17.4185189], [78.4011136, 17.4185487], [78.4015173, 17.4185962], [78.4016715, 17.4186143], [78.4016861, 17.4186162], [78.4021493, 17.4186782], [78.4025529, 17.4187334], [78.4025899, 17.4187371], [78.4027444, 17.4187289], [78.4029246, 17.4186388], [78.4033721, 17.4183306], [78.4034618, 17.4182747], [78.4035426, 17.418214], [78.4039259, 17.4179402], [78.4039546, 17.4179181], [78.4040834, 17.4177871], [78.4041949, 17.4175824], [78.4042836, 17.4174002], [78.4043065, 17.4173531], [78.4044157, 17.4172084], [78.4044524, 17.4171811], [78.4046208, 17.4170326], [78.4050189, 17.4166815], [78.4051725, 17.4165994], [78.4053585, 17.4165608], [78.4056382, 17.4165128], [78.4061439, 17.4164313], [78.4065639, 17.4163539], [78.4065968, 17.4163371], [78.4068042, 17.4162311], [78.4069954, 17.4160657], [78.4070788, 17.4159854], [78.4072677, 17.4158462], [78.4075536, 17.4157494], [78.4079543, 17.4155841], [78.408598, 17.4152565], [78.4086583, 17.4152257], [78.4088346, 17.4151225], [78.4089878, 17.4150328]]}, "properties": {"class": "secondary"}}, {"type": "Feature", "geometry": {"type": "LineString", "coordinates": [[78.3993441, 17.4198214], [78.3999663, 17.4199366]]}, "properties": {"class": "residential"}}, {"type": "Feature", "geometry": {"type": "LineString", "coordinates": [[78.3997612, 17.4223276], [78.4010393, 17.4221259], [78.4012909, 17.4220715], [78.4015686, 17.4220055], [78.4018878, 17.4219053]]}, "properties": {"class": "residential"}}, {"type": "Feature", "geometry": {"type": "LineString", "coordinates": [[78.3820822, 17.4227586], [78.3821684, 17.4227023], [78.382224, 17.4226644], [78.3827369, 17.4224243], [78.382944, 17.4223264], [78.3832412, 17.422166], [78.3836005, 17.421938], [78.3838641, 17.4217557], [78.3840938, 17.4215804], [78.3842888, 17.4214315], [78.3850329, 17.4208525], [78.3851946, 17.4207289], [78.3860701, 17.4200597]]}, "properties": {"class": "primary"}}, {"type": "Feature", "geometry": {"type": "LineString", "coordinates": [[78.3545414, 17.4435526], [78.3544703, 17.4436176], [78.3543751, 17.4437046], [78.3543239, 17.4437514], [78.3542914, 17.4437812], [78.3542448, 17.4438238], [78.3539723, 17.4440407], [78.3539515, 17.4440573], [78.353835, 17.4441501], [78.3535161, 17.4443791], [78.3532015, 17.4446285], [78.3530647, 17.4447417], [78.3529289, 17.4448474], [78.3529022, 17.4448682], [78.3528862, 17.4448813], [78.3528639, 17.4448987], [78.3528134, 17.444938]]}, "properties": {"class": "primary"}}, {"type": "Feature", "geometry": {"type": "LineString", "coordinates": [[78.3760509, 17.4383991], [78.3768764, 17.4391101], [78.3771054, 17.4395474], [78.3771208, 17.4396005], [78.3771348, 17.4396799], [78.3771406, 17.4400041], [78.3771336, 17.4411629]]}, "properties": {"class": "primary"}}, {"type": "Feature", "geometry": {"type": "LineString", "coordinates": [[78.3733258, 17.4415869], [78.3730298, 17.4416826], [78.3724921, 17.4418817], [78.3719271, 17.4420812]]}, "properties": {"class": "secondary"}}, {"type": "Feature", "geometry": {"type": "LineString", "coordinates": [[78.3716265, 17.4399502], [78.3716457, 17.4401081], [78.3716492, 17.4401578], [78.3717151, 17.4410946], [78.3717858, 17.4420204], [78.3717935, 17.4421283]]}, "properties": {"class": "secondary"}}, {"type": "Feature", "geometry": {"type": "LineString", "coordinates": [[78.3687087, 17.4407637], [78.3687893, 17.4407312], [78.3689832, 17.4406613], [78.3690337, 17.4406431], [78.3691585, 17.4406066], [78.3693253, 17.4405577], [78.3696272, 17.4404693], [78.3696592, 17.4404599], [78.3710094, 17.4401667]]}, "properties": {"class": "primary"}}, {"type": "Feature", "geometry": {"type": "LineString", "coordinates": [[78.3743463, 17.4360263], [78.3743382, 17.4360993], [78.3743287, 17.4361674]]}, "properties": {"class": "primary"}}, {"type": "Feature", "geometry": {"type": "LineString", "coordinates": [[78.3746341, 17.4368815], [78.3746132, 17.4368326]]}, "properties": {"class": "primary"}}, {"type": "Feature", "geometry": {"type": "LineString", "coordinates": [[78.3722934, 17.4394318], [78.3723842, 17.4393463], [78.3726819, 17.4390444], [78.3729072, 17.4387667], [78.3735156, 17.4381283], [78.3735386, 17.4381041]]}, "properties": {"class": "primary"}}, {"type": "Feature", "geometry": {"type": "LineString", "coordinates": [[78.3779651, 17.4336081], [78.3780359, 17.4332054], [78.3780466, 17.4331441], [78.3782264, 17.4319983], [78.3782545, 17.431759]]}, "properties": {"class": "tertiary"}}, {"type": "Feature", "geometry": {"type": "LineString", "coordinates": [[78.3752529, 17.4298676], [78.3763957, 17.4300079], [78.3764674, 17.430018], [78.3783666, 17.4302843]]}, "properties": {"class": "tertiary"}}, {"type": "Feature", "geometry": {"type": "LineString", "coordinates": [[78.3793315, 17.4378465], [78.3790966, 17.4376216], [78.3789536, 17.4374595], [78.3782216, 17.4366294], [78.3780017, 17.4363658], [78.3779225, 17.4362588], [78.3778729, 17.4361918], [78.3777737, 17.4360101], [78.3777174, 17.4358592], [78.3777013, 17.4357107], [78.3777415, 17.4352758], [78.3777656, 17.4350147], [78.377782, 17.434914], [78.3778348, 17.4345893], [78.3778885, 17.4341084]]}, "properties": {"class": "tertiary"}}, {"type": "Feature", "geometry": {"type": "LineString", "coordinates": [[78.3778934, 17.434023], [78.3779061, 17.4339406]]}, "properties": {"class": "tertiary"}}, {"type": "Feature", "geometry": {"type": "LineString", "coordinates": [[78.3747267, 17.4335781], [78.3758817, 17.4337059], [78.3777971, 17.4339509]]}, "properties": {"class": "tertiary"}}, {"type": "Feature", "geometry": {"type": "LineString", "coordinates": [[78.3792913, 17.4403118], [78.3793174, 17.4403112], [78.3793523, 17.4403105], [78.3794006, 17.4402749], [78.3794097, 17.4402441], [78.3794172, 17.4402189], [78.3794086, 17.4401842], [78.3793869, 17.4401552], [78.3793554, 17.440136], [78.3793186, 17.4401296], [78.3792726, 17.4401412], [78.3792378, 17.4401721], [78.3792227, 17.4402122], [78.379228, 17.4402546], [78.3792526, 17.4402903], [78.3792913, 17.4403118]]}, "properties": {"class": "tertiary"}}, {"type": "Feature", "geometry": {"type": "LineString", "coordinates": [[78.3854976, 17.4365823], [78.3849483, 17.4368826], [78.3846614, 17.437018], [78.3843657, 17.4371326], [78.3839487, 17.4372787], [78.3839166, 17.4372891], [78.3838459, 17.4373051], [78.3837527, 17.4373261], [78.3836317, 17.4373534], [78.3835376, 17.4373747], [78.383216, 17.43744], [78.3828811, 17.4374957], [78.382808, 17.4375079], [78.382717, 17.437523], [78.3824138, 17.4375712], [78.3818667, 17.4377554], [78.3814536, 17.4379755], [78.3809898, 17.4383137], [78.3808742, 17.438431], [78.3806291, 17.4387037], [78.3803833, 17.4390324], [78.3803447, 17.4391077], [78.3800314, 17.439471], [78.3795966, 17.4398985], [78.3795279, 17.4399585], [78.3793186, 17.4401296]]}, "properties": {"class": "tertiary"}}, {"type": "Feature", "geometry": {"type": "LineString", "coordinates": [[78.3754279, 17.4406657], [78.375575, 17.4405887], [78.3758159, 17.4404366], [78.3760417, 17.4402585], [78.3763287, 17.4400129], [78.3764309, 17.4399443], [78.3765453, 17.4398998], [78.3766584, 17.4398668], [78.3767787, 17.4398498], [78.3769552, 17.439826]]}, "properties": {"class": "secondary"}}, {"type": "Feature", "geometry": {"type": "LineString", "coordinates": [[78.4007184, 17.4185193], [78.4010575, 17.4185189]]}, "properties": {"class": "residential"}}, {"type": "Feature", "geometry": {"type": "LineString", "coordinates": [[78.3595291, 17.4461307], [78.3594156, 17.4457118], [78.3593011, 17.445317], [78.3591795, 17.444867], [78.3591341, 17.4447123], [78.3591277, 17.4447018]]}, "properties": {"class": "residential"}}, {"type": "Feature", "geometry": {"type": "LineString", "coordinates": [[78.3614887, 17.4359537], [78.361533, 17.4360347], [78.3616691, 17.4362321], [78.3618422, 17.4364848], [78.3619594, 17.4366626], [78.3620573, 17.4368021], [78.362341, 17.4372], [78.362522, 17.4374872], [78.3623043, 17.4376151], [78.3618515, 17.4378813], [78.3617063, 17.4379667], [78.3616614, 17.4379931], [78.361521, 17.4380723], [78.3611753, 17.4382879]]}, "properties": {"class": "residential"}}, {"type": "Feature", "geometry": {"type": "LineString", "coordinates": [[78.3739114, 17.4414814], [78.3747309, 17.4411003]]}, "properties": {"class": "secondary"}}, {"type": "Feature", "geometry": {"type": "LineString", "coordinates": [[78.3738391, 17.4413643], [78.3736347, 17.4414664]]}, "properties": {"class": "secondary"}}, {"type": "Feature", "geometry": {"type": "LineString", "coordinates": [[78.3628219, 17.443149], [78.3627991, 17.4427301], [78.3627723, 17.4423974], [78.3627326, 17.4419211], [78.3627305, 17.4415985], [78.3627758, 17.4413689], [78.3628686, 17.4411735], [78.3629704, 17.4410184], [78.3632177, 17.4406412], [78.3633266, 17.4404622], [78.363377, 17.4403594], [78.3634988, 17.4400664], [78.3635625, 17.439918], [78.3636719, 17.4396619], [78.3637464, 17.4395033], [78.3637801, 17.4394353], [78.3639059, 17.4391624], [78.3639713, 17.4389904]]}, "properties": {"class": "primary"}}, {"type": "Feature", "geometry": {"type": "LineString", "coordinates": [[78.3635267, 17.4531485], [78.3635294, 17.4532112], [78.3635446, 17.4535586], [78.363548, 17.4536371], [78.3635675, 17.4540822], [78.3636428, 17.4548731]]}, "properties": {"class": "primary"}}, {"type": "Feature", "geometry": {"type": "LineString", "coordinates": [[78.3863654, 17.4447668], [78.386107, 17.4450763], [78.3858647, 17.4453645], [78.3858364, 17.4453974], [78.3854163, 17.4458832], [78.3853257, 17.4459914], [78.3852191, 17.4461113], [78.3851741, 17.4461579], [78.3851277, 17.4462125], [78.3849247, 17.4464515], [78.3847517, 17.4466699], [78.3847052, 17.4467409], [78.3845865, 17.446903], [78.3844315, 17.4471739], [78.3843848, 17.4472555], [78.3842769, 17.447443], [78.3842252, 17.4475328], [78.3840463, 17.4478353], [78.3838834, 17.4480546], [78.3838322, 17.4481234], [78.3837173, 17.4482799], [78.3836463, 17.4483757], [78.3835645, 17.4484617], [78.3833616, 17.4486984], [78.3832937, 17.4487776], [78.3832757, 17.4487986], [78.3830891, 17.4490185], [78.3829091, 17.4492307], [78.3826964, 17.4494877], [78.3825947, 17.4496105], [78.3824157, 17.4498466], [78.3822969, 17.4500192], [78.382186, 17.4501775], [78.3821074, 17.4502997], [78.3820544, 17.4503821], [78.3819372, 17.4505651], [78.3818561, 17.4506754], [78.3817896, 17.4507533], [78.3817041, 17.4508394], [78.3814689, 17.4510688]]}, "properties": {"class": "primary"}}, {"type": "Feature", "geometry": {"type": "LineString", "coordinates": [[78.3863654, 17.4447668], [78.3860921, 17.444569], [78.3857981, 17.4443354], [78.3855139, 17.4441161], [78.3854863, 17.4440767]]}, "properties": {"class": "tertiary"}}, {"type": "Feature", "geometry": {"type": "LineString", "coordinates": [[78.3876549, 17.4703941], [78.3899616, 17.4680227], [78.390541, 17.4674656], [78.3911598, 17.4669412], [78.3914217, 17.4667824], [78.3918875, 17.4665683], [78.3920108, 17.4665266], [78.3921025, 17.4664842], [78.3921152, 17.4664792], [78.3929899, 17.4661369], [78.3930503, 17.4662661], [78.3930959, 17.466316], [78.3931616, 17.4663441], [78.39323, 17.4663633], [78.3936835, 17.4663807], [78.394084, 17.466392], [78.3945554, 17.466416], [78.3954352, 17.4664537], [78.3957974, 17.4664843], [78.3965395, 17.4665284], [78.3968918, 17.4665501], [78.3969548, 17.4664824], [78.3969825, 17.4660095]]}, "properties": {"class": "residential"}}, {"type": "Feature", "geometry": {"type": "LineString", "coordinates": [[78.3771449, 17.441434], [78.3771355, 17.4421954], [78.3771179, 17.4431393]]}, "properties": {"class": "primary"}}, {"type": "Feature", "geometry": {"type": "LineString", "coordinates": [[78.382481, 17.4424228], [78.3824951, 17.4424688], [78.3825979, 17.4428046], [78.382773, 17.4430096], [78.3829179, 17.4431734], [78.3829951, 17.4432608], [78.3830342, 17.443305], [78.3830474, 17.4433238], [78.3831895, 17.4435258], [78.3832491, 17.4436104], [78.3832836, 17.4436661], [78.3833292, 17.4437399], [78.3835363, 17.4441137], [78.3835888, 17.4442054], [78.3837435, 17.4445031], [78.3838275, 17.4446771], [78.3839214, 17.4449024], [78.3839523, 17.4449767], [78.3839656, 17.4450085], [78.3839719, 17.4450238], [78.3839911, 17.4450704], [78.384022, 17.4451454], [78.384099, 17.4452734]]}, "properties": {"class": "tertiary"}}, {"type": "Feature", "geometry": {"type": "LineString", "coordinates": [[78.3822041, 17.4418246], [78.3822953, 17.4418944], [78.3823194, 17.4419379], [78.3823505, 17.4420344], [78.382357, 17.4420685], [78.3823604, 17.4420864], [78.3824046, 17.4423175], [78.3824189, 17.4423457], [78.3824324, 17.4423722], [78.382481, 17.4424228]]}, "properties": {"class": "tertiary"}}, {"type": "Feature", "geometry": {"type": "LineString", "coordinates": [[78.382368, 17.4418009], [78.3823244, 17.4413364], [78.3822989, 17.4411575], [78.3822594, 17.4410767]]}, "properties": {"class": "residential"}}, {"type": "Feature", "geometry": {"type": "LineString", "coordinates": [[78.3793174, 17.4403112], [78.3793877, 17.4404081], [78.3796852, 17.4408181], [78.3797432, 17.4409062], [78.3797985, 17.4409901], [78.3801671, 17.4416027], [78.3802143, 17.4416904], [78.3802591, 17.4417763]]}, "properties": {"class": "tertiary"}}, {"type": "Feature", "geometry": {"type": "LineString", "coordinates": [[78.38048, 17.4419257], [78.3807939, 17.4419161], [78.381152, 17.4419033], [78.3819228, 17.4418214], [78.382115, 17.441801]]}, "properties": {"class": "tertiary"}}, {"type": "Feature", "geometry": {"type": "LineString", "coordinates": [[78.3759464, 17.4380822], [78.3758735, 17.4380377], [78.3753794, 17.4376371], [78.3750501, 17.4373702], [78.3749908, 17.4373222], [78.3749421, 17.4372827], [78.3747553, 17.437061], [78.3747123, 17.436998], [78.3746341, 17.4368815]]}, "properties": {"class": "primary"}}, {"type": "Feature", "geometry": {"type": "LineString", "coordinates": [[78.3825654, 17.4353661], [78.382309, 17.4354724], [78.3816051, 17.4360211], [78.3813688, 17.4362132], [78.380462, 17.436953], [78.379721, 17.4375526], [78.3795111, 17.4377179], [78.3794796, 17.4377438], [78.3793315, 17.4378465]]}, "properties": {"class": "secondary"}}, {"type": "Feature", "geometry": {"type": "LineString", "coordinates": [[78.3772629, 17.4411647], [78.3773085, 17.4399399], [78.3772928, 17.4396468], [78.3772652, 17.439509], [78.3772299, 17.4393923], [78.3771672, 17.4392651], [78.3769939, 17.4390263], [78.3761805, 17.438295]]}, "properties": {"class": "primary"}}, {"type": "Feature", "geometry": {"type": "LineString", "coordinates": [[78.3671739, 17.4534068], [78.3668496, 17.4525483], [78.3668253, 17.4525346], [78.3667928, 17.4525317], [78.3664732, 17.4526433], [78.3664517, 17.4526668], [78.3664554, 17.4527023]]}, "properties": {"class": "residential"}}, {"type": "Feature", "geometry": {"type": "LineString", "coordinates": [[78.3835802, 17.4526474], [78.3828367, 17.4527017], [78.3824165, 17.4527244]]}, "properties": {"class": "secondary"}}, {"type": "Feature", "geometry": {"type": "LineString", "coordinates": [[78.3681138, 17.4634954], [78.3684019, 17.4645494]]}, "properties": {"class": "residential"}}, {"type": "Feature", "geometry": {"type": "LineString", "coordinates": [[78.4018934, 17.4394901], [78.4021914, 17.4390913]]}, "properties": {"class": "residential"}}, {"type": "Feature", "geometry": {"type": "LineString", "coordinates": [[78.3966375, 17.4514094], [78.3965335, 17.4514218]]}, "properties": {"class": "secondary"}}, {"type": "Feature", "geometry": {"type": "LineString", "coordinates": [[78.3965747, 17.4515086], [78.3966762, 17.4514997]]}, "properties": {"class": "secondary"}}, {"type": "Feature", "geometry": {"type": "LineString", "coordinates": [[78.3929102, 17.4525884], [78.3929175, 17.4530597]]}, "properties": {"class": "residential"}}, {"type": "Feature", "geometry": {"type": "LineString", "coordinates": [[78.3568025, 17.4367663], [78.3571172, 17.4364002], [78.3574728, 17.435991], [78.3576065, 17.4359521], [78.3577415, 17.4360012]]}, "properties": {"class": "residential"}}, {"type": "Feature", "geometry": {"type": "LineString", "coordinates": [[78.3590538, 17.4352769], [78.3597531, 17.4358386]]}, "properties": {"class": "residential"}}, {"type": "Feature", "geometry": {"type": "LineString", "coordinates": [[78.3585724, 17.4366927], [78.358183, 17.4371541], [78.3578028, 17.4376099], [78.357777, 17.4376408]]}, "properties": {"class": "residential"}}, {"type": "Feature", "geometry": {"type": "LineString", "coordinates": [[78.3965335, 17.4514218], [78.3965747, 17.4515086]]}, "properties": {"class": "secondary"}}, {"type": "Feature", "geometry": {"type": "LineString", "coordinates": [[78.3998076, 17.4599352], [78.4000174, 17.4603213], [78.4001819, 17.4606167], [78.4001929, 17.4606418], [78.4003423, 17.460931]]}, "properties": {"class": "residential"}}, {"type": "Feature", "geometry": {"type": "LineString", "coordinates": [[78.3965747, 17.4515086], [78.3967906, 17.4520951], [78.3969596, 17.4525915], [78.3971175, 17.4530327], [78.3973941, 17.4538427], [78.3976753, 17.4546053], [78.3976682, 17.4546611], [78.3976303, 17.4547205], [78.3974978, 17.4547916], [78.3973992, 17.45482], [78.3972406, 17.4548445], [78.3971554, 17.4548913], [78.3971263, 17.4549378], [78.3970955, 17.4549934], [78.3970855, 17.4551541], [78.3970527, 17.4562683], [78.3970556, 17.4571045], [78.3970557, 17.4575353], [78.3970559, 17.4582664]]}, "properties": {"class": "secondary"}}, {"type": "Feature", "geometry": {"type": "LineString", "coordinates": [[78.3820787, 17.4528393], [78.3827385, 17.4527761]]}, "properties": {"class": "secondary"}}, {"type": "Feature", "geometry": {"type": "LineString", "coordinates": [[78.3798084, 17.453077], [78.3820787, 17.4528393]]}, "properties": {"class": "secondary"}}, {"type": "Feature", "geometry": {"type": "LineString", "coordinates": [[78.3827385, 17.4527761], [78.3849032, 17.452601], [78.3851517, 17.4525947], [78.3855474, 17.4526066]]}, "properties": {"class": "secondary"}}, {"type": "Feature", "geometry": {"type": "LineString", "coordinates": [[78.3824165, 17.4527244], [78.3823402, 17.4527322], [78.3822323, 17.4527489], [78.3821558, 17.4527654], [78.3821288, 17.4527726]]}, "properties": {"class": "secondary"}}, {"type": "Feature", "geometry": {"type": "LineString", "coordinates": [[78.3810795, 17.4384078], [78.3813437, 17.4381928], [78.3816638, 17.4379911], [78.381675, 17.4379871], [78.3816991, 17.4379784], [78.3822107, 17.4377666], [78.3824415, 17.4377095], [78.3829802, 17.437632], [78.3836504, 17.437503], [78.3837601, 17.4374819], [78.383875, 17.4374453], [78.3841024, 17.4373773], [78.3844128, 17.4372668], [78.3847199, 17.4371328], [78.3848484, 17.4370822], [78.3855623, 17.4366711]]}, "properties": {"class": "tertiary"}}, {"type": "Feature", "geometry": {"type": "LineString", "coordinates": [[78.3529984, 17.4224872], [78.3531233, 17.4223777], [78.3531913, 17.4223191], [78.3532583, 17.4222714], [78.3533743, 17.4221817], [78.3538616, 17.4218049], [78.3550615, 17.4208625], [78.3557732, 17.4202953], [78.3558445, 17.4202447], [78.3558952, 17.4201966], [78.3559216, 17.4201607], [78.3559286, 17.4201475], [78.3559419, 17.4200681], [78.3559361, 17.4199724], [78.35588, 17.4199076], [78.3557969, 17.4198244], [78.3556708, 17.4197196], [78.3554038, 17.4194857]]}, "properties": {"class": "secondary"}}, {"type": "Feature", "geometry": {"type": "LineString", "coordinates": [[78.3607386, 17.4338119], [78.3603426, 17.433996]]}, "properties": {"class": "residential"}}, {"type": "Feature", "geometry": {"type": "LineString", "coordinates": [[78.3977577, 17.4355801], [78.3981536, 17.4349655], [78.39853, 17.434412], [78.398632, 17.4343122], [78.3987104, 17.4342559], [78.3987781, 17.4342265], [78.3993931, 17.4339796], [78.3998435, 17.4337987], [78.399926, 17.4337367], [78.3999375, 17.4337115], [78.3999498, 17.4336855], [78.3999368, 17.433659], [78.399135, 17.4328606]]}, "properties": {"class": "tertiary"}}, {"type": "Feature", "geometry": {"type": "LineString", "coordinates": [[78.3936664, 17.4345215], [78.3939288, 17.4349007], [78.3943523, 17.4355498]]}, "properties": {"class": "residential"}}, {"type": "Feature", "geometry": {"type": "LineString", "coordinates": [[78.3951102, 17.4371373], [78.3951866, 17.4371063]]}, "properties": {"class": "tertiary"}}, {"type": "Feature", "geometry": {"type": "LineString", "coordinates": [[78.3964917, 17.444028], [78.3969638, 17.4438776]]}, "properties": {"class": "residential"}}, {"type": "Feature", "geometry": {"type": "LineString", "coordinates": [[78.355793, 17.4201863], [78.3557224, 17.4202423], [78.3550131, 17.4208037], [78.3546995, 17.4210491], [78.3545677, 17.4211523], [78.3541134, 17.4215079], [78.353814, 17.4217422], [78.3535373, 17.4219593], [78.3535056, 17.4219842], [78.3533268, 17.4221244], [78.3531696, 17.4222476], [78.3529394, 17.4224194]]}, "properties": {"class": "secondary"}}, {"type": "Feature", "geometry": {"type": "LineString", "coordinates": [[78.3574648, 17.4666523], [78.3578976, 17.4666416]]}, "properties": {"class": "residential"}}, {"type": "Feature", "geometry": {"type": "LineString", "coordinates": [[78.3587852, 17.4666522], [78.3595455, 17.4666883], [78.3595917, 17.4667011], [78.3596481, 17.4667375], [78.3596772, 17.4668005], [78.3596923, 17.4668197], [78.3597161, 17.4668351], [78.3598487, 17.4668447]]}, "properties": {"class": "residential"}}, {"type": "Feature", "geometry": {"type": "LineString", "coordinates": [[78.3621791, 17.4684535], [78.3624018, 17.46847], [78.3627662, 17.4684534], [78.3627907, 17.4684506], [78.3628693, 17.4684416], [78.3628896, 17.4684425], [78.3629005, 17.4684522]]}, "properties": {"class": "residential"}}, {"type": "Feature", "geometry": {"type": "LineString", "coordinates": [[78.3624018, 17.46847], [78.3623939, 17.4683437], [78.3624283, 17.4680311], [78.3624637, 17.467695], [78.3624824, 17.4676693]]}, "properties": {"class": "residential"}}, {"type": "Feature", "geometry": {"type": "LineString", "coordinates": [[78.3626026, 17.4672236], [78.3626249, 17.4669506]]}, "properties": {"class": "residential"}}, {"type": "Feature", "geometry": {"type": "LineString", "coordinates": [[78.3822943, 17.4529461], [78.3825346, 17.4531723], [78.382596, 17.4532376], [78.3827626, 17.4534409], [78.3831757, 17.4541702], [78.3831907, 17.4542125], [78.3835888, 17.4553344], [78.3837156, 17.455661], [78.3837625, 17.4557707], [78.3837893, 17.4558206], [78.3838308, 17.4558725]]}, "properties": {"class": "primary"}}, {"type": "Feature", "geometry": {"type": "LineString", "coordinates": [[78.3839276, 17.4558731], [78.3839462, 17.4558302], [78.3839462, 17.4557751], [78.3839341, 17.4556901], [78.3839122, 17.4555919]]}, "properties": {"class": "primary"}}, {"type": "Feature", "geometry": {"type": "LineString", "coordinates": [[78.3835146, 17.4548778], [78.3836229, 17.4552046], [78.3838308, 17.4558725]]}, "properties": {"class": "primary"}}, {"type": "Feature", "geometry": {"type": "LineString", "coordinates": [[78.3839276, 17.4558731], [78.3835843, 17.4548633]]}, "properties": {"class": "primary"}}, {"type": "Feature", "geometry": {"type": "LineString", "coordinates": [[78.3907839, 17.4540304], [78.3908881, 17.4540434], [78.3913022, 17.4540749], [78.3913873, 17.4540819], [78.3914269, 17.4540762], [78.3914423, 17.4540621], [78.3914465, 17.454014], [78.3914343, 17.4538498], [78.3914313, 17.4537848], [78.3914376, 17.4536025], [78.3914658, 17.4531124], [78.3915091, 17.4526117], [78.3915754, 17.4520235]]}, "properties": {"class": "residential"}}, {"type": "Feature", "geometry": {"type": "LineString", "coordinates": [[78.3691777, 17.4664281], [78.3696602, 17.4662192], [78.3698536, 17.4666345], [78.3698767, 17.4666613], [78.3699114, 17.4666629], [78.3707889, 17.4663104], [78.3708239, 17.466311], [78.3708484, 17.4663256], [78.3708997, 17.4664663], [78.3709207, 17.4664996], [78.3709586, 17.4665111], [78.3715156, 17.4664205], [78.3715366, 17.4664091], [78.3715508, 17.4663902], [78.3715558, 17.4660764], [78.3715567, 17.4660225]]}, "properties": {"class": "residential"}}, {"type": "Feature", "geometry": {"type": "LineString", "coordinates": [[78.3695373, 17.4659314], [78.3696602, 17.4662192]]}, "properties": {"class": "residential"}}, {"type": "Feature", "geometry": {"type": "LineString", "coordinates": [[78.3700254, 17.4653094], [78.3700359, 17.465345], [78.370022, 17.4653888], [78.3694259, 17.4656571], [78.3693525, 17.4656748], [78.3693022, 17.4656207], [78.3688831, 17.464788], [78.3688158, 17.4646542], [78.3688056, 17.4645805], [78.3688585, 17.4645184], [78.3689388, 17.4644744], [78.3690886, 17.4644082], [78.3691888, 17.4643639]]}, "properties": {"class": "residential"}}, {"type": "Feature", "geometry": {"type": "LineString", "coordinates": [[78.3684691, 17.4635502], [78.3689057, 17.4642584]]}, "properties": {"class": "residential"}}, {"type": "Feature", "geometry": {"type": "LineString", "coordinates": [[78.3868792, 17.4359709], [78.3868509, 17.4359147], [78.3868112, 17.435887], [78.3867841, 17.4358682], [78.3866749, 17.4358793], [78.3865604, 17.4359747], [78.3861498, 17.4362119], [78.3857848, 17.4364229], [78.3854976, 17.4365823]]}, "properties": {"class": "tertiary"}}, {"type": "Feature", "geometry": {"type": "LineString", "coordinates": [[78.3662294, 17.44537], [78.3659688, 17.4458185], [78.3657509, 17.4461996], [78.365714, 17.4462638], [78.3656055, 17.4464885], [78.3655806, 17.44654], [78.365372, 17.4469147], [78.3653439, 17.4469611]]}, "properties": {"class": "secondary"}}, {"type": "Feature", "geometry": {"type": "LineString", "coordinates": [[78.3666144, 17.4443022], [78.3666066, 17.4442392], [78.3665872, 17.4441797], [78.3665463, 17.4441421], [78.3664921, 17.444111]]}, "properties": {"class": "residential"}}, {"type": "Feature", "geometry": {"type": "LineString", "coordinates": [[78.3644703, 17.445779], [78.3648612, 17.4456609], [78.3653213, 17.4455166], [78.3653542, 17.4455128], [78.3653836, 17.4455209], [78.3654643, 17.4455638]]}, "properties": {"class": "residential"}}, {"type": "Feature", "geometry": {"type": "LineString", "coordinates": [[78.3657215, 17.4448509], [78.3657177, 17.4448761], [78.3656967, 17.4449488], [78.3656871, 17.4449942], [78.3657082, 17.445053], [78.3657535, 17.445085]]}, "properties": {"class": "residential"}}, {"type": "Feature", "geometry": {"type": "LineString", "coordinates": [[78.3644703, 17.445779], [78.3644179, 17.4458219], [78.3643863, 17.4459058], [78.3644094, 17.4459578], [78.3644466, 17.4460054], [78.3645088, 17.446041], [78.3645624, 17.4460582], [78.3646348, 17.4460645], [78.36473, 17.4460517], [78.3649553, 17.4459597], [78.3651186, 17.4459456], [78.3652151, 17.445932], [78.3652502, 17.4459138], [78.3654643, 17.4455638]]}, "properties": {"class": "residential"}}, {"type": "Feature", "geometry": {"type": "LineString", "coordinates": [[78.3649553, 17.4459597], [78.3648612, 17.4456609]]}, "properties": {"class": "residential"}}, {"type": "Feature", "geometry": {"type": "LineString", "coordinates": [[78.3657107, 17.4457641], [78.3657109, 17.445774], [78.3655329, 17.4460682], [78.3654944, 17.4461298]]}, "properties": {"class": "residential"}}, {"type": "Feature", "geometry": {"type": "LineString", "coordinates": [[78.3655313, 17.4447559], [78.3657206, 17.44443], [78.3659908, 17.4439647]]}, "properties": {"class": "residential"}}, {"type": "Feature", "geometry": {"type": "LineString", "coordinates": [[78.3659915, 17.4590321], [78.3658722, 17.4590432], [78.3655571, 17.4591073], [78.3651974, 17.4591322], [78.3650624, 17.4591445]]}, "properties": {"class": "residential"}}, {"type": "Feature", "geometry": {"type": "LineString", "coordinates": [[78.3824415, 17.4377095], [78.3824138, 17.4375712]]}, "properties": {"class": "tertiary"}}, {"type": "Feature", "geometry": {"type": "LineString", "coordinates": [[78.3896565, 17.4390527], [78.3897287, 17.4390253], [78.3897404, 17.4390054], [78.3897421, 17.4389849], [78.3897416, 17.4389667], [78.389615, 17.4385713], [78.3895929, 17.4385515], [78.3895654, 17.4385406], [78.3895316, 17.4385383], [78.3891839, 17.4386266], [78.3891621, 17.4386398], [78.3891463, 17.4386557], [78.3891416, 17.4386721], [78.3891418, 17.4386852], [78.3893074, 17.4391687]]}, "properties": {"class": "residential"}}, {"type": "Feature", "geometry": {"type": "LineString", "coordinates": [[78.3533648, 17.4197621], [78.353379, 17.4198267], [78.3531849, 17.4198549], [78.3531309, 17.4198619], [78.3531456, 17.4200468], [78.3531671, 17.4202822], [78.3528957, 17.4203227], [78.3525267, 17.4203843], [78.3522444, 17.4204511], [78.3521505, 17.4204742], [78.3521264, 17.4205637], [78.3521135, 17.4207587], [78.3521459, 17.4207951], [78.3522183, 17.4208352], [78.3522385, 17.4212661], [78.3523851, 17.421259], [78.3525153, 17.4211242], [78.3525636, 17.4210423], [78.3525521, 17.4208371], [78.3525267, 17.4203843]]}, "properties": {"class": "residential"}}, {"type": "Feature", "geometry": {"type": "LineString", "coordinates": [[78.3528957, 17.4203227], [78.3528828, 17.4207582], [78.3530142, 17.4207659], [78.3532583, 17.4205509], [78.3532583, 17.4203641], [78.3531671, 17.4202822]]}, "properties": {"class": "residential"}}, {"type": "Feature", "geometry": {"type": "LineString", "coordinates": [[78.3532583, 17.4203641], [78.353438, 17.4203667], [78.3535372, 17.420295], [78.3535319, 17.4200058], [78.3534729, 17.4198881], [78.353379, 17.4198267]]}, "properties": {"class": "residential"}}, {"type": "Feature", "geometry": {"type": "LineString", "coordinates": [[78.3525521, 17.4208371], [78.3528828, 17.4207582]]}, "properties": {"class": "residential"}}, {"type": "Feature", "geometry": {"type": "LineString", "coordinates": [[78.3953101, 17.4412928], [78.3954063, 17.4414941], [78.3954294, 17.441531], [78.3954549, 17.441563], [78.3956813, 17.4419699], [78.395863, 17.4423077]]}, "properties": {"class": "residential"}}, {"type": "Feature", "geometry": {"type": "LineString", "coordinates": [[78.365405, 17.4414356], [78.3662401, 17.4410998]]}, "properties": {"class": "residential"}}, {"type": "Feature", "geometry": {"type": "LineString", "coordinates": [[78.3764867, 17.4233402], [78.3763312, 17.4233633], [78.3761183, 17.4233732], [78.3759064, 17.423386], [78.3754375, 17.423406], [78.3749809, 17.4234228], [78.3747244, 17.4234294], [78.3745561, 17.423434], [78.37454, 17.4234288], [78.3745246, 17.4234218], [78.3745152, 17.4234125], [78.3745048, 17.4233984], [78.3744884, 17.4233556], [78.3744433, 17.4223442]]}, "properties": {"class": "residential"}}, {"type": "Feature", "geometry": {"type": "LineString", "coordinates": [[78.3780579, 17.424976], [78.3774438, 17.4244707], [78.377271, 17.4242929], [78.3772159, 17.4242282], [78.3771197, 17.4240922], [78.3767915, 17.4235022]]}, "properties": {"class": "residential"}}, {"type": "Feature", "geometry": {"type": "LineString", "coordinates": [[78.3769889, 17.4398605], [78.3769975, 17.4400006], [78.3770073, 17.4409346], [78.3770103, 17.4412173], [78.3770114, 17.4413221]]}, "properties": {"class": "primary"}}, {"type": "Feature", "geometry": {"type": "LineString", "coordinates": [[78.3772528, 17.4414179], [78.3773632, 17.4412748], [78.3773683, 17.4411578], [78.3773796, 17.4409005], [78.3774192, 17.4399986], [78.3774268, 17.4398263]]}, "properties": {"class": "primary"}}, {"type": "Feature", "geometry": {"type": "LineString", "coordinates": [[78.3770931, 17.438996], [78.3766192, 17.4385559], [78.3761048, 17.4381201], [78.3759464, 17.4380822]]}, "properties": {"class": "primary"}}, {"type": "Feature", "geometry": {"type": "LineString", "coordinates": [[78.3757939, 17.438192], [78.3758369, 17.4383527], [78.3768265, 17.4392299], [78.3769263, 17.4394467]]}, "properties": {"class": "primary"}}, {"type": "Feature", "geometry": {"type": "LineString", "coordinates": [[78.3820899, 17.4417155], [78.3820164, 17.4417137], [78.3819371, 17.4417168], [78.3818577, 17.4417198], [78.3813866, 17.4417676], [78.3812108, 17.4417775], [78.3807987, 17.4418296], [78.3806808, 17.4417992], [78.3805418, 17.4418027], [78.3804641, 17.4417984]]}, "properties": {"class": "tertiary"}}, {"type": "Feature", "geometry": {"type": "LineString", "coordinates": [[78.3757938, 17.4641459], [78.3760169, 17.4638064], [78.3760588, 17.4637426], [78.3761567, 17.4635635], [78.3762648, 17.463366], [78.3764193, 17.4630058], [78.3764542, 17.4628627], [78.3765052, 17.4626537], [78.3766912, 17.4611166], [78.3767905, 17.4604878], [78.3768179, 17.4603079], [78.3768503, 17.4601481], [78.3769396, 17.4598115], [78.3770096, 17.4596442], [78.3771591, 17.4593243], [78.377294, 17.459027], [78.3773291, 17.4587237], [78.3772689, 17.4573044], [78.3772333, 17.4568325], [78.3772183, 17.4566678], [78.3772095, 17.4566237], [78.377155, 17.4563684]]}, "properties": {"class": "tertiary"}}, {"type": "Feature", "geometry": {"type": "LineString", "coordinates": [[78.3770225, 17.4563104], [78.3770528, 17.4564364]]}, "properties": {"class": "tertiary"}}, {"type": "Feature", "geometry": {"type": "LineString", "coordinates": [[78.3770528, 17.4564364], [78.377155, 17.4563684]]}, "properties": {"class": "primary"}}, {"type": "Feature", "geometry": {"type": "LineString", "coordinates": [[78.3770528, 17.4564364], [78.3770692, 17.4565313], [78.3770803, 17.4566326], [78.3770841, 17.4566815], [78.3770872, 17.4566961], [78.3771496, 17.4572689], [78.3772567, 17.4586895], [78.3772216, 17.4589928], [78.3770867, 17.4592901], [78.3769372, 17.45961], [78.3768672, 17.4597773], [78.3767779, 17.4601139], [78.3767455, 17.4602737], [78.3767414, 17.4603005], [78.3767181, 17.4604536], [78.3766188, 17.4610824], [78.3766152, 17.4611119], [78.3764328, 17.4626195], [78.3763818, 17.4628285], [78.3763469, 17.4629716], [78.3761924, 17.4633318], [78.3760843, 17.4635293], [78.3759864, 17.4637084], [78.3757426, 17.464064], [78.3757149, 17.4641134], [78.3756809, 17.4641925], [78.3756634, 17.4642335], [78.3756359, 17.4643163], [78.375632, 17.4643405], [78.3756173, 17.4644039]]}, "properties": {"class": "tertiary"}}, {"type": "Feature", "geometry": {"type": "LineString", "coordinates": [[78.375916, 17.4641424], [78.3760982, 17.4638425], [78.3761534, 17.4637516], [78.3762513, 17.4635725], [78.3762856, 17.4635098], [78.3763594, 17.463375], [78.3763764, 17.4633354], [78.3764616, 17.4631367], [78.3765139, 17.4630148], [78.3765488, 17.4628717], [78.3765998, 17.4626627], [78.3766049, 17.4626208], [78.3766475, 17.462269], [78.3767166, 17.461698], [78.3767858, 17.4611256], [78.3768851, 17.4604968], [78.3769125, 17.4603169], [78.3769449, 17.4601571], [78.3770342, 17.4598205], [78.3771042, 17.4596532], [78.3771141, 17.459632], [78.3772537, 17.4593333], [78.3772908, 17.4592516], [78.3773886, 17.459036], [78.3774237, 17.4587327], [78.3773166, 17.4573121], [78.3773097, 17.4569645], [78.3773044, 17.4569489], [78.3772975, 17.4567917], [78.3772695, 17.4567097], [78.3772183, 17.4566678]]}, "properties": {"class": "tertiary"}}, {"type": "Feature", "geometry": {"type": "LineString", "coordinates": [[78.3770872, 17.4566961], [78.3770261, 17.4568577], [78.3770539, 17.4571868], [78.3772178, 17.4586872], [78.3771962, 17.4588347], [78.3771714, 17.4589841], [78.3770568, 17.4592469], [78.3769299, 17.4595518], [78.3768486, 17.4597384], [78.3767638, 17.4600084], [78.3767318, 17.4601797], [78.3767094, 17.4602941], [78.3766949, 17.4603686], [78.3765899, 17.4610318], [78.3765802, 17.4611031], [78.376383, 17.4625544], [78.3763529, 17.4627273], [78.3763386, 17.4627954], [78.3763104, 17.4629301], [78.376173, 17.4632559], [78.3760573, 17.463466], [78.3759499, 17.4636506], [78.3759359, 17.4636718], [78.3756678, 17.4640769], [78.3756809, 17.4641925]]}, "properties": {"class": "tertiary"}}, {"type": "Feature", "geometry": {"type": "LineString", "coordinates": [[78.3743205, 17.4479519], [78.3744127, 17.4479574]]}, "properties": {"class": "tertiary"}}, {"type": "Feature", "geometry": {"type": "LineString", "coordinates": [[78.367096, 17.4668534], [78.3665556, 17.4668405]]}, "properties": {"class": "residential"}}, {"type": "Feature", "geometry": {"type": "LineString", "coordinates": [[78.3975012, 17.4474336], [78.39761, 17.4478086], [78.3976432, 17.4478897], [78.3977552, 17.4482703], [78.3978764, 17.4486696], [78.3979695, 17.448976], [78.3979936, 17.4490143], [78.3980285, 17.4490323], [78.3980647, 17.4490361], [78.3981285, 17.4490155], [78.3984715, 17.4488902], [78.3990726, 17.4486318]]}, "properties": {"class": "residential"}}, {"type": "Feature", "geometry": {"type": "LineString", "coordinates": [[78.3647655, 17.4666998], [78.3652111, 17.4670603], [78.365269, 17.4670622]]}, "properties": {"class": "residential"}}, {"type": "Feature", "geometry": {"type": "LineString", "coordinates": [[78.3728063, 17.4570052], [78.3733966, 17.4569555]]}, "properties": {"class": "residential"}}, {"type": "Feature", "geometry": {"type": "LineString", "coordinates": [[78.378502, 17.4454448], [78.3783745, 17.4454678], [78.3782619, 17.4454934], [78.3782351, 17.4455152], [78.3782163, 17.4455548], [78.3782123, 17.4456098], [78.3782069, 17.445716], [78.3782136, 17.4457698], [78.3782203, 17.4458056], [78.3782273, 17.4458445], [78.3781466, 17.4458596], [78.3778765, 17.4458866], [78.3775803, 17.4459061], [78.3775159, 17.4459174], [78.3774207, 17.4459342]]}, "properties": {"class": "residential"}}, {"type": "Feature", "geometry": {"type": "LineString", "coordinates": [[78.392186, 17.4435273], [78.3918889, 17.4436114]]}, "properties": {"class": "residential"}}, {"type": "Feature", "geometry": {"type": "LineString", "coordinates": [[78.3936352, 17.4474055], [78.3940025, 17.4474157], [78.3940467, 17.447424], [78.3940729, 17.4474471], [78.3940836, 17.4474643], [78.394095, 17.4475199]]}, "properties": {"class": "residential"}}, {"type": "Feature", "geometry": {"type": "LineString", "coordinates": [[78.3932259, 17.4472589], [78.3936475, 17.4472951]]}, "properties": {"class": "residential"}}, {"type": "Feature", "geometry": {"type": "LineString", "coordinates": [[78.3644267, 17.4407781], [78.3647691, 17.4407147], [78.3651286, 17.4406699]]}, "properties": {"class": "residential"}}, {"type": "Feature", "geometry": {"type": "LineString", "coordinates": [[78.3950746, 17.4351909], [78.3955078, 17.4362414]]}, "properties": {"class": "residential"}}, {"type": "Feature", "geometry": {"type": "LineString", "coordinates": [[78.3640067, 17.4411832], [78.3642262, 17.4410844]]}, "properties": {"class": "residential"}}, {"type": "Feature", "geometry": {"type": "LineString", "coordinates": [[78.3683807, 17.4650207], [78.3686528, 17.4648807], [78.3687141, 17.4648852], [78.3687566, 17.4649107], [78.3691669, 17.4657103]]}, "properties": {"class": "residential"}}, {"type": "Feature", "geometry": {"type": "LineString", "coordinates": [[78.3617798, 17.4430382], [78.3618094, 17.4431124]]}, "properties": {"class": "residential"}}, {"type": "Feature", "geometry": {"type": "LineString", "coordinates": [[78.3816923, 17.4219506], [78.3814478, 17.4216413], [78.3811787, 17.421271]]}, "properties": {"class": "residential"}}, {"type": "Feature", "geometry": {"type": "LineString", "coordinates": [[78.3909895, 17.4446976], [78.3909246, 17.4440275], [78.3908388, 17.4432906]]}, "properties": {"class": "residential"}}, {"type": "Feature", "geometry": {"type": "LineString", "coordinates": [[78.3626026, 17.4672236], [78.3627923, 17.4672409]]}, "properties": {"class": "residential"}}, {"type": "Feature", "geometry": {"type": "LineString", "coordinates": [[78.3630983, 17.4675749], [78.3630951, 17.4676578]]}, "properties": {"class": "residential"}}, {"type": "Feature", "geometry": {"type": "LineString", "coordinates": [[78.3628342, 17.4676752], [78.3630095, 17.4676768], [78.3630547, 17.4676763], [78.3630809, 17.4676714], [78.3630951, 17.4676578]]}, "properties": {"class": "residential"}}, {"type": "Feature", "geometry": {"type": "LineString", "coordinates": [[78.3627907, 17.4684506], [78.3628342, 17.4676752], [78.3625632, 17.4676573], [78.3625109, 17.4676533], [78.3624824, 17.4676693]]}, "properties": {"class": "residential"}}, {"type": "Feature", "geometry": {"type": "LineString", "coordinates": [[78.3634013, 17.467802], [78.3633563, 17.468376]]}, "properties": {"class": "residential"}}, {"type": "Feature", "geometry": {"type": "LineString", "coordinates": [[78.3714338, 17.4316747], [78.3713499, 17.4315306], [78.3719771, 17.4310341]]}, "properties": {"class": "residential"}}, {"type": "Feature", "geometry": {"type": "LineString", "coordinates": [[78.4000058, 17.4515942], [78.4004441, 17.4515478], [78.40094, 17.4514887], [78.4009641, 17.4514791], [78.4009762, 17.4514567], [78.4009715, 17.4514254]]}, "properties": {"class": "residential"}}, {"type": "Feature", "geometry": {"type": "LineString", "coordinates": [[78.4005136, 17.4523674], [78.4004819, 17.4519605], [78.4004441, 17.4515478]]}, "properties": {"class": "residential"}}, {"type": "Feature", "geometry": {"type": "LineString", "coordinates": [[78.3692189, 17.4552502], [78.3691643, 17.4552786], [78.3691096, 17.4553069], [78.3690727, 17.4553319], [78.3686475, 17.4555314], [78.367399, 17.4561238], [78.3673373, 17.456143], [78.3673131, 17.4561289], [78.3672279, 17.4559756], [78.367171, 17.4558628], [78.3671629, 17.4558321], [78.3671683, 17.4558014], [78.3672059, 17.4557668], [78.3674003, 17.4556722], [78.3683458, 17.4552385], [78.368838, 17.4550056], [78.3689117, 17.4549788], [78.368952, 17.4549915], [78.3690029, 17.4550555], [78.3690512, 17.4551668], [78.3691096, 17.4553069]]}, "properties": {"class": "residential"}}, {"type": "Feature", "geometry": {"type": "LineString", "coordinates": [[78.3635057, 17.4476568], [78.363387, 17.4476872]]}, "properties": {"class": "secondary"}}, {"type": "Feature", "geometry": {"type": "LineString", "coordinates": [[78.3722281, 17.4337766], [78.371952, 17.433455]]}, "properties": {"class": "residential"}}, {"type": "Feature", "geometry": {"type": "LineString", "coordinates": [[78.3717207, 17.4363575], [78.371866, 17.4363683], [78.3718836, 17.4363696], [78.3720106, 17.4363738], [78.3722323, 17.4363812], [78.3725833, 17.436385]]}, "properties": {"class": "residential"}}, {"type": "Feature", "geometry": {"type": "LineString", "coordinates": [[78.3994491, 17.4497559], [78.3998084, 17.4495677], [78.4001834, 17.449418], [78.4007166, 17.4491681], [78.4008633, 17.4490993], [78.4011831, 17.448945], [78.4014212, 17.4488495]]}, "properties": {"class": "residential"}}, {"type": "Feature", "geometry": {"type": "LineString", "coordinates": [[78.357448, 17.4359301], [78.3570971, 17.4363292], [78.3566905, 17.4367982]]}, "properties": {"class": "residential"}}, {"type": "Feature", "geometry": {"type": "LineString", "coordinates": [[78.3679072, 17.4436129], [78.367969, 17.4435655], [78.3680601, 17.4434962], [78.3681902, 17.4434361], [78.3683744, 17.4433425], [78.3685966, 17.443248], [78.3690442, 17.4431191], [78.3692872, 17.4430652], [78.369784, 17.4429573], [78.3699078, 17.4429247], [78.3700839, 17.4428783], [78.3703955, 17.4427653], [78.3704548, 17.442752], [78.3718179, 17.4422155]]}, "properties": {"class": "secondary"}}, {"type": "Feature", "geometry": {"type": "LineString", "coordinates": [[78.3717935, 17.4421283], [78.3711312, 17.4423601], [78.370976, 17.4424191], [78.3704014, 17.442643]]}, "properties": {"class": "secondary"}}, {"type": "Feature", "geometry": {"type": "LineString", "coordinates": [[78.3692956, 17.4429615], [78.369194, 17.4429889], [78.3688521, 17.443067], [78.3685751, 17.4431469], [78.3683357, 17.4432416], [78.3680843, 17.4433696], [78.3680167, 17.4434148], [78.3678889, 17.4435003]]}, "properties": {"class": "secondary"}}, {"type": "Feature", "geometry": {"type": "LineString", "coordinates": [[78.3692673, 17.4640299], [78.3687939, 17.4632638]]}, "properties": {"class": "residential"}}, {"type": "Feature", "geometry": {"type": "LineString", "coordinates": [[78.3849992, 17.4402902], [78.3844501, 17.440396]]}, "properties": {"class": "residential"}}, {"type": "Feature", "geometry": {"type": "LineString", "coordinates": [[78.3865762, 17.4426452], [78.3868058, 17.4427796], [78.3870503, 17.4429144], [78.3872496, 17.4430275]]}, "properties": {"class": "residential"}}, {"type": "Feature", "geometry": {"type": "LineString", "coordinates": [[78.3942755, 17.4585102], [78.394266, 17.4596293], [78.3946, 17.4600587]]}, "properties": {"class": "residential"}}, {"type": "Feature", "geometry": {"type": "LineString", "coordinates": [[78.3867976, 17.4628947], [78.3875727, 17.4626307], [78.3893433, 17.4619977], [78.3898497, 17.461821], [78.3899091, 17.4618003], [78.3905257, 17.4615936], [78.3912443, 17.4613428], [78.3915976, 17.4612209], [78.391692, 17.4611837], [78.3917519, 17.4611622], [78.3922015, 17.4610005], [78.393328, 17.4606075], [78.3933552, 17.460598], [78.3946645, 17.460175], [78.3960195, 17.4596522], [78.3961652, 17.4595871], [78.396238, 17.4595517]]}, "properties": {"class": "secondary"}}, {"type": "Feature", "geometry": {"type": "LineString", "coordinates": [[78.3855044, 17.4632228], [78.3854824, 17.4631929], [78.3854628, 17.4630607], [78.3854019, 17.4627187], [78.3853126, 17.4622985]]}, "properties": {"class": "secondary"}}, {"type": "Feature", "geometry": {"type": "LineString", "coordinates": [[78.3852044, 17.4429817], [78.3857094, 17.4427454], [78.3862281, 17.4425136], [78.3862634, 17.4424948]]}, "properties": {"class": "residential"}}, {"type": "Feature", "geometry": {"type": "LineString", "coordinates": [[78.3984536, 17.4618487], [78.3986643, 17.4617482], [78.3987536, 17.4617039], [78.398853, 17.4616546], [78.3993266, 17.4614194], [78.3996232, 17.4612768], [78.4003423, 17.460931]]}, "properties": {"class": "residential"}}, {"type": "Feature", "geometry": {"type": "LineString", "coordinates": [[78.3977357, 17.4609468], [78.3980011, 17.4608115], [78.3986438, 17.460504], [78.3988033, 17.4604237], [78.3992966, 17.4601838], [78.3998076, 17.4599352], [78.4008066, 17.4594315], [78.4012952, 17.4591922], [78.4016058, 17.4590402], [78.4019901, 17.4588454], [78.4020741, 17.4588025], [78.402088, 17.4587955], [78.4029923, 17.4583378], [78.4035257, 17.4581007], [78.4037362, 17.4579915], [78.4040819, 17.4578123], [78.4043054, 17.4576984], [78.4047184, 17.4574921], [78.404928, 17.4573813], [78.4051432, 17.4572727], [78.4051782, 17.4572554], [78.4057663, 17.4569643], [78.406131, 17.4567841], [78.4063914, 17.4566555], [78.4067282, 17.4564891], [78.4070472, 17.4563398]]}, "properties": {"class": "secondary"}}, {"type": "Feature", "geometry": {"type": "LineString", "coordinates": [[78.3977002, 17.4589204], [78.3979565, 17.4588336], [78.3989264, 17.4583397], [78.3995899, 17.4580167], [78.3999355, 17.4578485], [78.4005648, 17.4575236]]}, "properties": {"class": "residential"}}, {"type": "Feature", "geometry": {"type": "LineString", "coordinates": [[78.3674606, 17.4387503], [78.367451, 17.4387931], [78.3675518, 17.4394807], [78.367557, 17.4394913]]}, "properties": {"class": "residential"}}, {"type": "Feature", "geometry": {"type": "LineString", "coordinates": [[78.3996692, 17.4304795], [78.399843, 17.4308128], [78.3999637, 17.4311275]]}, "properties": {"class": "residential"}}, {"type": "Feature", "geometry": {"type": "LineString", "coordinates": [[78.399622, 17.4251561], [78.3998591, 17.4260555]]}, "properties": {"class": "residential"}}, {"type": "Feature", "geometry": {"type": "LineString", "coordinates": [[78.3654208, 17.4493994], [78.365968, 17.4493342], [78.3659948, 17.4493291], [78.3660163, 17.4493188], [78.3660284, 17.4493047], [78.3660351, 17.4492894], [78.3660404, 17.4492625], [78.3660364, 17.4492433], [78.3659793, 17.4488139], [78.3659506, 17.4485985], [78.3659466, 17.4485768], [78.3659506, 17.448564], [78.36596, 17.4485473], [78.3659747, 17.4485358], [78.3659921, 17.4485256], [78.366031, 17.4485166], [78.3661745, 17.4484971], [78.366597, 17.4484399]]}, "properties": {"class": "residential"}}, {"type": "Feature", "geometry": {"type": "LineString", "coordinates": [[78.3703607, 17.4322886], [78.3706793, 17.4320437], [78.3711398, 17.4317041]]}, "properties": {"class": "residential"}}, {"type": "Feature", "geometry": {"type": "LineString", "coordinates": [[78.3617286, 17.4497137], [78.3617934, 17.4497301], [78.3618587, 17.4497687], [78.362145, 17.4501944], [78.3622102, 17.4502913], [78.3623429, 17.4509444]]}, "properties": {"class": "residential"}}, {"type": "Feature", "geometry": {"type": "LineString", "coordinates": [[78.384077, 17.4608151], [78.3841655, 17.4611374]]}, "properties": {"class": "residential"}}, {"type": "Feature", "geometry": {"type": "LineString", "coordinates": [[78.3841597, 17.4599008], [78.3842954, 17.4603662]]}, "properties": {"class": "residential"}}, {"type": "Feature", "geometry": {"type": "LineString", "coordinates": [[78.4047028, 17.4482575], [78.4046644, 17.4480195], [78.4046178, 17.4477675], [78.4045717, 17.4475852], [78.4045275, 17.4475622], [78.4044564, 17.4475443], [78.4043451, 17.4475405], [78.4041265, 17.447543], [78.4038931, 17.4475571], [78.4034975, 17.4476543], [78.4033902, 17.4476965], [78.4032695, 17.4477234], [78.4030536, 17.4477439], [78.4029288, 17.4477477], [78.4027619, 17.4477071], [78.4026512, 17.4476889], [78.4025449, 17.4476918], [78.4022436, 17.4477036], [78.4022122, 17.4476986], [78.4021913, 17.4476828], [78.4021208, 17.4475195], [78.4020397, 17.4473793], [78.4019324, 17.4472705], [78.4018908, 17.4472513], [78.4018412, 17.4472526], [78.4017083, 17.4472887]]}, "properties": {"class": "residential"}}, {"type": "Feature", "geometry": {"type": "LineString", "coordinates": [[78.3650825, 17.4544184], [78.3650261, 17.4542708], [78.364999, 17.4541998]]}, "properties": {"class": "residential"}}, {"type": "Feature", "geometry": {"type": "LineString", "coordinates": [[78.3979734, 17.4531505], [78.39785, 17.4529059]]}, "properties": {"class": "residential"}}, {"type": "Feature", "geometry": {"type": "LineString", "coordinates": [[78.398539, 17.4531685], [78.3989498, 17.4530085]]}, "properties": {"class": "residential"}}, {"type": "Feature", "geometry": {"type": "LineString", "coordinates": [[78.3979734, 17.4531505], [78.3983276, 17.4538516]]}, "properties": {"class": "residential"}}, {"type": "Feature", "geometry": {"type": "LineString", "coordinates": [[78.3984178, 17.4529609], [78.3979734, 17.4531505]]}, "properties": {"class": "residential"}}, {"type": "Feature", "geometry": {"type": "LineString", "coordinates": [[78.398349, 17.4528422], [78.3984178, 17.4529609], [78.398539, 17.4531685], [78.3988506, 17.4538004]]}, "properties": {"class": "residential"}}, {"type": "Feature", "geometry": {"type": "LineString", "coordinates": [[78.3779193, 17.4193095], [78.3779988, 17.4191968], [78.378062, 17.4190765], [78.3780968, 17.4190177], [78.3781144, 17.4189717], [78.3781089, 17.4189204], [78.3780265, 17.4186411]]}, "properties": {"class": "residential"}}, {"type": "Feature", "geometry": {"type": "LineString", "coordinates": [[78.3769265, 17.4625725], [78.3768564, 17.4624756], [78.3767492, 17.4623758], [78.3767443, 17.4623707], [78.3766475, 17.462269]]}, "properties": {"class": "residential"}}, {"type": "Feature", "geometry": {"type": "LineString", "coordinates": [[78.3696414, 17.4638319], [78.369247, 17.4631664]]}, "properties": {"class": "residential"}}, {"type": "Feature", "geometry": {"type": "LineString", "coordinates": [[78.3769552, 17.439826], [78.3769889, 17.4398605], [78.3770629, 17.4398926], [78.3771381, 17.4399153], [78.3772168, 17.4399198], [78.3772943, 17.4399057], [78.3773657, 17.4398739], [78.3774268, 17.4398263], [78.3774737, 17.4397658], [78.3775037, 17.4396962], [78.3775147, 17.4396218]]}, "properties": {"class": "primary"}}, {"type": "Feature", "geometry": {"type": "LineString", "coordinates": [[78.3755705, 17.4404938], [78.3762167, 17.4400097], [78.3764066, 17.4398675], [78.3765023, 17.4398178], [78.3765989, 17.4397807], [78.3766969, 17.4397513], [78.3768451, 17.4397255], [78.3769986, 17.4397027], [78.3771863, 17.4396573], [78.3773352, 17.4396118], [78.3774573, 17.4395568], [78.377619, 17.4394709], [78.3777993, 17.4393543], [78.3789392, 17.438405], [78.3793162, 17.438086], [78.3810537, 17.436658]]}, "properties": {"class": "secondary"}}, {"type": "Feature", "geometry": {"type": "LineString", "coordinates": [[78.3809985, 17.4365921], [78.378833, 17.4383834], [78.3779109, 17.4391571], [78.3776813, 17.439338], [78.377543, 17.439423], [78.3774466, 17.4394724], [78.3773441, 17.439521], [78.3772138, 17.4395707], [78.3770842, 17.439603], [78.3769343, 17.4396383], [78.3766531, 17.4396847], [78.3765419, 17.4397087], [78.3764366, 17.4397517], [78.3763003, 17.439837], [78.3761251, 17.4399725], [78.3755263, 17.4404258]]}, "properties": {"class": "secondary"}}, {"type": "Feature", "geometry": {"type": "LineString", "coordinates": [[78.3635718, 17.4472041], [78.3639538, 17.4471994], [78.3653375, 17.4470995]]}, "properties": {"class": "secondary"}}, {"type": "Feature", "geometry": {"type": "LineString", "coordinates": [[78.3654202, 17.4470606], [78.3654252, 17.4471276], [78.3654436, 17.4472193], [78.3655295, 17.4474445], [78.3655724, 17.4475034], [78.3656006, 17.4475443], [78.366, 17.447888], [78.3662309, 17.4480868], [78.366597, 17.4484399], [78.3668241, 17.4485754], [78.3668866, 17.4486237], [78.3669551, 17.4486766], [78.3670375, 17.4487559]]}, "properties": {"class": "residential"}}, {"type": "Feature", "geometry": {"type": "LineString", "coordinates": [[78.3941835, 17.4451377], [78.3936713, 17.4453216], [78.3933963, 17.4454204], [78.3931992, 17.4454537]]}, "properties": {"class": "residential"}}, {"type": "Feature", "geometry": {"type": "LineString", "coordinates": [[78.3671479, 17.4381344], [78.3674381, 17.4380107], [78.3674533, 17.4380042], [78.3675165, 17.4379773]]}, "properties": {"class": "residential"}}, {"type": "Feature", "geometry": {"type": "LineString", "coordinates": [[78.3673864, 17.4377472], [78.3673769, 17.4377472], [78.3673476, 17.437754], [78.367307, 17.4377701], [78.3670396, 17.4378826], [78.3667908, 17.4379831]]}, "properties": {"class": "residential"}}, {"type": "Feature", "geometry": {"type": "LineString", "coordinates": [[78.3673147, 17.4385249], [78.3671479, 17.4381344], [78.3670396, 17.4378826]]}, "properties": {"class": "residential"}}, {"type": "Feature", "geometry": {"type": "LineString", "coordinates": [[78.3997761, 17.4479267], [78.4003669, 17.4477875], [78.4006264, 17.4477264], [78.4006959, 17.4477575], [78.4008196, 17.4482691], [78.4007986, 17.4483155], [78.4005026, 17.4483808], [78.4003423, 17.4484161], [78.3999448, 17.4485038]]}, "properties": {"class": "residential"}}, {"type": "Feature", "geometry": {"type": "LineString", "coordinates": [[78.3550183, 17.4383061], [78.3550726, 17.4383265], [78.3551616, 17.438317], [78.3553451, 17.4381916], [78.355372, 17.4381839], [78.3554108, 17.4381993], [78.3560227, 17.4387561]]}, "properties": {"class": "residential"}}, {"type": "Feature", "geometry": {"type": "LineString", "coordinates": [[78.4013303, 17.4552908], [78.4014807, 17.455602], [78.401526, 17.4556883], [78.4015527, 17.4557062], [78.4015914, 17.4557085]]}, "properties": {"class": "residential"}}, {"type": "Feature", "geometry": {"type": "LineString", "coordinates": [[78.3754639, 17.4659316], [78.3750821, 17.4659054], [78.3747322, 17.4658971]]}, "properties": {"class": "residential"}}, {"type": "Feature", "geometry": {"type": "LineString", "coordinates": [[78.3788503, 17.4659757], [78.378864, 17.4665216]]}, "properties": {"class": "residential"}}, {"type": "Feature", "geometry": {"type": "LineString", "coordinates": [[78.3691874, 17.4193095], [78.3691317, 17.4193569], [78.3690074, 17.419594], [78.3689086, 17.4205239]]}, "properties": {"class": "residential"}}, {"type": "Feature", "geometry": {"type": "LineString", "coordinates": [[78.3757183, 17.4651724], [78.3757955, 17.4645232], [78.3758216, 17.4643746]]}, "properties": {"class": "tertiary"}}, {"type": "Feature", "geometry": {"type": "LineString", "coordinates": [[78.3746511, 17.4669312], [78.3744894, 17.4669467], [78.3742694, 17.4669906]]}, "properties": {"class": "residential"}}, {"type": "Feature", "geometry": {"type": "LineString", "coordinates": [[78.4003423, 17.460931], [78.4006436, 17.4607613], [78.4011358, 17.4604671], [78.4013003, 17.4603775], [78.4016146, 17.4602458], [78.402033, 17.4600679], [78.4024836, 17.459862], [78.4027384, 17.4597443], [78.402976, 17.4596527]]}, "properties": {"class": "residential"}}, {"type": "Feature", "geometry": {"type": "LineString", "coordinates": [[78.3539992, 17.4592817], [78.3538211, 17.4589853], [78.353698, 17.4587806]]}, "properties": {"class": "residential"}}, {"type": "Feature", "geometry": {"type": "LineString", "coordinates": [[78.3968524, 17.4674618], [78.3968388, 17.4679021]]}, "properties": {"class": "residential"}}, {"type": "Feature", "geometry": {"type": "LineString", "coordinates": [[78.3571143, 17.4630387], [78.3571511, 17.4630995], [78.3571879, 17.4631602]]}, "properties": {"class": "residential"}}, {"type": "Feature", "geometry": {"type": "LineString", "coordinates": [[78.3539211, 17.4393482], [78.353886, 17.4393009], [78.3537502, 17.4390827], [78.3535999, 17.4388731], [78.3534738, 17.4387538], [78.3533289, 17.4387261], [78.3531644, 17.4387339], [78.3530062, 17.4387776]]}, "properties": {"class": "residential"}}, {"type": "Feature", "geometry": {"type": "LineString", "coordinates": [[78.3545839, 17.4640241], [78.3545625, 17.4638151], [78.3544385, 17.462601]]}, "properties": {"class": "residential"}}, {"type": "Feature", "geometry": {"type": "LineString", "coordinates": [[78.3651107, 17.4557836], [78.3650848, 17.4557395], [78.3649834, 17.4555781], [78.3646577, 17.4550594], [78.3646561, 17.4550429], [78.3646605, 17.4550261], [78.3646722, 17.4550141], [78.3648443, 17.454925], [78.3648605, 17.4549201], [78.3648745, 17.4549243], [78.3648892, 17.4549328], [78.3649017, 17.4549496], [78.36519, 17.4554316], [78.3651937, 17.4554442], [78.3651908, 17.4554555], [78.365179, 17.4554639], [78.3649834, 17.4555781]]}, "properties": {"class": "residential"}}, {"type": "Feature", "geometry": {"type": "LineString", "coordinates": [[78.3651513, 17.455264], [78.3654602, 17.4551327], [78.3654673, 17.4551241]]}, "properties": {"class": "residential"}}, {"type": "Feature", "geometry": {"type": "LineString", "coordinates": [[78.3619043, 17.4198177], [78.3613565, 17.4200115], [78.3614739, 17.4204944], [78.3615069, 17.4206], [78.361018, 17.4207427]]}, "properties": {"class": "residential"}}, {"type": "Feature", "geometry": {"type": "LineString", "coordinates": [[78.3711286, 17.4465572], [78.3711849, 17.4464965]]}, "properties": {"class": "residential"}}, {"type": "Feature", "geometry": {"type": "LineString", "coordinates": [[78.3631522, 17.432292], [78.3628093, 17.432484], [78.362452, 17.4327049]]}, "properties": {"class": "residential"}}, {"type": "Feature", "geometry": {"type": "LineString", "coordinates": [[78.3611474, 17.4335563], [78.3612639, 17.4334903], [78.3613201, 17.4335001]]}, "properties": {"class": "residential"}}, {"type": "Feature", "geometry": {"type": "LineString", "coordinates": [[78.3960611, 17.4595418], [78.3954512, 17.4597576], [78.3948869, 17.4599572], [78.3946, 17.4600587], [78.393924, 17.4602979], [78.3917176, 17.4610699], [78.3912041, 17.4612496], [78.3906491, 17.4614392], [78.3898144, 17.461724], [78.3893175, 17.461893], [78.3882684, 17.4622499], [78.387431, 17.4625372], [78.3867504, 17.4627881], [78.3856017, 17.4632208], [78.3855429, 17.4632354], [78.3855044, 17.4632228]]}, "properties": {"class": "secondary"}}, {"type": "Feature", "geometry": {"type": "LineString", "coordinates": [[78.3985651, 17.4383611], [78.3984559, 17.4382612], [78.3982136, 17.4380512], [78.3976289, 17.4375608]]}, "properties": {"class": "residential"}}, {"type": "Feature", "geometry": {"type": "LineString", "coordinates": [[78.3632165, 17.4583848], [78.3634639, 17.4583337], [78.3636515, 17.458242], [78.3638209, 17.4584878], [78.3638599, 17.4585173], [78.3639725, 17.4584955], [78.3644029, 17.45836], [78.3648951, 17.4581387], [78.3649541, 17.4580863], [78.3649716, 17.4580006], [78.3649085, 17.4577536], [78.3648079, 17.4575013]]}, "properties": {"class": "residential"}}, {"type": "Feature", "geometry": {"type": "LineString", "coordinates": [[78.3644942, 17.4565172], [78.3643431, 17.4565873], [78.3628801, 17.4571804]]}, "properties": {"class": "residential"}}, {"type": "Feature", "geometry": {"type": "LineString", "coordinates": [[78.3595342, 17.4421733], [78.3589823, 17.4424272], [78.3584628, 17.4426661]]}, "properties": {"class": "residential"}}, {"type": "Feature", "geometry": {"type": "LineString", "coordinates": [[78.3736092, 17.4575667], [78.3737117, 17.4575572]]}, "properties": {"class": "primary"}}, {"type": "Feature", "geometry": {"type": "LineString", "coordinates": [[78.3690615, 17.4585291], [78.369079, 17.4586378], [78.3690597, 17.4586965], [78.3689136, 17.459128], [78.3689019, 17.4591722], [78.3689373, 17.4592343], [78.3692512, 17.459342]]}, "properties": {"class": "residential"}}, {"type": "Feature", "geometry": {"type": "LineString", "coordinates": [[78.3692512, 17.459342], [78.3691531, 17.4596485], [78.3691829, 17.4597331], [78.3692501, 17.4597916], [78.3695223, 17.4598833]]}, "properties": {"class": "residential"}}, {"type": "Feature", "geometry": {"type": "LineString", "coordinates": [[78.369956, 17.4601431], [78.3699732, 17.4599291], [78.369945, 17.4598479], [78.3698986, 17.4597576], [78.3696842, 17.4596867], [78.3695992, 17.459692]]}, "properties": {"class": "residential"}}, {"type": "Feature", "geometry": {"type": "LineString", "coordinates": [[78.3679262, 17.4604965], [78.3678137, 17.4601463]]}, "properties": {"class": "residential"}}, {"type": "Feature", "geometry": {"type": "LineString", "coordinates": [[78.3680231, 17.4604664], [78.3679806, 17.4604797], [78.3679262, 17.4604965], [78.3677262, 17.4605605]]}, "properties": {"class": "residential"}}, {"type": "Feature", "geometry": {"type": "LineString", "coordinates": [[78.37724, 17.4553421], [78.377291, 17.4556926], [78.3773083, 17.4558397], [78.3773107, 17.4560031]]}, "properties": {"class": "residential"}}, {"type": "Feature", "geometry": {"type": "LineString", "coordinates": [[78.3727527, 17.4357568], [78.3727528, 17.4354176], [78.3728518, 17.4353563], [78.3729276, 17.4353045], [78.3730535, 17.435322], [78.3730685, 17.4351931], [78.3730756, 17.4351826], [78.3730931, 17.4351764], [78.3734729, 17.4351987], [78.373466, 17.4353851], [78.3734559, 17.4356569]]}, "properties": {"class": "residential"}}, {"type": "Feature", "geometry": {"type": "LineString", "coordinates": [[78.3672581, 17.4427082], [78.366715, 17.4428053]]}, "properties": {"class": "residential"}}, {"type": "Feature", "geometry": {"type": "LineString", "coordinates": [[78.3632201, 17.445281], [78.3636856, 17.4451435]]}, "properties": {"class": "residential"}}, {"type": "Feature", "geometry": {"type": "LineString", "coordinates": [[78.3714456, 17.4343918], [78.37183, 17.4348394]]}, "properties": {"class": "residential"}}, {"type": "Feature", "geometry": {"type": "LineString", "coordinates": [[78.3934084, 17.4353208], [78.3936296, 17.4355789]]}, "properties": {"class": "residential"}}, {"type": "Feature", "geometry": {"type": "LineString", "coordinates": [[78.3980298, 17.425541], [78.3980137, 17.4253619], [78.3980271, 17.425065], [78.3980448, 17.4248695]]}, "properties": {"class": "residential"}}, {"type": "Feature", "geometry": {"type": "LineString", "coordinates": [[78.3889317, 17.4392881], [78.3889222, 17.4390869], [78.3889126, 17.4390721], [78.3888987, 17.4390613], [78.3887494, 17.438999], [78.3885669, 17.4389384], [78.3882264, 17.4388764], [78.3881886, 17.4388748], [78.3881537, 17.4388864], [78.388132, 17.4389136], [78.3881164, 17.4389419], [78.3880584, 17.4392567], [78.3880384, 17.4392982], [78.3879947, 17.439333], [78.3877694, 17.4394063], [78.3877106, 17.4394243], [78.3876379, 17.4394681], [78.3876112, 17.4395139], [78.3875993, 17.4395681], [78.3875679, 17.4397536], [78.387554, 17.4399303], [78.3875758, 17.4399554], [78.3879441, 17.4399873], [78.387959, 17.4400078]]}, "properties": {"class": "residential"}}, {"type": "Feature", "geometry": {"type": "LineString", "coordinates": [[78.390076, 17.4413859], [78.3900626, 17.4412279], [78.3899808, 17.4410127], [78.3898779, 17.4407529], [78.3897317, 17.440416], [78.389569, 17.4401465], [78.3894689, 17.4399484], [78.3893857, 17.4397039], [78.3893196, 17.4395127], [78.3892184, 17.4391984], [78.3891007, 17.4388556], [78.3890609, 17.4387398], [78.3888973, 17.4383099], [78.3887775, 17.4379913], [78.3887251, 17.4378429], [78.3886525, 17.4376507]]}, "properties": {"class": "secondary"}}, {"type": "Feature", "geometry": {"type": "LineString", "coordinates": [[78.3882598, 17.4315862], [78.3883374, 17.4315702], [78.3883883, 17.4315702], [78.388439, 17.4315786], [78.3884543, 17.4315812], [78.3885194, 17.4316045], [78.3885873, 17.4316585], [78.3886256, 17.4317203], [78.3886513, 17.4318085], [78.3886544, 17.431927], [78.3886497, 17.4320398], [78.3886305, 17.4321804], [78.3886113, 17.4322612], [78.3885924, 17.4323333], [78.388527, 17.4324764], [78.3884465, 17.4326255], [78.3882787, 17.432888], [78.3882025, 17.4330739], [78.3881838, 17.433123], [78.3881746, 17.4331497], [78.388165, 17.4332477], [78.3881587, 17.4333993], [78.3881631, 17.4335281], [78.3881643, 17.4335635], [78.3881689, 17.4337004], [78.3883284, 17.435129], [78.3884162, 17.4359704], [78.3884316, 17.4361461], [78.3884448, 17.4362959], [78.3884684, 17.4366524], [78.3884722, 17.4366909], [78.3885243, 17.4372173], [78.38853, 17.4372618], [78.3885382, 17.4373143], [78.3885598, 17.4374555], [78.3885751, 17.4375596], [78.3885848, 17.4376204], [78.3885915, 17.4376603]]}, "properties": {"class": "secondary"}}, {"type": "Feature", "geometry": {"type": "LineString", "coordinates": [[78.3694122, 17.4555746], [78.3693743, 17.4555931], [78.3693382, 17.4556108], [78.3694723, 17.4558666], [78.3694713, 17.4559229], [78.3694334, 17.4559498], [78.3689667, 17.4560713], [78.3688822, 17.4560649], [78.3688353, 17.4560368], [78.368673, 17.4556722], [78.3686804, 17.4556171], [78.3687186, 17.4555813], [78.3690995, 17.4554061], [78.3691987, 17.4554163], [78.3693382, 17.4556108]]}, "properties": {"class": "residential"}}, {"type": "Feature", "geometry": {"type": "LineString", "coordinates": [[78.3546518, 17.4602172], [78.354804, 17.4601431], [78.3556843, 17.4597488], [78.35584, 17.459679], [78.357247, 17.4589834], [78.3590115, 17.4580115], [78.3606719, 17.4570904], [78.3613023, 17.4567458], [78.3618617, 17.4564884], [78.3619545, 17.4564457], [78.362118, 17.456381], [78.3622928, 17.4563116], [78.3630006, 17.4560891], [78.3631423, 17.4560227], [78.3632561, 17.4559455], [78.363879, 17.4555611], [78.3641363, 17.4554207]]}, "properties": {"class": "secondary"}}, {"type": "Feature", "geometry": {"type": "LineString", "coordinates": [[78.3637948, 17.4554593], [78.3636096, 17.4555648], [78.3632108, 17.4558017], [78.3629903, 17.4559151], [78.3622684, 17.4562031], [78.361882, 17.4563607], [78.3612977, 17.4566335], [78.3608838, 17.4568629], [78.3589773, 17.4579159], [78.3572195, 17.4588801], [78.3559795, 17.4595153], [78.3556473, 17.4596782], [78.3547988, 17.4600868], [78.3546954, 17.4601376], [78.3546076, 17.4601824]]}, "properties": {"class": "secondary"}}, {"type": "Feature", "geometry": {"type": "LineString", "coordinates": [[78.3605102, 17.4439752], [78.3606558, 17.4444773]]}, "properties": {"class": "residential"}}, {"type": "Feature", "geometry": {"type": "LineString", "coordinates": [[78.3579499, 17.4436117], [78.35783, 17.4435397], [78.3577116, 17.4434948], [78.3575249, 17.4434589], [78.3573047, 17.4434479], [78.3570382, 17.4435361]]}, "properties": {"class": "residential"}}, {"type": "Feature", "geometry": {"type": "LineString", "coordinates": [[78.3896908, 17.4372716], [78.3896321, 17.4366666]]}, "properties": {"class": "residential"}}, {"type": "Feature", "geometry": {"type": "LineString", "coordinates": [[78.3899478, 17.4374211], [78.389943, 17.4373483]]}, "properties": {"class": "residential"}}, {"type": "Feature", "geometry": {"type": "LineString", "coordinates": [[78.3899565, 17.4375104], [78.3899478, 17.4374211]]}, "properties": {"class": "residential"}}, {"type": "Feature", "geometry": {"type": "LineString", "coordinates": [[78.3876428, 17.4337162], [78.3878375, 17.4351432]]}, "properties": {"class": "residential"}}, {"type": "Feature", "geometry": {"type": "LineString", "coordinates": [[78.3883284, 17.435129], [78.3878375, 17.4351432]]}, "properties": {"class": "residential"}}, {"type": "Feature", "geometry": {"type": "LineString", "coordinates": [[78.3886525, 17.4376507], [78.38925, 17.4376066]]}, "properties": {"class": "tertiary"}}, {"type": "Feature", "geometry": {"type": "LineString", "coordinates": [[78.3885751, 17.4375596], [78.3883824, 17.437566], [78.3880824, 17.4375759], [78.3879957, 17.4368776], [78.3879876, 17.4368424], [78.3879648, 17.4368181], [78.3879313, 17.4368098], [78.3877288, 17.4368034], [78.3877046, 17.4368136], [78.3876825, 17.4368315]]}, "properties": {"class": "residential"}}, {"type": "Feature", "geometry": {"type": "LineString", "coordinates": [[78.3944081, 17.4356515], [78.3949311, 17.4367644], [78.3950912, 17.4370957], [78.3951102, 17.4371373]]}, "properties": {"class": "tertiary"}}, {"type": "Feature", "geometry": {"type": "LineString", "coordinates": [[78.3921269, 17.4350539], [78.3928647, 17.4357597]]}, "properties": {"class": "residential"}}, {"type": "Feature", "geometry": {"type": "LineString", "coordinates": [[78.3937114, 17.4344838], [78.3936664, 17.4345215], [78.3929733, 17.435118]]}, "properties": {"class": "residential"}}, {"type": "Feature", "geometry": {"type": "LineString", "coordinates": [[78.3874029, 17.4410909], [78.3873744, 17.4411133], [78.3873144, 17.4411606], [78.3872782, 17.4411824], [78.3872486, 17.4411942], [78.3870615, 17.4412293], [78.3868284, 17.4412422], [78.3867887, 17.4412495], [78.3867625, 17.4412719], [78.3867522, 17.4412969], [78.3867463, 17.4418405]]}, "properties": {"class": "residential"}}, {"type": "Feature", "geometry": {"type": "LineString", "coordinates": [[78.4017189, 17.4418628], [78.4012649, 17.441984], [78.4007636, 17.4421211], [78.4002825, 17.442255], [78.399782, 17.4423928], [78.3992854, 17.4425208], [78.3987708, 17.4426643], [78.3982767, 17.4427995], [78.3977755, 17.4429469], [78.3972776, 17.4430932], [78.3967594, 17.4432357], [78.3963706, 17.4433546]]}, "properties": {"class": "residential"}}, {"type": "Feature", "geometry": {"type": "LineString", "coordinates": [[78.39469, 17.4647583], [78.3942579, 17.4649488]]}, "properties": {"class": "residential"}}, {"type": "Feature", "geometry": {"type": "LineString", "coordinates": [[78.3947592, 17.4648873], [78.39469, 17.4647583], [78.3946663, 17.4647042], [78.3945322, 17.4644995], [78.3944195, 17.4643766]]}, "properties": {"class": "residential"}}, {"type": "Feature", "geometry": {"type": "LineString", "coordinates": [[78.3929899, 17.4661369], [78.3927284, 17.4655561], [78.3927097, 17.4654512], [78.3927096, 17.4653821], [78.3927096, 17.4652849], [78.392723, 17.4651775], [78.3927619, 17.4650559], [78.3928772, 17.4647962], [78.3928907, 17.4647387], [78.392894, 17.4646798], [78.3928772, 17.4646462], [78.3928336, 17.464671]]}, "properties": {"class": "residential"}}, {"type": "Feature", "geometry": {"type": "LineString", "coordinates": [[78.3903833, 17.4451985], [78.3906149, 17.4447354]]}, "properties": {"class": "residential"}}, {"type": "Feature", "geometry": {"type": "LineString", "coordinates": [[78.3946645, 17.4498252], [78.3949949, 17.4498408]]}, "properties": {"class": "residential"}}, {"type": "Feature", "geometry": {"type": "LineString", "coordinates": [[78.4012664, 17.4502447], [78.4013288, 17.4508319]]}, "properties": {"class": "residential"}}, {"type": "Feature", "geometry": {"type": "LineString", "coordinates": [[78.402091, 17.4501649], [78.4021589, 17.4508074]]}, "properties": {"class": "residential"}}, {"type": "Feature", "geometry": {"type": "LineString", "coordinates": [[78.4002424, 17.4503437], [78.4004773, 17.4503224], [78.4008737, 17.4502827], [78.4012664, 17.4502447], [78.4016623, 17.4502064], [78.402091, 17.4501649]]}, "properties": {"class": "residential"}}, {"type": "Feature", "geometry": {"type": "LineString", "coordinates": [[78.3987627, 17.450747], [78.3996637, 17.4507031], [78.4001986, 17.450678]]}, "properties": {"class": "residential"}}, {"type": "Feature", "geometry": {"type": "LineString", "coordinates": [[78.3996053, 17.4484335], [78.3990726, 17.4486318]]}, "properties": {"class": "residential"}}, {"type": "Feature", "geometry": {"type": "LineString", "coordinates": [[78.3962346, 17.4421969], [78.3967008, 17.4428578]]}, "properties": {"class": "residential"}}, {"type": "Feature", "geometry": {"type": "LineString", "coordinates": [[78.3958323, 17.4407698], [78.3955202, 17.4400361]]}, "properties": {"class": "residential"}}, {"type": "Feature", "geometry": {"type": "LineString", "coordinates": [[78.3943403, 17.4370227], [78.3938471, 17.4359153]]}, "properties": {"class": "residential"}}, {"type": "Feature", "geometry": {"type": "LineString", "coordinates": [[78.3782545, 17.431759], [78.3784667, 17.4317627], [78.3786624, 17.4317536], [78.3788066, 17.4317441], [78.3789464, 17.4317287], [78.3792521, 17.4316739], [78.379534, 17.4315945], [78.3798626, 17.4314627], [78.3802163, 17.4312649], [78.3803543, 17.4311847], [78.3804772, 17.4311048], [78.3807487, 17.4308781], [78.3810288, 17.4305769], [78.3814243, 17.430136], [78.3818209, 17.4297074], [78.3818726, 17.4296478], [78.3818929, 17.4296248], [78.3821124, 17.4293923], [78.382319, 17.4292047], [78.3826034, 17.4289946], [78.382682, 17.4289494], [78.3827798, 17.4289348], [78.382857, 17.42895], [78.3833654, 17.4295036]]}, "properties": {"class": "tertiary"}}, {"type": "Feature", "geometry": {"type": "LineString", "coordinates": [[78.3833654, 17.4295036], [78.3834699, 17.4296214], [78.3840643, 17.4302552], [78.384216, 17.4304196], [78.3842701, 17.4304775], [78.3846479, 17.4309108], [78.3854905, 17.4318773], [78.3859152, 17.4323625], [78.3861594, 17.4326415]]}, "properties": {"class": "tertiary"}}, {"type": "Feature", "geometry": {"type": "LineString", "coordinates": [[78.3610294, 17.4404183], [78.3608161, 17.4405117]]}, "properties": {"class": "primary"}}, {"type": "Feature", "geometry": {"type": "LineString", "coordinates": [[78.3865762, 17.4426452], [78.3862844, 17.4430689], [78.3862616, 17.4431022], [78.386213, 17.4431083], [78.3853101, 17.4433505]]}, "properties": {"class": "residential"}}, {"type": "Feature", "geometry": {"type": "LineString", "coordinates": [[78.3869224, 17.4474458], [78.3869036, 17.4476564]]}, "properties": {"class": "residential"}}, {"type": "Feature", "geometry": {"type": "LineString", "coordinates": [[78.3906028, 17.4452985], [78.3906377, 17.4453113], [78.3906873, 17.4453206]]}, "properties": {"class": "residential"}}, {"type": "Feature", "geometry": {"type": "LineString", "coordinates": [[78.3888859, 17.4445787], [78.3889168, 17.444582]]}, "properties": {"class": "residential"}}, {"type": "Feature", "geometry": {"type": "LineString", "coordinates": [[78.3889168, 17.444582], [78.3898331, 17.4449671], [78.3903337, 17.4451776], [78.3903833, 17.4451985], [78.3906028, 17.4452985]]}, "properties": {"class": "residential"}}, {"type": "Feature", "geometry": {"type": "LineString", "coordinates": [[78.3891491, 17.4463318], [78.3889433, 17.4467083], [78.3887394, 17.4470943], [78.3884679, 17.4475908], [78.3882856, 17.4479438], [78.3880625, 17.4483499], [78.3878612, 17.4487023], [78.3872538, 17.4498185], [78.3872199, 17.4499071], [78.3872041, 17.449961], [78.3871939, 17.4500222], [78.38718, 17.4501627], [78.3871712, 17.4502512], [78.3871707, 17.4504423], [78.3871729, 17.4505826], [78.3871857, 17.4507161], [78.3872101, 17.4508942], [78.3873439, 17.4516015], [78.3874686, 17.4522753]]}, "properties": {"class": "tertiary"}}, {"type": "Feature", "geometry": {"type": "LineString", "coordinates": [[78.3875687, 17.4525378], [78.3875999, 17.4527001], [78.3877781, 17.4535427], [78.3878976, 17.4540942]]}, "properties": {"class": "residential"}}, {"type": "Feature", "geometry": {"type": "LineString", "coordinates": [[78.3925234, 17.4443861], [78.3926429, 17.4447204]]}, "properties": {"class": "residential"}}, {"type": "Feature", "geometry": {"type": "LineString", "coordinates": [[78.38999, 17.4412303], [78.3899999, 17.4413862]]}, "properties": {"class": "secondary"}}, {"type": "Feature", "geometry": {"type": "LineString", "coordinates": [[78.3819329, 17.4225192], [78.3817524, 17.4224744], [78.3816232, 17.4224423], [78.3814064, 17.4223639], [78.3812457, 17.4223181], [78.3809952, 17.422234], [78.3808069, 17.4221521], [78.3805879, 17.4219748], [78.3803876, 17.4218034], [78.3802243, 17.4216132], [78.3801272, 17.4213842], [78.3800411, 17.4212431], [78.3799626, 17.4211263], [78.3798508, 17.4210065], [78.3797413, 17.4209016], [78.3796472, 17.4208195], [78.3795342, 17.4206999], [78.3794452, 17.4205933], [78.3793288, 17.4204209], [78.3792225, 17.4202322], [78.3791104, 17.4201067], [78.3789331, 17.4199476], [78.3787548, 17.4198086], [78.3785238, 17.4196562], [78.378296, 17.4195133], [78.3781171, 17.4194133], [78.3779193, 17.4193095], [78.3776433, 17.4191536], [78.3774117, 17.4190284], [78.3772685, 17.4189482], [78.3771611, 17.4188957], [78.3770246, 17.4188599], [78.3768086, 17.4188557], [78.3765529, 17.4188862], [78.3763064, 17.4188968], [78.3760089, 17.4189311], [78.3756099, 17.4189814], [78.3753662, 17.4190218], [78.3750761, 17.4190461], [78.3749976, 17.4190509], [78.374737, 17.4190472], [78.3746207, 17.4190271], [78.3744871, 17.4189919], [78.3743142, 17.4189211], [78.3742343, 17.418889], [78.3741177, 17.4188344], [78.3738966, 17.4187699], [78.3737446, 17.4187486], [78.3734442, 17.4187757], [78.37322, 17.4187805], [78.3730411, 17.4187885], [78.3728702, 17.4187856], [78.3726756, 17.4187901], [78.3725347, 17.4187714], [78.3723948, 17.4187242], [78.3722156, 17.4186485], [78.3719749, 17.4185407], [78.3717671, 17.4184387], [78.3716828, 17.4183906], [78.3712161, 17.4182351], [78.3710454, 17.4181848]]}, "properties": {"class": "secondary"}}, {"type": "Feature", "geometry": {"type": "LineString", "coordinates": [[78.3586874, 17.4185622], [78.3590902, 17.4184399], [78.3595839, 17.418335], [78.3598331, 17.4182894], [78.3601174, 17.4182565], [78.3605294, 17.4182957], [78.3607095, 17.4183266], [78.3611073, 17.4183157], [78.3614588, 17.4182872], [78.3617342, 17.4182768], [78.3620409, 17.4182346], [78.3622987, 17.4181478], [78.362514, 17.4180712], [78.3630074, 17.4179646], [78.363343, 17.4179042], [78.3635342, 17.4178795], [78.3637273, 17.4178729], [78.364029, 17.4178919], [78.3645185, 17.4179596], [78.3649618, 17.4180166], [78.3651443, 17.4180145], [78.3653207, 17.4179905], [78.365594, 17.4179376], [78.365936, 17.4179059], [78.366365, 17.4179265], [78.3670702, 17.4179535], [78.3673682, 17.4179539], [78.3676113, 17.4179431], [78.3678854, 17.4179383], [78.3682257, 17.4179343], [78.3685531, 17.4179159], [78.3687761, 17.4179014], [78.3690329, 17.4179092], [78.369441, 17.4179418], [78.3696932, 17.4179874], [78.370378, 17.4181164], [78.370766, 17.4181855]]}, "properties": {"class": "secondary"}}, {"type": "Feature", "geometry": {"type": "LineString", "coordinates": [[78.3906724, 17.4406167], [78.3909025, 17.4405772], [78.3909427, 17.4405495], [78.3909504, 17.4405137], [78.3908729, 17.4401468], [78.3908123, 17.4397779], [78.3907882, 17.4397526], [78.3907577, 17.4397407], [78.3907184, 17.4397342], [78.3906826, 17.4397257], [78.3906508, 17.4397134], [78.3906182, 17.4396796], [78.3905985, 17.4396406], [78.3902983, 17.4388672], [78.3902809, 17.4388326], [78.3902568, 17.4388141], [78.3902282, 17.4388051], [78.3899678, 17.438839]]}, "properties": {"class": "residential"}}, {"type": "Feature", "geometry": {"type": "LineString", "coordinates": [[78.390684, 17.4408995], [78.3907088, 17.4408662], [78.3906808, 17.4406742], [78.3906724, 17.4406167]]}, "properties": {"class": "residential"}}, {"type": "Feature", "geometry": {"type": "LineString", "coordinates": [[78.3894744, 17.439678], [78.3894844, 17.439706], [78.3894975, 17.4397195], [78.3895186, 17.4397232], [78.3895439, 17.4397178], [78.3897817, 17.4396355], [78.3898027, 17.4396214], [78.3898225, 17.4395942], [78.3898249, 17.4395675], [78.3896565, 17.4390527]]}, "properties": {"class": "residential"}}, {"type": "Feature", "geometry": {"type": "LineString", "coordinates": [[78.3896565, 17.4390527], [78.3893074, 17.4391687]]}, "properties": {"class": "residential"}}, {"type": "Feature", "geometry": {"type": "LineString", "coordinates": [[78.3893074, 17.4391687], [78.3892959, 17.4391723], [78.3892184, 17.4391984]]}, "properties": {"class": "residential"}}, {"type": "Feature", "geometry": {"type": "LineString", "coordinates": [[78.3885357, 17.4391826], [78.3885669, 17.4389384]]}, "properties": {"class": "residential"}}, {"type": "Feature", "geometry": {"type": "LineString", "coordinates": [[78.387959, 17.4400078], [78.387942, 17.440258], [78.3879527, 17.4402874], [78.3879715, 17.4402989], [78.388005, 17.4403078], [78.3883108, 17.4403142], [78.388345, 17.4403091], [78.3883698, 17.4402912], [78.3883806, 17.4402669], [78.38845, 17.4398059]]}, "properties": {"class": "residential"}}, {"type": "Feature", "geometry": {"type": "LineString", "coordinates": [[78.38845, 17.4398059], [78.3888762, 17.4398321], [78.3888922, 17.4398219], [78.3888983, 17.4398026], [78.3889241, 17.4394054]]}, "properties": {"class": "residential"}}, {"type": "Feature", "geometry": {"type": "LineString", "coordinates": [[78.3891521, 17.4392199], [78.3890373, 17.4392582], [78.3889317, 17.4392881]]}, "properties": {"class": "residential"}}, {"type": "Feature", "geometry": {"type": "LineString", "coordinates": [[78.3941752, 17.4397192], [78.394604, 17.439602], [78.3947898, 17.4399507], [78.3949055, 17.4401507]]}, "properties": {"class": "residential"}}, {"type": "Feature", "geometry": {"type": "LineString", "coordinates": [[78.3910962, 17.4432947], [78.3912031, 17.4442542], [78.3912056, 17.4442709], [78.39121, 17.4442802], [78.3912293, 17.4442938]]}, "properties": {"class": "residential"}}, {"type": "Feature", "geometry": {"type": "LineString", "coordinates": [[78.3899678, 17.438839], [78.3899341, 17.438855], [78.3899188, 17.4388697], [78.3899123, 17.4388861], [78.3900596, 17.4397935], [78.3900817, 17.4398204], [78.3901133, 17.439837], [78.3901628, 17.4398443], [78.3902554, 17.4398381], [78.390348, 17.4398318], [78.3903701, 17.4398399], [78.3903883, 17.4398559], [78.3903969, 17.4398701], [78.3904025, 17.439888], [78.390439, 17.4402267], [78.3904621, 17.4403518], [78.3904893, 17.4405303], [78.3905017, 17.4405762], [78.3905382, 17.4406134], [78.3905887, 17.4406305]]}, "properties": {"class": "residential"}}, {"type": "Feature", "geometry": {"type": "LineString", "coordinates": [[78.3947054, 17.4411526], [78.3950217, 17.4410435]]}, "properties": {"class": "residential"}}, {"type": "Feature", "geometry": {"type": "LineString", "coordinates": [[78.3900491, 17.4378859], [78.3904821, 17.4378244], [78.3905431, 17.4378366], [78.3905726, 17.4378615], [78.3906001, 17.4379082], [78.3906585, 17.4381458], [78.3907939, 17.4385452]]}, "properties": {"class": "residential"}}, {"type": "Feature", "geometry": {"type": "LineString", "coordinates": [[78.3951866, 17.4371063], [78.3958231, 17.4368479], [78.3964352, 17.4365864], [78.3970687, 17.4363022], [78.3971552, 17.4362542]]}, "properties": {"class": "tertiary"}}, {"type": "Feature", "geometry": {"type": "LineString", "coordinates": [[78.4021513, 17.4321902], [78.402341, 17.4315723], [78.4024714, 17.431411], [78.4026178, 17.4313001], [78.4037236, 17.4304294], [78.4053647, 17.4292181]]}, "properties": {"class": "tertiary"}}, {"type": "Feature", "geometry": {"type": "LineString", "coordinates": [[78.3983617, 17.4512512], [78.3982927, 17.4503231], [78.3987513, 17.4501365]]}, "properties": {"class": "residential"}}, {"type": "Feature", "geometry": {"type": "LineString", "coordinates": [[78.3930863, 17.4420465], [78.3925044, 17.4421846], [78.3916139, 17.4424058]]}, "properties": {"class": "residential"}}, {"type": "Feature", "geometry": {"type": "LineString", "coordinates": [[78.3940183, 17.4409049], [78.394156, 17.4412544]]}, "properties": {"class": "residential"}}, {"type": "Feature", "geometry": {"type": "LineString", "coordinates": [[78.3970687, 17.4363022], [78.3970451, 17.4362551], [78.3967369, 17.4355559], [78.3965728, 17.4351836]]}, "properties": {"class": "residential"}}, {"type": "Feature", "geometry": {"type": "LineString", "coordinates": [[78.4017017, 17.4398089], [78.4019215, 17.4395078]]}, "properties": {"class": "residential"}}, {"type": "Feature", "geometry": {"type": "LineString", "coordinates": [[78.388185, 17.4458188], [78.3879122, 17.4447672]]}, "properties": {"class": "residential"}}, {"type": "Feature", "geometry": {"type": "LineString", "coordinates": [[78.3873508, 17.4459753], [78.3873824, 17.4462757], [78.3874343, 17.4469327], [78.3874531, 17.4472783], [78.3874567, 17.4473439]]}, "properties": {"class": "residential"}}, {"type": "Feature", "geometry": {"type": "LineString", "coordinates": [[78.3871491, 17.4453882], [78.3876019, 17.4452531]]}, "properties": {"class": "residential"}}, {"type": "Feature", "geometry": {"type": "LineString", "coordinates": [[78.4016967, 17.4376694], [78.4022449, 17.4371693], [78.4022945, 17.4371489], [78.4023211, 17.4371521], [78.402349, 17.4371555], [78.4030769, 17.4376284]]}, "properties": {"class": "residential"}}, {"type": "Feature", "geometry": {"type": "LineString", "coordinates": [[78.3844719, 17.4416129], [78.3844612, 17.4415643], [78.3844618, 17.4414722], [78.3844659, 17.4410192], [78.3844501, 17.440396], [78.384359, 17.4398559], [78.3842374, 17.4392676]]}, "properties": {"class": "residential"}}, {"type": "Feature", "geometry": {"type": "LineString", "coordinates": [[78.3958635, 17.4424028], [78.3960594, 17.4427796], [78.3963706, 17.4433546], [78.3964917, 17.444028], [78.3966337, 17.4447605], [78.3966833, 17.4449509], [78.3967504, 17.4451556], [78.3968899, 17.445519], [78.3970645, 17.4461166], [78.3972367, 17.4466914], [78.3975012, 17.4474336]]}, "properties": {"class": "residential"}}, {"type": "Feature", "geometry": {"type": "LineString", "coordinates": [[78.3995455, 17.4468895], [78.3996845, 17.4473003], [78.4004074, 17.4471092], [78.4007805, 17.447], [78.4009023, 17.4469644], [78.4012511, 17.4468698], [78.4015116, 17.4467991], [78.4026687, 17.4464947]]}, "properties": {"class": "residential"}}, {"type": "Feature", "geometry": {"type": "LineString", "coordinates": [[78.3953287, 17.4376091], [78.3947323, 17.4378686], [78.3946339, 17.4379074], [78.3941546, 17.4381076]]}, "properties": {"class": "residential"}}, {"type": "Feature", "geometry": {"type": "LineString", "coordinates": [[78.3648069, 17.4515548], [78.364572, 17.4515953]]}, "properties": {"class": "residential"}}, {"type": "Feature", "geometry": {"type": "LineString", "coordinates": [[78.364572, 17.4515953], [78.3644354, 17.4516194]]}, "properties": {"class": "residential"}}, {"type": "Feature", "geometry": {"type": "LineString", "coordinates": [[78.3647811, 17.4513117], [78.3646287, 17.4513359]]}, "properties": {"class": "residential"}}, {"type": "Feature", "geometry": {"type": "LineString", "coordinates": [[78.3646287, 17.4513359], [78.3642971, 17.4513926], [78.3640452, 17.4514467], [78.3640005, 17.4514632], [78.3639442, 17.451499], [78.3638342, 17.4515297], [78.3637295, 17.4515368]]}, "properties": {"class": "residential"}}, {"type": "Feature", "geometry": {"type": "LineString", "coordinates": [[78.3650151, 17.451517], [78.3648069, 17.4515548]]}, "properties": {"class": "residential"}}, {"type": "Feature", "geometry": {"type": "LineString", "coordinates": [[78.3933125, 17.4378202], [78.393877, 17.4375354], [78.3944553, 17.4372993], [78.3943403, 17.4370227], [78.3949311, 17.4367644]]}, "properties": {"class": "residential"}}, {"type": "Feature", "geometry": {"type": "LineString", "coordinates": [[78.3936404, 17.4344162], [78.3936451, 17.4344702], [78.3936664, 17.4345215]]}, "properties": {"class": "residential"}}, {"type": "Feature", "geometry": {"type": "LineString", "coordinates": [[78.3937114, 17.4344838], [78.393688, 17.4344549], [78.3936404, 17.4344162]]}, "properties": {"class": "residential"}}, {"type": "Feature", "geometry": {"type": "LineString", "coordinates": [[78.4011947, 17.44957], [78.4012664, 17.4502447]]}, "properties": {"class": "residential"}}, {"type": "Feature", "geometry": {"type": "LineString", "coordinates": [[78.4008737, 17.4502827], [78.400804, 17.4496269]]}, "properties": {"class": "residential"}}, {"type": "Feature", "geometry": {"type": "LineString", "coordinates": [[78.4004182, 17.4497057], [78.4004773, 17.4503224]]}, "properties": {"class": "residential"}}, {"type": "Feature", "geometry": {"type": "LineString", "coordinates": [[78.400908, 17.4506053], [78.4008737, 17.4502827]]}, "properties": {"class": "residential"}}, {"type": "Feature", "geometry": {"type": "LineString", "coordinates": [[78.4016623, 17.4502064], [78.4015938, 17.4494793]]}, "properties": {"class": "residential"}}, {"type": "Feature", "geometry": {"type": "LineString", "coordinates": [[78.4020356, 17.4494828], [78.402091, 17.4501649]]}, "properties": {"class": "residential"}}, {"type": "Feature", "geometry": {"type": "LineString", "coordinates": [[78.4017254, 17.4508003], [78.4016623, 17.4502064]]}, "properties": {"class": "residential"}}, {"type": "Feature", "geometry": {"type": "LineString", "coordinates": [[78.3917643, 17.4503925], [78.3923923, 17.4504392]]}, "properties": {"class": "residential"}}, {"type": "Feature", "geometry": {"type": "LineString", "coordinates": [[78.389267, 17.448516], [78.38925, 17.4485428], [78.389193, 17.4490104], [78.3890435, 17.4502376], [78.3888864, 17.4515273]]}, "properties": {"class": "residential"}}, {"type": "Feature", "geometry": {"type": "LineString", "coordinates": [[78.4019224, 17.4439235], [78.4019021, 17.4438537], [78.4018818, 17.4438188], [78.4018167, 17.4437683], [78.4017944, 17.4437405], [78.4017728, 17.443706], [78.4016669, 17.4433366]]}, "properties": {"class": "residential"}}, {"type": "Feature", "geometry": {"type": "LineString", "coordinates": [[78.4000335, 17.4458046], [78.4001322, 17.4461644], [78.4001911, 17.4463792]]}, "properties": {"class": "residential"}}, {"type": "Feature", "geometry": {"type": "LineString", "coordinates": [[78.3905078, 17.4467851], [78.3904351, 17.4472155], [78.3902904, 17.4485528], [78.3902348, 17.4491113]]}, "properties": {"class": "residential"}}, {"type": "Feature", "geometry": {"type": "LineString", "coordinates": [[78.3925463, 17.4347253], [78.3929733, 17.435118], [78.3932767, 17.4354271]]}, "properties": {"class": "residential"}}, {"type": "Feature", "geometry": {"type": "LineString", "coordinates": [[78.4011172, 17.4415066], [78.4016883, 17.4413506]]}, "properties": {"class": "residential"}}, {"type": "Feature", "geometry": {"type": "LineString", "coordinates": [[78.3908067, 17.4423073], [78.3905975, 17.4423405], [78.390474, 17.4423634], [78.3903304, 17.4424078], [78.3899926, 17.4424778], [78.3897592, 17.4425058], [78.3891264, 17.4426094]]}, "properties": {"class": "residential"}}, {"type": "Feature", "geometry": {"type": "LineString", "coordinates": [[78.3894751, 17.4408759], [78.3898157, 17.4407744]]}, "properties": {"class": "residential"}}, {"type": "Feature", "geometry": {"type": "LineString", "coordinates": [[78.3876825, 17.4368315], [78.387655, 17.4368699], [78.3874887, 17.4373843], [78.387423, 17.4376082], [78.387415, 17.4376683], [78.3874282, 17.4377], [78.3874498, 17.4377153], [78.3874712, 17.4377245]]}, "properties": {"class": "residential"}}, {"type": "Feature", "geometry": {"type": "LineString", "coordinates": [[78.3902876, 17.4361541], [78.3903486, 17.4361873], [78.3903909, 17.4362455], [78.390415, 17.4363006], [78.3904677, 17.4365976], [78.3905545, 17.4371041], [78.3905602, 17.4371447], [78.3905599, 17.4372058], [78.3905525, 17.4372483], [78.3905278, 17.437312], [78.3905164, 17.4373225], [78.3904977, 17.4373286], [78.3902648, 17.4373515], [78.3902447, 17.4373456], [78.3902232, 17.4373289], [78.3902058, 17.4373091], [78.3901837, 17.4372758], [78.3901568, 17.4372627], [78.3901277, 17.4372566], [78.3900881, 17.4372557], [78.3899978, 17.4372594]]}, "properties": {"class": "residential"}}, {"type": "Feature", "geometry": {"type": "LineString", "coordinates": [[78.389943, 17.4373483], [78.3899978, 17.4372594]]}, "properties": {"class": "residential"}}, {"type": "Feature", "geometry": {"type": "LineString", "coordinates": [[78.3630579, 17.4379031], [78.3628891, 17.4379781], [78.3628126, 17.4378736], [78.362801, 17.4378602], [78.3627299, 17.4377758], [78.3626568, 17.4376843], [78.362522, 17.4374872]]}, "properties": {"class": "residential"}}, {"type": "Feature", "geometry": {"type": "LineString", "coordinates": [[78.3680787, 17.4366665], [78.3678556, 17.4368365], [78.367834, 17.4368585], [78.3678263, 17.4368968], [78.3678355, 17.4369163], [78.3678541, 17.4369555], [78.3683518, 17.4375079], [78.3683855, 17.4375332], [78.3684308, 17.4375238], [78.3686875, 17.4373335]]}, "properties": {"class": "residential"}}, {"type": "Feature", "geometry": {"type": "LineString", "coordinates": [[78.3757113, 17.464424], [78.375727, 17.4643544], [78.3757441, 17.4642719], [78.3757484, 17.4642508], [78.3757938, 17.4641459]]}, "properties": {"class": "tertiary"}}, {"type": "Feature", "geometry": {"type": "LineString", "coordinates": [[78.3788734, 17.4251418], [78.3779253, 17.4258597], [78.3773553, 17.4263318], [78.3766392, 17.4269281], [78.3761886, 17.4272915], [78.3759418, 17.4274809], [78.3756334, 17.4277419], [78.3754027, 17.4279492], [78.3751988, 17.4281565], [78.3749548, 17.4284201], [78.3747992, 17.4286286]]}, "properties": {"class": "primary"}}, {"type": "Feature", "geometry": {"type": "LineString", "coordinates": [[78.3748086, 17.4291021], [78.3749695, 17.4294168], [78.3751023, 17.4296561], [78.375164, 17.4297994], [78.3751935, 17.4299094], [78.3752042, 17.4300924], [78.3751935, 17.4301794], [78.3751626, 17.4304507], [78.3751358, 17.4307091], [78.3750983, 17.4309766], [78.3750634, 17.4312504], [78.3750151, 17.431514], [78.3749203, 17.4321]]}, "properties": {"class": "primary"}}, {"type": "Feature", "geometry": {"type": "LineString", "coordinates": [[78.3747992, 17.4286286], [78.3747757, 17.4287054], [78.374765, 17.4287822], [78.3747563, 17.4288749], [78.3747643, 17.4289395], [78.3747777, 17.4290227], [78.3748086, 17.4291021]]}, "properties": {"class": "primary"}}, {"type": "Feature", "geometry": {"type": "LineString", "coordinates": [[78.4008199, 17.4313929], [78.4007726, 17.4313509], [78.4003396, 17.4309928]]}, "properties": {"class": "residential"}}, {"type": "Feature", "geometry": {"type": "LineString", "coordinates": [[78.3790136, 17.4249819], [78.3788734, 17.4251418]]}, "properties": {"class": "primary"}}, {"type": "Feature", "geometry": {"type": "LineString", "coordinates": [[78.3749203, 17.4321], [78.3747985, 17.4323269]]}, "properties": {"class": "primary"}}, {"type": "Feature", "geometry": {"type": "LineString", "coordinates": [[78.3913226, 17.4400177], [78.3913639, 17.4400287], [78.3917503, 17.44]]}, "properties": {"class": "residential"}}, {"type": "Feature", "geometry": {"type": "LineString", "coordinates": [[78.3912399, 17.4403797], [78.3911554, 17.4398484], [78.3911455, 17.4397747]]}, "properties": {"class": "residential"}}, {"type": "Feature", "geometry": {"type": "LineString", "coordinates": [[78.3950609, 17.4472128], [78.3952859, 17.4471055], [78.3955085, 17.4470338], [78.3958492, 17.4469903], [78.3962783, 17.4469698], [78.3965787, 17.4469059], [78.3968979, 17.4467984], [78.3971125, 17.4467447], [78.3972367, 17.4466914]]}, "properties": {"class": "residential"}}, {"type": "Feature", "geometry": {"type": "LineString", "coordinates": [[78.3558198, 17.4201229], [78.355793, 17.4201863]]}, "properties": {"class": "secondary"}}, {"type": "Feature", "geometry": {"type": "LineString", "coordinates": [[78.3662073, 17.4549605], [78.3663033, 17.455228], [78.3663227, 17.4552819]]}, "properties": {"class": "residential"}}, {"type": "Feature", "geometry": {"type": "LineString", "coordinates": [[78.3610054, 17.435208], [78.3614887, 17.4359537]]}, "properties": {"class": "residential"}}, {"type": "Feature", "geometry": {"type": "LineString", "coordinates": [[78.3810367, 17.436758], [78.3810989, 17.4368336], [78.3814216, 17.4372256]]}, "properties": {"class": "residential"}}, {"type": "Feature", "geometry": {"type": "LineString", "coordinates": [[78.3966762, 17.4514997], [78.3983794, 17.4513245]]}, "properties": {"class": "tertiary"}}, {"type": "Feature", "geometry": {"type": "LineString", "coordinates": [[78.3983617, 17.4512512], [78.3971434, 17.451363], [78.3966375, 17.4514094]]}, "properties": {"class": "tertiary"}}, {"type": "Feature", "geometry": {"type": "LineString", "coordinates": [[78.3989449, 17.4512662], [78.399037, 17.451251], [78.399563, 17.4512194], [78.3999597, 17.4511837], [78.4003762, 17.4511327], [78.4006802, 17.4511141], [78.4006967, 17.4511131], [78.4021814, 17.4509474], [78.4022495, 17.4508917]]}, "properties": {"class": "tertiary"}}, {"type": "Feature", "geometry": {"type": "LineString", "coordinates": [[78.3551145, 17.4410562], [78.3546636, 17.4414196]]}, "properties": {"class": "residential"}}, {"type": "Feature", "geometry": {"type": "LineString", "coordinates": [[78.3754617, 17.4239789], [78.3754375, 17.423406]]}, "properties": {"class": "residential"}}, {"type": "Feature", "geometry": {"type": "LineString", "coordinates": [[78.3568773, 17.4369339], [78.3566905, 17.4367982], [78.3564721, 17.4366395], [78.3564033, 17.4366532], [78.3564152, 17.4367025], [78.3566401, 17.4368547], [78.3568393, 17.4369895]]}, "properties": {"class": "residential"}}, {"type": "Feature", "geometry": {"type": "LineString", "coordinates": [[78.3774487, 17.4264679], [78.3779164, 17.4260804]]}, "properties": {"class": "primary"}}, {"type": "Feature", "geometry": {"type": "LineString", "coordinates": [[78.3785221, 17.4302102], [78.3785357, 17.4301167]]}, "properties": {"class": "tertiary"}}, {"type": "Feature", "geometry": {"type": "LineString", "coordinates": [[78.3785807, 17.4255295], [78.3786685, 17.425638], [78.3787474, 17.4257356], [78.3788379, 17.4259123], [78.3789344, 17.4261875], [78.378963, 17.4265102], [78.3789168, 17.4272513], [78.3783791, 17.4301905]]}, "properties": {"class": "tertiary"}}, {"type": "Feature", "geometry": {"type": "LineString", "coordinates": [[78.3781634, 17.4316454], [78.3781449, 17.4317482], [78.3781031, 17.4319804], [78.3780158, 17.4325339], [78.3778784, 17.4334052], [78.3778154, 17.4338046]]}, "properties": {"class": "tertiary"}}, {"type": "Feature", "geometry": {"type": "LineString", "coordinates": [[78.3783791, 17.4301905], [78.3764133, 17.4299193], [78.3752417, 17.4297559]]}, "properties": {"class": "tertiary"}}, {"type": "Feature", "geometry": {"type": "LineString", "coordinates": [[78.3515827, 17.4587851], [78.35233, 17.4601411]]}, "properties": {"class": "residential"}}, {"type": "Feature", "geometry": {"type": "LineString", "coordinates": [[78.3520151, 17.4603242], [78.35233, 17.4601411], [78.3526499, 17.4599654]]}, "properties": {"class": "residential"}}, {"type": "Feature", "geometry": {"type": "LineString", "coordinates": [[78.353823, 17.4625843], [78.3539432, 17.4637454]]}, "properties": {"class": "residential"}}, {"type": "Feature", "geometry": {"type": "LineString", "coordinates": [[78.3551599, 17.4640871], [78.3550776, 17.463355]]}, "properties": {"class": "residential"}}, {"type": "Feature", "geometry": {"type": "LineString", "coordinates": [[78.3552743, 17.4649448], [78.3558171, 17.4648519], [78.3561436, 17.464779]]}, "properties": {"class": "residential"}}, {"type": "Feature", "geometry": {"type": "LineString", "coordinates": [[78.3545839, 17.4640241], [78.3546823, 17.465059]]}, "properties": {"class": "residential"}}, {"type": "Feature", "geometry": {"type": "LineString", "coordinates": [[78.3540657, 17.4651595], [78.3539839, 17.4651698], [78.3539195, 17.4651327], [78.3535185, 17.4647207], [78.3534495, 17.464635], [78.3534019, 17.4645666], [78.3533811, 17.4644917], [78.3533557, 17.4643306], [78.3533241, 17.4642082]]}, "properties": {"class": "residential"}}, {"type": "Feature", "geometry": {"type": "LineString", "coordinates": [[78.3532664, 17.463975], [78.3532671, 17.4638656], [78.3532728, 17.4638428], [78.3532896, 17.4638259], [78.353316, 17.463815], [78.3533637, 17.4638055], [78.3537748, 17.463755], [78.3538645, 17.4637485], [78.3539432, 17.4637454], [78.354079, 17.463741], [78.3541851, 17.4637485], [78.3545625, 17.4638151]]}, "properties": {"class": "residential"}}, {"type": "Feature", "geometry": {"type": "LineString", "coordinates": [[78.3525519, 17.4667221], [78.3525373, 17.467474]]}, "properties": {"class": "residential"}}, {"type": "Feature", "geometry": {"type": "LineString", "coordinates": [[78.3530062, 17.4665332], [78.3529694, 17.4674834]]}, "properties": {"class": "residential"}}, {"type": "Feature", "geometry": {"type": "LineString", "coordinates": [[78.3529262, 17.4689424], [78.35295, 17.4681386], [78.3529518, 17.4680768], [78.3529694, 17.4674834]]}, "properties": {"class": "residential"}}, {"type": "Feature", "geometry": {"type": "LineString", "coordinates": [[78.3526677, 17.4655476], [78.3526593, 17.4657004], [78.3526579, 17.4657249], [78.3526813, 17.465838], [78.3526765, 17.466345]]}, "properties": {"class": "residential"}}, {"type": "Feature", "geometry": {"type": "LineString", "coordinates": [[78.35295, 17.4681386], [78.3527338, 17.4681367], [78.3525177, 17.4681349], [78.3525099, 17.4683931], [78.3525017, 17.468663], [78.3524935, 17.4689355]]}, "properties": {"class": "residential"}}, {"type": "Feature", "geometry": {"type": "LineString", "coordinates": [[78.3534219, 17.4640495], [78.3540069, 17.4639875], [78.3541969, 17.4639817], [78.3545839, 17.4640241], [78.3551599, 17.4640871]]}, "properties": {"class": "residential"}}, {"type": "Feature", "geometry": {"type": "LineString", "coordinates": [[78.3532287, 17.4639932], [78.3531997, 17.4640225], [78.3531827, 17.4640594], [78.3531799, 17.4640996], [78.3531826, 17.4641247], [78.3532138, 17.4641689], [78.3532309, 17.464181], [78.353245, 17.4641911], [78.3532819, 17.464203], [78.3533241, 17.4642082], [78.3533579, 17.464192], [78.3533894, 17.4641702], [78.3534122, 17.4641401], [78.353424, 17.4641047], [78.3534236, 17.4640675], [78.3534219, 17.4640495], [78.3534111, 17.4640324], [78.3533852, 17.4640005], [78.3533496, 17.4639788], [78.3533083, 17.46397], [78.3532664, 17.463975], [78.3532287, 17.4639932]]}, "properties": {"class": "residential"}}, {"type": "Feature", "geometry": {"type": "LineString", "coordinates": [[78.3554149, 17.4635476], [78.3562668, 17.4630881]]}, "properties": {"class": "residential"}}, {"type": "Feature", "geometry": {"type": "LineString", "coordinates": [[78.3531955, 17.4609375], [78.3525911, 17.461284], [78.3525601, 17.4613018], [78.3522174, 17.4614615], [78.3518701, 17.4616328], [78.3516506, 17.4617436], [78.3513645, 17.4618758], [78.3512817, 17.4619141], [78.3508188, 17.4621145], [78.3505455, 17.4622295], [78.350213, 17.4623698], [78.3499093, 17.462498], [78.3497458, 17.4625551], [78.3495493, 17.4626237], [78.3492113, 17.4627416], [78.3480779, 17.463151], [78.3473418, 17.4633976], [78.3472345, 17.4634336], [78.3465588, 17.4636842], [78.3462038, 17.4638289], [78.3458021, 17.4640161], [78.3448503, 17.4646127], [78.3444131, 17.4648458], [78.3440268, 17.4650323], [78.3437605, 17.4651608], [78.3437038, 17.4652401]]}, "properties": {"class": "secondary"}}, {"type": "Feature", "geometry": {"type": "LineString", "coordinates": [[78.3775458, 17.4602112], [78.3777054, 17.4601505], [78.3778703, 17.4600692]]}, "properties": {"class": "residential"}}, {"type": "Feature", "geometry": {"type": "LineString", "coordinates": [[78.3557475, 17.4641412], [78.3558171, 17.4648519]]}, "properties": {"class": "residential"}}, {"type": "Feature", "geometry": {"type": "LineString", "coordinates": [[78.3670309, 17.4557763], [78.3669592, 17.4556461], [78.3669364, 17.4556359], [78.3669171, 17.4556393], [78.3664628, 17.4558389], [78.3661056, 17.4559883], [78.3657138, 17.4561389], [78.3656147, 17.4561896], [78.3656041, 17.4562267], [78.365658, 17.4563515], [78.3660472, 17.4570645], [78.3660771, 17.457092], [78.3661347, 17.4571225], [78.3661616, 17.457153], [78.3663063, 17.4574487], [78.3663552, 17.4575326], [78.3663999, 17.4575625], [78.3664607, 17.4575668], [78.3667705, 17.4574284], [78.3671107, 17.4572765], [78.367155, 17.4572567], [78.3675632, 17.4570789]]}, "properties": {"class": "residential"}}, {"type": "Feature", "geometry": {"type": "LineString", "coordinates": [[78.3670309, 17.4557763], [78.3675632, 17.4570789]]}, "properties": {"class": "residential"}}, {"type": "Feature", "geometry": {"type": "LineString", "coordinates": [[78.377708, 17.4597507], [78.3778703, 17.4600692], [78.3779226, 17.4601818]]}, "properties": {"class": "residential"}}, {"type": "Feature", "geometry": {"type": "LineString", "coordinates": [[78.3767166, 17.461698], [78.3768379, 17.4617179], [78.3771065, 17.4617417], [78.3774514, 17.4616298], [78.3779728, 17.461415], [78.378032, 17.4613616]]}, "properties": {"class": "residential"}}, {"type": "Feature", "geometry": {"type": "LineString", "coordinates": [[78.3767443, 17.4623707], [78.3768015, 17.4621596], [78.376835, 17.4621072], [78.3769409, 17.4620637], [78.3770818, 17.4620278], [78.3773433, 17.46196], [78.3779025, 17.4617515]]}, "properties": {"class": "residential"}}, {"type": "Feature", "geometry": {"type": "LineString", "coordinates": [[78.3605432, 17.4470287], [78.3610251, 17.4468915]]}, "properties": {"class": "residential"}}, {"type": "Feature", "geometry": {"type": "LineString", "coordinates": [[78.3604453, 17.4461549], [78.3603851, 17.4459054]]}, "properties": {"class": "residential"}}, {"type": "Feature", "geometry": {"type": "LineString", "coordinates": [[78.3619754, 17.4400177], [78.3620725, 17.4401527], [78.3621895, 17.4403155], [78.3622257, 17.4403572]]}, "properties": {"class": "residential"}}, {"type": "Feature", "geometry": {"type": "LineString", "coordinates": [[78.3778885, 17.4341084], [78.3781021, 17.4339417], [78.3782758, 17.433812], [78.3784588, 17.4336611], [78.3789143, 17.4332861], [78.3793419, 17.4329746], [78.3799141, 17.4325058], [78.3799541, 17.4324752], [78.3799878, 17.4324503], [78.3802046, 17.4322876], [78.3811483, 17.4315371], [78.381278, 17.4314337]]}, "properties": {"class": "tertiary"}}, {"type": "Feature", "geometry": {"type": "LineString", "coordinates": [[78.3829401, 17.4288131], [78.3828455, 17.4287893], [78.3827721, 17.4288058]]}, "properties": {"class": "tertiary"}}, {"type": "Feature", "geometry": {"type": "LineString", "coordinates": [[78.3862583, 17.4325625], [78.3836123, 17.4294904], [78.3835141, 17.4293783], [78.3834027, 17.4292486], [78.3830557, 17.4288615], [78.382998, 17.428827], [78.3829401, 17.4288131]]}, "properties": {"class": "tertiary"}}, {"type": "Feature", "geometry": {"type": "LineString", "coordinates": [[78.3899659, 17.4188379], [78.3895171, 17.4191732]]}, "properties": {"class": "residential"}}, {"type": "Feature", "geometry": {"type": "LineString", "coordinates": [[78.3839285, 17.418712], [78.3839421, 17.4191153], [78.3839422, 17.4191614]]}, "properties": {"class": "residential"}}, {"type": "Feature", "geometry": {"type": "LineString", "coordinates": [[78.3815025, 17.4203509], [78.3818835, 17.4203059]]}, "properties": {"class": "residential"}}, {"type": "Feature", "geometry": {"type": "LineString", "coordinates": [[78.3814478, 17.4216413], [78.3821392, 17.4212045]]}, "properties": {"class": "residential"}}, {"type": "Feature", "geometry": {"type": "LineString", "coordinates": [[78.3795855, 17.4185656], [78.3795948, 17.4187101], [78.3795957, 17.4187139], [78.3796334, 17.4189259], [78.3796625, 17.4189743], [78.3799354, 17.4189541]]}, "properties": {"class": "residential"}}, {"type": "Feature", "geometry": {"type": "LineString", "coordinates": [[78.3781144, 17.4189717], [78.3782207, 17.4189495], [78.3782736, 17.4189476], [78.3783264, 17.418965], [78.3783915, 17.4190019], [78.3788692, 17.4193345]]}, "properties": {"class": "residential"}}, {"type": "Feature", "geometry": {"type": "LineString", "coordinates": [[78.401588, 17.426368], [78.4015372, 17.4264572], [78.4015331, 17.4264912], [78.4015433, 17.4265241], [78.4015667, 17.4265649], [78.4016887, 17.426749]]}, "properties": {"class": "residential"}}, {"type": "Feature", "geometry": {"type": "LineString", "coordinates": [[78.4014864, 17.4260373], [78.4012607, 17.4263418], [78.4012496, 17.4263738], [78.4012526, 17.426402], [78.4013176, 17.4265106], [78.4013394, 17.4266793]]}, "properties": {"class": "residential"}}, {"type": "Feature", "geometry": {"type": "LineString", "coordinates": [[78.3975526, 17.4565085], [78.3971384, 17.4565113]]}, "properties": {"class": "residential"}}, {"type": "Feature", "geometry": {"type": "LineString", "coordinates": [[78.3529394, 17.4224194], [78.3526989, 17.4225912], [78.3525891, 17.4226502], [78.3525189, 17.4226758], [78.35244, 17.4226975], [78.3514773, 17.4228393], [78.351304, 17.4228588], [78.3510202, 17.4228796]]}, "properties": {"class": "secondary"}}, {"type": "Feature", "geometry": {"type": "LineString", "coordinates": [[78.3788818, 17.4650219], [78.3788503, 17.4659757]]}, "properties": {"class": "residential"}}, {"type": "Feature", "geometry": {"type": "LineString", "coordinates": [[78.3790152, 17.4586755], [78.3790566, 17.4586319], [78.3790863, 17.4585807], [78.3791083, 17.4585264], [78.3791759, 17.4583628]]}, "properties": {"class": "residential"}}, {"type": "Feature", "geometry": {"type": "LineString", "coordinates": [[78.378319, 17.4571237], [78.3789539, 17.4570948], [78.3792677, 17.457082], [78.3793683, 17.4570577], [78.3794394, 17.457018], [78.379485, 17.4569771], [78.3795387, 17.4569029]]}, "properties": {"class": "residential"}}, {"type": "Feature", "geometry": {"type": "LineString", "coordinates": [[78.3774663, 17.4568873], [78.3776531, 17.456972], [78.3781841, 17.4570922], [78.378319, 17.4571237], [78.378382, 17.457144], [78.3784685, 17.4571869], [78.3785999, 17.4572547], [78.3786643, 17.4572995], [78.378734, 17.4573942], [78.378793, 17.4575042], [78.3788332, 17.4576372]]}, "properties": {"class": "residential"}}, {"type": "Feature", "geometry": {"type": "LineString", "coordinates": [[78.3781064, 17.4566496], [78.3781694, 17.4566796], [78.3782002, 17.4566886], [78.3782358, 17.4566912], [78.3783954, 17.4566758], [78.378785, 17.4565728], [78.3788493, 17.4565498], [78.3788943, 17.4565248], [78.3789486, 17.4564884], [78.3790907, 17.4563656], [78.3791458, 17.4563269]]}, "properties": {"class": "residential"}}, {"type": "Feature", "geometry": {"type": "LineString", "coordinates": [[78.3784014, 17.4563276], [78.3787347, 17.4562159], [78.3788118, 17.4561916], [78.3788741, 17.4561813], [78.3789298, 17.4561807], [78.3789787, 17.456191], [78.3790203, 17.4562127], [78.3790532, 17.4562344], [78.3791458, 17.4563269], [78.3791933, 17.4563764], [78.3792503, 17.4564199], [78.3793174, 17.4564602]]}, "properties": {"class": "residential"}}, {"type": "Feature", "geometry": {"type": "LineString", "coordinates": [[78.3773044, 17.4569489], [78.3774663, 17.4568873], [78.3777818, 17.4567673], [78.3780272, 17.4566828], [78.3781064, 17.4566496], [78.3781781, 17.456592], [78.3782405, 17.4565319], [78.3784014, 17.4563276], [78.3785677, 17.4561123], [78.378671, 17.455937], [78.3788359, 17.4556133], [78.3790132, 17.455217]]}, "properties": {"class": "residential"}}, {"type": "Feature", "geometry": {"type": "LineString", "coordinates": [[78.3848588, 17.4628383], [78.3847861, 17.4628222], [78.3845834, 17.4628496]]}, "properties": {"class": "tertiary"}}, {"type": "Feature", "geometry": {"type": "LineString", "coordinates": [[78.3893857, 17.4559909], [78.389322, 17.4574044]]}, "properties": {"class": "residential"}}, {"type": "Feature", "geometry": {"type": "LineString", "coordinates": [[78.387981, 17.4582562], [78.3887975, 17.4582695]]}, "properties": {"class": "residential"}}, {"type": "Feature", "geometry": {"type": "LineString", "coordinates": [[78.361018, 17.4207427], [78.3610186, 17.4208861], [78.3610098, 17.4209334], [78.3609832, 17.4209706], [78.3609479, 17.4209908], [78.3606647, 17.4210634], [78.3606258, 17.4210617], [78.3605992, 17.4210465], [78.3605692, 17.4210077], [78.3602811, 17.4203161]]}, "properties": {"class": "residential"}}, {"type": "Feature", "geometry": {"type": "LineString", "coordinates": [[78.3607095, 17.4183266], [78.3608403, 17.4184017], [78.3609773, 17.4185534], [78.3613971, 17.4190697], [78.3617962, 17.4194984], [78.3617994, 17.4194988], [78.3621026, 17.4198873], [78.3622231, 17.4200157]]}, "properties": {"class": "residential"}}, {"type": "Feature", "geometry": {"type": "LineString", "coordinates": [[78.3622231, 17.4200157], [78.3621861, 17.4198189], [78.3618951, 17.4194294], [78.3618043, 17.4193355], [78.3610419, 17.4185121], [78.361027, 17.4184434], [78.3610376, 17.4183814], [78.3611073, 17.4183157]]}, "properties": {"class": "residential"}}, {"type": "Feature", "geometry": {"type": "LineString", "coordinates": [[78.3643741, 17.4207825], [78.3643824, 17.4213747], [78.3643848, 17.4215502], [78.3644021, 17.4218046], [78.3644062, 17.4218649], [78.3645655, 17.4222606], [78.3646527, 17.4224909], [78.3646938, 17.4226637]]}, "properties": {"class": "tertiary"}}, {"type": "Feature", "geometry": {"type": "LineString", "coordinates": [[78.3746215, 17.4316111], [78.374932, 17.4314924]]}, "properties": {"class": "residential"}}, {"type": "Feature", "geometry": {"type": "LineString", "coordinates": [[78.3745901, 17.4301844], [78.3749002, 17.4305493]]}, "properties": {"class": "residential"}}, {"type": "Feature", "geometry": {"type": "LineString", "coordinates": [[78.3534717, 17.466453], [78.3534468, 17.4674798], [78.3534359, 17.4679304], [78.3534112, 17.4689502], [78.3534002, 17.4694058], [78.353386, 17.4699897]]}, "properties": {"class": "residential"}}, {"type": "Feature", "geometry": {"type": "LineString", "coordinates": [[78.3534495, 17.464635], [78.3535152, 17.4645906]]}, "properties": {"class": "residential"}}, {"type": "Feature", "geometry": {"type": "LineString", "coordinates": [[78.3540069, 17.4639875], [78.3540959, 17.4649778], [78.3540979, 17.4650719], [78.3540852, 17.4651167], [78.3540657, 17.4651595]]}, "properties": {"class": "residential"}}, {"type": "Feature", "geometry": {"type": "LineString", "coordinates": [[78.3533894, 17.4641702], [78.3534636, 17.464502], [78.3535152, 17.4645906], [78.3535672, 17.4646437], [78.353705, 17.464777], [78.3539839, 17.4650866], [78.3540657, 17.4651595]]}, "properties": {"class": "residential"}}, {"type": "Feature", "geometry": {"type": "LineString", "coordinates": [[78.3659793, 17.4488139], [78.3653245, 17.4488879]]}, "properties": {"class": "residential"}}, {"type": "Feature", "geometry": {"type": "LineString", "coordinates": [[78.3557673, 17.4371489], [78.355828, 17.437155], [78.355866, 17.4371713], [78.3559077, 17.4372055], [78.3560238, 17.4373005], [78.3561778, 17.4373932], [78.356286, 17.4374604], [78.3563189, 17.4374739], [78.3564154, 17.4374816], [78.356512, 17.4374739], [78.3565764, 17.4374381], [78.35663, 17.4373639], [78.3567909, 17.4370543], [78.3568393, 17.4369895]]}, "properties": {"class": "tertiary"}}, {"type": "Feature", "geometry": {"type": "LineString", "coordinates": [[78.3607758, 17.4405399], [78.3607119, 17.4404831], [78.3605508, 17.4403397], [78.3603367, 17.4401492], [78.3598907, 17.4397342], [78.3597275, 17.4395823], [78.3597098, 17.4395658], [78.3589581, 17.4388211], [78.3583184, 17.4381494], [78.3582138, 17.4380512], [78.357777, 17.4376408], [78.35734, 17.4372922], [78.3569437, 17.4369806], [78.3568773, 17.4369339], [78.3568393, 17.4369895]]}, "properties": {"class": "tertiary"}}, {"type": "Feature", "geometry": {"type": "LineString", "coordinates": [[78.3732301, 17.4512136], [78.3732546, 17.4512241], [78.3732871, 17.4512219], [78.3733092, 17.4512091], [78.3733287, 17.451181], [78.373328, 17.4511541], [78.3733091, 17.4511237], [78.372484, 17.4503672], [78.3724171, 17.4503075]]}, "properties": {"class": "residential"}}, {"type": "Feature", "geometry": {"type": "LineString", "coordinates": [[78.3723386, 17.450385], [78.3724055, 17.4504492], [78.3732301, 17.4512136]]}, "properties": {"class": "residential"}}, {"type": "Feature", "geometry": {"type": "LineString", "coordinates": [[78.3923998, 17.4549806], [78.3923893, 17.4541225]]}, "properties": {"class": "residential"}}, {"type": "Feature", "geometry": {"type": "LineString", "coordinates": [[78.4001813, 17.4501314], [78.3998084, 17.4495677]]}, "properties": {"class": "residential"}}, {"type": "Feature", "geometry": {"type": "LineString", "coordinates": [[78.3743287, 17.4361674], [78.3743566, 17.4364144], [78.3744036, 17.4366537], [78.3745024, 17.4369555], [78.3745672, 17.4370777]]}, "properties": {"class": "primary"}}, {"type": "Feature", "geometry": {"type": "LineString", "coordinates": [[78.3791812, 17.4487516], [78.3792259, 17.4487508], [78.3796521, 17.4486288], [78.3802075, 17.4484867]]}, "properties": {"class": "residential"}}, {"type": "Feature", "geometry": {"type": "LineString", "coordinates": [[78.3821149, 17.4427183], [78.3821672, 17.4429213]]}, "properties": {"class": "residential"}}, {"type": "Feature", "geometry": {"type": "LineString", "coordinates": [[78.3802171, 17.4419109], [78.3802447, 17.4419611], [78.3802918, 17.4419957], [78.3803463, 17.4420084], [78.3804017, 17.4419994], [78.3804488, 17.4419702], [78.38048, 17.4419257], [78.3804893, 17.4418601], [78.3804641, 17.4417984], [78.3804382, 17.4417723], [78.3804057, 17.4417537], [78.380329, 17.4417448], [78.3802591, 17.4417763], [78.3802294, 17.4418116], [78.3802139, 17.4418543], [78.3802171, 17.4419109]]}, "properties": {"class": "tertiary"}}, {"type": "Feature", "geometry": {"type": "LineString", "coordinates": [[78.4007623, 17.4539247], [78.4012324, 17.4537513]]}, "properties": {"class": "residential"}}, {"type": "Feature", "geometry": {"type": "LineString", "coordinates": [[78.3874981, 17.4542028], [78.3871635, 17.4524492]]}, "properties": {"class": "residential"}}, {"type": "Feature", "geometry": {"type": "LineString", "coordinates": [[78.399044, 17.4470339], [78.3992006, 17.4475622], [78.3992247, 17.4476057], [78.3992529, 17.4476223], [78.3994299, 17.4476262], [78.3995976, 17.4476275], [78.3997384, 17.4476185]]}, "properties": {"class": "residential"}}, {"type": "Feature", "geometry": {"type": "LineString", "coordinates": [[78.3986694, 17.4521377], [78.3996506, 17.4520464]]}, "properties": {"class": "residential"}}, {"type": "Feature", "geometry": {"type": "LineString", "coordinates": [[78.4012104, 17.4580772], [78.4013301, 17.4581873], [78.4013492, 17.4582123], [78.4014198, 17.4582806], [78.4014768, 17.4583367], [78.4016284, 17.4584985], [78.40166, 17.4585323]]}, "properties": {"class": "residential"}}, {"type": "Feature", "geometry": {"type": "LineString", "coordinates": [[78.400375, 17.4484412], [78.4006937, 17.4491232], [78.4007166, 17.4491681]]}, "properties": {"class": "residential"}}, {"type": "Feature", "geometry": {"type": "LineString", "coordinates": [[78.3755467, 17.4665407], [78.375542, 17.4671081], [78.3755501, 17.4675234], [78.3755666, 17.4676036], [78.3755854, 17.4676898], [78.3756453, 17.4678859], [78.3757111, 17.4679906], [78.3757966, 17.4680938], [78.3760072, 17.4682807], [78.3762206, 17.468444], [78.376365, 17.4685041]]}, "properties": {"class": "tertiary"}}, {"type": "Feature", "geometry": {"type": "LineString", "coordinates": [[78.4010151, 17.4554447], [78.4013303, 17.4552908]]}, "properties": {"class": "residential"}}, {"type": "Feature", "geometry": {"type": "LineString", "coordinates": [[78.4018086, 17.454238], [78.4015595, 17.4540388], [78.4013839, 17.4538768], [78.4013229, 17.4538197], [78.4012324, 17.4537513], [78.4010976, 17.4536179], [78.4009896, 17.4534589], [78.4008787, 17.4533015], [78.4006463, 17.4529716]]}, "properties": {"class": "residential"}}, {"type": "Feature", "geometry": {"type": "LineString", "coordinates": [[78.369578, 17.4300008], [78.3704919, 17.4293561]]}, "properties": {"class": "residential"}}, {"type": "Feature", "geometry": {"type": "LineString", "coordinates": [[78.3583324, 17.4416354], [78.3581595, 17.4413129]]}, "properties": {"class": "residential"}}, {"type": "Feature", "geometry": {"type": "LineString", "coordinates": [[78.3581595, 17.4413129], [78.357939, 17.4408378]]}, "properties": {"class": "residential"}}, {"type": "Feature", "geometry": {"type": "LineString", "coordinates": [[78.3692284, 17.4509038], [78.3697912, 17.4504124], [78.3703455, 17.4499288], [78.3709203, 17.4494272]]}, "properties": {"class": "residential"}}, {"type": "Feature", "geometry": {"type": "LineString", "coordinates": [[78.3859909, 17.4327743], [78.3859369, 17.4328161], [78.3858432, 17.4328956], [78.3857182, 17.4329952]]}, "properties": {"class": "secondary"}}, {"type": "Feature", "geometry": {"type": "LineString", "coordinates": [[78.3880343, 17.4313036], [78.3918523, 17.4322422], [78.3919255, 17.4322602], [78.3921015, 17.4323307], [78.3922668, 17.4324482], [78.3923653, 17.4325556], [78.3928614, 17.4331766], [78.3930409, 17.4333915], [78.3932344, 17.4336063], [78.393449, 17.4338245], [78.3936905, 17.4340684], [78.3946769, 17.4349221], [78.3947942, 17.4350116], [78.3949232, 17.4350832], [78.3950854, 17.4351459], [78.395314, 17.4351685], [78.3954598, 17.4351567], [78.3956197, 17.4351053], [78.3957834, 17.4350082], [78.3958942, 17.4349154], [78.3961088, 17.4347006], [78.3963057, 17.4345214], [78.3965075, 17.4343502], [78.3971467, 17.4339205], [78.3974667, 17.4337504], [78.3979966, 17.4334947], [78.3982325, 17.4333633], [78.3990499, 17.4328704], [78.3991976, 17.4327693], [78.3994087, 17.4325924], [78.3999127, 17.4321839], [78.4006696, 17.4316401], [78.4009331, 17.4314255], [78.4013255, 17.4310338], [78.4015373, 17.4308552], [78.4028519, 17.4298537], [78.4041582, 17.4289032], [78.404397, 17.4287149], [78.4064133, 17.4271207], [78.4064769, 17.4270704]]}, "properties": {"class": "secondary"}}, {"type": "Feature", "geometry": {"type": "LineString", "coordinates": [[78.3880577, 17.4311832], [78.3879436, 17.4311858], [78.3877751, 17.4312169], [78.3876582, 17.4312766], [78.3875604, 17.4313466], [78.3874843, 17.4314218], [78.3871174, 17.4319144], [78.3869843, 17.4320414], [78.3866794, 17.4322611]]}, "properties": {"class": "secondary"}}, {"type": "Feature", "geometry": {"type": "LineString", "coordinates": [[78.4064245, 17.4270228], [78.4040951, 17.4288603], [78.4028283, 17.429813], [78.4014756, 17.4308384], [78.4012461, 17.4310222], [78.4010714, 17.4311872], [78.4008761, 17.4313877], [78.4006146, 17.4315986], [78.3998532, 17.4321532], [78.3993847, 17.4325312], [78.3990878, 17.4327663], [78.3982392, 17.4332718], [78.3974346, 17.433696], [78.3971209, 17.4338579], [78.3965219, 17.4342708], [78.3962496, 17.4344894], [78.3960419, 17.4346627], [78.3958571, 17.4348597], [78.395752, 17.4349535], [78.39558, 17.4350496], [78.3954589, 17.4350802], [78.3953068, 17.435088], [78.3952015, 17.4350887], [78.3950935, 17.4350738], [78.3949199, 17.4350034], [78.3947239, 17.4348519], [78.3938284, 17.4340211], [78.3935418, 17.4337552], [78.3933243, 17.4335556], [78.392452, 17.43249], [78.3923433, 17.4323526], [78.392183, 17.4322255], [78.391971, 17.4321374], [78.3883968, 17.4312659], [78.3880577, 17.4311832]]}, "properties": {"class": "secondary"}}, {"type": "Feature", "geometry": {"type": "LineString", "coordinates": [[78.3856593, 17.4331906], [78.3857533, 17.4330775], [78.3857989, 17.4330148], [78.3858821, 17.4329342], [78.3860585, 17.4328056], [78.386343, 17.4325859], [78.3867913, 17.4322767], [78.3869375, 17.4321745]]}, "properties": {"class": "secondary"}}, {"type": "Feature", "geometry": {"type": "LineString", "coordinates": [[78.3810537, 17.436658], [78.3824662, 17.4355721], [78.3826078, 17.4354605]]}, "properties": {"class": "secondary"}}, {"type": "Feature", "geometry": {"type": "LineString", "coordinates": [[78.3825654, 17.4353661], [78.3823858, 17.435506], [78.3809985, 17.4365921]]}, "properties": {"class": "secondary"}}, {"type": "Feature", "geometry": {"type": "LineString", "coordinates": [[78.3795137, 17.4380003], [78.3796619, 17.4378766], [78.3798801, 17.4376991], [78.3802652, 17.4373858], [78.3806057, 17.4371086], [78.3806363, 17.4370838], [78.3806925, 17.4370381], [78.3807134, 17.437021], [78.3809153, 17.4368562], [78.3810367, 17.436758], [78.3812186, 17.4366178], [78.3817217, 17.4362207], [78.3817788, 17.4361757], [78.3821054, 17.4359179], [78.3822246, 17.4358338], [78.3825439, 17.4356088], [78.3826078, 17.4354605]]}, "properties": {"class": "secondary"}}, {"type": "Feature", "geometry": {"type": "LineString", "coordinates": [[78.3804936, 17.4391693], [78.3804803, 17.4391287], [78.3803833, 17.4390324], [78.3802816, 17.438894], [78.3801895, 17.4387869], [78.3795137, 17.4380003]]}, "properties": {"class": "tertiary"}}, {"type": "Feature", "geometry": {"type": "LineString", "coordinates": [[78.3623799, 17.4300082], [78.3624834, 17.4301348], [78.3627446, 17.4304544], [78.3630593, 17.4308395], [78.3637923, 17.4319095], [78.3638268, 17.4319648], [78.3645263, 17.4331051], [78.3653846, 17.4343799]]}, "properties": {"class": "residential"}}, {"type": "Feature", "geometry": {"type": "LineString", "coordinates": [[78.3620607, 17.4296105], [78.3623799, 17.4300082]]}, "properties": {"class": "residential"}}, {"type": "Feature", "geometry": {"type": "LineString", "coordinates": [[78.3767915, 17.4235022], [78.3767733, 17.4233959], [78.3767632, 17.423377], [78.3767485, 17.4233565], [78.3766576, 17.4232804], [78.3765787, 17.4232618]]}, "properties": {"class": "residential"}}, {"type": "Feature", "geometry": {"type": "LineString", "coordinates": [[78.3814313, 17.4225255], [78.3818878, 17.4226274]]}, "properties": {"class": "secondary"}}, {"type": "Feature", "geometry": {"type": "LineString", "coordinates": [[78.3809312, 17.4223065], [78.3812116, 17.4224418], [78.3814313, 17.4225255]]}, "properties": {"class": "secondary"}}, {"type": "Feature", "geometry": {"type": "LineString", "coordinates": [[78.3828652, 17.4222216], [78.3825705, 17.4223498]]}, "properties": {"class": "primary"}}, {"type": "Feature", "geometry": {"type": "LineString", "coordinates": [[78.3825705, 17.4223498], [78.3825272, 17.4223721], [78.3823354, 17.4224653]]}, "properties": {"class": "primary"}}, {"type": "Feature", "geometry": {"type": "LineString", "coordinates": [[78.381973, 17.4226591], [78.3818787, 17.4227254]]}, "properties": {"class": "primary"}}, {"type": "Feature", "geometry": {"type": "LineString", "coordinates": [[78.3823354, 17.4224653], [78.3821414, 17.4225681], [78.381973, 17.4226591]]}, "properties": {"class": "primary"}}, {"type": "Feature", "geometry": {"type": "LineString", "coordinates": [[78.3944686, 17.4356249], [78.3944081, 17.4356515]]}, "properties": {"class": "tertiary"}}, {"type": "Feature", "geometry": {"type": "LineString", "coordinates": [[78.3943523, 17.4355498], [78.3944081, 17.4356515]]}, "properties": {"class": "residential"}}, {"type": "Feature", "geometry": {"type": "LineString", "coordinates": [[78.3681934, 17.4349255], [78.368648, 17.4345081]]}, "properties": {"class": "primary"}}, {"type": "Feature", "geometry": {"type": "LineString", "coordinates": [[78.3609308, 17.4405919], [78.361081, 17.4404972]]}, "properties": {"class": "primary"}}, {"type": "Feature", "geometry": {"type": "LineString", "coordinates": [[78.3678998, 17.4493], [78.3680265, 17.4494638]]}, "properties": {"class": "residential"}}, {"type": "Feature", "geometry": {"type": "LineString", "coordinates": [[78.3552748, 17.4409202], [78.3555305, 17.4411744]]}, "properties": {"class": "residential"}}, {"type": "Feature", "geometry": {"type": "LineString", "coordinates": [[78.3655718, 17.4540219], [78.3655889, 17.4540644], [78.3657058, 17.454355]]}, "properties": {"class": "residential"}}, {"type": "Feature", "geometry": {"type": "LineString", "coordinates": [[78.3823301, 17.4436892], [78.3818623, 17.4437796]]}, "properties": {"class": "residential"}}, {"type": "Feature", "geometry": {"type": "LineString", "coordinates": [[78.3822381, 17.4432824], [78.381804, 17.4433762]]}, "properties": {"class": "residential"}}, {"type": "Feature", "geometry": {"type": "LineString", "coordinates": [[78.3713845, 17.4328093], [78.3715564, 17.4330135], [78.3716626, 17.4331302], [78.3717064, 17.4331667]]}, "properties": {"class": "residential"}}, {"type": "Feature", "geometry": {"type": "LineString", "coordinates": [[78.3737116, 17.4341126], [78.3736418, 17.4340282], [78.3735265, 17.43389], [78.373493, 17.433858], [78.3734702, 17.4338452], [78.373435, 17.4338369]]}, "properties": {"class": "residential"}}, {"type": "Feature", "geometry": {"type": "LineString", "coordinates": [[78.3789515, 17.4460119], [78.3787608, 17.4461381], [78.3785623, 17.4462763], [78.3784603, 17.446353]]}, "properties": {"class": "residential"}}, {"type": "Feature", "geometry": {"type": "LineString", "coordinates": [[78.3971789, 17.4582616], [78.3976601, 17.458272], [78.3979191, 17.4582019], [78.3979541, 17.4581966]]}, "properties": {"class": "residential"}}, {"type": "Feature", "geometry": {"type": "LineString", "coordinates": [[78.3998562, 17.4667354], [78.4003321, 17.4665067]]}, "properties": {"class": "residential"}}, {"type": "Feature", "geometry": {"type": "LineString", "coordinates": [[78.3777478, 17.4650266], [78.3770792, 17.465042]]}, "properties": {"class": "residential"}}, {"type": "Feature", "geometry": {"type": "LineString", "coordinates": [[78.3745999, 17.4665319], [78.3740173, 17.4663045], [78.3739972, 17.4662945], [78.3739687, 17.4662757], [78.3739563, 17.4662642], [78.3738711, 17.4661791], [78.3737786, 17.4660691], [78.3737089, 17.4659591], [78.3736844, 17.465889], [78.3736807, 17.4658292], [78.3736841, 17.4658155], [78.3736901, 17.4658078], [78.3737035, 17.465803], [78.3739354, 17.4657918], [78.3739584, 17.4657991], [78.3739723, 17.4658181], [78.374002, 17.4659989], [78.3743982, 17.4660167], [78.3745841, 17.4660218], [78.3746034, 17.4660269], [78.3746088, 17.4660439], [78.3746005, 17.466498], [78.3745999, 17.4665319]]}, "properties": {"class": "residential"}}, {"type": "Feature", "geometry": {"type": "LineString", "coordinates": [[78.3708235, 17.4659844], [78.3702719, 17.4659754], [78.3702589, 17.4660484], [78.3702395, 17.466064], [78.3702197, 17.4660735], [78.3701432, 17.466065], [78.3701003, 17.4660828], [78.3700681, 17.4661023], [78.3699707, 17.4661784], [78.3699356, 17.4661964], [78.3698915, 17.4662062], [78.3696602, 17.4662192]]}, "properties": {"class": "residential"}}, {"type": "Feature", "geometry": {"type": "LineString", "coordinates": [[78.3917753, 17.453117], [78.3923294, 17.4531095], [78.3925476, 17.4531083], [78.3927011, 17.4531049], [78.3929207, 17.4531251], [78.3929484, 17.4533869]]}, "properties": {"class": "residential"}}, {"type": "Feature", "geometry": {"type": "LineString", "coordinates": [[78.3525556, 17.4459479], [78.3526494, 17.4459005], [78.3530122, 17.445717], [78.3535048, 17.4453776], [78.3538839, 17.4450863], [78.3539952, 17.4450008]]}, "properties": {"class": "residential"}}, {"type": "Feature", "geometry": {"type": "LineString", "coordinates": [[78.3510706, 17.4229611], [78.3512867, 17.4229501], [78.3515418, 17.4229256], [78.3518275, 17.4228867], [78.3522375, 17.4228207], [78.3524568, 17.4227874], [78.352578, 17.422761], [78.3527416, 17.422689], [78.3529984, 17.4224872]]}, "properties": {"class": "secondary"}}, {"type": "Feature", "geometry": {"type": "LineString", "coordinates": [[78.3749448, 17.4288035], [78.3748444, 17.4287663], [78.3747386, 17.4287763], [78.3746716, 17.4288036], [78.3745227, 17.4288942]]}, "properties": {"class": "primary"}}, {"type": "Feature", "geometry": {"type": "LineString", "coordinates": [[78.3750297, 17.4290749], [78.3749448, 17.4288035]]}, "properties": {"class": "primary"}}, {"type": "Feature", "geometry": {"type": "LineString", "coordinates": [[78.3746717, 17.4291035], [78.3747484, 17.4292346], [78.3748184, 17.4293542]]}, "properties": {"class": "primary"}}, {"type": "Feature", "geometry": {"type": "LineString", "coordinates": [[78.3629902, 17.4393503], [78.363336, 17.4391297], [78.3634783, 17.439039]]}, "properties": {"class": "primary"}}, {"type": "Feature", "geometry": {"type": "LineString", "coordinates": [[78.3635615, 17.4386325], [78.363255, 17.4388291]]}, "properties": {"class": "primary"}}, {"type": "Feature", "geometry": {"type": "LineString", "coordinates": [[78.3637331, 17.4384714], [78.3636747, 17.438486], [78.3636238, 17.438517], [78.3635853, 17.4385614], [78.3635629, 17.4386149]]}, "properties": {"class": "motorway"}}, {"type": "Feature", "geometry": {"type": "LineString", "coordinates": [[78.3637628, 17.43884], [78.3637633, 17.4390958], [78.3637331, 17.4392205]]}, "properties": {"class": "primary"}}, {"type": "Feature", "geometry": {"type": "LineString", "coordinates": [[78.3637331, 17.4384714], [78.363576, 17.43823]]}, "properties": {"class": "motorway"}}, {"type": "Feature", "geometry": {"type": "LineString", "coordinates": [[78.3534468, 17.4674798], [78.3538868, 17.467488]]}, "properties": {"class": "residential"}}, {"type": "Feature", "geometry": {"type": "LineString", "coordinates": [[78.3534717, 17.466453], [78.3534221, 17.4662278], [78.3530463, 17.4656694], [78.3528522, 17.4655548], [78.3527872, 17.4655523], [78.3526677, 17.4655476], [78.3526292, 17.4655461]]}, "properties": {"class": "residential"}}, {"type": "Feature", "geometry": {"type": "LineString", "coordinates": [[78.3534359, 17.4679304], [78.3538885, 17.4679408]]}, "properties": {"class": "residential"}}, {"type": "Feature", "geometry": {"type": "LineString", "coordinates": [[78.3778154, 17.4338046], [78.3758937, 17.4335897]]}, "properties": {"class": "tertiary"}}, {"type": "Feature", "geometry": {"type": "LineString", "coordinates": [[78.3611408, 17.4494898], [78.3611393, 17.4494131], [78.3611398, 17.4493912], [78.3611422, 17.4493688], [78.3611487, 17.4493394], [78.36116, 17.4493132], [78.3611722, 17.4492941], [78.3611951, 17.44927], [78.3612173, 17.4492537], [78.3612405, 17.4492387], [78.3612641, 17.4492257], [78.3612955, 17.4492119], [78.3613323, 17.449201], [78.3613904, 17.4491846]]}, "properties": {"class": "residential"}}, {"type": "Feature", "geometry": {"type": "LineString", "coordinates": [[78.408636, 17.4035995], [78.4047451, 17.4054271], [78.404336, 17.4056319], [78.4039227, 17.4058246], [78.403528, 17.4060538], [78.4032978, 17.4062651], [78.4030337, 17.4065422], [78.4028506, 17.4067477], [78.4026657, 17.4069101], [78.4023525, 17.4070846], [78.4019103, 17.407304], [78.401542, 17.4075193], [78.4011779, 17.4077331], [78.4004824, 17.4082358], [78.3999339, 17.4087085], [78.3995103, 17.4090521], [78.3989379, 17.4095212], [78.3984137, 17.4099201], [78.397725, 17.410469], [78.3974241, 17.4107067], [78.3966211, 17.4113498], [78.396023, 17.4118647], [78.3953505, 17.4124473], [78.3950125, 17.4128148], [78.3949012, 17.4129443], [78.3947489, 17.4131767], [78.3945896, 17.4134857], [78.3943583, 17.4139407], [78.3942614, 17.4140817], [78.3941335, 17.4142007], [78.393953, 17.4143456], [78.3936946, 17.4145072], [78.3932642, 17.4148078], [78.3930596, 17.4149697], [78.3928235, 17.415162], [78.3926082, 17.4153861], [78.3923535, 17.4156471], [78.3918338, 17.4162231], [78.3916415, 17.4163818], [78.3913849, 17.4165519], [78.3903701, 17.4171002], [78.38753, 17.4188339]]}, "properties": {"class": "primary"}}, {"type": "Feature", "geometry": {"type": "LineString", "coordinates": [[78.385392, 17.4634039], [78.3855444, 17.4633516]]}, "properties": {"class": "secondary"}}, {"type": "Feature", "geometry": {"type": "LineString", "coordinates": [[78.3970211, 17.4388293], [78.3970833, 17.4389474]]}, "properties": {"class": "primary"}}, {"type": "Feature", "geometry": {"type": "LineString", "coordinates": [[78.3704127, 17.4574792], [78.3707055, 17.4573759]]}, "properties": {"class": "residential"}}, {"type": "Feature", "geometry": {"type": "LineString", "coordinates": [[78.3896616, 17.4404342], [78.3898157, 17.4407744], [78.3898822, 17.4409437], [78.38999, 17.4412303]]}, "properties": {"class": "secondary"}}, {"type": "Feature", "geometry": {"type": "LineString", "coordinates": [[78.3925607, 17.4398349], [78.3922131, 17.4398989]]}, "properties": {"class": "residential"}}, {"type": "Feature", "geometry": {"type": "LineString", "coordinates": [[78.3648019, 17.4549164], [78.3648131, 17.4549216], [78.3648782, 17.4548991], [78.3649005, 17.4548956], [78.364913, 17.4549008], [78.3649528, 17.4549378], [78.3649678, 17.4549589], [78.3650909, 17.4552474], [78.3651023, 17.4552621], [78.3651225, 17.4552692], [78.3651513, 17.455264]]}, "properties": {"class": "residential"}}, {"type": "Feature", "geometry": {"type": "LineString", "coordinates": [[78.3957581, 17.4493174], [78.3951737, 17.4495298], [78.395359, 17.4500456], [78.3955157, 17.4505033]]}, "properties": {"class": "residential"}}, {"type": "Feature", "geometry": {"type": "LineString", "coordinates": [[78.3730265, 17.4304381], [78.3729826, 17.4303857], [78.3729373, 17.4303316], [78.3727151, 17.430066], [78.3722128, 17.4294735], [78.3720719, 17.429277], [78.3720467, 17.4292159], [78.3720271, 17.4291301], [78.3720313, 17.4290281], [78.3720342, 17.4288151], [78.3720466, 17.428624], [78.3721741, 17.4277815], [78.3721811, 17.4274768], [78.3721725, 17.4273929], [78.3721581, 17.4272731], [78.3720349, 17.4267846], [78.3717865, 17.4259207], [78.3716592, 17.4255903], [78.3714656, 17.425088], [78.3714133, 17.4248106], [78.3714003, 17.4246886], [78.3714096, 17.4244935], [78.3714237, 17.4242767], [78.3714797, 17.4238599], [78.3715785, 17.4230569], [78.3716566, 17.4224068], [78.3716203, 17.4216614]]}, "properties": {"class": "tertiary"}}, {"type": "Feature", "geometry": {"type": "LineString", "coordinates": [[78.370766, 17.4181855], [78.3710174, 17.4182324], [78.3714585, 17.4183688], [78.3716517, 17.4184281], [78.3720922, 17.4186326]]}, "properties": {"class": "secondary"}}, {"type": "Feature", "geometry": {"type": "LineString", "coordinates": [[78.3716203, 17.4216614], [78.3716185, 17.4214431], [78.3716414, 17.4213227], [78.3717481, 17.4211891], [78.3718636, 17.42108], [78.3719187, 17.4210468], [78.3721286, 17.4209455], [78.3722474, 17.4208758], [78.3723351, 17.4207961], [78.3723962, 17.4206635], [78.3724089, 17.4205771], [78.3724019, 17.420506], [78.3723773, 17.4204097], [78.3723593, 17.4203357], [78.3721377, 17.4196561], [78.3718969, 17.4190222], [78.3718806, 17.4189514], [78.3719097, 17.4188604], [78.3720922, 17.4186326]]}, "properties": {"class": "tertiary"}}, {"type": "Feature", "geometry": {"type": "LineString", "coordinates": [[78.3715759, 17.4212895], [78.3715426, 17.4213779], [78.3715329, 17.4214688], [78.3715284, 17.4216567], [78.3715637, 17.4225249], [78.3714475, 17.4234281], [78.3713222, 17.4242864], [78.3712993, 17.4245793], [78.3713172, 17.4249267], [78.3715575, 17.4256364], [78.3717324, 17.426153], [78.3720464, 17.4272586], [78.3720619, 17.4273382], [78.3720764, 17.4274476], [78.3720833, 17.4276842], [78.3719847, 17.4282684], [78.37194, 17.4287665], [78.3719494, 17.4292454]]}, "properties": {"class": "tertiary"}}, {"type": "Feature", "geometry": {"type": "LineString", "coordinates": [[78.3723429, 17.4187516], [78.3722619, 17.4189128], [78.3722318, 17.4189921], [78.3722198, 17.4190146], [78.3720486, 17.4191104], [78.3720425, 17.4191236], [78.3720454, 17.419136], [78.372332, 17.4198755], [78.3723402, 17.4198858], [78.3723559, 17.4198859], [78.3726241, 17.4197946], [78.3726352, 17.4197834], [78.3726361, 17.4197694], [78.3725793, 17.4194431], [78.372542, 17.4193307], [78.3724895, 17.4192323], [78.3723981, 17.4191412], [78.372315, 17.4190899], [78.372267, 17.4190579], [78.3722198, 17.4190146]]}, "properties": {"class": "residential"}}, {"type": "Feature", "geometry": {"type": "LineString", "coordinates": [[78.3717481, 17.4211891], [78.3716781, 17.4211424], [78.3714613, 17.4210994], [78.3712112, 17.4210659], [78.3707458, 17.4210674], [78.3701864, 17.4211822], [78.3693929, 17.4214175], [78.3686032, 17.4216434], [78.3679333, 17.4218567], [78.3672655, 17.4220682], [78.366837, 17.422205], [78.3664299, 17.4222932], [78.3647827, 17.4226412], [78.3647611, 17.4226462]]}, "properties": {"class": "tertiary"}}, {"type": "Feature", "geometry": {"type": "LineString", "coordinates": [[78.3721742, 17.4295808], [78.3720063, 17.4296937]]}, "properties": {"class": "residential"}}, {"type": "Feature", "geometry": {"type": "LineString", "coordinates": [[78.3719494, 17.4292454], [78.3719636, 17.4292883], [78.3721742, 17.4295808], [78.3724739, 17.4299452], [78.3728209, 17.4303743], [78.3728874, 17.4304593], [78.3729285, 17.4305118]]}, "properties": {"class": "tertiary"}}, {"type": "Feature", "geometry": {"type": "LineString", "coordinates": [[78.3791856, 17.4637872], [78.3792684, 17.4638005], [78.3823532, 17.4632225], [78.3824133, 17.4632112], [78.3847812, 17.4628736], [78.3848588, 17.4628383]]}, "properties": {"class": "tertiary"}}, {"type": "Feature", "geometry": {"type": "LineString", "coordinates": [[78.3824133, 17.4632112], [78.3823963, 17.4631519]]}, "properties": {"class": "residential"}}, {"type": "Feature", "geometry": {"type": "LineString", "coordinates": [[78.3784926, 17.4640454], [78.3789788, 17.4638593], [78.3790957, 17.4638185]]}, "properties": {"class": "residential"}}, {"type": "Feature", "geometry": {"type": "LineString", "coordinates": [[78.3793261, 17.4659847], [78.3793359, 17.4646571], [78.3791823, 17.4639857], [78.3791283, 17.4639264]]}, "properties": {"class": "tertiary"}}, {"type": "Feature", "geometry": {"type": "LineString", "coordinates": [[78.3934821, 17.4383981], [78.3933033, 17.4384852]]}, "properties": {"class": "residential"}}, {"type": "Feature", "geometry": {"type": "LineString", "coordinates": [[78.3926005, 17.4402431], [78.3925607, 17.4398349]]}, "properties": {"class": "residential"}}, {"type": "Feature", "geometry": {"type": "LineString", "coordinates": [[78.3922469, 17.4402923], [78.3922131, 17.4398989]]}, "properties": {"class": "residential"}}, {"type": "Feature", "geometry": {"type": "LineString", "coordinates": [[78.3970493, 17.4612561], [78.3972799, 17.4616799], [78.397422, 17.4619503], [78.397606, 17.4622872], [78.3977392, 17.4625122]]}, "properties": {"class": "tertiary"}}, {"type": "Feature", "geometry": {"type": "LineString", "coordinates": [[78.3983845, 17.4676616], [78.3983956, 17.467576], [78.3984704, 17.4670862], [78.3985234, 17.4666954]]}, "properties": {"class": "tertiary"}}, {"type": "Feature", "geometry": {"type": "LineString", "coordinates": [[78.3985835, 17.4635588], [78.3986601, 17.4636881], [78.3987408, 17.4638714], [78.3987832, 17.4640649], [78.3987875, 17.4642423], [78.3987622, 17.4645319], [78.3987199, 17.4648332], [78.398649, 17.4653082], [78.3984728, 17.4663816]]}, "properties": {"class": "tertiary"}}, {"type": "Feature", "geometry": {"type": "LineString", "coordinates": [[78.3986996, 17.465489], [78.3987541, 17.4651095]]}, "properties": {"class": "tertiary"}}, {"type": "Feature", "geometry": {"type": "LineString", "coordinates": [[78.3981263, 17.4629114], [78.3980135, 17.4627516], [78.3979633, 17.4626798], [78.3978584, 17.462545], [78.3977024, 17.4623113], [78.3975644, 17.4620443], [78.3973317, 17.461611], [78.3971168, 17.4612134], [78.3969351, 17.4608894], [78.3967281, 17.4605042]]}, "properties": {"class": "tertiary"}}, {"type": "Feature", "geometry": {"type": "LineString", "coordinates": [[78.3966632, 17.4605445], [78.3970493, 17.4612561]]}, "properties": {"class": "tertiary"}}, {"type": "Feature", "geometry": {"type": "LineString", "coordinates": [[78.3964681, 17.4599961], [78.3971015, 17.4597287], [78.3976469, 17.4594878]]}, "properties": {"class": "residential"}}, {"type": "Feature", "geometry": {"type": "LineString", "coordinates": [[78.3961205, 17.4595134], [78.3961652, 17.4595871], [78.3963677, 17.4600043]]}, "properties": {"class": "tertiary"}}, {"type": "Feature", "geometry": {"type": "LineString", "coordinates": [[78.3690723, 17.4674782], [78.3689634, 17.4673312], [78.3686557, 17.4669078], [78.3686313, 17.4668935], [78.3686042, 17.4669026], [78.3683446, 17.4670652], [78.3679932, 17.4672722], [78.3679824, 17.4672862], [78.367982, 17.4673058], [78.3682971, 17.4677756], [78.3686132, 17.468247], [78.3686279, 17.4682594], [78.368653, 17.468258], [78.3689659, 17.4680652], [78.3690177, 17.468034], [78.3690886, 17.4679914]]}, "properties": {"class": "residential"}}, {"type": "Feature", "geometry": {"type": "LineString", "coordinates": [[78.3689634, 17.4673312], [78.368664, 17.4675283], [78.3682971, 17.4677756]]}, "properties": {"class": "residential"}}, {"type": "Feature", "geometry": {"type": "LineString", "coordinates": [[78.368664, 17.4675283], [78.3687699, 17.4676807], [78.3690723, 17.4674782], [78.3690844, 17.4674953], [78.3693016, 17.4678012], [78.3693073, 17.4678306], [78.3692916, 17.4678517], [78.3690886, 17.4679914]]}, "properties": {"class": "residential"}}, {"type": "Feature", "geometry": {"type": "LineString", "coordinates": [[78.3711352, 17.4671864], [78.3711442, 17.4672059], [78.3711482, 17.4672147], [78.3712984, 17.4675575]]}, "properties": {"class": "residential"}}, {"type": "Feature", "geometry": {"type": "LineString", "coordinates": [[78.398733, 17.4541679], [78.3987538, 17.4544492], [78.3988616, 17.4547083]]}, "properties": {"class": "residential"}}, {"type": "Feature", "geometry": {"type": "LineString", "coordinates": [[78.4009126, 17.4578035], [78.4010663, 17.4579376], [78.4011403, 17.4580418]]}, "properties": {"class": "residential"}}, {"type": "Feature", "geometry": {"type": "LineString", "coordinates": [[78.3885359, 17.4476263], [78.3884679, 17.4475908]]}, "properties": {"class": "residential"}}, {"type": "Feature", "geometry": {"type": "LineString", "coordinates": [[78.3610702, 17.443168], [78.3607577, 17.4432837]]}, "properties": {"class": "residential"}}, {"type": "Feature", "geometry": {"type": "LineString", "coordinates": [[78.3710756, 17.4670543], [78.3710419, 17.4669791], [78.3710357, 17.4669651]]}, "properties": {"class": "residential"}}, {"type": "Feature", "geometry": {"type": "LineString", "coordinates": [[78.3710357, 17.4669651], [78.370794, 17.4664641], [78.3707552, 17.4664221], [78.3706984, 17.4664288], [78.3693866, 17.4670015], [78.3693722, 17.4670191], [78.3693671, 17.4670472], [78.3696488, 17.467563]]}, "properties": {"class": "residential"}}, {"type": "Feature", "geometry": {"type": "LineString", "coordinates": [[78.3710357, 17.4669651], [78.3703605, 17.4672562], [78.3696488, 17.467563]]}, "properties": {"class": "residential"}}, {"type": "Feature", "geometry": {"type": "LineString", "coordinates": [[78.370389, 17.4673183], [78.3703605, 17.4672562]]}, "properties": {"class": "residential"}}, {"type": "Feature", "geometry": {"type": "LineString", "coordinates": [[78.3977002, 17.4589204], [78.3976393, 17.4589148], [78.3971814, 17.4590776]]}, "properties": {"class": "residential"}}, {"type": "Feature", "geometry": {"type": "LineString", "coordinates": [[78.3586236, 17.4471183], [78.359055, 17.4471268]]}, "properties": {"class": "residential"}}, {"type": "Feature", "geometry": {"type": "LineString", "coordinates": [[78.3946191, 17.4502246], [78.3950799, 17.4502528]]}, "properties": {"class": "residential"}}, {"type": "Feature", "geometry": {"type": "LineString", "coordinates": [[78.3819956, 17.444208], [78.38243, 17.4441019]]}, "properties": {"class": "residential"}}, {"type": "Feature", "geometry": {"type": "LineString", "coordinates": [[78.3945231, 17.4246545], [78.3940082, 17.4242365], [78.393513, 17.4238178], [78.3932074, 17.4235562], [78.3931616, 17.4235227], [78.3926322, 17.4232215], [78.3925762, 17.4231836], [78.3924622, 17.4231061], [78.3922405, 17.4229357], [78.3921447, 17.4228515], [78.3920721, 17.4227833], [78.3920021, 17.4227129], [78.3919412, 17.4226423], [78.3918651, 17.4225568], [78.3917931, 17.4224607], [78.3917358, 17.4223777], [78.3916747, 17.4222702], [78.3916376, 17.4221992], [78.3916051, 17.422126], [78.3915648, 17.4220255], [78.391513, 17.4218911], [78.3914614, 17.4217335], [78.3912665, 17.4211628], [78.3911207, 17.4207553], [78.391067, 17.420629], [78.3909813, 17.4204676], [78.3908925, 17.4203149], [78.3905749, 17.4197986], [78.3903612, 17.4194472], [78.3902857, 17.4193193], [78.3900212, 17.4187582], [78.389817, 17.4183274], [78.3897322, 17.4181396], [78.3897072, 17.4180736], [78.3896062, 17.4177916]]}, "properties": {"class": "secondary"}}, {"type": "Feature", "geometry": {"type": "LineString", "coordinates": [[78.3987289, 17.4261229], [78.3978304, 17.4259271], [78.3972533, 17.4257838], [78.3964821, 17.4255935]]}, "properties": {"class": "secondary"}}, {"type": "Feature", "geometry": {"type": "LineString", "coordinates": [[78.39261, 17.4250953], [78.3925429, 17.4249084], [78.3924249, 17.4248457], [78.3920695, 17.4245745], [78.3916145, 17.4241584], [78.3924062, 17.423173], [78.3924622, 17.4231061]]}, "properties": {"class": "residential"}}, {"type": "Feature", "geometry": {"type": "LineString", "coordinates": [[78.394741, 17.4248574], [78.3948134, 17.4249069]]}, "properties": {"class": "secondary"}}, {"type": "Feature", "geometry": {"type": "LineString", "coordinates": [[78.3964618, 17.425673], [78.3977696, 17.4259769], [78.3987124, 17.4261846]]}, "properties": {"class": "secondary"}}, {"type": "Feature", "geometry": {"type": "LineString", "coordinates": [[78.3721977, 17.467196], [78.3714336, 17.4674775]]}, "properties": {"class": "residential"}}, {"type": "Feature", "geometry": {"type": "LineString", "coordinates": [[78.3760987, 17.4543459], [78.3764484, 17.4543655]]}, "properties": {"class": "residential"}}, {"type": "Feature", "geometry": {"type": "LineString", "coordinates": [[78.387593, 17.4189139], [78.3903632, 17.4172205]]}, "properties": {"class": "primary"}}, {"type": "Feature", "geometry": {"type": "LineString", "coordinates": [[78.3860701, 17.4200597], [78.3864295, 17.4197864], [78.3873698, 17.4190813]]}, "properties": {"class": "primary"}}, {"type": "Feature", "geometry": {"type": "LineString", "coordinates": [[78.4000052, 17.4368725], [78.3996571, 17.4367491]]}, "properties": {"class": "residential"}}, {"type": "Feature", "geometry": {"type": "LineString", "coordinates": [[78.3934821, 17.4383981], [78.3936794, 17.4388866], [78.3939052, 17.4393202], [78.3940151, 17.4396174], [78.3941281, 17.4395834]]}, "properties": {"class": "residential"}}, {"type": "Feature", "geometry": {"type": "LineString", "coordinates": [[78.3942075, 17.439863], [78.3935912, 17.4400569]]}, "properties": {"class": "residential"}}, {"type": "Feature", "geometry": {"type": "LineString", "coordinates": [[78.3991918, 17.4388586], [78.3989365, 17.4391433], [78.3987307, 17.4394048], [78.3984152, 17.4397926], [78.3982606, 17.4399951], [78.3980496, 17.4402714], [78.3978823, 17.44049], [78.3975377, 17.4409697], [78.3974465, 17.4410966], [78.3971806, 17.4414534], [78.3970624, 17.4415649]]}, "properties": {"class": "secondary"}}, {"type": "Feature", "geometry": {"type": "LineString", "coordinates": [[78.3653439, 17.4469611], [78.365297, 17.446978], [78.3635601, 17.4470949]]}, "properties": {"class": "secondary"}}, {"type": "Feature", "geometry": {"type": "LineString", "coordinates": [[78.3589823, 17.4424272], [78.3587181, 17.4418481]]}, "properties": {"class": "residential"}}, {"type": "Feature", "geometry": {"type": "LineString", "coordinates": [[78.3805748, 17.4520113], [78.3800073, 17.4526369]]}, "properties": {"class": "primary"}}, {"type": "Feature", "geometry": {"type": "LineString", "coordinates": [[78.3702656, 17.4683649], [78.3697592, 17.4677827], [78.3695355, 17.4679472], [78.3697963, 17.4682588]]}, "properties": {"class": "residential"}}, {"type": "Feature", "geometry": {"type": "LineString", "coordinates": [[78.3962346, 17.4421969], [78.396637, 17.4419669], [78.3969847, 17.4417578], [78.3971536, 17.4416378], [78.39726, 17.4415144], [78.3973435, 17.4413972], [78.3976172, 17.4410256], [78.3977193, 17.4408871], [78.3980896, 17.4404018], [78.398295, 17.4401327], [78.398348, 17.4400633], [78.3984816, 17.4398883], [78.3988006, 17.439461], [78.3988408, 17.4394072], [78.399154, 17.4390379], [78.3992726, 17.4389145]]}, "properties": {"class": "secondary"}}, {"type": "Feature", "geometry": {"type": "LineString", "coordinates": [[78.3961205, 17.4595134], [78.3960611, 17.4595418]]}, "properties": {"class": "secondary"}}, {"type": "Feature", "geometry": {"type": "LineString", "coordinates": [[78.3961966, 17.4594797], [78.3960803, 17.4594252], [78.3961205, 17.4595134]]}, "properties": {"class": "residential"}}, {"type": "Feature", "geometry": {"type": "LineString", "coordinates": [[78.3971436, 17.4571057], [78.3976435, 17.457102]]}, "properties": {"class": "residential"}}, {"type": "Feature", "geometry": {"type": "LineString", "coordinates": [[78.370687, 17.4375442], [78.3706769, 17.4375577], [78.3701851, 17.4378144], [78.3701652, 17.4378182], [78.3701506, 17.4378079], [78.3699218, 17.4374502], [78.3699219, 17.4374292], [78.3699386, 17.4374139], [78.3704283, 17.4371451], [78.3704532, 17.4371415], [78.3704739, 17.4371561], [78.3706544, 17.4374763], [78.3706819, 17.4375251], [78.370687, 17.4375442]]}, "properties": {"class": "residential"}}, {"type": "Feature", "geometry": {"type": "LineString", "coordinates": [[78.3851506, 17.4616412], [78.3849407, 17.4616705], [78.3844549, 17.4617382], [78.3840253, 17.4617981], [78.3832348, 17.4619083], [78.3830253, 17.4619376]]}, "properties": {"class": "residential"}}, {"type": "Feature", "geometry": {"type": "LineString", "coordinates": [[78.3830253, 17.4619376], [78.3821995, 17.462078]]}, "properties": {"class": "residential"}}, {"type": "Feature", "geometry": {"type": "LineString", "coordinates": [[78.3777557, 17.4665451], [78.3775699, 17.4665463], [78.3772078, 17.4665439], [78.3768572, 17.4665228], [78.3765511, 17.4665413], [78.3757393, 17.4665395]]}, "properties": {"class": "residential"}}, {"type": "Feature", "geometry": {"type": "LineString", "coordinates": [[78.3756173, 17.4644039], [78.3755997, 17.4645228], [78.3755595, 17.4647264], [78.3755326, 17.4651676], [78.3755409, 17.4658805], [78.3755447, 17.4659369], [78.3755467, 17.4665407]]}, "properties": {"class": "tertiary"}}, {"type": "Feature", "geometry": {"type": "LineString", "coordinates": [[78.3757067, 17.4676911], [78.3757473, 17.4676068], [78.3757514, 17.4675544], [78.375751, 17.467527], [78.3757449, 17.4671181], [78.3757393, 17.4665395]]}, "properties": {"class": "tertiary"}}, {"type": "Feature", "geometry": {"type": "LineString", "coordinates": [[78.3757393, 17.4665395], [78.3757422, 17.4659013]]}, "properties": {"class": "tertiary"}}, {"type": "Feature", "geometry": {"type": "LineString", "coordinates": [[78.3757422, 17.4659013], [78.3757183, 17.4651724]]}, "properties": {"class": "tertiary"}}, {"type": "Feature", "geometry": {"type": "LineString", "coordinates": [[78.3757422, 17.4659013], [78.3756336, 17.4659057]]}, "properties": {"class": "tertiary"}}, {"type": "Feature", "geometry": {"type": "LineString", "coordinates": [[78.3859174, 17.4524235], [78.3847235, 17.4525502], [78.3840625, 17.4526132], [78.3835802, 17.4526474]]}, "properties": {"class": "secondary"}}, {"type": "Feature", "geometry": {"type": "LineString", "coordinates": [[78.3780158, 17.4325339], [78.3778553, 17.4325101], [78.3777843, 17.4324996], [78.3780201, 17.4308317], [78.378012, 17.4307425], [78.3779835, 17.4306727], [78.3779103, 17.4306572], [78.3776664, 17.4306339], [78.3776176, 17.4306184], [78.377577, 17.4305757], [78.3775729, 17.4305137], [78.377581, 17.4304477], [78.3775566, 17.4304051], [78.3775079, 17.4303818], [78.3771826, 17.4303391], [78.3771216, 17.4303507], [78.3770688, 17.4303857], [78.3770525, 17.4304787], [78.3770281, 17.4305059], [78.3769712, 17.4305331], [78.3769021, 17.4305292], [78.3766582, 17.430502], [78.3765931, 17.4305137], [78.3765565, 17.4305524], [78.3765484, 17.43063], [78.3761825, 17.4331008], [78.3762191, 17.433159], [78.3762801, 17.43319], [78.3763655, 17.4332094], [78.376563, 17.4332383], [78.3765902, 17.4332368], [78.3766309, 17.4332194], [78.3766692, 17.4331962], [78.376702, 17.4331953], [78.3770512, 17.433243], [78.3770936, 17.4332518], [78.3771447, 17.4332871], [78.3771847, 17.4333313], [78.3776618, 17.4333798], [78.377724, 17.4333871], [78.3778784, 17.4334052]]}, "properties": {"class": "residential"}}, {"type": "Feature", "geometry": {"type": "LineString", "coordinates": [[78.3777843, 17.4324996], [78.3776618, 17.4333798]]}, "properties": {"class": "residential"}}, {"type": "Feature", "geometry": {"type": "LineString", "coordinates": [[78.4006196, 17.426567], [78.4003049, 17.4251477]]}, "properties": {"class": "tertiary"}}, {"type": "Feature", "geometry": {"type": "LineString", "coordinates": [[78.4047451, 17.4231968], [78.404642, 17.4232274], [78.4040604, 17.4236413], [78.4040032, 17.4236771], [78.4039125, 17.4237238], [78.4037954, 17.4237722], [78.4037283, 17.4238], [78.4022661, 17.4242999], [78.4019827, 17.4243968], [78.4009414, 17.4247527], [78.400303, 17.4249815], [78.4002328, 17.4250003], [78.4001259, 17.4250693]]}, "properties": {"class": "residential"}}, {"type": "Feature", "geometry": {"type": "LineString", "coordinates": [[78.4001259, 17.4250693], [78.400247, 17.4250591], [78.4003171, 17.4250417], [78.4009634, 17.4248261], [78.4022964, 17.424378], [78.4037017, 17.4239071], [78.4038313, 17.4238604], [78.4039017, 17.4238298], [78.4040935, 17.4237245], [78.4047034, 17.4232935], [78.4047451, 17.4231968]]}, "properties": {"class": "residential"}}, {"type": "Feature", "geometry": {"type": "LineString", "coordinates": [[78.3613565, 17.4200115], [78.3608123, 17.4201656], [78.3602811, 17.4203161]]}, "properties": {"class": "residential"}}, {"type": "Feature", "geometry": {"type": "LineString", "coordinates": [[78.3622407, 17.420202], [78.3622371, 17.4201481], [78.3622231, 17.4200157]]}, "properties": {"class": "residential"}}, {"type": "Feature", "geometry": {"type": "LineString", "coordinates": [[78.3674256, 17.4649665], [78.3674122, 17.4648995], [78.3673287, 17.4644824], [78.3672507, 17.4640227], [78.3672373, 17.463944]]}, "properties": {"class": "primary"}}, {"type": "Feature", "geometry": {"type": "LineString", "coordinates": [[78.3925607, 17.4398349], [78.392915, 17.4397844]]}, "properties": {"class": "residential"}}, {"type": "Feature", "geometry": {"type": "LineString", "coordinates": [[78.3643927, 17.4566763], [78.3629434, 17.4572628]]}, "properties": {"class": "residential"}}, {"type": "Feature", "geometry": {"type": "LineString", "coordinates": [[78.3987027, 17.4667208], [78.3988694, 17.4664884], [78.3989751, 17.4659665], [78.3990195, 17.4652235]]}, "properties": {"class": "residential"}}, {"type": "Feature", "geometry": {"type": "LineString", "coordinates": [[78.3689431, 17.436417], [78.3692284, 17.436209]]}, "properties": {"class": "residential"}}, {"type": "Feature", "geometry": {"type": "LineString", "coordinates": [[78.3580129, 17.4498877], [78.3577044, 17.448699], [78.3576875, 17.4486063]]}, "properties": {"class": "residential"}}, {"type": "Feature", "geometry": {"type": "LineString", "coordinates": [[78.3646082, 17.4381994], [78.3647895, 17.4382556], [78.3648267, 17.4382671], [78.3650225, 17.4383746], [78.3652854, 17.4386561], [78.3656958, 17.4391039], [78.3660729, 17.4395092]]}, "properties": {"class": "primary"}}, {"type": "Feature", "geometry": {"type": "LineString", "coordinates": [[78.3713057, 17.439932], [78.3711407, 17.4399291], [78.3710361, 17.4399355], [78.3708443, 17.4399739], [78.3700544, 17.4401402], [78.3696158, 17.4402576]]}, "properties": {"class": "primary"}}, {"type": "Feature", "geometry": {"type": "LineString", "coordinates": [[78.3659676, 17.4585184], [78.3660404, 17.4586364], [78.3661289, 17.4587618], [78.3662121, 17.45885], [78.3662818, 17.4588948], [78.3663422, 17.4589172], [78.3663958, 17.4589217], [78.3664696, 17.458914], [78.366534, 17.4588999], [78.3669698, 17.4587605], [78.3676672, 17.4585839], [78.3680642, 17.45852], [78.3695671, 17.4583012]]}, "properties": {"class": "primary"}}, {"type": "Feature", "geometry": {"type": "LineString", "coordinates": [[78.364551, 17.456094], [78.3644679, 17.455959], [78.3641904, 17.4555086], [78.3641363, 17.4554207], [78.3641084, 17.4553702], [78.3640996, 17.4553565], [78.3640642, 17.4553018]]}, "properties": {"class": "primary"}}, {"type": "Feature", "geometry": {"type": "LineString", "coordinates": [[78.3608156, 17.4569679], [78.3610475, 17.4568402], [78.3612379, 17.4567263], [78.3614968, 17.4565856], [78.3618093, 17.4564462], [78.3625304, 17.4561752], [78.3629653, 17.456015], [78.3633904, 17.4557937], [78.3635902, 17.4556683], [78.3637016, 17.4556171], [78.3637807, 17.4556044], [78.3638638, 17.4556082], [78.3639523, 17.4556299], [78.3640154, 17.455667], [78.364132, 17.4558154], [78.3642688, 17.4560278], [78.3644573, 17.4562671]]}, "properties": {"class": "primary"}}, {"type": "Feature", "geometry": {"type": "LineString", "coordinates": [[78.3659676, 17.4585184], [78.3660421, 17.4590099], [78.3660435, 17.4590174], [78.3660565, 17.4590892], [78.3660847, 17.4592453], [78.3661531, 17.4594782], [78.3662966, 17.4599477], [78.3665273, 17.4605618], [78.3667633, 17.4610274], [78.3669242, 17.4613242], [78.3669698, 17.4614547], [78.367002, 17.4615852], [78.3670342, 17.4617643], [78.367057, 17.4621545], [78.3671254, 17.4632406], [78.367179, 17.4642423], [78.3672716, 17.4647348], [78.3673829, 17.4653361], [78.3674151, 17.4656405], [78.3673936, 17.4660115], [78.3673507, 17.4662341], [78.3672662, 17.4666256], [78.3670999, 17.4670964], [78.3668639, 17.4675799], [78.3665903, 17.468066], [78.3661866, 17.4687364], [78.3657065, 17.4695474], [78.3655133, 17.4699754]]}, "properties": {"class": "primary"}}, {"type": "Feature", "geometry": {"type": "LineString", "coordinates": [[78.3648278, 17.464857], [78.364977, 17.4648322], [78.3650283, 17.4648237]]}, "properties": {"class": "residential"}}, {"type": "Feature", "geometry": {"type": "LineString", "coordinates": [[78.3935828, 17.443108], [78.3935485, 17.4430138], [78.3931872, 17.4420227], [78.3930468, 17.4416378], [78.3927933, 17.4409423]]}, "properties": {"class": "secondary"}}, {"type": "Feature", "geometry": {"type": "LineString", "coordinates": [[78.3550124, 17.4186002], [78.3549938, 17.4186724], [78.3548651, 17.4188029], [78.3548436, 17.4188872], [78.3548443, 17.418941]]}, "properties": {"class": "tertiary"}}, {"type": "Feature", "geometry": {"type": "LineString", "coordinates": [[78.3855623, 17.4366711], [78.3857175, 17.4365964], [78.3858646, 17.4365256], [78.3859683, 17.4364757], [78.3868367, 17.4360578], [78.3868852, 17.4360139], [78.3868792, 17.4359709]]}, "properties": {"class": "tertiary"}}, {"type": "Feature", "geometry": {"type": "LineString", "coordinates": [[78.3684832, 17.4524902], [78.3678022, 17.4526155]]}, "properties": {"class": "residential"}}, {"type": "Feature", "geometry": {"type": "LineString", "coordinates": [[78.3844535, 17.4435314], [78.3848384, 17.4434109]]}, "properties": {"class": "residential"}}, {"type": "Feature", "geometry": {"type": "LineString", "coordinates": [[78.3857421, 17.4453212], [78.3855393, 17.4455462], [78.385332, 17.4457664], [78.3853075, 17.4457945], [78.385062, 17.4460758]]}, "properties": {"class": "tertiary"}}, {"type": "Feature", "geometry": {"type": "LineString", "coordinates": [[78.385062, 17.4460758], [78.3851084, 17.4461098], [78.3851741, 17.4461579]]}, "properties": {"class": "tertiary"}}, {"type": "Feature", "geometry": {"type": "LineString", "coordinates": [[78.3779061, 17.4339406], [78.3779287, 17.4338153], [78.3779651, 17.4336081]]}, "properties": {"class": "tertiary"}}, {"type": "Feature", "geometry": {"type": "LineString", "coordinates": [[78.3864906, 17.442608], [78.3865762, 17.4426452]]}, "properties": {"class": "residential"}}, {"type": "Feature", "geometry": {"type": "LineString", "coordinates": [[78.3734789, 17.4380418], [78.3733864, 17.4381354], [78.3725837, 17.4390015], [78.3722218, 17.439356], [78.3722109, 17.4393667], [78.3720781, 17.4394967], [78.3718233, 17.4396873], [78.371604, 17.4398229], [78.3714987, 17.4398716], [78.3713057, 17.439932]]}, "properties": {"class": "primary"}}, {"type": "Feature", "geometry": {"type": "LineString", "coordinates": [[78.358041, 17.4502028], [78.3581219, 17.4502025]]}, "properties": {"class": "residential"}}, {"type": "Feature", "geometry": {"type": "LineString", "coordinates": [[78.3656332, 17.4597638], [78.3655226, 17.4598401]]}, "properties": {"class": "residential"}}, {"type": "Feature", "geometry": {"type": "LineString", "coordinates": [[78.364953, 17.459759], [78.3647758, 17.4598072]]}, "properties": {"class": "residential"}}, {"type": "Feature", "geometry": {"type": "LineString", "coordinates": [[78.3948529, 17.4352265], [78.3944918, 17.4354126], [78.3944677, 17.4354654]]}, "properties": {"class": "residential"}}, {"type": "Feature", "geometry": {"type": "LineString", "coordinates": [[78.3671299, 17.4684927], [78.3679661, 17.468455], [78.3680982, 17.4684493], [78.3683889, 17.4684628], [78.3685465, 17.468424], [78.3687645, 17.4682703], [78.369012, 17.4681286], [78.3691303, 17.4680619], [78.3693938, 17.4679156], [78.3695746, 17.4677682], [78.3696361, 17.4677296], [78.3697069, 17.4676852], [78.370239, 17.4674548], [78.3704208, 17.4673803], [78.3707166, 17.4672612], [78.3711032, 17.4671177]]}, "properties": {"class": "residential"}}, {"type": "Feature", "geometry": {"type": "LineString", "coordinates": [[78.3670281, 17.4684849], [78.3669242, 17.4684421], [78.3665419, 17.4683692]]}, "properties": {"class": "residential"}}, {"type": "Feature", "geometry": {"type": "LineString", "coordinates": [[78.367178, 17.4685414], [78.3671299, 17.4684927]]}, "properties": {"class": "residential"}}, {"type": "Feature", "geometry": {"type": "LineString", "coordinates": [[78.3670281, 17.4684849], [78.3670191, 17.4685343]]}, "properties": {"class": "residential"}}, {"type": "Feature", "geometry": {"type": "LineString", "coordinates": [[78.3671299, 17.4684927], [78.3670281, 17.4684849]]}, "properties": {"class": "residential"}}, {"type": "Feature", "geometry": {"type": "LineString", "coordinates": [[78.3726756, 17.4187901], [78.3727251, 17.4185726], [78.3727362, 17.4184733], [78.3727023, 17.4182648]]}, "properties": {"class": "residential"}}, {"type": "Feature", "geometry": {"type": "LineString", "coordinates": [[78.3619304, 17.4431809], [78.3618094, 17.4431124], [78.3617933, 17.4432518], [78.3613012, 17.4434469]]}, "properties": {"class": "residential"}}, {"type": "Feature", "geometry": {"type": "LineString", "coordinates": [[78.3870977, 17.4523105], [78.3869756, 17.4515951], [78.3869098, 17.4511027], [78.3869018, 17.4510882], [78.3868891, 17.4510799]]}, "properties": {"class": "residential"}}, {"type": "Feature", "geometry": {"type": "LineString", "coordinates": [[78.3818663, 17.4539162], [78.382365, 17.4536642]]}, "properties": {"class": "residential"}}, {"type": "Feature", "geometry": {"type": "LineString", "coordinates": [[78.3934821, 17.4383981], [78.3935909, 17.4383493], [78.3941546, 17.4381076]]}, "properties": {"class": "residential"}}, {"type": "Feature", "geometry": {"type": "LineString", "coordinates": [[78.3935909, 17.4383493], [78.3933125, 17.4378202], [78.3932618, 17.4377253]]}, "properties": {"class": "residential"}}, {"type": "Feature", "geometry": {"type": "LineString", "coordinates": [[78.3768572, 17.4665228], [78.376853, 17.4662115]]}, "properties": {"class": "residential"}}, {"type": "Feature", "geometry": {"type": "LineString", "coordinates": [[78.3710094, 17.4401667], [78.3713148, 17.4401], [78.3715103, 17.4399744]]}, "properties": {"class": "primary"}}, {"type": "Feature", "geometry": {"type": "LineString", "coordinates": [[78.398241, 17.4574011], [78.3984482, 17.4573155]]}, "properties": {"class": "residential"}}, {"type": "Feature", "geometry": {"type": "LineString", "coordinates": [[78.4007039, 17.4188362], [78.4007068, 17.4187736], [78.4007184, 17.4185193], [78.4007231, 17.4184168], [78.4007291, 17.4182859]]}, "properties": {"class": "residential"}}, {"type": "Feature", "geometry": {"type": "LineString", "coordinates": [[78.3530371, 17.4663527], [78.3528568, 17.4663489], [78.3527431, 17.4663464], [78.3526765, 17.466345], [78.3524181, 17.4663408], [78.3522321, 17.4663476]]}, "properties": {"class": "residential"}}, {"type": "Feature", "geometry": {"type": "LineString", "coordinates": [[78.363255, 17.4388291], [78.3629822, 17.4390427], [78.3628516, 17.439144]]}, "properties": {"class": "primary"}}, {"type": "Feature", "geometry": {"type": "LineString", "coordinates": [[78.3826573, 17.4195012], [78.3826297, 17.4199891], [78.3826277, 17.420088], [78.3826308, 17.4203937]]}, "properties": {"class": "residential"}}, {"type": "Feature", "geometry": {"type": "LineString", "coordinates": [[78.3934768, 17.4419391], [78.3934123, 17.441948], [78.3931872, 17.4420227]]}, "properties": {"class": "residential"}}, {"type": "Feature", "geometry": {"type": "LineString", "coordinates": [[78.3935541, 17.4415], [78.3930468, 17.4416378]]}, "properties": {"class": "residential"}}, {"type": "Feature", "geometry": {"type": "LineString", "coordinates": [[78.3821288, 17.4527726], [78.3822943, 17.4529461]]}, "properties": {"class": "primary"}}, {"type": "Feature", "geometry": {"type": "LineString", "coordinates": [[78.3813145, 17.4222339], [78.3810427, 17.4220486], [78.3807718, 17.4217722], [78.3806499, 17.4216382], [78.3803338, 17.4212607], [78.3801968, 17.4210428], [78.3799092, 17.4206679], [78.3794702, 17.4202335]]}, "properties": {"class": "residential"}}, {"type": "Feature", "geometry": {"type": "LineString", "coordinates": [[78.3636867, 17.4484039], [78.3640994, 17.4483634]]}, "properties": {"class": "residential"}}, {"type": "Feature", "geometry": {"type": "LineString", "coordinates": [[78.3598479, 17.4397673], [78.3598907, 17.4397342]]}, "properties": {"class": "residential"}}, {"type": "Feature", "geometry": {"type": "LineString", "coordinates": [[78.3794291, 17.438071], [78.3795137, 17.4380003]]}, "properties": {"class": "secondary"}}, {"type": "Feature", "geometry": {"type": "LineString", "coordinates": [[78.374002, 17.4659989], [78.3739972, 17.4662945]]}, "properties": {"class": "residential"}}, {"type": "Feature", "geometry": {"type": "LineString", "coordinates": [[78.3778885, 17.4341084], [78.3778934, 17.434023]]}, "properties": {"class": "tertiary"}}, {"type": "Feature", "geometry": {"type": "LineString", "coordinates": [[78.3777798, 17.4342175], [78.3777612, 17.434329], [78.3777093, 17.4348965], [78.3776571, 17.4352682], [78.377643, 17.4353684], [78.377627, 17.4354828], [78.3776312, 17.4357589], [78.377646, 17.4359382], [78.3777579, 17.4361517], [78.3780316, 17.4364821], [78.3782436, 17.436738], [78.3789095, 17.4374944], [78.3789194, 17.4375056], [78.3792715, 17.4378948]]}, "properties": {"class": "tertiary"}}, {"type": "Feature", "geometry": {"type": "LineString", "coordinates": [[78.3643113, 17.4228378], [78.3643465, 17.4228401], [78.3647217, 17.4227532], [78.3647591, 17.4227445], [78.36479, 17.4227373], [78.3651656, 17.4226502], [78.3659852, 17.4224601], [78.3664978, 17.4223794], [78.3668543, 17.4222935], [78.367814, 17.4219903], [78.368912, 17.4216402], [78.3698892, 17.4213615], [78.3702262, 17.4212635], [78.3706129, 17.4211644], [78.3708117, 17.4211451], [78.3710357, 17.421147], [78.3712025, 17.4211666], [78.3713962, 17.4212067], [78.3715759, 17.4212895]]}, "properties": {"class": "tertiary"}}, {"type": "Feature", "geometry": {"type": "LineString", "coordinates": [[78.3827659, 17.4407653], [78.382641, 17.4407809]]}, "properties": {"class": "residential"}}, {"type": "Feature", "geometry": {"type": "LineString", "coordinates": [[78.3744313, 17.4350223], [78.3742418, 17.4351283]]}, "properties": {"class": "residential"}}, {"type": "Feature", "geometry": {"type": "LineString", "coordinates": [[78.3734729, 17.4351987], [78.3734964, 17.4349287], [78.3735031, 17.4349088], [78.3735209, 17.4348911], [78.3738751, 17.4346581], [78.3738923, 17.434653], [78.3739074, 17.4346536], [78.3741164, 17.4346692], [78.3741772, 17.4346735], [78.3741896, 17.4346801], [78.374197, 17.4346946], [78.3741997, 17.4351219], [78.3742001, 17.4351567]]}, "properties": {"class": "residential"}}, {"type": "Feature", "geometry": {"type": "LineString", "coordinates": [[78.3730172, 17.4368852], [78.3730934, 17.4370846], [78.373225, 17.4374289], [78.3733702, 17.4378704], [78.3734212, 17.4379786], [78.3734789, 17.4380418]]}, "properties": {"class": "residential"}}, {"type": "Feature", "geometry": {"type": "LineString", "coordinates": [[78.3726895, 17.4365495], [78.3727138, 17.4365434], [78.372738, 17.4365563], [78.372995, 17.4368355], [78.3729991, 17.4368473], [78.3729935, 17.4368605], [78.3726629, 17.4371673]]}, "properties": {"class": "residential"}}, {"type": "Feature", "geometry": {"type": "LineString", "coordinates": [[78.3729991, 17.4368473], [78.3730112, 17.4368695]]}, "properties": {"class": "residential"}}, {"type": "Feature", "geometry": {"type": "LineString", "coordinates": [[78.3730112, 17.4368695], [78.3730172, 17.4368852]]}, "properties": {"class": "residential"}}, {"type": "Feature", "geometry": {"type": "LineString", "coordinates": [[78.3672761, 17.4375743], [78.3674731, 17.43752]]}, "properties": {"class": "residential"}}, {"type": "Feature", "geometry": {"type": "LineString", "coordinates": [[78.366513, 17.4366371], [78.3668082, 17.4369791], [78.3671336, 17.437376], [78.3672688, 17.437541], [78.3672761, 17.4375743]]}, "properties": {"class": "residential"}}, {"type": "Feature", "geometry": {"type": "LineString", "coordinates": [[78.3655496, 17.4576552], [78.3655178, 17.4575631], [78.3655082, 17.4575316], [78.3654812, 17.4574425], [78.3653642, 17.4572139], [78.3653215, 17.4571645], [78.3650243, 17.4568196], [78.3649363, 17.4567686]]}, "properties": {"class": "residential"}}, {"type": "Feature", "geometry": {"type": "LineString", "coordinates": [[78.3656006, 17.4475443], [78.3655401, 17.4476232], [78.3653917, 17.4476859], [78.3648656, 17.4477718]]}, "properties": {"class": "residential"}}, {"type": "Feature", "geometry": {"type": "LineString", "coordinates": [[78.364642, 17.4495501], [78.3645794, 17.4491334]]}, "properties": {"class": "residential"}}, {"type": "Feature", "geometry": {"type": "LineString", "coordinates": [[78.3695509, 17.4363091], [78.3697056, 17.4362037], [78.3697187, 17.4361722], [78.3697205, 17.4361453], [78.3694716, 17.4358556], [78.3692686, 17.4355888]]}, "properties": {"class": "residential"}}, {"type": "Feature", "geometry": {"type": "LineString", "coordinates": [[78.3694716, 17.4358556], [78.3695324, 17.4358018], [78.3695871, 17.4357595], [78.3696332, 17.4357267]]}, "properties": {"class": "residential"}}, {"type": "Feature", "geometry": {"type": "LineString", "coordinates": [[78.371775, 17.4360613], [78.3721252, 17.4360572], [78.3725848, 17.4360564]]}, "properties": {"class": "residential"}}, {"type": "Feature", "geometry": {"type": "LineString", "coordinates": [[78.3724973, 17.4356822], [78.3721497, 17.4356561], [78.3717033, 17.4356227], [78.3712894, 17.4355917]]}, "properties": {"class": "residential"}}, {"type": "Feature", "geometry": {"type": "LineString", "coordinates": [[78.3716919, 17.4359589], [78.3717033, 17.4356227]]}, "properties": {"class": "residential"}}, {"type": "Feature", "geometry": {"type": "LineString", "coordinates": [[78.3712901, 17.4367473], [78.3719616, 17.4367885], [78.3723121, 17.43681]]}, "properties": {"class": "residential"}}, {"type": "Feature", "geometry": {"type": "LineString", "coordinates": [[78.3712538, 17.4616545], [78.3715604, 17.4615634]]}, "properties": {"class": "residential"}}, {"type": "Feature", "geometry": {"type": "LineString", "coordinates": [[78.3721371, 17.4603895], [78.3723186, 17.4603064]]}, "properties": {"class": "residential"}}, {"type": "Feature", "geometry": {"type": "LineString", "coordinates": [[78.3719421, 17.4594433], [78.3715521, 17.4596033]]}, "properties": {"class": "residential"}}, {"type": "Feature", "geometry": {"type": "LineString", "coordinates": [[78.3718574, 17.4592515], [78.371478, 17.4594035]]}, "properties": {"class": "residential"}}, {"type": "Feature", "geometry": {"type": "LineString", "coordinates": [[78.3669115, 17.4588607], [78.3669486, 17.4590595], [78.3669721, 17.4591103], [78.3670791, 17.4591465]]}, "properties": {"class": "residential"}}, {"type": "Feature", "geometry": {"type": "LineString", "coordinates": [[78.3656049, 17.4583845], [78.3658518, 17.4583296]]}, "properties": {"class": "residential"}}, {"type": "Feature", "geometry": {"type": "LineString", "coordinates": [[78.3691676, 17.4586245], [78.369079, 17.4586378]]}, "properties": {"class": "residential"}}, {"type": "Feature", "geometry": {"type": "LineString", "coordinates": [[78.3690615, 17.4585291], [78.3690537, 17.4584803]]}, "properties": {"class": "residential"}}, {"type": "Feature", "geometry": {"type": "LineString", "coordinates": [[78.3691383, 17.4584668], [78.3691445, 17.4585146]]}, "properties": {"class": "residential"}}, {"type": "Feature", "geometry": {"type": "LineString", "coordinates": [[78.3828215, 17.4412738], [78.3827329, 17.441294], [78.3823244, 17.4413364]]}, "properties": {"class": "residential"}}, {"type": "Feature", "geometry": {"type": "LineString", "coordinates": [[78.3670147, 17.4481423], [78.3668636, 17.4482669], [78.3668411, 17.4483138], [78.3668395, 17.4483498], [78.3668489, 17.44839], [78.3669344, 17.4484811]]}, "properties": {"class": "residential"}}, {"type": "Feature", "geometry": {"type": "LineString", "coordinates": [[78.3669857, 17.4485325], [78.3669344, 17.4484811]]}, "properties": {"class": "residential"}}, {"type": "Feature", "geometry": {"type": "LineString", "coordinates": [[78.3815703, 17.4199064], [78.3820078, 17.41991]]}, "properties": {"class": "residential"}}, {"type": "Feature", "geometry": {"type": "LineString", "coordinates": [[78.38125, 17.4546629], [78.3809781, 17.4544343]]}, "properties": {"class": "residential"}}, {"type": "Feature", "geometry": {"type": "LineString", "coordinates": [[78.3823963, 17.4631519], [78.3822328, 17.4622282], [78.3821995, 17.462078], [78.3818509, 17.4605076], [78.3817241, 17.4598857], [78.3816982, 17.4598242]]}, "properties": {"class": "residential"}}, {"type": "Feature", "geometry": {"type": "LineString", "coordinates": [[78.3816982, 17.4598242], [78.3816229, 17.4598578], [78.3786935, 17.4606603], [78.378685, 17.4606729], [78.3786733, 17.4606929], [78.3786907, 17.4607146], [78.3787197, 17.4607258], [78.3787548, 17.4607258]]}, "properties": {"class": "residential"}}, {"type": "Feature", "geometry": {"type": "LineString", "coordinates": [[78.4003669, 17.4477875], [78.4005026, 17.4483808]]}, "properties": {"class": "residential"}}, {"type": "Feature", "geometry": {"type": "LineString", "coordinates": [[78.3702719, 17.4659754], [78.3702638, 17.4655624]]}, "properties": {"class": "residential"}}, {"type": "Feature", "geometry": {"type": "LineString", "coordinates": [[78.3715567, 17.4660225], [78.3712243, 17.4660271], [78.371194, 17.4660119], [78.3711687, 17.465988], [78.3710944, 17.4659829], [78.3708235, 17.4659844]]}, "properties": {"class": "residential"}}, {"type": "Feature", "geometry": {"type": "LineString", "coordinates": [[78.3708235, 17.4659844], [78.3708291, 17.4655359]]}, "properties": {"class": "residential"}}, {"type": "Feature", "geometry": {"type": "LineString", "coordinates": [[78.3695746, 17.4677682], [78.369276, 17.4673735], [78.3689184, 17.4668736]]}, "properties": {"class": "residential"}}, {"type": "Feature", "geometry": {"type": "LineString", "coordinates": [[78.3691303, 17.4680619], [78.3691012, 17.4680108], [78.3690982, 17.4680055], [78.3690886, 17.4679914]]}, "properties": {"class": "residential"}}, {"type": "Feature", "geometry": {"type": "LineString", "coordinates": [[78.3939728, 17.4483707], [78.3942743, 17.4483984]]}, "properties": {"class": "residential"}}, {"type": "Feature", "geometry": {"type": "LineString", "coordinates": [[78.3907253, 17.4498217], [78.391171, 17.4498453]]}, "properties": {"class": "residential"}}, {"type": "Feature", "geometry": {"type": "LineString", "coordinates": [[78.3883585, 17.4479812], [78.3886489, 17.448124], [78.3890106, 17.4483053], [78.389082, 17.4483518]]}, "properties": {"class": "residential"}}, {"type": "Feature", "geometry": {"type": "LineString", "coordinates": [[78.3886489, 17.448124], [78.3887846, 17.4478744]]}, "properties": {"class": "residential"}}, {"type": "Feature", "geometry": {"type": "LineString", "coordinates": [[78.363005, 17.4462004], [78.3629414, 17.4460192]]}, "properties": {"class": "residential"}}, {"type": "Feature", "geometry": {"type": "LineString", "coordinates": [[78.3708822, 17.4628755], [78.3709016, 17.462929], [78.3709088, 17.4629604], [78.3707553, 17.4630161], [78.3707507, 17.4630186], [78.3707481, 17.463022], [78.3707484, 17.4630254], [78.3708803, 17.463437], [78.3708829, 17.4634419], [78.3708884, 17.4634445], [78.370896, 17.463444], [78.371116, 17.4633765], [78.3711196, 17.4633747], [78.3711217, 17.4633708], [78.3711218, 17.4633651], [78.3709843, 17.4629448], [78.3709821, 17.4629417], [78.3709793, 17.4629402], [78.3709755, 17.4629396], [78.3709088, 17.4629604]]}, "properties": {"class": "residential"}}, {"type": "Feature", "geometry": {"type": "LineString", "coordinates": [[78.362023, 17.4202897], [78.3621751, 17.4202432]]}, "properties": {"class": "residential"}}, {"type": "Feature", "geometry": {"type": "LineString", "coordinates": [[78.361018, 17.4207427], [78.3608123, 17.4201656]]}, "properties": {"class": "residential"}}, {"type": "Feature", "geometry": {"type": "LineString", "coordinates": [[78.3737446, 17.4187486], [78.3737716, 17.4184881]]}, "properties": {"class": "residential"}}, {"type": "Feature", "geometry": {"type": "LineString", "coordinates": [[78.3779194, 17.44663], [78.3778562, 17.4466625], [78.3777635, 17.4467116]]}, "properties": {"class": "residential"}}, {"type": "Feature", "geometry": {"type": "LineString", "coordinates": [[78.387355, 17.4476868], [78.387376, 17.4474606]]}, "properties": {"class": "residential"}}, {"type": "Feature", "geometry": {"type": "LineString", "coordinates": [[78.3664753, 17.4650905], [78.3667266, 17.4650073]]}, "properties": {"class": "residential"}}, {"type": "Feature", "geometry": {"type": "LineString", "coordinates": [[78.3740346, 17.4648577], [78.3740916, 17.4648604], [78.3744562, 17.4647524], [78.3750398, 17.4645774], [78.3751773, 17.4645311], [78.3752918, 17.4644931], [78.3753914, 17.4644604], [78.3754636, 17.4644271], [78.3755248, 17.4644007], [78.3755761, 17.4643408]]}, "properties": {"class": "tertiary"}}, {"type": "Feature", "geometry": {"type": "LineString", "coordinates": [[78.3755761, 17.4643408], [78.3754904, 17.464332], [78.3753864, 17.4643712], [78.3753425, 17.4643882], [78.3750302, 17.4645088], [78.3746127, 17.464645], [78.3745326, 17.4646712], [78.3740692, 17.464808], [78.3740346, 17.4648577]]}, "properties": {"class": "tertiary"}}, {"type": "Feature", "geometry": {"type": "LineString", "coordinates": [[78.3754627, 17.4653396], [78.3748916, 17.4653558]]}, "properties": {"class": "residential"}}, {"type": "Feature", "geometry": {"type": "LineString", "coordinates": [[78.3690416, 17.4438935], [78.3690026, 17.4439029], [78.368628, 17.4442548], [78.3682283, 17.444631], [78.3680617, 17.4447877]]}, "properties": {"class": "residential"}}, {"type": "Feature", "geometry": {"type": "LineString", "coordinates": [[78.3874531, 17.4472783], [78.3877263, 17.4472793]]}, "properties": {"class": "residential"}}, {"type": "Feature", "geometry": {"type": "LineString", "coordinates": [[78.3923736, 17.4454354], [78.3924002, 17.445152], [78.3923975, 17.445105], [78.3923898, 17.4450289], [78.3923622, 17.4449256], [78.3923328, 17.4448396], [78.3922445, 17.4446252], [78.3922014, 17.4445018], [78.3920511, 17.4440994], [78.391966, 17.4438506], [78.3918889, 17.4436114], [78.39185, 17.4435256], [78.3917494, 17.443225], [78.3916649, 17.442923], [78.3916553, 17.4428439], [78.3916354, 17.4426467], [78.3916139, 17.4424058], [78.3915902, 17.441984]]}, "properties": {"class": "tertiary"}}, {"type": "Feature", "geometry": {"type": "LineString", "coordinates": [[78.3923736, 17.4454354], [78.3917475, 17.4453913], [78.3917198, 17.4453879], [78.3912061, 17.4453654]]}, "properties": {"class": "residential"}}, {"type": "Feature", "geometry": {"type": "LineString", "coordinates": [[78.3948898, 17.4402775], [78.3953101, 17.4412928]]}, "properties": {"class": "residential"}}, {"type": "Feature", "geometry": {"type": "LineString", "coordinates": [[78.3886125, 17.4432773], [78.3886651, 17.4433317], [78.3887561, 17.4434259]]}, "properties": {"class": "residential"}}, {"type": "Feature", "geometry": {"type": "LineString", "coordinates": [[78.3875698, 17.451171], [78.3874891, 17.4507168]]}, "properties": {"class": "residential"}}, {"type": "Feature", "geometry": {"type": "LineString", "coordinates": [[78.3946645, 17.4498252], [78.3946191, 17.4502246], [78.3941901, 17.4502003]]}, "properties": {"class": "residential"}}, {"type": "Feature", "geometry": {"type": "LineString", "coordinates": [[78.3983289, 17.4310342], [78.3984693, 17.4319756]]}, "properties": {"class": "residential"}}, {"type": "Feature", "geometry": {"type": "LineString", "coordinates": [[78.3552119, 17.4442752], [78.354867, 17.443518]]}, "properties": {"class": "residential"}}, {"type": "Feature", "geometry": {"type": "LineString", "coordinates": [[78.3550446, 17.4377548], [78.3551028, 17.4379953], [78.3550782, 17.4380444], [78.3544925, 17.4381366], [78.3533343, 17.4382801], [78.3532602, 17.4382547], [78.3532216, 17.4381731]]}, "properties": {"class": "residential"}}, {"type": "Feature", "geometry": {"type": "LineString", "coordinates": [[78.3629434, 17.4572628], [78.3629179, 17.4574039], [78.3629415, 17.4576134], [78.3629703, 17.4577966], [78.3630076, 17.4579586], [78.363071, 17.4580898], [78.3632165, 17.4583848]]}, "properties": {"class": "residential"}}, {"type": "Feature", "geometry": {"type": "LineString", "coordinates": [[78.3764703, 17.4642885], [78.376383, 17.4648652], [78.3763704, 17.4652432], [78.3763683, 17.4653903]]}, "properties": {"class": "residential"}}, {"type": "Feature", "geometry": {"type": "LineString", "coordinates": [[78.3746587, 17.4665511], [78.3747898, 17.4665859]]}, "properties": {"class": "residential"}}, {"type": "Feature", "geometry": {"type": "LineString", "coordinates": [[78.3754595, 17.4665406], [78.3749145, 17.4665463], [78.3748341, 17.4665527], [78.3747898, 17.4665859], [78.3746664, 17.4668904], [78.3746511, 17.4669312], [78.3746494, 17.4670472], [78.3746613, 17.4671758]]}, "properties": {"class": "residential"}}, {"type": "Feature", "geometry": {"type": "LineString", "coordinates": [[78.3742993, 17.4678985], [78.3741947, 17.4679541]]}, "properties": {"class": "residential"}}, {"type": "Feature", "geometry": {"type": "LineString", "coordinates": [[78.3747787, 17.4690358], [78.3746852, 17.4688464], [78.3743758, 17.4682263], [78.3743193, 17.4680956], [78.3742993, 17.4678985]]}, "properties": {"class": "residential"}}, {"type": "Feature", "geometry": {"type": "LineString", "coordinates": [[78.3722428, 17.4671802], [78.3721977, 17.467196]]}, "properties": {"class": "residential"}}, {"type": "Feature", "geometry": {"type": "LineString", "coordinates": [[78.3679084, 17.4647819], [78.3679911, 17.4647544], [78.3684019, 17.4645494], [78.3685283, 17.46449], [78.3688486, 17.4642916], [78.3689057, 17.4642584]]}, "properties": {"class": "tertiary"}}, {"type": "Feature", "geometry": {"type": "LineString", "coordinates": [[78.3688486, 17.4642916], [78.3689178, 17.464381]]}, "properties": {"class": "residential"}}, {"type": "Feature", "geometry": {"type": "LineString", "coordinates": [[78.3689178, 17.464381], [78.3689388, 17.4644744]]}, "properties": {"class": "residential"}}, {"type": "Feature", "geometry": {"type": "LineString", "coordinates": [[78.3704208, 17.4673803], [78.370389, 17.4673183]]}, "properties": {"class": "residential"}}, {"type": "Feature", "geometry": {"type": "LineString", "coordinates": [[78.3711032, 17.4671177], [78.3710756, 17.4670543]]}, "properties": {"class": "residential"}}, {"type": "Feature", "geometry": {"type": "LineString", "coordinates": [[78.3696816, 17.4676339], [78.3697069, 17.4676852]]}, "properties": {"class": "residential"}}, {"type": "Feature", "geometry": {"type": "LineString", "coordinates": [[78.3682964, 17.4662858], [78.3686604, 17.4662553], [78.3689602, 17.4662307]]}, "properties": {"class": "residential"}}, {"type": "Feature", "geometry": {"type": "LineString", "coordinates": [[78.3683592, 17.4669888], [78.368345, 17.4667729], [78.3682964, 17.4662858]]}, "properties": {"class": "residential"}}, {"type": "Feature", "geometry": {"type": "LineString", "coordinates": [[78.3688896, 17.4658734], [78.3686305, 17.4658735]]}, "properties": {"class": "residential"}}, {"type": "Feature", "geometry": {"type": "LineString", "coordinates": [[78.3697963, 17.4638101], [78.3702059, 17.4636461], [78.3702207, 17.4635963], [78.370218, 17.4635528], [78.3700721, 17.4631131]]}, "properties": {"class": "residential"}}, {"type": "Feature", "geometry": {"type": "LineString", "coordinates": [[78.3697434, 17.4638461], [78.3697963, 17.4638101]]}, "properties": {"class": "residential"}}, {"type": "Feature", "geometry": {"type": "LineString", "coordinates": [[78.3929745, 17.4378513], [78.3930979, 17.4381586]]}, "properties": {"class": "residential"}}, {"type": "Feature", "geometry": {"type": "LineString", "coordinates": [[78.3926277, 17.4379841], [78.3927412, 17.4382444]]}, "properties": {"class": "residential"}}, {"type": "Feature", "geometry": {"type": "LineString", "coordinates": [[78.3784955, 17.4451089], [78.378502, 17.4454448], [78.3788351, 17.4454378]]}, "properties": {"class": "residential"}}, {"type": "Feature", "geometry": {"type": "LineString", "coordinates": [[78.3789747, 17.4457707], [78.3790973, 17.4457446], [78.3791487, 17.4457317], [78.3791915, 17.4457226]]}, "properties": {"class": "residential"}}, {"type": "Feature", "geometry": {"type": "LineString", "coordinates": [[78.3586597, 17.4449335], [78.358913, 17.4449315]]}, "properties": {"class": "residential"}}, {"type": "Feature", "geometry": {"type": "LineString", "coordinates": [[78.3844993, 17.444956], [78.3843251, 17.4446292], [78.3842137, 17.4443536]]}, "properties": {"class": "residential"}}, {"type": "Feature", "geometry": {"type": "LineString", "coordinates": [[78.3842137, 17.4443536], [78.3837435, 17.4445031]]}, "properties": {"class": "residential"}}, {"type": "Feature", "geometry": {"type": "LineString", "coordinates": [[78.3651682, 17.4414751], [78.3653634, 17.4418141]]}, "properties": {"class": "residential"}}, {"type": "Feature", "geometry": {"type": "LineString", "coordinates": [[78.3784603, 17.446353], [78.3782903, 17.4464327], [78.3781477, 17.4465069], [78.3780004, 17.4465838], [78.3779194, 17.44663]]}, "properties": {"class": "residential"}}, {"type": "Feature", "geometry": {"type": "LineString", "coordinates": [[78.3641835, 17.4446257], [78.3638633, 17.4446988]]}, "properties": {"class": "residential"}}, {"type": "Feature", "geometry": {"type": "LineString", "coordinates": [[78.371356, 17.4448148], [78.3714383, 17.4452356]]}, "properties": {"class": "residential"}}, {"type": "Feature", "geometry": {"type": "LineString", "coordinates": [[78.3714448, 17.4452689], [78.3714512, 17.4453017]]}, "properties": {"class": "residential"}}, {"type": "Feature", "geometry": {"type": "LineString", "coordinates": [[78.3862619, 17.4502012], [78.3867845, 17.4502319]]}, "properties": {"class": "residential"}}, {"type": "Feature", "geometry": {"type": "LineString", "coordinates": [[78.3657475, 17.4457068], [78.3660276, 17.445249]]}, "properties": {"class": "residential"}}, {"type": "Feature", "geometry": {"type": "LineString", "coordinates": [[78.3661034, 17.4452948], [78.3661596, 17.4453284], [78.3662294, 17.44537]]}, "properties": {"class": "residential"}}, {"type": "Feature", "geometry": {"type": "LineString", "coordinates": [[78.3665872, 17.4441797], [78.366296, 17.4441006], [78.3662814, 17.4441041], [78.3662668, 17.4441174], [78.36617, 17.4442796]]}, "properties": {"class": "residential"}}, {"type": "Feature", "geometry": {"type": "LineString", "coordinates": [[78.3516455, 17.46454], [78.3517596, 17.4644942], [78.3524897, 17.4641617]]}, "properties": {"class": "residential"}}, {"type": "Feature", "geometry": {"type": "LineString", "coordinates": [[78.4013492, 17.4582123], [78.4018361, 17.4577389]]}, "properties": {"class": "residential"}}, {"type": "Feature", "geometry": {"type": "LineString", "coordinates": [[78.3860798, 17.4573818], [78.3863376, 17.4573733], [78.3868752, 17.457367], [78.3874695, 17.4573751], [78.3879488, 17.4573676]]}, "properties": {"class": "residential"}}, {"type": "Feature", "geometry": {"type": "LineString", "coordinates": [[78.3671586, 17.4303818], [78.366971, 17.4305103], [78.3665515, 17.4307972], [78.3662005, 17.4310381], [78.3658367, 17.4312873], [78.3656871, 17.4313898]]}, "properties": {"class": "residential"}}, {"type": "Feature", "geometry": {"type": "LineString", "coordinates": [[78.3903449, 17.4548694], [78.3903599, 17.454248]]}, "properties": {"class": "residential"}}, {"type": "Feature", "geometry": {"type": "LineString", "coordinates": [[78.3758937, 17.4335897], [78.3747426, 17.4334535]]}, "properties": {"class": "tertiary"}}, {"type": "Feature", "geometry": {"type": "LineString", "coordinates": [[78.3971355, 17.4561972], [78.3974417, 17.4562079], [78.3974699, 17.4562068], [78.3974796, 17.4562002], [78.3974998, 17.4561843], [78.3975118, 17.4561695], [78.3975201, 17.4561444]]}, "properties": {"class": "residential"}}, {"type": "Feature", "geometry": {"type": "LineString", "coordinates": [[78.3874954, 17.4405516], [78.3874773, 17.4405708], [78.3874673, 17.4405938], [78.3874686, 17.4406194], [78.3874807, 17.4406846], [78.3874968, 17.4407019], [78.3875189, 17.4407051], [78.3875518, 17.4407006], [78.3880035, 17.4406017]]}, "properties": {"class": "residential"}}, {"type": "Feature", "geometry": {"type": "LineString", "coordinates": [[78.3875922, 17.4405185], [78.3875824, 17.4405261], [78.3874954, 17.4405516]]}, "properties": {"class": "residential"}}, {"type": "Feature", "geometry": {"type": "LineString", "coordinates": [[78.3874712, 17.4377245], [78.3880168, 17.4376523], [78.3880372, 17.4376421], [78.3880824, 17.4375759]]}, "properties": {"class": "residential"}}, {"type": "Feature", "geometry": {"type": "LineString", "coordinates": [[78.3917847, 17.4403397], [78.3912824, 17.4403749]]}, "properties": {"class": "residential"}}, {"type": "Feature", "geometry": {"type": "LineString", "coordinates": [[78.3669146, 17.4404927], [78.3670581, 17.4406947], [78.3672187, 17.4408632], [78.3673841, 17.4409676], [78.3675304, 17.4410256]]}, "properties": {"class": "primary"}}, {"type": "Feature", "geometry": {"type": "LineString", "coordinates": [[78.3538868, 17.467488], [78.3539309, 17.4667179], [78.353937, 17.4665092], [78.3534717, 17.466453]]}, "properties": {"class": "residential"}}, {"type": "Feature", "geometry": {"type": "LineString", "coordinates": [[78.3618746, 17.4687287], [78.3618444, 17.4676296]]}, "properties": {"class": "residential"}}, {"type": "Feature", "geometry": {"type": "LineString", "coordinates": [[78.3625773, 17.4674451], [78.3625892, 17.4672225]]}, "properties": {"class": "residential"}}, {"type": "Feature", "geometry": {"type": "LineString", "coordinates": [[78.3633529, 17.4684554], [78.3633329, 17.4685708], [78.3633041, 17.4688103], [78.3632684, 17.4690805]]}, "properties": {"class": "residential"}}, {"type": "Feature", "geometry": {"type": "LineString", "coordinates": [[78.3633563, 17.468376], [78.3633535, 17.4684207], [78.3633533, 17.4684285], [78.3633529, 17.4684554]]}, "properties": {"class": "residential"}}, {"type": "Feature", "geometry": {"type": "LineString", "coordinates": [[78.3582037, 17.4403035], [78.3584011, 17.4406268]]}, "properties": {"class": "residential"}}, {"type": "Feature", "geometry": {"type": "LineString", "coordinates": [[78.3631354, 17.4683879], [78.3632794, 17.4683955], [78.3633152, 17.4683897], [78.3633563, 17.468376]]}, "properties": {"class": "residential"}}, {"type": "Feature", "geometry": {"type": "LineString", "coordinates": [[78.3645471, 17.4566054], [78.3643927, 17.4566763]]}, "properties": {"class": "residential"}}, {"type": "Feature", "geometry": {"type": "LineString", "coordinates": [[78.3643431, 17.4565873], [78.3643927, 17.4566763]]}, "properties": {"class": "residential"}}, {"type": "Feature", "geometry": {"type": "LineString", "coordinates": [[78.3611524, 17.4483847], [78.3619244, 17.4481523], [78.3624939, 17.4479954]]}, "properties": {"class": "secondary"}}, {"type": "Feature", "geometry": {"type": "LineString", "coordinates": [[78.3644679, 17.455959], [78.3646132, 17.4558714], [78.3646195, 17.4558676], [78.3646685, 17.4558384], [78.3649066, 17.4557019], [78.3649344, 17.4556834], [78.3649527, 17.4556564], [78.3649596, 17.4556155], [78.3649444, 17.4555787], [78.3646762, 17.4551419], [78.3646503, 17.4551168], [78.3646255, 17.4551047], [78.3645963, 17.4551024], [78.3645628, 17.4551079], [78.3643142, 17.4552482], [78.3642561, 17.4552772], [78.3640996, 17.4553565]]}, "properties": {"class": "residential"}}, {"type": "Feature", "geometry": {"type": "LineString", "coordinates": [[78.3639565, 17.4495267], [78.3639268, 17.4493664], [78.3638935, 17.4491991], [78.363813, 17.4489192], [78.3638063, 17.4488961], [78.3637253, 17.4486159], [78.3636867, 17.4484039], [78.36367, 17.4482386], [78.3636125, 17.4476799], [78.3636072, 17.447621], [78.3636025, 17.4475581], [78.3635794, 17.4473102], [78.3635718, 17.4472041]]}, "properties": {"class": "primary"}}, {"type": "Feature", "geometry": {"type": "LineString", "coordinates": [[78.3635718, 17.4472041], [78.3635601, 17.4470949]]}, "properties": {"class": "primary"}}, {"type": "Feature", "geometry": {"type": "LineString", "coordinates": [[78.3965431, 17.4668692], [78.3964752, 17.4667855], [78.3964535, 17.4667114], [78.3964729, 17.466634], [78.3965395, 17.4665284]]}, "properties": {"class": "residential"}}, {"type": "Feature", "geometry": {"type": "LineString", "coordinates": [[78.3586539, 17.4452951], [78.3586597, 17.4449335], [78.3586626, 17.4447533], [78.3586826, 17.4445843], [78.3587583, 17.4444155], [78.3588647, 17.4442619]]}, "properties": {"class": "residential"}}, {"type": "Feature", "geometry": {"type": "LineString", "coordinates": [[78.3586357, 17.4464418], [78.3586368, 17.4463679], [78.3586435, 17.4461518]]}, "properties": {"class": "residential"}}, {"type": "Feature", "geometry": {"type": "LineString", "coordinates": [[78.3627535, 17.441095], [78.3627291, 17.441132], [78.3626263, 17.4413327], [78.3625831, 17.4415928], [78.3625824, 17.4416484], [78.3625789, 17.4419428], [78.3625879, 17.4420486], [78.3626017, 17.44221], [78.362609, 17.442371], [78.3626112, 17.4424196], [78.3626161, 17.4425283], [78.3626387, 17.4427072], [78.3626701, 17.4429603], [78.3627353, 17.4433033], [78.3627498, 17.4433778]]}, "properties": {"class": "primary"}}, {"type": "Feature", "geometry": {"type": "LineString", "coordinates": [[78.3633127, 17.4457338], [78.363274, 17.445546], [78.3632201, 17.445281], [78.3630845, 17.4445548], [78.363023, 17.4442201], [78.3630133, 17.4441689], [78.3629987, 17.4440916], [78.3628991, 17.4435655], [78.3628884, 17.4435085], [78.3628612, 17.443365], [78.3628219, 17.443149]]}, "properties": {"class": "primary"}}, {"type": "Feature", "geometry": {"type": "LineString", "coordinates": [[78.3638135, 17.468149], [78.3637802, 17.4681424], [78.3637394, 17.4681473], [78.3637133, 17.468155], [78.3633563, 17.468376]]}, "properties": {"class": "residential"}}, {"type": "Feature", "geometry": {"type": "LineString", "coordinates": [[78.3837073, 17.4581056], [78.3836684, 17.4580586]]}, "properties": {"class": "residential"}}, {"type": "Feature", "geometry": {"type": "LineString", "coordinates": [[78.3586435, 17.4461518], [78.3586447, 17.4458757], [78.3586539, 17.4452951]]}, "properties": {"class": "residential"}}, {"type": "Feature", "geometry": {"type": "LineString", "coordinates": [[78.3625044, 17.4462989], [78.3624494, 17.4461556]]}, "properties": {"class": "residential"}}, {"type": "Feature", "geometry": {"type": "LineString", "coordinates": [[78.3994491, 17.4497559], [78.3992597, 17.449897]]}, "properties": {"class": "residential"}}, {"type": "Feature", "geometry": {"type": "LineString", "coordinates": [[78.3777551, 17.4634304], [78.3777495, 17.4631202]]}, "properties": {"class": "residential"}}, {"type": "Feature", "geometry": {"type": "LineString", "coordinates": [[78.3777556, 17.4634724], [78.3777551, 17.4634304]]}, "properties": {"class": "residential"}}, {"type": "Feature", "geometry": {"type": "LineString", "coordinates": [[78.3546024, 17.4679534], [78.3546075, 17.4675057]]}, "properties": {"class": "residential"}}, {"type": "Feature", "geometry": {"type": "LineString", "coordinates": [[78.4005394, 17.4245453], [78.4007867, 17.4244832]]}, "properties": {"class": "residential"}}, {"type": "Feature", "geometry": {"type": "LineString", "coordinates": [[78.4007867, 17.4244832], [78.4008501, 17.4244673]]}, "properties": {"class": "residential"}}, {"type": "Feature", "geometry": {"type": "LineString", "coordinates": [[78.3836684, 17.4580586], [78.3837425, 17.458018], [78.3838264, 17.457974], [78.383832, 17.457853]]}, "properties": {"class": "residential"}}, {"type": "Feature", "geometry": {"type": "LineString", "coordinates": [[78.3682647, 17.4332258], [78.3679541, 17.4328386]]}, "properties": {"class": "residential"}}, {"type": "Feature", "geometry": {"type": "LineString", "coordinates": [[78.3850068, 17.4396813], [78.3851282, 17.4401417]]}, "properties": {"class": "residential"}}, {"type": "Feature", "geometry": {"type": "LineString", "coordinates": [[78.3902921, 17.4445783], [78.3901084, 17.4432623]]}, "properties": {"class": "residential"}}, {"type": "Feature", "geometry": {"type": "LineString", "coordinates": [[78.38807, 17.4428419], [78.3881176, 17.4430044], [78.3881266, 17.4430229], [78.3881399, 17.4430397], [78.3881549, 17.4430554], [78.3882674, 17.4431121], [78.3882828, 17.4431191], [78.3882889, 17.4431359], [78.3883406, 17.4433028]]}, "properties": {"class": "residential"}}, {"type": "Feature", "geometry": {"type": "LineString", "coordinates": [[78.3916349, 17.4613082], [78.3916524, 17.4613541], [78.3916552, 17.4613752], [78.391596, 17.4618377], [78.391574, 17.4618619], [78.3915544, 17.4618702], [78.3914236, 17.4618651], [78.3913982, 17.4618893], [78.3913814, 17.4619243], [78.3912703, 17.4624316], [78.3912726, 17.4624584], [78.3912888, 17.4624774], [78.3916659, 17.4624775], [78.3917475, 17.4620308], [78.3917586, 17.4620056], [78.3917866, 17.4619819], [78.3918348, 17.4619674], [78.3919051, 17.4619567], [78.3919425, 17.4619406], [78.3919692, 17.4619217], [78.3920613, 17.461407], [78.3920503, 17.4613826], [78.3920309, 17.461368], [78.3917974, 17.461331], [78.3917568, 17.4613222], [78.3917432, 17.4613031], [78.3917252, 17.4612678]]}, "properties": {"class": "residential"}}, {"type": "Feature", "geometry": {"type": "LineString", "coordinates": [[78.3534801, 17.4584134], [78.3537497, 17.4582672]]}, "properties": {"class": "residential"}}, {"type": "Feature", "geometry": {"type": "LineString", "coordinates": [[78.3791972, 17.4207791], [78.3793126, 17.4209076]]}, "properties": {"class": "residential"}}, {"type": "Feature", "geometry": {"type": "LineString", "coordinates": [[78.3794998, 17.4207492], [78.3793126, 17.4209076]]}, "properties": {"class": "residential"}}, {"type": "Feature", "geometry": {"type": "LineString", "coordinates": [[78.3624939, 17.4479954], [78.3632185, 17.447802], [78.3633039, 17.4477792], [78.3635126, 17.4477329]]}, "properties": {"class": "secondary"}}, {"type": "Feature", "geometry": {"type": "LineString", "coordinates": [[78.3942661, 17.4571095], [78.3942755, 17.456618]]}, "properties": {"class": "residential"}}, {"type": "Feature", "geometry": {"type": "LineString", "coordinates": [[78.4010048, 17.4519111], [78.4015701, 17.4518584]]}, "properties": {"class": "residential"}}, {"type": "Feature", "geometry": {"type": "LineString", "coordinates": [[78.3668234, 17.4535472], [78.3671739, 17.4534068]]}, "properties": {"class": "residential"}}, {"type": "Feature", "geometry": {"type": "LineString", "coordinates": [[78.3664554, 17.4527023], [78.3668234, 17.4535472]]}, "properties": {"class": "residential"}}, {"type": "Feature", "geometry": {"type": "LineString", "coordinates": [[78.356998, 17.4675702], [78.3570168, 17.4669396], [78.3570175, 17.4668301], [78.3570188, 17.4667913], [78.3570214, 17.4666257]]}, "properties": {"class": "residential"}}, {"type": "Feature", "geometry": {"type": "LineString", "coordinates": [[78.4013516, 17.4688371], [78.4004307, 17.4684828], [78.400138, 17.4683775], [78.3994834, 17.4681333], [78.3993459, 17.4680953], [78.3992171, 17.4680604], [78.3989465, 17.4680247], [78.3986647, 17.4680009], [78.398556, 17.4679903], [78.3983707, 17.4679723]]}, "properties": {"class": "tertiary"}}, {"type": "Feature", "geometry": {"type": "LineString", "coordinates": [[78.3971388, 17.4479372], [78.39761, 17.4478086]]}, "properties": {"class": "residential"}}, {"type": "Feature", "geometry": {"type": "LineString", "coordinates": [[78.3971886, 17.4680173], [78.3971971, 17.4679207]]}, "properties": {"class": "residential"}}, {"type": "Feature", "geometry": {"type": "LineString", "coordinates": [[78.3971886, 17.4680173], [78.3981727, 17.4680662], [78.3982534, 17.4680702], [78.39833, 17.4680815], [78.3989766, 17.4681274], [78.3991992, 17.4681581], [78.3994192, 17.4682221], [78.4012985, 17.4689435]]}, "properties": {"class": "tertiary"}}, {"type": "Feature", "geometry": {"type": "LineString", "coordinates": [[78.3758555, 17.4642418], [78.3759822, 17.4642354], [78.3761492, 17.4642582], [78.3764703, 17.4642885], [78.3765308, 17.4642965], [78.3770981, 17.4642737]]}, "properties": {"class": "residential"}}, {"type": "Feature", "geometry": {"type": "LineString", "coordinates": [[78.3770656, 17.4639311], [78.3770981, 17.4642737]]}, "properties": {"class": "residential"}}, {"type": "Feature", "geometry": {"type": "LineString", "coordinates": [[78.4010837, 17.4399122], [78.4007359, 17.4403451]]}, "properties": {"class": "residential"}}, {"type": "Feature", "geometry": {"type": "LineString", "coordinates": [[78.3991626, 17.4500446], [78.3991923, 17.4500844], [78.399261, 17.4501769], [78.3993739, 17.4503316]]}, "properties": {"class": "residential"}}, {"type": "Feature", "geometry": {"type": "LineString", "coordinates": [[78.3908314, 17.4535168], [78.3900815, 17.4535782], [78.3897841, 17.4535719], [78.3896236, 17.4536002], [78.3893797, 17.4536667], [78.3891796, 17.4537365]]}, "properties": {"class": "residential"}}, {"type": "Feature", "geometry": {"type": "LineString", "coordinates": [[78.3919242, 17.4577962], [78.3919688, 17.457629], [78.3920518, 17.4574867], [78.3924995, 17.4566757], [78.3929848, 17.4562664], [78.3933133, 17.4560474], [78.3937181, 17.4557394]]}, "properties": {"class": "residential"}}, {"type": "Feature", "geometry": {"type": "LineString", "coordinates": [[78.3983071, 17.4527292], [78.398349, 17.4528422]]}, "properties": {"class": "residential"}}, {"type": "Feature", "geometry": {"type": "LineString", "coordinates": [[78.3839122, 17.4555919], [78.3843992, 17.4553549], [78.3851756, 17.4549769], [78.3853142, 17.4549234]]}, "properties": {"class": "tertiary"}}, {"type": "Feature", "geometry": {"type": "LineString", "coordinates": [[78.3853142, 17.4549234], [78.3854651, 17.455658], [78.3855373, 17.4559623], [78.385582, 17.456368], [78.3856492, 17.4567773], [78.3857539, 17.456981]]}, "properties": {"class": "residential"}}, {"type": "Feature", "geometry": {"type": "LineString", "coordinates": [[78.3959664, 17.4618171], [78.3962581, 17.462371], [78.3967864, 17.4621212], [78.3972594, 17.4618982]]}, "properties": {"class": "residential"}}, {"type": "Feature", "geometry": {"type": "LineString", "coordinates": [[78.3950269, 17.4619658], [78.3954022, 17.4618595], [78.3956221, 17.4619842], [78.3959664, 17.4618171], [78.3965133, 17.4615413], [78.3969864, 17.4613148]]}, "properties": {"class": "residential"}}, {"type": "Feature", "geometry": {"type": "LineString", "coordinates": [[78.3915976, 17.4612209], [78.3916349, 17.4613082]]}, "properties": {"class": "residential"}}, {"type": "Feature", "geometry": {"type": "LineString", "coordinates": [[78.3917252, 17.4612678], [78.391692, 17.4611837]]}, "properties": {"class": "residential"}}, {"type": "Feature", "geometry": {"type": "LineString", "coordinates": [[78.3936835, 17.4663807], [78.3936906, 17.4662137], [78.3937115, 17.465723]]}, "properties": {"class": "residential"}}, {"type": "Feature", "geometry": {"type": "LineString", "coordinates": [[78.382641, 17.4407809], [78.3824562, 17.440804]]}, "properties": {"class": "residential"}}, {"type": "Feature", "geometry": {"type": "LineString", "coordinates": [[78.3626103, 17.4466678], [78.3625854, 17.4466332], [78.3625711, 17.4466039]]}, "properties": {"class": "residential"}}, {"type": "Feature", "geometry": {"type": "LineString", "coordinates": [[78.3580129, 17.4498877], [78.3583776, 17.4498773]]}, "properties": {"class": "residential"}}, {"type": "Feature", "geometry": {"type": "LineString", "coordinates": [[78.3592022, 17.4507802], [78.3591776, 17.4508246], [78.3591779, 17.4508488], [78.3591831, 17.4508654], [78.3591994, 17.4508857], [78.3596479, 17.4511089], [78.3601771, 17.4513643], [78.3608061, 17.4516677], [78.3613097, 17.4519369], [78.3618191, 17.4522093], [78.362245, 17.4524371], [78.3622725, 17.4524518], [78.3635294, 17.4532112]]}, "properties": {"class": "residential"}}, {"type": "Feature", "geometry": {"type": "LineString", "coordinates": [[78.3613097, 17.4519369], [78.3613564, 17.4518623], [78.3617485, 17.451236], [78.3619291, 17.4509474]]}, "properties": {"class": "residential"}}, {"type": "Feature", "geometry": {"type": "LineString", "coordinates": [[78.3681239, 17.4584261], [78.3679459, 17.4579101], [78.3677468, 17.4574653], [78.3676606, 17.457344]]}, "properties": {"class": "residential"}}, {"type": "Feature", "geometry": {"type": "LineString", "coordinates": [[78.3666137, 17.4397457], [78.3664682, 17.4395632], [78.3662161, 17.4392817]]}, "properties": {"class": "primary"}}, {"type": "Feature", "geometry": {"type": "LineString", "coordinates": [[78.3662161, 17.4392817], [78.3656582, 17.4386637], [78.3653927, 17.4383823], [78.3651915, 17.4381801], [78.3650655, 17.4380394], [78.3650386, 17.437976], [78.3650352, 17.4378535]]}, "properties": {"class": "primary"}}, {"type": "Feature", "geometry": {"type": "LineString", "coordinates": [[78.3663958, 17.4398562], [78.366637, 17.440121], [78.3666882, 17.4401773], [78.3669146, 17.4404927]]}, "properties": {"class": "primary"}}, {"type": "Feature", "geometry": {"type": "LineString", "coordinates": [[78.3985064, 17.4560158], [78.3986645, 17.4559493], [78.3987443, 17.455911], [78.3988569, 17.4558507], [78.3989322, 17.4558079]]}, "properties": {"class": "residential"}}, {"type": "Feature", "geometry": {"type": "LineString", "coordinates": [[78.3670702, 17.4185129], [78.3666286, 17.4185318], [78.366626, 17.418281]]}, "properties": {"class": "residential"}}, {"type": "Feature", "geometry": {"type": "LineString", "coordinates": [[78.3521479, 17.466374], [78.3522321, 17.4663476]]}, "properties": {"class": "residential"}}, {"type": "Feature", "geometry": {"type": "LineString", "coordinates": [[78.3599822, 17.4328875], [78.3600278, 17.4329878], [78.3602304, 17.433434], [78.3603915, 17.4337551], [78.3605615, 17.4340803]]}, "properties": {"class": "motorway"}}, {"type": "Feature", "geometry": {"type": "LineString", "coordinates": [[78.3605615, 17.4340803], [78.360756, 17.4343704], [78.361156, 17.4350072], [78.3617423, 17.4360044]]}, "properties": {"class": "motorway"}}, {"type": "Feature", "geometry": {"type": "LineString", "coordinates": [[78.3681977, 17.4407211], [78.3681571, 17.4407339], [78.3681165, 17.4407467], [78.3678026, 17.4408427], [78.3677088, 17.4408682], [78.3676082, 17.4408798], [78.3675264, 17.4408644], [78.3674607, 17.440812], [78.3672582, 17.4405868], [78.3666137, 17.4397457]]}, "properties": {"class": "primary"}}, {"type": "Feature", "geometry": {"type": "LineString", "coordinates": [[78.3696158, 17.4402576], [78.3695387, 17.4402831], [78.3695068, 17.4402936], [78.3692688, 17.4403722], [78.3690895, 17.4404314], [78.3689379, 17.4404815], [78.3688997, 17.4404941], [78.3686427, 17.440579]]}, "properties": {"class": "primary"}}, {"type": "Feature", "geometry": {"type": "LineString", "coordinates": [[78.3660729, 17.4395092], [78.3663958, 17.4398562]]}, "properties": {"class": "primary"}}, {"type": "Feature", "geometry": {"type": "LineString", "coordinates": [[78.3680409, 17.4410088], [78.36809, 17.440993], [78.368146, 17.4409749], [78.3687087, 17.4407637]]}, "properties": {"class": "primary"}}, {"type": "Feature", "geometry": {"type": "LineString", "coordinates": [[78.3866794, 17.4322611], [78.3866045, 17.4323119], [78.3864919, 17.4323882], [78.3863022, 17.4325275], [78.3862583, 17.4325625], [78.3861594, 17.4326415], [78.3859909, 17.4327743]]}, "properties": {"class": "secondary"}}, {"type": "Feature", "geometry": {"type": "LineString", "coordinates": [[78.3869375, 17.4321745], [78.3871121, 17.4320585], [78.3872178, 17.4319631], [78.3873667, 17.4317852], [78.3874458, 17.4316739], [78.3875347, 17.4315587], [78.3876191, 17.4314513], [78.3877176, 17.4313707], [78.3878302, 17.4313237], [78.3879358, 17.4313069], [78.3880343, 17.4313036]]}, "properties": {"class": "secondary"}}, {"type": "Feature", "geometry": {"type": "LineString", "coordinates": [[78.3546076, 17.4601824], [78.3545711, 17.4601993], [78.3541859, 17.4604], [78.3538434, 17.4605774], [78.3535152, 17.460752], [78.3531955, 17.4609375]]}, "properties": {"class": "secondary"}}, {"type": "Feature", "geometry": {"type": "LineString", "coordinates": [[78.3531214, 17.4197944], [78.353101, 17.4196491]]}, "properties": {"class": "residential"}}, {"type": "Feature", "geometry": {"type": "LineString", "coordinates": [[78.3711398, 17.4317041], [78.3713499, 17.4315306]]}, "properties": {"class": "residential"}}, {"type": "Feature", "geometry": {"type": "LineString", "coordinates": [[78.3720795, 17.4311775], [78.3719771, 17.4310341]]}, "properties": {"class": "residential"}}, {"type": "Feature", "geometry": {"type": "LineString", "coordinates": [[78.3977392, 17.4625122], [78.3978943, 17.4627341], [78.3979519, 17.4628058], [78.3980727, 17.4629556]]}, "properties": {"class": "tertiary"}}, {"type": "Feature", "geometry": {"type": "LineString", "coordinates": [[78.3987541, 17.4651095], [78.3987941, 17.4648515], [78.3988539, 17.4644583], [78.3988681, 17.4641643], [78.3988453, 17.46396], [78.3987863, 17.4637768], [78.3987151, 17.4636398], [78.3986264, 17.4635069]]}, "properties": {"class": "tertiary"}}, {"type": "Feature", "geometry": {"type": "LineString", "coordinates": [[78.3653375, 17.4470995], [78.3654202, 17.4470606], [78.3655007, 17.4469424], [78.3655235, 17.4468841], [78.3655877, 17.4467702], [78.3656611, 17.4466044], [78.3659063, 17.4460934], [78.3660483, 17.4458634], [78.3663189, 17.4454235], [78.3663705, 17.445338], [78.3664843, 17.4451492], [78.3669463, 17.4444216], [78.3670735, 17.4442612], [78.3672109, 17.444104]]}, "properties": {"class": "secondary"}}, {"type": "Feature", "geometry": {"type": "LineString", "coordinates": [[78.3980727, 17.4629556], [78.398175, 17.4630799], [78.3985835, 17.4635588]]}, "properties": {"class": "tertiary"}}, {"type": "Feature", "geometry": {"type": "LineString", "coordinates": [[78.39866, 17.4634446], [78.3988959, 17.4632296], [78.3990258, 17.4631256]]}, "properties": {"class": "tertiary"}}, {"type": "Feature", "geometry": {"type": "LineString", "coordinates": [[78.3986264, 17.4635069], [78.3982469, 17.4630629], [78.3981263, 17.4629114]]}, "properties": {"class": "tertiary"}}, {"type": "Feature", "geometry": {"type": "LineString", "coordinates": [[78.3985154, 17.4635734], [78.39866, 17.4634446]]}, "properties": {"class": "tertiary"}}, {"type": "Feature", "geometry": {"type": "LineString", "coordinates": [[78.3625711, 17.4466039], [78.3628014, 17.4464945]]}, "properties": {"class": "residential"}}, {"type": "Feature", "geometry": {"type": "LineString", "coordinates": [[78.362091, 17.44578], [78.362203, 17.4459597], [78.3623619, 17.4462457], [78.3624222, 17.4463516]]}, "properties": {"class": "residential"}}, {"type": "Feature", "geometry": {"type": "LineString", "coordinates": [[78.402088, 17.4587955], [78.4021862, 17.4584675]]}, "properties": {"class": "residential"}}, {"type": "Feature", "geometry": {"type": "LineString", "coordinates": [[78.4021862, 17.4584675], [78.4022414, 17.4583323]]}, "properties": {"class": "residential"}}, {"type": "Feature", "geometry": {"type": "LineString", "coordinates": [[78.3545414, 17.4435526], [78.3544112, 17.4433233]]}, "properties": {"class": "residential"}}, {"type": "Feature", "geometry": {"type": "LineString", "coordinates": [[78.3769263, 17.4394467], [78.3769549, 17.4394183], [78.3770354, 17.4393555], [78.3771265, 17.4393201], [78.3772485, 17.4393055], [78.3773087, 17.4393112], [78.3773888, 17.4393486], [78.3774419, 17.4393937], [78.3774914, 17.4394779], [78.3775125, 17.4395604], [78.3775147, 17.4396218]]}, "properties": {"class": "primary"}}, {"type": "Feature", "geometry": {"type": "LineString", "coordinates": [[78.3646169, 17.4509629], [78.3645947, 17.4507509], [78.3645929, 17.4505441], [78.3645552, 17.4503509], [78.3645109, 17.450097]]}, "properties": {"class": "residential"}}, {"type": "Feature", "geometry": {"type": "LineString", "coordinates": [[78.3646287, 17.4513359], [78.364608, 17.4511668], [78.3646035, 17.451093]]}, "properties": {"class": "residential"}}, {"type": "Feature", "geometry": {"type": "LineString", "coordinates": [[78.3650764, 17.4510116], [78.3646273, 17.4510888], [78.3646035, 17.451093]]}, "properties": {"class": "residential"}}, {"type": "Feature", "geometry": {"type": "LineString", "coordinates": [[78.3650764, 17.4510116], [78.3651029, 17.4512585]]}, "properties": {"class": "residential"}}, {"type": "Feature", "geometry": {"type": "LineString", "coordinates": [[78.3646273, 17.4510888], [78.3646169, 17.4509629]]}, "properties": {"class": "residential"}}, {"type": "Feature", "geometry": {"type": "LineString", "coordinates": [[78.391638, 17.4653587], [78.3925841, 17.4647928], [78.3928336, 17.464671]]}, "properties": {"class": "residential"}}, {"type": "Feature", "geometry": {"type": "LineString", "coordinates": [[78.3965395, 17.4665284], [78.396567, 17.4661488], [78.396605, 17.465659]]}, "properties": {"class": "residential"}}, {"type": "Feature", "geometry": {"type": "LineString", "coordinates": [[78.3945968, 17.4576661], [78.3941326, 17.4571833], [78.3940709, 17.4571152], [78.3940008, 17.4570379], [78.3937947, 17.4568082]]}, "properties": {"class": "residential"}}, {"type": "Feature", "geometry": {"type": "LineString", "coordinates": [[78.361627, 17.434425], [78.3616802, 17.4344263], [78.3620664, 17.4342099]]}, "properties": {"class": "residential"}}, {"type": "Feature", "geometry": {"type": "LineString", "coordinates": [[78.3624714, 17.4327839], [78.362452, 17.4327049]]}, "properties": {"class": "residential"}}, {"type": "Feature", "geometry": {"type": "LineString", "coordinates": [[78.3618014, 17.4331232], [78.3614698, 17.433337]]}, "properties": {"class": "residential"}}, {"type": "Feature", "geometry": {"type": "LineString", "coordinates": [[78.3631865, 17.4323611], [78.363384, 17.4333606], [78.3638439, 17.4331125], [78.363861, 17.4330881], [78.3638632, 17.4330529], [78.3638034, 17.4327489], [78.3637117, 17.432332], [78.3635104, 17.4321503]]}, "properties": {"class": "residential"}}, {"type": "Feature", "geometry": {"type": "LineString", "coordinates": [[78.3637923, 17.4319095], [78.3635571, 17.4320428], [78.3634885, 17.4320849], [78.363469, 17.4320979], [78.3631522, 17.432292]]}, "properties": {"class": "residential"}}, {"type": "Feature", "geometry": {"type": "LineString", "coordinates": [[78.3631865, 17.4323611], [78.3635104, 17.4321503], [78.363589, 17.4321123], [78.3638268, 17.4319648]]}, "properties": {"class": "residential"}}, {"type": "Feature", "geometry": {"type": "LineString", "coordinates": [[78.3631522, 17.432292], [78.3631865, 17.4323611]]}, "properties": {"class": "residential"}}, {"type": "Feature", "geometry": {"type": "LineString", "coordinates": [[78.3602018, 17.466665], [78.3601923, 17.4666257], [78.36019, 17.4666163], [78.3601958, 17.4665676]]}, "properties": {"class": "residential"}}, {"type": "Feature", "geometry": {"type": "LineString", "coordinates": [[78.361821, 17.4331958], [78.3618014, 17.4331232]]}, "properties": {"class": "residential"}}, {"type": "Feature", "geometry": {"type": "LineString", "coordinates": [[78.362452, 17.4327049], [78.3621804, 17.4328627], [78.3618014, 17.4331232]]}, "properties": {"class": "residential"}}, {"type": "Feature", "geometry": {"type": "LineString", "coordinates": [[78.3794172, 17.4402189], [78.3795734, 17.4401018], [78.3796584, 17.4400018], [78.3796706, 17.4399895], [78.3798685, 17.4398075], [78.3801233, 17.439549], [78.3803888, 17.4392394], [78.380435, 17.4391755], [78.3804803, 17.4391287], [78.3806195, 17.4389272], [78.3807325, 17.4387816]]}, "properties": {"class": "tertiary"}}, {"type": "Feature", "geometry": {"type": "LineString", "coordinates": [[78.3807325, 17.4387816], [78.380826, 17.4386636], [78.3810795, 17.4384078]]}, "properties": {"class": "tertiary"}}, {"type": "Feature", "geometry": {"type": "LineString", "coordinates": [[78.3777868, 17.4341031], [78.3777798, 17.4342175]]}, "properties": {"class": "tertiary"}}, {"type": "Feature", "geometry": {"type": "LineString", "coordinates": [[78.3793315, 17.4378465], [78.3792715, 17.4378948], [78.3789415, 17.4381848], [78.3784664, 17.4385664], [78.3780014, 17.43894], [78.377818, 17.4390501], [78.3777011, 17.4390969], [78.3773119, 17.4392522]]}, "properties": {"class": "secondary"}}, {"type": "Feature", "geometry": {"type": "LineString", "coordinates": [[78.3672109, 17.444104], [78.3673118, 17.4440208], [78.3673729, 17.4439769], [78.3674443, 17.4439249], [78.367508, 17.4438823], [78.3676779, 17.4437623], [78.3679072, 17.4436129]]}, "properties": {"class": "secondary"}}, {"type": "Feature", "geometry": {"type": "LineString", "coordinates": [[78.3697963, 17.4682588], [78.3697701, 17.4682792], [78.3697438, 17.4682995]]}, "properties": {"class": "residential"}}, {"type": "Feature", "geometry": {"type": "LineString", "coordinates": [[78.366569, 17.4551852], [78.3665605, 17.4551625], [78.3665123, 17.4550163]]}, "properties": {"class": "residential"}}, {"type": "Feature", "geometry": {"type": "LineString", "coordinates": [[78.3772007, 17.4436399], [78.3772043, 17.4435079], [78.3772066, 17.443426], [78.3772068, 17.4434174], [78.3772081, 17.443361]]}, "properties": {"class": "primary"}}, {"type": "Feature", "geometry": {"type": "LineString", "coordinates": [[78.3771071, 17.4435139], [78.37709, 17.4437778], [78.3770902, 17.4437889], [78.3770986, 17.4442006], [78.3770979, 17.4442319], [78.3770984, 17.4443227], [78.3771024, 17.4444173], [78.3771114, 17.4444971], [78.3771209, 17.4445818], [78.377147, 17.4447516], [78.3772323, 17.445257], [78.3773137, 17.4458418], [78.3773305, 17.4459378], [78.3773435, 17.4460241], [78.3773632, 17.4461103], [78.3773834, 17.4461743], [78.3774091, 17.4462539], [78.3774732, 17.4463991], [78.3777328, 17.4468415], [78.3778204, 17.4469855], [78.377944, 17.4471953], [78.3780512, 17.4473718], [78.3781487, 17.4475248], [78.3782333, 17.4476462], [78.3787084, 17.4482074], [78.3788378, 17.4483813], [78.3789099, 17.4484995], [78.3789873, 17.4486464], [78.3790352, 17.4487564], [78.3790746, 17.4488566], [78.3791069, 17.4489582], [78.3791415, 17.4490827], [78.3793302, 17.4499277], [78.3793675, 17.4500617], [78.3793901, 17.4501432], [78.3794025, 17.4501778], [78.3794088, 17.4501955], [78.3794501, 17.4502809]]}, "properties": {"class": "primary"}}, {"type": "Feature", "geometry": {"type": "LineString", "coordinates": [[78.3771179, 17.4431393], [78.3771096, 17.4434218]]}, "properties": {"class": "primary"}}, {"type": "Feature", "geometry": {"type": "LineString", "coordinates": [[78.3771096, 17.4434218], [78.3771071, 17.4435139]]}, "properties": {"class": "primary"}}, {"type": "Feature", "geometry": {"type": "LineString", "coordinates": [[78.3602522, 17.4681127], [78.3606734, 17.4680888]]}, "properties": {"class": "residential"}}, {"type": "Feature", "geometry": {"type": "LineString", "coordinates": [[78.3606502, 17.467683], [78.3606342, 17.4672528], [78.3606387, 17.4668309], [78.3606419, 17.4666271]]}, "properties": {"class": "residential"}}, {"type": "Feature", "geometry": {"type": "LineString", "coordinates": [[78.3622053, 17.4676376], [78.3618444, 17.4676296], [78.3614055, 17.4676494], [78.3606502, 17.467683]]}, "properties": {"class": "residential"}}, {"type": "Feature", "geometry": {"type": "LineString", "coordinates": [[78.3753777, 17.4421689], [78.3753777, 17.4424321]]}, "properties": {"class": "residential"}}, {"type": "Feature", "geometry": {"type": "LineString", "coordinates": [[78.3525296, 17.4644573], [78.3526116, 17.4644723], [78.3526511, 17.4644635], [78.3529297, 17.4643248], [78.3532309, 17.464181]]}, "properties": {"class": "residential"}}, {"type": "Feature", "geometry": {"type": "LineString", "coordinates": [[78.3994688, 17.4656201], [78.399328, 17.4656405], [78.399265, 17.4656572], [78.3992127, 17.4656828], [78.3992122, 17.4657435], [78.3992677, 17.4658606], [78.3992551, 17.4659017], [78.399236, 17.4659257], [78.3989751, 17.4659665]]}, "properties": {"class": "residential"}}, {"type": "Feature", "geometry": {"type": "LineString", "coordinates": [[78.3999418, 17.4655696], [78.3998463, 17.4654783], [78.3995841, 17.46507], [78.3994919, 17.4649391], [78.3994297, 17.4648087]]}, "properties": {"class": "residential"}}, {"type": "Feature", "geometry": {"type": "LineString", "coordinates": [[78.3999418, 17.4655696], [78.3994688, 17.4656201]]}, "properties": {"class": "residential"}}, {"type": "Feature", "geometry": {"type": "LineString", "coordinates": [[78.4011405, 17.4557879], [78.401146, 17.4559168], [78.4011553, 17.4561353]]}, "properties": {"class": "residential"}}, {"type": "Feature", "geometry": {"type": "LineString", "coordinates": [[78.3997582, 17.4560016], [78.3997693, 17.4561082], [78.3997669, 17.4561228], [78.3997506, 17.4561341], [78.3994504, 17.4562351]]}, "properties": {"class": "residential"}}, {"type": "Feature", "geometry": {"type": "LineString", "coordinates": [[78.39185, 17.4435256], [78.391776, 17.4435076], [78.3917378, 17.4435085], [78.3917039, 17.4435191], [78.3916841, 17.4435387], [78.3916636, 17.4435615], [78.3916146, 17.443735], [78.3914221, 17.4440021], [78.3912293, 17.4442938], [78.3911633, 17.4444609], [78.3911288, 17.4445536], [78.391114, 17.4445923], [78.391097, 17.4446323], [78.3910762, 17.4446707], [78.3910507, 17.4447106]]}, "properties": {"class": "residential"}}, {"type": "Feature", "geometry": {"type": "LineString", "coordinates": [[78.3689816, 17.435192], [78.3690422, 17.4352649], [78.3691434, 17.4353814], [78.3692085, 17.4354568]]}, "properties": {"class": "residential"}}, {"type": "Feature", "geometry": {"type": "LineString", "coordinates": [[78.3927155, 17.4364476], [78.392702, 17.4364929], [78.392728, 17.4365812], [78.3930713, 17.4373142], [78.3932618, 17.4377253], [78.3931599, 17.4377705], [78.393103, 17.4377972], [78.3930294, 17.4378278]]}, "properties": {"class": "tertiary"}}, {"type": "Feature", "geometry": {"type": "LineString", "coordinates": [[78.3902534, 17.4386727], [78.3901782, 17.4386242], [78.3901233, 17.4385583], [78.3900871, 17.4382409], [78.3900491, 17.4378859]]}, "properties": {"class": "tertiary"}}, {"type": "Feature", "geometry": {"type": "LineString", "coordinates": [[78.38925, 17.4376066], [78.3898832, 17.4375648]]}, "properties": {"class": "tertiary"}}, {"type": "Feature", "geometry": {"type": "LineString", "coordinates": [[78.3900491, 17.4378859], [78.3900115, 17.4375512], [78.3899565, 17.4375104], [78.3898249, 17.437518], [78.3887898, 17.4375844], [78.3887582, 17.4375787], [78.388737, 17.4375686], [78.388723, 17.437551], [78.3887077, 17.4374352], [78.3886866, 17.4373912], [78.3886493, 17.4373527], [78.388595, 17.4373272]]}, "properties": {"class": "tertiary"}}, {"type": "Feature", "geometry": {"type": "LineString", "coordinates": [[78.3907939, 17.4385452], [78.3902534, 17.4386727]]}, "properties": {"class": "tertiary"}}, {"type": "Feature", "geometry": {"type": "LineString", "coordinates": [[78.3601959, 17.4331965], [78.3604043, 17.4336219], [78.3607007, 17.4341657], [78.361052, 17.4347235], [78.3614021, 17.4353057], [78.3619479, 17.4361016], [78.3623355, 17.4366812], [78.3627418, 17.4372352], [78.3631978, 17.437912], [78.3635653, 17.438475]]}, "properties": {"class": "motorway"}}, {"type": "Feature", "geometry": {"type": "LineString", "coordinates": [[78.3953944, 17.4570889], [78.395419, 17.4576163], [78.3954054, 17.4582969]]}, "properties": {"class": "residential"}}, {"type": "Feature", "geometry": {"type": "LineString", "coordinates": [[78.3940709, 17.4571152], [78.3942661, 17.4571095], [78.3948902, 17.4570913], [78.3953944, 17.4570889]]}, "properties": {"class": "residential"}}, {"type": "Feature", "geometry": {"type": "LineString", "coordinates": [[78.3536542, 17.4587068], [78.3540383, 17.4585117]]}, "properties": {"class": "residential"}}, {"type": "Feature", "geometry": {"type": "LineString", "coordinates": [[78.3546757, 17.4627045], [78.3547878, 17.4626451]]}, "properties": {"class": "residential"}}, {"type": "Feature", "geometry": {"type": "LineString", "coordinates": [[78.3872496, 17.4430275], [78.3874394, 17.4430926]]}, "properties": {"class": "residential"}}, {"type": "Feature", "geometry": {"type": "LineString", "coordinates": [[78.3777125, 17.4671309], [78.3776958, 17.4677005]]}, "properties": {"class": "residential"}}, {"type": "Feature", "geometry": {"type": "LineString", "coordinates": [[78.3778005, 17.468057], [78.3779519, 17.4680464]]}, "properties": {"class": "residential"}}, {"type": "Feature", "geometry": {"type": "LineString", "coordinates": [[78.3852919, 17.467704], [78.385113, 17.4674923], [78.384769, 17.4671335], [78.3846389, 17.467049], [78.3844525, 17.4669582], [78.3841266, 17.4668098], [78.383942, 17.4667176], [78.3837765, 17.4666473], [78.3834767, 17.4665235], [78.3834339, 17.4665058], [78.3832756, 17.4664612], [78.38322, 17.466449], [78.3831637, 17.4664401], [78.3831154, 17.4664427], [78.3830416, 17.4664542], [78.3828905, 17.4664701], [78.3826812, 17.466492], [78.3825493, 17.4665059], [78.3818596, 17.4665889]]}, "properties": {"class": "residential"}}, {"type": "Feature", "geometry": {"type": "LineString", "coordinates": [[78.3788591, 17.4666007], [78.3788381, 17.4668641], [78.3787983, 17.4676022], [78.3787974, 17.4677514], [78.378793, 17.4678242], [78.3787862, 17.4680434], [78.3787808, 17.4682298]]}, "properties": {"class": "residential"}}, {"type": "Feature", "geometry": {"type": "LineString", "coordinates": [[78.3791283, 17.4639264], [78.37912, 17.4639985], [78.3792757, 17.46466], [78.3792564, 17.4659836]]}, "properties": {"class": "tertiary"}}, {"type": "Feature", "geometry": {"type": "LineString", "coordinates": [[78.3792564, 17.4659836], [78.3792551, 17.4664395], [78.3792886, 17.466506]]}, "properties": {"class": "tertiary"}}, {"type": "Feature", "geometry": {"type": "LineString", "coordinates": [[78.3790957, 17.4638185], [78.3791283, 17.4639264]]}, "properties": {"class": "tertiary"}}, {"type": "Feature", "geometry": {"type": "LineString", "coordinates": [[78.3848588, 17.4628383], [78.38524, 17.4627939]]}, "properties": {"class": "tertiary"}}, {"type": "Feature", "geometry": {"type": "LineString", "coordinates": [[78.3964922, 17.455435], [78.396489, 17.4562584], [78.3964968, 17.456795]]}, "properties": {"class": "residential"}}, {"type": "Feature", "geometry": {"type": "LineString", "coordinates": [[78.3953944, 17.4570889], [78.396003, 17.4570939]]}, "properties": {"class": "residential"}}, {"type": "Feature", "geometry": {"type": "LineString", "coordinates": [[78.396003, 17.4570939], [78.396494, 17.4570968]]}, "properties": {"class": "residential"}}, {"type": "Feature", "geometry": {"type": "LineString", "coordinates": [[78.3759986, 17.4688412], [78.3760061, 17.4683543], [78.3760072, 17.4682807]]}, "properties": {"class": "residential"}}, {"type": "Feature", "geometry": {"type": "LineString", "coordinates": [[78.3677375, 17.4394644], [78.3680531, 17.439421], [78.368097, 17.4394076], [78.3681059, 17.4393637], [78.3680599, 17.4390054], [78.3680113, 17.4387187], [78.3679921, 17.4386792], [78.3679505, 17.4386705], [78.3674995, 17.4387355], [78.3674606, 17.4387503]]}, "properties": {"class": "residential"}}, {"type": "Feature", "geometry": {"type": "LineString", "coordinates": [[78.3526292, 17.4655461], [78.3525126, 17.4654797]]}, "properties": {"class": "residential"}}, {"type": "Feature", "geometry": {"type": "LineString", "coordinates": [[78.3527431, 17.4663464], [78.3527492, 17.4658336], [78.3527697, 17.4657762], [78.3527822, 17.4657312], [78.3527827, 17.4657124], [78.3527872, 17.4655523]]}, "properties": {"class": "residential"}}, {"type": "Feature", "geometry": {"type": "LineString", "coordinates": [[78.3520836, 17.468117], [78.3522961, 17.4681259], [78.3525177, 17.4681349]]}, "properties": {"class": "residential"}}, {"type": "Feature", "geometry": {"type": "LineString", "coordinates": [[78.3921169, 17.4673003], [78.3921152, 17.4664792]]}, "properties": {"class": "residential"}}, {"type": "Feature", "geometry": {"type": "LineString", "coordinates": [[78.3794702, 17.4202335], [78.3793399, 17.4201333], [78.3786793, 17.4196346]]}, "properties": {"class": "residential"}}, {"type": "Feature", "geometry": {"type": "LineString", "coordinates": [[78.39833, 17.4680815], [78.3981663, 17.46909]]}, "properties": {"class": "residential"}}, {"type": "Feature", "geometry": {"type": "LineString", "coordinates": [[78.3971434, 17.451363], [78.3971324, 17.4512543], [78.3973079, 17.4510808], [78.3973304, 17.4510263], [78.3971781, 17.450821]]}, "properties": {"class": "residential"}}, {"type": "Feature", "geometry": {"type": "LineString", "coordinates": [[78.3789334, 17.4542563], [78.37916, 17.4541323], [78.379227, 17.4540429]]}, "properties": {"class": "residential"}}, {"type": "Feature", "geometry": {"type": "LineString", "coordinates": [[78.379227, 17.4540429], [78.3793176, 17.4538575], [78.3793266, 17.4537847], [78.3793356, 17.4537118]]}, "properties": {"class": "residential"}}, {"type": "Feature", "geometry": {"type": "LineString", "coordinates": [[78.3886525, 17.4376507], [78.3886478, 17.4376345], [78.388641, 17.4376113], [78.3886163, 17.4375263]]}, "properties": {"class": "secondary"}}, {"type": "Feature", "geometry": {"type": "LineString", "coordinates": [[78.3550963, 17.4191209], [78.3549471, 17.4190433], [78.3548443, 17.418941]]}, "properties": {"class": "tertiary"}}, {"type": "Feature", "geometry": {"type": "LineString", "coordinates": [[78.3717935, 17.4421283], [78.3718179, 17.4422155]]}, "properties": {"class": "secondary"}}, {"type": "Feature", "geometry": {"type": "LineString", "coordinates": [[78.3718179, 17.4422155], [78.3723329, 17.4420428], [78.3730438, 17.4418069], [78.3731642, 17.4417673]]}, "properties": {"class": "secondary"}}, {"type": "Feature", "geometry": {"type": "LineString", "coordinates": [[78.3809618, 17.451272], [78.3807575, 17.4511374]]}, "properties": {"class": "primary"}}, {"type": "Feature", "geometry": {"type": "LineString", "coordinates": [[78.3674562, 17.4395312], [78.3674527, 17.4395087], [78.3674001, 17.4392051], [78.3674231, 17.4391813], [78.367424, 17.4391641], [78.3673779, 17.4387835]]}, "properties": {"class": "residential"}}, {"type": "Feature", "geometry": {"type": "LineString", "coordinates": [[78.3662812, 17.4385494], [78.3662181, 17.438579], [78.3661929, 17.4386034], [78.3661719, 17.4386273], [78.3659325, 17.4387924]]}, "properties": {"class": "residential"}}, {"type": "Feature", "geometry": {"type": "LineString", "coordinates": [[78.3661929, 17.4386034], [78.3661699, 17.4385749], [78.3661172, 17.4384797], [78.3660987, 17.4384786], [78.3658562, 17.438643]]}, "properties": {"class": "residential"}}, {"type": "Feature", "geometry": {"type": "LineString", "coordinates": [[78.3663462, 17.4387001], [78.3662883, 17.4387323], [78.3662804, 17.4387533], [78.366316, 17.4388187], [78.3663056, 17.4388406], [78.3661149, 17.4389475], [78.3661027, 17.4389442], [78.3660674, 17.4389115]]}, "properties": {"class": "residential"}}, {"type": "Feature", "geometry": {"type": "LineString", "coordinates": [[78.3662804, 17.4387533], [78.366254, 17.4387377], [78.366243, 17.4387399], [78.3662188, 17.4387124], [78.366205, 17.4387116], [78.3660403, 17.4388288]]}, "properties": {"class": "residential"}}, {"type": "Feature", "geometry": {"type": "LineString", "coordinates": [[78.3858059, 17.4402069], [78.3858854, 17.4401836], [78.3863809, 17.4400537], [78.3863878, 17.4400476], [78.3863905, 17.4400403], [78.3863362, 17.4398485], [78.3863287, 17.4398354], [78.3863099, 17.4398325], [78.3859301, 17.4399356]]}, "properties": {"class": "residential"}}, {"type": "Feature", "geometry": {"type": "LineString", "coordinates": [[78.3665197, 17.4391207], [78.3668523, 17.4390216]]}, "properties": {"class": "residential"}}, {"type": "Feature", "geometry": {"type": "LineString", "coordinates": [[78.36828, 17.4357292], [78.3683098, 17.4357652], [78.3683258, 17.4357755], [78.3684492, 17.4359252], [78.3684426, 17.4359481], [78.3683053, 17.4360583], [78.3682884, 17.4360624], [78.3681662, 17.435908], [78.3681689, 17.4358965], [78.3682119, 17.4358555], [78.3682165, 17.4358439], [78.3682112, 17.4358332], [78.3681842, 17.4358015]]}, "properties": {"class": "residential"}}, {"type": "Feature", "geometry": {"type": "LineString", "coordinates": [[78.3683258, 17.4357755], [78.3682165, 17.4358439]]}, "properties": {"class": "residential"}}, {"type": "Feature", "geometry": {"type": "LineString", "coordinates": [[78.3685772, 17.436193], [78.3685511, 17.4361528], [78.3685457, 17.4361445], [78.3685478, 17.4361324], [78.3685827, 17.4361046], [78.3685827, 17.4360872], [78.3684856, 17.4359654], [78.3684689, 17.4359608], [78.3683183, 17.4360667], [78.3683097, 17.4360841], [78.3683152, 17.436104], [78.3684274, 17.4362273], [78.368444, 17.4362235], [78.3685457, 17.4361445]]}, "properties": {"class": "residential"}}, {"type": "Feature", "geometry": {"type": "LineString", "coordinates": [[78.3697187, 17.4361722], [78.369888, 17.4360544]]}, "properties": {"class": "residential"}}, {"type": "Feature", "geometry": {"type": "LineString", "coordinates": [[78.368902, 17.4364483], [78.3688777, 17.436416], [78.3686884, 17.4361651]]}, "properties": {"class": "residential"}}, {"type": "Feature", "geometry": {"type": "LineString", "coordinates": [[78.3785774, 17.4666975], [78.3777734, 17.4666684]]}, "properties": {"class": "residential"}}, {"type": "Feature", "geometry": {"type": "LineString", "coordinates": [[78.3967281, 17.4605042], [78.396683, 17.460416], [78.3964681, 17.4599961], [78.3963894, 17.4598465], [78.396238, 17.4595517]]}, "properties": {"class": "tertiary"}}, {"type": "Feature", "geometry": {"type": "LineString", "coordinates": [[78.3963677, 17.4600043], [78.3966121, 17.4604511], [78.3966632, 17.4605445]]}, "properties": {"class": "tertiary"}}, {"type": "Feature", "geometry": {"type": "LineString", "coordinates": [[78.3984513, 17.4665518], [78.3983936, 17.4670085], [78.3983192, 17.4675976], [78.398274, 17.467901], [78.3982727, 17.46791], [78.3982638, 17.4679695]]}, "properties": {"class": "tertiary"}}, {"type": "Feature", "geometry": {"type": "LineString", "coordinates": [[78.3985234, 17.4666954], [78.3986996, 17.465489]]}, "properties": {"class": "tertiary"}}, {"type": "Feature", "geometry": {"type": "LineString", "coordinates": [[78.3578735, 17.467611], [78.3579349, 17.4676115], [78.3580562, 17.4676125]]}, "properties": {"class": "residential"}}, {"type": "Feature", "geometry": {"type": "LineString", "coordinates": [[78.3593952, 17.467073], [78.3593822, 17.4671609], [78.3593556, 17.4673071], [78.3593421, 17.4673261], [78.3592838, 17.4674354], [78.3592811, 17.4674562], [78.3592823, 17.467522]]}, "properties": {"class": "residential"}}, {"type": "Feature", "geometry": {"type": "LineString", "coordinates": [[78.3829951, 17.4432608], [78.3830481, 17.4432404], [78.3830856, 17.443226], [78.3833742, 17.443115], [78.3834077, 17.4431113], [78.3834373, 17.4431241], [78.3834643, 17.4431592], [78.3835363, 17.4433616], [78.3835484, 17.4433866], [78.3835707, 17.4434051], [78.3836117, 17.4434126], [78.3837367, 17.4433699], [78.3837595, 17.4433546], [78.383764, 17.4433267], [78.3834952, 17.4426739], [78.3834858, 17.4426367], [78.3834655, 17.4426112], [78.3834286, 17.4426042], [78.3829809, 17.4427807], [78.3829515, 17.4427994], [78.3829387, 17.4428263], [78.3829464, 17.4428761], [78.3830207, 17.4430732], [78.3830301, 17.4431001], [78.3830131, 17.443123], [78.3829843, 17.4431383], [78.3829179, 17.4431734]]}, "properties": {"class": "residential"}}, {"type": "Feature", "geometry": {"type": "LineString", "coordinates": [[78.3822594, 17.4410767], [78.3822029, 17.4411713], [78.3822487, 17.4415186], [78.3822801, 17.4417573]]}, "properties": {"class": "residential"}}, {"type": "Feature", "geometry": {"type": "LineString", "coordinates": [[78.3669282, 17.4676743], [78.3673081, 17.4676914]]}, "properties": {"class": "residential"}}, {"type": "Feature", "geometry": {"type": "LineString", "coordinates": [[78.3742055, 17.4673966], [78.3742105, 17.4675738], [78.3742196, 17.4678994]]}, "properties": {"class": "residential"}}, {"type": "Feature", "geometry": {"type": "LineString", "coordinates": [[78.373634, 17.4675761], [78.3734245, 17.4676109]]}, "properties": {"class": "residential"}}, {"type": "Feature", "geometry": {"type": "LineString", "coordinates": [[78.3930005, 17.4455051], [78.3929912, 17.4454875], [78.3929616, 17.4454649]]}, "properties": {"class": "residential"}}, {"type": "Feature", "geometry": {"type": "LineString", "coordinates": [[78.3611416, 17.4628323], [78.3611206, 17.4628151], [78.3609282, 17.4624024], [78.3609259, 17.4623782], [78.3609359, 17.4623583], [78.3611178, 17.4622861], [78.3611435, 17.462284]]}, "properties": {"class": "residential"}}, {"type": "Feature", "geometry": {"type": "LineString", "coordinates": [[78.3609359, 17.4623583], [78.3609138, 17.4623156], [78.360895, 17.4622794]]}, "properties": {"class": "residential"}}, {"type": "Feature", "geometry": {"type": "LineString", "coordinates": [[78.3620163, 17.461325], [78.3618636, 17.460956]]}, "properties": {"class": "residential"}}, {"type": "Feature", "geometry": {"type": "LineString", "coordinates": [[78.3651974, 17.4591322], [78.3651833, 17.4589058]]}, "properties": {"class": "residential"}}, {"type": "Feature", "geometry": {"type": "LineString", "coordinates": [[78.3649257, 17.4585695], [78.3650624, 17.4591445]]}, "properties": {"class": "residential"}}, {"type": "Feature", "geometry": {"type": "LineString", "coordinates": [[78.3647415, 17.4592738], [78.3647753, 17.4596475]]}, "properties": {"class": "residential"}}, {"type": "Feature", "geometry": {"type": "LineString", "coordinates": [[78.364943, 17.460164], [78.3649707, 17.4600091]]}, "properties": {"class": "residential"}}, {"type": "Feature", "geometry": {"type": "LineString", "coordinates": [[78.3643784, 17.4602212], [78.3643709, 17.4601382]]}, "properties": {"class": "residential"}}, {"type": "Feature", "geometry": {"type": "LineString", "coordinates": [[78.3641944, 17.4601775], [78.3641855, 17.4600202], [78.3641731, 17.4598002]]}, "properties": {"class": "residential"}}, {"type": "Feature", "geometry": {"type": "LineString", "coordinates": [[78.3641998, 17.460273], [78.3641944, 17.4601775]]}, "properties": {"class": "residential"}}, {"type": "Feature", "geometry": {"type": "LineString", "coordinates": [[78.3653229, 17.46474], [78.3654204, 17.4650177]]}, "properties": {"class": "residential"}}, {"type": "Feature", "geometry": {"type": "LineString", "coordinates": [[78.3660885, 17.4373333], [78.365742, 17.4376071]]}, "properties": {"class": "residential"}}, {"type": "Feature", "geometry": {"type": "LineString", "coordinates": [[78.3672504, 17.4375996], [78.3672777, 17.4376487]]}, "properties": {"class": "residential"}}, {"type": "Feature", "geometry": {"type": "LineString", "coordinates": [[78.3673301, 17.4377085], [78.3673161, 17.437683], [78.367306, 17.4376664], [78.3672777, 17.4376487]]}, "properties": {"class": "residential"}}, {"type": "Feature", "geometry": {"type": "LineString", "coordinates": [[78.3672777, 17.4376487], [78.367273, 17.4376821], [78.3672766, 17.4377], [78.3672848, 17.4377261]]}, "properties": {"class": "residential"}}, {"type": "Feature", "geometry": {"type": "LineString", "coordinates": [[78.3672848, 17.4377261], [78.367307, 17.4377701]]}, "properties": {"class": "residential"}}, {"type": "Feature", "geometry": {"type": "LineString", "coordinates": [[78.3673476, 17.437754], [78.3673301, 17.4377085]]}, "properties": {"class": "residential"}}, {"type": "Feature", "geometry": {"type": "LineString", "coordinates": [[78.3676013, 17.4395153], [78.3676057, 17.4395467]]}, "properties": {"class": "residential"}}, {"type": "Feature", "geometry": {"type": "LineString", "coordinates": [[78.3677419, 17.4394999], [78.3677408, 17.4394904], [78.3677375, 17.4394644]]}, "properties": {"class": "residential"}}, {"type": "Feature", "geometry": {"type": "LineString", "coordinates": [[78.3675983, 17.4394864], [78.3676013, 17.4395153]]}, "properties": {"class": "residential"}}, {"type": "Feature", "geometry": {"type": "LineString", "coordinates": [[78.3677447, 17.4395215], [78.3677419, 17.4394999]]}, "properties": {"class": "residential"}}, {"type": "Feature", "geometry": {"type": "LineString", "coordinates": [[78.3675983, 17.4394864], [78.3677375, 17.4394644]]}, "properties": {"class": "residential"}}, {"type": "Feature", "geometry": {"type": "LineString", "coordinates": [[78.367557, 17.4394913], [78.3675662, 17.4394927], [78.3675983, 17.4394864]]}, "properties": {"class": "residential"}}, {"type": "Feature", "geometry": {"type": "LineString", "coordinates": [[78.3674637, 17.4395762], [78.3674562, 17.4395312]]}, "properties": {"class": "residential"}}, {"type": "Feature", "geometry": {"type": "LineString", "coordinates": [[78.370555, 17.4350188], [78.3703412, 17.4351732]]}, "properties": {"class": "residential"}}, {"type": "Feature", "geometry": {"type": "LineString", "coordinates": [[78.3708059, 17.4353349], [78.3710333, 17.4356116]]}, "properties": {"class": "residential"}}, {"type": "Feature", "geometry": {"type": "LineString", "coordinates": [[78.3706544, 17.4374763], [78.3707035, 17.4374444], [78.370711, 17.43744]]}, "properties": {"class": "residential"}}, {"type": "Feature", "geometry": {"type": "LineString", "coordinates": [[78.370711, 17.43744], [78.3708016, 17.4373742]]}, "properties": {"class": "residential"}}, {"type": "Feature", "geometry": {"type": "LineString", "coordinates": [[78.3711195, 17.4378477], [78.3711489, 17.4378321]]}, "properties": {"class": "residential"}}, {"type": "Feature", "geometry": {"type": "LineString", "coordinates": [[78.3712045, 17.4378584], [78.371264, 17.4378072], [78.3713122, 17.4377809]]}, "properties": {"class": "residential"}}, {"type": "Feature", "geometry": {"type": "LineString", "coordinates": [[78.3712087, 17.4377317], [78.3711432, 17.4377777]]}, "properties": {"class": "residential"}}, {"type": "Feature", "geometry": {"type": "LineString", "coordinates": [[78.3713122, 17.4377809], [78.3713639, 17.4377569], [78.3714255, 17.4377427]]}, "properties": {"class": "residential"}}, {"type": "Feature", "geometry": {"type": "LineString", "coordinates": [[78.3711489, 17.4378321], [78.3711672, 17.4378554], [78.3711817, 17.4378626], [78.3712045, 17.4378584]]}, "properties": {"class": "residential"}}, {"type": "Feature", "geometry": {"type": "LineString", "coordinates": [[78.3711489, 17.4378321], [78.3711334, 17.4378086], [78.3711329, 17.4377936], [78.3711432, 17.4377777]]}, "properties": {"class": "residential"}}, {"type": "Feature", "geometry": {"type": "LineString", "coordinates": [[78.3723418, 17.4368782], [78.3726895, 17.4365495]]}, "properties": {"class": "residential"}}, {"type": "Feature", "geometry": {"type": "LineString", "coordinates": [[78.3657102, 17.4469242], [78.3656361, 17.4469171], [78.3655779, 17.4469203], [78.3655394, 17.4469425]]}, "properties": {"class": "residential"}}, {"type": "Feature", "geometry": {"type": "LineString", "coordinates": [[78.3655394, 17.4469425], [78.3655815, 17.4469611], [78.3656416, 17.4469625], [78.3657102, 17.4469242]]}, "properties": {"class": "residential"}}, {"type": "Feature", "geometry": {"type": "LineString", "coordinates": [[78.3655394, 17.4469425], [78.3655007, 17.4469424]]}, "properties": {"class": "residential"}}, {"type": "Feature", "geometry": {"type": "LineString", "coordinates": [[78.3878375, 17.4351432], [78.3878864, 17.4354749]]}, "properties": {"class": "residential"}}, {"type": "Feature", "geometry": {"type": "LineString", "coordinates": [[78.3893857, 17.4397039], [78.3894253, 17.4396932], [78.3894744, 17.439678]]}, "properties": {"class": "residential"}}, {"type": "Feature", "geometry": {"type": "LineString", "coordinates": [[78.3894744, 17.439678], [78.3893074, 17.4391687]]}, "properties": {"class": "residential"}}, {"type": "Feature", "geometry": {"type": "LineString", "coordinates": [[78.3889241, 17.4394054], [78.3890695, 17.4393755], [78.3891958, 17.4393486]]}, "properties": {"class": "residential"}}, {"type": "Feature", "geometry": {"type": "LineString", "coordinates": [[78.3889241, 17.4394054], [78.3889281, 17.439344], [78.3889317, 17.4392881]]}, "properties": {"class": "residential"}}, {"type": "Feature", "geometry": {"type": "LineString", "coordinates": [[78.3907255, 17.4411459], [78.3906984, 17.4409907], [78.390684, 17.4408995]]}, "properties": {"class": "residential"}}, {"type": "Feature", "geometry": {"type": "LineString", "coordinates": [[78.3905887, 17.4406305], [78.3906019, 17.4406858], [78.3906473, 17.4408754], [78.390684, 17.4408995]]}, "properties": {"class": "residential"}}, {"type": "Feature", "geometry": {"type": "LineString", "coordinates": [[78.3905887, 17.4406305], [78.3906724, 17.4406167]]}, "properties": {"class": "residential"}}, {"type": "Feature", "geometry": {"type": "LineString", "coordinates": [[78.3830131, 17.443123], [78.3830856, 17.443226]]}, "properties": {"class": "residential"}}, {"type": "Feature", "geometry": {"type": "LineString", "coordinates": [[78.3667326, 17.4345449], [78.3669275, 17.4348517]]}, "properties": {"class": "residential"}}, {"type": "Feature", "geometry": {"type": "LineString", "coordinates": [[78.3660088, 17.4352766], [78.3665085, 17.4349709]]}, "properties": {"class": "residential"}}, {"type": "Feature", "geometry": {"type": "LineString", "coordinates": [[78.374328, 17.432279], [78.3746506, 17.4321214]]}, "properties": {"class": "residential"}}, {"type": "Feature", "geometry": {"type": "LineString", "coordinates": [[78.3692937, 17.4349522], [78.3695002, 17.4352007]]}, "properties": {"class": "residential"}}, {"type": "Feature", "geometry": {"type": "LineString", "coordinates": [[78.3926607, 17.4441407], [78.3927619, 17.4439203]]}, "properties": {"class": "residential"}}, {"type": "Feature", "geometry": {"type": "LineString", "coordinates": [[78.3531799, 17.4640996], [78.3525753, 17.4643986], [78.3525296, 17.4644573]]}, "properties": {"class": "residential"}}, {"type": "Feature", "geometry": {"type": "LineString", "coordinates": [[78.3571879, 17.4631602], [78.3572375, 17.4632035]]}, "properties": {"class": "residential"}}, {"type": "Feature", "geometry": {"type": "LineString", "coordinates": [[78.3570175, 17.4668301], [78.3569916, 17.4668305], [78.3569777, 17.4668307], [78.3568472, 17.4668321]]}, "properties": {"class": "residential"}}, {"type": "Feature", "geometry": {"type": "LineString", "coordinates": [[78.4021589, 17.4508074], [78.4021553, 17.450868]]}, "properties": {"class": "residential"}}, {"type": "Feature", "geometry": {"type": "LineString", "coordinates": [[78.3631611, 17.4657558], [78.363167, 17.4656583], [78.3631614, 17.4656429], [78.3631499, 17.4656334], [78.3631343, 17.4656303], [78.3629774, 17.4656124], [78.3629311, 17.4656284], [78.3629115, 17.4656489], [78.3628896, 17.4659388]]}, "properties": {"class": "residential"}}, {"type": "Feature", "geometry": {"type": "LineString", "coordinates": [[78.3626646, 17.4661725], [78.36269, 17.466012]]}, "properties": {"class": "residential"}}, {"type": "Feature", "geometry": {"type": "LineString", "coordinates": [[78.36269, 17.466012], [78.3626932, 17.4659851], [78.3626951, 17.4659691]]}, "properties": {"class": "residential"}}, {"type": "Feature", "geometry": {"type": "LineString", "coordinates": [[78.3818726, 17.4296478], [78.3818165, 17.429585], [78.381163, 17.4287739], [78.3811191, 17.4287196], [78.3805945, 17.4280685], [78.3799626, 17.4272842], [78.3799111, 17.4272703]]}, "properties": {"class": "residential"}}, {"type": "Feature", "geometry": {"type": "LineString", "coordinates": [[78.3786793, 17.4196346], [78.3779988, 17.4191968]]}, "properties": {"class": "residential"}}, {"type": "Feature", "geometry": {"type": "LineString", "coordinates": [[78.3568494, 17.4361342], [78.357039, 17.4362835], [78.3570971, 17.4363292]]}, "properties": {"class": "residential"}}, {"type": "Feature", "geometry": {"type": "LineString", "coordinates": [[78.3531309, 17.4198619], [78.3531214, 17.4197944]]}, "properties": {"class": "residential"}}, {"type": "Feature", "geometry": {"type": "LineString", "coordinates": [[78.3533289, 17.4195991], [78.3533648, 17.4197621]]}, "properties": {"class": "residential"}}, {"type": "Feature", "geometry": {"type": "LineString", "coordinates": [[78.3749414, 17.4184716], [78.3745961, 17.4185181]]}, "properties": {"class": "residential"}}, {"type": "Feature", "geometry": {"type": "LineString", "coordinates": [[78.3750761, 17.4190461], [78.3750594, 17.4189157]]}, "properties": {"class": "residential"}}, {"type": "Feature", "geometry": {"type": "LineString", "coordinates": [[78.3942465, 17.4139652], [78.3941661, 17.4140694], [78.3939743, 17.4142422], [78.3931468, 17.4148119], [78.3928002, 17.4150809], [78.3927324, 17.4151441], [78.3926216, 17.415257], [78.391803, 17.4161556], [78.391718, 17.4162517], [78.3915893, 17.4163354], [78.3914572, 17.4164149], [78.3912729, 17.4165302], [78.390947, 17.4167019], [78.3906731, 17.4168488], [78.3902103, 17.4170973], [78.3895952, 17.4174567], [78.3894613, 17.4175288], [78.3890996, 17.4177526], [78.3886473, 17.4180093], [78.3884078, 17.4181453], [78.3876559, 17.4186019], [78.3874297, 17.4187474], [78.3873311, 17.4189807]]}, "properties": {"class": "primary"}}, {"type": "Feature", "geometry": {"type": "LineString", "coordinates": [[78.3770114, 17.4413221], [78.3771449, 17.441434]]}, "properties": {"class": "primary"}}, {"type": "Feature", "geometry": {"type": "LineString", "coordinates": [[78.3771336, 17.4411629], [78.3771449, 17.441434]]}, "properties": {"class": "primary"}}, {"type": "Feature", "geometry": {"type": "LineString", "coordinates": [[78.3692414, 17.4191472], [78.3693207, 17.4191659], [78.3693757, 17.4191794], [78.3696385, 17.4191715], [78.3696651, 17.4191594], [78.3697144, 17.4189636]]}, "properties": {"class": "residential"}}, {"type": "Feature", "geometry": {"type": "LineString", "coordinates": [[78.3949033, 17.4217354], [78.3952176, 17.4217828]]}, "properties": {"class": "residential"}}, {"type": "Feature", "geometry": {"type": "LineString", "coordinates": [[78.3896568, 17.4444516], [78.3896466, 17.4444364], [78.3895793, 17.4441746]]}, "properties": {"class": "residential"}}, {"type": "Feature", "geometry": {"type": "LineString", "coordinates": [[78.3898368, 17.4444933], [78.3897492, 17.444124]]}, "properties": {"class": "residential"}}, {"type": "Feature", "geometry": {"type": "LineString", "coordinates": [[78.3905645, 17.4463239], [78.3902583, 17.4462778]]}, "properties": {"class": "residential"}}, {"type": "Feature", "geometry": {"type": "LineString", "coordinates": [[78.3881308, 17.4419033], [78.3883535, 17.4418405]]}, "properties": {"class": "residential"}}, {"type": "Feature", "geometry": {"type": "LineString", "coordinates": [[78.3883535, 17.4418405], [78.3884718, 17.4418078], [78.388588, 17.4417654], [78.3886197, 17.4417604], [78.3886497, 17.441777], [78.3887104, 17.4419447], [78.3887192, 17.4419558], [78.3887341, 17.4419604], [78.3888263, 17.4419367], [78.3888396, 17.4419367], [78.38885, 17.4419441], [78.3889041, 17.4421226], [78.388916, 17.4421403], [78.3889378, 17.4421435], [78.3890966, 17.4420986]]}, "properties": {"class": "residential"}}, {"type": "Feature", "geometry": {"type": "LineString", "coordinates": [[78.3907085, 17.4429001], [78.3907689, 17.4432891]]}, "properties": {"class": "residential"}}, {"type": "Feature", "geometry": {"type": "LineString", "coordinates": [[78.390224, 17.4432596], [78.3901986, 17.4430662]]}, "properties": {"class": "residential"}}, {"type": "Feature", "geometry": {"type": "LineString", "coordinates": [[78.3917808, 17.4450927], [78.3917475, 17.4453913]]}, "properties": {"class": "residential"}}, {"type": "Feature", "geometry": {"type": "LineString", "coordinates": [[78.3532893, 17.4580919], [78.3535153, 17.4579779]]}, "properties": {"class": "residential"}}, {"type": "Feature", "geometry": {"type": "LineString", "coordinates": [[78.3961139, 17.4406514], [78.3962362, 17.4409712]]}, "properties": {"class": "residential"}}, {"type": "Feature", "geometry": {"type": "LineString", "coordinates": [[78.3958772, 17.4407506], [78.396023, 17.4410649]]}, "properties": {"class": "residential"}}, {"type": "Feature", "geometry": {"type": "LineString", "coordinates": [[78.3675767, 17.4571861], [78.3676606, 17.457344]]}, "properties": {"class": "residential"}}, {"type": "Feature", "geometry": {"type": "LineString", "coordinates": [[78.3675632, 17.4570789], [78.3675767, 17.4571861]]}, "properties": {"class": "residential"}}, {"type": "Feature", "geometry": {"type": "LineString", "coordinates": [[78.3675632, 17.4570789], [78.3676338, 17.457159], [78.3677153, 17.4573132]]}, "properties": {"class": "residential"}}, {"type": "Feature", "geometry": {"type": "LineString", "coordinates": [[78.3677468, 17.4574653], [78.3677153, 17.4573132]]}, "properties": {"class": "residential"}}, {"type": "Feature", "geometry": {"type": "LineString", "coordinates": [[78.3667705, 17.4574284], [78.3661056, 17.4559883]]}, "properties": {"class": "residential"}}, {"type": "Feature", "geometry": {"type": "LineString", "coordinates": [[78.3671107, 17.4572765], [78.3664628, 17.4558389]]}, "properties": {"class": "residential"}}, {"type": "Feature", "geometry": {"type": "LineString", "coordinates": [[78.3690886, 17.4644082], [78.368985, 17.4643524], [78.3689057, 17.4642584]]}, "properties": {"class": "residential"}}, {"type": "Feature", "geometry": {"type": "LineString", "coordinates": [[78.389219, 17.4546872], [78.3891908, 17.4542735], [78.3890862, 17.4537646]]}, "properties": {"class": "residential"}}, {"type": "Feature", "geometry": {"type": "LineString", "coordinates": [[78.3916524, 17.4613541], [78.3917568, 17.4613222]]}, "properties": {"class": "residential"}}, {"type": "Feature", "geometry": {"type": "LineString", "coordinates": [[78.3855053, 17.4587348], [78.3855761, 17.4588594]]}, "properties": {"class": "residential"}}, {"type": "Feature", "geometry": {"type": "LineString", "coordinates": [[78.3854563, 17.4586484], [78.3855053, 17.4587348]]}, "properties": {"class": "residential"}}, {"type": "Feature", "geometry": {"type": "LineString", "coordinates": [[78.3859355, 17.4588556], [78.385794, 17.4585574]]}, "properties": {"class": "residential"}}, {"type": "Feature", "geometry": {"type": "LineString", "coordinates": [[78.39985, 17.4462344], [78.4001322, 17.4461644]]}, "properties": {"class": "residential"}}, {"type": "Feature", "geometry": {"type": "LineString", "coordinates": [[78.4006662, 17.4462432], [78.4003486, 17.4452021]]}, "properties": {"class": "residential"}}, {"type": "Feature", "geometry": {"type": "LineString", "coordinates": [[78.4006662, 17.4462432], [78.4009287, 17.4461671]]}, "properties": {"class": "residential"}}, {"type": "Feature", "geometry": {"type": "LineString", "coordinates": [[78.3994227, 17.4535528], [78.3993116, 17.4535802]]}, "properties": {"class": "residential"}}, {"type": "Feature", "geometry": {"type": "LineString", "coordinates": [[78.401146, 17.4559168], [78.4007578, 17.4559305]]}, "properties": {"class": "residential"}}, {"type": "Feature", "geometry": {"type": "LineString", "coordinates": [[78.3735386, 17.4381041], [78.3735897, 17.4380555], [78.3739332, 17.4377119], [78.3739868, 17.4376583], [78.3740982, 17.4375469], [78.3742878, 17.4373562], [78.3745672, 17.4370777]]}, "properties": {"class": "primary"}}, {"type": "Feature", "geometry": {"type": "LineString", "coordinates": [[78.3977385, 17.462288], [78.3981684, 17.4621094], [78.3981956, 17.4620803]]}, "properties": {"class": "residential"}}, {"type": "Feature", "geometry": {"type": "LineString", "coordinates": [[78.3984536, 17.4618487], [78.3984259, 17.4618668], [78.3984159, 17.4618893], [78.3984777, 17.4621201]]}, "properties": {"class": "residential"}}, {"type": "Feature", "geometry": {"type": "LineString", "coordinates": [[78.3624222, 17.4463516], [78.3624987, 17.4464862], [78.3625711, 17.4466039]]}, "properties": {"class": "residential"}}, {"type": "Feature", "geometry": {"type": "LineString", "coordinates": [[78.3665128, 17.4679923], [78.3662541, 17.4677937], [78.3658552, 17.4674433], [78.3655456, 17.4672165], [78.3653055, 17.4670879], [78.365269, 17.4670622]]}, "properties": {"class": "residential"}}, {"type": "Feature", "geometry": {"type": "LineString", "coordinates": [[78.3640604, 17.4661138], [78.3642927, 17.4663146], [78.3647655, 17.4666998]]}, "properties": {"class": "residential"}}, {"type": "Feature", "geometry": {"type": "LineString", "coordinates": [[78.3879593, 17.4540794], [78.387957, 17.4549455]]}, "properties": {"class": "tertiary"}}, {"type": "Feature", "geometry": {"type": "LineString", "coordinates": [[78.3879514, 17.4570015], [78.3879488, 17.4573676], [78.3879502, 17.4574858], [78.3879525, 17.4576903], [78.387981, 17.4582562]]}, "properties": {"class": "tertiary"}}, {"type": "Feature", "geometry": {"type": "LineString", "coordinates": [[78.3637066, 17.4392972], [78.3635543, 17.4396623], [78.3634941, 17.4398129], [78.3634488, 17.4399251], [78.3634145, 17.4400086]]}, "properties": {"class": "primary"}}, {"type": "Feature", "geometry": {"type": "LineString", "coordinates": [[78.363333, 17.4382557], [78.3634615, 17.4384782], [78.3635349, 17.4385795], [78.3635629, 17.4386149]]}, "properties": {"class": "motorway"}}, {"type": "Feature", "geometry": {"type": "LineString", "coordinates": [[78.3637331, 17.4392205], [78.3637066, 17.4392972]]}, "properties": {"class": "primary"}}, {"type": "Feature", "geometry": {"type": "LineString", "coordinates": [[78.3637652, 17.449377], [78.3637899, 17.4495391], [78.3637943, 17.4496053], [78.3637993, 17.4496793], [78.3638075, 17.4500788], [78.3637593, 17.4503257], [78.3636255, 17.4507213]]}, "properties": {"class": "primary"}}, {"type": "Feature", "geometry": {"type": "LineString", "coordinates": [[78.3636255, 17.4507213], [78.3635383, 17.4509309]]}, "properties": {"class": "primary"}}, {"type": "Feature", "geometry": {"type": "LineString", "coordinates": [[78.3635383, 17.4509309], [78.3635286, 17.4510442], [78.363511, 17.45125], [78.3635007, 17.451371], [78.3635034, 17.4516371], [78.3634834, 17.452269], [78.3634853, 17.4522995]]}, "properties": {"class": "primary"}}, {"type": "Feature", "geometry": {"type": "LineString", "coordinates": [[78.3634853, 17.4522995], [78.3634905, 17.4523829], [78.363496, 17.452465], [78.3635052, 17.4526035], [78.3635144, 17.4527859], [78.3635257, 17.4531264], [78.3635267, 17.4531485]]}, "properties": {"class": "primary"}}, {"type": "Feature", "geometry": {"type": "LineString", "coordinates": [[78.3636428, 17.4548731], [78.3637948, 17.4554593]]}, "properties": {"class": "primary"}}, {"type": "Feature", "geometry": {"type": "LineString", "coordinates": [[78.3637948, 17.4554593], [78.363879, 17.4555611], [78.3639056, 17.4555985]]}, "properties": {"class": "primary"}}, {"type": "Feature", "geometry": {"type": "LineString", "coordinates": [[78.3660011, 17.4590978], [78.3662579, 17.45903]]}, "properties": {"class": "primary"}}, {"type": "Feature", "geometry": {"type": "LineString", "coordinates": [[78.3636272, 17.4509512], [78.3636278, 17.4511842], [78.3636546, 17.4532158], [78.3636788, 17.45367], [78.3636922, 17.4541114], [78.3637404, 17.4546154], [78.3638281, 17.4551085], [78.363885, 17.4552769]]}, "properties": {"class": "primary"}}, {"type": "Feature", "geometry": {"type": "LineString", "coordinates": [[78.3645947, 17.4564961], [78.3649099, 17.4570513], [78.3651996, 17.457563], [78.3652827, 17.4576603], [78.365398, 17.4577575], [78.3656019, 17.4578854], [78.3657213, 17.4579916], [78.3658138, 17.4580991], [78.3658889, 17.4582232], [78.3659452, 17.4584048], [78.3659676, 17.4585184]]}, "properties": {"class": "primary"}}, {"type": "Feature", "geometry": {"type": "LineString", "coordinates": [[78.3677396, 17.4584944], [78.3672908, 17.4585186], [78.3670758, 17.4585232], [78.3669716, 17.4585419], [78.3668808, 17.4585753], [78.3666183, 17.4587469], [78.366534, 17.4588015]]}, "properties": {"class": "primary"}}, {"type": "Feature", "geometry": {"type": "LineString", "coordinates": [[78.3653261, 17.4575194], [78.3652137, 17.457334], [78.3651622, 17.457248], [78.3650091, 17.4569994]]}, "properties": {"class": "primary"}}, {"type": "Feature", "geometry": {"type": "LineString", "coordinates": [[78.3648085, 17.4566544], [78.3647972, 17.456628], [78.3647257, 17.4564238]]}, "properties": {"class": "primary"}}, {"type": "Feature", "geometry": {"type": "LineString", "coordinates": [[78.3647257, 17.4564238], [78.364551, 17.456094]]}, "properties": {"class": "primary"}}, {"type": "Feature", "geometry": {"type": "LineString", "coordinates": [[78.3640642, 17.4553018], [78.3640227, 17.4551943], [78.3639429, 17.4549813], [78.3639158, 17.4548138]]}, "properties": {"class": "primary"}}, {"type": "Feature", "geometry": {"type": "LineString", "coordinates": [[78.3639158, 17.4548138], [78.3638963, 17.4546927], [78.3638731, 17.4545494], [78.36384, 17.4539976], [78.3638209, 17.4536557], [78.3638138, 17.453549], [78.3637882, 17.4531565]]}, "properties": {"class": "primary"}}, {"type": "Feature", "geometry": {"type": "LineString", "coordinates": [[78.3698689, 17.4583302], [78.3701368, 17.4582774], [78.370239, 17.4582542], [78.3707085, 17.4581512]]}, "properties": {"class": "primary"}}, {"type": "Feature", "geometry": {"type": "LineString", "coordinates": [[78.3667219, 17.458913], [78.3669115, 17.4588607], [78.3669794, 17.4588419], [78.3673371, 17.4587671], [78.3675683, 17.4587187]]}, "properties": {"class": "primary"}}, {"type": "Feature", "geometry": {"type": "LineString", "coordinates": [[78.3642944, 17.4496011], [78.3642137, 17.4491672]]}, "properties": {"class": "residential"}}, {"type": "Feature", "geometry": {"type": "LineString", "coordinates": [[78.3641219, 17.4491645], [78.3642137, 17.4491672]]}, "properties": {"class": "residential"}}, {"type": "Feature", "geometry": {"type": "LineString", "coordinates": [[78.3628997, 17.4376798], [78.362979, 17.4377852], [78.3630579, 17.4379031]]}, "properties": {"class": "motorway"}}, {"type": "Feature", "geometry": {"type": "LineString", "coordinates": [[78.3630579, 17.4379031], [78.3631775, 17.4380816], [78.363333, 17.4382557]]}, "properties": {"class": "motorway"}}, {"type": "Feature", "geometry": {"type": "LineString", "coordinates": [[78.3708895, 17.4545914], [78.3706036, 17.4540804], [78.3700245, 17.4543455], [78.3700178, 17.4543989], [78.3702304, 17.4547648], [78.3704553, 17.4546737], [78.3704922, 17.4547434]]}, "properties": {"class": "residential"}}, {"type": "Feature", "geometry": {"type": "LineString", "coordinates": [[78.3769081, 17.4394871], [78.3768823, 17.4395653], [78.3768794, 17.4396473], [78.3768995, 17.439727], [78.3769217, 17.4397827], [78.3769552, 17.439826]]}, "properties": {"class": "primary"}}, {"type": "Feature", "geometry": {"type": "LineString", "coordinates": [[78.3981606, 17.458139], [78.3979541, 17.4581966]]}, "properties": {"class": "residential"}}, {"type": "Feature", "geometry": {"type": "LineString", "coordinates": [[78.3705979, 17.4629589], [78.3705865, 17.4629162], [78.3705721, 17.4628707], [78.3702484, 17.46297], [78.3702632, 17.463015], [78.3702759, 17.4630533]]}, "properties": {"class": "residential"}}, {"type": "Feature", "geometry": {"type": "LineString", "coordinates": [[78.3654202, 17.4470606], [78.3653439, 17.4469611]]}, "properties": {"class": "residential"}}, {"type": "Feature", "geometry": {"type": "LineString", "coordinates": [[78.4003049, 17.4251477], [78.4003171, 17.4250417], [78.400303, 17.4249815], [78.400179, 17.4244772], [78.4001675, 17.4244412], [78.4001423, 17.4244051], [78.4000931, 17.4243571], [78.3997165, 17.4240545], [78.3993742, 17.4237694], [78.399262, 17.4236657], [78.3991636, 17.4235521], [78.3989827, 17.4233304], [78.398682, 17.422983], [78.3981814, 17.4223703], [78.3981551, 17.4223266], [78.3981356, 17.4222698], [78.3981127, 17.4221453], [78.3980853, 17.4218985], [78.3980544, 17.4215555], [78.3980486, 17.4213415], [78.3980532, 17.4211711], [78.3980738, 17.4209373], [78.3980956, 17.4207582], [78.3981276, 17.4205725], [78.3981562, 17.4204207], [78.3982467, 17.4199729], [78.3982719, 17.4198025], [78.3982982, 17.419643], [78.3983245, 17.4195109], [78.3983806, 17.4193034], [78.3985821, 17.4186742], [78.398723, 17.418415]]}, "properties": {"class": "tertiary"}}, {"type": "Feature", "geometry": {"type": "LineString", "coordinates": [[78.3962956, 17.4256344], [78.3964549, 17.4257431], [78.3977393, 17.4260202]]}, "properties": {"class": "residential"}}, {"type": "Feature", "geometry": {"type": "LineString", "coordinates": [[78.3990379, 17.4261153], [78.3988046, 17.426072], [78.3978465, 17.4258482], [78.3971023, 17.4256509], [78.3966038, 17.4255481], [78.396518, 17.4255304], [78.3962357, 17.4255315]]}, "properties": {"class": "residential"}}, {"type": "Feature", "geometry": {"type": "LineString", "coordinates": [[78.3950762, 17.4251364], [78.3951526, 17.4251711], [78.3953158, 17.425249], [78.3956579, 17.4253941], [78.3961877, 17.4255933], [78.3962956, 17.4256344], [78.3964618, 17.425673]]}, "properties": {"class": "secondary"}}, {"type": "Feature", "geometry": {"type": "LineString", "coordinates": [[78.3964821, 17.4255935], [78.3963843, 17.4255694], [78.3962357, 17.4255315], [78.3955934, 17.4252797], [78.3952433, 17.4251201], [78.3951142, 17.4250482], [78.395032, 17.4250511]]}, "properties": {"class": "secondary"}}, {"type": "Feature", "geometry": {"type": "LineString", "coordinates": [[78.399394, 17.4263193], [78.3993177, 17.4262719], [78.3991733, 17.4261715], [78.3991059, 17.4261382], [78.3990379, 17.4261153], [78.398961, 17.4261146], [78.3989126, 17.4261237], [78.3988167, 17.4261316], [78.3987289, 17.4261229]]}, "properties": {"class": "secondary"}}, {"type": "Feature", "geometry": {"type": "LineString", "coordinates": [[78.3987124, 17.4261846], [78.398881, 17.4262218], [78.399394, 17.4263193]]}, "properties": {"class": "secondary"}}, {"type": "Feature", "geometry": {"type": "LineString", "coordinates": [[78.394796, 17.4252395], [78.3949896, 17.4250275]]}, "properties": {"class": "residential"}}, {"type": "Feature", "geometry": {"type": "LineString", "coordinates": [[78.3948134, 17.4249069], [78.394796, 17.4252395]]}, "properties": {"class": "residential"}}, {"type": "Feature", "geometry": {"type": "LineString", "coordinates": [[78.3970624, 17.4415649], [78.3967732, 17.4417933], [78.3961855, 17.442124], [78.395863, 17.4423077], [78.3953362, 17.4425411], [78.3947521, 17.4427631], [78.393939, 17.443016], [78.3937235, 17.4430695], [78.3936316, 17.4430946], [78.3935828, 17.443108], [78.3934783, 17.4431427]]}, "properties": {"class": "secondary"}}, {"type": "Feature", "geometry": {"type": "LineString", "coordinates": [[78.3935405, 17.4432998], [78.3936395, 17.4432637], [78.3936843, 17.4432474], [78.3945185, 17.4429432], [78.3950686, 17.4427426], [78.3950998, 17.4427313], [78.3955253, 17.4425667], [78.3958635, 17.4424028], [78.3962346, 17.4421969]]}, "properties": {"class": "secondary"}}, {"type": "Feature", "geometry": {"type": "LineString", "coordinates": [[78.3642882, 17.4227653], [78.3642856, 17.4228128], [78.3643113, 17.4228378]]}, "properties": {"class": "tertiary"}}, {"type": "Feature", "geometry": {"type": "LineString", "coordinates": [[78.3646938, 17.4226637], [78.3643215, 17.422748], [78.3642882, 17.4227653]]}, "properties": {"class": "tertiary"}}, {"type": "Feature", "geometry": {"type": "LineString", "coordinates": [[78.3646938, 17.4226637], [78.3647217, 17.4227532]]}, "properties": {"class": "tertiary"}}, {"type": "Feature", "geometry": {"type": "LineString", "coordinates": [[78.3647611, 17.4226462], [78.3646938, 17.4226637]]}, "properties": {"class": "tertiary"}}, {"type": "Feature", "geometry": {"type": "LineString", "coordinates": [[78.3716517, 17.4184281], [78.3717804, 17.4188188], [78.3717871, 17.4189367], [78.37181, 17.4190258], [78.3719818, 17.4194814], [78.3721617, 17.4199585], [78.3722783, 17.4204129], [78.3722984, 17.420584], [78.3722903, 17.4206678], [78.3722305, 17.4207599], [78.3721492, 17.4208144], [78.3718608, 17.420981], [78.3716781, 17.4211424], [78.3715759, 17.4212895]]}, "properties": {"class": "tertiary"}}, {"type": "Feature", "geometry": {"type": "LineString", "coordinates": [[78.3715759, 17.4212895], [78.3716414, 17.4213227]]}, "properties": {"class": "tertiary"}}, {"type": "Feature", "geometry": {"type": "LineString", "coordinates": [[78.3747309, 17.4411003], [78.3746181, 17.4409352]]}, "properties": {"class": "residential"}}, {"type": "Feature", "geometry": {"type": "LineString", "coordinates": [[78.3696766, 17.4513831], [78.3695301, 17.4512321]]}, "properties": {"class": "residential"}}, {"type": "Feature", "geometry": {"type": "LineString", "coordinates": [[78.3693531, 17.4513845], [78.3691906, 17.4515168]]}, "properties": {"class": "residential"}}, {"type": "Feature", "geometry": {"type": "LineString", "coordinates": [[78.3808155, 17.451464], [78.3808793, 17.4515039], [78.3809865, 17.4515775]]}, "properties": {"class": "primary"}}, {"type": "Feature", "geometry": {"type": "LineString", "coordinates": [[78.3581803, 17.4380837], [78.3582138, 17.4380512]]}, "properties": {"class": "residential"}}, {"type": "Feature", "geometry": {"type": "LineString", "coordinates": [[78.357777, 17.4376408], [78.3577378, 17.4376883]]}, "properties": {"class": "residential"}}, {"type": "Feature", "geometry": {"type": "LineString", "coordinates": [[78.3600304, 17.4433554], [78.3599475, 17.4430015]]}, "properties": {"class": "residential"}}, {"type": "Feature", "geometry": {"type": "LineString", "coordinates": [[78.3621804, 17.4328627], [78.3621179, 17.4327043], [78.3621066, 17.4326757]]}, "properties": {"class": "residential"}}, {"type": "Feature", "geometry": {"type": "LineString", "coordinates": [[78.3946713, 17.4248148], [78.3945984, 17.4249215], [78.3943951, 17.4251878]]}, "properties": {"class": "residential"}}, {"type": "Feature", "geometry": {"type": "LineString", "coordinates": [[78.3960342, 17.4302543], [78.3959183, 17.4302662], [78.3956211, 17.4302851]]}, "properties": {"class": "residential"}}, {"type": "Feature", "geometry": {"type": "LineString", "coordinates": [[78.3979198, 17.4309627], [78.3979063, 17.4309101], [78.3978411, 17.4307727], [78.3977946, 17.4306255]]}, "properties": {"class": "residential"}}, {"type": "Feature", "geometry": {"type": "LineString", "coordinates": [[78.3978411, 17.4307727], [78.3977814, 17.4307648], [78.3977019, 17.4307755]]}, "properties": {"class": "residential"}}, {"type": "Feature", "geometry": {"type": "LineString", "coordinates": [[78.3613969, 17.4403788], [78.3614639, 17.4404704]]}, "properties": {"class": "residential"}}, {"type": "Feature", "geometry": {"type": "LineString", "coordinates": [[78.3614639, 17.4404704], [78.3616353, 17.4406977]]}, "properties": {"class": "residential"}}, {"type": "Feature", "geometry": {"type": "LineString", "coordinates": [[78.3538211, 17.4589853], [78.3542597, 17.4587621]]}, "properties": {"class": "residential"}}, {"type": "Feature", "geometry": {"type": "LineString", "coordinates": [[78.3739959, 17.455028], [78.3739805, 17.4549817], [78.373987, 17.4549569], [78.373893, 17.4547025], [78.3738696, 17.4546873], [78.3737109, 17.4547482], [78.3737029, 17.4547833]]}, "properties": {"class": "residential"}}, {"type": "Feature", "geometry": {"type": "LineString", "coordinates": [[78.3738763, 17.4550933], [78.3738383, 17.4550352], [78.3738121, 17.4550288], [78.3737977, 17.4550155], [78.3737029, 17.4547833]]}, "properties": {"class": "residential"}}, {"type": "Feature", "geometry": {"type": "LineString", "coordinates": [[78.3738121, 17.4550288], [78.373987, 17.4549569]]}, "properties": {"class": "residential"}}, {"type": "Feature", "geometry": {"type": "LineString", "coordinates": [[78.3866808, 17.4476458], [78.3866746, 17.4479907]]}, "properties": {"class": "residential"}}, {"type": "Feature", "geometry": {"type": "LineString", "coordinates": [[78.3871564, 17.4476656], [78.3871253, 17.4479643]]}, "properties": {"class": "residential"}}, {"type": "Feature", "geometry": {"type": "LineString", "coordinates": [[78.3872132, 17.4570226], [78.3874804, 17.4570167], [78.3877059, 17.4570117]]}, "properties": {"class": "residential"}}, {"type": "Feature", "geometry": {"type": "LineString", "coordinates": [[78.3635446, 17.4535586], [78.3638138, 17.453549]]}, "properties": {"class": "residential"}}, {"type": "Feature", "geometry": {"type": "LineString", "coordinates": [[78.3980982, 17.4542785], [78.3980627, 17.4540286]]}, "properties": {"class": "residential"}}, {"type": "Feature", "geometry": {"type": "LineString", "coordinates": [[78.3985341, 17.454192], [78.398499, 17.4539796]]}, "properties": {"class": "residential"}}, {"type": "Feature", "geometry": {"type": "LineString", "coordinates": [[78.3618617, 17.4564884], [78.3619497, 17.4567128]]}, "properties": {"class": "residential"}}, {"type": "Feature", "geometry": {"type": "LineString", "coordinates": [[78.3619497, 17.4567128], [78.3619665, 17.4570099], [78.3620098, 17.4577753]]}, "properties": {"class": "residential"}}, {"type": "Feature", "geometry": {"type": "LineString", "coordinates": [[78.3780932, 17.4680459], [78.378092, 17.4681935]]}, "properties": {"class": "residential"}}, {"type": "Feature", "geometry": {"type": "LineString", "coordinates": [[78.3798867, 17.4677199], [78.3798966, 17.4680978]]}, "properties": {"class": "residential"}}, {"type": "Feature", "geometry": {"type": "LineString", "coordinates": [[78.3811807, 17.4671517], [78.3811653, 17.4669313], [78.3811487, 17.4665917]]}, "properties": {"class": "residential"}}, {"type": "Feature", "geometry": {"type": "LineString", "coordinates": [[78.3834492, 17.4672046], [78.383407, 17.4670229]]}, "properties": {"class": "residential"}}, {"type": "Feature", "geometry": {"type": "LineString", "coordinates": [[78.3974852, 17.4604532], [78.3980123, 17.4601955]]}, "properties": {"class": "residential"}}, {"type": "Feature", "geometry": {"type": "LineString", "coordinates": [[78.3998565, 17.4623415], [78.4001765, 17.4628007], [78.4001951, 17.4628483], [78.4001921, 17.4628784], [78.400099, 17.4629448]]}, "properties": {"class": "residential"}}, {"type": "Feature", "geometry": {"type": "LineString", "coordinates": [[78.3637517, 17.4388415], [78.3637628, 17.43884], [78.3638083, 17.4388337], [78.3638601, 17.4388106], [78.3639025, 17.438774], [78.36392, 17.4387463], [78.363932, 17.4387273]]}, "properties": {"class": "motorway"}}, {"type": "Feature", "geometry": {"type": "LineString", "coordinates": [[78.363932, 17.4387273], [78.3639467, 17.4386653], [78.3639386, 17.4386022], [78.3639087, 17.4385455], [78.3638604, 17.4385017], [78.3637995, 17.438476], [78.3637659, 17.4384737], [78.3637331, 17.4384714]]}, "properties": {"class": "motorway"}}, {"type": "Feature", "geometry": {"type": "LineString", "coordinates": [[78.3635629, 17.4386149], [78.3635615, 17.4386325], [78.3635586, 17.4386699], [78.3635715, 17.4387236], [78.3636003, 17.4387714], [78.3636426, 17.438809], [78.3636946, 17.4388331], [78.3637517, 17.4388415]]}, "properties": {"class": "motorway"}}, {"type": "Feature", "geometry": {"type": "LineString", "coordinates": [[78.364139, 17.4385864], [78.364167, 17.4385632], [78.364384, 17.4383843], [78.3646082, 17.4381994], [78.3646644, 17.4381558], [78.3650352, 17.4378535], [78.3651662, 17.4377467], [78.3652972, 17.4376398], [78.365343, 17.4376025], [78.3654933, 17.4374799], [78.3659181, 17.4371336], [78.366513, 17.4366371], [78.366784, 17.4363843], [78.3669443, 17.4362387], [78.3672837, 17.4359303], [78.3673717, 17.4358505], [78.3678804, 17.4353486], [78.3681105, 17.4351385], [78.3682309, 17.4350151], [78.3684893, 17.4347549], [78.368648, 17.4345081]]}, "properties": {"class": "primary"}}, {"type": "Feature", "geometry": {"type": "LineString", "coordinates": [[78.3799111, 17.4272703], [78.3799157, 17.4273328], [78.380539, 17.4281117], [78.3806014, 17.4281896], [78.3810606, 17.4287635], [78.3811046, 17.4288184], [78.3817646, 17.4296433], [78.3818209, 17.4297074]]}, "properties": {"class": "residential"}}, {"type": "Feature", "geometry": {"type": "LineString", "coordinates": [[78.3811046, 17.4288184], [78.381163, 17.4287739], [78.3837832, 17.4267768], [78.3837854, 17.4267645], [78.3837828, 17.4267543], [78.3837721, 17.426745], [78.3837529, 17.4267461], [78.3811191, 17.4287196], [78.3810606, 17.4287635]]}, "properties": {"class": "residential"}}, {"type": "Feature", "geometry": {"type": "LineString", "coordinates": [[78.3799111, 17.4272703], [78.3799324, 17.4272244], [78.3800016, 17.4271558], [78.3820594, 17.4256991]]}, "properties": {"class": "residential"}}, {"type": "Feature", "geometry": {"type": "LineString", "coordinates": [[78.3769263, 17.4394467], [78.3769081, 17.4394871]]}, "properties": {"class": "primary"}}, {"type": "Feature", "geometry": {"type": "LineString", "coordinates": [[78.3686427, 17.440579], [78.368511, 17.4406225], [78.368457, 17.4406395], [78.3683098, 17.4406858], [78.3681977, 17.4407211]]}, "properties": {"class": "primary"}}, {"type": "Feature", "geometry": {"type": "LineString", "coordinates": [[78.3773107, 17.4560031], [78.3764065, 17.4559508], [78.3760231, 17.4559286]]}, "properties": {"class": "tertiary"}}, {"type": "Feature", "geometry": {"type": "LineString", "coordinates": [[78.376044, 17.4570598], [78.3760206, 17.4569869], [78.3760056, 17.4568539], [78.3759955, 17.4567647], [78.3759901, 17.456601], [78.3759921, 17.456561], [78.3760231, 17.4559286]]}, "properties": {"class": "residential"}}, {"type": "Feature", "geometry": {"type": "LineString", "coordinates": [[78.3741118, 17.4486146], [78.374158, 17.4485164], [78.3743185, 17.448175], [78.3744127, 17.4479574], [78.3744878, 17.4476847], [78.3744957, 17.4476562], [78.374573, 17.4473294], [78.3745983, 17.4471969], [78.3746206, 17.4469471], [78.3746307, 17.4466046], [78.3746395, 17.4462283], [78.3746888, 17.4460775], [78.374914, 17.4457495], [78.3749702, 17.4456351], [78.3749906, 17.4455216], [78.3749887, 17.4453743], [78.3748458, 17.4447781], [78.374724, 17.4441601]]}, "properties": {"class": "secondary"}}, {"type": "Feature", "geometry": {"type": "LineString", "coordinates": [[78.380539, 17.4281117], [78.3805945, 17.4280685]]}, "properties": {"class": "residential"}}, {"type": "Feature", "geometry": {"type": "LineString", "coordinates": [[78.3879396, 17.4487398], [78.3878612, 17.4487023]]}, "properties": {"class": "residential"}}, {"type": "Feature", "geometry": {"type": "LineString", "coordinates": [[78.4019827, 17.4243968], [78.4018895, 17.4241657], [78.4017875, 17.4239132]]}, "properties": {"class": "residential"}}, {"type": "Feature", "geometry": {"type": "LineString", "coordinates": [[78.4015162, 17.4242847], [78.4018199, 17.4241879], [78.4018895, 17.4241657]]}, "properties": {"class": "residential"}}, {"type": "Feature", "geometry": {"type": "LineString", "coordinates": [[78.4013042, 17.4455978], [78.4017803, 17.4454717]]}, "properties": {"class": "residential"}}, {"type": "Feature", "geometry": {"type": "LineString", "coordinates": [[78.3991334, 17.467528], [78.3994245, 17.4677426]]}, "properties": {"class": "residential"}}, {"type": "Feature", "geometry": {"type": "LineString", "coordinates": [[78.399674, 17.4649456], [78.4000458, 17.4648409], [78.4000836, 17.4647867], [78.4000227, 17.4646333], [78.399927, 17.4646608], [78.3998851, 17.4646679], [78.3997475, 17.464693], [78.3996957, 17.4646561], [78.3996344, 17.4644377], [78.3996107, 17.4644072], [78.3993746, 17.4644494]]}, "properties": {"class": "residential"}}, {"type": "Feature", "geometry": {"type": "LineString", "coordinates": [[78.4006259, 17.4657411], [78.4005102, 17.4654498]]}, "properties": {"class": "residential"}}, {"type": "Feature", "geometry": {"type": "LineString", "coordinates": [[78.3777971, 17.4339509], [78.3777885, 17.4340635], [78.3777868, 17.4341031]]}, "properties": {"class": "tertiary"}}, {"type": "Feature", "geometry": {"type": "LineString", "coordinates": [[78.3778154, 17.4338046], [78.3777971, 17.4339509]]}, "properties": {"class": "tertiary"}}, {"type": "Feature", "geometry": {"type": "LineString", "coordinates": [[78.3827158, 17.4394327], [78.3827485, 17.4400638]]}, "properties": {"class": "residential"}}, {"type": "Feature", "geometry": {"type": "LineString", "coordinates": [[78.3831326, 17.4393928], [78.3827158, 17.4394327]]}, "properties": {"class": "residential"}}, {"type": "Feature", "geometry": {"type": "LineString", "coordinates": [[78.3678889, 17.4435003], [78.3674671, 17.4438251]]}, "properties": {"class": "secondary"}}, {"type": "Feature", "geometry": {"type": "LineString", "coordinates": [[78.3987821, 17.4512154], [78.3983617, 17.4512512]]}, "properties": {"class": "tertiary"}}, {"type": "Feature", "geometry": {"type": "LineString", "coordinates": [[78.3968667, 17.432215], [78.3968745, 17.4323001], [78.3968898, 17.4323554], [78.3969241, 17.4323892], [78.3969703, 17.4324095]]}, "properties": {"class": "residential"}}, {"type": "Feature", "geometry": {"type": "LineString", "coordinates": [[78.3719508, 17.4371855], [78.370973, 17.437139]]}, "properties": {"class": "residential"}}, {"type": "Feature", "geometry": {"type": "LineString", "coordinates": [[78.3721252, 17.4360572], [78.3721497, 17.4356561]]}, "properties": {"class": "residential"}}, {"type": "Feature", "geometry": {"type": "LineString", "coordinates": [[78.3743718, 17.4195838], [78.3743816, 17.419906]]}, "properties": {"class": "residential"}}, {"type": "Feature", "geometry": {"type": "LineString", "coordinates": [[78.370973, 17.437139], [78.370973, 17.4372128], [78.370973, 17.4373254], [78.3709811, 17.4373958], [78.3709958, 17.4374534], [78.3710334, 17.4375199], [78.3712087, 17.4377317]]}, "properties": {"class": "residential"}}, {"type": "Feature", "geometry": {"type": "LineString", "coordinates": [[78.3714255, 17.4377427], [78.3714859, 17.4377209], [78.3715484, 17.4376773], [78.3719508, 17.4371855]]}, "properties": {"class": "residential"}}, {"type": "Feature", "geometry": {"type": "LineString", "coordinates": [[78.3744954, 17.4343285], [78.3743194, 17.4343166]]}, "properties": {"class": "residential"}}, {"type": "Feature", "geometry": {"type": "LineString", "coordinates": [[78.3743194, 17.4343166], [78.3742563, 17.4343516], [78.3742331, 17.4343673]]}, "properties": {"class": "residential"}}, {"type": "Feature", "geometry": {"type": "LineString", "coordinates": [[78.3741997, 17.4351219], [78.3739962, 17.4352596], [78.3739792, 17.4352679], [78.3739637, 17.4352711], [78.3738663, 17.4352765], [78.3738461, 17.4352869], [78.3738376, 17.4352992], [78.3738304, 17.4354011], [78.3738113, 17.4354149], [78.3737753, 17.4354188], [78.373466, 17.4353851]]}, "properties": {"class": "residential"}}, {"type": "Feature", "geometry": {"type": "LineString", "coordinates": [[78.3612697, 17.4324483], [78.361396, 17.4332262], [78.3614046, 17.4332525], [78.36142, 17.4332787], [78.3614698, 17.433337]]}, "properties": {"class": "residential"}}, {"type": "Feature", "geometry": {"type": "LineString", "coordinates": [[78.3614698, 17.433337], [78.3613471, 17.4334437], [78.3613201, 17.4335001]]}, "properties": {"class": "residential"}}, {"type": "Feature", "geometry": {"type": "LineString", "coordinates": [[78.3615086, 17.4334022], [78.3614698, 17.433337]]}, "properties": {"class": "residential"}}, {"type": "Feature", "geometry": {"type": "LineString", "coordinates": [[78.363469, 17.4320979], [78.3635104, 17.4321503]]}, "properties": {"class": "residential"}}, {"type": "Feature", "geometry": {"type": "LineString", "coordinates": [[78.3585138, 17.4436873], [78.3585067, 17.4436962], [78.358466, 17.443748]]}, "properties": {"class": "residential"}}, {"type": "Feature", "geometry": {"type": "LineString", "coordinates": [[78.3585193, 17.4437856], [78.3585626, 17.4437367]]}, "properties": {"class": "residential"}}, {"type": "Feature", "geometry": {"type": "LineString", "coordinates": [[78.3571723, 17.4443089], [78.3576173, 17.4443344]]}, "properties": {"class": "residential"}}, {"type": "Feature", "geometry": {"type": "LineString", "coordinates": [[78.3682788, 17.4438661], [78.3681032, 17.4436957], [78.367969, 17.4435655]]}, "properties": {"class": "residential"}}, {"type": "Feature", "geometry": {"type": "LineString", "coordinates": [[78.3662808, 17.4452911], [78.3661479, 17.4452165]]}, "properties": {"class": "residential"}}, {"type": "Feature", "geometry": {"type": "LineString", "coordinates": [[78.3660276, 17.445249], [78.3660842, 17.4452834], [78.3660899, 17.4452868], [78.3661034, 17.4452948]]}, "properties": {"class": "residential"}}, {"type": "Feature", "geometry": {"type": "LineString", "coordinates": [[78.3661479, 17.4452165], [78.3661358, 17.4452097], [78.3661312, 17.4452066], [78.3660713, 17.4451736]]}, "properties": {"class": "residential"}}, {"type": "Feature", "geometry": {"type": "LineString", "coordinates": [[78.3658834, 17.4447596], [78.3657944, 17.4449086]]}, "properties": {"class": "residential"}}, {"type": "Feature", "geometry": {"type": "LineString", "coordinates": [[78.3657944, 17.4449086], [78.3657082, 17.445053]]}, "properties": {"class": "residential"}}, {"type": "Feature", "geometry": {"type": "LineString", "coordinates": [[78.3660906, 17.4444126], [78.3659879, 17.4445846], [78.3658834, 17.4447596]]}, "properties": {"class": "residential"}}, {"type": "Feature", "geometry": {"type": "LineString", "coordinates": [[78.36617, 17.4442796], [78.3660906, 17.4444126]]}, "properties": {"class": "residential"}}, {"type": "Feature", "geometry": {"type": "LineString", "coordinates": [[78.3659879, 17.4445846], [78.366329, 17.4447602]]}, "properties": {"class": "residential"}}, {"type": "Feature", "geometry": {"type": "LineString", "coordinates": [[78.3657107, 17.4457641], [78.3657037, 17.4457573], [78.3655028, 17.4456452], [78.3654895, 17.4456433], [78.3654785, 17.4456496], [78.3652928, 17.4459555], [78.3652881, 17.4459896], [78.3653024, 17.4460157], [78.3654944, 17.4461298]]}, "properties": {"class": "residential"}}, {"type": "Feature", "geometry": {"type": "LineString", "coordinates": [[78.3657509, 17.4461996], [78.3656142, 17.4461172], [78.3656024, 17.4461101], [78.3655329, 17.4460682]]}, "properties": {"class": "residential"}}, {"type": "Feature", "geometry": {"type": "LineString", "coordinates": [[78.3654944, 17.4461298], [78.3655635, 17.4461742], [78.365577, 17.4461823], [78.365714, 17.4462638]]}, "properties": {"class": "residential"}}, {"type": "Feature", "geometry": {"type": "LineString", "coordinates": [[78.3654643, 17.4455638], [78.3657475, 17.4457068], [78.3658199, 17.4457433], [78.3658338, 17.4457503], [78.3659688, 17.4458185]]}, "properties": {"class": "residential"}}, {"type": "Feature", "geometry": {"type": "LineString", "coordinates": [[78.3672013, 17.4534829], [78.367189, 17.4534502], [78.3671739, 17.4534068]]}, "properties": {"class": "residential"}}, {"type": "Feature", "geometry": {"type": "LineString", "coordinates": [[78.3668234, 17.4535472], [78.3668402, 17.453585], [78.3668565, 17.4536215]]}, "properties": {"class": "residential"}}, {"type": "Feature", "geometry": {"type": "LineString", "coordinates": [[78.3680611, 17.4552662], [78.3676471, 17.4542905], [78.3675954, 17.454199], [78.3675726, 17.4541561], [78.3675344, 17.454135], [78.3674761, 17.4541337], [78.3672038, 17.4542475]]}, "properties": {"class": "residential"}}, {"type": "Feature", "geometry": {"type": "LineString", "coordinates": [[78.3671502, 17.4542311], [78.3668713, 17.4536543], [78.3668565, 17.4536215]]}, "properties": {"class": "residential"}}, {"type": "Feature", "geometry": {"type": "LineString", "coordinates": [[78.3671911, 17.4542309], [78.3671814, 17.4542262], [78.3671706, 17.4542246], [78.3671599, 17.4542263], [78.3671502, 17.4542311], [78.3671426, 17.4542385], [78.3671377, 17.4542479], [78.3671362, 17.4542582], [78.3671381, 17.4542684], [78.3671439, 17.4542784], [78.3671529, 17.4542858], [78.367164, 17.45429], [78.3671771, 17.4542899], [78.3671872, 17.4542867], [78.3671966, 17.4542796], [78.3672029, 17.4542699], [78.3672054, 17.4542588], [78.3672038, 17.4542475], [78.3671988, 17.4542383], [78.3671911, 17.4542309]]}, "properties": {"class": "residential"}}, {"type": "Feature", "geometry": {"type": "LineString", "coordinates": [[78.3679594, 17.452847], [78.3685232, 17.452748]]}, "properties": {"class": "residential"}}, {"type": "Feature", "geometry": {"type": "LineString", "coordinates": [[78.3570214, 17.4666257], [78.3566018, 17.4666117]]}, "properties": {"class": "residential"}}, {"type": "Feature", "geometry": {"type": "LineString", "coordinates": [[78.3693211, 17.4591217], [78.3694294, 17.4587963], [78.3694278, 17.4587565], [78.3693972, 17.4586965], [78.3691676, 17.4586245], [78.3691445, 17.4585146]]}, "properties": {"class": "residential"}}, {"type": "Feature", "geometry": {"type": "LineString", "coordinates": [[78.3692512, 17.459342], [78.3693211, 17.4591217]]}, "properties": {"class": "residential"}}, {"type": "Feature", "geometry": {"type": "LineString", "coordinates": [[78.3695992, 17.459692], [78.3696923, 17.4593234], [78.3696701, 17.4592645], [78.3696463, 17.4592358], [78.3696017, 17.4592067], [78.3693211, 17.4591217]]}, "properties": {"class": "residential"}}, {"type": "Feature", "geometry": {"type": "LineString", "coordinates": [[78.3695223, 17.4598833], [78.3694368, 17.460102], [78.3694445, 17.4601489], [78.3694789, 17.4602011], [78.3697608, 17.4603157], [78.3698238, 17.4603184], [78.3698814, 17.4602916], [78.369956, 17.4601431]]}, "properties": {"class": "residential"}}, {"type": "Feature", "geometry": {"type": "LineString", "coordinates": [[78.3695223, 17.4598833], [78.3695992, 17.459692]]}, "properties": {"class": "residential"}}, {"type": "Feature", "geometry": {"type": "LineString", "coordinates": [[78.3718068, 17.4591388], [78.3722168, 17.4589672]]}, "properties": {"class": "residential"}}, {"type": "Feature", "geometry": {"type": "LineString", "coordinates": [[78.3715558, 17.4660764], [78.371623, 17.4660727], [78.3717201, 17.4660674]]}, "properties": {"class": "residential"}}, {"type": "Feature", "geometry": {"type": "LineString", "coordinates": [[78.3717012, 17.4660185], [78.3716395, 17.466022], [78.371626, 17.4660208], [78.3715567, 17.4660225]]}, "properties": {"class": "residential"}}, {"type": "Feature", "geometry": {"type": "LineString", "coordinates": [[78.3746726, 17.4665152], [78.3748341, 17.4665527]]}, "properties": {"class": "residential"}}, {"type": "Feature", "geometry": {"type": "LineString", "coordinates": [[78.3746726, 17.4665152], [78.3746467, 17.4665091], [78.3746236, 17.4665036], [78.3746005, 17.466498]]}, "properties": {"class": "residential"}}, {"type": "Feature", "geometry": {"type": "LineString", "coordinates": [[78.3745999, 17.4665319], [78.3746293, 17.4665415], [78.3746587, 17.4665511]]}, "properties": {"class": "residential"}}, {"type": "Feature", "geometry": {"type": "LineString", "coordinates": [[78.3541008, 17.4379207], [78.3540926, 17.4378701], [78.3541059, 17.4378247]]}, "properties": {"class": "residential"}}, {"type": "Feature", "geometry": {"type": "LineString", "coordinates": [[78.3690177, 17.468034], [78.3687699, 17.4676807]]}, "properties": {"class": "residential"}}, {"type": "Feature", "geometry": {"type": "LineString", "coordinates": [[78.3689659, 17.4680652], [78.3689779, 17.4680847], [78.3689804, 17.4680887], [78.369012, 17.4681286]]}, "properties": {"class": "residential"}}, {"type": "Feature", "geometry": {"type": "LineString", "coordinates": [[78.3711032, 17.4671177], [78.3711352, 17.4671864]]}, "properties": {"class": "residential"}}, {"type": "Feature", "geometry": {"type": "LineString", "coordinates": [[78.3707166, 17.4672612], [78.3707645, 17.4673551], [78.3708124, 17.467449]]}, "properties": {"class": "residential"}}, {"type": "Feature", "geometry": {"type": "LineString", "coordinates": [[78.3937115, 17.465723], [78.3936594, 17.4656234], [78.3936139, 17.4654964], [78.3937667, 17.4654381], [78.393785, 17.4654187], [78.393785, 17.4653935], [78.3935451, 17.4646857], [78.3935248, 17.4646644], [78.3934923, 17.4646586], [78.3932036, 17.4647478], [78.3931935, 17.4647672], [78.3931935, 17.4647885], [78.3932472, 17.4649553], [78.3934516, 17.4655486], [78.3936139, 17.4654964]]}, "properties": {"class": "residential"}}, {"type": "Feature", "geometry": {"type": "LineString", "coordinates": [[78.3932472, 17.4649553], [78.3930115, 17.4650416], [78.3928869, 17.4650873], [78.3928734, 17.4651121], [78.3928782, 17.4651361], [78.3930668, 17.4656346], [78.3930782, 17.4656494], [78.3931096, 17.4656539], [78.3934516, 17.4655486]]}, "properties": {"class": "residential"}}, {"type": "Feature", "geometry": {"type": "LineString", "coordinates": [[78.374179, 17.4351711], [78.3739337, 17.435346]]}, "properties": {"class": "residential"}}, {"type": "Feature", "geometry": {"type": "LineString", "coordinates": [[78.3742418, 17.4351283], [78.3742001, 17.4351567], [78.374179, 17.4351711]]}, "properties": {"class": "residential"}}, {"type": "Feature", "geometry": {"type": "LineString", "coordinates": [[78.3696488, 17.467563], [78.3696758, 17.4676214], [78.3696816, 17.4676339]]}, "properties": {"class": "residential"}}, {"type": "Feature", "geometry": {"type": "LineString", "coordinates": [[78.3713957, 17.4564933], [78.3716959, 17.4563964]]}, "properties": {"class": "residential"}}, {"type": "Feature", "geometry": {"type": "LineString", "coordinates": [[78.3662368, 17.4589411], [78.3659849, 17.4589664]]}, "properties": {"class": "primary"}}, {"type": "Feature", "geometry": {"type": "LineString", "coordinates": [[78.3560673, 17.4381511], [78.3564463, 17.4377517], [78.3567538, 17.4380601]]}, "properties": {"class": "residential"}}, {"type": "Feature", "geometry": {"type": "LineString", "coordinates": [[78.3747309, 17.4411003], [78.3748114, 17.4411554]]}, "properties": {"class": "residential"}}, {"type": "Feature", "geometry": {"type": "LineString", "coordinates": [[78.3699713, 17.4328996], [78.3698637, 17.4328102], [78.3698468, 17.4328082], [78.3696747, 17.4329776]]}, "properties": {"class": "residential"}}, {"type": "Feature", "geometry": {"type": "LineString", "coordinates": [[78.3736347, 17.4414664], [78.3733258, 17.4415869]]}, "properties": {"class": "secondary"}}, {"type": "Feature", "geometry": {"type": "LineString", "coordinates": [[78.3731642, 17.4417673], [78.3733173, 17.4417178]]}, "properties": {"class": "secondary"}}, {"type": "Feature", "geometry": {"type": "LineString", "coordinates": [[78.3591277, 17.4447018], [78.3588979, 17.4443231], [78.3588922, 17.4443127]]}, "properties": {"class": "residential"}}, {"type": "Feature", "geometry": {"type": "LineString", "coordinates": [[78.3674671, 17.4438251], [78.3673938, 17.4438828]]}, "properties": {"class": "secondary"}}, {"type": "Feature", "geometry": {"type": "LineString", "coordinates": [[78.3673938, 17.4438828], [78.3673166, 17.4439389]]}, "properties": {"class": "secondary"}}, {"type": "Feature", "geometry": {"type": "LineString", "coordinates": [[78.377204, 17.4668568], [78.3769342, 17.4668588]]}, "properties": {"class": "residential"}}, {"type": "Feature", "geometry": {"type": "LineString", "coordinates": [[78.3948809, 17.4585054], [78.3953108, 17.4584867]]}, "properties": {"class": "residential"}}, {"type": "Feature", "geometry": {"type": "LineString", "coordinates": [[78.3748114, 17.4411554], [78.3748471, 17.4411735], [78.3751101, 17.4412601]]}, "properties": {"class": "residential"}}, {"type": "Feature", "geometry": {"type": "LineString", "coordinates": [[78.3983507, 17.4679704], [78.3983575, 17.4679169], [78.3983584, 17.4679084], [78.3983736, 17.4677643], [78.3983845, 17.4676616]]}, "properties": {"class": "tertiary"}}, {"type": "Feature", "geometry": {"type": "LineString", "coordinates": [[78.3684303, 17.454744], [78.368414, 17.4547045], [78.368391, 17.4546486], [78.3679398, 17.453737], [78.3679252, 17.453731], [78.3679046, 17.4537346], [78.3675375, 17.4538858], [78.3675305, 17.4539004], [78.3675337, 17.4539155], [78.3680288, 17.4548546], [78.3681643, 17.4551628], [78.3682107, 17.4551885], [78.3685401, 17.4550462], [78.3685444, 17.4550025], [78.3684303, 17.454744]]}, "properties": {"class": "residential"}}, {"type": "Feature", "geometry": {"type": "LineString", "coordinates": [[78.368391, 17.4546486], [78.3684681, 17.4546162]]}, "properties": {"class": "residential"}}, {"type": "Feature", "geometry": {"type": "LineString", "coordinates": [[78.368414, 17.4547045], [78.3680288, 17.4548546]]}, "properties": {"class": "residential"}}, {"type": "Feature", "geometry": {"type": "LineString", "coordinates": [[78.3684303, 17.454744], [78.3685063, 17.4547186]]}, "properties": {"class": "residential"}}, {"type": "Feature", "geometry": {"type": "LineString", "coordinates": [[78.3666707, 17.4522704], [78.366735, 17.4524471]]}, "properties": {"class": "residential"}}, {"type": "Feature", "geometry": {"type": "LineString", "coordinates": [[78.3669359, 17.4522033], [78.3669875, 17.4523816]]}, "properties": {"class": "residential"}}, {"type": "Feature", "geometry": {"type": "LineString", "coordinates": [[78.3987514, 17.4607186], [78.3988318, 17.460875]]}, "properties": {"class": "residential"}}, {"type": "Feature", "geometry": {"type": "LineString", "coordinates": [[78.36596, 17.4485473], [78.3659099, 17.4485316], [78.3652647, 17.4485956]]}, "properties": {"class": "residential"}}, {"type": "Feature", "geometry": {"type": "LineString", "coordinates": [[78.369772, 17.4683305], [78.3697963, 17.4683091], [78.3698205, 17.4682877]]}, "properties": {"class": "residential"}}, {"type": "Feature", "geometry": {"type": "LineString", "coordinates": [[78.3698205, 17.4682877], [78.3700383, 17.4685479], [78.3702656, 17.4683649]]}, "properties": {"class": "residential"}}, {"type": "Feature", "geometry": {"type": "LineString", "coordinates": [[78.3697963, 17.4682588], [78.3698205, 17.4682877]]}, "properties": {"class": "residential"}}, {"type": "Feature", "geometry": {"type": "LineString", "coordinates": [[78.3944943, 17.4654259], [78.3942579, 17.4649488], [78.3940929, 17.4646068], [78.3940344, 17.4644772]]}, "properties": {"class": "residential"}}, {"type": "Feature", "geometry": {"type": "LineString", "coordinates": [[78.4012511, 17.4468698], [78.4009903, 17.4461924], [78.4009287, 17.4461671]]}, "properties": {"class": "residential"}}, {"type": "Feature", "geometry": {"type": "LineString", "coordinates": [[78.40002, 17.4402938], [78.4002061, 17.4400848]]}, "properties": {"class": "residential"}}, {"type": "Feature", "geometry": {"type": "LineString", "coordinates": [[78.3644032, 17.4441671], [78.3644972, 17.4443685]]}, "properties": {"class": "residential"}}, {"type": "Feature", "geometry": {"type": "LineString", "coordinates": [[78.3651327, 17.4414195], [78.3651431, 17.4414316]]}, "properties": {"class": "residential"}}, {"type": "Feature", "geometry": {"type": "LineString", "coordinates": [[78.3651431, 17.4414316], [78.3651682, 17.4414751]]}, "properties": {"class": "residential"}}, {"type": "Feature", "geometry": {"type": "LineString", "coordinates": [[78.3585474, 17.4411336], [78.3583848, 17.4408081]]}, "properties": {"class": "residential"}}, {"type": "Feature", "geometry": {"type": "LineString", "coordinates": [[78.3555277, 17.4416898], [78.3556518, 17.4419217]]}, "properties": {"class": "residential"}}, {"type": "Feature", "geometry": {"type": "LineString", "coordinates": [[78.3743142, 17.4189211], [78.3742992, 17.4188202], [78.3742815, 17.4186478], [78.3742344, 17.4186535], [78.3741763, 17.4186589], [78.3741275, 17.4186534], [78.3740933, 17.4186225], [78.3739631, 17.4179786], [78.3743174, 17.4176324], [78.3743636, 17.4176238], [78.3743893, 17.4176428], [78.3744776, 17.4179774], [78.3743851, 17.4181251], [78.37446, 17.4185661], [78.3744427, 17.4185943], [78.374409, 17.4186097], [78.3742815, 17.4186478]]}, "properties": {"class": "residential"}}, {"type": "Feature", "geometry": {"type": "LineString", "coordinates": [[78.3646244, 17.4446358], [78.364602, 17.4445626]]}, "properties": {"class": "residential"}}, {"type": "Feature", "geometry": {"type": "LineString", "coordinates": [[78.3794531, 17.4229897], [78.379342, 17.4230782], [78.3792976, 17.4231121]]}, "properties": {"class": "residential"}}, {"type": "Feature", "geometry": {"type": "LineString", "coordinates": [[78.4007039, 17.4188362], [78.4006914, 17.4192404]]}, "properties": {"class": "residential"}}, {"type": "Feature", "geometry": {"type": "LineString", "coordinates": [[78.3705733, 17.4607469], [78.3707103, 17.4611463]]}, "properties": {"class": "residential"}}, {"type": "Feature", "geometry": {"type": "LineString", "coordinates": [[78.3705591, 17.4607054], [78.3705733, 17.4607469]]}, "properties": {"class": "residential"}}, {"type": "Feature", "geometry": {"type": "LineString", "coordinates": [[78.3973664, 17.4268969], [78.3972389, 17.4263407]]}, "properties": {"class": "residential"}}, {"type": "Feature", "geometry": {"type": "LineString", "coordinates": [[78.3963246, 17.4548883], [78.39633, 17.4552214], [78.3963306, 17.4552935], [78.3963305, 17.4553203]]}, "properties": {"class": "residential"}}, {"type": "Feature", "geometry": {"type": "LineString", "coordinates": [[78.3852149, 17.4622994], [78.3852268, 17.4625344], [78.38524, 17.4627939]]}, "properties": {"class": "primary"}}, {"type": "Feature", "geometry": {"type": "LineString", "coordinates": [[78.3954548, 17.4240516], [78.3955299, 17.423875]]}, "properties": {"class": "residential"}}, {"type": "Feature", "geometry": {"type": "LineString", "coordinates": [[78.3953731, 17.4243305], [78.3954361, 17.4242794], [78.3954817, 17.4242282], [78.3955031, 17.4241847], [78.3954978, 17.424131], [78.3954817, 17.4240823], [78.3954548, 17.4240516]]}, "properties": {"class": "residential"}}, {"type": "Feature", "geometry": {"type": "LineString", "coordinates": [[78.3973941, 17.4250599], [78.3969289, 17.4247461], [78.3967798, 17.4246428]]}, "properties": {"class": "residential"}}, {"type": "Feature", "geometry": {"type": "LineString", "coordinates": [[78.3964794, 17.4244534], [78.3964902, 17.4244969], [78.3965197, 17.4245609], [78.3965814, 17.4246146], [78.3966726, 17.4246402], [78.3967798, 17.4246428]]}, "properties": {"class": "residential"}}, {"type": "Feature", "geometry": {"type": "LineString", "coordinates": [[78.3951822, 17.4223109], [78.3948261, 17.4222657]]}, "properties": {"class": "residential"}}, {"type": "Feature", "geometry": {"type": "LineString", "coordinates": [[78.4021553, 17.450868], [78.400729, 17.4509975], [78.3987821, 17.4512154]]}, "properties": {"class": "tertiary"}}, {"type": "Feature", "geometry": {"type": "LineString", "coordinates": [[78.4022495, 17.4508917], [78.4021553, 17.450868]]}, "properties": {"class": "tertiary"}}, {"type": "Feature", "geometry": {"type": "LineString", "coordinates": [[78.3842678, 17.4614096], [78.3842943, 17.4614911], [78.3843347, 17.4615665], [78.384398, 17.4616763], [78.3844549, 17.4617382]]}, "properties": {"class": "residential"}}, {"type": "Feature", "geometry": {"type": "LineString", "coordinates": [[78.380224, 17.4547101], [78.3804488, 17.4548988]]}, "properties": {"class": "residential"}}, {"type": "Feature", "geometry": {"type": "LineString", "coordinates": [[78.3771068, 17.4646391], [78.3768641, 17.4646624]]}, "properties": {"class": "residential"}}, {"type": "Feature", "geometry": {"type": "LineString", "coordinates": [[78.3855444, 17.4633516], [78.3859848, 17.463179], [78.3860584, 17.4631507], [78.3867976, 17.4628947]]}, "properties": {"class": "secondary"}}, {"type": "Feature", "geometry": {"type": "LineString", "coordinates": [[78.3792564, 17.4659836], [78.3793261, 17.4659847]]}, "properties": {"class": "tertiary"}}, {"type": "Feature", "geometry": {"type": "LineString", "coordinates": [[78.3971431, 17.4592011], [78.3976713, 17.4589796], [78.3977002, 17.4589204]]}, "properties": {"class": "residential"}}, {"type": "Feature", "geometry": {"type": "LineString", "coordinates": [[78.3757441, 17.4642719], [78.3756359, 17.4643163], [78.3755761, 17.4643408]]}, "properties": {"class": "tertiary"}}, {"type": "Feature", "geometry": {"type": "LineString", "coordinates": [[78.3758555, 17.4642418], [78.375916, 17.4641424]]}, "properties": {"class": "tertiary"}}, {"type": "Feature", "geometry": {"type": "LineString", "coordinates": [[78.3843992, 17.4553549], [78.3843179, 17.4551863]]}, "properties": {"class": "residential"}}, {"type": "Feature", "geometry": {"type": "LineString", "coordinates": [[78.4006802, 17.4511141], [78.4009715, 17.4514254]]}, "properties": {"class": "residential"}}, {"type": "Feature", "geometry": {"type": "LineString", "coordinates": [[78.3994039, 17.4489624], [78.3995428, 17.4491801], [78.3998084, 17.4495677]]}, "properties": {"class": "residential"}}, {"type": "Feature", "geometry": {"type": "LineString", "coordinates": [[78.3755263, 17.4404258], [78.375327, 17.4404614]]}, "properties": {"class": "secondary"}}, {"type": "Feature", "geometry": {"type": "LineString", "coordinates": [[78.3754279, 17.4406657], [78.3755705, 17.4404938]]}, "properties": {"class": "secondary"}}, {"type": "Feature", "geometry": {"type": "LineString", "coordinates": [[78.3747309, 17.4411003], [78.3750681, 17.4408967], [78.3754279, 17.4406657]]}, "properties": {"class": "secondary"}}, {"type": "Feature", "geometry": {"type": "LineString", "coordinates": [[78.375327, 17.4404614], [78.3748061, 17.4408119], [78.3746467, 17.4409164], [78.3746181, 17.4409352], [78.3741458, 17.4412096], [78.3740241, 17.4412717]]}, "properties": {"class": "secondary"}}, {"type": "Feature", "geometry": {"type": "LineString", "coordinates": [[78.3857182, 17.4329952], [78.3855569, 17.433115], [78.3853962, 17.4332341], [78.3852456, 17.4333457], [78.3850328, 17.4335035], [78.3848647, 17.4336281], [78.3845207, 17.433884], [78.3841206, 17.4341907], [78.3838865, 17.4343707], [78.3833612, 17.4347665], [78.3825654, 17.4353661]]}, "properties": {"class": "secondary"}}, {"type": "Feature", "geometry": {"type": "LineString", "coordinates": [[78.3682585, 17.4347125], [78.36813, 17.4348564]]}, "properties": {"class": "primary"}}, {"type": "Feature", "geometry": {"type": "LineString", "coordinates": [[78.3610082, 17.4403318], [78.3608161, 17.4405117]]}, "properties": {"class": "primary"}}, {"type": "Feature", "geometry": {"type": "LineString", "coordinates": [[78.379548, 17.450236], [78.3795157, 17.4501201]]}, "properties": {"class": "primary"}}, {"type": "Feature", "geometry": {"type": "LineString", "coordinates": [[78.3747123, 17.436998], [78.3757215, 17.4361118], [78.375792, 17.4360439], [78.3765546, 17.4353708], [78.3772451, 17.4347746], [78.3777612, 17.434329]]}, "properties": {"class": "secondary"}}, {"type": "Feature", "geometry": {"type": "LineString", "coordinates": [[78.3777868, 17.4341031], [78.3771431, 17.4346731], [78.3759167, 17.4357592], [78.3753671, 17.4362459], [78.3750016, 17.4365695], [78.3749381, 17.4366258], [78.3746341, 17.4368815]]}, "properties": {"class": "secondary"}}, {"type": "Feature", "geometry": {"type": "LineString", "coordinates": [[78.3636234, 17.4384064], [78.3631478, 17.4376477], [78.3627639, 17.4371288], [78.3618961, 17.4358463], [78.3608247, 17.4342079], [78.3602577, 17.4331745]]}, "properties": {"class": "motorway"}}, {"type": "Feature", "geometry": {"type": "LineString", "coordinates": [[78.3715899, 17.4317391], [78.3718884, 17.4315165]]}, "properties": {"class": "primary"}}, {"type": "Feature", "geometry": {"type": "LineString", "coordinates": [[78.3747985, 17.4323269], [78.3747417, 17.4326383], [78.3745358, 17.4339681]]}, "properties": {"class": "primary"}}, {"type": "Feature", "geometry": {"type": "LineString", "coordinates": [[78.3768001, 17.4269256], [78.3770388, 17.4268283]]}, "properties": {"class": "primary"}}, {"type": "Feature", "geometry": {"type": "LineString", "coordinates": [[78.3818787, 17.4227254], [78.3817958, 17.422779], [78.3815604, 17.4229267], [78.3813902, 17.4230406], [78.3811514, 17.4232111], [78.3809673, 17.4233478], [78.3806594, 17.4236011], [78.3805162, 17.4237177], [78.3800755, 17.4240764], [78.3796861, 17.4243934], [78.3795269, 17.424523], [78.3794597, 17.4245834], [78.3793988, 17.4246381], [78.3790488, 17.4249527], [78.3790136, 17.4249819]]}, "properties": {"class": "primary"}}, {"type": "Feature", "geometry": {"type": "LineString", "coordinates": [[78.38753, 17.4188339], [78.3873311, 17.4189807]]}, "properties": {"class": "primary"}}, {"type": "Feature", "geometry": {"type": "LineString", "coordinates": [[78.3873698, 17.4190813], [78.387593, 17.4189139]]}, "properties": {"class": "primary"}}, {"type": "Feature", "geometry": {"type": "LineString", "coordinates": [[78.3695671, 17.4583012], [78.3698689, 17.4583302]]}, "properties": {"class": "primary"}}, {"type": "Feature", "geometry": {"type": "LineString", "coordinates": [[78.3606719, 17.4570904], [78.3608156, 17.4569679]]}, "properties": {"class": "primary"}}, {"type": "Feature", "geometry": {"type": "LineString", "coordinates": [[78.3636255, 17.4507213], [78.3636272, 17.4509512]]}, "properties": {"class": "primary"}}, {"type": "Feature", "geometry": {"type": "LineString", "coordinates": [[78.3930743, 17.4507106], [78.3930965, 17.4508821]]}, "properties": {"class": "residential"}}, {"type": "Feature", "geometry": {"type": "LineString", "coordinates": [[78.3856566, 17.4659433], [78.3841885, 17.4661481]]}, "properties": {"class": "residential"}}, {"type": "Feature", "geometry": {"type": "LineString", "coordinates": [[78.3826812, 17.466492], [78.3824126, 17.4663886], [78.3821658, 17.4662683], [78.3820827, 17.4661685], [78.3820283, 17.4660201], [78.381985, 17.4658528], [78.3819521, 17.4657046], [78.3819097, 17.46556], [78.3818914, 17.4655141], [78.3817867, 17.4651849]]}, "properties": {"class": "residential"}}, {"type": "Feature", "geometry": {"type": "LineString", "coordinates": [[78.3960803, 17.4594252], [78.3955897, 17.4587865], [78.3954773, 17.4587086], [78.3954061, 17.4585881], [78.3953108, 17.4584867]]}, "properties": {"class": "residential"}}, {"type": "Feature", "geometry": {"type": "LineString", "coordinates": [[78.3953108, 17.4584867], [78.3947419, 17.4578554], [78.3945968, 17.4576661]]}, "properties": {"class": "residential"}}, {"type": "Feature", "geometry": {"type": "LineString", "coordinates": [[78.3937817, 17.4566274], [78.3937181, 17.4557394]]}, "properties": {"class": "residential"}}, {"type": "Feature", "geometry": {"type": "LineString", "coordinates": [[78.3937181, 17.4557394], [78.3939877, 17.4555033]]}, "properties": {"class": "residential"}}, {"type": "Feature", "geometry": {"type": "LineString", "coordinates": [[78.3976605, 17.458443], [78.3976601, 17.458272]]}, "properties": {"class": "residential"}}, {"type": "Feature", "geometry": {"type": "LineString", "coordinates": [[78.3977002, 17.4589204], [78.397672, 17.4588436], [78.3976605, 17.458443]]}, "properties": {"class": "residential"}}, {"type": "Feature", "geometry": {"type": "LineString", "coordinates": [[78.3928386, 17.4444579], [78.3928724, 17.4446419]]}, "properties": {"class": "residential"}}, {"type": "Feature", "geometry": {"type": "LineString", "coordinates": [[78.3673607, 17.4534784], [78.3679843, 17.4532389], [78.3680027, 17.4532236], [78.3680154, 17.4532019], [78.3680161, 17.4531856], [78.3680052, 17.4531575], [78.3679521, 17.4530464], [78.3679148, 17.4529947], [78.3678641, 17.4529225], [78.3678444, 17.4528878], [78.3676188, 17.4523835], [78.3675959, 17.4523415], [78.3675533, 17.4523249], [78.3675116, 17.4523221], [78.3674798, 17.4523313], [78.367027, 17.4524885]]}, "properties": {"class": "residential"}}, {"type": "Feature", "geometry": {"type": "LineString", "coordinates": [[78.367027, 17.4524885], [78.3669724, 17.4525131], [78.3669543, 17.4525404], [78.3669526, 17.452581], [78.3669692, 17.4526162], [78.3672864, 17.4533182], [78.3673442, 17.4534427]]}, "properties": {"class": "residential"}}, {"type": "Feature", "geometry": {"type": "LineString", "coordinates": [[78.3844337, 17.4468538], [78.3840329, 17.4465469]]}, "properties": {"class": "residential"}}, {"type": "Feature", "geometry": {"type": "LineString", "coordinates": [[78.3635601, 17.4470949], [78.3635219, 17.4467512], [78.3635041, 17.4466325], [78.3634995, 17.4466018], [78.3633916, 17.4461275], [78.3633711, 17.4460074]]}, "properties": {"class": "primary"}}, {"type": "Feature", "geometry": {"type": "LineString", "coordinates": [[78.3633711, 17.4460074], [78.3633127, 17.4457338]]}, "properties": {"class": "primary"}}, {"type": "Feature", "geometry": {"type": "LineString", "coordinates": [[78.3569777, 17.4668307], [78.356984, 17.4666632], [78.3569803, 17.4666565], [78.3569461, 17.4666525], [78.3568543, 17.4666534]]}, "properties": {"class": "residential"}}, {"type": "Feature", "geometry": {"type": "LineString", "coordinates": [[78.3617182, 17.4445643], [78.3614832, 17.4446276]]}, "properties": {"class": "residential"}}, {"type": "Feature", "geometry": {"type": "LineString", "coordinates": [[78.3647001, 17.4500567], [78.364642, 17.4495501]]}, "properties": {"class": "residential"}}, {"type": "Feature", "geometry": {"type": "LineString", "coordinates": [[78.3828134, 17.4456648], [78.3828006, 17.4456184], [78.3827283, 17.4453554], [78.3827165, 17.4453329], [78.3826705, 17.4453329], [78.3822942, 17.4454218], [78.3822741, 17.4454353], [78.3822671, 17.4454702], [78.3823237, 17.4457031], [78.3823567, 17.4457212], [78.3824122, 17.4457133], [78.3828006, 17.4456184]]}, "properties": {"class": "residential"}}, {"type": "Feature", "geometry": {"type": "LineString", "coordinates": [[78.3621666, 17.4202142], [78.3620179, 17.4202647]]}, "properties": {"class": "residential"}}, {"type": "Feature", "geometry": {"type": "LineString", "coordinates": [[78.3622407, 17.420202], [78.3621666, 17.4202142]]}, "properties": {"class": "residential"}}, {"type": "Feature", "geometry": {"type": "LineString", "coordinates": [[78.402066, 17.4281062], [78.4021894, 17.4282617], [78.4023128, 17.4284173], [78.4023752, 17.4285095]]}, "properties": {"class": "residential"}}, {"type": "Feature", "geometry": {"type": "LineString", "coordinates": [[78.4016519, 17.427706], [78.4017788, 17.427588]]}, "properties": {"class": "residential"}}, {"type": "Feature", "geometry": {"type": "LineString", "coordinates": [[78.4016519, 17.427706], [78.4017311, 17.4277818], [78.4019861, 17.428026]]}, "properties": {"class": "residential"}}, {"type": "Feature", "geometry": {"type": "LineString", "coordinates": [[78.4003305, 17.4545866], [78.4004212, 17.4545572]]}, "properties": {"class": "residential"}}, {"type": "Feature", "geometry": {"type": "LineString", "coordinates": [[78.4007439, 17.455102], [78.4011719, 17.4548995]]}, "properties": {"class": "residential"}}, {"type": "Feature", "geometry": {"type": "LineString", "coordinates": [[78.3690806, 17.450739], [78.3688778, 17.4508913]]}, "properties": {"class": "residential"}}, {"type": "Feature", "geometry": {"type": "LineString", "coordinates": [[78.3964904, 17.458277], [78.3964924, 17.4587853]]}, "properties": {"class": "residential"}}, {"type": "Feature", "geometry": {"type": "LineString", "coordinates": [[78.3970559, 17.4582664], [78.3964904, 17.458277]]}, "properties": {"class": "residential"}}, {"type": "Feature", "geometry": {"type": "LineString", "coordinates": [[78.3970559, 17.4582664], [78.3970741, 17.4590572], [78.397045, 17.4591157], [78.3970198, 17.4591402], [78.39698, 17.45917], [78.3961966, 17.4594797]]}, "properties": {"class": "secondary"}}, {"type": "Feature", "geometry": {"type": "LineString", "coordinates": [[78.3971789, 17.4582616], [78.3970559, 17.4582664]]}, "properties": {"class": "residential"}}, {"type": "Feature", "geometry": {"type": "LineString", "coordinates": [[78.3954661, 17.4557833], [78.3954678, 17.4549553]]}, "properties": {"class": "residential"}}, {"type": "Feature", "geometry": {"type": "LineString", "coordinates": [[78.3953944, 17.4570889], [78.3954192, 17.4562597]]}, "properties": {"class": "residential"}}, {"type": "Feature", "geometry": {"type": "LineString", "coordinates": [[78.3954192, 17.4562597], [78.3954001, 17.4562598], [78.3949278, 17.4562616], [78.3948812, 17.4562912], [78.3948685, 17.4563351], [78.3948902, 17.4570913]]}, "properties": {"class": "residential"}}, {"type": "Feature", "geometry": {"type": "LineString", "coordinates": [[78.3883675, 17.4468122], [78.3881429, 17.4466999]]}, "properties": {"class": "residential"}}, {"type": "Feature", "geometry": {"type": "LineString", "coordinates": [[78.3821414, 17.4225681], [78.3819329, 17.4225192]]}, "properties": {"class": "secondary"}}, {"type": "Feature", "geometry": {"type": "LineString", "coordinates": [[78.3621751, 17.4202432], [78.3622407, 17.420202]]}, "properties": {"class": "residential"}}, {"type": "Feature", "geometry": {"type": "LineString", "coordinates": [[78.3757939, 17.438192], [78.3760509, 17.4383991]]}, "properties": {"class": "primary"}}, {"type": "Feature", "geometry": {"type": "LineString", "coordinates": [[78.3761805, 17.438295], [78.3759464, 17.4380822]]}, "properties": {"class": "primary"}}, {"type": "Feature", "geometry": {"type": "LineString", "coordinates": [[78.3772528, 17.4414179], [78.3772629, 17.4411647]]}, "properties": {"class": "primary"}}, {"type": "Feature", "geometry": {"type": "LineString", "coordinates": [[78.3668544, 17.4609605], [78.3667291, 17.4607219], [78.3665609, 17.4603551]]}, "properties": {"class": "primary"}}, {"type": "Feature", "geometry": {"type": "LineString", "coordinates": [[78.363885, 17.4552769], [78.3640237, 17.455535], [78.3641347, 17.4557297], [78.3644573, 17.4562671]]}, "properties": {"class": "primary"}}, {"type": "Feature", "geometry": {"type": "LineString", "coordinates": [[78.3644573, 17.4562671], [78.3645947, 17.4564961]]}, "properties": {"class": "primary"}}, {"type": "Feature", "geometry": {"type": "LineString", "coordinates": [[78.3959609, 17.4562626], [78.395945, 17.4566946]]}, "properties": {"class": "residential"}}, {"type": "Feature", "geometry": {"type": "LineString", "coordinates": [[78.3959609, 17.4562626], [78.3955046, 17.4562756], [78.3954192, 17.4562597]]}, "properties": {"class": "residential"}}, {"type": "Feature", "geometry": {"type": "LineString", "coordinates": [[78.3954054, 17.4582969], [78.3954061, 17.4585881]]}, "properties": {"class": "residential"}}, {"type": "Feature", "geometry": {"type": "LineString", "coordinates": [[78.3959052, 17.4548979], [78.3959074, 17.4555716]]}, "properties": {"class": "residential"}}, {"type": "Feature", "geometry": {"type": "LineString", "coordinates": [[78.3871647, 17.4564012], [78.3871235, 17.4562381], [78.3870575, 17.4559856]]}, "properties": {"class": "residential"}}, {"type": "Feature", "geometry": {"type": "LineString", "coordinates": [[78.3891264, 17.4426094], [78.3891033, 17.4425145], [78.3890884, 17.442244], [78.3890887, 17.4421518], [78.3890966, 17.4420986], [78.3890987, 17.44206], [78.3891062, 17.4420156], [78.3891058, 17.4419796], [78.3889787, 17.4413915]]}, "properties": {"class": "residential"}}, {"type": "Feature", "geometry": {"type": "LineString", "coordinates": [[78.3719616, 17.4367885], [78.3720106, 17.4363738]]}, "properties": {"class": "residential"}}, {"type": "Feature", "geometry": {"type": "LineString", "coordinates": [[78.3745651, 17.4290369], [78.3747471, 17.4288185], [78.3749373, 17.4285787], [78.3751546, 17.4283305], [78.3753812, 17.4281091], [78.3758077, 17.4277291], [78.3760625, 17.4275141], [78.3762288, 17.4273836], [78.3764622, 17.4271968], [78.3768001, 17.4269256]]}, "properties": {"class": "primary"}}, {"type": "Feature", "geometry": {"type": "LineString", "coordinates": [[78.3739288, 17.4297917], [78.3741058, 17.4295947], [78.374252, 17.4294168], [78.3744022, 17.4292377], [78.3745229, 17.4290905], [78.3745651, 17.4290369]]}, "properties": {"class": "primary"}}, {"type": "Feature", "geometry": {"type": "LineString", "coordinates": [[78.381973, 17.4226591], [78.3820822, 17.4227586]]}, "properties": {"class": "secondary"}}, {"type": "Feature", "geometry": {"type": "LineString", "coordinates": [[78.3638935, 17.4491991], [78.3639571, 17.4491895], [78.3641219, 17.4491645]]}, "properties": {"class": "residential"}}, {"type": "Feature", "geometry": {"type": "LineString", "coordinates": [[78.3733173, 17.4417178], [78.3734853, 17.4416591]]}, "properties": {"class": "secondary"}}, {"type": "Feature", "geometry": {"type": "LineString", "coordinates": [[78.3734853, 17.4416591], [78.3738532, 17.4415108], [78.3739114, 17.4414814]]}, "properties": {"class": "secondary"}}, {"type": "Feature", "geometry": {"type": "LineString", "coordinates": [[78.3740241, 17.4412717], [78.3738391, 17.4413643]]}, "properties": {"class": "secondary"}}, {"type": "Feature", "geometry": {"type": "LineString", "coordinates": [[78.3704014, 17.442643], [78.3703567, 17.4426599], [78.3702704, 17.4426858], [78.3700699, 17.4427459], [78.3699493, 17.4427908]]}, "properties": {"class": "secondary"}}, {"type": "Feature", "geometry": {"type": "LineString", "coordinates": [[78.3699493, 17.4427908], [78.3692956, 17.4429615]]}, "properties": {"class": "secondary"}}, {"type": "Feature", "geometry": {"type": "LineString", "coordinates": [[78.4000672, 17.4544779], [78.4001072, 17.4546744], [78.4001568, 17.4549478]]}, "properties": {"class": "residential"}}, {"type": "Feature", "geometry": {"type": "LineString", "coordinates": [[78.3704555, 17.4324006], [78.3703607, 17.4322886]]}, "properties": {"class": "residential"}}, {"type": "Feature", "geometry": {"type": "LineString", "coordinates": [[78.3996983, 17.4650266], [78.3996825, 17.4649699], [78.399674, 17.4649456], [78.3995926, 17.4649745], [78.3995377, 17.4648616], [78.3994648, 17.4648147], [78.3994043, 17.4646676], [78.399374, 17.4645349], [78.3993746, 17.4644494]]}, "properties": {"class": "residential"}}, {"type": "Feature", "geometry": {"type": "LineString", "coordinates": [[78.3996845, 17.4473003], [78.3997384, 17.4476185], [78.3997761, 17.4479267], [78.3998495, 17.4484668]]}, "properties": {"class": "residential"}}, {"type": "Feature", "geometry": {"type": "LineString", "coordinates": [[78.3772081, 17.443361], [78.3772187, 17.4428893], [78.3772384, 17.4419961], [78.37724, 17.4419224], [78.3772422, 17.4416819], [78.3772528, 17.4414179]]}, "properties": {"class": "primary"}}, {"type": "Feature", "geometry": {"type": "LineString", "coordinates": [[78.3910282, 17.4545166], [78.3910508, 17.4542815]]}, "properties": {"class": "residential"}}, {"type": "Feature", "geometry": {"type": "LineString", "coordinates": [[78.371657, 17.4600002], [78.3717829, 17.4602642]]}, "properties": {"class": "residential"}}, {"type": "Feature", "geometry": {"type": "LineString", "coordinates": [[78.3711104, 17.4602437], [78.3712138, 17.4604788]]}, "properties": {"class": "residential"}}, {"type": "Feature", "geometry": {"type": "LineString", "coordinates": [[78.3715103, 17.4399744], [78.3716265, 17.4399502], [78.3718611, 17.4398052], [78.372175, 17.4395434]]}, "properties": {"class": "primary"}}, {"type": "Feature", "geometry": {"type": "LineString", "coordinates": [[78.372175, 17.4395434], [78.3722934, 17.4394318]]}, "properties": {"class": "primary"}}, {"type": "Feature", "geometry": {"type": "LineString", "coordinates": [[78.3655082, 17.4575316], [78.365999, 17.4572566]]}, "properties": {"class": "residential"}}, {"type": "Feature", "geometry": {"type": "LineString", "coordinates": [[78.3597934, 17.4675106], [78.360179, 17.4674988], [78.3602253, 17.4674969]]}, "properties": {"class": "residential"}}, {"type": "Feature", "geometry": {"type": "LineString", "coordinates": [[78.3602253, 17.4674969], [78.3602339, 17.4675828], [78.3602427, 17.4677016]]}, "properties": {"class": "residential"}}, {"type": "Feature", "geometry": {"type": "LineString", "coordinates": [[78.3895149, 17.4401698], [78.38925, 17.4402729]]}, "properties": {"class": "residential"}}, {"type": "Feature", "geometry": {"type": "LineString", "coordinates": [[78.3954192, 17.4562597], [78.3954288, 17.4559115]]}, "properties": {"class": "residential"}}, {"type": "Feature", "geometry": {"type": "LineString", "coordinates": [[78.3770981, 17.4642737], [78.3772539, 17.4642582], [78.377755, 17.4642209], [78.3782431, 17.4641259], [78.3784926, 17.4640454]]}, "properties": {"class": "residential"}}, {"type": "Feature", "geometry": {"type": "LineString", "coordinates": [[78.3784926, 17.4640454], [78.3783733, 17.4635274]]}, "properties": {"class": "residential"}}, {"type": "Feature", "geometry": {"type": "LineString", "coordinates": [[78.3623476, 17.4436244], [78.3624692, 17.4437878]]}, "properties": {"class": "residential"}}, {"type": "Feature", "geometry": {"type": "LineString", "coordinates": [[78.3629145, 17.4582591], [78.36289, 17.4582633], [78.3628682, 17.4582749], [78.3628516, 17.4582925], [78.3628418, 17.4583144], [78.3628399, 17.4583383], [78.3628464, 17.4583615], [78.3628604, 17.4583814], [78.3628804, 17.4583959], [78.3629043, 17.4584033], [78.3629295, 17.4584029], [78.3629531, 17.4583947], [78.3629726, 17.4583796], [78.3629859, 17.4583592], [78.3629915, 17.4583359], [78.3629889, 17.4583122], [78.3629784, 17.4582907], [78.3629612, 17.4582735], [78.3629391, 17.4582626], [78.3629145, 17.4582591]]}, "properties": {"class": "residential"}}, {"type": "Feature", "geometry": {"type": "LineString", "coordinates": [[78.3628804, 17.4583959], [78.3628739, 17.4585815], [78.3629032, 17.458704], [78.3631097, 17.4590034], [78.3631684, 17.45907], [78.3632266, 17.4590899], [78.3633731, 17.4590996]]}, "properties": {"class": "residential"}}, {"type": "Feature", "geometry": {"type": "LineString", "coordinates": [[78.3629391, 17.4582626], [78.3629518, 17.4581617], [78.3629632, 17.4580518], [78.3628922, 17.4578352], [78.3628234, 17.4574283], [78.3628319, 17.4572691], [78.3628801, 17.4571804]]}, "properties": {"class": "residential"}}, {"type": "Feature", "geometry": {"type": "LineString", "coordinates": [[78.3817855, 17.4208919], [78.3815924, 17.4205888]]}, "properties": {"class": "residential"}}, {"type": "Feature", "geometry": {"type": "LineString", "coordinates": [[78.3984728, 17.4663816], [78.3984513, 17.4665518]]}, "properties": {"class": "tertiary"}}, {"type": "Feature", "geometry": {"type": "LineString", "coordinates": [[78.3638063, 17.4488961], [78.3641468, 17.4488485]]}, "properties": {"class": "residential"}}, {"type": "Feature", "geometry": {"type": "LineString", "coordinates": [[78.3800755, 17.4240764], [78.3797024, 17.4236822], [78.3796738, 17.4236498], [78.3796774, 17.4236088], [78.3800991, 17.4232872], [78.3801645, 17.4232634], [78.3802019, 17.4232901], [78.3805162, 17.4237177]]}, "properties": {"class": "residential"}}, {"type": "Feature", "geometry": {"type": "LineString", "coordinates": [[78.382481, 17.4424228], [78.3825132, 17.4423505], [78.3825132, 17.4423127], [78.3824395, 17.4420159], [78.3823979, 17.4418777], [78.382368, 17.4418009], [78.3823261, 17.4417805], [78.3822801, 17.4417573], [78.3822582, 17.4417462], [78.3821885, 17.4417276]]}, "properties": {"class": "tertiary"}}, {"type": "Feature", "geometry": {"type": "LineString", "coordinates": [[78.3935823, 17.4517156], [78.3935557, 17.4513772]]}, "properties": {"class": "residential"}}, {"type": "Feature", "geometry": {"type": "LineString", "coordinates": [[78.3902475, 17.4382148], [78.3902126, 17.4380896]]}, "properties": {"class": "residential"}}, {"type": "Feature", "geometry": {"type": "LineString", "coordinates": [[78.3674926, 17.4498889], [78.3676843, 17.4498419], [78.3679653, 17.4497763], [78.367982, 17.4497629], [78.3679862, 17.4497381], [78.3679132, 17.4494611]]}, "properties": {"class": "residential"}}, {"type": "Feature", "geometry": {"type": "LineString", "coordinates": [[78.3757441, 17.4642719], [78.3758555, 17.4642418]]}, "properties": {"class": "tertiary"}}, {"type": "Feature", "geometry": {"type": "LineString", "coordinates": [[78.4000742, 17.4558551], [78.4000431, 17.4557187]]}, "properties": {"class": "residential"}}, {"type": "Feature", "geometry": {"type": "LineString", "coordinates": [[78.3533268, 17.4221244], [78.3533743, 17.4221817]]}, "properties": {"class": "secondary"}}, {"type": "Feature", "geometry": {"type": "LineString", "coordinates": [[78.3937947, 17.4568082], [78.393791, 17.4567559], [78.3937817, 17.4566274]]}, "properties": {"class": "residential"}}, {"type": "Feature", "geometry": {"type": "LineString", "coordinates": [[78.3662808, 17.4452911], [78.3662294, 17.44537]]}, "properties": {"class": "secondary"}}, {"type": "Feature", "geometry": {"type": "LineString", "coordinates": [[78.3859754, 17.4473808], [78.3860887, 17.4473749], [78.3861365, 17.4473714], [78.3867119, 17.4473379], [78.3867634, 17.4473359], [78.3867849, 17.4472826], [78.3866928, 17.4461713], [78.3866842, 17.4461546], [78.3866679, 17.4461429], [78.3860975, 17.4461863], [78.3860764, 17.4461902], [78.386069, 17.4462152], [78.3861365, 17.4473714]]}, "properties": {"class": "residential"}}, {"type": "Feature", "geometry": {"type": "LineString", "coordinates": [[78.3773119, 17.4392522], [78.3773087, 17.4393112]]}, "properties": {"class": "primary"}}, {"type": "Feature", "geometry": {"type": "LineString", "coordinates": [[78.3655007, 17.4469424], [78.365372, 17.4469147]]}, "properties": {"class": "residential"}}, {"type": "Feature", "geometry": {"type": "LineString", "coordinates": [[78.3818878, 17.4226274], [78.381973, 17.4226591]]}, "properties": {"class": "secondary"}}, {"type": "Feature", "geometry": {"type": "LineString", "coordinates": [[78.3779969, 17.4410064], [78.3781208, 17.4409772], [78.3783394, 17.4408827], [78.3783865, 17.4408623], [78.3790758, 17.4404442], [78.3790837, 17.4404394], [78.3792312, 17.4403487], [78.3792913, 17.4403118]]}, "properties": {"class": "tertiary"}}, {"type": "Feature", "geometry": {"type": "LineString", "coordinates": [[78.3779878, 17.4408857], [78.3778095, 17.4409187], [78.3777281, 17.4409153]]}, "properties": {"class": "tertiary"}}, {"type": "Feature", "geometry": {"type": "LineString", "coordinates": [[78.3790136, 17.4249819], [78.3788697, 17.425045], [78.3788285, 17.4250631], [78.3786711, 17.4251825], [78.3785897, 17.4252433], [78.3784713, 17.4253317], [78.3784004, 17.4253866], [78.3781697, 17.4255651], [78.3780396, 17.4256572], [78.3778958, 17.4257624], [78.377785, 17.4258481]]}, "properties": {"class": "primary"}}, {"type": "Feature", "geometry": {"type": "LineString", "coordinates": [[78.3779164, 17.4260804], [78.3783841, 17.4256929]]}, "properties": {"class": "primary"}}, {"type": "Feature", "geometry": {"type": "LineString", "coordinates": [[78.377785, 17.4258481], [78.3772566, 17.4262685]]}, "properties": {"class": "primary"}}, {"type": "Feature", "geometry": {"type": "LineString", "coordinates": [[78.3770388, 17.4268283], [78.3770985, 17.4267771], [78.3774487, 17.4264679]]}, "properties": {"class": "primary"}}, {"type": "Feature", "geometry": {"type": "LineString", "coordinates": [[78.3911434, 17.4421222], [78.3909941, 17.4421715], [78.3908093, 17.4422013]]}, "properties": {"class": "residential"}}, {"type": "Feature", "geometry": {"type": "LineString", "coordinates": [[78.3911434, 17.4421222], [78.3911998, 17.4426501]]}, "properties": {"class": "residential"}}, {"type": "Feature", "geometry": {"type": "LineString", "coordinates": [[78.3915902, 17.441984], [78.3911434, 17.4421222]]}, "properties": {"class": "residential"}}, {"type": "Feature", "geometry": {"type": "LineString", "coordinates": [[78.3915902, 17.441984], [78.3915213, 17.4411231]]}, "properties": {"class": "tertiary"}}, {"type": "Feature", "geometry": {"type": "LineString", "coordinates": [[78.3714383, 17.4452356], [78.3714448, 17.4452689]]}, "properties": {"class": "residential"}}, {"type": "Feature", "geometry": {"type": "LineString", "coordinates": [[78.3747195, 17.4439707], [78.3748092, 17.4439312], [78.3749283, 17.4439063]]}, "properties": {"class": "secondary"}}, {"type": "Feature", "geometry": {"type": "LineString", "coordinates": [[78.374724, 17.4441601], [78.3747, 17.4440382], [78.374706, 17.4440054], [78.3747195, 17.4439707]]}, "properties": {"class": "secondary"}}, {"type": "Feature", "geometry": {"type": "LineString", "coordinates": [[78.374645, 17.4439392], [78.3746015, 17.444077], [78.3746211, 17.4441701]]}, "properties": {"class": "secondary"}}, {"type": "Feature", "geometry": {"type": "LineString", "coordinates": [[78.396238, 17.4595517], [78.3961966, 17.4594797]]}, "properties": {"class": "tertiary"}}, {"type": "Feature", "geometry": {"type": "LineString", "coordinates": [[78.3961966, 17.4594797], [78.3961205, 17.4595134]]}, "properties": {"class": "secondary"}}, {"type": "Feature", "geometry": {"type": "LineString", "coordinates": [[78.3988681, 17.4463216], [78.3992037, 17.4462367], [78.3993258, 17.4462]]}, "properties": {"class": "residential"}}, {"type": "Feature", "geometry": {"type": "LineString", "coordinates": [[78.3983707, 17.4679723], [78.3983507, 17.4679704], [78.3982638, 17.4679695]]}, "properties": {"class": "tertiary"}}, {"type": "Feature", "geometry": {"type": "LineString", "coordinates": [[78.3982638, 17.4679695], [78.3982469, 17.4679682]]}, "properties": {"class": "tertiary"}}, {"type": "Feature", "geometry": {"type": "LineString", "coordinates": [[78.387292, 17.4598129], [78.3879138, 17.4598175]]}, "properties": {"class": "residential"}}, {"type": "Feature", "geometry": {"type": "LineString", "coordinates": [[78.3979191, 17.4582019], [78.3979312, 17.4582563], [78.3979701, 17.4584257]]}, "properties": {"class": "residential"}}, {"type": "Feature", "geometry": {"type": "LineString", "coordinates": [[78.3800175, 17.4217713], [78.3795909, 17.4212936]]}, "properties": {"class": "residential"}}, {"type": "Feature", "geometry": {"type": "LineString", "coordinates": [[78.3735386, 17.4381041], [78.3734789, 17.4380418]]}, "properties": {"class": "secondary"}}, {"type": "Feature", "geometry": {"type": "LineString", "coordinates": [[78.3745024, 17.4369555], [78.3742112, 17.4372672], [78.3740555, 17.4374318], [78.3739086, 17.4375871], [78.3734789, 17.4380418]]}, "properties": {"class": "primary"}}, {"type": "Feature", "geometry": {"type": "LineString", "coordinates": [[78.3782545, 17.431759], [78.3783254, 17.4313813]]}, "properties": {"class": "tertiary"}}, {"type": "Feature", "geometry": {"type": "LineString", "coordinates": [[78.3781449, 17.4317482], [78.3782545, 17.431759]]}, "properties": {"class": "tertiary"}}, {"type": "Feature", "geometry": {"type": "LineString", "coordinates": [[78.3946704, 17.4410486], [78.3947054, 17.4411526], [78.3947837, 17.4413596], [78.3948018, 17.4413807], [78.3948345, 17.4413871], [78.3951181, 17.4413013], [78.3951257, 17.4413016], [78.3951301, 17.4413041], [78.3951529, 17.4413522], [78.3951562, 17.4413552], [78.3951625, 17.4413566], [78.3951663, 17.4413564], [78.3952478, 17.4413221]]}, "properties": {"class": "residential"}}, {"type": "Feature", "geometry": {"type": "LineString", "coordinates": [[78.3841655, 17.4611374], [78.3842678, 17.4614096]]}, "properties": {"class": "residential"}}, {"type": "Feature", "geometry": {"type": "LineString", "coordinates": [[78.3721676, 17.456558], [78.3725878, 17.456488]]}, "properties": {"class": "residential"}}, {"type": "Feature", "geometry": {"type": "LineString", "coordinates": [[78.3723543, 17.4564249], [78.3725581, 17.4563925]]}, "properties": {"class": "residential"}}, {"type": "Feature", "geometry": {"type": "LineString", "coordinates": [[78.3725349, 17.4563175], [78.3725581, 17.4563925]]}, "properties": {"class": "residential"}}, {"type": "Feature", "geometry": {"type": "LineString", "coordinates": [[78.3725581, 17.4563925], [78.3725878, 17.456488]]}, "properties": {"class": "residential"}}, {"type": "Feature", "geometry": {"type": "LineString", "coordinates": [[78.3557363, 17.4371441], [78.3553514, 17.4374253], [78.3552472, 17.437479], [78.354095, 17.4377274], [78.3537332, 17.4378071], [78.3534487, 17.4378592], [78.3528683, 17.4379118]]}, "properties": {"class": "tertiary"}}, {"type": "Feature", "geometry": {"type": "LineString", "coordinates": [[78.395032, 17.4250511], [78.3950762, 17.4251364]]}, "properties": {"class": "secondary"}}, {"type": "Feature", "geometry": {"type": "LineString", "coordinates": [[78.394636, 17.424794], [78.3946713, 17.4248148]]}, "properties": {"class": "secondary"}}, {"type": "Feature", "geometry": {"type": "LineString", "coordinates": [[78.3944579, 17.4247185], [78.394534, 17.4247808], [78.394636, 17.424794]]}, "properties": {"class": "secondary"}}, {"type": "Feature", "geometry": {"type": "LineString", "coordinates": [[78.394636, 17.424794], [78.394582, 17.4247023], [78.3945231, 17.4246545]]}, "properties": {"class": "secondary"}}, {"type": "Feature", "geometry": {"type": "LineString", "coordinates": [[78.3949896, 17.4250275], [78.395032, 17.4250511]]}, "properties": {"class": "secondary"}}, {"type": "Feature", "geometry": {"type": "LineString", "coordinates": [[78.3948134, 17.4249069], [78.3949896, 17.4250275]]}, "properties": {"class": "secondary"}}, {"type": "Feature", "geometry": {"type": "LineString", "coordinates": [[78.3946713, 17.4248148], [78.394741, 17.4248574]]}, "properties": {"class": "secondary"}}, {"type": "Feature", "geometry": {"type": "LineString", "coordinates": [[78.3644637, 17.439374], [78.3644901, 17.4391576], [78.3644485, 17.4390041], [78.3643547, 17.4388211], [78.3642501, 17.4387212], [78.364207, 17.4386804], [78.3641989, 17.4386367], [78.3642261, 17.4385934], [78.364275, 17.4385461], [78.3643181, 17.4385071], [78.3643693, 17.4384591], [78.364384, 17.4383843]]}, "properties": {"class": "residential"}}, {"type": "Feature", "geometry": {"type": "LineString", "coordinates": [[78.3719271, 17.4420812], [78.3717935, 17.4421283]]}, "properties": {"class": "secondary"}}, {"type": "Feature", "geometry": {"type": "LineString", "coordinates": [[78.3618448, 17.4451844], [78.361747, 17.4453513]]}, "properties": {"class": "residential"}}, {"type": "Feature", "geometry": {"type": "LineString", "coordinates": [[78.3800175, 17.4217713], [78.3801903, 17.4219009], [78.3803667, 17.4220297], [78.3805309, 17.4221541], [78.3808358, 17.4223655], [78.3808731, 17.4223631], [78.3809312, 17.4223065]]}, "properties": {"class": "residential"}}, {"type": "Feature", "geometry": {"type": "LineString", "coordinates": [[78.3805309, 17.4221541], [78.3805895, 17.4220891]]}, "properties": {"class": "residential"}}, {"type": "Feature", "geometry": {"type": "LineString", "coordinates": [[78.3657621, 17.4341086], [78.3653846, 17.4343799]]}, "properties": {"class": "residential"}}, {"type": "Feature", "geometry": {"type": "LineString", "coordinates": [[78.3658589, 17.4350432], [78.3660088, 17.4352766], [78.3665387, 17.436102], [78.3666053, 17.4362057]]}, "properties": {"class": "residential"}}, {"type": "Feature", "geometry": {"type": "LineString", "coordinates": [[78.3654958, 17.4345354], [78.3658589, 17.4350432]]}, "properties": {"class": "residential"}}, {"type": "Feature", "geometry": {"type": "LineString", "coordinates": [[78.3677711, 17.4415093], [78.3677449, 17.4415144], [78.3675971, 17.4415495], [78.367435, 17.441588], [78.3670719, 17.4416655]]}, "properties": {"class": "residential"}}, {"type": "Feature", "geometry": {"type": "LineString", "coordinates": [[78.3777304, 17.4410633], [78.3778123, 17.44105], [78.3779969, 17.4410064]]}, "properties": {"class": "tertiary"}}, {"type": "Feature", "geometry": {"type": "LineString", "coordinates": [[78.3776679, 17.4409127], [78.3773796, 17.4409005]]}, "properties": {"class": "tertiary"}}, {"type": "Feature", "geometry": {"type": "LineString", "coordinates": [[78.3776858, 17.4410705], [78.3777304, 17.4410633]]}, "properties": {"class": "tertiary"}}, {"type": "Feature", "geometry": {"type": "LineString", "coordinates": [[78.3777281, 17.4409153], [78.3776679, 17.4409127]]}, "properties": {"class": "tertiary"}}, {"type": "Feature", "geometry": {"type": "LineString", "coordinates": [[78.3660276, 17.445249], [78.3660713, 17.4451736]]}, "properties": {"class": "residential"}}, {"type": "Feature", "geometry": {"type": "LineString", "coordinates": [[78.3858364, 17.4453974], [78.3857421, 17.4453212]]}, "properties": {"class": "tertiary"}}, {"type": "Feature", "geometry": {"type": "LineString", "coordinates": [[78.3790957, 17.4638185], [78.3791856, 17.4637872]]}, "properties": {"class": "tertiary"}}, {"type": "Feature", "geometry": {"type": "LineString", "coordinates": [[78.3793288, 17.4664451], [78.3793261, 17.4659847]]}, "properties": {"class": "tertiary"}}, {"type": "Feature", "geometry": {"type": "LineString", "coordinates": [[78.3842784, 17.4454915], [78.3849121, 17.4459931]]}, "properties": {"class": "tertiary"}}, {"type": "Feature", "geometry": {"type": "LineString", "coordinates": [[78.384099, 17.4452734], [78.3842719, 17.4454236]]}, "properties": {"class": "tertiary"}}, {"type": "Feature", "geometry": {"type": "LineString", "coordinates": [[78.3842719, 17.4454236], [78.3842784, 17.4454915]]}, "properties": {"class": "tertiary"}}, {"type": "Feature", "geometry": {"type": "LineString", "coordinates": [[78.3620788, 17.4385337], [78.3628198, 17.438031], [78.3628545, 17.4380046], [78.3628891, 17.4379781]]}, "properties": {"class": "residential"}}, {"type": "Feature", "geometry": {"type": "LineString", "coordinates": [[78.3628198, 17.438031], [78.363054, 17.4383529]]}, "properties": {"class": "residential"}}, {"type": "Feature", "geometry": {"type": "LineString", "coordinates": [[78.3595289, 17.440389], [78.3594291, 17.4398939]]}, "properties": {"class": "residential"}}, {"type": "Feature", "geometry": {"type": "LineString", "coordinates": [[78.3621487, 17.4570342], [78.3621929, 17.4572311], [78.3621478, 17.4579438], [78.3620559, 17.4581733], [78.3620512, 17.4583572], [78.362039, 17.4588306]]}, "properties": {"class": "residential"}}, {"type": "Feature", "geometry": {"type": "LineString", "coordinates": [[78.3675304, 17.4410256], [78.3677484, 17.4410507], [78.3679358, 17.4410428], [78.3680409, 17.4410088]]}, "properties": {"class": "primary"}}, {"type": "Feature", "geometry": {"type": "LineString", "coordinates": [[78.3849981, 17.4460125], [78.384968, 17.4459383], [78.3847695, 17.4457541], [78.3843518, 17.4454317], [78.3842719, 17.4454236]]}, "properties": {"class": "tertiary"}}, {"type": "Feature", "geometry": {"type": "LineString", "coordinates": [[78.3849981, 17.4460125], [78.385062, 17.4460758]]}, "properties": {"class": "tertiary"}}, {"type": "Feature", "geometry": {"type": "LineString", "coordinates": [[78.3849121, 17.4459931], [78.3849981, 17.4460125]]}, "properties": {"class": "tertiary"}}, {"type": "Feature", "geometry": {"type": "LineString", "coordinates": [[78.3762856, 17.4635098], [78.3765578, 17.4635272], [78.3765928, 17.4635183], [78.3767703, 17.4634983], [78.376824, 17.4633824], [78.3767936, 17.4631976], [78.3767212, 17.4631708], [78.3764616, 17.4631367]]}, "properties": {"class": "residential"}}, {"type": "Feature", "geometry": {"type": "LineString", "coordinates": [[78.3944677, 17.4354654], [78.3944057, 17.4355114], [78.3943523, 17.4355498]]}, "properties": {"class": "residential"}}, {"type": "Feature", "geometry": {"type": "LineString", "coordinates": [[78.3944686, 17.4356249], [78.3944057, 17.4355114]]}, "properties": {"class": "residential"}}, {"type": "Feature", "geometry": {"type": "LineString", "coordinates": [[78.3944677, 17.4354654], [78.3945321, 17.4354572], [78.3948833, 17.435276]]}, "properties": {"class": "residential"}}, {"type": "Feature", "geometry": {"type": "LineString", "coordinates": [[78.3816229, 17.4598578], [78.3816551, 17.4599186], [78.3816776, 17.459966], [78.3819798, 17.4612944], [78.382116, 17.4620112], [78.3821312, 17.4620914], [78.3821923, 17.4624126], [78.3822486, 17.4626959], [78.3823412, 17.4631621], [78.3823532, 17.4632225]]}, "properties": {"class": "residential"}}, {"type": "Feature", "geometry": {"type": "LineString", "coordinates": [[78.3787548, 17.4607258], [78.3794297, 17.4605565], [78.3807349, 17.4602046], [78.3816012, 17.4599373], [78.3816551, 17.4599186], [78.3817241, 17.4598857], [78.3818004, 17.4598369], [78.3820266, 17.4596923], [78.3825633, 17.4593471], [78.3827602, 17.4592059]]}, "properties": {"class": "residential"}}, {"type": "Feature", "geometry": {"type": "LineString", "coordinates": [[78.3827072, 17.4591534], [78.3816982, 17.4598242]]}, "properties": {"class": "residential"}}, {"type": "Feature", "geometry": {"type": "LineString", "coordinates": [[78.3821995, 17.462078], [78.3821312, 17.4620914]]}, "properties": {"class": "residential"}}, {"type": "Feature", "geometry": {"type": "LineString", "coordinates": [[78.3566905, 17.4367982], [78.3566401, 17.4368547]]}, "properties": {"class": "residential"}}, {"type": "Feature", "geometry": {"type": "LineString", "coordinates": [[78.3758216, 17.4643746], [78.3758555, 17.4642418]]}, "properties": {"class": "tertiary"}}, {"type": "Feature", "geometry": {"type": "LineString", "coordinates": [[78.399252, 17.4674866], [78.3997653, 17.4673147], [78.400052, 17.4671953]]}, "properties": {"class": "residential"}}, {"type": "Feature", "geometry": {"type": "LineString", "coordinates": [[78.3812042, 17.4313398], [78.381278, 17.4314337]]}, "properties": {"class": "tertiary"}}, {"type": "Feature", "geometry": {"type": "LineString", "coordinates": [[78.3792921, 17.4665976], [78.3792886, 17.466506]]}, "properties": {"class": "residential"}}, {"type": "Feature", "geometry": {"type": "LineString", "coordinates": [[78.3792886, 17.466506], [78.3793288, 17.4664451]]}, "properties": {"class": "tertiary"}}, {"type": "Feature", "geometry": {"type": "LineString", "coordinates": [[78.3720152, 17.4447572], [78.371356, 17.4448148]]}, "properties": {"class": "residential"}}, {"type": "Feature", "geometry": {"type": "LineString", "coordinates": [[78.378886, 17.4454224], [78.3788305, 17.4451634]]}, "properties": {"class": "residential"}}, {"type": "Feature", "geometry": {"type": "LineString", "coordinates": [[78.3673288, 17.4396036], [78.3673168, 17.4395347], [78.3672217, 17.4389886]]}, "properties": {"class": "residential"}}, {"type": "Feature", "geometry": {"type": "LineString", "coordinates": [[78.3602577, 17.4331745], [78.3602101, 17.4330795], [78.3602375, 17.4329329]]}, "properties": {"class": "motorway"}}, {"type": "Feature", "geometry": {"type": "LineString", "coordinates": [[78.3772485, 17.4393055], [78.3772456, 17.4392651], [78.3772349, 17.439231], [78.3772126, 17.4392011], [78.3770948, 17.4390534], [78.3770931, 17.438996]]}, "properties": {"class": "primary"}}, {"type": "Feature", "geometry": {"type": "LineString", "coordinates": [[78.3773119, 17.4392522], [78.3772336, 17.4391167], [78.3771434, 17.4390247], [78.3770931, 17.438996]]}, "properties": {"class": "primary"}}, {"type": "Feature", "geometry": {"type": "LineString", "coordinates": [[78.3629987, 17.4440916], [78.3629419, 17.4440231]]}, "properties": {"class": "motorway"}}, {"type": "Feature", "geometry": {"type": "LineString", "coordinates": [[78.3792564, 17.4659836], [78.3788503, 17.4659757], [78.3785888, 17.465968]]}, "properties": {"class": "tertiary"}}, {"type": "Feature", "geometry": {"type": "LineString", "coordinates": [[78.362039, 17.4588306], [78.362025, 17.4592842], [78.3620374, 17.4593971], [78.3620997, 17.4595545], [78.3621993, 17.4596971], [78.3623488, 17.4597386], [78.362685, 17.4597386], [78.3627722, 17.4597149], [78.3627846, 17.4596258], [78.3627645, 17.4593242], [78.3627379, 17.4589249], [78.3627021, 17.4588477], [78.3626539, 17.458818], [78.3625356, 17.4587972], [78.3624422, 17.4587987], [78.3624173, 17.4586665], [78.3624297, 17.458423], [78.3624321, 17.4583874]]}, "properties": {"class": "residential"}}, {"type": "Feature", "geometry": {"type": "LineString", "coordinates": [[78.3624422, 17.4587987], [78.3624559, 17.4592922], [78.3624902, 17.4593204], [78.3625727, 17.4593293], [78.3627645, 17.4593242]]}, "properties": {"class": "residential"}}, {"type": "Feature", "geometry": {"type": "LineString", "coordinates": [[78.3587532, 17.4681055], [78.3587547, 17.4679859], [78.358766, 17.4675094], [78.3587763, 17.4670746], [78.3587852, 17.4666522]]}, "properties": {"class": "residential"}}, {"type": "Feature", "geometry": {"type": "LineString", "coordinates": [[78.3587852, 17.4666522], [78.3583646, 17.4666423], [78.3578976, 17.4666416]]}, "properties": {"class": "residential"}}, {"type": "Feature", "geometry": {"type": "LineString", "coordinates": [[78.3788314, 17.4481208], [78.3790108, 17.4480212]]}, "properties": {"class": "residential"}}, {"type": "Feature", "geometry": {"type": "LineString", "coordinates": [[78.3628686, 17.4411735], [78.3627535, 17.441095]]}, "properties": {"class": "residential"}}, {"type": "Feature", "geometry": {"type": "LineString", "coordinates": [[78.3634145, 17.4400086], [78.3632756, 17.4403629], [78.3631382, 17.4405972], [78.36283, 17.4409788], [78.3627535, 17.441095]]}, "properties": {"class": "primary"}}, {"type": "Feature", "geometry": {"type": "LineString", "coordinates": [[78.3736778, 17.4574577], [78.37369, 17.4574935], [78.3737117, 17.4575572]]}, "properties": {"class": "secondary"}}, {"type": "Feature", "geometry": {"type": "LineString", "coordinates": [[78.3694334, 17.463942], [78.3692721, 17.463696]]}, "properties": {"class": "residential"}}, {"type": "Feature", "geometry": {"type": "LineString", "coordinates": [[78.393267, 17.4552105], [78.3937346, 17.455402], [78.3939877, 17.4555033], [78.3941674, 17.4554687], [78.3946028, 17.4553584], [78.3946997, 17.4553159], [78.3950133, 17.4551713], [78.3951052, 17.4551275], [78.3954454, 17.4549672], [78.3954678, 17.4549553], [78.3955075, 17.4549342], [78.3957124, 17.4549071], [78.3959052, 17.4548979], [78.3963246, 17.4548883], [78.3963765, 17.4548885], [78.3968005, 17.4548663]]}, "properties": {"class": "tertiary"}}, {"type": "Feature", "geometry": {"type": "LineString", "coordinates": [[78.393267, 17.4552105], [78.3933133, 17.4560474]]}, "properties": {"class": "residential"}}, {"type": "Feature", "geometry": {"type": "LineString", "coordinates": [[78.3853142, 17.4549234], [78.3860346, 17.4546255], [78.3861957, 17.4545589], [78.3864925, 17.4544832], [78.3868927, 17.4543742], [78.3874122, 17.4542288], [78.3874981, 17.4542028], [78.3878976, 17.4540942], [78.3879593, 17.4540794], [78.3885823, 17.4539062], [78.3886207, 17.4538908], [78.388937, 17.4538065], [78.3890862, 17.4537646], [78.3891796, 17.4537365]]}, "properties": {"class": "tertiary"}}, {"type": "Feature", "geometry": {"type": "LineString", "coordinates": [[78.402841, 17.4386238], [78.4023658, 17.438468], [78.4013516, 17.4381288]]}, "properties": {"class": "residential"}}, {"type": "Feature", "geometry": {"type": "LineString", "coordinates": [[78.3899893, 17.4467347], [78.3898906, 17.4475328], [78.3898311, 17.4480375], [78.3897731, 17.4485222]]}, "properties": {"class": "residential"}}, {"type": "Feature", "geometry": {"type": "LineString", "coordinates": [[78.389267, 17.448516], [78.3893089, 17.4485054], [78.3897731, 17.4485222]]}, "properties": {"class": "residential"}}, {"type": "Feature", "geometry": {"type": "LineString", "coordinates": [[78.3939126, 17.4487801], [78.3943196, 17.4488165], [78.3943342, 17.4488197], [78.3943418, 17.4488274], [78.3943457, 17.4488415], [78.3942982, 17.4492367], [78.3942358, 17.4497933], [78.3941901, 17.4502003], [78.3941194, 17.4506093]]}, "properties": {"class": "residential"}}, {"type": "Feature", "geometry": {"type": "LineString", "coordinates": [[78.3937039, 17.4506395], [78.3937932, 17.4497576], [78.3939126, 17.4487801]]}, "properties": {"class": "residential"}}, {"type": "Feature", "geometry": {"type": "LineString", "coordinates": [[78.3941194, 17.4506093], [78.3940279, 17.4510312], [78.3941017, 17.4516729]]}, "properties": {"class": "residential"}}, {"type": "Feature", "geometry": {"type": "LineString", "coordinates": [[78.3951695, 17.4505182], [78.3941194, 17.4506093]]}, "properties": {"class": "residential"}}, {"type": "Feature", "geometry": {"type": "LineString", "coordinates": [[78.3872733, 17.4378638], [78.3871743, 17.437651], [78.3871575, 17.4376043], [78.3871602, 17.4375596], [78.3871762, 17.4375173], [78.3874264, 17.4370215]]}, "properties": {"class": "residential"}}, {"type": "Feature", "geometry": {"type": "LineString", "coordinates": [[78.4003595, 17.4561906], [78.400318, 17.4559637]]}, "properties": {"class": "residential"}}, {"type": "Feature", "geometry": {"type": "LineString", "coordinates": [[78.3625282, 17.4447129], [78.3623754, 17.4447565], [78.362172, 17.4448145], [78.3620347, 17.4448537], [78.3619261, 17.4449045]]}, "properties": {"class": "residential"}}, {"type": "Feature", "geometry": {"type": "LineString", "coordinates": [[78.3619261, 17.4449045], [78.3618591, 17.4448713], [78.3617852, 17.4448025], [78.3617436, 17.4447334], [78.3617182, 17.4446183], [78.3617182, 17.4445643], [78.3617182, 17.4444545], [78.3617182, 17.4442805], [78.3617799, 17.4441551], [78.3619005, 17.4440476], [78.3619239, 17.4440312]]}, "properties": {"class": "residential"}}, {"type": "Feature", "geometry": {"type": "LineString", "coordinates": [[78.3619239, 17.4440312], [78.3620783, 17.4444297]]}, "properties": {"class": "residential"}}, {"type": "Feature", "geometry": {"type": "LineString", "coordinates": [[78.391032, 17.4468294], [78.3910668, 17.4464862], [78.391123, 17.4460307], [78.3912061, 17.4453654]]}, "properties": {"class": "residential"}}, {"type": "Feature", "geometry": {"type": "LineString", "coordinates": [[78.3912061, 17.4453654], [78.3906873, 17.4453206]]}, "properties": {"class": "residential"}}, {"type": "Feature", "geometry": {"type": "LineString", "coordinates": [[78.3686875, 17.4373335], [78.3689856, 17.4371089], [78.3693009, 17.43686], [78.369847, 17.4364628]]}, "properties": {"class": "residential"}}, {"type": "Feature", "geometry": {"type": "LineString", "coordinates": [[78.3835141, 17.4293783], [78.3833654, 17.4295036], [78.3827198, 17.4301014], [78.3823416, 17.4304443], [78.381907, 17.4307821], [78.3812042, 17.4313398]]}, "properties": {"class": "tertiary"}}, {"type": "Feature", "geometry": {"type": "LineString", "coordinates": [[78.381278, 17.4314337], [78.3819882, 17.430871], [78.3820062, 17.430857], [78.382427, 17.4305298], [78.3825526, 17.4304239], [78.3826554, 17.4303372], [78.3828154, 17.4302024], [78.3834699, 17.4296214], [78.3836123, 17.4294904]]}, "properties": {"class": "tertiary"}}, {"type": "Feature", "geometry": {"type": "LineString", "coordinates": [[78.3783254, 17.4313813], [78.378359, 17.4311608], [78.3784465, 17.4306588], [78.3785082, 17.4303044]]}, "properties": {"class": "tertiary"}}, {"type": "Feature", "geometry": {"type": "LineString", "coordinates": [[78.3783666, 17.4302843], [78.3785082, 17.4303044]]}, "properties": {"class": "tertiary"}}, {"type": "Feature", "geometry": {"type": "LineString", "coordinates": [[78.3783666, 17.4302843], [78.3781634, 17.4316454]]}, "properties": {"class": "tertiary"}}, {"type": "Feature", "geometry": {"type": "LineString", "coordinates": [[78.4008972, 17.4285065], [78.4009224, 17.4284777], [78.4016519, 17.427706]]}, "properties": {"class": "residential"}}, {"type": "Feature", "geometry": {"type": "LineString", "coordinates": [[78.382115, 17.441801], [78.3822041, 17.4418246]]}, "properties": {"class": "tertiary"}}, {"type": "Feature", "geometry": {"type": "LineString", "coordinates": [[78.3821885, 17.4417276], [78.3820899, 17.4417155]]}, "properties": {"class": "tertiary"}}, {"type": "Feature", "geometry": {"type": "LineString", "coordinates": [[78.3782769, 17.4475267], [78.378325, 17.4475126], [78.3784356, 17.447447]]}, "properties": {"class": "residential"}}, {"type": "Feature", "geometry": {"type": "LineString", "coordinates": [[78.378185, 17.4470532], [78.3784356, 17.447447]]}, "properties": {"class": "residential"}}, {"type": "Feature", "geometry": {"type": "LineString", "coordinates": [[78.3521119, 17.4620111], [78.3524502, 17.4618487]]}, "properties": {"class": "residential"}}, {"type": "Feature", "geometry": {"type": "LineString", "coordinates": [[78.3524502, 17.4618487], [78.3525423, 17.4620047], [78.3528534, 17.4625471]]}, "properties": {"class": "residential"}}, {"type": "Feature", "geometry": {"type": "LineString", "coordinates": [[78.3564522, 17.4634176], [78.3564972, 17.4634899]]}, "properties": {"class": "residential"}}, {"type": "Feature", "geometry": {"type": "LineString", "coordinates": [[78.3614055, 17.4676494], [78.3614185, 17.4680732], [78.3614393, 17.4687533]]}, "properties": {"class": "residential"}}, {"type": "Feature", "geometry": {"type": "LineString", "coordinates": [[78.3695301, 17.4512321], [78.3693531, 17.4513845], [78.3694134, 17.4515215], [78.3694224, 17.451578], [78.3694187, 17.4516307], [78.3694191, 17.4516905], [78.3694453, 17.4517524], [78.3695925, 17.4519592], [78.3697393, 17.4521046], [78.369872, 17.4522095]]}, "properties": {"class": "residential"}}, {"type": "Feature", "geometry": {"type": "LineString", "coordinates": [[78.3670389, 17.4510852], [78.3669016, 17.4510919], [78.366647, 17.451125], [78.3664201, 17.4511357], [78.3661789, 17.4511527], [78.3659143, 17.4511762]]}, "properties": {"class": "residential"}}, {"type": "Feature", "geometry": {"type": "LineString", "coordinates": [[78.3659143, 17.4511762], [78.3659722, 17.4517458]]}, "properties": {"class": "residential"}}, {"type": "Feature", "geometry": {"type": "LineString", "coordinates": [[78.3702603, 17.4481783], [78.3699868, 17.4484224], [78.369411, 17.4489235], [78.3688709, 17.4494053], [78.3683215, 17.4498834]]}, "properties": {"class": "residential"}}, {"type": "Feature", "geometry": {"type": "LineString", "coordinates": [[78.3683215, 17.4498834], [78.3681382, 17.4500277], [78.3679651, 17.4501504], [78.3678978, 17.4502016], [78.3676441, 17.4503841]]}, "properties": {"class": "residential"}}, {"type": "Feature", "geometry": {"type": "LineString", "coordinates": [[78.3678501, 17.4512829], [78.3676441, 17.4503841]]}, "properties": {"class": "residential"}}, {"type": "Feature", "geometry": {"type": "LineString", "coordinates": [[78.3676441, 17.4503841], [78.3674926, 17.4498889]]}, "properties": {"class": "residential"}}, {"type": "Feature", "geometry": {"type": "LineString", "coordinates": [[78.3692284, 17.4509038], [78.3693795, 17.4510655], [78.3695301, 17.4512321]]}, "properties": {"class": "residential"}}, {"type": "Feature", "geometry": {"type": "LineString", "coordinates": [[78.3647758, 17.4598072], [78.3647811, 17.4598481], [78.3647897, 17.4599447]]}, "properties": {"class": "residential"}}, {"type": "Feature", "geometry": {"type": "LineString", "coordinates": [[78.3658428, 17.4625147], [78.3657715, 17.461689], [78.3656804, 17.4610528]]}, "properties": {"class": "residential"}}, {"type": "Feature", "geometry": {"type": "LineString", "coordinates": [[78.3662166, 17.4624644], [78.3658428, 17.4625147]]}, "properties": {"class": "residential"}}, {"type": "Feature", "geometry": {"type": "LineString", "coordinates": [[78.3683807, 17.4650207], [78.3679961, 17.4651743]]}, "properties": {"class": "residential"}}, {"type": "Feature", "geometry": {"type": "LineString", "coordinates": [[78.3871103, 17.4482043], [78.3871086, 17.4482552], [78.3871053, 17.448295], [78.3871029, 17.448315], [78.3871006, 17.4483246], [78.3870982, 17.4483305], [78.3870891, 17.4483453], [78.38706, 17.4483766]]}, "properties": {"class": "residential"}}, {"type": "Feature", "geometry": {"type": "LineString", "coordinates": [[78.382224, 17.4226644], [78.3821414, 17.4225681]]}, "properties": {"class": "secondary"}}, {"type": "Feature", "geometry": {"type": "LineString", "coordinates": [[78.3951516, 17.4509211], [78.3955398, 17.4508922], [78.3955693, 17.4508743], [78.3955881, 17.4508257], [78.3955664, 17.4507029], [78.3955157, 17.4505033]]}, "properties": {"class": "residential"}}, {"type": "Feature", "geometry": {"type": "LineString", "coordinates": [[78.3950041, 17.4509356], [78.3951516, 17.4509211]]}, "properties": {"class": "residential"}}, {"type": "Feature", "geometry": {"type": "LineString", "coordinates": [[78.3839898, 17.4436665], [78.3842197, 17.4436018]]}, "properties": {"class": "residential"}}, {"type": "Feature", "geometry": {"type": "LineString", "coordinates": [[78.3785082, 17.4303044], [78.3785221, 17.4302102]]}, "properties": {"class": "tertiary"}}, {"type": "Feature", "geometry": {"type": "LineString", "coordinates": [[78.3783791, 17.4301905], [78.3783666, 17.4302843]]}, "properties": {"class": "tertiary"}}, {"type": "Feature", "geometry": {"type": "LineString", "coordinates": [[78.3785221, 17.4302102], [78.3783791, 17.4301905]]}, "properties": {"class": "tertiary"}}, {"type": "Feature", "geometry": {"type": "LineString", "coordinates": [[78.3785357, 17.4301167], [78.3785908, 17.4298029], [78.3790318, 17.4272924], [78.3791132, 17.4264583], [78.3790718, 17.4261558], [78.3789695, 17.4258384], [78.3788925, 17.4256744], [78.3787233, 17.4254201]]}, "properties": {"class": "tertiary"}}, {"type": "Feature", "geometry": {"type": "LineString", "coordinates": [[78.3890086, 17.4388184], [78.3881256, 17.4387028]]}, "properties": {"class": "residential"}}, {"type": "Feature", "geometry": {"type": "LineString", "coordinates": [[78.367837, 17.45983], [78.3682551, 17.4596814]]}, "properties": {"class": "residential"}}, {"type": "Feature", "geometry": {"type": "LineString", "coordinates": [[78.3637439, 17.4492771], [78.3637652, 17.449377]]}, "properties": {"class": "primary"}}, {"type": "Feature", "geometry": {"type": "LineString", "coordinates": [[78.3639678, 17.4496425], [78.3639565, 17.4495267]]}, "properties": {"class": "primary"}}, {"type": "Feature", "geometry": {"type": "LineString", "coordinates": [[78.3637519, 17.45101], [78.3637625, 17.4508674], [78.3638072, 17.4506454], [78.3638849, 17.450423], [78.3639044, 17.4503668], [78.3639703, 17.4502011], [78.36399, 17.4500862], [78.3639906, 17.4498743], [78.3639678, 17.4496425]]}, "properties": {"class": "primary"}}, {"type": "Feature", "geometry": {"type": "LineString", "coordinates": [[78.362575, 17.4579557], [78.3626271, 17.4578575], [78.362639, 17.4573641], [78.3625791, 17.4567162], [78.3625625, 17.4566669], [78.3625035, 17.4566529], [78.3622504, 17.4566558]]}, "properties": {"class": "residential"}}, {"type": "Feature", "geometry": {"type": "LineString", "coordinates": [[78.3622504, 17.4566558], [78.3621793, 17.4567412], [78.3621472, 17.4568885], [78.3621487, 17.4570342]]}, "properties": {"class": "residential"}}, {"type": "Feature", "geometry": {"type": "LineString", "coordinates": [[78.3624321, 17.4583874], [78.3625669, 17.4583686], [78.3625992, 17.4583327], [78.362575, 17.4579557]]}, "properties": {"class": "residential"}}, {"type": "Feature", "geometry": {"type": "LineString", "coordinates": [[78.3590449, 17.4183516], [78.3586655, 17.4185153]]}, "properties": {"class": "secondary"}}, {"type": "Feature", "geometry": {"type": "LineString", "coordinates": [[78.3892328, 17.4654161], [78.3891504, 17.4653414], [78.3889804, 17.4651319], [78.3888211, 17.4649088], [78.38873, 17.4646322]]}, "properties": {"class": "residential"}}, {"type": "Feature", "geometry": {"type": "LineString", "coordinates": [[78.3895154, 17.4651839], [78.3898134, 17.4651456]]}, "properties": {"class": "residential"}}, {"type": "Feature", "geometry": {"type": "LineString", "coordinates": [[78.3874318, 17.4441526], [78.3874453, 17.4438963], [78.3874466, 17.4438448], [78.3874202, 17.4437919], [78.3873844, 17.4437422], [78.3873558, 17.443719]]}, "properties": {"class": "residential"}}, {"type": "Feature", "geometry": {"type": "LineString", "coordinates": [[78.3863666, 17.4439615], [78.3861097, 17.4438682]]}, "properties": {"class": "residential"}}, {"type": "Feature", "geometry": {"type": "LineString", "coordinates": [[78.3784995, 17.4594059], [78.3786864, 17.4593446]]}, "properties": {"class": "residential"}}, {"type": "Feature", "geometry": {"type": "LineString", "coordinates": [[78.3854006, 17.4564532], [78.3853864, 17.4564223]]}, "properties": {"class": "residential"}}, {"type": "Feature", "geometry": {"type": "LineString", "coordinates": [[78.3951737, 17.4495298], [78.3948099, 17.4486165]]}, "properties": {"class": "residential"}}, {"type": "Feature", "geometry": {"type": "LineString", "coordinates": [[78.3708486, 17.456049], [78.3708601, 17.45608], [78.3708638, 17.4560902], [78.3710471, 17.4565869], [78.3710474, 17.4566049], [78.371039, 17.456617], [78.3706928, 17.4567243]]}, "properties": {"class": "residential"}}, {"type": "Feature", "geometry": {"type": "LineString", "coordinates": [[78.3703829, 17.4568309], [78.3702096, 17.4568891], [78.3701634, 17.4569046]]}, "properties": {"class": "residential"}}, {"type": "Feature", "geometry": {"type": "LineString", "coordinates": [[78.3708638, 17.4560902], [78.3700446, 17.4563468], [78.3700294, 17.4563532], [78.3700282, 17.4563695], [78.3701967, 17.456831]]}, "properties": {"class": "residential"}}, {"type": "Feature", "geometry": {"type": "LineString", "coordinates": [[78.3787257, 17.4478864], [78.3787453, 17.4479114]]}, "properties": {"class": "residential"}}, {"type": "Feature", "geometry": {"type": "LineString", "coordinates": [[78.3791464, 17.4477262], [78.379131, 17.4476961]]}, "properties": {"class": "residential"}}, {"type": "Feature", "geometry": {"type": "LineString", "coordinates": [[78.3669757, 17.461226], [78.3669535, 17.4611715], [78.3668544, 17.4609605]]}, "properties": {"class": "primary"}}, {"type": "Feature", "geometry": {"type": "LineString", "coordinates": [[78.3650091, 17.4569994], [78.3648085, 17.4566544]]}, "properties": {"class": "primary"}}, {"type": "Feature", "geometry": {"type": "LineString", "coordinates": [[78.3665609, 17.4603551], [78.3663762, 17.459907], [78.366327, 17.459759]]}, "properties": {"class": "primary"}}, {"type": "Feature", "geometry": {"type": "LineString", "coordinates": [[78.3638138, 17.453549], [78.3639194, 17.4535315], [78.3639486, 17.4535258], [78.3641879, 17.4534495]]}, "properties": {"class": "residential"}}, {"type": "Feature", "geometry": {"type": "LineString", "coordinates": [[78.3976601, 17.458272], [78.3976665, 17.4578397]]}, "properties": {"class": "residential"}}, {"type": "Feature", "geometry": {"type": "LineString", "coordinates": [[78.3914671, 17.4552826], [78.3920665, 17.4553241]]}, "properties": {"class": "residential"}}, {"type": "Feature", "geometry": {"type": "LineString", "coordinates": [[78.4005648, 17.4575236], [78.40058, 17.4575191]]}, "properties": {"class": "residential"}}, {"type": "Feature", "geometry": {"type": "LineString", "coordinates": [[78.3997632, 17.4571818], [78.3999099, 17.4571181]]}, "properties": {"class": "residential"}}, {"type": "Feature", "geometry": {"type": "LineString", "coordinates": [[78.3980933, 17.4565735], [78.3979007, 17.4566631], [78.3977142, 17.4567453]]}, "properties": {"class": "residential"}}, {"type": "Feature", "geometry": {"type": "LineString", "coordinates": [[78.3987194, 17.454976], [78.3985445, 17.4550456]]}, "properties": {"class": "residential"}}, {"type": "Feature", "geometry": {"type": "LineString", "coordinates": [[78.3970557, 17.4575353], [78.3968109, 17.4575547], [78.3967927, 17.4575653], [78.3967653, 17.4575798], [78.3964925, 17.4575934]]}, "properties": {"class": "residential"}}, {"type": "Feature", "geometry": {"type": "LineString", "coordinates": [[78.3916659, 17.4624775], [78.3919169, 17.4624748]]}, "properties": {"class": "residential"}}, {"type": "Feature", "geometry": {"type": "LineString", "coordinates": [[78.3919668, 17.4622182], [78.3920052, 17.4620168], [78.3919983, 17.4619721], [78.3919692, 17.4619217]]}, "properties": {"class": "residential"}}, {"type": "Feature", "geometry": {"type": "LineString", "coordinates": [[78.3899893, 17.4467347], [78.3898852, 17.4466966], [78.389223, 17.4463696], [78.3891491, 17.4463318]]}, "properties": {"class": "tertiary"}}, {"type": "Feature", "geometry": {"type": "LineString", "coordinates": [[78.3905078, 17.4467851], [78.3901575, 17.4467651], [78.3899893, 17.4467347]]}, "properties": {"class": "tertiary"}}, {"type": "Feature", "geometry": {"type": "LineString", "coordinates": [[78.3882598, 17.4338152], [78.3883225, 17.4337161], [78.3883629, 17.4335896], [78.3884011, 17.433179], [78.3884416, 17.4330289], [78.3886079, 17.4326977], [78.3887798, 17.4324254], [78.3888034, 17.4323225], [78.3888405, 17.4319151], [78.3888405, 17.4317886], [78.3887967, 17.4316535], [78.3886786, 17.4314388], [78.3886075, 17.4313764], [78.3884701, 17.4312972], [78.3882152, 17.4311795]]}, "properties": {"class": "secondary"}}, {"type": "Feature", "geometry": {"type": "LineString", "coordinates": [[78.3820594, 17.4394854], [78.3822998, 17.4394661], [78.3827158, 17.4394327]]}, "properties": {"class": "residential"}}, {"type": "Feature", "geometry": {"type": "LineString", "coordinates": [[78.3823376, 17.4397611], [78.3822998, 17.4394661]]}, "properties": {"class": "residential"}}, {"type": "Feature", "geometry": {"type": "LineString", "coordinates": [[78.3656049, 17.4583845], [78.3654935, 17.4584015], [78.3654143, 17.4584079], [78.3653375, 17.4584037], [78.3652751, 17.4583809], [78.3652588, 17.4583717], [78.365251, 17.4583646], [78.3652395, 17.4583522], [78.3652342, 17.4583356], [78.3652275, 17.4582761]]}, "properties": {"class": "residential"}}, {"type": "Feature", "geometry": {"type": "LineString", "coordinates": [[78.3585626, 17.4437367], [78.3585672, 17.4437315], [78.3590369, 17.4432075]]}, "properties": {"class": "residential"}}, {"type": "Feature", "geometry": {"type": "LineString", "coordinates": [[78.3583246, 17.4458204], [78.358564, 17.4458244]]}, "properties": {"class": "residential"}}, {"type": "Feature", "geometry": {"type": "LineString", "coordinates": [[78.3636758, 17.4225644], [78.3638267, 17.4219235], [78.3638696, 17.4218922], [78.3644021, 17.4218046]]}, "properties": {"class": "residential"}}, {"type": "Feature", "geometry": {"type": "LineString", "coordinates": [[78.3622405, 17.4227469], [78.3621792, 17.4227153], [78.3620685, 17.4226911], [78.3618452, 17.4226447], [78.3615786, 17.4225717], [78.361288, 17.4224442], [78.3610367, 17.4223108], [78.3606796, 17.422096], [78.3604271, 17.4219359], [78.3598983, 17.4216583], [78.3598262, 17.4216359], [78.3597612, 17.4216443], [78.3597585, 17.4217093], [78.3598069, 17.4217623], [78.3603582, 17.4220388], [78.360566, 17.4221556], [78.3607959, 17.4223153], [78.3609875, 17.4224289], [78.3613212, 17.4225779], [78.3617526, 17.4227305], [78.3619906, 17.4227907], [78.3620892, 17.422811], [78.3621682, 17.4227993], [78.3622405, 17.4227469]]}, "properties": {"class": "residential"}}, {"type": "Feature", "geometry": {"type": "LineString", "coordinates": [[78.3613201, 17.4335001], [78.3611896, 17.4335983], [78.3610842, 17.4336637], [78.361072, 17.4336708], [78.36102, 17.433696]]}, "properties": {"class": "residential"}}, {"type": "Feature", "geometry": {"type": "LineString", "coordinates": [[78.36102, 17.433696], [78.3609611, 17.4336779], [78.3607539, 17.433772], [78.3607386, 17.4338119]]}, "properties": {"class": "residential"}}, {"type": "Feature", "geometry": {"type": "LineString", "coordinates": [[78.3607386, 17.4338119], [78.3607828, 17.433832], [78.3609897, 17.4337337], [78.36102, 17.433696]]}, "properties": {"class": "residential"}}, {"type": "Feature", "geometry": {"type": "LineString", "coordinates": [[78.3626696, 17.4315503], [78.3628093, 17.432484], [78.3628295, 17.432564]]}, "properties": {"class": "residential"}}, {"type": "Feature", "geometry": {"type": "LineString", "coordinates": [[78.3594336, 17.4475232], [78.3594359, 17.4476906]]}, "properties": {"class": "residential"}}, {"type": "Feature", "geometry": {"type": "LineString", "coordinates": [[78.3623429, 17.4509444], [78.3624243, 17.4509426], [78.3624423, 17.4509419], [78.3624814, 17.4509402]]}, "properties": {"class": "residential"}}, {"type": "Feature", "geometry": {"type": "LineString", "coordinates": [[78.3613212, 17.4495991], [78.3614787, 17.4496435], [78.361528, 17.4496574]]}, "properties": {"class": "residential"}}, {"type": "Feature", "geometry": {"type": "LineString", "coordinates": [[78.361528, 17.4496574], [78.3617286, 17.4497137]]}, "properties": {"class": "residential"}}, {"type": "Feature", "geometry": {"type": "LineString", "coordinates": [[78.3614019, 17.4492247], [78.3614575, 17.4494059]]}, "properties": {"class": "residential"}}, {"type": "Feature", "geometry": {"type": "LineString", "coordinates": [[78.3613212, 17.4495991], [78.3612803, 17.4495781], [78.3612142, 17.4495403], [78.3611408, 17.4494898], [78.3610562, 17.4494305], [78.3609636, 17.4493512], [78.3609084, 17.4493154], [78.3608657, 17.4492951], [78.3608121, 17.4492825], [78.360762, 17.4492804], [78.3607172, 17.4492853], [78.360673, 17.4493014], [78.3606311, 17.449307], [78.360587, 17.4493], [78.3605605, 17.4492839], [78.3605407, 17.4492621], [78.3605223, 17.4492347], [78.360498, 17.4491927], [78.3604781, 17.4491639], [78.3604531, 17.4491449], [78.3604171, 17.4491309], [78.3603803, 17.4491274], [78.3603384, 17.4491351], [78.3600449, 17.4492116], [78.3600118, 17.449228], [78.3599941, 17.4492434], [78.3599853, 17.4492672], [78.359986, 17.4492932], [78.3599986, 17.4493315], [78.3600221, 17.4493623], [78.3600537, 17.4493925], [78.3606772, 17.4498694], [78.3607179, 17.4498868], [78.3607839, 17.4498975], [78.3611547, 17.4499485], [78.3615536, 17.4500061], [78.3615943, 17.4500168], [78.3616336, 17.4500329], [78.361673, 17.450061], [78.3617292, 17.4501414]]}, "properties": {"class": "residential"}}, {"type": "Feature", "geometry": {"type": "LineString", "coordinates": [[78.3617292, 17.4501414], [78.3618584, 17.450341]]}, "properties": {"class": "residential"}}, {"type": "Feature", "geometry": {"type": "LineString", "coordinates": [[78.3618584, 17.450341], [78.3619328, 17.4504817]]}, "properties": {"class": "residential"}}, {"type": "Feature", "geometry": {"type": "LineString", "coordinates": [[78.3619328, 17.4504817], [78.3619904, 17.4507055]]}, "properties": {"class": "residential"}}, {"type": "Feature", "geometry": {"type": "LineString", "coordinates": [[78.3619904, 17.4507055], [78.3620199, 17.4508314], [78.362048, 17.450885], [78.3620845, 17.4509239], [78.362128, 17.4509467], [78.36218, 17.4509547], [78.3623429, 17.4509444]]}, "properties": {"class": "residential"}}, {"type": "Feature", "geometry": {"type": "LineString", "coordinates": [[78.3614787, 17.4496435], [78.3614954, 17.4495907], [78.3615094, 17.4495591], [78.3615271, 17.4495324], [78.3615477, 17.4495198], [78.3615741, 17.4495128], [78.3616058, 17.4495114], [78.3616403, 17.449517], [78.3616749, 17.4495268]]}, "properties": {"class": "residential"}}, {"type": "Feature", "geometry": {"type": "LineString", "coordinates": [[78.3600449, 17.4492116], [78.3601035, 17.4491636], [78.3601418, 17.4491356], [78.3602241, 17.4491033], [78.3603359, 17.4490703], [78.3603867, 17.4490598], [78.3604315, 17.4490633], [78.3604735, 17.449083]]}, "properties": {"class": "residential"}}, {"type": "Feature", "geometry": {"type": "LineString", "coordinates": [[78.362145, 17.4501944], [78.3621745, 17.4501159], [78.3621753, 17.4501033], [78.3621716, 17.4500774], [78.3621238, 17.4498767]]}, "properties": {"class": "residential"}}, {"type": "Feature", "geometry": {"type": "LineString", "coordinates": [[78.3628014, 17.4464945], [78.3628376, 17.446484], [78.3630705, 17.4464167], [78.3633398, 17.4463389]]}, "properties": {"class": "residential"}}, {"type": "Feature", "geometry": {"type": "LineString", "coordinates": [[78.3628376, 17.446484], [78.362788, 17.4462956], [78.3627823, 17.4462834], [78.3627749, 17.446275], [78.3627638, 17.4462724], [78.3627445, 17.4462738]]}, "properties": {"class": "residential"}}, {"type": "Feature", "geometry": {"type": "LineString", "coordinates": [[78.3676843, 17.4498419], [78.3675966, 17.4495248]]}, "properties": {"class": "residential"}}, {"type": "Feature", "geometry": {"type": "LineString", "coordinates": [[78.3596444, 17.4465728], [78.3596883, 17.4465618], [78.3600245, 17.4464774], [78.3600363, 17.4464744], [78.360048, 17.4464715]]}, "properties": {"class": "residential"}}, {"type": "Feature", "geometry": {"type": "LineString", "coordinates": [[78.3596076, 17.4464318], [78.3596527, 17.4464207], [78.3599691, 17.4463428], [78.3599807, 17.4463428], [78.3599869, 17.4463454], [78.3599926, 17.4463512], [78.3599957, 17.4463615], [78.3600245, 17.4464774]]}, "properties": {"class": "residential"}}, {"type": "Feature", "geometry": {"type": "LineString", "coordinates": [[78.3684908, 17.4545409], [78.3687253, 17.4544393], [78.3687365, 17.4544318], [78.3687454, 17.4544197], [78.3687483, 17.4543991], [78.3687405, 17.4543794], [78.3686431, 17.454175], [78.3686333, 17.4541652], [78.3686161, 17.4541609], [78.3686, 17.4541628], [78.3685828, 17.4541708], [78.3683624, 17.4542672]]}, "properties": {"class": "residential"}}, {"type": "Feature", "geometry": {"type": "LineString", "coordinates": [[78.3684908, 17.4545409], [78.3683624, 17.4542672], [78.3682905, 17.4541142], [78.3681319, 17.4537513]]}, "properties": {"class": "residential"}}, {"type": "Feature", "geometry": {"type": "LineString", "coordinates": [[78.3682307, 17.4541413], [78.3682786, 17.4541193], [78.3682905, 17.4541142], [78.3685085, 17.4540224], [78.3685235, 17.4540081], [78.3685263, 17.4539866], [78.3685216, 17.4539652], [78.368356, 17.4536512], [78.3683482, 17.4536451], [78.3683374, 17.4536423], [78.3683227, 17.4536423], [78.3681388, 17.4537148], [78.3681308, 17.4537325], [78.3681319, 17.4537513]]}, "properties": {"class": "residential"}}, {"type": "Feature", "geometry": {"type": "LineString", "coordinates": [[78.3680233, 17.4535351], [78.3682006, 17.4534554], [78.3682055, 17.4534466], [78.3682031, 17.4534381], [78.3681355, 17.4533033], [78.3681257, 17.4532958], [78.3681174, 17.4532921], [78.3680997, 17.4532921], [78.3677393, 17.4534216], [78.367732, 17.4534305], [78.3677276, 17.4534436], [78.3677334, 17.4534609], [78.367802, 17.4536155]]}, "properties": {"class": "residential"}}, {"type": "Feature", "geometry": {"type": "LineString", "coordinates": [[78.3610782, 17.4491547], [78.3612578, 17.4491066], [78.361281, 17.4491004], [78.3613146, 17.4490914], [78.3613593, 17.4490794]]}, "properties": {"class": "residential"}}, {"type": "Feature", "geometry": {"type": "LineString", "coordinates": [[78.3680233, 17.4535351], [78.367802, 17.4536155]]}, "properties": {"class": "residential"}}, {"type": "Feature", "geometry": {"type": "LineString", "coordinates": [[78.3684412, 17.4545624], [78.368466, 17.4545516], [78.3684908, 17.4545409]]}, "properties": {"class": "residential"}}, {"type": "Feature", "geometry": {"type": "LineString", "coordinates": [[78.367802, 17.4536155], [78.3678142, 17.4536418], [78.367824, 17.4536646]]}, "properties": {"class": "residential"}}, {"type": "Feature", "geometry": {"type": "LineString", "coordinates": [[78.3944091, 17.4386468], [78.39402, 17.4388337]]}, "properties": {"class": "residential"}}, {"type": "Feature", "geometry": {"type": "LineString", "coordinates": [[78.3669857, 17.4485325], [78.3670481, 17.4485857], [78.3670739, 17.4486007], [78.3670974, 17.4486049], [78.3671255, 17.4486055], [78.3671469, 17.4485938], [78.3674654, 17.4483143], [78.3675041, 17.4482804], [78.3677549, 17.4480598], [78.3677617, 17.4480542], [78.3677644, 17.4480467], [78.3677648, 17.4480321], [78.3677657, 17.4480197], [78.3677688, 17.4480076], [78.3677751, 17.4479709]]}, "properties": {"class": "residential"}}, {"type": "Feature", "geometry": {"type": "LineString", "coordinates": [[78.3684037, 17.4474723], [78.3684347, 17.4474656], [78.3684486, 17.4474625], [78.3684646, 17.4474593], [78.3684928, 17.4474463], [78.3686219, 17.4473349]]}, "properties": {"class": "residential"}}, {"type": "Feature", "geometry": {"type": "LineString", "coordinates": [[78.3675501, 17.447762], [78.3675151, 17.4477667], [78.3674909, 17.4477697], [78.3674613, 17.4477757], [78.3674205, 17.4478066], [78.3671194, 17.4480557], [78.3670147, 17.4481423]]}, "properties": {"class": "residential"}}, {"type": "Feature", "geometry": {"type": "LineString", "coordinates": [[78.3669344, 17.4484811], [78.3669175, 17.448495], [78.3668753, 17.4485297], [78.3668674, 17.4485367], [78.3668241, 17.4485754]]}, "properties": {"class": "residential"}}, {"type": "Feature", "geometry": {"type": "LineString", "coordinates": [[78.3668866, 17.4486237], [78.3669232, 17.448589], [78.3669343, 17.4485785], [78.3669857, 17.4485325]]}, "properties": {"class": "residential"}}, {"type": "Feature", "geometry": {"type": "LineString", "coordinates": [[78.3677751, 17.4479709], [78.3677998, 17.4479507], [78.3680867, 17.447708], [78.3682375, 17.4475684], [78.3682725, 17.4475588], [78.3683238, 17.447543], [78.3684037, 17.4474723], [78.3684877, 17.4473981], [78.3685017, 17.4473741], [78.3685262, 17.4473258], [78.3686532, 17.4472094], [78.3686639, 17.4471907], [78.3686681, 17.4471746], [78.368667, 17.4471555], [78.3686554, 17.4471414], [78.3685172, 17.4469985], [78.3685035, 17.4469874], [78.3684866, 17.4469803], [78.3684634, 17.4469813], [78.3684412, 17.4469944], [78.367878, 17.4474795], [78.3678182, 17.4475311], [78.3675923, 17.4477256], [78.3675501, 17.447762]]}, "properties": {"class": "residential"}}, {"type": "Feature", "geometry": {"type": "LineString", "coordinates": [[78.3682375, 17.4475684], [78.3682545, 17.4475211], [78.3682719, 17.447482], [78.3684429, 17.4473344], [78.3684851, 17.4473304], [78.3685262, 17.4473258]]}, "properties": {"class": "residential"}}, {"type": "Feature", "geometry": {"type": "LineString", "coordinates": [[78.3686455, 17.4470335], [78.3685681, 17.4469489], [78.3685519, 17.4469454], [78.3685276, 17.446947], [78.3685121, 17.4469522], [78.3684878, 17.4469612], [78.3684634, 17.4469813]]}, "properties": {"class": "residential"}}, {"type": "Feature", "geometry": {"type": "LineString", "coordinates": [[78.3673035, 17.4483728], [78.3673151, 17.4483146], [78.367323, 17.4482906], [78.3674768, 17.4481472], [78.3675175, 17.4481407], [78.3675569, 17.4481345]]}, "properties": {"class": "residential"}}, {"type": "Feature", "geometry": {"type": "LineString", "coordinates": [[78.3675923, 17.4477256], [78.3677998, 17.4479507]]}, "properties": {"class": "residential"}}, {"type": "Feature", "geometry": {"type": "LineString", "coordinates": [[78.367878, 17.4474795], [78.3680867, 17.447708]]}, "properties": {"class": "residential"}}, {"type": "Feature", "geometry": {"type": "LineString", "coordinates": [[78.3679984, 17.447313], [78.3678674, 17.4474245], [78.3678538, 17.4474401], [78.3678477, 17.4474528], [78.3678182, 17.4475311]]}, "properties": {"class": "residential"}}, {"type": "Feature", "geometry": {"type": "LineString", "coordinates": [[78.3672721, 17.4535147], [78.3672986, 17.4535038], [78.3673167, 17.4534964], [78.3673607, 17.4534784]]}, "properties": {"class": "residential"}}, {"type": "Feature", "geometry": {"type": "LineString", "coordinates": [[78.3673442, 17.4534427], [78.3672963, 17.4534629], [78.3672827, 17.4534688], [78.3672469, 17.4534839]]}, "properties": {"class": "residential"}}, {"type": "Feature", "geometry": {"type": "LineString", "coordinates": [[78.3673442, 17.4534427], [78.3673607, 17.4534784]]}, "properties": {"class": "residential"}}, {"type": "Feature", "geometry": {"type": "LineString", "coordinates": [[78.3643754, 17.4539411], [78.3644031, 17.4539323], [78.3644221, 17.4539263], [78.364787, 17.4538103], [78.3647919, 17.4538087], [78.3648527, 17.4537893]]}, "properties": {"class": "residential"}}, {"type": "Feature", "geometry": {"type": "LineString", "coordinates": [[78.3644221, 17.4539263], [78.3643755, 17.4537935], [78.3643766, 17.4537876], [78.3643786, 17.4537817], [78.3643832, 17.4537766], [78.3643901, 17.4537729], [78.3647086, 17.4536656], [78.3647182, 17.4536638], [78.3647259, 17.4536642], [78.3647313, 17.4536671], [78.3647375, 17.4536741], [78.364787, 17.4538103]]}, "properties": {"class": "residential"}}, {"type": "Feature", "geometry": {"type": "LineString", "coordinates": [[78.3643146, 17.4537816], [78.3643446, 17.4537718], [78.3647491, 17.4536405], [78.3647629, 17.4536363], [78.3647943, 17.4536254]]}, "properties": {"class": "residential"}}, {"type": "Feature", "geometry": {"type": "LineString", "coordinates": [[78.3645276, 17.4535376], [78.3646908, 17.4534825], [78.3647143, 17.4534746], [78.3647378, 17.4534667]]}, "properties": {"class": "residential"}}, {"type": "Feature", "geometry": {"type": "LineString", "coordinates": [[78.3647491, 17.4536405], [78.3646994, 17.4535046], [78.3646908, 17.4534825]]}, "properties": {"class": "residential"}}, {"type": "Feature", "geometry": {"type": "LineString", "coordinates": [[78.3646994, 17.4535046], [78.3647225, 17.4534968], [78.3647457, 17.453489]]}, "properties": {"class": "residential"}}, {"type": "Feature", "geometry": {"type": "LineString", "coordinates": [[78.3643142, 17.4552482], [78.3646685, 17.4558384]]}, "properties": {"class": "residential"}}, {"type": "Feature", "geometry": {"type": "LineString", "coordinates": [[78.3616547, 17.4440214], [78.3615948, 17.4438738], [78.3615639, 17.4437977], [78.3614719, 17.4435709]]}, "properties": {"class": "residential"}}, {"type": "Feature", "geometry": {"type": "LineString", "coordinates": [[78.3670032, 17.4396696], [78.3669894, 17.4396127], [78.3669836, 17.4395886], [78.3669222, 17.4393354], [78.3669169, 17.4393227], [78.3669111, 17.4393139], [78.3669019, 17.4393091], [78.36689, 17.4393083], [78.3667047, 17.4393499], [78.3666978, 17.4393535], [78.3666928, 17.4393609], [78.3666912, 17.4393682], [78.3666912, 17.4393793], [78.3667459, 17.4395902], [78.3667452, 17.4395946], [78.3667425, 17.4395993], [78.3667382, 17.4396023], [78.3666962, 17.4396119], [78.3666543, 17.4396215]]}, "properties": {"class": "residential"}}, {"type": "Feature", "geometry": {"type": "LineString", "coordinates": [[78.3808098, 17.4202003], [78.3806937, 17.419958]]}, "properties": {"class": "residential"}}, {"type": "Feature", "geometry": {"type": "LineString", "coordinates": [[78.3802139, 17.4202507], [78.380404, 17.4203723]]}, "properties": {"class": "residential"}}, {"type": "Feature", "geometry": {"type": "LineString", "coordinates": [[78.3799092, 17.4206679], [78.3800357, 17.4204934], [78.3800753, 17.4204457]]}, "properties": {"class": "residential"}}, {"type": "Feature", "geometry": {"type": "LineString", "coordinates": [[78.3765784, 17.4233355], [78.3765628, 17.4233486], [78.3765435, 17.423356], [78.3765227, 17.4233569], [78.3765028, 17.4233512], [78.3764867, 17.4233402], [78.3764751, 17.4233248], [78.3764692, 17.4233067], [78.3764696, 17.4232878], [78.3764763, 17.42327], [78.3764885, 17.4232551], [78.3765051, 17.4232447], [78.3765243, 17.4232398], [78.3765441, 17.423241], [78.3765633, 17.4232486], [78.3765787, 17.4232618], [78.3765887, 17.4232792], [78.3765921, 17.4232987], [78.3765885, 17.4233183], [78.3765784, 17.4233355]]}, "properties": {"class": "residential"}}, {"type": "Feature", "geometry": {"type": "LineString", "coordinates": [[78.3765628, 17.4233486], [78.3766368, 17.4233837], [78.3766777, 17.4234093], [78.3767915, 17.4235022]]}, "properties": {"class": "residential"}}, {"type": "Feature", "geometry": {"type": "LineString", "coordinates": [[78.3999555, 17.4239182], [78.4006053, 17.4237746], [78.4006614, 17.4237611]]}, "properties": {"class": "residential"}}, {"type": "Feature", "geometry": {"type": "LineString", "coordinates": [[78.4004974, 17.4235905], [78.3994828, 17.4237736]]}, "properties": {"class": "residential"}}, {"type": "Feature", "geometry": {"type": "LineString", "coordinates": [[78.401738, 17.4215307], [78.4018878, 17.4219053]]}, "properties": {"class": "residential"}}, {"type": "Feature", "geometry": {"type": "LineString", "coordinates": [[78.3633731, 17.4590996], [78.3638627, 17.459084], [78.3645013, 17.4590636], [78.3645606, 17.4590342], [78.3645677, 17.458964], [78.3645321, 17.4585612], [78.364506, 17.4585091], [78.3644514, 17.4584661], [78.3638031, 17.4585968], [78.3636994, 17.4586177], [78.3634196, 17.458614], [78.3632875, 17.4585874], [78.3629859, 17.4583592]]}, "properties": {"class": "residential"}}, {"type": "Feature", "geometry": {"type": "LineString", "coordinates": [[78.3638627, 17.459084], [78.3638031, 17.4585968]]}, "properties": {"class": "residential"}}, {"type": "Feature", "geometry": {"type": "LineString", "coordinates": [[78.3667437, 17.4396446], [78.3669836, 17.4395886]]}, "properties": {"class": "residential"}}, {"type": "Feature", "geometry": {"type": "LineString", "coordinates": [[78.367677, 17.4480474], [78.3676916, 17.4480333], [78.3676931, 17.448022], [78.3676881, 17.4480092], [78.3675177, 17.4478253], [78.3675044, 17.4478232], [78.3674888, 17.4478278], [78.3674717, 17.4478396], [78.3671598, 17.4481023], [78.3669385, 17.4482887], [78.3669278, 17.4483048], [78.366924, 17.4483234], [78.3669288, 17.4483374], [78.3669385, 17.4483521], [78.3670886, 17.4485049], [78.3671018, 17.4485112], [78.3671173, 17.4485144], [78.3671328, 17.4485128], [78.3671493, 17.4485065], [78.3673035, 17.4483728], [78.367343, 17.4483618], [78.3673824, 17.4483496], [78.3674396, 17.4482924], [78.3675375, 17.4481945], [78.3675496, 17.4481688], [78.3675569, 17.4481345], [78.367677, 17.4480474]]}, "properties": {"class": "residential"}}, {"type": "Feature", "geometry": {"type": "LineString", "coordinates": [[78.3671194, 17.4480557], [78.3671598, 17.4481023]]}, "properties": {"class": "residential"}}, {"type": "Feature", "geometry": {"type": "LineString", "coordinates": [[78.3674396, 17.4482924], [78.3674654, 17.4483143]]}, "properties": {"class": "residential"}}, {"type": "Feature", "geometry": {"type": "LineString", "coordinates": [[78.3987321, 17.4326023], [78.3987993, 17.4325542], [78.3989961, 17.4324092]]}, "properties": {"class": "residential"}}, {"type": "Feature", "geometry": {"type": "LineString", "coordinates": [[78.3750326, 17.4421717], [78.3749711, 17.4420482], [78.3748376, 17.441815], [78.3747246, 17.4416367]]}, "properties": {"class": "residential"}}, {"type": "Feature", "geometry": {"type": "LineString", "coordinates": [[78.3683446, 17.4670652], [78.368664, 17.4675283]]}, "properties": {"class": "residential"}}, {"type": "Feature", "geometry": {"type": "LineString", "coordinates": [[78.3698243, 17.4550125], [78.3698088, 17.4549865], [78.369519, 17.4544632], [78.3695077, 17.454454], [78.3694964, 17.4544557], [78.3692731, 17.4545751], [78.3692696, 17.4545859], [78.3692739, 17.4546016], [78.3695591, 17.4550999], [78.3695731, 17.4551267]]}, "properties": {"class": "residential"}}, {"type": "Feature", "geometry": {"type": "LineString", "coordinates": [[78.3658795, 17.4554707], [78.3658978, 17.4555152], [78.3659015, 17.4555238], [78.3660637, 17.45587]]}, "properties": {"class": "residential"}}, {"type": "Feature", "geometry": {"type": "LineString", "coordinates": [[78.3658393, 17.4554869], [78.3658575, 17.4555319], [78.3658613, 17.455541]]}, "properties": {"class": "residential"}}, {"type": "Feature", "geometry": {"type": "LineString", "coordinates": [[78.3659015, 17.4555238], [78.3658613, 17.455541], [78.3657457, 17.4555843], [78.3657361, 17.4555916], [78.3657291, 17.4556026], [78.3657291, 17.4556148], [78.3657297, 17.4556288], [78.3658696, 17.4559389]]}, "properties": {"class": "residential"}}, {"type": "Feature", "geometry": {"type": "LineString", "coordinates": [[78.3629274, 17.4611669], [78.3628819, 17.4611845], [78.3628606, 17.4611928], [78.3622112, 17.4614447], [78.3621713, 17.4614602], [78.362122, 17.4614794]]}, "properties": {"class": "residential"}}, {"type": "Feature", "geometry": {"type": "LineString", "coordinates": [[78.3628395, 17.4611495], [78.3628341, 17.4611409], [78.362628, 17.4606009]]}, "properties": {"class": "residential"}}, {"type": "Feature", "geometry": {"type": "LineString", "coordinates": [[78.3622112, 17.4614447], [78.3619873, 17.460859], [78.3619819, 17.4608437], [78.3619793, 17.4608322], [78.3619772, 17.460822], [78.3619757, 17.4608094], [78.3620212, 17.460588]]}, "properties": {"class": "residential"}}, {"type": "Feature", "geometry": {"type": "LineString", "coordinates": [[78.3629115, 17.461123], [78.3628657, 17.4611431], [78.3628515, 17.4611494], [78.3628395, 17.4611495]]}, "properties": {"class": "residential"}}, {"type": "Feature", "geometry": {"type": "LineString", "coordinates": [[78.3677603, 17.4625831], [78.3678174, 17.4625641], [78.3682123, 17.4624331]]}, "properties": {"class": "residential"}}, {"type": "Feature", "geometry": {"type": "LineString", "coordinates": [[78.3871395, 17.4405652], [78.3872379, 17.4410093]]}, "properties": {"class": "residential"}}, {"type": "Feature", "geometry": {"type": "LineString", "coordinates": [[78.3884439, 17.4408997], [78.3887063, 17.4408018]]}, "properties": {"class": "residential"}}, {"type": "Feature", "geometry": {"type": "LineString", "coordinates": [[78.3875664, 17.440425], [78.3876142, 17.4404073], [78.387816, 17.4403322]]}, "properties": {"class": "residential"}}, {"type": "Feature", "geometry": {"type": "LineString", "coordinates": [[78.3875562, 17.4404004], [78.3876019, 17.4403836], [78.3876129, 17.4403795], [78.387806, 17.4403073]]}, "properties": {"class": "residential"}}, {"type": "Feature", "geometry": {"type": "LineString", "coordinates": [[78.3875287, 17.4403337], [78.3875692, 17.4403161], [78.3875737, 17.4403141], [78.3875795, 17.4403128], [78.3875841, 17.4403145], [78.3876129, 17.4403795]]}, "properties": {"class": "residential"}}, {"type": "Feature", "geometry": {"type": "LineString", "coordinates": [[78.385345, 17.4404487], [78.3857732, 17.4403523], [78.3858443, 17.4403363]]}, "properties": {"class": "residential"}}, {"type": "Feature", "geometry": {"type": "LineString", "coordinates": [[78.3863609, 17.4421451], [78.3862583, 17.4422235], [78.3862226, 17.4422686], [78.3862359, 17.4423125], [78.3863153, 17.4423849], [78.3863419, 17.4424169], [78.3863413, 17.4424476], [78.3863086, 17.4424674], [78.3862634, 17.4424948]]}, "properties": {"class": "residential"}}, {"type": "Feature", "geometry": {"type": "LineString", "coordinates": [[78.3842374, 17.4392676], [78.3842295, 17.4392245], [78.3841693, 17.438898], [78.3841514, 17.4388715], [78.3841059, 17.4388656], [78.3839136, 17.4388873], [78.3838856, 17.4388947], [78.3838799, 17.4389039], [78.3839137, 17.4392635], [78.3839174, 17.4393033]]}, "properties": {"class": "residential"}}, {"type": "Feature", "geometry": {"type": "LineString", "coordinates": [[78.3838911, 17.4393063], [78.3838885, 17.4392665], [78.3838618, 17.4388654], [78.3838583, 17.438855], [78.3838447, 17.4388457], [78.3836191, 17.438855], [78.3836126, 17.4388584], [78.3836049, 17.4388659], [78.3836328, 17.4392687], [78.3836374, 17.4393349]]}, "properties": {"class": "residential"}}, {"type": "Feature", "geometry": {"type": "LineString", "coordinates": [[78.3859173, 17.4405818], [78.3862448, 17.4405039], [78.3864294, 17.44046]]}, "properties": {"class": "residential"}}, {"type": "Feature", "geometry": {"type": "LineString", "coordinates": [[78.3861485, 17.4401652], [78.3862271, 17.4404415], [78.3862448, 17.4405039]]}, "properties": {"class": "residential"}}, {"type": "Feature", "geometry": {"type": "LineString", "coordinates": [[78.3765547, 17.4673402], [78.3765111, 17.4673399], [78.376211, 17.4673382]]}, "properties": {"class": "residential"}}, {"type": "Feature", "geometry": {"type": "LineString", "coordinates": [[78.3765544, 17.467268], [78.3765089, 17.4672676], [78.3764878, 17.4672674]]}, "properties": {"class": "residential"}}, {"type": "Feature", "geometry": {"type": "LineString", "coordinates": [[78.3625661, 17.4676096], [78.362577, 17.4674717]]}, "properties": {"class": "residential"}}, {"type": "Feature", "geometry": {"type": "LineString", "coordinates": [[78.3779164, 17.463455], [78.3777556, 17.4634724]]}, "properties": {"class": "residential"}}, {"type": "Feature", "geometry": {"type": "LineString", "coordinates": [[78.3772083, 17.4631247], [78.3775249, 17.4630966], [78.3775568, 17.4630937]]}, "properties": {"class": "residential"}}, {"type": "Feature", "geometry": {"type": "LineString", "coordinates": [[78.3772083, 17.4631247], [78.3771832, 17.462833]]}, "properties": {"class": "residential"}}, {"type": "Feature", "geometry": {"type": "LineString", "coordinates": [[78.3625632, 17.4676573], [78.3625661, 17.4676096]]}, "properties": {"class": "residential"}}, {"type": "Feature", "geometry": {"type": "LineString", "coordinates": [[78.362577, 17.4674717], [78.3625773, 17.4674451]]}, "properties": {"class": "residential"}}, {"type": "Feature", "geometry": {"type": "LineString", "coordinates": [[78.3637133, 17.468155], [78.3637259, 17.4680191]]}, "properties": {"class": "residential"}}, {"type": "Feature", "geometry": {"type": "LineString", "coordinates": [[78.3632794, 17.4683955], [78.3632826, 17.4683562]]}, "properties": {"class": "residential"}}, {"type": "Feature", "geometry": {"type": "LineString", "coordinates": [[78.3834767, 17.4665235], [78.3834793, 17.4663033], [78.3834793, 17.4662935], [78.3834667, 17.4662531], [78.3833712, 17.466141]]}, "properties": {"class": "residential"}}, {"type": "Feature", "geometry": {"type": "LineString", "coordinates": [[78.3833712, 17.466141], [78.383278, 17.4662491], [78.3832718, 17.4662782], [78.3832706, 17.4662978], [78.3832756, 17.4664612]]}, "properties": {"class": "residential"}}, {"type": "Feature", "geometry": {"type": "LineString", "coordinates": [[78.3833712, 17.466141], [78.3833721, 17.4660663]]}, "properties": {"class": "residential"}}, {"type": "Feature", "geometry": {"type": "LineString", "coordinates": [[78.3819521, 17.4657046], [78.3820163, 17.465693], [78.382028, 17.4656908], [78.3820629, 17.4656845], [78.3821799, 17.4656018]]}, "properties": {"class": "residential"}}, {"type": "Feature", "geometry": {"type": "LineString", "coordinates": [[78.3821799, 17.4656018], [78.3820296, 17.4655277], [78.3819795, 17.4655412], [78.3819696, 17.4655438], [78.3819097, 17.46556]]}, "properties": {"class": "residential"}}, {"type": "Feature", "geometry": {"type": "LineString", "coordinates": [[78.3821799, 17.4656018], [78.3823314, 17.4655942]]}, "properties": {"class": "residential"}}, {"type": "Feature", "geometry": {"type": "LineString", "coordinates": [[78.3874712, 17.4377245], [78.3874781, 17.4377672], [78.3874885, 17.4378317]]}, "properties": {"class": "residential"}}, {"type": "Feature", "geometry": {"type": "LineString", "coordinates": [[78.3888983, 17.4398026], [78.3889492, 17.439807], [78.3889862, 17.4398018], [78.3890394, 17.4397808], [78.3890805, 17.4397597], [78.3890876, 17.439716], [78.3891024, 17.4396245]]}, "properties": {"class": "residential"}}, {"type": "Feature", "geometry": {"type": "LineString", "coordinates": [[78.3871488, 17.4390646], [78.387174, 17.4391375], [78.3873379, 17.4396103]]}, "properties": {"class": "residential"}}, {"type": "Feature", "geometry": {"type": "LineString", "coordinates": [[78.3871942, 17.4390518], [78.3872196, 17.4391264], [78.3872885, 17.4393287]]}, "properties": {"class": "residential"}}, {"type": "Feature", "geometry": {"type": "LineString", "coordinates": [[78.3604678, 17.4672554], [78.3606045, 17.4672533], [78.3606342, 17.4672528]]}, "properties": {"class": "residential"}}, {"type": "Feature", "geometry": {"type": "LineString", "coordinates": [[78.3674256, 17.4649665], [78.3678853, 17.464821], [78.3679084, 17.4647819]]}, "properties": {"class": "tertiary"}}, {"type": "Feature", "geometry": {"type": "LineString", "coordinates": [[78.3679084, 17.4647819], [78.367862, 17.4647663], [78.3674122, 17.4648995]]}, "properties": {"class": "tertiary"}}, {"type": "Feature", "geometry": {"type": "LineString", "coordinates": [[78.3652583, 17.4670076], [78.364771, 17.4666021], [78.3646086, 17.4664623], [78.3643041, 17.4662159], [78.36411, 17.4660588]]}, "properties": {"class": "residential"}}, {"type": "Feature", "geometry": {"type": "LineString", "coordinates": [[78.365269, 17.4670622], [78.3652583, 17.4670076]]}, "properties": {"class": "residential"}}, {"type": "Feature", "geometry": {"type": "LineString", "coordinates": [[78.3647655, 17.4666998], [78.364771, 17.4666021]]}, "properties": {"class": "residential"}}, {"type": "Feature", "geometry": {"type": "LineString", "coordinates": [[78.3642927, 17.4663146], [78.3643041, 17.4662159]]}, "properties": {"class": "residential"}}, {"type": "Feature", "geometry": {"type": "LineString", "coordinates": [[78.3706591, 17.418906], [78.3706585, 17.4189238], [78.370655, 17.4189811], [78.3706398, 17.4191667]]}, "properties": {"class": "residential"}}, {"type": "Feature", "geometry": {"type": "LineString", "coordinates": [[78.3706591, 17.418906], [78.3707461, 17.418931], [78.3707737, 17.4189389], [78.3707888, 17.4189574], [78.3707985, 17.4189745], [78.3708344, 17.4190574], [78.3708482, 17.4191509]]}, "properties": {"class": "residential"}}, {"type": "Feature", "geometry": {"type": "LineString", "coordinates": [[78.3692414, 17.4191472], [78.3692378, 17.4191626], [78.3692306, 17.4191939], [78.3691874, 17.4193095], [78.3693033, 17.4193125], [78.3693618, 17.419323], [78.3694686, 17.4193282], [78.3696457, 17.4193285], [78.3698412, 17.4193296]]}, "properties": {"class": "residential"}}, {"type": "Feature", "geometry": {"type": "LineString", "coordinates": [[78.3701165, 17.4190576], [78.370414, 17.419134]]}, "properties": {"class": "residential"}}, {"type": "Feature", "geometry": {"type": "LineString", "coordinates": [[78.3702693, 17.4184821], [78.3705421, 17.4185496]]}, "properties": {"class": "residential"}}, {"type": "Feature", "geometry": {"type": "LineString", "coordinates": [[78.36821, 17.4188016], [78.3684631, 17.4187855], [78.3686209, 17.4187754]]}, "properties": {"class": "residential"}}, {"type": "Feature", "geometry": {"type": "LineString", "coordinates": [[78.3680349, 17.4198186], [78.3680028, 17.4198227], [78.3679792, 17.4198227], [78.367965, 17.4198137], [78.3679402, 17.419799], [78.3679189, 17.4197956], [78.367894, 17.4198002], [78.3677592, 17.419825], [78.3675865, 17.4198498], [78.3672636, 17.4198735]]}, "properties": {"class": "residential"}}, {"type": "Feature", "geometry": {"type": "LineString", "coordinates": [[78.367894, 17.4198002], [78.367855, 17.419518], [78.3678491, 17.4195079], [78.3678349, 17.4194989], [78.367797, 17.4194989], [78.3677358, 17.4195142], [78.36768, 17.4195282], [78.3674233, 17.4195696], [78.3673978, 17.4195737]]}, "properties": {"class": "residential"}}, {"type": "Feature", "geometry": {"type": "LineString", "coordinates": [[78.3677358, 17.4195142], [78.3677176, 17.4193333], [78.3677154, 17.4193183], [78.3677102, 17.4193091], [78.3677012, 17.4193034], [78.3676893, 17.419302], [78.3674203, 17.4192942]]}, "properties": {"class": "residential"}}, {"type": "Feature", "geometry": {"type": "LineString", "coordinates": [[78.3679546, 17.4188174], [78.36821, 17.4188016]]}, "properties": {"class": "residential"}}, {"type": "Feature", "geometry": {"type": "LineString", "coordinates": [[78.3588407, 17.4659345], [78.3589195, 17.4660241], [78.359067, 17.4661969], [78.359147, 17.4663027], [78.3591723, 17.466355], [78.3591822, 17.4664193], [78.3592046, 17.4664582], [78.3592791, 17.4665158], [78.3593493, 17.4665519], [78.3594883, 17.4665533], [78.3595614, 17.4665747], [78.3596288, 17.4666069], [78.3596864, 17.4666297], [78.3598058, 17.4666457], [78.3600038, 17.4666404], [78.3600516, 17.4666189], [78.3601923, 17.4666257]]}, "properties": {"class": "residential"}}, {"type": "Feature", "geometry": {"type": "LineString", "coordinates": [[78.3600516, 17.4666189], [78.3601288, 17.4663925], [78.3601415, 17.4663362], [78.360141, 17.4663081], [78.36014, 17.4662478], [78.3600979, 17.4660964], [78.3600853, 17.466], [78.3600951, 17.4659276], [78.3600993, 17.465878], [78.3600889, 17.4658061]]}, "properties": {"class": "residential"}}, {"type": "Feature", "geometry": {"type": "LineString", "coordinates": [[78.3599978, 17.4658187], [78.3600249, 17.4659048], [78.36006, 17.4659624], [78.3600853, 17.466]]}, "properties": {"class": "residential"}}, {"type": "Feature", "geometry": {"type": "LineString", "coordinates": [[78.3615463, 17.4662983], [78.3613743, 17.4655911]]}, "properties": {"class": "residential"}}, {"type": "Feature", "geometry": {"type": "LineString", "coordinates": [[78.3627763, 17.4626602], [78.3628679, 17.4631445]]}, "properties": {"class": "residential"}}, {"type": "Feature", "geometry": {"type": "LineString", "coordinates": [[78.3616775, 17.4647904], [78.3621183, 17.4646962], [78.3626359, 17.4645752]]}, "properties": {"class": "residential"}}, {"type": "Feature", "geometry": {"type": "LineString", "coordinates": [[78.3611709, 17.4656363], [78.3610894, 17.4652589], [78.3610315, 17.4649906]]}, "properties": {"class": "residential"}}, {"type": "Feature", "geometry": {"type": "LineString", "coordinates": [[78.3614799, 17.4655677], [78.361396, 17.4651861], [78.3613431, 17.4649453]]}, "properties": {"class": "residential"}}, {"type": "Feature", "geometry": {"type": "LineString", "coordinates": [[78.3606539, 17.4649182], [78.3608585, 17.4648817], [78.3615168, 17.4647549], [78.3616601, 17.4647259]]}, "properties": {"class": "residential"}}, {"type": "Feature", "geometry": {"type": "LineString", "coordinates": [[78.3591123, 17.4656346], [78.3594966, 17.4655655]]}, "properties": {"class": "residential"}}, {"type": "Feature", "geometry": {"type": "LineString", "coordinates": [[78.3591123, 17.4656346], [78.3591574, 17.4659121]]}, "properties": {"class": "residential"}}, {"type": "Feature", "geometry": {"type": "LineString", "coordinates": [[78.3582209, 17.4643708], [78.3585358, 17.4643162]]}, "properties": {"class": "residential"}}, {"type": "Feature", "geometry": {"type": "LineString", "coordinates": [[78.3585661, 17.4638001], [78.3585767, 17.4639182], [78.3585682, 17.464008], [78.358557, 17.4640482], [78.3585388, 17.4641072], [78.3585275, 17.4641487], [78.3585219, 17.4641996], [78.358519, 17.4642464], [78.3585358, 17.4643162]]}, "properties": {"class": "residential"}}, {"type": "Feature", "geometry": {"type": "LineString", "coordinates": [[78.3585945, 17.4629763], [78.3585448, 17.4626097]]}, "properties": {"class": "residential"}}, {"type": "Feature", "geometry": {"type": "LineString", "coordinates": [[78.3601672, 17.4635425], [78.3600509, 17.4629862]]}, "properties": {"class": "residential"}}, {"type": "Feature", "geometry": {"type": "LineString", "coordinates": [[78.3600509, 17.4629862], [78.3599891, 17.4626908]]}, "properties": {"class": "residential"}}, {"type": "Feature", "geometry": {"type": "LineString", "coordinates": [[78.3583064, 17.4638418], [78.3584235, 17.463823], [78.3585661, 17.4638001], [78.3587386, 17.4637723], [78.3590986, 17.4637119], [78.3594666, 17.4636552], [78.359826, 17.4635974], [78.3601672, 17.4635425], [78.3603604, 17.4635114]]}, "properties": {"class": "residential"}}, {"type": "Feature", "geometry": {"type": "LineString", "coordinates": [[78.3581343, 17.4638672], [78.3581103, 17.4637672], [78.3579523, 17.4631097]]}, "properties": {"class": "residential"}}, {"type": "Feature", "geometry": {"type": "LineString", "coordinates": [[78.3591723, 17.466355], [78.3591862, 17.4663089], [78.3591827, 17.4662758], [78.3591679, 17.4662268], [78.3591543, 17.4661965], [78.3591414, 17.4661347], [78.3591075, 17.4659156]]}, "properties": {"class": "residential"}}, {"type": "Feature", "geometry": {"type": "LineString", "coordinates": [[78.3603892, 17.4645712], [78.3605757, 17.4645402]]}, "properties": {"class": "residential"}}, {"type": "Feature", "geometry": {"type": "LineString", "coordinates": [[78.3628262, 17.4652645], [78.3626359, 17.4645752], [78.3625398, 17.4642195]]}, "properties": {"class": "residential"}}, {"type": "Feature", "geometry": {"type": "LineString", "coordinates": [[78.362118, 17.456381], [78.3622504, 17.4566558]]}, "properties": {"class": "residential"}}, {"type": "Feature", "geometry": {"type": "LineString", "coordinates": [[78.3618191, 17.4522093], [78.3618678, 17.4521291]]}, "properties": {"class": "residential"}}, {"type": "Feature", "geometry": {"type": "LineString", "coordinates": [[78.3618678, 17.4521291], [78.3613564, 17.4518623]]}, "properties": {"class": "residential"}}, {"type": "Feature", "geometry": {"type": "LineString", "coordinates": [[78.362575, 17.4579557], [78.3625087, 17.4579662], [78.3621478, 17.4579438]]}, "properties": {"class": "residential"}}, {"type": "Feature", "geometry": {"type": "LineString", "coordinates": [[78.3624321, 17.4583874], [78.3622367, 17.4583606], [78.3620512, 17.4583572]]}, "properties": {"class": "residential"}}, {"type": "Feature", "geometry": {"type": "LineString", "coordinates": [[78.3619665, 17.4570099], [78.3621487, 17.4570342]]}, "properties": {"class": "residential"}}, {"type": "Feature", "geometry": {"type": "LineString", "coordinates": [[78.3600278, 17.4329878], [78.3601333, 17.4330734], [78.3601959, 17.4331965]]}, "properties": {"class": "motorway"}}, {"type": "Feature", "geometry": {"type": "LineString", "coordinates": [[78.3629419, 17.4440231], [78.3629238, 17.4439481]]}, "properties": {"class": "motorway"}}, {"type": "Feature", "geometry": {"type": "LineString", "coordinates": [[78.3628947, 17.4439548], [78.3629097, 17.4440295], [78.3628923, 17.4441111]]}, "properties": {"class": "motorway"}}, {"type": "Feature", "geometry": {"type": "LineString", "coordinates": [[78.3638, 17.438901], [78.363804, 17.4389944], [78.363808, 17.4391122], [78.3637704, 17.4392299], [78.3635398, 17.4397775], [78.3632421, 17.4403647], [78.3630677, 17.4407332], [78.3628545, 17.4410057], [78.3627606, 17.441158], [78.362664, 17.4413538], [78.3626292, 17.4415521], [78.3626238, 17.4416992], [78.3626453, 17.44217], [78.3626788, 17.442591], [78.3627163, 17.4429403], [78.3627405, 17.4431373], [78.362829, 17.443603], [78.3628947, 17.4439548]]}, "properties": {"class": "motorway"}}, {"type": "Feature", "geometry": {"type": "LineString", "coordinates": [[78.3635653, 17.438475], [78.363745, 17.4387974], [78.3638, 17.438901]]}, "properties": {"class": "motorway"}}, {"type": "Feature", "geometry": {"type": "LineString", "coordinates": [[78.3629238, 17.4439481], [78.3627751, 17.4431229], [78.3626784, 17.4417774], [78.3626794, 17.4415698], [78.3627381, 17.4413455], [78.3628615, 17.4411016], [78.363074, 17.4407972], [78.3632468, 17.4405299], [78.3633714, 17.4402864], [78.3638305, 17.4392168], [78.3638618, 17.4390813], [78.3638697, 17.4389038]]}, "properties": {"class": "motorway"}}, {"type": "Feature", "geometry": {"type": "LineString", "coordinates": [[78.3638697, 17.4389038], [78.3638214, 17.4387721], [78.3636234, 17.4384064]]}, "properties": {"class": "motorway"}}, {"type": "Feature", "geometry": {"type": "LineString", "coordinates": [[78.3899476, 17.4375773], [78.3899565, 17.4375104]]}, "properties": {"class": "residential"}}, {"type": "Feature", "geometry": {"type": "LineString", "coordinates": [[78.389943, 17.4373483], [78.3898941, 17.4372635]]}, "properties": {"class": "residential"}}, {"type": "Feature", "geometry": {"type": "LineString", "coordinates": [[78.387548, 17.4522706], [78.3874686, 17.4522753], [78.3870977, 17.4523105], [78.386636, 17.4523547], [78.3859174, 17.4524235]]}, "properties": {"class": "secondary"}}, {"type": "Feature", "geometry": {"type": "LineString", "coordinates": [[78.3653846, 17.4343799], [78.3654958, 17.4345354]]}, "properties": {"class": "residential"}}, {"type": "Feature", "geometry": {"type": "LineString", "coordinates": [[78.3785081, 17.4215843], [78.3788414, 17.4219374]]}, "properties": {"class": "residential"}}, {"type": "Feature", "geometry": {"type": "LineString", "coordinates": [[78.3795909, 17.4212936], [78.3789878, 17.4218115], [78.3788742, 17.4219045]]}, "properties": {"class": "residential"}}, {"type": "Feature", "geometry": {"type": "LineString", "coordinates": [[78.3883284, 17.435129], [78.3884061, 17.4351234]]}, "properties": {"class": "residential"}}, {"type": "Feature", "geometry": {"type": "LineString", "coordinates": [[78.3614462, 17.4387006], [78.3616375, 17.438973], [78.3618855, 17.4393034], [78.3621097, 17.4396268]]}, "properties": {"class": "residential"}}, {"type": "Feature", "geometry": {"type": "LineString", "coordinates": [[78.3610905, 17.438831], [78.3614049, 17.4386418]]}, "properties": {"class": "residential"}}, {"type": "Feature", "geometry": {"type": "LineString", "coordinates": [[78.3614049, 17.4386418], [78.3614256, 17.4386712], [78.3614462, 17.4387006]]}, "properties": {"class": "residential"}}, {"type": "Feature", "geometry": {"type": "LineString", "coordinates": [[78.3629434, 17.4572628], [78.3629082, 17.4572267], [78.3628801, 17.4571804]]}, "properties": {"class": "residential"}}, {"type": "Feature", "geometry": {"type": "LineString", "coordinates": [[78.3648079, 17.4575013], [78.3650176, 17.4573994]]}, "properties": {"class": "residential"}}, {"type": "Feature", "geometry": {"type": "LineString", "coordinates": [[78.3648079, 17.4575013], [78.3646765, 17.4571715], [78.3643927, 17.4566763]]}, "properties": {"class": "residential"}}, {"type": "Feature", "geometry": {"type": "LineString", "coordinates": [[78.3682309, 17.4350151], [78.3683135, 17.4351101], [78.3686414, 17.4354566], [78.3689842, 17.4358881], [78.3692284, 17.436209], [78.3695509, 17.4363091], [78.369847, 17.4364628], [78.3699157, 17.4365002]]}, "properties": {"class": "residential"}}, {"type": "Feature", "geometry": {"type": "LineString", "coordinates": [[78.3699157, 17.4365002], [78.3700994, 17.4366187], [78.3702784, 17.4367424], [78.370312, 17.4367656], [78.370532, 17.4369985], [78.3708016, 17.4373742], [78.3708086, 17.4373839], [78.3711108, 17.4378307], [78.3711195, 17.4378477]]}, "properties": {"class": "residential"}}, {"type": "Feature", "geometry": {"type": "LineString", "coordinates": [[78.3874905, 17.4524154], [78.3875687, 17.4525378], [78.3875764, 17.4524728], [78.3875745, 17.4524062]]}, "properties": {"class": "residential"}}, {"type": "Feature", "geometry": {"type": "LineString", "coordinates": [[78.3874686, 17.4522753], [78.3874905, 17.4524154]]}, "properties": {"class": "tertiary"}}, {"type": "Feature", "geometry": {"type": "LineString", "coordinates": [[78.3894099, 17.4399665], [78.3895058, 17.4401534], [78.3895149, 17.4401698], [78.3896616, 17.4404342]]}, "properties": {"class": "secondary"}}, {"type": "Feature", "geometry": {"type": "LineString", "coordinates": [[78.3968005, 17.4548663], [78.3970489, 17.4548759], [78.3971554, 17.4548913]]}, "properties": {"class": "tertiary"}}, {"type": "Feature", "geometry": {"type": "LineString", "coordinates": [[78.3799092, 17.4206679], [78.3798782, 17.4207055], [78.3797413, 17.4209016]]}, "properties": {"class": "residential"}}]}