{"type": "FeatureCollection", "features": [{"type": "Feature", "geometry": {"type": "LineString", "coordinates": [[-115.1577882, 36.1508904], [-115.1577955, 36.1508202], [-115.1578745, 36.1500616], [-115.1578809, 36.1500001], [-115.1578864, 36.1499415], [-115.1579652, 36.1491042]]}, "properties": {"class": "residential"}}, {"type": "Feature", "geometry": {"type": "LineString", "coordinates": [[-115.129575, 36.151652], [-115.1295743, 36.1515971], [-115.129538, 36.14894], [-115.129501, 36.148878]]}, "properties": {"class": "residential"}}, {"type": "Feature", "geometry": {"type": "LineString", "coordinates": [[-115.129508, 36.146502], [-115.129477, 36.146474], [-115.1294582, 36.1453008], [-115.129457, 36.14522]]}, "properties": {"class": "residential"}}, {"type": "Feature", "geometry": {"type": "LineString", "coordinates": [[-115.1582271, 36.1802446], [-115.157164, 36.180225], [-115.157085, 36.180222], [-115.157038, 36.180179], [-115.157024, 36.18014], [-115.157034, 36.179657], [-115.1570567, 36.1790629]]}, "properties": {"class": "residential"}}, {"type": "Feature", "geometry": {"type": "LineString", "coordinates": [[-115.1234099, 36.1588632], [-115.1234083, 36.1587298], [-115.123404, 36.1583555], [-115.1234027, 36.1582415], [-115.123397, 36.157746], [-115.123386, 36.156807], [-115.1233823, 36.1564841], [-115.1233758, 36.1559449], [-115.1233752, 36.1558972], [-115.1233745, 36.1558355], [-115.1233667, 36.1551637], [-115.123366, 36.155106], [-115.1233655, 36.1550629], [-115.1233587, 36.1544899], [-115.123358, 36.15443], [-115.1233574, 36.154379], [-115.1233508, 36.1538247], [-115.12335, 36.153754], [-115.1233518, 36.1536945], [-115.1233453, 36.1531457], [-115.1233461, 36.1530843], [-115.123346, 36.1530237], [-115.1233344, 36.1524741], [-115.1233347, 36.1524654], [-115.123334, 36.152403], [-115.1233347, 36.1523477], [-115.1233269, 36.151793], [-115.123326, 36.151715], [-115.1233256, 36.1516561], [-115.1233215, 36.1510716], [-115.123321, 36.150996], [-115.1233201, 36.1509564], [-115.1233147, 36.1503797], [-115.123314, 36.1503], [-115.123313, 36.1502654], [-115.1233077, 36.1496865], [-115.123307, 36.149605], [-115.1233065, 36.1495521], [-115.1233008, 36.1489829], [-115.1233, 36.148905], [-115.1232991, 36.1488608], [-115.1232899, 36.1483978], [-115.123287, 36.148252]]}, "properties": {"class": "tertiary"}}, {"type": "Feature", "geometry": {"type": "LineString", "coordinates": [[-115.150623, 36.1782371], [-115.1506407, 36.1787316], [-115.1506589, 36.1792395], [-115.1506763, 36.1797264], [-115.1506773, 36.1797549], [-115.1506953, 36.1802574], [-115.150712, 36.1807226], [-115.1507158, 36.1808289], [-115.1507187, 36.1809105], [-115.1507336, 36.1813263], [-115.1507512, 36.1818189], [-115.1507534, 36.1818917], [-115.1507597, 36.1820566], [-115.1507704, 36.1823405], [-115.150789, 36.1828344], [-115.1508093, 36.183371], [-115.1508273, 36.1838494], [-115.1508474, 36.1843835], [-115.1508657, 36.1848674], [-115.1508854, 36.1853914], [-115.1509039, 36.1858811], [-115.1509162, 36.1864112], [-115.1509275, 36.1868998], [-115.1509397, 36.1874275], [-115.150947, 36.18774], [-115.151017, 36.187853]]}, "properties": {"class": "residential"}}, {"type": "Feature", "geometry": {"type": "LineString", "coordinates": [[-115.1409556, 36.1587804], [-115.1409567, 36.1587136], [-115.1409572, 36.1586836], [-115.140958, 36.1586338], [-115.1409605, 36.1583665], [-115.140964, 36.157991], [-115.140991, 36.156887], [-115.1410402, 36.1557911], [-115.1410551, 36.1551699], [-115.1410568, 36.1550998]]}, "properties": {"class": "residential"}}, {"type": "Feature", "geometry": {"type": "LineString", "coordinates": [[-115.141501, 36.153714], [-115.1415012, 36.1536543], [-115.141503, 36.153012], [-115.1415057, 36.1523863], [-115.141506, 36.15233], [-115.1415075, 36.1522731], [-115.1415241, 36.151638], [-115.1415255, 36.1515592], [-115.141528, 36.1514822], [-115.1415326, 36.1508499], [-115.141547, 36.1501334], [-115.1415487, 36.1500466], [-115.1415503, 36.1499736], [-115.141567, 36.1493711], [-115.1415689, 36.1492998], [-115.1415696, 36.1492601], [-115.14158, 36.1486443], [-115.141581, 36.1485853], [-115.1415814, 36.1485372], [-115.1415859, 36.1479272], [-115.1415862, 36.1478874], [-115.1415932, 36.1477771]]}, "properties": {"class": "residential"}}, {"type": "Feature", "geometry": {"type": "LineString", "coordinates": [[-115.122405, 36.148273], [-115.1224036, 36.1481806], [-115.122373, 36.146229], [-115.1223773, 36.1448927], [-115.1223764, 36.1448592], [-115.1223745, 36.1447843], [-115.1223672, 36.1444221]]}, "properties": {"class": "residential"}}, {"type": "Feature", "geometry": {"type": "LineString", "coordinates": [[-115.117185, 36.175508], [-115.117186, 36.176375]]}, "properties": {"class": "residential"}}, {"type": "Feature", "geometry": {"type": "LineString", "coordinates": [[-115.1161382, 36.1914413], [-115.1160329, 36.1914404], [-115.1139328, 36.191422], [-115.111768, 36.191396], [-115.111511, 36.19138], [-115.111399, 36.19135], [-115.111335, 36.191332], [-115.111109, 36.191206]]}, "properties": {"class": "residential"}}, {"type": "Feature", "geometry": {"type": "LineString", "coordinates": [[-115.1305918, 36.1913829], [-115.1275389, 36.1913619], [-115.125085, 36.1913447]]}, "properties": {"class": "residential"}}, {"type": "Feature", "geometry": {"type": "LineString", "coordinates": [[-115.1246186, 36.1625961], [-115.1241835, 36.1625981], [-115.1238511, 36.1625991], [-115.1235211, 36.1626001], [-115.123318, 36.1626007], [-115.1229071, 36.162602], [-115.122766, 36.1626024], [-115.1220851, 36.1626045], [-115.1212531, 36.162607], [-115.121099, 36.1626075], [-115.1205217, 36.1626093], [-115.1204501, 36.1626095]]}, "properties": {"class": "residential"}}, {"type": "Feature", "geometry": {"type": "LineString", "coordinates": [[-115.1204566, 36.1622007], [-115.1203821, 36.1622009], [-115.1164055, 36.1622108], [-115.1161779, 36.1622113], [-115.1160752, 36.1622115]]}, "properties": {"class": "residential"}}, {"type": "Feature", "geometry": {"type": "LineString", "coordinates": [[-115.1160462, 36.1625002], [-115.1158763, 36.162499], [-115.1146777, 36.1624915], [-115.1144306, 36.1624899], [-115.1143437, 36.1625005], [-115.1142562, 36.1625413], [-115.1140541, 36.1626733], [-115.1139884, 36.1627074], [-115.1139156, 36.1627362], [-115.1138877, 36.1627425]]}, "properties": {"class": "tertiary"}}, {"type": "Feature", "geometry": {"type": "LineString", "coordinates": [[-115.1212799, 36.1588639], [-115.1212788, 36.1587089], [-115.1212781, 36.1586129], [-115.1212774, 36.1585057], [-115.1212755, 36.158235], [-115.1212725, 36.1578029], [-115.121272, 36.157739], [-115.1212716, 36.1576832], [-115.1212655, 36.1568734], [-115.121265, 36.156803], [-115.1212646, 36.1567505], [-115.1212586, 36.155953], [-115.121258, 36.155878], [-115.1212576, 36.1558328], [-115.1212525, 36.1551737], [-115.121252, 36.155113], [-115.1212517, 36.1550669], [-115.1212475, 36.1545101], [-115.121247, 36.154441], [-115.1212466, 36.1543867], [-115.1212425, 36.1538321], [-115.121242, 36.15377], [-115.1212417, 36.1537229], [-115.1212372, 36.1531619], [-115.121237, 36.153097], [-115.1212366, 36.1530436], [-115.1212328, 36.1524894], [-115.121232, 36.152423], [-115.1212319, 36.1523653], [-115.1212258, 36.15181], [-115.121228, 36.151737], [-115.1212261, 36.1516791], [-115.1212272, 36.1516523], [-115.121227, 36.1516142], [-115.1212224, 36.1510976], [-115.1212213, 36.1510351], [-115.1212221, 36.1509812], [-115.1212203, 36.1504189], [-115.12122, 36.150348], [-115.1212198, 36.1502983], [-115.1212173, 36.1497306], [-115.121217, 36.149661], [-115.1212167, 36.1496075], [-115.1212134, 36.1490551], [-115.121214, 36.148976], [-115.121215, 36.1489314], [-115.1212115, 36.1483741], [-115.121211, 36.148259]]}, "properties": {"class": "residential"}}, {"type": "Feature", "geometry": {"type": "LineString", "coordinates": [[-115.164256, 36.153957], [-115.166849, 36.153967], [-115.169074, 36.153978], [-115.171197, 36.153986], [-115.171298, 36.153973], [-115.171385, 36.153959], [-115.171948, 36.153972]]}, "properties": {"class": "residential"}}, {"type": "Feature", "geometry": {"type": "LineString", "coordinates": [[-115.143504, 36.190414], [-115.143497, 36.190881], [-115.143484, 36.191592], [-115.143516, 36.19164]]}, "properties": {"class": "residential"}}, {"type": "Feature", "geometry": {"type": "LineString", "coordinates": [[-115.1519344, 36.1879091], [-115.1517851, 36.1879098], [-115.151142, 36.187913], [-115.151017, 36.187853]]}, "properties": {"class": "residential"}}, {"type": "Feature", "geometry": {"type": "LineString", "coordinates": [[-115.1292495, 36.1643306], [-115.1293087, 36.1642297], [-115.1293219, 36.164207], [-115.129512, 36.1638811], [-115.1295441, 36.1638308], [-115.129974, 36.16316], [-115.1302716, 36.1627067], [-115.1303705, 36.1625561], [-115.130741, 36.1619917], [-115.1311256, 36.1614058], [-115.1312103, 36.1612767], [-115.1315048, 36.1608281], [-115.1318795, 36.1602573], [-115.1318884, 36.1602438], [-115.1319744, 36.1601128], [-115.1322733, 36.1596575], [-115.1323736, 36.1595071], [-115.1324437, 36.1593983], [-115.132452, 36.1593854], [-115.1326578, 36.1590718], [-115.1326823, 36.1590316], [-115.132737, 36.1589467]]}, "properties": {"class": "residential"}}, {"type": "Feature", "geometry": {"type": "LineString", "coordinates": [[-115.1328047, 36.1588128], [-115.1328405, 36.1587394], [-115.1328483, 36.1587186], [-115.1328506, 36.158614], [-115.1328506, 36.1586031], [-115.1328504, 36.1584445], [-115.1328503, 36.1583357], [-115.1328595, 36.1579732], [-115.1328597, 36.1568741], [-115.1328517, 36.1557848], [-115.1328549, 36.1551348], [-115.1328552, 36.1550811], [-115.1328552, 36.1550178], [-115.1328588, 36.1543678], [-115.1328601, 36.1542252], [-115.1328688, 36.1536798], [-115.1328792, 36.1530681], [-115.13288, 36.1530219], [-115.132881, 36.1529459], [-115.1328898, 36.1523078], [-115.1328998, 36.151649], [-115.1329008, 36.1515808], [-115.1328998, 36.151524], [-115.1328628, 36.1494888], [-115.1328758, 36.1493548], [-115.1329768, 36.1491298], [-115.1331198, 36.1489738], [-115.1331728, 36.1489368], [-115.132974, 36.148599], [-115.132871, 36.148354], [-115.132821, 36.148141], [-115.132819, 36.1481056], [-115.1328165, 36.1480606]]}, "properties": {"class": "residential"}}, {"type": "Feature", "geometry": {"type": "LineString", "coordinates": [[-115.1271061, 36.1692068], [-115.1270286, 36.1692066], [-115.1260285, 36.1692039], [-115.1252394, 36.1691962], [-115.125113, 36.169195], [-115.1250324, 36.1691962], [-115.1229871, 36.169227], [-115.1229121, 36.1692281], [-115.1228548, 36.1692281], [-115.1206793, 36.1692279], [-115.1206118, 36.169229], [-115.1183468, 36.1692672], [-115.1182672, 36.1692685], [-115.1165692, 36.1692733], [-115.11649, 36.1692648], [-115.1164188, 36.1692463], [-115.116362, 36.1692177]]}, "properties": {"class": "residential"}}, {"type": "Feature", "geometry": {"type": "LineString", "coordinates": [[-115.1319792, 36.1588768], [-115.1319543, 36.1587524], [-115.1319543, 36.1587373], [-115.1319543, 36.1585272], [-115.1319543, 36.1584604], [-115.1319359, 36.1582381], [-115.131932, 36.15811], [-115.1319657, 36.1559556], [-115.131937, 36.1559], [-115.131889, 36.155832], [-115.131811, 36.155789], [-115.131723, 36.155777], [-115.1311281, 36.1557744], [-115.131035, 36.155774], [-115.1309512, 36.1557745], [-115.129891, 36.155781], [-115.129635, 36.155824], [-115.129375, 36.155905], [-115.129175, 36.156005], [-115.129022, 36.156111], [-115.1289871, 36.156155], [-115.128957, 36.156193]]}, "properties": {"class": "residential"}}, {"type": "Feature", "geometry": {"type": "LineString", "coordinates": [[-115.131774, 36.151602], [-115.1317734, 36.1515439], [-115.131744, 36.148922], [-115.131711, 36.148878]]}, "properties": {"class": "residential"}}, {"type": "Feature", "geometry": {"type": "LineString", "coordinates": [[-115.13178, 36.147214], [-115.131803, 36.147166], [-115.1318, 36.146494], [-115.1318108, 36.1451904], [-115.1318102, 36.1444107]]}, "properties": {"class": "residential"}}, {"type": "Feature", "geometry": {"type": "LineString", "coordinates": [[-115.136704, 36.192105], [-115.136702, 36.1926008], [-115.1366988, 36.1933974], [-115.1366965, 36.1939428], [-115.136696, 36.194075], [-115.136689, 36.195641]]}, "properties": {"class": "residential"}}, {"type": "Feature", "geometry": {"type": "LineString", "coordinates": [[-115.1518734, 36.17819], [-115.1518875, 36.1784093], [-115.1518984, 36.1787057], [-115.1519112, 36.1792096], [-115.1519012, 36.1797484], [-115.1518793, 36.1802316], [-115.1518592, 36.1806684], [-115.1518583, 36.1806885], [-115.151853, 36.1808046], [-115.1518525, 36.1808688], [-115.151853, 36.1809006], [-115.1518534, 36.1809259], [-115.1518588, 36.1813029], [-115.1518641, 36.1817658]]}, "properties": {"class": "tertiary"}}, {"type": "Feature", "geometry": {"type": "LineString", "coordinates": [[-115.123655, 36.18235], [-115.1235229, 36.1823502], [-115.121437, 36.182354], [-115.1207033, 36.1823549], [-115.1206123, 36.182355], [-115.1205075, 36.1823551], [-115.119717, 36.182356], [-115.116666, 36.18236], [-115.1162495, 36.1823597], [-115.1161555, 36.1823596]]}, "properties": {"class": "residential"}}, {"type": "Feature", "geometry": {"type": "LineString", "coordinates": [[-115.1251272, 36.1835618], [-115.1249952, 36.1835616], [-115.1249557, 36.1835615], [-115.124502, 36.1835607]]}, "properties": {"class": "residential"}}, {"type": "Feature", "geometry": {"type": "LineString", "coordinates": [[-115.1626628, 36.1570662], [-115.163245, 36.1570666], [-115.163251, 36.1570666], [-115.1635337, 36.1570668], [-115.1644744, 36.1570673]]}, "properties": {"class": "tertiary"}}, {"type": "Feature", "geometry": {"type": "LineString", "coordinates": [[-115.155127, 36.183661], [-115.1551636, 36.1849027]]}, "properties": {"class": "residential"}}, {"type": "Feature", "geometry": {"type": "LineString", "coordinates": [[-115.1535838, 36.1587651], [-115.1534566, 36.1587653], [-115.153342, 36.1587655], [-115.1527691, 36.1587635]]}, "properties": {"class": "primary"}}, {"type": "Feature", "geometry": {"type": "LineString", "coordinates": [[-115.1348083, 36.1894298], [-115.1349424, 36.189228], [-115.1350087, 36.1891294]]}, "properties": {"class": "secondary"}}, {"type": "Feature", "geometry": {"type": "LineString", "coordinates": [[-115.135386, 36.149433], [-115.134204, 36.14945]]}, "properties": {"class": "residential"}}, {"type": "Feature", "geometry": {"type": "LineString", "coordinates": [[-115.149814, 36.149144], [-115.1474796, 36.1491823], [-115.147378, 36.149184], [-115.1473136, 36.149185], [-115.1469031, 36.1491911], [-115.146471, 36.149201], [-115.1463948, 36.1492027], [-115.1463119, 36.1492037], [-115.145463, 36.149214], [-115.144565, 36.149227], [-115.1445188, 36.1492279], [-115.1416395, 36.1492838], [-115.141627, 36.149284], [-115.1415689, 36.1492998], [-115.141503, 36.1493163], [-115.141448, 36.14933], [-115.1380341, 36.1494327], [-115.1379595, 36.1494349], [-115.1378863, 36.1494359], [-115.1374736, 36.1494414], [-115.1371948, 36.1494412], [-115.1371165, 36.1494412]]}, "properties": {"class": "residential"}}, {"type": "Feature", "geometry": {"type": "LineString", "coordinates": [[-115.146515, 36.193705], [-115.146521, 36.194534], [-115.146507, 36.194631], [-115.146417, 36.194816], [-115.146266, 36.19499], [-115.146209, 36.195024]]}, "properties": {"class": "residential"}}, {"type": "Feature", "geometry": {"type": "LineString", "coordinates": [[-115.1366641, 36.1896806], [-115.136613, 36.1897142], [-115.1365619, 36.1897524], [-115.1365028, 36.1898066], [-115.1364379, 36.1898985], [-115.1361401, 36.1903606], [-115.135976, 36.1905584], [-115.135949, 36.190599], [-115.1358784, 36.1907446], [-115.135854, 36.190795], [-115.135816, 36.190987], [-115.1358156, 36.191055], [-115.1358139, 36.1913734], [-115.1358101, 36.1921193], [-115.1358044, 36.1931073], [-115.1358039, 36.1931961], [-115.1358021, 36.1935294], [-115.135799, 36.194079], [-115.1357956, 36.1947394], [-115.1357912, 36.1955988], [-115.1358087, 36.1956259]]}, "properties": {"class": "residential"}}, {"type": "Feature", "geometry": {"type": "LineString", "coordinates": [[-115.150003, 36.194445], [-115.150043, 36.194518], [-115.150054, 36.195121]]}, "properties": {"class": "residential"}}, {"type": "Feature", "geometry": {"type": "LineString", "coordinates": [[-115.150875, 36.192394], [-115.150909, 36.192434], [-115.150922, 36.193027], [-115.150922, 36.193686], [-115.150935, 36.194994], [-115.150921, 36.195044], [-115.150875, 36.195086]]}, "properties": {"class": "residential"}}, {"type": "Feature", "geometry": {"type": "LineString", "coordinates": [[-115.158548, 36.184567], [-115.158636, 36.184614], [-115.1598468, 36.1846178]]}, "properties": {"class": "residential"}}, {"type": "Feature", "geometry": {"type": "LineString", "coordinates": [[-115.131487, 36.171598], [-115.131117, 36.171546], [-115.131043, 36.171565], [-115.130925, 36.171638], [-115.130479, 36.172152], [-115.130474, 36.172204], [-115.130541, 36.172321], [-115.1306055, 36.1727921], [-115.130621, 36.172905], [-115.130761, 36.173285], [-115.130853, 36.173443], [-115.1310449, 36.1735412], [-115.131197, 36.173619], [-115.131339, 36.173647], [-115.131387, 36.173633]]}, "properties": {"class": "residential"}}, {"type": "Feature", "geometry": {"type": "LineString", "coordinates": [[-115.1298563, 36.1740783], [-115.129857, 36.1741342], [-115.1298616, 36.1742815], [-115.129862, 36.1744557], [-115.1298623, 36.1745629], [-115.1298625, 36.1746539], [-115.1298629, 36.1748444], [-115.1298634, 36.1750371], [-115.1298635, 36.1751118], [-115.1298638, 36.1752266], [-115.1298642, 36.1753889], [-115.1298647, 36.1755957], [-115.1298649, 36.1756845], [-115.1299175, 36.1757333]]}, "properties": {"class": "residential"}}, {"type": "Feature", "geometry": {"type": "LineString", "coordinates": [[-115.137599, 36.192102], [-115.1375977, 36.1923588], [-115.1375971, 36.1925185], [-115.1375959, 36.1927761], [-115.137595, 36.1929861], [-115.13759, 36.194072], [-115.137587, 36.194735], [-115.137586, 36.1948737], [-115.137581, 36.195559]]}, "properties": {"class": "residential"}}, {"type": "Feature", "geometry": {"type": "LineString", "coordinates": [[-115.1397479, 36.1884308], [-115.1397506, 36.1885785], [-115.1397544, 36.1888104], [-115.1397564, 36.1889009], [-115.1397585, 36.1891398], [-115.139762, 36.189539], [-115.13977, 36.190154], [-115.139771, 36.1902238], [-115.139776, 36.190559], [-115.1397807, 36.1909103], [-115.1397852, 36.1912457], [-115.139786, 36.191308], [-115.1397883, 36.1915791], [-115.139792, 36.192029], [-115.139767, 36.192065]]}, "properties": {"class": "residential"}}, {"type": "Feature", "geometry": {"type": "LineString", "coordinates": [[-115.144648, 36.187047], [-115.145902, 36.187017], [-115.147151, 36.186988], [-115.1484274, 36.1869646], [-115.1496852, 36.1869334], [-115.1509275, 36.1868998], [-115.1517981, 36.1868787], [-115.1519225, 36.1868757]]}, "properties": {"class": "residential"}}, {"type": "Feature", "geometry": {"type": "LineString", "coordinates": [[-115.156263, 36.186651], [-115.1598368, 36.1866788]]}, "properties": {"class": "residential"}}, {"type": "Feature", "geometry": {"type": "LineString", "coordinates": [[-115.125198, 36.155408], [-115.1251988, 36.1551537], [-115.125199, 36.155087], [-115.1252012, 36.1550455], [-115.12521, 36.154924], [-115.125322, 36.154572], [-115.125329, 36.15442], [-115.1253209, 36.1538067], [-115.12532, 36.153736], [-115.1253202, 36.1536672], [-115.1253185, 36.153129], [-115.1253166, 36.1530713], [-115.1253149, 36.153004], [-115.1253151, 36.1524464], [-115.125315, 36.152383], [-115.1253143, 36.1523283], [-115.1253083, 36.1517603], [-115.125307, 36.151748], [-115.125291, 36.151696], [-115.1252778, 36.1516379], [-115.125275, 36.151625], [-115.1252632, 36.1510473], [-115.125264, 36.150961], [-115.1252636, 36.1509297], [-115.1252551, 36.1503238], [-115.125254, 36.150249], [-115.1252545, 36.1502127], [-115.1252461, 36.14962], [-115.125245, 36.149543], [-115.1252445, 36.1495091], [-115.1252355, 36.1489173], [-115.125235, 36.148835], [-115.1252393, 36.1487938], [-115.1252386, 36.1481727], [-115.1252391, 36.1480718]]}, "properties": {"class": "residential"}}, {"type": "Feature", "geometry": {"type": "LineString", "coordinates": [[-115.115061, 36.180066], [-115.11467, 36.179748], [-115.114544, 36.179705], [-115.114394, 36.179684], [-115.1122696, 36.1796375], [-115.1087844, 36.1795749]]}, "properties": {"class": "residential"}}, {"type": "Feature", "geometry": {"type": "LineString", "coordinates": [[-115.146359, 36.190868], [-115.146383, 36.191579], [-115.146352, 36.191627]]}, "properties": {"class": "residential"}}, {"type": "Feature", "geometry": {"type": "LineString", "coordinates": [[-115.116644, 36.157664], [-115.116156, 36.157215], [-115.1153705, 36.1565247], [-115.115149, 36.15633]]}, "properties": {"class": "residential"}}, {"type": "Feature", "geometry": {"type": "LineString", "coordinates": [[-115.1203825, 36.1655263], [-115.1202759, 36.1655246], [-115.1181442, 36.1655425], [-115.1180782, 36.1655418]]}, "properties": {"class": "residential"}}, {"type": "Feature", "geometry": {"type": "LineString", "coordinates": [[-115.1420854, 36.1762348], [-115.1418105, 36.1766634], [-115.1417471, 36.1767617]]}, "properties": {"class": "residential"}}, {"type": "Feature", "geometry": {"type": "LineString", "coordinates": [[-115.126178, 36.164844], [-115.1261375, 36.1649093], [-115.12606, 36.165034], [-115.125968, 36.16533], [-115.1259878, 36.1657322], [-115.125963, 36.1663677], [-115.12596, 36.166445]]}, "properties": {"class": "residential"}}, {"type": "Feature", "geometry": {"type": "LineString", "coordinates": [[-115.124465, 36.181703], [-115.124501, 36.181734], [-115.124502, 36.1835607], [-115.1245, 36.183664], [-115.124478, 36.183755], [-115.124432, 36.183845], [-115.12436, 36.183919], [-115.124123, 36.184105]]}, "properties": {"class": "residential"}}, {"type": "Feature", "geometry": {"type": "LineString", "coordinates": [[-115.124496, 36.179745], [-115.124518, 36.179791], [-115.1245363, 36.1810635], [-115.1245373, 36.1811279]]}, "properties": {"class": "residential"}}, {"type": "Feature", "geometry": {"type": "LineString", "coordinates": [[-115.124504, 36.175681], [-115.124459, 36.175747], [-115.124445, 36.17584], [-115.124434, 36.177076]]}, "properties": {"class": "residential"}}, {"type": "Feature", "geometry": {"type": "LineString", "coordinates": [[-115.1340376, 36.1846688], [-115.1339164, 36.1846693], [-115.1336127, 36.1846706], [-115.1330787, 36.1846728], [-115.1329958, 36.1846731], [-115.1319847, 36.1846773], [-115.1311102, 36.1846809], [-115.1309263, 36.1846817], [-115.1308501, 36.184682], [-115.1292346, 36.1846886], [-115.128906, 36.18469], [-115.1285692, 36.1847501], [-115.128295, 36.184799], [-115.12809, 36.184816], [-115.1279452, 36.1848167], [-115.1272961, 36.1848198], [-115.1268267, 36.1848221], [-115.1267759, 36.1848223], [-115.1258706, 36.1848267], [-115.1257968, 36.184827], [-115.1252273, 36.1848297], [-115.1251317, 36.1848302]]}, "properties": {"class": "tertiary"}}, {"type": "Feature", "geometry": {"type": "LineString", "coordinates": [[-115.1572478, 36.1893263], [-115.159488, 36.189348], [-115.159557, 36.189378]]}, "properties": {"class": "residential"}}, {"type": "Feature", "geometry": {"type": "LineString", "coordinates": [[-115.147258, 36.189463], [-115.148598, 36.189418], [-115.1495573, 36.189385], [-115.150813, 36.189344], [-115.150863, 36.189366]]}, "properties": {"class": "residential"}}, {"type": "Feature", "geometry": {"type": "LineString", "coordinates": [[-115.148284, 36.193038], [-115.150922, 36.193027]]}, "properties": {"class": "residential"}}, {"type": "Feature", "geometry": {"type": "LineString", "coordinates": [[-115.147406, 36.19441], [-115.14987, 36.194401], [-115.150003, 36.194445]]}, "properties": {"class": "residential"}}, {"type": "Feature", "geometry": {"type": "LineString", "coordinates": [[-115.14844, 36.179314], [-115.148498, 36.179298], [-115.1494074, 36.1792733], [-115.1500325, 36.1792564], [-115.1506589, 36.1792395], [-115.1518016, 36.1792122], [-115.1519112, 36.1792096], [-115.1520291, 36.1792029], [-115.152269, 36.179169], [-115.152601, 36.1791], [-115.1541843, 36.1790878], [-115.154799, 36.179083], [-115.155495, 36.17908], [-115.1562426, 36.1790756], [-115.1563113, 36.1790752], [-115.1570567, 36.1790629], [-115.158924, 36.179056], [-115.159883, 36.1790578], [-115.1606253, 36.179057], [-115.1607235, 36.1790569]]}, "properties": {"class": "residential"}}, {"type": "Feature", "geometry": {"type": "LineString", "coordinates": [[-115.133057, 36.16075], [-115.1330064, 36.1607281], [-115.1319878, 36.1602866], [-115.1318884, 36.1602438]]}, "properties": {"class": "residential"}}, {"type": "Feature", "geometry": {"type": "LineString", "coordinates": [[-115.1349181, 36.1921235], [-115.1349215, 36.1936506], [-115.1349221, 36.1939169], [-115.1349225, 36.194091], [-115.1349137, 36.1954602], [-115.134913, 36.1955771]]}, "properties": {"class": "residential"}}, {"type": "Feature", "geometry": {"type": "LineString", "coordinates": [[-115.14279, 36.150051], [-115.142739, 36.150022], [-115.142678, 36.150013], [-115.1416131, 36.1500329], [-115.141609, 36.150033], [-115.1415487, 36.1500466], [-115.1414721, 36.1500553], [-115.141431, 36.15006], [-115.1380245, 36.1501599], [-115.1379546, 36.1501651]]}, "properties": {"class": "residential"}}, {"type": "Feature", "geometry": {"type": "LineString", "coordinates": [[-115.1315547, 36.1653105], [-115.1314769, 36.1654297], [-115.1312577, 36.1657551], [-115.1310976, 36.1659981], [-115.1308429, 36.1663845], [-115.1308268, 36.1664089], [-115.130776, 36.166486], [-115.130728, 36.1665591], [-115.1303081, 36.1672067], [-115.1300925, 36.1675346], [-115.1300807, 36.1675526], [-115.130015, 36.1676526], [-115.1299477, 36.1677549], [-115.1299277, 36.1677878], [-115.12989, 36.1678573], [-115.1298709, 36.1678924], [-115.129853, 36.1679417], [-115.1298188, 36.1680283], [-115.1298054, 36.1680781], [-115.1297973, 36.1681365], [-115.129794, 36.1681652], [-115.1297919, 36.1682123], [-115.1297926, 36.1683314], [-115.1297931, 36.1689618], [-115.1297924, 36.168994], [-115.1297929, 36.1692195], [-115.1297934, 36.1697907]]}, "properties": {"class": "secondary"}}, {"type": "Feature", "geometry": {"type": "LineString", "coordinates": [[-115.127755, 36.152359], [-115.1277477, 36.1517322], [-115.127747, 36.151671], [-115.1277461, 36.1515969], [-115.127738, 36.150932], [-115.12773, 36.150227], [-115.127722, 36.14952], [-115.127714, 36.148812], [-115.1277064, 36.1481783], [-115.127706, 36.148145], [-115.12769, 36.148056]]}, "properties": {"class": "residential"}}, {"type": "Feature", "geometry": {"type": "LineString", "coordinates": [[-115.126578, 36.161838], [-115.126563, 36.161672], [-115.126606, 36.161511], [-115.127627, 36.159945], [-115.127775, 36.159704], [-115.127852, 36.159501], [-115.1278692, 36.1594063], [-115.127874, 36.15938], [-115.1278736, 36.1590112], [-115.1278748, 36.1588676]]}, "properties": {"class": "residential"}}, {"type": "Feature", "geometry": {"type": "LineString", "coordinates": [[-115.1378077, 36.1757406], [-115.136876, 36.177115]]}, "properties": {"class": "residential"}}, {"type": "Feature", "geometry": {"type": "LineString", "coordinates": [[-115.1345907, 36.1606518], [-115.1345238, 36.1607519], [-115.134209, 36.1612232], [-115.1340949, 36.161394]]}, "properties": {"class": "residential"}}, {"type": "Feature", "geometry": {"type": "LineString", "coordinates": [[-115.1360829, 36.155087], [-115.1360834, 36.1550196], [-115.1360885, 36.1543742], [-115.1360895, 36.153698], [-115.1360935, 36.1530163], [-115.1360945, 36.152316], [-115.1360904, 36.1515683]]}, "properties": {"class": "residential"}}, {"type": "Feature", "geometry": {"type": "LineString", "coordinates": [[-115.1206364, 36.1866649], [-115.1195336, 36.1866698], [-115.1188981, 36.1866728], [-115.1183682, 36.1866768], [-115.1179112, 36.1866775], [-115.117755, 36.1866782], [-115.1172647, 36.1866805], [-115.1170823, 36.1866813], [-115.1168121, 36.1866826], [-115.1167604, 36.186683], [-115.1164868, 36.1866849], [-115.1162838, 36.1866864], [-115.1161822, 36.1866871]]}, "properties": {"class": "residential"}}, {"type": "Feature", "geometry": {"type": "LineString", "coordinates": [[-115.1468296, 36.1772909], [-115.1468299, 36.1774127], [-115.14683, 36.177439], [-115.146831, 36.1777878], [-115.1468236, 36.1779108], [-115.1468243, 36.1779583]]}, "properties": {"class": "secondary"}}, {"type": "Feature", "geometry": {"type": "LineString", "coordinates": [[-115.1383829, 36.1682556], [-115.1384235, 36.1681932], [-115.1384347, 36.1681759], [-115.1386675, 36.1678176], [-115.138721, 36.1677353], [-115.1389096, 36.167445], [-115.1390768, 36.1671877], [-115.1390883, 36.16717], [-115.139139, 36.167092]]}, "properties": {"class": "tertiary"}}, {"type": "Feature", "geometry": {"type": "LineString", "coordinates": [[-115.1449667, 36.1572743], [-115.1449699, 36.1572133], [-115.1450766, 36.1551647], [-115.1450799, 36.155102], [-115.1450832, 36.1550405], [-115.1451941, 36.1529893], [-115.1451973, 36.1529306], [-115.1452003, 36.152877], [-115.1452369, 36.1522258], [-115.1452412, 36.1521348], [-115.1452722, 36.1515074], [-115.1452741, 36.151445]]}, "properties": {"class": "residential"}}, {"type": "Feature", "geometry": {"type": "LineString", "coordinates": [[-115.14538, 36.151441], [-115.1453824, 36.1513763], [-115.1454603, 36.1492867], [-115.145463, 36.149214]]}, "properties": {"class": "residential"}}, {"type": "Feature", "geometry": {"type": "LineString", "coordinates": [[-115.1623892, 36.1570656], [-115.1623931, 36.1569767], [-115.162413, 36.156439], [-115.16242, 36.15638], [-115.162466, 36.156262], [-115.162576, 36.156078], [-115.162668, 36.15597], [-115.16272, 36.155933], [-115.162824, 36.155861], [-115.16299, 36.155786], [-115.163137, 36.155737], [-115.163291, 36.155713], [-115.163451, 36.155702], [-115.1637038, 36.155699], [-115.1637947, 36.1557242], [-115.1638742, 36.1556959]]}, "properties": {"class": "residential"}}, {"type": "Feature", "geometry": {"type": "LineString", "coordinates": [[-115.1204117, 36.1638028], [-115.120345, 36.1638033], [-115.1159256, 36.1638233]]}, "properties": {"class": "residential"}}, {"type": "Feature", "geometry": {"type": "LineString", "coordinates": [[-115.1250478, 36.1613424], [-115.125181, 36.1613408], [-115.1254112, 36.161338], [-115.1255934, 36.1613015], [-115.1257639, 36.1612182], [-115.1258672, 36.1611382], [-115.1259484, 36.1610363], [-115.1261382, 36.160712], [-115.1261904, 36.1605682], [-115.1262431, 36.160319], [-115.1262446, 36.1601365], [-115.1262476, 36.1599013], [-115.1262484, 36.1598434]]}, "properties": {"class": "residential"}}, {"type": "Feature", "geometry": {"type": "LineString", "coordinates": [[-115.130668, 36.1739816], [-115.1306692, 36.1739133], [-115.1306714, 36.1737797], [-115.1306684, 36.1735978], [-115.1306565, 36.1734825], [-115.1306233, 36.1733188], [-115.1305565, 36.1731344], [-115.1302863, 36.1726046]]}, "properties": {"class": "secondary"}}, {"type": "Feature", "geometry": {"type": "LineString", "coordinates": [[-115.127835, 36.153708], [-115.126213, 36.15373], [-115.1261558, 36.1537304], [-115.1254266, 36.1537353], [-115.12532, 36.153736], [-115.125275, 36.1537364], [-115.1237362, 36.1537505], [-115.1234357, 36.1537532], [-115.12335, 36.153754], [-115.1233105, 36.1537552], [-115.1213214, 36.1537694], [-115.121242, 36.15377], [-115.1212001, 36.1537703], [-115.1192227, 36.1537865], [-115.1190506, 36.1537879], [-115.1189412, 36.1537888]]}, "properties": {"class": "residential"}}, {"type": "Feature", "geometry": {"type": "LineString", "coordinates": [[-115.1439258, 36.1537299], [-115.1438597, 36.1537292], [-115.1438553, 36.1537292], [-115.1432549, 36.153723], [-115.1430439, 36.1537214], [-115.1423746, 36.153716], [-115.1422103, 36.1537157], [-115.1420429, 36.1537153], [-115.141501, 36.153714], [-115.1414516, 36.1537136], [-115.1410505, 36.15371], [-115.1405078, 36.1537094], [-115.137927, 36.153698]]}, "properties": {"class": "residential"}}, {"type": "Feature", "geometry": {"type": "LineString", "coordinates": [[-115.1481, 36.153856], [-115.1480392, 36.153857], [-115.1472684, 36.1538697], [-115.1472033, 36.1538708], [-115.1463027, 36.1538849], [-115.1462909, 36.1538826], [-115.146212, 36.1538836]]}, "properties": {"class": "residential"}}, {"type": "Feature", "geometry": {"type": "LineString", "coordinates": [[-115.1360895, 36.153698], [-115.1329488, 36.1536803], [-115.1328688, 36.1536798]]}, "properties": {"class": "residential"}}, {"type": "Feature", "geometry": {"type": "LineString", "coordinates": [[-115.1190601, 36.1907028], [-115.1190631, 36.1908848]]}, "properties": {"class": "residential"}}, {"type": "Feature", "geometry": {"type": "LineString", "coordinates": [[-115.128193, 36.174848], [-115.126352, 36.174849], [-115.126316, 36.174865]]}, "properties": {"class": "residential"}}, {"type": "Feature", "geometry": {"type": "LineString", "coordinates": [[-115.125349, 36.174909], [-115.124557, 36.174906], [-115.124297, 36.17496], [-115.124097, 36.175043], [-115.123948, 36.175147]]}, "properties": {"class": "residential"}}, {"type": "Feature", "geometry": {"type": "LineString", "coordinates": [[-115.123948, 36.175147], [-115.123557, 36.174817], [-115.121538, 36.1748], [-115.120742, 36.174797], [-115.120697, 36.17482]]}, "properties": {"class": "residential"}}, {"type": "Feature", "geometry": {"type": "LineString", "coordinates": [[-115.1598287, 36.1883952], [-115.1598287, 36.1883244], [-115.1598286, 36.1882096], [-115.1598292, 36.1881021], [-115.1598293, 36.1880225], [-115.1598328, 36.1873878], [-115.1598368, 36.1866788], [-115.1598408, 36.1858018], [-115.1598458, 36.1849238], [-115.1598468, 36.1846178], [-115.1598491, 36.1841868], [-115.1598518, 36.1836948], [-115.1598568, 36.1827578], [-115.1598668, 36.1817978], [-115.1598772, 36.1813571], [-115.1598851, 36.1809969], [-115.1598848, 36.1809058], [-115.1598687, 36.1808107], [-115.1598685, 36.1807604], [-115.159867, 36.180263], [-115.159869, 36.1801146], [-115.1598785, 36.1793972], [-115.159883, 36.1790578]]}, "properties": {"class": "residential"}}, {"type": "Feature", "geometry": {"type": "LineString", "coordinates": [[-115.1586864, 36.147367], [-115.1587889, 36.1473719], [-115.1597847, 36.1474196], [-115.1600532, 36.1474325], [-115.1607833, 36.1474731], [-115.1608854, 36.1474788], [-115.1611241, 36.1474904], [-115.161191, 36.1474936], [-115.1612714, 36.1474986], [-115.1616208, 36.1475202]]}, "properties": {"class": "residential"}}, {"type": "Feature", "geometry": {"type": "LineString", "coordinates": [[-115.1556768, 36.1498843], [-115.1573044, 36.1499697], [-115.157787, 36.1499952], [-115.1578809, 36.1500001], [-115.1579797, 36.1500052], [-115.1584912, 36.1500317]]}, "properties": {"class": "residential"}}, {"type": "Feature", "geometry": {"type": "LineString", "coordinates": [[-115.1437561, 36.1712089], [-115.1435869, 36.1714624], [-115.1433664, 36.1717927], [-115.1433105, 36.1718765]]}, "properties": {"class": "secondary"}}, {"type": "Feature", "geometry": {"type": "LineString", "coordinates": [[-115.1161125, 36.1595408], [-115.1159221, 36.1595437], [-115.1158634, 36.1595426], [-115.1157772, 36.159541], [-115.1156499, 36.1595386], [-115.1155037, 36.1595359], [-115.1154275, 36.1595345], [-115.1152961, 36.1595321], [-115.1151911, 36.1595114], [-115.1150177, 36.1594771], [-115.1147351, 36.1594628], [-115.1143826, 36.1594451], [-115.1139111, 36.1594445]]}, "properties": {"class": "residential"}}, {"type": "Feature", "geometry": {"type": "LineString", "coordinates": [[-115.119696, 36.1786], [-115.11962, 36.178628], [-115.1167194, 36.1786333]]}, "properties": {"class": "residential"}}, {"type": "Feature", "geometry": {"type": "LineString", "coordinates": [[-115.119762, 36.174814], [-115.119702, 36.174792], [-115.1189513, 36.1747883]]}, "properties": {"class": "residential"}}, {"type": "Feature", "geometry": {"type": "LineString", "coordinates": [[-115.134802, 36.146402], [-115.134803, 36.145633], [-115.134813, 36.1448489], [-115.1348135, 36.1448072], [-115.1348156, 36.1446388], [-115.134817, 36.1445284], [-115.1348193, 36.1444487], [-115.1348216, 36.1443722]]}, "properties": {"class": "residential"}}, {"type": "Feature", "geometry": {"type": "LineString", "coordinates": [[-115.1311778, 36.192109], [-115.1306119, 36.1926673], [-115.129858, 36.193411], [-115.1293763, 36.1938985], [-115.129255, 36.194022], [-115.1285242, 36.1947912], [-115.128237, 36.1950935], [-115.1281401, 36.1951955], [-115.128007, 36.1952676], [-115.1278476, 36.195306], [-115.1275686, 36.195318]]}, "properties": {"class": "residential"}}, {"type": "Feature", "geometry": {"type": "LineString", "coordinates": [[-115.1644744, 36.1570673], [-115.164466, 36.156567]]}, "properties": {"class": "residential"}}, {"type": "Feature", "geometry": {"type": "LineString", "coordinates": [[-115.120697, 36.17482], [-115.120668, 36.174885], [-115.120741, 36.17633], [-115.12073, 36.176377]]}, "properties": {"class": "residential"}}, {"type": "Feature", "geometry": {"type": "LineString", "coordinates": [[-115.1206722, 36.1680753], [-115.1206734, 36.1682718], [-115.1206738, 36.1683358], [-115.1206742, 36.1683976], [-115.1206767, 36.1688004], [-115.1206791, 36.1691992], [-115.1206793, 36.1692279], [-115.1206798, 36.1693023], [-115.1206823, 36.1697142], [-115.1206846, 36.1701044]]}, "properties": {"class": "residential"}}, {"type": "Feature", "geometry": {"type": "LineString", "coordinates": [[-115.1206, 36.1606151], [-115.1206054, 36.1607395], [-115.1206116, 36.1609071], [-115.1206134, 36.1609777], [-115.120587, 36.1610302], [-115.1205577, 36.1610887], [-115.1204953, 36.1612132], [-115.1204936, 36.161231], [-115.1204919, 36.161267], [-115.1204839, 36.1614342], [-115.1204837, 36.1615297], [-115.1204712, 36.1617313], [-115.1204566, 36.1622007], [-115.1204501, 36.1626095], [-115.1204481, 36.1626862], [-115.120437, 36.1630773], [-115.1204117, 36.1638028], [-115.1204108, 36.1638679], [-115.1204022, 36.1644651], [-115.1204013, 36.1645296], [-115.1204001, 36.1645945], [-115.1203925, 36.1650227], [-115.1203825, 36.1655263], [-115.1203728, 36.1660289], [-115.1203696, 36.1664589], [-115.1203691, 36.1665291]]}, "properties": {"class": "residential"}}, {"type": "Feature", "geometry": {"type": "LineString", "coordinates": [[-115.1360935, 36.1530163], [-115.1329591, 36.1530218], [-115.13288, 36.1530219], [-115.1328208, 36.1530224], [-115.132034, 36.1530289], [-115.1318604, 36.1530313], [-115.1312846, 36.153034], [-115.1305801, 36.1530384], [-115.1300307, 36.1530418], [-115.1296391, 36.1530443], [-115.1286871, 36.1530503], [-115.1281277, 36.1530538], [-115.1279882, 36.1530547], [-115.1279437, 36.153055], [-115.1254254, 36.1530707], [-115.1253166, 36.1530713], [-115.1252573, 36.1530718], [-115.1234438, 36.1530832], [-115.1233461, 36.1530843], [-115.1232871, 36.1530841], [-115.1213285, 36.153097], [-115.121237, 36.153097], [-115.1211888, 36.1530975], [-115.1190356, 36.1531187], [-115.1189366, 36.1531197]]}, "properties": {"class": "residential"}}, {"type": "Feature", "geometry": {"type": "LineString", "coordinates": [[-115.1462685, 36.1529772], [-115.1462181, 36.1529751], [-115.1461955, 36.1529741], [-115.1452703, 36.1529338], [-115.1451973, 36.1529306], [-115.1451504, 36.1529284], [-115.1446468, 36.1529046], [-115.1440191, 36.1528895], [-115.1439508, 36.1528867], [-115.1438957, 36.1528865], [-115.1424592, 36.1528824], [-115.1423807, 36.1528822]]}, "properties": {"class": "residential"}}, {"type": "Feature", "geometry": {"type": "LineString", "coordinates": [[-115.141503, 36.153012], [-115.1414197, 36.1530117], [-115.137929, 36.153011]]}, "properties": {"class": "residential"}}, {"type": "Feature", "geometry": {"type": "LineString", "coordinates": [[-115.148629, 36.153034], [-115.1473037, 36.153056], [-115.1472403, 36.1530571]]}, "properties": {"class": "residential"}}, {"type": "Feature", "geometry": {"type": "LineString", "coordinates": [[-115.1251313, 36.1943471], [-115.1229318, 36.1943696]]}, "properties": {"class": "residential"}}, {"type": "Feature", "geometry": {"type": "LineString", "coordinates": [[-115.1386862, 36.1895432], [-115.1393709, 36.1895404], [-115.139762, 36.189539]]}, "properties": {"class": "residential"}}, {"type": "Feature", "geometry": {"type": "LineString", "coordinates": [[-115.157034, 36.179657], [-115.158149, 36.179681], [-115.158181, 36.179705], [-115.158207, 36.179732], [-115.1582293, 36.1797755], [-115.1582271, 36.1802446], [-115.1582235, 36.1807723], [-115.1582229, 36.1808612]]}, "properties": {"class": "residential"}}, {"type": "Feature", "geometry": {"type": "LineString", "coordinates": [[-115.1317476, 36.1542248], [-115.1317524, 36.1538368], [-115.1317596, 36.1538065], [-115.1318381, 36.1536018], [-115.1318497, 36.1535659], [-115.1318564, 36.1535147], [-115.13186, 36.153081], [-115.1318604, 36.1530313]]}, "properties": {"class": "residential"}}, {"type": "Feature", "geometry": {"type": "LineString", "coordinates": [[-115.116685, 36.181711], [-115.1166455, 36.1817635], [-115.1166765, 36.1818216], [-115.116666, 36.18236]]}, "properties": {"class": "residential"}}, {"type": "Feature", "geometry": {"type": "LineString", "coordinates": [[-115.116702, 36.183686], [-115.116668, 36.183631], [-115.1166841, 36.1835855], [-115.1166828, 36.1830473]]}, "properties": {"class": "residential"}}, {"type": "Feature", "geometry": {"type": "LineString", "coordinates": [[-115.1167323, 36.1779519], [-115.1167194, 36.1786333], [-115.1167062, 36.1793293], [-115.1166932, 36.1800203], [-115.116683, 36.1805598], [-115.11666, 36.180601], [-115.116711, 36.180675]]}, "properties": {"class": "residential"}}, {"type": "Feature", "geometry": {"type": "LineString", "coordinates": [[-115.1182612, 36.1665362], [-115.1180368, 36.1665367], [-115.1180072, 36.1665366], [-115.1175594, 36.166539], [-115.1171574, 36.1665397], [-115.1165875, 36.1665535], [-115.1163876, 36.1665569], [-115.1162454, 36.1665593], [-115.1161127, 36.1665616], [-115.1160055, 36.1665635], [-115.115974, 36.1665639], [-115.11589, 36.1665651], [-115.1157104, 36.1665672], [-115.115637, 36.166566], [-115.115604, 36.1665652], [-115.1153604, 36.1665592], [-115.1149569, 36.1665494], [-115.1139361, 36.1665262], [-115.1122641, 36.166485]]}, "properties": {"class": "secondary"}}, {"type": "Feature", "geometry": {"type": "LineString", "coordinates": [[-115.1212531, 36.162607], [-115.1212517, 36.1626994], [-115.1212373, 36.164462], [-115.1212368, 36.1645239], [-115.1212352, 36.1645833], [-115.1212242, 36.1664453], [-115.1212237, 36.1665191]]}, "properties": {"class": "residential"}}, {"type": "Feature", "geometry": {"type": "LineString", "coordinates": [[-115.129664, 36.154162], [-115.128703, 36.154166], [-115.1286484, 36.1541664], [-115.1280738, 36.1541711], [-115.1275368, 36.1541748], [-115.1265344, 36.1541818], [-115.126328, 36.1541832], [-115.1262226, 36.1541845]]}, "properties": {"class": "residential"}}, {"type": "Feature", "geometry": {"type": "LineString", "coordinates": [[-115.1360885, 36.1543742], [-115.1330858, 36.1543683], [-115.1329338, 36.1543673], [-115.1328588, 36.1543678]]}, "properties": {"class": "residential"}}, {"type": "Feature", "geometry": {"type": "LineString", "coordinates": [[-115.1405081, 36.1543936], [-115.1379422, 36.1543861]]}, "properties": {"class": "residential"}}, {"type": "Feature", "geometry": {"type": "LineString", "coordinates": [[-115.1236814, 36.1807115], [-115.1235942, 36.1807112], [-115.122816, 36.180709], [-115.120611, 36.18071]]}, "properties": {"class": "residential"}}, {"type": "Feature", "geometry": {"type": "LineString", "coordinates": [[-115.119665, 36.18069], [-115.119616, 36.180709], [-115.116754, 36.180703], [-115.116711, 36.180675]]}, "properties": {"class": "residential"}}, {"type": "Feature", "geometry": {"type": "LineString", "coordinates": [[-115.1183839, 36.1884851], [-115.1183843, 36.1885362], [-115.1183907, 36.1892775], [-115.1183969, 36.1899939]]}, "properties": {"class": "residential"}}, {"type": "Feature", "geometry": {"type": "LineString", "coordinates": [[-115.1181223, 36.1907089], [-115.1181493, 36.19209], [-115.1181505, 36.19215]]}, "properties": {"class": "residential"}}, {"type": "Feature", "geometry": {"type": "LineString", "coordinates": [[-115.120984, 36.178637], [-115.1206382, 36.178637]]}, "properties": {"class": "residential"}}, {"type": "Feature", "geometry": {"type": "LineString", "coordinates": [[-115.1391596, 36.176313], [-115.138967, 36.176601], [-115.138856, 36.17668], [-115.138076, 36.1770054], [-115.1378768, 36.1770734], [-115.137529, 36.177065], [-115.136876, 36.177115], [-115.136707, 36.177124], [-115.136621, 36.177107], [-115.136452, 36.1770373], [-115.1359484, 36.1768297]]}, "properties": {"class": "residential"}}, {"type": "Feature", "geometry": {"type": "LineString", "coordinates": [[-115.116651, 36.155473], [-115.1164734, 36.155474], [-115.1161167, 36.1554759], [-115.1158002, 36.1554776], [-115.1156178, 36.1554785], [-115.1155347, 36.155479], [-115.1149861, 36.1554819], [-115.1146495, 36.1554837], [-115.114409, 36.155485]]}, "properties": {"class": "residential"}}, {"type": "Feature", "geometry": {"type": "LineString", "coordinates": [[-115.145154, 36.146353], [-115.144632, 36.146366], [-115.143751, 36.146389], [-115.142936, 36.146415], [-115.142855, 36.146434]]}, "properties": {"class": "residential"}}, {"type": "Feature", "geometry": {"type": "LineString", "coordinates": [[-115.163638, 36.181672], [-115.16359, 36.185189], [-115.163552, 36.186366]]}, "properties": {"class": "residential"}}, {"type": "Feature", "geometry": {"type": "LineString", "coordinates": [[-115.1582423, 36.1464565], [-115.1583391, 36.1464579], [-115.1585965, 36.1464577], [-115.1588448, 36.1464694], [-115.1590403, 36.1464786], [-115.1599209, 36.1465202]]}, "properties": {"class": "residential"}}, {"type": "Feature", "geometry": {"type": "LineString", "coordinates": [[-115.12973, 36.154971], [-115.1297142, 36.1549481], [-115.1297017, 36.1549144], [-115.1296963, 36.1548882], [-115.1296918, 36.154857], [-115.129689, 36.154813], [-115.1296667, 36.1542319], [-115.129664, 36.154162], [-115.1296404, 36.1531024], [-115.1296391, 36.1530443]]}, "properties": {"class": "residential"}}, {"type": "Feature", "geometry": {"type": "LineString", "coordinates": [[-115.130444, 36.158878], [-115.1304435, 36.1587487], [-115.1304432, 36.1586752], [-115.130442, 36.1583734], [-115.130441, 36.158133], [-115.130406, 36.157993], [-115.130211, 36.157588], [-115.130111, 36.157388], [-115.12996, 36.157086], [-115.129832, 36.156948], [-115.1297642, 36.1569078], [-115.129687, 36.156862]]}, "properties": {"class": "residential"}}, {"type": "Feature", "geometry": {"type": "LineString", "coordinates": [[-115.1481745, 36.1477079], [-115.1481762, 36.1476024]]}, "properties": {"class": "residential"}}, {"type": "Feature", "geometry": {"type": "LineString", "coordinates": [[-115.1564182, 36.1714535], [-115.1565798, 36.1714591], [-115.1566871, 36.1714618], [-115.1567817, 36.171464], [-115.1580256, 36.1714932], [-115.1580886, 36.1714927], [-115.1582267, 36.1714905], [-115.158342, 36.1714949], [-115.1584453, 36.1715068], [-115.1585466, 36.1715203], [-115.158625, 36.171536], [-115.1587665, 36.1715712], [-115.1589978, 36.1716383]]}, "properties": {"class": "tertiary"}}, {"type": "Feature", "geometry": {"type": "LineString", "coordinates": [[-115.131932, 36.15811], [-115.1318711, 36.1580988], [-115.131311, 36.157996], [-115.131022, 36.157983], [-115.1305101, 36.1579889], [-115.130406, 36.157993]]}, "properties": {"class": "residential"}}, {"type": "Feature", "geometry": {"type": "LineString", "coordinates": [[-115.130211, 36.157588], [-115.1301323, 36.1576194], [-115.129978, 36.157681], [-115.129775, 36.157862], [-115.129599, 36.157947], [-115.129482, 36.157969], [-115.1287727, 36.1579717], [-115.128687, 36.157972]]}, "properties": {"class": "residential"}}, {"type": "Feature", "geometry": {"type": "LineString", "coordinates": [[-115.149147, 36.1475782], [-115.1491493, 36.1475316], [-115.149299, 36.144508]]}, "properties": {"class": "residential"}}, {"type": "Feature", "geometry": {"type": "LineString", "coordinates": [[-115.156257, 36.181775], [-115.156251, 36.182707], [-115.156253, 36.1833453], [-115.156254, 36.183669], [-115.156249, 36.184904], [-115.156266, 36.185804], [-115.1562644, 36.1862643], [-115.156263, 36.186651], [-115.1562625, 36.1869833], [-115.156262, 36.187371], [-115.1562875, 36.1877913], [-115.1563147, 36.1882478], [-115.1563168, 36.1882828], [-115.156322, 36.1883709]]}, "properties": {"class": "tertiary"}}, {"type": "Feature", "geometry": {"type": "LineString", "coordinates": [[-115.1398462, 36.1766038], [-115.1391596, 36.176313], [-115.1383096, 36.1759531], [-115.1378077, 36.1757406], [-115.1375069, 36.1756132]]}, "properties": {"class": "residential"}}, {"type": "Feature", "geometry": {"type": "LineString", "coordinates": [[-115.128045, 36.162677], [-115.1280687, 36.1626408], [-115.1294225, 36.1605701], [-115.129454, 36.160522]]}, "properties": {"class": "residential"}}, {"type": "Feature", "geometry": {"type": "LineString", "coordinates": [[-115.1420858, 36.1747683], [-115.1411218, 36.174382], [-115.140754, 36.1742436], [-115.1403342, 36.1741111], [-115.1400106, 36.1740275], [-115.1390044, 36.1738343], [-115.1385743, 36.173754], [-115.1381651, 36.1736583], [-115.1374812, 36.1734668], [-115.1368217, 36.1732418], [-115.1364299, 36.1730833], [-115.1330518, 36.1714553]]}, "properties": {"class": "motorway"}}, {"type": "Feature", "geometry": {"type": "LineString", "coordinates": [[-115.152832, 36.181752], [-115.152847, 36.183643], [-115.152848, 36.183791], [-115.152857, 36.184882]]}, "properties": {"class": "residential"}}, {"type": "Feature", "geometry": {"type": "LineString", "coordinates": [[-115.141428, 36.1725502], [-115.1417747, 36.1720215], [-115.1421089, 36.1715118], [-115.1421737, 36.171413]]}, "properties": {"class": "tertiary"}}, {"type": "Feature", "geometry": {"type": "LineString", "coordinates": [[-115.1379289, 36.1889038], [-115.1379286, 36.1889699], [-115.1379273, 36.1890545], [-115.137912, 36.189547]]}, "properties": {"class": "residential"}}, {"type": "Feature", "geometry": {"type": "LineString", "coordinates": [[-115.130907, 36.159996], [-115.1308841, 36.1599864], [-115.130428, 36.159798], [-115.130256, 36.159783], [-115.129878, 36.159823]]}, "properties": {"class": "residential"}}, {"type": "Feature", "geometry": {"type": "LineString", "coordinates": [[-115.150863, 36.189366], [-115.150901, 36.189409], [-115.150943, 36.190104], [-115.150981, 36.190871], [-115.15102, 36.191643]]}, "properties": {"class": "residential"}}, {"type": "Feature", "geometry": {"type": "LineString", "coordinates": [[-115.147078, 36.184959], [-115.1472054, 36.1849559], [-115.148331, 36.184929], [-115.1490538, 36.1849117], [-115.1491877, 36.1849085], [-115.1496114, 36.1848984], [-115.1496858, 36.1848966], [-115.1508657, 36.1848674], [-115.151292, 36.184856], [-115.151546, 36.184877], [-115.1518996, 36.1848738]]}, "properties": {"class": "tertiary"}}, {"type": "Feature", "geometry": {"type": "LineString", "coordinates": [[-115.12152, 36.148263], [-115.1215188, 36.1481688], [-115.121495, 36.146235], [-115.1214937, 36.1450877], [-115.1214935, 36.1449545], [-115.1214935, 36.1449112], [-115.1214929, 36.1444143]]}, "properties": {"class": "residential"}}, {"type": "Feature", "geometry": {"type": "LineString", "coordinates": [[-115.1523877, 36.1484665], [-115.1521079, 36.1483869], [-115.1520223, 36.1483753], [-115.1518434, 36.148351], [-115.151583, 36.1483297], [-115.151067, 36.148308]]}, "properties": {"class": "residential"}}, {"type": "Feature", "geometry": {"type": "LineString", "coordinates": [[-115.1383829, 36.1682556], [-115.1383417, 36.1683317], [-115.1383236, 36.1683507], [-115.1381351, 36.168653], [-115.1378783, 36.1690647], [-115.137745, 36.1692783]]}, "properties": {"class": "tertiary"}}, {"type": "Feature", "geometry": {"type": "LineString", "coordinates": [[-115.152667, 36.190012], [-115.152775, 36.190667], [-115.152798, 36.190882], [-115.152757, 36.191026], [-115.152647, 36.191156], [-115.152564, 36.191208], [-115.152506, 36.191229], [-115.152343, 36.19127], [-115.1519671, 36.1912719], [-115.1518523, 36.1912725]]}, "properties": {"class": "residential"}}, {"type": "Feature", "geometry": {"type": "LineString", "coordinates": [[-115.1224282, 36.1886318], [-115.12244, 36.1892334], [-115.122433, 36.1899535]]}, "properties": {"class": "residential"}}, {"type": "Feature", "geometry": {"type": "LineString", "coordinates": [[-115.1379813, 36.1811712], [-115.1379792, 36.1810624], [-115.1379752, 36.1808548]]}, "properties": {"class": "residential"}}, {"type": "Feature", "geometry": {"type": "LineString", "coordinates": [[-115.133765, 36.151571], [-115.1337638, 36.1515148], [-115.133749, 36.150826], [-115.133735, 36.150113], [-115.133729, 36.149788], [-115.133762, 36.149688], [-115.133843, 36.149586], [-115.133952, 36.149513], [-115.134074, 36.149461], [-115.134204, 36.14945], [-115.1342015, 36.1493868], [-115.1341789, 36.1488086], [-115.134176, 36.148734]]}, "properties": {"class": "residential"}}, {"type": "Feature", "geometry": {"type": "LineString", "coordinates": [[-115.1303895, 36.1648203], [-115.1304501, 36.1647286], [-115.1306636, 36.1644053], [-115.1306801, 36.1643804], [-115.1306984, 36.1643527], [-115.1309699, 36.1639417], [-115.1311066, 36.163739], [-115.131154, 36.163663]]}, "properties": {"class": "residential"}}, {"type": "Feature", "geometry": {"type": "LineString", "coordinates": [[-115.116189, 36.153725], [-115.116983, 36.153715], [-115.117041, 36.15369], [-115.117075, 36.153638], [-115.117071, 36.151756], [-115.117053, 36.14958], [-115.117027, 36.149523], [-115.11697, 36.149495], [-115.116569, 36.149493], [-115.116419, 36.149537]]}, "properties": {"class": "residential"}}, {"type": "Feature", "geometry": {"type": "LineString", "coordinates": [[-115.117251, 36.157728], [-115.1172467, 36.1572832], [-115.117242, 36.156798], [-115.1172376, 36.1563466], [-115.1172337, 36.1559518], [-115.117233, 36.155876]]}, "properties": {"class": "residential"}}, {"type": "Feature", "geometry": {"type": "LineString", "coordinates": [[-115.1298605, 36.1921064], [-115.129858, 36.193411]]}, "properties": {"class": "residential"}}, {"type": "Feature", "geometry": {"type": "LineString", "coordinates": [[-115.1563278, 36.193463], [-115.1564206, 36.1934628], [-115.1585671, 36.1934577], [-115.158761, 36.193467], [-115.158855, 36.193494], [-115.159465, 36.193499], [-115.1599, 36.1935], [-115.159986, 36.193518], [-115.1606099, 36.1935212], [-115.160735, 36.1935218]]}, "properties": {"class": "residential"}}, {"type": "Feature", "geometry": {"type": "LineString", "coordinates": [[-115.128639, 36.183212], [-115.128574, 36.1832353], [-115.1285153, 36.1832419], [-115.128413, 36.183245], [-115.127981, 36.1832354], [-115.127691, 36.183229], [-115.1272621, 36.1831776], [-115.127224, 36.183173], [-115.126981, 36.183164], [-115.1267548, 36.1831666], [-115.1266135, 36.1831683], [-115.12599, 36.1831721], [-115.1257637, 36.1831782], [-115.125214, 36.1831846], [-115.1251386, 36.1831855], [-115.1249962, 36.1831859]]}, "properties": {"class": "residential"}}, {"type": "Feature", "geometry": {"type": "LineString", "coordinates": [[-115.127755, 36.152359], [-115.1254293, 36.1523807], [-115.125315, 36.152383], [-115.1252513, 36.1523836], [-115.1234402, 36.1524019], [-115.123334, 36.152403], [-115.1232974, 36.1524033], [-115.1213139, 36.1524222], [-115.121232, 36.152423], [-115.1211854, 36.1524236], [-115.1192053, 36.1524491], [-115.1190374, 36.1524512], [-115.1189319, 36.1524526]]}, "properties": {"class": "residential"}}, {"type": "Feature", "geometry": {"type": "LineString", "coordinates": [[-115.1452369, 36.1522258], [-115.1451181, 36.1522213], [-115.1440505, 36.1521804], [-115.1439788, 36.1521777], [-115.1439284, 36.1521778], [-115.1424613, 36.15218], [-115.1423859, 36.1521804]]}, "properties": {"class": "residential"}}, {"type": "Feature", "geometry": {"type": "LineString", "coordinates": [[-115.149129, 36.152268], [-115.148967, 36.152226], [-115.1473546, 36.1522517], [-115.1472888, 36.1522528], [-115.1472048, 36.1522542], [-115.1463783, 36.1522683], [-115.1463736, 36.1522684], [-115.1463007, 36.1522699]]}, "properties": {"class": "residential"}}, {"type": "Feature", "geometry": {"type": "LineString", "coordinates": [[-115.141506, 36.15233], [-115.1414337, 36.1523299], [-115.137932, 36.152325]]}, "properties": {"class": "residential"}}, {"type": "Feature", "geometry": {"type": "LineString", "coordinates": [[-115.1360945, 36.152316], [-115.1328898, 36.1523078]]}, "properties": {"class": "residential"}}, {"type": "Feature", "geometry": {"type": "LineString", "coordinates": [[-115.133919, 36.177189], [-115.134261, 36.177195], [-115.134395, 36.177179], [-115.134459, 36.177157], [-115.134572, 36.177075], [-115.134642, 36.176979], [-115.1352325, 36.1761061], [-115.1356174, 36.1755319], [-115.1359102, 36.1750629]]}, "properties": {"class": "residential"}}, {"type": "Feature", "geometry": {"type": "LineString", "coordinates": [[-115.141159, 36.177624], [-115.140897, 36.177482], [-115.140724, 36.177429], [-115.140433, 36.177429], [-115.14029, 36.177461], [-115.140076, 36.177536]]}, "properties": {"class": "residential"}}, {"type": "Feature", "geometry": {"type": "LineString", "coordinates": [[-115.127063, 36.178699], [-115.1269894, 36.178699], [-115.1267369, 36.178699], [-115.1265918, 36.178699], [-115.1260999, 36.178699], [-115.126081, 36.178699], [-115.1257351, 36.1786973], [-115.1256288, 36.1786968]]}, "properties": {"class": "residential"}}, {"type": "Feature", "geometry": {"type": "LineString", "coordinates": [[-115.159406, 36.173462], [-115.159648, 36.1734624], [-115.160185, 36.1734634], [-115.160551, 36.1734641], [-115.160722, 36.1734645]]}, "properties": {"class": "residential"}}, {"type": "Feature", "geometry": {"type": "LineString", "coordinates": [[-115.131387, 36.152137], [-115.1313714, 36.1516852], [-115.131369, 36.151616]]}, "properties": {"class": "residential"}}, {"type": "Feature", "geometry": {"type": "LineString", "coordinates": [[-115.139371, 36.1852298], [-115.13935, 36.1854568], [-115.139261, 36.1856268], [-115.139175, 36.1857208], [-115.138997, 36.1858288]]}, "properties": {"class": "residential"}}, {"type": "Feature", "geometry": {"type": "LineString", "coordinates": [[-115.1180992, 36.1645432], [-115.1180975, 36.1646209], [-115.1180882, 36.1650397], [-115.1180782, 36.1655418], [-115.1180634, 36.1660387], [-115.1180398, 36.1664811], [-115.1180368, 36.1665367]]}, "properties": {"class": "residential"}}, {"type": "Feature", "geometry": {"type": "LineString", "coordinates": [[-115.1183524, 36.1848548], [-115.1183531, 36.1849321], [-115.1183622, 36.1859896], [-115.1183631, 36.1860849], [-115.1183646, 36.1862667], [-115.1183682, 36.1866768], [-115.1183695, 36.1868296], [-115.1183822, 36.1882993], [-115.1183834, 36.1884301], [-115.1183839, 36.1884851]]}, "properties": {"class": "residential"}}, {"type": "Feature", "geometry": {"type": "LineString", "coordinates": [[-115.117484, 36.18373], [-115.117481, 36.184287], [-115.117497, 36.184339], [-115.117541, 36.184386]]}, "properties": {"class": "residential"}}, {"type": "Feature", "geometry": {"type": "LineString", "coordinates": [[-115.1188153, 36.172023], [-115.1188191, 36.172101], [-115.1189049, 36.173844], [-115.1189114, 36.1739766], [-115.1189175, 36.1741005], [-115.1189513, 36.1747883], [-115.1189883, 36.1755403], [-115.119031, 36.1764094], [-115.1190652, 36.1771055]]}, "properties": {"class": "residential"}}, {"type": "Feature", "geometry": {"type": "LineString", "coordinates": [[-115.118355, 36.168575], [-115.118299, 36.168626], [-115.118257, 36.168735], [-115.1182562, 36.1688178], [-115.1182661, 36.1692239], [-115.1182672, 36.1692685], [-115.1182536, 36.169725], [-115.118255, 36.170161], [-115.1182666, 36.1706257], [-115.1182614, 36.1710803], [-115.1182616, 36.1711333], [-115.118263, 36.1716061], [-115.118267, 36.172038]]}, "properties": {"class": "residential"}}, {"type": "Feature", "geometry": {"type": "LineString", "coordinates": [[-115.1182612, 36.1665362], [-115.1182614, 36.1666245], [-115.118262, 36.1670031], [-115.1182622, 36.1671292], [-115.1182632, 36.1673202], [-115.1182712, 36.1673742], [-115.1182836, 36.1673978], [-115.1182922, 36.1674142]]}, "properties": {"class": "residential"}}, {"type": "Feature", "geometry": {"type": "LineString", "coordinates": [[-115.1383096, 36.1759531], [-115.137954, 36.176486], [-115.137924, 36.176554], [-115.137922, 36.176682], [-115.138076, 36.1770054]]}, "properties": {"class": "residential"}}, {"type": "Feature", "geometry": {"type": "LineString", "coordinates": [[-115.137529, 36.177065], [-115.1374558, 36.1774849]]}, "properties": {"class": "residential"}}, {"type": "Feature", "geometry": {"type": "LineString", "coordinates": [[-115.1436713, 36.1514714], [-115.1436723, 36.1514057], [-115.1436977, 36.1500302]]}, "properties": {"class": "residential"}}, {"type": "Feature", "geometry": {"type": "LineString", "coordinates": [[-115.1586412, 36.1604422], [-115.1587454, 36.1601495], [-115.1587711, 36.1599939], [-115.1587868, 36.1598914]]}, "properties": {"class": "secondary"}}, {"type": "Feature", "geometry": {"type": "LineString", "coordinates": [[-115.1618295, 36.1863462], [-115.163552, 36.186366], [-115.165333, 36.186384], [-115.16821, 36.186406]]}, "properties": {"class": "residential"}}, {"type": "Feature", "geometry": {"type": "LineString", "coordinates": [[-115.1214899, 36.1739872], [-115.1214973, 36.1741125], [-115.121538, 36.1748], [-115.121575, 36.175503], [-115.1216074, 36.1761361], [-115.121657, 36.177107], [-115.121674, 36.177534], [-115.121676, 36.17795], [-115.121677, 36.178203], [-115.121701, 36.17831], [-115.121806, 36.178469]]}, "properties": {"class": "residential"}}, {"type": "Feature", "geometry": {"type": "LineString", "coordinates": [[-115.1220851, 36.1626045], [-115.1220869, 36.1626707], [-115.122078, 36.164464], [-115.1220768, 36.1645259], [-115.1220773, 36.1645978], [-115.1220457, 36.1664333], [-115.1220443, 36.166516]]}, "properties": {"class": "residential"}}, {"type": "Feature", "geometry": {"type": "LineString", "coordinates": [[-115.121437, 36.183718], [-115.1214374, 36.1838017], [-115.12144, 36.18431], [-115.121485, 36.184374]]}, "properties": {"class": "residential"}}, {"type": "Feature", "geometry": {"type": "LineString", "coordinates": [[-115.121482, 36.181699], [-115.121441, 36.181758], [-115.121437, 36.182354]]}, "properties": {"class": "residential"}}, {"type": "Feature", "geometry": {"type": "LineString", "coordinates": [[-115.13178, 36.147214], [-115.131723, 36.147238], [-115.131048, 36.147251], [-115.1286311, 36.1472798], [-115.128534, 36.147281]]}, "properties": {"class": "residential"}}, {"type": "Feature", "geometry": {"type": "LineString", "coordinates": [[-115.1369494, 36.1471615], [-115.1368698, 36.1471625], [-115.1329062, 36.147208], [-115.132809, 36.1472091]]}, "properties": {"class": "residential"}}, {"type": "Feature", "geometry": {"type": "LineString", "coordinates": [[-115.121936, 36.180017], [-115.1206201, 36.1800176], [-115.1197359, 36.1800142], [-115.1166932, 36.1800203], [-115.1162643, 36.1800201], [-115.1161655, 36.18002]]}, "properties": {"class": "residential"}}, {"type": "Feature", "geometry": {"type": "LineString", "coordinates": [[-115.1314833, 36.1711887], [-115.131484, 36.171221], [-115.131488, 36.171401], [-115.1314876, 36.1714896], [-115.131487, 36.171598], [-115.131429, 36.172192], [-115.131435, 36.172294], [-115.131492, 36.172421], [-115.13159, 36.17254], [-115.131837, 36.172864], [-115.131893, 36.173024], [-115.131888, 36.173183], [-115.131825, 36.173341], [-115.131779, 36.173407], [-115.131663, 36.173513], [-115.1315223, 36.1735925], [-115.131387, 36.173633]]}, "properties": {"class": "residential"}}, {"type": "Feature", "geometry": {"type": "LineString", "coordinates": [[-115.13977, 36.190154], [-115.140878, 36.190156]]}, "properties": {"class": "residential"}}, {"type": "Feature", "geometry": {"type": "LineString", "coordinates": [[-115.1519012, 36.1797484], [-115.1520172, 36.1797534], [-115.152148, 36.179757], [-115.152732, 36.17967], [-115.154804, 36.179654]]}, "properties": {"class": "residential"}}, {"type": "Feature", "geometry": {"type": "LineString", "coordinates": [[-115.14019, 36.185205], [-115.14032, 36.185216], [-115.140384, 36.185259], [-115.140427, 36.185311], [-115.140428, 36.185537], [-115.140346, 36.185723], [-115.140262, 36.185835], [-115.1402034, 36.1858893], [-115.140114, 36.185972]]}, "properties": {"class": "residential"}}, {"type": "Feature", "geometry": {"type": "LineString", "coordinates": [[-115.1621265, 36.1817602], [-115.162318, 36.181688], [-115.162636, 36.181657], [-115.163638, 36.181672], [-115.1654304, 36.1816902], [-115.167638, 36.181705], [-115.167804, 36.181721], [-115.167935, 36.181753], [-115.168134, 36.181888]]}, "properties": {"class": "residential"}}, {"type": "Feature", "geometry": {"type": "LineString", "coordinates": [[-115.127738, 36.150932], [-115.1276985, 36.1509325], [-115.1253725, 36.1509597], [-115.125264, 36.150961], [-115.1252114, 36.1509621], [-115.123889, 36.150975], [-115.123419, 36.1509924], [-115.123321, 36.150996], [-115.1232605, 36.1509993], [-115.122972, 36.151015], [-115.1212213, 36.1510351], [-115.1211645, 36.1510358], [-115.1190112, 36.1510611], [-115.1189223, 36.1510622]]}, "properties": {"class": "residential"}}, {"type": "Feature", "geometry": {"type": "LineString", "coordinates": [[-115.12639, 36.192078], [-115.1263989, 36.1932978], [-115.126404, 36.194003], [-115.1264152, 36.1947188], [-115.1264233, 36.1952404], [-115.1264239, 36.1952773], [-115.1264248, 36.195338], [-115.1264262, 36.1954288], [-115.1264279, 36.195536], [-115.1264296, 36.1956465], [-115.1264307, 36.195717]]}, "properties": {"class": "residential"}}, {"type": "Feature", "geometry": {"type": "LineString", "coordinates": [[-115.1611245, 36.183135], [-115.1618775, 36.1831322]]}, "properties": {"class": "residential"}}, {"type": "Feature", "geometry": {"type": "LineString", "coordinates": [[-115.126316, 36.174865], [-115.126274, 36.174939], [-115.126274, 36.175605], [-115.126277, 36.176293], [-115.126307, 36.176333]]}, "properties": {"class": "residential"}}, {"type": "Feature", "geometry": {"type": "LineString", "coordinates": [[-115.1260133, 36.1710802], [-115.126022, 36.172828], [-115.1260275, 36.1739199], [-115.126028, 36.1740166]]}, "properties": {"class": "residential"}}, {"type": "Feature", "geometry": {"type": "LineString", "coordinates": [[-115.148169, 36.18032], [-115.1488048, 36.1803042], [-115.1494442, 36.1802884], [-115.1500617, 36.1802731], [-115.1506953, 36.1802574], [-115.1517776, 36.1802338], [-115.1518793, 36.1802316]]}, "properties": {"class": "residential"}}, {"type": "Feature", "geometry": {"type": "LineString", "coordinates": [[-115.158984, 36.180227], [-115.159065, 36.180256], [-115.159867, 36.180263]]}, "properties": {"class": "residential"}}, {"type": "Feature", "geometry": {"type": "LineString", "coordinates": [[-115.152695, 36.180231], [-115.15481, 36.180242], [-115.155514, 36.180246], [-115.1562148, 36.1802496], [-115.156284, 36.18025]]}, "properties": {"class": "residential"}}, {"type": "Feature", "geometry": {"type": "LineString", "coordinates": [[-115.12773, 36.150227], [-115.1276951, 36.1502273], [-115.1253626, 36.150248], [-115.125254, 36.150249], [-115.1251907, 36.1502495], [-115.123716, 36.150263], [-115.123412, 36.150291], [-115.123314, 36.1503], [-115.1232387, 36.1503067], [-115.122988, 36.150329], [-115.1213297, 36.1503468], [-115.12122, 36.150348], [-115.1211624, 36.1503487], [-115.1190141, 36.1503744], [-115.1189175, 36.1503756]]}, "properties": {"class": "residential"}}, {"type": "Feature", "geometry": {"type": "LineString", "coordinates": [[-115.1585747, 36.1944522], [-115.1581383, 36.1944446], [-115.1580315, 36.1943668]]}, "properties": {"class": "residential"}}, {"type": "Feature", "geometry": {"type": "LineString", "coordinates": [[-115.13453, 36.15082], [-115.133846, 36.1508264], [-115.133749, 36.150826]]}, "properties": {"class": "residential"}}, {"type": "Feature", "geometry": {"type": "LineString", "coordinates": [[-115.1508983, 36.1476203], [-115.1509025, 36.1475355], [-115.1509007, 36.1474925], [-115.1508982, 36.1474264], [-115.1509291, 36.1471969], [-115.1509891, 36.1469702], [-115.1510553, 36.1467987], [-115.1510974, 36.1466947], [-115.1525765, 36.1444323], [-115.1526387, 36.1443127], [-115.1526597, 36.1442161], [-115.152638, 36.1438595], [-115.1526329, 36.143776]]}, "properties": {"class": "residential"}}, {"type": "Feature", "geometry": {"type": "LineString", "coordinates": [[-115.1508563, 36.151233], [-115.15086, 36.151165], [-115.1508875, 36.1507136], [-115.1509061, 36.1504921], [-115.1509527, 36.1499465], [-115.151067, 36.148308], [-115.1511312, 36.1476726], [-115.1511357, 36.1476123], [-115.1511436, 36.1475319]]}, "properties": {"class": "residential"}}, {"type": "Feature", "geometry": {"type": "LineString", "coordinates": [[-115.1343239, 36.1725314], [-115.1339709, 36.1725253], [-115.1333464, 36.1725244], [-115.1327852, 36.1725388], [-115.1327092, 36.1725407], [-115.1326378, 36.1725407], [-115.13159, 36.17254]]}, "properties": {"class": "residential"}}, {"type": "Feature", "geometry": {"type": "LineString", "coordinates": [[-115.1410402, 36.1557911], [-115.14095, 36.1557909], [-115.137648, 36.155782], [-115.1376254, 36.155785], [-115.137421, 36.1558125]]}, "properties": {"class": "residential"}}, {"type": "Feature", "geometry": {"type": "LineString", "coordinates": [[-115.1365524, 36.1558442], [-115.1364061, 36.1557959], [-115.1363586, 36.155795], [-115.1361549, 36.1557921], [-115.1329303, 36.155785], [-115.1328517, 36.1557848]]}, "properties": {"class": "residential"}}, {"type": "Feature", "geometry": {"type": "LineString", "coordinates": [[-115.155588, 36.150777], [-115.1557255, 36.150784], [-115.1572199, 36.1508648], [-115.1572559, 36.1508666], [-115.1577882, 36.1508904], [-115.1583431, 36.1509194], [-115.1583987, 36.1509223], [-115.1589643, 36.1509513], [-115.1593409, 36.1509755], [-115.159554, 36.1509892], [-115.159577, 36.150991]]}, "properties": {"class": "residential"}}, {"type": "Feature", "geometry": {"type": "LineString", "coordinates": [[-115.1395395, 36.1687527], [-115.1395795, 36.1686903], [-115.1395915, 36.1686714], [-115.1398181, 36.1683149], [-115.1398591, 36.1682505], [-115.1399702, 36.1680806], [-115.1402206, 36.1676763], [-115.1402788, 36.1675865]]}, "properties": {"class": "tertiary"}}, {"type": "Feature", "geometry": {"type": "LineString", "coordinates": [[-115.1503369, 36.1464098], [-115.151091, 36.145219], [-115.151487, 36.144605]]}, "properties": {"class": "residential"}}, {"type": "Feature", "geometry": {"type": "LineString", "coordinates": [[-115.1287375, 36.1812847], [-115.128737, 36.181326], [-115.1287282, 36.1820615], [-115.1287154, 36.183131], [-115.1286873, 36.1831777], [-115.128639, 36.183212]]}, "properties": {"class": "residential"}}, {"type": "Feature", "geometry": {"type": "LineString", "coordinates": [[-115.1586572, 36.1482516], [-115.1586753, 36.1482525], [-115.1591204, 36.1482762], [-115.1592417, 36.1482826], [-115.1595199, 36.1482974], [-115.1600247, 36.1483242], [-115.1601438, 36.1483305], [-115.1603119, 36.1483394], [-115.161039, 36.148378]]}, "properties": {"class": "residential"}}, {"type": "Feature", "geometry": {"type": "LineString", "coordinates": [[-115.1635337, 36.1570668], [-115.163565, 36.156552]]}, "properties": {"class": "residential"}}, {"type": "Feature", "geometry": {"type": "LineString", "coordinates": [[-115.158546, 36.190787], [-115.1585424, 36.1920854], [-115.1585417, 36.1922947], [-115.15854, 36.192769], [-115.1585452, 36.1929006], [-115.1585671, 36.1934577], [-115.1585747, 36.1944522]]}, "properties": {"class": "residential"}}, {"type": "Feature", "geometry": {"type": "LineString", "coordinates": [[-115.1509527, 36.1499465], [-115.1512477, 36.1499375], [-115.1513617, 36.1499075], [-115.1515137, 36.1498105], [-115.1523877, 36.1484665], [-115.1527098, 36.1479789]]}, "properties": {"class": "residential"}}, {"type": "Feature", "geometry": {"type": "LineString", "coordinates": [[-115.1469906, 36.1819052], [-115.1470947, 36.1819031], [-115.148223, 36.18188], [-115.1495008, 36.1818484], [-115.1507512, 36.1818189], [-115.151684, 36.181797], [-115.1517486, 36.1817858], [-115.1518641, 36.1817658], [-115.1519717, 36.1817441], [-115.152832, 36.181752], [-115.153978, 36.181758], [-115.1546596, 36.1817643], [-115.156257, 36.181775], [-115.1580433, 36.1817874], [-115.158556, 36.181791], [-115.1598668, 36.1817978]]}, "properties": {"class": "residential"}}, {"type": "Feature", "geometry": {"type": "LineString", "coordinates": [[-115.1453071, 36.1819581], [-115.1457343, 36.1819465]]}, "properties": {"class": "residential"}}, {"type": "Feature", "geometry": {"type": "LineString", "coordinates": [[-115.1233083, 36.1789556], [-115.123183, 36.178867], [-115.12293, 36.178737], [-115.122813, 36.178696], [-115.122539, 36.178643], [-115.122095, 36.178623], [-115.121935, 36.178568], [-115.121806, 36.178469]]}, "properties": {"class": "residential"}}, {"type": "Feature", "geometry": {"type": "LineString", "coordinates": [[-115.1525576, 36.1511871], [-115.1523496, 36.1512221], [-115.1522604, 36.1512245], [-115.1522083, 36.1512244], [-115.1520958, 36.1512263], [-115.1517752, 36.151233], [-115.1514842, 36.1512363], [-115.1513681, 36.1512398], [-115.1509641, 36.1512315], [-115.1508563, 36.151233], [-115.1506265, 36.1512521], [-115.150413, 36.151286], [-115.150268, 36.1513112], [-115.1500938, 36.1513395], [-115.149869, 36.1513611], [-115.1496516, 36.151369], [-115.149418, 36.151374], [-115.1473837, 36.1514081], [-115.1473005, 36.1514089]]}, "properties": {"class": "tertiary"}}, {"type": "Feature", "geometry": {"type": "LineString", "coordinates": [[-115.127518, 36.1883839], [-115.1275183, 36.1884375], [-115.1275186, 36.1884914], [-115.1275227, 36.1892065], [-115.1275281, 36.1899286], [-115.1275334, 36.1906399], [-115.1275389, 36.1913619], [-115.1275443, 36.192082], [-115.1275587, 36.193997], [-115.1275641, 36.1947088], [-115.127565, 36.1948346], [-115.1275658, 36.1949466], [-115.1275686, 36.195318], [-115.127572, 36.195645], [-115.1275727, 36.1957176]]}, "properties": {"class": "residential"}}, {"type": "Feature", "geometry": {"type": "LineString", "coordinates": [[-115.1369576, 36.1456004], [-115.136869, 36.1456018], [-115.1366701, 36.1456051], [-115.1353574, 36.1456247], [-115.134803, 36.145633]]}, "properties": {"class": "residential"}}, {"type": "Feature", "geometry": {"type": "LineString", "coordinates": [[-115.1286736, 36.1588252], [-115.1286763, 36.1587521], [-115.1286781, 36.1587039], [-115.1286825, 36.1583411], [-115.1286837, 36.1582437], [-115.128687, 36.157972], [-115.1286873, 36.1579491], [-115.1286907, 36.1576337], [-115.1286939, 36.1573516], [-115.128695, 36.15726], [-115.1286954, 36.1572098], [-115.128699, 36.156765], [-115.128749, 36.15655], [-115.128903, 36.156262], [-115.128957, 36.156193], [-115.128831, 36.155994], [-115.128721, 36.155481], [-115.128704, 36.1542397], [-115.128703, 36.154166], [-115.1287022, 36.1541087], [-115.1286861, 36.1531137], [-115.1286871, 36.1530503], [-115.1286855, 36.152967], [-115.1286696, 36.1521608], [-115.128664, 36.151879], [-115.1286006, 36.1517321], [-115.128596, 36.151725], [-115.128589, 36.15166], [-115.1285885, 36.1516088], [-115.1285832, 36.15115], [-115.128557, 36.148853], [-115.1285504, 36.1481718], [-115.1285492, 36.148053], [-115.1285476, 36.1479726], [-115.128534, 36.147281], [-115.128512, 36.145235], [-115.1285026, 36.1447931], [-115.1284955, 36.1444531]]}, "properties": {"class": "residential"}}, {"type": "Feature", "geometry": {"type": "LineString", "coordinates": [[-115.1269797, 36.1633556], [-115.1270462, 36.1632526], [-115.127102, 36.163166], [-115.1271768, 36.1630501], [-115.1272971, 36.1628637], [-115.1275236, 36.1625125], [-115.127553, 36.162467]]}, "properties": {"class": "residential"}}, {"type": "Feature", "geometry": {"type": "LineString", "coordinates": [[-115.1271651, 36.1622949], [-115.1271924, 36.1622531], [-115.1285682, 36.1601447], [-115.1287789, 36.15983], [-115.1288898, 36.1596234], [-115.128924, 36.1594732], [-115.1289284, 36.1594114]]}, "properties": {"class": "residential"}}, {"type": "Feature", "geometry": {"type": "LineString", "coordinates": [[-115.12073, 36.176377], [-115.120689, 36.176408], [-115.119879, 36.176412], [-115.119031, 36.1764094]]}, "properties": {"class": "residential"}}, {"type": "Feature", "geometry": {"type": "LineString", "coordinates": [[-115.126307, 36.176333], [-115.126361, 36.176349], [-115.128183, 36.176353]]}, "properties": {"class": "residential"}}, {"type": "Feature", "geometry": {"type": "LineString", "coordinates": [[-115.133033, 36.1940971], [-115.1330296, 36.1942523], [-115.1330059, 36.1948087], [-115.1330134, 36.1950696], [-115.1330096, 36.1952348], [-115.1330031, 36.1955702]]}, "properties": {"class": "residential"}}, {"type": "Feature", "geometry": {"type": "LineString", "coordinates": [[-115.1518374, 36.1920327], [-115.1519523, 36.1920333], [-115.1524899, 36.1920355], [-115.1527834, 36.1920367], [-115.1539772, 36.1920418], [-115.154502, 36.192044], [-115.1550091, 36.1920512], [-115.1561963, 36.1920681], [-115.1563263, 36.1920699]]}, "properties": {"class": "tertiary"}}, {"type": "Feature", "geometry": {"type": "LineString", "coordinates": [[-115.143417, 36.193709], [-115.144245, 36.193707], [-115.146515, 36.193705], [-115.147404, 36.193704], [-115.148285, 36.193703], [-115.150922, 36.193686], [-115.1517342, 36.1936807], [-115.1518575, 36.19368]]}, "properties": {"class": "residential"}}, {"type": "Feature", "geometry": {"type": "LineString", "coordinates": [[-115.117961, 36.154391], [-115.1179607, 36.154339], [-115.1179456, 36.1518487], [-115.117945, 36.151754], [-115.1179447, 36.151698], [-115.117928, 36.148889], [-115.117895, 36.148836]]}, "properties": {"class": "residential"}}, {"type": "Feature", "geometry": {"type": "LineString", "coordinates": [[-115.140171, 36.179135], [-115.138592, 36.178458]]}, "properties": {"class": "residential"}}, {"type": "Feature", "geometry": {"type": "LineString", "coordinates": [[-115.131031, 36.156487], [-115.1309491, 36.1564868], [-115.130548, 36.156486], [-115.130351, 36.156503], [-115.130127, 36.156564], [-115.129961, 36.156631], [-115.129822, 36.156732], [-115.129687, 36.156862], [-115.129499, 36.157035], [-115.129277, 36.157156], [-115.129136, 36.157209], [-115.128877, 36.157257], [-115.1287843, 36.1572585], [-115.128695, 36.15726], [-115.1286069, 36.1572615], [-115.127874, 36.157274], [-115.1278418, 36.1572748]]}, "properties": {"class": "residential"}}, {"type": "Feature", "geometry": {"type": "LineString", "coordinates": [[-115.119677, 36.18307], [-115.119618, 36.183041], [-115.1166828, 36.1830473], [-115.1162528, 36.1830491], [-115.1161518, 36.1830495]]}, "properties": {"class": "residential"}}, {"type": "Feature", "geometry": {"type": "LineString", "coordinates": [[-115.123652, 36.183033], [-115.1235523, 36.1830332], [-115.1207046, 36.1830378], [-115.1206162, 36.1830379]]}, "properties": {"class": "residential"}}, {"type": "Feature", "geometry": {"type": "LineString", "coordinates": [[-115.1378254, 36.1847913], [-115.1379543, 36.1847884], [-115.1384327, 36.1847901], [-115.138624, 36.184792], [-115.138741, 36.184828], [-115.13881, 36.184862], [-115.138824, 36.1848814], [-115.138939, 36.1849821], [-115.1390226, 36.1851061], [-115.13912, 36.185186], [-115.139241, 36.185229], [-115.139371, 36.1852298], [-115.139537, 36.1852253], [-115.14019, 36.185205]]}, "properties": {"class": "residential"}}, {"type": "Feature", "geometry": {"type": "LineString", "coordinates": [[-115.159557, 36.189378], [-115.159596, 36.189428], [-115.15961, 36.189498], [-115.159612, 36.190795]]}, "properties": {"class": "residential"}}, {"type": "Feature", "geometry": {"type": "LineString", "coordinates": [[-115.1251202, 36.1936252], [-115.1237607, 36.193633], [-115.1235408, 36.1936143], [-115.1232004, 36.1935848], [-115.1228969, 36.193576], [-115.1206751, 36.1935926]]}, "properties": {"class": "residential"}}, {"type": "Feature", "geometry": {"type": "LineString", "coordinates": [[-115.1172198, 36.1645442], [-115.1172173, 36.1646255], [-115.1171621, 36.1663895], [-115.117159, 36.1664823], [-115.1171574, 36.1665397]]}, "properties": {"class": "residential"}}, {"type": "Feature", "geometry": {"type": "LineString", "coordinates": [[-115.1251255, 36.17192], [-115.122898, 36.171937], [-115.120614, 36.17195], [-115.1199646, 36.1719761], [-115.1196965, 36.1719896], [-115.1188153, 36.172023], [-115.1184411, 36.1720331], [-115.118267, 36.172038], [-115.1171118, 36.1720562], [-115.1162706, 36.1720695], [-115.1161873, 36.1720708]]}, "properties": {"class": "residential"}}, {"type": "Feature", "geometry": {"type": "LineString", "coordinates": [[-115.1407357, 36.1692667], [-115.1406702, 36.1692385], [-115.1406182, 36.1692162]]}, "properties": {"class": "primary"}}, {"type": "Feature", "geometry": {"type": "LineString", "coordinates": [[-115.117755, 36.1866782], [-115.1177953, 36.1884325]]}, "properties": {"class": "residential"}}, {"type": "Feature", "geometry": {"type": "LineString", "coordinates": [[-115.116672, 36.156318], [-115.115149, 36.15633], [-115.114844, 36.1563321], [-115.1147381, 36.1563328], [-115.114414, 36.156335]]}, "properties": {"class": "residential"}}, {"type": "Feature", "geometry": {"type": "LineString", "coordinates": [[-115.148283, 36.192379], [-115.148284, 36.193038], [-115.148285, 36.193703]]}, "properties": {"class": "residential"}}, {"type": "Feature", "geometry": {"type": "LineString", "coordinates": [[-115.148674, 36.191715], [-115.15102, 36.191643], [-115.1517143, 36.191618], [-115.1518438, 36.1916143]]}, "properties": {"class": "residential"}}, {"type": "Feature", "geometry": {"type": "LineString", "coordinates": [[-115.1517138, 36.1476118], [-115.1517279, 36.1475301], [-115.1517358, 36.1474919], [-115.1518316, 36.1470525], [-115.1536125, 36.1443091], [-115.1536324, 36.1442417], [-115.1536402, 36.1441589], [-115.1536279, 36.1438248], [-115.1536249, 36.1437434]]}, "properties": {"class": "residential"}}, {"type": "Feature", "geometry": {"type": "LineString", "coordinates": [[-115.1303895, 36.1648203], [-115.1303243, 36.1649189], [-115.1301027, 36.1652538], [-115.1296685, 36.1659089], [-115.129621, 36.165982], [-115.1295711, 36.1660586], [-115.1293731, 36.1663624], [-115.129086, 36.1668031], [-115.1289126, 36.1670664], [-115.128858, 36.167153]]}, "properties": {"class": "residential"}}, {"type": "Feature", "geometry": {"type": "LineString", "coordinates": [[-115.1457343, 36.1819465], [-115.1457386, 36.1821785], [-115.1457437, 36.1822754], [-115.1457437, 36.1824514], [-115.145753, 36.182954], [-115.1457724, 36.183487], [-115.14579, 36.183973], [-115.1458094, 36.1845042], [-115.145827, 36.184988], [-115.1458461, 36.1855125], [-115.145864, 36.186002], [-115.1458835, 36.1865239], [-115.145902, 36.187017], [-115.145921, 36.1875349], [-115.1459397, 36.188049], [-115.1459553, 36.1884755]]}, "properties": {"class": "residential"}}, {"type": "Feature", "geometry": {"type": "LineString", "coordinates": [[-115.123386, 36.156807], [-115.1233312, 36.1568069], [-115.1213636, 36.1568032], [-115.121265, 36.156803], [-115.1212107, 36.1568027], [-115.1190599, 36.156791], [-115.1189621, 36.1567905]]}, "properties": {"class": "residential"}}, {"type": "Feature", "geometry": {"type": "LineString", "coordinates": [[-115.1365006, 36.1868162], [-115.1363807, 36.1867667], [-115.136336, 36.1867486], [-115.135814, 36.1865323], [-115.135722, 36.1864944], [-115.1354403, 36.1863719], [-115.13524, 36.186315], [-115.134993, 36.186296], [-115.1345371, 36.1862872], [-115.134455, 36.1862856], [-115.1342299, 36.1862812], [-115.1341905, 36.1862806], [-115.134055, 36.186278]]}, "properties": {"class": "residential"}}, {"type": "Feature", "geometry": {"type": "LineString", "coordinates": [[-115.1563354, 36.1907105], [-115.1564338, 36.1907137], [-115.156775, 36.190725], [-115.1572588, 36.1907801], [-115.158546, 36.190787], [-115.159612, 36.190795], [-115.160756, 36.1908078]]}, "properties": {"class": "residential"}}, {"type": "Feature", "geometry": {"type": "LineString", "coordinates": [[-115.148219, 36.190968], [-115.150981, 36.190871]]}, "properties": {"class": "residential"}}, {"type": "Feature", "geometry": {"type": "LineString", "coordinates": [[-115.1375636, 36.1550838], [-115.1372717, 36.1550842], [-115.1370974, 36.1550844], [-115.1369304, 36.1550847], [-115.1367749, 36.1550849], [-115.1364473, 36.1550799], [-115.1360829, 36.155087], [-115.1358794, 36.1550867], [-115.1349876, 36.155085], [-115.1349855, 36.155085], [-115.1336787, 36.1550826], [-115.1336777, 36.1550826], [-115.1329331, 36.1550812], [-115.1328552, 36.1550811]]}, "properties": {"class": "residential"}}, {"type": "Feature", "geometry": {"type": "LineString", "coordinates": [[-115.126234, 36.155076], [-115.1252974, 36.1550865], [-115.125199, 36.155087], [-115.1251395, 36.1550882], [-115.1234603, 36.1551051], [-115.123366, 36.155106], [-115.123308, 36.1551062], [-115.1213454, 36.1551127], [-115.121252, 36.155113], [-115.1211927, 36.1551134], [-115.1192173, 36.1551266], [-115.1190459, 36.1551278], [-115.1189505, 36.1551284]]}, "properties": {"class": "residential"}}, {"type": "Feature", "geometry": {"type": "LineString", "coordinates": [[-115.158527, 36.183687], [-115.1585289, 36.1841815], [-115.15853, 36.184482], [-115.158548, 36.184567]]}, "properties": {"class": "residential"}}, {"type": "Feature", "geometry": {"type": "LineString", "coordinates": [[-115.158556, 36.181791], [-115.158545, 36.182738]]}, "properties": {"class": "residential"}}, {"type": "Feature", "geometry": {"type": "LineString", "coordinates": [[-115.158924, 36.179056], [-115.1589229, 36.1796235], [-115.1589227, 36.1797662], [-115.158922, 36.180132], [-115.158946, 36.180201], [-115.158984, 36.180227]]}, "properties": {"class": "residential"}}, {"type": "Feature", "geometry": {"type": "LineString", "coordinates": [[-115.114721, 36.180313], [-115.114893, 36.180513], [-115.114929, 36.180648]]}, "properties": {"class": "residential"}}, {"type": "Feature", "geometry": {"type": "LineString", "coordinates": [[-115.1576494, 36.1915117], [-115.157522, 36.19162], [-115.157504, 36.191691], [-115.157504, 36.192062]]}, "properties": {"class": "residential"}}, {"type": "Feature", "geometry": {"type": "LineString", "coordinates": [[-115.11976, 36.148241], [-115.1197588, 36.1481621], [-115.1197322, 36.1463473], [-115.119731, 36.146263], [-115.1197407, 36.1448169], [-115.1197434, 36.144393]]}, "properties": {"class": "residential"}}, {"type": "Feature", "geometry": {"type": "LineString", "coordinates": [[-115.123533, 36.183619], [-115.1236044, 36.1836779], [-115.124123, 36.184105]]}, "properties": {"class": "residential"}}, {"type": "Feature", "geometry": {"type": "LineString", "coordinates": [[-115.149701, 36.15059], [-115.1473906, 36.150642], [-115.1473244, 36.1506435]]}, "properties": {"class": "residential"}}, {"type": "Feature", "geometry": {"type": "LineString", "coordinates": [[-115.134212, 36.150109], [-115.1338378, 36.1501121], [-115.133735, 36.150113]]}, "properties": {"class": "residential"}}, {"type": "Feature", "geometry": {"type": "LineString", "coordinates": [[-115.122636, 36.179446], [-115.122691, 36.179493], [-115.122777, 36.179615], [-115.122813, 36.179747], [-115.122816, 36.180709]]}, "properties": {"class": "residential"}}, {"type": "Feature", "geometry": {"type": "LineString", "coordinates": [[-115.122622, 36.177534], [-115.122632, 36.17795]]}, "properties": {"class": "residential"}}, {"type": "Feature", "geometry": {"type": "LineString", "coordinates": [[-115.1229071, 36.162602], [-115.1229056, 36.1626659], [-115.1229087, 36.1644697], [-115.1229088, 36.1645319], [-115.1229081, 36.1645863], [-115.1228847, 36.1664424], [-115.1228928, 36.1665044], [-115.1229006, 36.1665659], [-115.1229006, 36.1665783], [-115.122899, 36.1669674], [-115.1229151, 36.1673563], [-115.1229175, 36.1674133], [-115.122921, 36.1676898], [-115.12292, 36.1677124], [-115.1229032, 36.1680756], [-115.1229054, 36.1682557], [-115.1229071, 36.1683219], [-115.1229074, 36.1683829], [-115.1229097, 36.1687784], [-115.1229121, 36.1692281], [-115.1229164, 36.1696902], [-115.1229087, 36.1700809]]}, "properties": {"class": "residential"}}, {"type": "Feature", "geometry": {"type": "LineString", "coordinates": [[-115.1251367, 36.1684823], [-115.1250096, 36.168451], [-115.124811, 36.168402], [-115.124226, 36.168298], [-115.1229847, 36.1683205], [-115.1229071, 36.1683219], [-115.1228423, 36.1683223], [-115.1206738, 36.1683358], [-115.119612, 36.168342], [-115.118428, 36.16853], [-115.118355, 36.168575]]}, "properties": {"class": "residential"}}, {"type": "Feature", "geometry": {"type": "LineString", "coordinates": [[-115.127294, 36.175605], [-115.126274, 36.175605], [-115.1253458, 36.175605], [-115.124694, 36.175605], [-115.124592, 36.175622], [-115.124504, 36.175681]]}, "properties": {"class": "residential"}}, {"type": "Feature", "geometry": {"type": "LineString", "coordinates": [[-115.133929, 36.1757685], [-115.133311, 36.1757692], [-115.1326693, 36.1757699], [-115.1320052, 36.1757706], [-115.1313628, 36.1757713]]}, "properties": {"class": "residential"}}, {"type": "Feature", "geometry": {"type": "LineString", "coordinates": [[-115.1189883, 36.1755403], [-115.1185395, 36.1755329], [-115.118066, 36.175524], [-115.117185, 36.175508], [-115.1163478, 36.1755057], [-115.1162625, 36.1755055]]}, "properties": {"class": "residential"}}, {"type": "Feature", "geometry": {"type": "LineString", "coordinates": [[-115.123644, 36.175514], [-115.12301, 36.1755106], [-115.1223064, 36.1755069], [-115.1220431, 36.1755055], [-115.121575, 36.175503]]}, "properties": {"class": "residential"}}, {"type": "Feature", "geometry": {"type": "LineString", "coordinates": [[-115.1352325, 36.1761061], [-115.1350581, 36.1760652], [-115.133927, 36.176044]]}, "properties": {"class": "residential"}}, {"type": "Feature", "geometry": {"type": "LineString", "coordinates": [[-115.117895, 36.148836], [-115.117822, 36.148807], [-115.11641, 36.148805], [-115.115271, 36.148807], [-115.114383, 36.148809]]}, "properties": {"class": "residential"}}, {"type": "Feature", "geometry": {"type": "LineString", "coordinates": [[-115.119669, 36.181705], [-115.119613, 36.181671], [-115.116789, 36.181667], [-115.116685, 36.181711]]}, "properties": {"class": "residential"}}, {"type": "Feature", "geometry": {"type": "LineString", "coordinates": [[-115.124465, 36.181703], [-115.1243886, 36.1816868], [-115.1237663, 36.1816807], [-115.1236776, 36.1816798], [-115.1235345, 36.1816788], [-115.12157, 36.181665], [-115.121482, 36.181699]]}, "properties": {"class": "residential"}}, {"type": "Feature", "geometry": {"type": "LineString", "coordinates": [[-115.1395395, 36.1687527], [-115.1394888, 36.1688322], [-115.1394765, 36.168849], [-115.1392501, 36.1691928], [-115.1391754, 36.169308], [-115.1391355, 36.1693698], [-115.1390374, 36.1695255], [-115.138963, 36.1696369], [-115.1388325, 36.1698318], [-115.138774, 36.1699192]]}, "properties": {"class": "tertiary"}}, {"type": "Feature", "geometry": {"type": "LineString", "coordinates": [[-115.143497, 36.190881], [-115.146359, 36.190868], [-115.147341, 36.190863]]}, "properties": {"class": "residential"}}, {"type": "Feature", "geometry": {"type": "LineString", "coordinates": [[-115.130632, 36.145703], [-115.130613, 36.145204]]}, "properties": {"class": "residential"}}, {"type": "Feature", "geometry": {"type": "LineString", "coordinates": [[-115.126234, 36.155076], [-115.1262277, 36.1546728], [-115.1262247, 36.154251], [-115.1262226, 36.1541845], [-115.1262192, 36.154131], [-115.1262137, 36.1538005], [-115.126213, 36.15373]]}, "properties": {"class": "residential"}}, {"type": "Feature", "geometry": {"type": "LineString", "coordinates": [[-115.1493705, 36.1654724], [-115.1491403, 36.1653744], [-115.1490445, 36.1653337]]}, "properties": {"class": "secondary"}}, {"type": "Feature", "geometry": {"type": "LineString", "coordinates": [[-115.1619948, 36.1874908], [-115.16207, 36.187538], [-115.162196, 36.187588], [-115.162337, 36.187609], [-115.165309, 36.187646], [-115.168201, 36.187675], [-115.169736, 36.1877051], [-115.1698436, 36.1877072]]}, "properties": {"class": "residential"}}, {"type": "Feature", "geometry": {"type": "LineString", "coordinates": [[-115.14189, 36.157942], [-115.141858, 36.157875], [-115.1419723, 36.1559362], [-115.1419913, 36.1551694], [-115.1419934, 36.1550965]]}, "properties": {"class": "residential"}}, {"type": "Feature", "geometry": {"type": "LineString", "coordinates": [[-115.136131, 36.1672879], [-115.1361786, 36.1672056], [-115.1365512, 36.166556], [-115.1367805, 36.1661862], [-115.136834, 36.1661]]}, "properties": {"class": "residential"}}, {"type": "Feature", "geometry": {"type": "LineString", "coordinates": [[-115.1423746, 36.153716], [-115.142375, 36.1536607], [-115.1423807, 36.1528822], [-115.1423854, 36.1522455], [-115.1423859, 36.1521804], [-115.1423901, 36.1515977], [-115.1423906, 36.1515343]]}, "properties": {"class": "residential"}}, {"type": "Feature", "geometry": {"type": "LineString", "coordinates": [[-115.1428247, 36.1514872], [-115.1428254, 36.1513771], [-115.142833, 36.150098], [-115.14279, 36.150051]]}, "properties": {"class": "residential"}}, {"type": "Feature", "geometry": {"type": "LineString", "coordinates": [[-115.1480495, 36.154887], [-115.1480446, 36.154315], [-115.1480447, 36.1540101], [-115.1481, 36.153856], [-115.148629, 36.153034], [-115.149129, 36.152268], [-115.149294, 36.152013], [-115.14937, 36.151825], [-115.1494107, 36.1514426], [-115.149418, 36.151374]]}, "properties": {"class": "residential"}}, {"type": "Feature", "geometry": {"type": "LineString", "coordinates": [[-115.1638742, 36.1556959], [-115.1639289, 36.1556212], [-115.1639036, 36.15553], [-115.1639006, 36.1552628]]}, "properties": {"class": "residential"}}, {"type": "Feature", "geometry": {"type": "LineString", "coordinates": [[-115.1456048, 36.1728519], [-115.1455587, 36.172829]]}, "properties": {"class": "secondary"}}, {"type": "Feature", "geometry": {"type": "LineString", "coordinates": [[-115.1318108, 36.1451904], [-115.130613, 36.145204], [-115.129457, 36.14522], [-115.128512, 36.145235]]}, "properties": {"class": "residential"}}, {"type": "Feature", "geometry": {"type": "LineString", "coordinates": [[-115.144729, 36.146864], [-115.144647, 36.146744], [-115.144632, 36.146366]]}, "properties": {"class": "residential"}}, {"type": "Feature", "geometry": {"type": "LineString", "coordinates": [[-115.14424, 36.192389], [-115.144245, 36.193707], [-115.144248, 36.194464], [-115.144251, 36.195228]]}, "properties": {"class": "residential"}}, {"type": "Feature", "geometry": {"type": "LineString", "coordinates": [[-115.1594793, 36.1930364], [-115.159465, 36.193499]]}, "properties": {"class": "residential"}}, {"type": "Feature", "geometry": {"type": "LineString", "coordinates": [[-115.144248, 36.194464], [-115.145581, 36.194462]]}, "properties": {"class": "residential"}}, {"type": "Feature", "geometry": {"type": "LineString", "coordinates": [[-115.119747, 36.192846], [-115.1197648, 36.1934681], [-115.1197305, 36.1935529]]}, "properties": {"class": "residential"}}, {"type": "Feature", "geometry": {"type": "LineString", "coordinates": [[-115.1385423, 36.1920964], [-115.1390934, 36.1920918], [-115.139724, 36.192085], [-115.139767, 36.192065]]}, "properties": {"class": "residential"}}, {"type": "Feature", "geometry": {"type": "LineString", "coordinates": [[-115.1314833, 36.1711887], [-115.1314683, 36.1711415], [-115.1313939, 36.1711047], [-115.1311328, 36.1709794], [-115.131036, 36.170939], [-115.1309719, 36.1709227], [-115.13093, 36.170912], [-115.1307723, 36.1709142], [-115.13064, 36.170916], [-115.130533, 36.1709417], [-115.1303826, 36.1710017], [-115.1302763, 36.1710259], [-115.130145, 36.1710415], [-115.1300695, 36.1710452], [-115.1299603, 36.1710458], [-115.1298643, 36.1710416], [-115.1298007, 36.1710388], [-115.1296993, 36.1710378], [-115.1291395, 36.1710284], [-115.129055, 36.171027], [-115.1290107, 36.1710276], [-115.1282666, 36.1710382], [-115.1281913, 36.1710378]]}, "properties": {"class": "residential"}}, {"type": "Feature", "geometry": {"type": "LineString", "coordinates": [[-115.1350793, 36.1713084], [-115.1349847, 36.1712683], [-115.1345154, 36.1710696], [-115.1340835, 36.1709075], [-115.1339808, 36.1709154], [-115.1338774, 36.1709198], [-115.1333489, 36.1709256], [-115.1328252, 36.1709238], [-115.1327237, 36.1709234]]}, "properties": {"class": "residential"}}, {"type": "Feature", "geometry": {"type": "LineString", "coordinates": [[-115.127722, 36.14952], [-115.1276857, 36.1495203], [-115.1253496, 36.149542], [-115.125245, 36.149543], [-115.1251832, 36.1495437], [-115.123737, 36.14956], [-115.1234049, 36.1495948], [-115.123307, 36.149605], [-115.1232422, 36.1496105], [-115.122894, 36.14964], [-115.1213121, 36.1496598], [-115.121217, 36.149661], [-115.1211572, 36.1496618], [-115.1190099, 36.149692], [-115.1189127, 36.1496934]]}, "properties": {"class": "residential"}}, {"type": "Feature", "geometry": {"type": "LineString", "coordinates": [[-115.144524, 36.183013], [-115.144563, 36.182989], [-115.145753, 36.182954], [-115.1459374, 36.1829496], [-115.1460286, 36.1829474], [-115.1461855, 36.1829436], [-115.146317, 36.1829405], [-115.147005, 36.182924], [-115.1471323, 36.182921], [-115.14826, 36.182894], [-115.1495376, 36.1828644], [-115.1496133, 36.1828626], [-115.1498873, 36.182856], [-115.150789, 36.1828344], [-115.1518759, 36.1828038]]}, "properties": {"class": "residential"}}, {"type": "Feature", "geometry": {"type": "LineString", "coordinates": [[-115.156251, 36.182707], [-115.158545, 36.182738], [-115.1598568, 36.1827578]]}, "properties": {"class": "residential"}}, {"type": "Feature", "geometry": {"type": "LineString", "coordinates": [[-115.121676, 36.17795], [-115.1216196, 36.1779499], [-115.1206472, 36.1779479], [-115.119755, 36.177946], [-115.1167323, 36.1779519], [-115.1162965, 36.1779498], [-115.1162224, 36.1779494]]}, "properties": {"class": "residential"}}, {"type": "Feature", "geometry": {"type": "LineString", "coordinates": [[-115.1385423, 36.1920964], [-115.137599, 36.192102], [-115.1372251, 36.1921033], [-115.1368049, 36.1921047]]}, "properties": {"class": "residential"}}, {"type": "Feature", "geometry": {"type": "LineString", "coordinates": [[-115.1518905, 36.1900072], [-115.152008, 36.1900079], [-115.152667, 36.190012], [-115.153687, 36.189865], [-115.153824, 36.189854], [-115.153912, 36.189863], [-115.154064, 36.189896], [-115.154156, 36.189939], [-115.154251, 36.189997], [-115.154317, 36.190051], [-115.154388, 36.190129], [-115.154439, 36.190212], [-115.154473, 36.190294], [-115.154491, 36.190388], [-115.154498, 36.191418], [-115.154502, 36.192044]]}, "properties": {"class": "residential"}}, {"type": "Feature", "geometry": {"type": "LineString", "coordinates": [[-115.1166508, 36.1578478], [-115.116644, 36.157664]]}, "properties": {"class": "residential"}}, {"type": "Feature", "geometry": {"type": "LineString", "coordinates": [[-115.131547, 36.163063], [-115.1314924, 36.1630395], [-115.1304724, 36.1626], [-115.1303705, 36.1625561]]}, "properties": {"class": "residential"}}, {"type": "Feature", "geometry": {"type": "LineString", "coordinates": [[-115.140964, 36.157991], [-115.1409074, 36.1579909], [-115.1395932, 36.1579895], [-115.1395218, 36.1579518], [-115.1395053, 36.1578697], [-115.1395245, 36.1572833], [-115.139526, 36.1572375]]}, "properties": {"class": "residential"}}, {"type": "Feature", "geometry": {"type": "LineString", "coordinates": [[-115.1473005, 36.1514089], [-115.1472799, 36.1513404], [-115.1473244, 36.1506435], [-115.1473528, 36.1499248], [-115.1473758, 36.1492487], [-115.147378, 36.149184], [-115.1473812, 36.1491279], [-115.14742, 36.148439], [-115.1474642, 36.1477739], [-115.1474671, 36.1477308]]}, "properties": {"class": "residential"}}, {"type": "Feature", "geometry": {"type": "LineString", "coordinates": [[-115.1473193, 36.1476251], [-115.1473218, 36.1475786], [-115.1473445, 36.147151], [-115.1474981, 36.1442925], [-115.1475115, 36.1440437], [-115.1475162, 36.143953]]}, "properties": {"class": "residential"}}, {"type": "Feature", "geometry": {"type": "LineString", "coordinates": [[-115.156262, 36.187371], [-115.1581594, 36.1873844], [-115.1598328, 36.1873878]]}, "properties": {"class": "residential"}}, {"type": "Feature", "geometry": {"type": "LineString", "coordinates": [[-115.1555101, 36.1522375], [-115.1556373, 36.1522435], [-115.1556748, 36.1522452], [-115.1563518, 36.1522763], [-115.1571111, 36.1523113]]}, "properties": {"class": "secondary"}}, {"type": "Feature", "geometry": {"type": "LineString", "coordinates": [[-115.147947, 36.1693784], [-115.147847, 36.1693373]]}, "properties": {"class": "tertiary"}}, {"type": "Feature", "geometry": {"type": "LineString", "coordinates": [[-115.161191, 36.1474936], [-115.1611957, 36.1474374], [-115.161215, 36.147205], [-115.1612517, 36.1471473], [-115.161525, 36.146717], [-115.1615751, 36.1466403], [-115.161815, 36.1462732], [-115.1621, 36.145837], [-115.1621344, 36.1457861], [-115.1623887, 36.1454099], [-115.1626851, 36.1449714], [-115.1627222, 36.1449165], [-115.1629954, 36.1445126], [-115.1630422, 36.1444434], [-115.163101, 36.1443565], [-115.1631173, 36.1443391], [-115.163211, 36.1442394]]}, "properties": {"class": "residential"}}, {"type": "Feature", "geometry": {"type": "LineString", "coordinates": [[-115.1195312, 36.1848516], [-115.1195313, 36.1849287], [-115.1195327, 36.1859659], [-115.1195328, 36.1860655], [-115.1195332, 36.1863772], [-115.1195336, 36.1866698], [-115.1195344, 36.1873274], [-115.1195348, 36.1875591], [-115.1195349, 36.1876783], [-115.1195359, 36.1884199], [-115.119536, 36.1885279]]}, "properties": {"class": "residential"}}, {"type": "Feature", "geometry": {"type": "LineString", "coordinates": [[-115.119677, 36.18307], [-115.119718, 36.183104], [-115.11973, 36.183721], [-115.119729, 36.184327], [-115.119695, 36.184368]]}, "properties": {"class": "residential"}}, {"type": "Feature", "geometry": {"type": "LineString", "coordinates": [[-115.119669, 36.181705], [-115.1197, 36.181734], [-115.119719, 36.181784], [-115.119717, 36.182356]]}, "properties": {"class": "residential"}}, {"type": "Feature", "geometry": {"type": "LineString", "coordinates": [[-115.1197359, 36.1800142], [-115.1197219, 36.1806225], [-115.119665, 36.18069]]}, "properties": {"class": "residential"}}, {"type": "Feature", "geometry": {"type": "LineString", "coordinates": [[-115.119696, 36.1786], [-115.119728, 36.178553], [-115.119755, 36.177946]]}, "properties": {"class": "residential"}}, {"type": "Feature", "geometry": {"type": "LineString", "coordinates": [[-115.119769, 36.177104], [-115.1197923, 36.1774246]]}, "properties": {"class": "residential"}}, {"type": "Feature", "geometry": {"type": "LineString", "coordinates": [[-115.119762, 36.174814], [-115.11979, 36.17485], [-115.119879, 36.176412]]}, "properties": {"class": "residential"}}, {"type": "Feature", "geometry": {"type": "LineString", "coordinates": [[-115.1196965, 36.1719896], [-115.1196993, 36.1720608], [-115.1197688, 36.1738485], [-115.1197739, 36.1739807]]}, "properties": {"class": "residential"}}, {"type": "Feature", "geometry": {"type": "LineString", "coordinates": [[-115.115447, 36.18307], [-115.115469, 36.183103], [-115.115462, 36.183721]]}, "properties": {"class": "residential"}}, {"type": "Feature", "geometry": {"type": "LineString", "coordinates": [[-115.115427, 36.181699], [-115.115452, 36.181736], [-115.115446, 36.182348]]}, "properties": {"class": "residential"}}, {"type": "Feature", "geometry": {"type": "LineString", "coordinates": [[-115.152732, 36.17967], [-115.152695, 36.180231], [-115.1526816, 36.1807103], [-115.1526787, 36.1808149]]}, "properties": {"class": "residential"}}, {"type": "Feature", "geometry": {"type": "LineString", "coordinates": [[-115.153978, 36.181758], [-115.1539827, 36.1825029], [-115.1539842, 36.1827336], [-115.1539919, 36.1831898], [-115.15399, 36.183651], [-115.1540231, 36.18489]]}, "properties": {"class": "residential"}}, {"type": "Feature", "geometry": {"type": "LineString", "coordinates": [[-115.138381, 36.180107], [-115.138594, 36.180043], [-115.138704, 36.179954], [-115.139009, 36.179476]]}, "properties": {"class": "residential"}}, {"type": "Feature", "geometry": {"type": "LineString", "coordinates": [[-115.138381, 36.180107], [-115.138391, 36.180414]]}, "properties": {"class": "residential"}}, {"type": "Feature", "geometry": {"type": "LineString", "coordinates": [[-115.120671, 36.1928437], [-115.119747, 36.192846], [-115.1169135, 36.1928725], [-115.116605, 36.1928754], [-115.1165272, 36.1928762], [-115.1164136, 36.1928772], [-115.116319, 36.1928781]]}, "properties": {"class": "residential"}}, {"type": "Feature", "geometry": {"type": "LineString", "coordinates": [[-115.1510255, 36.1587639], [-115.1510317, 36.1586972], [-115.1510346, 36.1586483], [-115.1510632, 36.158267], [-115.1511298, 36.1573904], [-115.1511347, 36.1573254], [-115.1511675, 36.1568935]]}, "properties": {"class": "tertiary"}}, {"type": "Feature", "geometry": {"type": "LineString", "coordinates": [[-115.1251172, 36.170101], [-115.1250328, 36.1701024], [-115.1229076, 36.1701365], [-115.120685, 36.1701659], [-115.1205938, 36.1701675], [-115.118255, 36.170161], [-115.1164351, 36.1701946], [-115.1162017, 36.170198], [-115.1161798, 36.1701983], [-115.116082, 36.1701997], [-115.115909, 36.1701976], [-115.1158273, 36.1701956], [-115.1158009, 36.170195], [-115.1154568, 36.1701865], [-115.1152141, 36.1701806], [-115.1147802, 36.1701699], [-115.1139964, 36.1701507], [-115.1138875, 36.1701477], [-115.1134224, 36.1701332], [-115.113202, 36.170122], [-115.112531, 36.170106], [-115.1124354, 36.1701037], [-115.1118197, 36.170098], [-115.111706, 36.170097], [-115.1116212, 36.1700947], [-115.1105923, 36.1700667], [-115.1105121, 36.1700646], [-115.1100227, 36.1700474], [-115.1095803, 36.1700303], [-115.10947, 36.170026], [-115.1089996, 36.1700163], [-115.1088519, 36.1700133], [-115.1086121, 36.1700084], [-115.1084684, 36.1700054], [-115.1083826, 36.1700037], [-115.107863, 36.169993], [-115.1076982, 36.1699863], [-115.10725, 36.169968], [-115.1064768, 36.1699741], [-115.1059149, 36.1699786], [-115.1055765, 36.1699813]]}, "properties": {"class": "residential"}}, {"type": "Feature", "geometry": {"type": "LineString", "coordinates": [[-115.1289807, 36.1652931], [-115.1288288, 36.1652279], [-115.1287056, 36.165175]]}, "properties": {"class": "residential"}}, {"type": "Feature", "geometry": {"type": "LineString", "coordinates": [[-115.1366852, 36.1571847], [-115.1365602, 36.1572167], [-115.1365014, 36.1572317], [-115.1345557, 36.1572322], [-115.133888, 36.157226], [-115.1338527, 36.1572194], [-115.1338196, 36.1572095], [-115.1337924, 36.1571949], [-115.1337673, 36.1571754], [-115.1337506, 36.1571542], [-115.1337389, 36.1571353], [-115.1337314, 36.1571107], [-115.1337285, 36.1570859], [-115.1337289, 36.156929], [-115.1337291, 36.1568757], [-115.1329191, 36.1568742], [-115.1328597, 36.1568741]]}, "properties": {"class": "residential"}}, {"type": "Feature", "geometry": {"type": "LineString", "coordinates": [[-115.140991, 36.156887], [-115.1409249, 36.1568871], [-115.140143, 36.156888], [-115.140139, 36.157085], [-115.140115, 36.157153], [-115.140074, 36.157198], [-115.139917, 36.157232], [-115.139526, 36.1572375], [-115.1373708, 36.1572276], [-115.1373415, 36.1572175], [-115.1372357, 36.1571744]]}, "properties": {"class": "residential"}}, {"type": "Feature", "geometry": {"type": "LineString", "coordinates": [[-115.1292495, 36.1643306], [-115.1291845, 36.1644316], [-115.1291686, 36.1644563], [-115.1290791, 36.1645953], [-115.1289717, 36.164762], [-115.1289044, 36.1648664], [-115.1288349, 36.1649743], [-115.1287726, 36.165071], [-115.1287056, 36.165175], [-115.1286597, 36.1652458], [-115.128547, 36.1654196], [-115.1284971, 36.1654967], [-115.1283221, 36.1657637], [-115.1282191, 36.1659187], [-115.1281441, 36.1660667], [-115.1281111, 36.1661517], [-115.1280619, 36.1663253], [-115.1280388, 36.1664066], [-115.1280161, 36.1664867], [-115.1279349, 36.1666422], [-115.1278851, 36.1667377]]}, "properties": {"class": "tertiary"}}, {"type": "Feature", "geometry": {"type": "LineString", "coordinates": [[-115.1621265, 36.1817602], [-115.1619845, 36.1818962], [-115.1619365, 36.1819812], [-115.1618885, 36.1822842], [-115.1618775, 36.1831322], [-115.1618295, 36.1863462], [-115.1618194, 36.1871914], [-115.1618323, 36.1872622], [-115.1618663, 36.1873492], [-115.1619262, 36.1874316], [-115.1619948, 36.1874908]]}, "properties": {"class": "residential"}}, {"type": "Feature", "geometry": {"type": "LineString", "coordinates": [[-115.130496, 36.152541], [-115.1304841, 36.1517222], [-115.130483, 36.151643]]}, "properties": {"class": "residential"}}, {"type": "Feature", "geometry": {"type": "LineString", "coordinates": [[-115.1257775, 36.1646697], [-115.1258113, 36.164618], [-115.1260121, 36.1643107]]}, "properties": {"class": "residential"}}, {"type": "Feature", "geometry": {"type": "LineString", "coordinates": [[-115.1345826, 36.1651339], [-115.1346365, 36.1650494], [-115.1348532, 36.1647096], [-115.1352886, 36.1640507], [-115.1353477, 36.1639613], [-115.1353986, 36.1638826], [-115.1356764, 36.1634528], [-115.1360658, 36.162861], [-115.136106, 36.1628], [-115.1361401, 36.1627477], [-115.1368238, 36.1617007], [-115.1368661, 36.1616359], [-115.1369088, 36.1615702], [-115.1375619, 36.1605652], [-115.137615, 36.1604836], [-115.1376702, 36.1604016], [-115.137997, 36.1599167], [-115.138209, 36.1595984], [-115.1382946, 36.1594626], [-115.1383854, 36.159306], [-115.1383941, 36.1591385], [-115.1383941, 36.1589965], [-115.1383941, 36.1589373]]}, "properties": {"class": "residential"}}, {"type": "Feature", "geometry": {"type": "LineString", "coordinates": [[-115.137932, 36.152325], [-115.137943, 36.1516355], [-115.1379431, 36.151573], [-115.1379442, 36.1514909], [-115.1379534, 36.1508353], [-115.1379546, 36.1501651], [-115.1379591, 36.1494921], [-115.1379595, 36.1494349], [-115.1379597, 36.1493732], [-115.1379614, 36.1486937], [-115.1379608, 36.1480279], [-115.1379608, 36.1479892]]}, "properties": {"class": "residential"}}, {"type": "Feature", "geometry": {"type": "LineString", "coordinates": [[-115.1305754, 36.1891916], [-115.1275227, 36.1892065], [-115.125052, 36.1892085], [-115.123069, 36.1892274], [-115.12244, 36.1892334], [-115.1206509, 36.189261], [-115.1189088, 36.189278], [-115.1183907, 36.1892775], [-115.1166961, 36.1892663], [-115.1163453, 36.1892628], [-115.1162384, 36.1892617]]}, "properties": {"class": "residential"}}, {"type": "Feature", "geometry": {"type": "LineString", "coordinates": [[-115.1386862, 36.1895432], [-115.137912, 36.189547], [-115.1373759, 36.1895483], [-115.1373088, 36.1895485], [-115.137106, 36.189549], [-115.1369368, 36.1895734], [-115.136858, 36.1895923], [-115.136784, 36.1896164], [-115.1366641, 36.1896806]]}, "properties": {"class": "residential"}}, {"type": "Feature", "geometry": {"type": "LineString", "coordinates": [[-115.118066, 36.175524], [-115.118067, 36.176381]]}, "properties": {"class": "residential"}}, {"type": "Feature", "geometry": {"type": "LineString", "coordinates": [[-115.1611753, 36.1551402], [-115.1610589, 36.1553902], [-115.1609516, 36.1556353], [-115.1608361, 36.1559247], [-115.1607421, 36.1561819], [-115.1606489, 36.1564865], [-115.1605709, 36.1567813], [-115.1605048, 36.1570903], [-115.1604602, 36.1573845], [-115.1604266, 36.1576544], [-115.1604022, 36.1579119], [-115.1603949, 36.1581509], [-115.1603937, 36.1583752], [-115.160394, 36.1586443]]}, "properties": {"class": "motorway"}}, {"type": "Feature", "geometry": {"type": "LineString", "coordinates": [[-115.1596844, 36.1664847], [-115.1595667, 36.1668062], [-115.1594464, 36.1671088], [-115.1593248, 36.1674042], [-115.1592704, 36.167533]]}, "properties": {"class": "motorway"}}, {"type": "Feature", "geometry": {"type": "LineString", "coordinates": [[-115.155368, 36.1740071], [-115.1560291, 36.1732931], [-115.1563107, 36.1729875], [-115.1564475, 36.1728379], [-115.1565764, 36.1726883]]}, "properties": {"class": "motorway"}}, {"type": "Feature", "geometry": {"type": "LineString", "coordinates": [[-115.120642, 36.148251], [-115.1206409, 36.1481748], [-115.1206132, 36.1463303], [-115.120612, 36.146247], [-115.120607, 36.1451483], [-115.1206058, 36.1448949], [-115.120605, 36.1447119], [-115.1206032, 36.1444012]]}, "properties": {"class": "residential"}}, {"type": "Feature", "geometry": {"type": "LineString", "coordinates": [[-115.1621072, 36.152391], [-115.1622899, 36.1523505], [-115.1630463, 36.1521424], [-115.1634331, 36.1520457]]}, "properties": {"class": "secondary"}}, {"type": "Feature", "geometry": {"type": "LineString", "coordinates": [[-115.139776, 36.190559], [-115.1391729, 36.1905641], [-115.1385088, 36.1905717]]}, "properties": {"class": "residential"}}, {"type": "Feature", "geometry": {"type": "LineString", "coordinates": [[-115.147304, 36.190228], [-115.148182, 36.190199], [-115.150943, 36.190104]]}, "properties": {"class": "residential"}}, {"type": "Feature", "geometry": {"type": "LineString", "coordinates": [[-115.1572528, 36.1900574], [-115.158663, 36.19006]]}, "properties": {"class": "residential"}}, {"type": "Feature", "geometry": {"type": "LineString", "coordinates": [[-115.138492, 36.194605], [-115.138472, 36.194698], [-115.138415, 36.194819], [-115.138155, 36.195238], [-115.138, 36.195385], [-115.137762, 36.19551], [-115.137581, 36.195559], [-115.137316, 36.195606], [-115.137, 36.195639], [-115.136689, 36.195641], [-115.1359422, 36.1956469], [-115.1358941, 36.1956444], [-115.1358408, 36.1956395], [-115.1358087, 36.1956259]]}, "properties": {"class": "residential"}}, {"type": "Feature", "geometry": {"type": "LineString", "coordinates": [[-115.1308285, 36.168632], [-115.1307498, 36.168598], [-115.130088, 36.168312]]}, "properties": {"class": "residential"}}, {"type": "Feature", "geometry": {"type": "LineString", "coordinates": [[-115.1281786, 36.1683379], [-115.1281407, 36.1683218], [-115.1280883, 36.1683009], [-115.1279332, 36.1682384], [-115.127739, 36.1681547], [-115.1272206, 36.1679326], [-115.127119, 36.167889], [-115.127076, 36.1678707], [-115.1262117, 36.1674995], [-115.126115, 36.167458]]}, "properties": {"class": "residential"}}, {"type": "Feature", "geometry": {"type": "LineString", "coordinates": [[-115.1229175, 36.1674133], [-115.1228303, 36.167414], [-115.1207458, 36.1674311], [-115.1206755, 36.1674317], [-115.1206017, 36.1674318], [-115.118328, 36.167436], [-115.1182922, 36.1674142]]}, "properties": {"class": "residential"}}, {"type": "Feature", "geometry": {"type": "LineString", "coordinates": [[-115.1149569, 36.1665494], [-115.1149428, 36.1670363], [-115.11494, 36.167131], [-115.114904, 36.167207], [-115.114873, 36.167232], [-115.114403, 36.167416], [-115.111678, 36.167348], [-115.1096566, 36.1672954], [-115.107293, 36.167234], [-115.107243, 36.167206]]}, "properties": {"class": "residential"}}, {"type": "Feature", "geometry": {"type": "LineString", "coordinates": [[-115.1385001, 36.1940723], [-115.13759, 36.194072], [-115.136696, 36.194075], [-115.135799, 36.194079], [-115.1349225, 36.194091], [-115.1347822, 36.1940917], [-115.1346146, 36.1940924]]}, "properties": {"class": "residential"}}, {"type": "Feature", "geometry": {"type": "LineString", "coordinates": [[-115.119695, 36.184368], [-115.11966, 36.184395], [-115.119577, 36.184416], [-115.117616, 36.184415], [-115.117541, 36.184386]]}, "properties": {"class": "residential"}}, {"type": "Feature", "geometry": {"type": "LineString", "coordinates": [[-115.124123, 36.184105], [-115.123803, 36.184348], [-115.123619, 36.184398], [-115.121591, 36.184402], [-115.121485, 36.184374]]}, "properties": {"class": "residential"}}, {"type": "Feature", "geometry": {"type": "LineString", "coordinates": [[-115.1563483, 36.1454227], [-115.1564288, 36.1454294], [-115.1566354, 36.1454403], [-115.1567565, 36.1454477], [-115.157056, 36.1454655], [-115.1577371, 36.1455061], [-115.158232, 36.1455378], [-115.158313, 36.145543]]}, "properties": {"class": "residential"}}, {"type": "Feature", "geometry": {"type": "LineString", "coordinates": [[-115.1572478, 36.1883817], [-115.1572478, 36.1885005], [-115.1572509, 36.1885896], [-115.157247, 36.1887033], [-115.1572478, 36.1893263], [-115.1572528, 36.1900574], [-115.1572588, 36.1907801]]}, "properties": {"class": "residential"}}, {"type": "Feature", "geometry": {"type": "LineString", "coordinates": [[-115.143457, 36.192424], [-115.143511, 36.192399], [-115.14424, 36.192389], [-115.146084, 36.1923843], [-115.1474, 36.192381]]}, "properties": {"class": "residential"}}, {"type": "Feature", "geometry": {"type": "LineString", "coordinates": [[-115.1407957, 36.180233], [-115.1406765, 36.1801909], [-115.1401998, 36.1799862], [-115.139743, 36.17979], [-115.139009, 36.179476], [-115.138213, 36.179135]]}, "properties": {"class": "residential"}}, {"type": "Feature", "geometry": {"type": "LineString", "coordinates": [[-115.138136, 36.179511], [-115.1375718, 36.1794275], [-115.1367595, 36.1793141]]}, "properties": {"class": "residential"}}, {"type": "Feature", "geometry": {"type": "LineString", "coordinates": [[-115.1306123, 36.1550135], [-115.1306106, 36.1549107], [-115.1305813, 36.1531114], [-115.1305801, 36.1530384]]}, "properties": {"class": "residential"}}, {"type": "Feature", "geometry": {"type": "LineString", "coordinates": [[-115.131022, 36.157983], [-115.1310282, 36.1579143], [-115.131031, 36.156487], [-115.1310346, 36.1558523], [-115.131035, 36.155774], [-115.1310354, 36.1557061], [-115.1310403, 36.1549768], [-115.131041, 36.154867]]}, "properties": {"class": "residential"}}, {"type": "Feature", "geometry": {"type": "LineString", "coordinates": [[-115.130546, 36.151642], [-115.130546, 36.151591], [-115.130546, 36.151535], [-115.13058, 36.151341], [-115.130556, 36.148842], [-115.1305457, 36.1481401], [-115.130544, 36.148022]]}, "properties": {"class": "residential"}}, {"type": "Feature", "geometry": {"type": "LineString", "coordinates": [[-115.128844, 36.162811], [-115.129034, 36.162737], [-115.129171, 36.162633], [-115.12939, 36.16232], [-115.130292, 36.1609379], [-115.13032, 36.160895], [-115.1303537, 36.1608433], [-115.130907, 36.159996], [-115.131192, 36.159559], [-115.1312008, 36.1595359], [-115.1312499, 36.1594074], [-115.131258, 36.159386], [-115.131267, 36.15934], [-115.13129, 36.159223], [-115.1312933, 36.1591412], [-115.1312983, 36.1590174], [-115.131304, 36.1588761]]}, "properties": {"class": "residential"}}, {"type": "Feature", "geometry": {"type": "LineString", "coordinates": [[-115.13106, 36.148017], [-115.1310584, 36.1479359], [-115.1310492, 36.1473261], [-115.131048, 36.147251]]}, "properties": {"class": "residential"}}, {"type": "Feature", "geometry": {"type": "LineString", "coordinates": [[-115.1345557, 36.1572322], [-115.134549, 36.1579821], [-115.1329304, 36.1579736], [-115.1328595, 36.1579732]]}, "properties": {"class": "residential"}}, {"type": "Feature", "geometry": {"type": "LineString", "coordinates": [[-115.148182, 36.190199], [-115.148219, 36.190968], [-115.148255, 36.19141], [-115.148332, 36.191547], [-115.148494, 36.191665], [-115.148674, 36.191715]]}, "properties": {"class": "residential"}}, {"type": "Feature", "geometry": {"type": "LineString", "coordinates": [[-115.14844, 36.179314], [-115.148396, 36.179363], [-115.148182, 36.179678], [-115.148151, 36.179739], [-115.1481524, 36.1797854], [-115.148169, 36.18032], [-115.1481835, 36.1807834], [-115.1481866, 36.1808819], [-115.1481901, 36.1809707], [-115.1482063, 36.181383], [-115.148223, 36.18188], [-115.1482419, 36.1823986], [-115.14826, 36.182894], [-115.1482784, 36.1834293], [-115.148295, 36.18391], [-115.1483137, 36.1844379], [-115.148331, 36.184929], [-115.1483498, 36.1854582], [-115.148367, 36.185941], [-115.1483857, 36.1864678], [-115.1484221, 36.1869028], [-115.1484274, 36.1869646], [-115.1484446, 36.1874774], [-115.1484695, 36.1879954]]}, "properties": {"class": "residential"}}, {"type": "Feature", "geometry": {"type": "LineString", "coordinates": [[-115.1305863, 36.1906529], [-115.1275334, 36.1906399], [-115.1250739, 36.1906291]]}, "properties": {"class": "residential"}}, {"type": "Feature", "geometry": {"type": "LineString", "coordinates": [[-115.1176788, 36.1907068], [-115.1181223, 36.1907089], [-115.1190601, 36.1907028], [-115.11988, 36.1906988], [-115.1199973, 36.1906895], [-115.1200319, 36.1907073], [-115.1200529, 36.1907385], [-115.1200633, 36.1907994], [-115.1200491, 36.1908971]]}, "properties": {"class": "residential"}}, {"type": "Feature", "geometry": {"type": "LineString", "coordinates": [[-115.115447, 36.18307], [-115.115414, 36.183045], [-115.115356, 36.183034], [-115.113198, 36.182998]]}, "properties": {"class": "residential"}}, {"type": "Feature", "geometry": {"type": "LineString", "coordinates": [[-115.1425894, 36.1685755], [-115.1424681, 36.1685219], [-115.1420625, 36.1683426], [-115.1419983, 36.1683154], [-115.141972, 36.1683045], [-115.1415982, 36.1681497], [-115.1415562, 36.1681323], [-115.1415, 36.1681091]]}, "properties": {"class": "tertiary"}}, {"type": "Feature", "geometry": {"type": "LineString", "coordinates": [[-115.128844, 36.162811], [-115.128751, 36.162835], [-115.128554, 36.162844], [-115.128333, 36.162802], [-115.128045, 36.162677], [-115.127553, 36.162467], [-115.1271651, 36.1622949], [-115.126882, 36.162178], [-115.126728, 36.162073], [-115.126665, 36.162004], [-115.126578, 36.161838]]}, "properties": {"class": "residential"}}, {"type": "Feature", "geometry": {"type": "LineString", "coordinates": [[-115.1302716, 36.1627067], [-115.1302017, 36.162676], [-115.1294742, 36.162357], [-115.12939, 36.16232]]}, "properties": {"class": "residential"}}, {"type": "Feature", "geometry": {"type": "LineString", "coordinates": [[-115.1486517, 36.1637265], [-115.148581, 36.163697]]}, "properties": {"class": "tertiary"}}, {"type": "Feature", "geometry": {"type": "LineString", "coordinates": [[-115.123265, 36.14616], [-115.1232191, 36.1461636], [-115.1225038, 36.1462189], [-115.122373, 36.146229], [-115.1223274, 36.1462293], [-115.1216005, 36.1462343], [-115.121495, 36.146235], [-115.1214421, 36.1462357], [-115.1207281, 36.1462454], [-115.120612, 36.146247], [-115.1205645, 36.1462479], [-115.1198413, 36.146261], [-115.119731, 36.146263], [-115.1196747, 36.1462633], [-115.1195459, 36.146264], [-115.1188642, 36.1462679]]}, "properties": {"class": "residential"}}, {"type": "Feature", "geometry": {"type": "LineString", "coordinates": [[-115.1369569, 36.146387], [-115.1368606, 36.1463874], [-115.1367055, 36.146388], [-115.134802, 36.146402], [-115.133813, 36.146413], [-115.132811, 36.146424]]}, "properties": {"class": "residential"}}, {"type": "Feature", "geometry": {"type": "LineString", "coordinates": [[-115.1318, 36.146494], [-115.1317499, 36.1464948], [-115.129605, 36.146529], [-115.129508, 36.146502]]}, "properties": {"class": "residential"}}, {"type": "Feature", "geometry": {"type": "LineString", "coordinates": [[-115.131711, 36.148878], [-115.131641, 36.148838], [-115.1306466, 36.1488416], [-115.130556, 36.148842]]}, "properties": {"class": "residential"}}, {"type": "Feature", "geometry": {"type": "LineString", "coordinates": [[-115.129501, 36.148878], [-115.129449, 36.148845], [-115.1286584, 36.1488521], [-115.128557, 36.148853]]}, "properties": {"class": "residential"}}, {"type": "Feature", "geometry": {"type": "LineString", "coordinates": [[-115.127714, 36.148812], [-115.1276746, 36.1488124], [-115.1253407, 36.148834], [-115.125235, 36.148835], [-115.1251691, 36.1488356], [-115.123795, 36.148848], [-115.1233871, 36.148895], [-115.1233, 36.148905], [-115.1232268, 36.1489136], [-115.122944, 36.148947], [-115.1213258, 36.1489743], [-115.121214, 36.148976], [-115.1211472, 36.1489766], [-115.1192081, 36.149001], [-115.119016, 36.1490034], [-115.1189079, 36.1490047]]}, "properties": {"class": "residential"}}, {"type": "Feature", "geometry": {"type": "LineString", "coordinates": [[-115.149873, 36.148391], [-115.14742, 36.148439]]}, "properties": {"class": "residential"}}, {"type": "Feature", "geometry": {"type": "LineString", "coordinates": [[-115.1369443, 36.1487039], [-115.1368501, 36.1487054], [-115.1365953, 36.1487104], [-115.1361521, 36.1487147], [-115.1361152, 36.1487151], [-115.1360067, 36.1487162], [-115.1357652, 36.1487186], [-115.1354018, 36.1487221], [-115.134176, 36.148734], [-115.13367, 36.148747], [-115.133512, 36.148766], [-115.133279, 36.148864], [-115.1332715, 36.1488692], [-115.1331728, 36.1489368]]}, "properties": {"class": "residential"}}, {"type": "Feature", "geometry": {"type": "LineString", "coordinates": [[-115.1464399, 36.1484849], [-115.1463462, 36.1484862], [-115.144585, 36.14851], [-115.1445332, 36.1485109], [-115.1416563, 36.1485619], [-115.141652, 36.148562], [-115.141581, 36.1485853], [-115.14152, 36.1485916], [-115.141478, 36.148596], [-115.1380277, 36.1486919], [-115.1379614, 36.1486937]]}, "properties": {"class": "residential"}}, {"type": "Feature", "geometry": {"type": "LineString", "coordinates": [[-115.127063, 36.178699], [-115.1270611, 36.1806949], [-115.1270605, 36.1810665], [-115.1270607, 36.1811145]]}, "properties": {"class": "residential"}}, {"type": "Feature", "geometry": {"type": "LineString", "coordinates": [[-115.1539804, 36.153487], [-115.1538387, 36.1534797], [-115.1538007, 36.1534778], [-115.1535748, 36.1534664], [-115.153316, 36.1534521], [-115.152794, 36.1534248], [-115.1526929, 36.1534195], [-115.1525399, 36.1534112], [-115.152028, 36.1533834], [-115.1516179, 36.1533641], [-115.1515557, 36.1533655], [-115.1515388, 36.1533702], [-115.1514871, 36.1533845]]}, "properties": {"class": "tertiary"}}, {"type": "Feature", "geometry": {"type": "LineString", "coordinates": [[-115.1509527, 36.1499465], [-115.1503629, 36.1499102], [-115.149756, 36.149879], [-115.1474361, 36.1499232], [-115.1473528, 36.1499248]]}, "properties": {"class": "residential"}}, {"type": "Feature", "geometry": {"type": "LineString", "coordinates": [[-115.1460438, 36.1572847], [-115.1459673, 36.1572839], [-115.1453938, 36.157278], [-115.1449667, 36.1572743], [-115.1446033, 36.1572768], [-115.1444802, 36.1572836], [-115.1443693, 36.1572988], [-115.1442621, 36.1573246], [-115.144176, 36.1573532], [-115.1441015, 36.1573864], [-115.1439464, 36.157462], [-115.143848, 36.1575384], [-115.1437711, 36.1576188], [-115.1436956, 36.1577166], [-115.1435523, 36.1579978], [-115.1434627, 36.1579965], [-115.1428888, 36.1579874], [-115.141953, 36.157982], [-115.14189, 36.157942]]}, "properties": {"class": "residential"}}, {"type": "Feature", "geometry": {"type": "LineString", "coordinates": [[-115.1475269, 36.1569683], [-115.1474797, 36.1569679], [-115.1470278, 36.156964], [-115.1468018, 36.156963], [-115.1461342, 36.1569601], [-115.146062, 36.1569598]]}, "properties": {"class": "residential"}}, {"type": "Feature", "geometry": {"type": "LineString", "coordinates": [[-115.12062, 36.1837194], [-115.1204981, 36.1837196], [-115.11973, 36.183721], [-115.117484, 36.18373], [-115.116783, 36.183725], [-115.116702, 36.183686]]}, "properties": {"class": "residential"}}, {"type": "Feature", "geometry": {"type": "LineString", "coordinates": [[-115.129276, 36.168841], [-115.129182, 36.168896], [-115.129069, 36.169072], [-115.128989, 36.169311]]}, "properties": {"class": "residential"}}, {"type": "Feature", "geometry": {"type": "LineString", "coordinates": [[-115.1291149, 36.1700901], [-115.129051, 36.170273], [-115.1290548, 36.1709856], [-115.129055, 36.171027], [-115.1290553, 36.1710951], [-115.1290624, 36.1725254], [-115.1290638, 36.1727949], [-115.129064, 36.17284], [-115.1290667, 36.1731588], [-115.1290723, 36.1738181], [-115.1290733, 36.1739383], [-115.129074, 36.1740293], [-115.1290746, 36.1741331], [-115.1290754, 36.1742891], [-115.1290762, 36.1744558], [-115.1290765, 36.1744991], [-115.129077, 36.1746073], [-115.1290773, 36.1746712], [-115.1290779, 36.1747762], [-115.1290782, 36.1748379], [-115.1290787, 36.1749408], [-115.129079, 36.1750035], [-115.1290795, 36.1750934], [-115.1290799, 36.1751681], [-115.1290804, 36.1752601], [-115.1290808, 36.1753402], [-115.1290816, 36.1755102], [-115.1290819, 36.1755535], [-115.129082, 36.175579], [-115.1290862, 36.1756846], [-115.1290748, 36.1758772], [-115.1290477, 36.1760336], [-115.1290087, 36.1763003], [-115.1289916, 36.1764031], [-115.1289786, 36.1768048], [-115.1289884, 36.1770895], [-115.1289948, 36.1775018]]}, "properties": {"class": "residential"}}, {"type": "Feature", "geometry": {"type": "LineString", "coordinates": [[-115.1305785, 36.1884207], [-115.1305781, 36.1884624], [-115.1305777, 36.1885107]]}, "properties": {"class": "residential"}}, {"type": "Feature", "geometry": {"type": "LineString", "coordinates": [[-115.1470278, 36.156964], [-115.1470306, 36.1569146], [-115.1471999, 36.153931], [-115.1472033, 36.1538708], [-115.1472066, 36.1538013], [-115.1472242, 36.153429], [-115.1472403, 36.1530571], [-115.1472797, 36.1526437], [-115.1472874, 36.1523128], [-115.1472888, 36.1522528], [-115.1472916, 36.1521832], [-115.1473198, 36.1514753], [-115.1473202, 36.1514652], [-115.1473005, 36.1514089]]}, "properties": {"class": "residential"}}, {"type": "Feature", "geometry": {"type": "LineString", "coordinates": [[-115.1415326, 36.1508499], [-115.1414474, 36.1508507], [-115.1380112, 36.1508431], [-115.1379534, 36.1508353]]}, "properties": {"class": "residential"}}, {"type": "Feature", "geometry": {"type": "LineString", "coordinates": [[-115.152775, 36.190667], [-115.153305, 36.190681], [-115.153411, 36.190718], [-115.153513, 36.190776], [-115.153589, 36.190853], [-115.153638, 36.19093], [-115.153743, 36.191202], [-115.153809, 36.191271], [-115.15399, 36.191378], [-115.154091, 36.191404], [-115.154498, 36.191418]]}, "properties": {"class": "residential"}}, {"type": "Feature", "geometry": {"type": "LineString", "coordinates": [[-115.1516191, 36.1639296], [-115.1516662, 36.1638968], [-115.1517196, 36.1638507], [-115.1517626, 36.1637991], [-115.151815, 36.1637211], [-115.151897, 36.1635994], [-115.1521692, 36.1631791], [-115.152306, 36.1629725], [-115.1526354, 36.1624697]]}, "properties": {"class": "primary"}}, {"type": "Feature", "geometry": {"type": "LineString", "coordinates": [[-115.150623, 36.1782371], [-115.151766, 36.178194], [-115.1518734, 36.17819]]}, "properties": {"class": "residential"}}, {"type": "Feature", "geometry": {"type": "LineString", "coordinates": [[-115.1412472, 36.1650115], [-115.1407768, 36.1648092], [-115.1406758, 36.1647666]]}, "properties": {"class": "residential"}}, {"type": "Feature", "geometry": {"type": "LineString", "coordinates": [[-115.1312103, 36.1612767], [-115.1311383, 36.161245], [-115.1303983, 36.1609286], [-115.13032, 36.160895], [-115.1302879, 36.1608812], [-115.129454, 36.160522], [-115.1286211, 36.1601672], [-115.1285682, 36.1601447]]}, "properties": {"class": "residential"}}, {"type": "Feature", "geometry": {"type": "LineString", "coordinates": [[-115.127627, 36.159945], [-115.1275965, 36.1599313], [-115.127457, 36.15988], [-115.127207, 36.159836], [-115.1262484, 36.1598434], [-115.1251787, 36.1598406], [-115.1250294, 36.1598281], [-115.1249111, 36.159827], [-115.1247226, 36.1598253], [-115.1240855, 36.1598195], [-115.123883, 36.1598176], [-115.1233359, 36.1598126], [-115.1229081, 36.1598087], [-115.1227077, 36.1598124]]}, "properties": {"class": "residential"}}, {"type": "Feature", "geometry": {"type": "LineString", "coordinates": [[-115.123948, 36.175147], [-115.123734, 36.175359], [-115.123644, 36.175514], [-115.123613, 36.175584], [-115.123585, 36.175745], [-115.12358, 36.177015], [-115.123611, 36.177054]]}, "properties": {"class": "residential"}}, {"type": "Feature", "geometry": {"type": "LineString", "coordinates": [[-115.1238511, 36.1625991], [-115.1238519, 36.1626624], [-115.1238744, 36.1644696], [-115.1238752, 36.1645379], [-115.123875, 36.1646147], [-115.1238701, 36.1664243], [-115.1238699, 36.1664997]]}, "properties": {"class": "residential"}}, {"type": "Feature", "geometry": {"type": "LineString", "coordinates": [[-115.1235926, 36.177541], [-115.1235919, 36.1776298], [-115.1235841, 36.1786504], [-115.1235371, 36.1787684], [-115.1234491, 36.1788824], [-115.1233773, 36.1789197], [-115.1233083, 36.1789556], [-115.123378, 36.179021], [-115.123509, 36.17918], [-115.123613, 36.179371], [-115.12365, 36.179485], [-115.1236783, 36.1795812], [-115.1236906, 36.1797042], [-115.1236814, 36.1807115], [-115.1236777, 36.1810519], [-115.1236769, 36.1811239]]}, "properties": {"class": "residential"}}, {"type": "Feature", "geometry": {"type": "LineString", "coordinates": [[-115.144611, 36.186032], [-115.145864, 36.186002], [-115.147114, 36.185972], [-115.1472139, 36.1859695], [-115.148367, 36.185941], [-115.149219, 36.1859213], [-115.1496481, 36.1859114], [-115.1498117, 36.185908], [-115.1509039, 36.1858811], [-115.1518007, 36.1858574], [-115.1519108, 36.1858537]]}, "properties": {"class": "residential"}}, {"type": "Feature", "geometry": {"type": "LineString", "coordinates": [[-115.156266, 36.185804], [-115.157694, 36.18581], [-115.158183, 36.185794], [-115.1598408, 36.1858018]]}, "properties": {"class": "residential"}}, {"type": "Feature", "geometry": {"type": "LineString", "coordinates": [[-115.126081, 36.178699], [-115.126081, 36.180618], [-115.1261083, 36.1806597]]}, "properties": {"class": "residential"}}, {"type": "Feature", "geometry": {"type": "LineString", "coordinates": [[-115.1275368, 36.1654312], [-115.1274961, 36.1654938], [-115.1274718, 36.1655312], [-115.1274038, 36.1656052], [-115.1273348, 36.1656492], [-115.1272298, 36.1656992], [-115.1271428, 36.1657142], [-115.1260475, 36.1657313], [-115.1259878, 36.1657322]]}, "properties": {"class": "residential"}}, {"type": "Feature", "geometry": {"type": "LineString", "coordinates": [[-115.124167, 36.1473], [-115.1241706, 36.1466723], [-115.124171, 36.146594]]}, "properties": {"class": "residential"}}, {"type": "Feature", "geometry": {"type": "LineString", "coordinates": [[-115.1428234, 36.1478536], [-115.1428162, 36.147749], [-115.1428168, 36.1476976], [-115.14283, 36.146487], [-115.142855, 36.146434]]}, "properties": {"class": "residential"}}, {"type": "Feature", "geometry": {"type": "LineString", "coordinates": [[-115.1548669, 36.1589071], [-115.154999, 36.1589076], [-115.155619, 36.1589102], [-115.1564973, 36.1589139]]}, "properties": {"class": "primary"}}, {"type": "Feature", "geometry": {"type": "LineString", "coordinates": [[-115.1437313, 36.1477236], [-115.1437319, 36.1476813], [-115.143751, 36.146389]]}, "properties": {"class": "residential"}}, {"type": "Feature", "geometry": {"type": "LineString", "coordinates": [[-115.1252579, 36.1728254], [-115.1251296, 36.172825], [-115.122908, 36.172838], [-115.1207421, 36.1728562], [-115.120641, 36.172857]]}, "properties": {"class": "residential"}}, {"type": "Feature", "geometry": {"type": "LineString", "coordinates": [[-115.1430937, 36.1812534], [-115.1430949, 36.1815249], [-115.1430959, 36.1817595], [-115.1430961, 36.1818147], [-115.1430988, 36.1821849], [-115.1431011, 36.1825237], [-115.1431109, 36.1839266], [-115.1431136, 36.1843141], [-115.1431185, 36.1850041], [-115.1431248, 36.185909], [-115.143126, 36.186077], [-115.14312, 36.186237], [-115.143106, 36.186386], [-115.143076, 36.186566], [-115.1429618, 36.1870589], [-115.1429296, 36.1871979], [-115.142876, 36.187429], [-115.1428617, 36.1874879], [-115.142845, 36.187557], [-115.142737, 36.187785], [-115.1426388, 36.1879651]]}, "properties": {"class": "tertiary"}}, {"type": "Feature", "geometry": {"type": "LineString", "coordinates": [[-115.1305808, 36.1899136], [-115.1275281, 36.1899286], [-115.1250633, 36.1899405], [-115.1246837, 36.1899425], [-115.1239863, 36.1899459], [-115.1237905, 36.1899468], [-115.1231227, 36.1899501], [-115.1229887, 36.1899508], [-115.12281, 36.1899517], [-115.122433, 36.1899535], [-115.120655, 36.189983], [-115.1183969, 36.1899939], [-115.1172828, 36.1899886], [-115.116362, 36.1899842], [-115.11626, 36.1899837], [-115.1161499, 36.1899842]]}, "properties": {"class": "residential"}}, {"type": "Feature", "geometry": {"type": "LineString", "coordinates": [[-115.1270611, 36.1806949], [-115.1265886, 36.1806913], [-115.126161, 36.180688], [-115.1261366, 36.1806749], [-115.1261083, 36.1806597]]}, "properties": {"class": "residential"}}, {"type": "Feature", "geometry": {"type": "LineString", "coordinates": [[-115.1439464, 36.157462], [-115.1439501, 36.1573846], [-115.1440571, 36.1551244], [-115.1440603, 36.1550571]]}, "properties": {"class": "residential"}}, {"type": "Feature", "geometry": {"type": "LineString", "coordinates": [[-115.1438823, 36.155048], [-115.1438839, 36.1549962], [-115.1439188, 36.1538877], [-115.1439258, 36.1537299], [-115.1439489, 36.152951], [-115.1439508, 36.1528867], [-115.1439529, 36.1528331], [-115.1439763, 36.1522414], [-115.1439788, 36.1521777], [-115.1439809, 36.1521285], [-115.1440059, 36.1515316]]}, "properties": {"class": "residential"}}, {"type": "Feature", "geometry": {"type": "LineString", "coordinates": [[-115.1445172, 36.1514584], [-115.1445187, 36.1513879], [-115.144565, 36.149227], [-115.1445663, 36.1491793], [-115.1445831, 36.1485776], [-115.144585, 36.14851], [-115.1446031, 36.147846], [-115.1446042, 36.147805], [-115.1446067, 36.1477023]]}, "properties": {"class": "residential"}}, {"type": "Feature", "geometry": {"type": "LineString", "coordinates": [[-115.1402809, 36.1631051], [-115.1403317, 36.1630273], [-115.1405228, 36.1627348], [-115.1408621, 36.1622154], [-115.141042, 36.16194]]}, "properties": {"class": "tertiary"}}, {"type": "Feature", "geometry": {"type": "LineString", "coordinates": [[-115.1364421, 36.1565466], [-115.1362685, 36.1565438], [-115.1339614, 36.1565331], [-115.1338218, 36.1565325], [-115.1337978, 36.1565366], [-115.1337781, 36.1565468], [-115.1337603, 36.1565614], [-115.1337487, 36.1565736], [-115.1337389, 36.1565883], [-115.1337328, 36.1566027], [-115.1337298, 36.1566201], [-115.1337256, 36.1566625], [-115.1337291, 36.1568757]]}, "properties": {"class": "residential"}}, {"type": "Feature", "geometry": {"type": "LineString", "coordinates": [[-115.140143, 36.156888], [-115.14015, 36.156684], [-115.140132, 36.156625], [-115.140093, 36.156578], [-115.140031, 36.156551], [-115.1377406, 36.1565402], [-115.1376459, 36.1565397], [-115.1375127, 36.1565669]]}, "properties": {"class": "residential"}}, {"type": "Feature", "geometry": {"type": "LineString", "coordinates": [[-115.1238752, 36.1645379], [-115.1238059, 36.1645372], [-115.1237868, 36.164537], [-115.123425, 36.1645333], [-115.1229662, 36.1645321], [-115.1229088, 36.1645319], [-115.1228322, 36.1645313], [-115.1220768, 36.1645259], [-115.122026, 36.1645261], [-115.1213146, 36.1645241], [-115.1212368, 36.1645239], [-115.1211773, 36.1645243], [-115.1204789, 36.1645299], [-115.1204013, 36.1645296], [-115.1203368, 36.1645292], [-115.1180992, 36.1645432]]}, "properties": {"class": "residential"}}, {"type": "Feature", "geometry": {"type": "LineString", "coordinates": [[-115.1454866, 36.1727427], [-115.1453402, 36.1726778], [-115.1449291, 36.1725022]]}, "properties": {"class": "tertiary"}}, {"type": "Feature", "geometry": {"type": "LineString", "coordinates": [[-115.1563307, 36.1927727], [-115.1564144, 36.1927726], [-115.1584725, 36.1927691], [-115.15854, 36.192769]]}, "properties": {"class": "residential"}}, {"type": "Feature", "geometry": {"type": "LineString", "coordinates": [[-115.1289884, 36.1770895], [-115.128179, 36.177081], [-115.1253723, 36.1770874], [-115.124434, 36.177076], [-115.123659, 36.177071], [-115.123611, 36.177054]]}, "properties": {"class": "residential"}}, {"type": "Feature", "geometry": {"type": "LineString", "coordinates": [[-115.121657, 36.177107], [-115.119769, 36.177104], [-115.1190652, 36.1771055], [-115.1186191, 36.1771049], [-115.1163246, 36.1771178], [-115.1162362, 36.1771183]]}, "properties": {"class": "residential"}}, {"type": "Feature", "geometry": {"type": "LineString", "coordinates": [[-115.1355165, 36.1773409], [-115.1354535, 36.1773156], [-115.1350508, 36.1771537], [-115.1349222, 36.1770987]]}, "properties": {"class": "residential"}}, {"type": "Feature", "geometry": {"type": "LineString", "coordinates": [[-115.116644, 36.157664], [-115.116695, 36.15752], [-115.116693, 36.157177], [-115.116688, 36.156392], [-115.116672, 36.156318], [-115.116658, 36.156254], [-115.1166559, 36.1559914], [-115.116655, 36.155878], [-115.1166513, 36.1555002], [-115.116651, 36.155473], [-115.116648, 36.155136], [-115.1166476, 36.1551014], [-115.116646, 36.154941], [-115.116597, 36.154705], [-115.116485, 36.154489], [-115.116331, 36.154244], [-115.116236, 36.154029], [-115.11619, 36.15382], [-115.116189, 36.153725], [-115.116179, 36.151758], [-115.116171, 36.149857], [-115.116183, 36.149782], [-115.116273, 36.149636], [-115.1162984, 36.1496149], [-115.11635, 36.149572], [-115.116419, 36.149537]]}, "properties": {"class": "residential"}}, {"type": "Feature", "geometry": {"type": "LineString", "coordinates": [[-115.116419, 36.149537], [-115.11641, 36.148805], [-115.1164033, 36.1481658], [-115.116402, 36.148044]]}, "properties": {"class": "residential"}}, {"type": "Feature", "geometry": {"type": "LineString", "coordinates": [[-115.1510257, 36.1533051], [-115.150855, 36.1535699], [-115.1508065, 36.1536421], [-115.1507579, 36.1537078], [-115.1506624, 36.1538523], [-115.1500615, 36.1547833], [-115.149983, 36.1549046], [-115.1498904, 36.1550446], [-115.1498355, 36.1551363], [-115.1497423, 36.1552726]]}, "properties": {"class": "primary"}}, {"type": "Feature", "geometry": {"type": "LineString", "coordinates": [[-115.132299, 36.16191], [-115.1322466, 36.1618875], [-115.131227, 36.1614494], [-115.1311256, 36.1614058]]}, "properties": {"class": "residential"}}, {"type": "Feature", "geometry": {"type": "LineString", "coordinates": [[-115.1410962, 36.176521], [-115.1410157, 36.1765955], [-115.1409857, 36.1766232], [-115.140866, 36.176677], [-115.140573, 36.176792], [-115.140413, 36.1769], [-115.140347, 36.176966], [-115.140269, 36.177086], [-115.140253, 36.177111], [-115.140157, 36.17734], [-115.140076, 36.177536], [-115.139982, 36.177764], [-115.139887, 36.177883], [-115.139764, 36.177994], [-115.13969, 36.17804], [-115.139403, 36.178142], [-115.139129, 36.178166], [-115.138907, 36.178241], [-115.138803, 36.178297], [-115.138592, 36.178458], [-115.138388, 36.178649], [-115.138297, 36.178793], [-115.138213, 36.179135], [-115.138136, 36.179511], [-115.138095, 36.179707], [-115.137987, 36.180038], [-115.138014, 36.180104], [-115.138072, 36.180143], [-115.138163, 36.180154], [-115.138381, 36.180107]]}, "properties": {"class": "residential"}}, {"type": "Feature", "geometry": {"type": "LineString", "coordinates": [[-115.115427, 36.181699], [-115.115378, 36.18167], [-115.1120719, 36.1816081]]}, "properties": {"class": "residential"}}, {"type": "Feature", "geometry": {"type": "LineString", "coordinates": [[-115.151091, 36.145219], [-115.1507261, 36.1450753], [-115.150216, 36.145047]]}, "properties": {"class": "residential"}}, {"type": "Feature", "geometry": {"type": "LineString", "coordinates": [[-115.115299, 36.154723], [-115.115285, 36.151759], [-115.115271, 36.148807]]}, "properties": {"class": "residential"}}, {"type": "Feature", "geometry": {"type": "LineString", "coordinates": [[-115.155495, 36.17908], [-115.155514, 36.180246]]}, "properties": {"class": "residential"}}, {"type": "Feature", "geometry": {"type": "LineString", "coordinates": [[-115.128702, 36.192086], [-115.128708, 36.19399]]}, "properties": {"class": "residential"}}, {"type": "Feature", "geometry": {"type": "LineString", "coordinates": [[-115.1371096, 36.1515669], [-115.137111, 36.1514664], [-115.1371141, 36.1504275], [-115.1371165, 36.1494412], [-115.1371168, 36.1493166], [-115.137117, 36.1491899], [-115.1371171, 36.1491325], [-115.1371174, 36.1490264], [-115.1371175, 36.1489506], [-115.1371177, 36.1488455], [-115.1371183, 36.1485943], [-115.1371185, 36.1484979], [-115.1371181, 36.148479]]}, "properties": {"class": "primary"}}, {"type": "Feature", "geometry": {"type": "LineString", "coordinates": [[-115.144524, 36.183013], [-115.144503, 36.183077], [-115.1445191, 36.1835159], [-115.144537, 36.184002], [-115.1445562, 36.1845299], [-115.144574, 36.185018], [-115.1445933, 36.1855468], [-115.144611, 36.186032], [-115.14463, 36.186552], [-115.144648, 36.187047], [-115.1446668, 36.1875618], [-115.144703, 36.1881812]]}, "properties": {"class": "residential"}}, {"type": "Feature", "geometry": {"type": "LineString", "coordinates": [[-115.1160697, 36.160528], [-115.1139011, 36.1605001]]}, "properties": {"class": "residential"}}, {"type": "Feature", "geometry": {"type": "LineString", "coordinates": [[-115.154799, 36.179083], [-115.154804, 36.179654], [-115.15481, 36.180242]]}, "properties": {"class": "residential"}}, {"type": "Feature", "geometry": {"type": "LineString", "coordinates": [[-115.1206468, 36.1885227], [-115.1206509, 36.189261], [-115.120655, 36.189983], [-115.1206579, 36.1905016]]}, "properties": {"class": "tertiary"}}, {"type": "Feature", "geometry": {"type": "LineString", "coordinates": [[-115.143457, 36.192424], [-115.14343, 36.192468], [-115.143417, 36.193709], [-115.1434, 36.19523], [-115.1433946, 36.1956828]]}, "properties": {"class": "residential"}}, {"type": "Feature", "geometry": {"type": "LineString", "coordinates": [[-115.122636, 36.179446], [-115.122504, 36.17937], [-115.12237, 36.179335], [-115.120629, 36.1793332], [-115.1167062, 36.1793293]]}, "properties": {"class": "residential"}}, {"type": "Feature", "geometry": {"type": "LineString", "coordinates": [[-115.1496516, 36.151369], [-115.149656, 36.1512956], [-115.1496927, 36.1506868], [-115.149701, 36.15059], [-115.149756, 36.149879], [-115.149814, 36.149144], [-115.149873, 36.148391], [-115.1499417, 36.1477014], [-115.1499468, 36.1476507]]}, "properties": {"class": "residential"}}, {"type": "Feature", "geometry": {"type": "LineString", "coordinates": [[-115.116154, 36.1837338], [-115.1159947, 36.183729], [-115.1159355, 36.1837281], [-115.115462, 36.183721], [-115.1150707, 36.1837152], [-115.11318, 36.183687]]}, "properties": {"class": "residential"}}, {"type": "Feature", "geometry": {"type": "LineString", "coordinates": [[-115.12767, 36.147312], [-115.127625, 36.1473118], [-115.124167, 36.1473]]}, "properties": {"class": "residential"}}, {"type": "Feature", "geometry": {"type": "LineString", "coordinates": [[-115.1303002, 36.1946394], [-115.1302002, 36.1945741], [-115.1297714, 36.1942941], [-115.1297613, 36.1942878], [-115.129396, 36.194049], [-115.129255, 36.194022], [-115.12907, 36.193987], [-115.128708, 36.19399], [-115.1281689, 36.1939932], [-115.1275587, 36.193997], [-115.127001, 36.1939999], [-115.126404, 36.194003], [-115.1258554, 36.1940088], [-115.1251261, 36.1940107]]}, "properties": {"class": "residential"}}, {"type": "Feature", "geometry": {"type": "LineString", "coordinates": [[-115.1319683, 36.1950877], [-115.131896, 36.195054], [-115.131511, 36.194905], [-115.1311478, 36.1947676], [-115.1307839, 36.1946299], [-115.1305508, 36.1945417], [-115.1304386, 36.1944993]]}, "properties": {"class": "residential"}}, {"type": "Feature", "geometry": {"type": "LineString", "coordinates": [[-115.116016, 36.1797364], [-115.1159467, 36.1797344], [-115.115615, 36.179725], [-115.115499, 36.179759], [-115.115375, 36.179823], [-115.115061, 36.180066], [-115.114813, 36.180259], [-115.114721, 36.180313], [-115.114569, 36.180363], [-115.114468, 36.180379], [-115.113922, 36.180366], [-115.113074, 36.180347], [-115.1122446, 36.1803302], [-115.111383, 36.180307], [-115.110531, 36.180287], [-115.109673, 36.180267], [-115.108777, 36.180246]]}, "properties": {"class": "residential"}}, {"type": "Feature", "geometry": {"type": "LineString", "coordinates": [[-115.1443669, 36.1702799], [-115.1445578, 36.1699918], [-115.1446609, 36.1698375], [-115.1447934, 36.169639], [-115.1448546, 36.1695473]]}, "properties": {"class": "secondary"}}, {"type": "Feature", "geometry": {"type": "LineString", "coordinates": [[-115.152847, 36.183643], [-115.15399, 36.183651], [-115.155127, 36.183661], [-115.156254, 36.183669], [-115.158527, 36.183687], [-115.1598518, 36.1836948], [-115.1607218, 36.1837069], [-115.160799, 36.183708]]}, "properties": {"class": "residential"}}, {"type": "Feature", "geometry": {"type": "LineString", "coordinates": [[-115.144537, 36.184002], [-115.14579, 36.183973], [-115.1462324, 36.1839631], [-115.1464618, 36.183958], [-115.1464851, 36.1839575], [-115.147041, 36.183945]]}, "properties": {"class": "residential"}}, {"type": "Feature", "geometry": {"type": "LineString", "coordinates": [[-115.1428888, 36.1579874], [-115.1428916, 36.1579267], [-115.142977, 36.156046], [-115.142955, 36.155989], [-115.14288, 36.155962], [-115.1420664, 36.1559389], [-115.1419723, 36.1559362]]}, "properties": {"class": "residential"}}, {"type": "Feature", "geometry": {"type": "LineString", "coordinates": [[-115.120437, 36.1630773], [-115.1203682, 36.1630777], [-115.1159592, 36.1631009]]}, "properties": {"class": "residential"}}, {"type": "Feature", "geometry": {"type": "LineString", "coordinates": [[-115.1161038, 36.1761806], [-115.1160148, 36.1761787], [-115.1145626, 36.1761477], [-115.114483, 36.1761673]]}, "properties": {"class": "residential"}}, {"type": "Feature", "geometry": {"type": "LineString", "coordinates": [[-115.1233752, 36.1558972], [-115.1233094, 36.1558966], [-115.1213423, 36.1558788], [-115.121258, 36.155878], [-115.1212001, 36.1558778], [-115.1190434, 36.1558715], [-115.1189557, 36.1558712]]}, "properties": {"class": "residential"}}, {"type": "Feature", "geometry": {"type": "LineString", "coordinates": [[-115.1386072, 36.1913188], [-115.139786, 36.191308]]}, "properties": {"class": "residential"}}, {"type": "Feature", "geometry": {"type": "LineString", "coordinates": [[-115.124123, 36.184105], [-115.1244727, 36.1843974]]}, "properties": {"class": "residential"}}, {"type": "Feature", "geometry": {"type": "LineString", "coordinates": [[-115.1493538, 36.1625337], [-115.1493024, 36.1625116], [-115.1488377, 36.1623116], [-115.1483208, 36.1620877], [-115.1482495, 36.162058], [-115.1481758, 36.1620266], [-115.1476988, 36.1618198], [-115.1472943, 36.1616539], [-115.1472436, 36.1616332], [-115.1471304, 36.1615868]]}, "properties": {"class": "tertiary"}}, {"type": "Feature", "geometry": {"type": "LineString", "coordinates": [[-115.129327, 36.177574], [-115.1292459, 36.1775052], [-115.1289948, 36.1775018], [-115.1278701, 36.1775066], [-115.1272653, 36.1775086], [-115.1254693, 36.1775181], [-115.1253641, 36.1775187]]}, "properties": {"class": "residential"}}, {"type": "Feature", "geometry": {"type": "LineString", "coordinates": [[-115.1308243, 36.1774408], [-115.1313665, 36.1774431], [-115.1320084, 36.1774437], [-115.1326378, 36.1774416], [-115.1333096, 36.1774401], [-115.1339223, 36.1774353]]}, "properties": {"class": "residential"}}, {"type": "Feature", "geometry": {"type": "LineString", "coordinates": [[-115.127668, 36.146613], [-115.1276163, 36.1466127], [-115.124171, 36.146594], [-115.1233933, 36.146595], [-115.123272, 36.14659]]}, "properties": {"class": "residential"}}, {"type": "Feature", "geometry": {"type": "LineString", "coordinates": [[-115.124496, 36.179745], [-115.124461, 36.179715], [-115.124395, 36.179698], [-115.123783, 36.1797034], [-115.1236906, 36.1797042]]}, "properties": {"class": "residential"}}, {"type": "Feature", "geometry": {"type": "LineString", "coordinates": [[-115.133813, 36.146413], [-115.1338405, 36.1446864], [-115.1338448, 36.1444777], [-115.1338468, 36.1443825]]}, "properties": {"class": "residential"}}, {"type": "Feature", "geometry": {"type": "LineString", "coordinates": [[-115.1480446, 36.154315], [-115.1488246, 36.154304], [-115.1489596, 36.1543071], [-115.150254, 36.15226], [-115.150359, 36.151971], [-115.150384, 36.151773], [-115.150406, 36.1514034], [-115.1504091, 36.1513515], [-115.150413, 36.151286]]}, "properties": {"class": "residential"}}, {"type": "Feature", "geometry": {"type": "LineString", "coordinates": [[-115.1617768, 36.1554233], [-115.1618496, 36.1552789], [-115.1619939, 36.1549994], [-115.162126, 36.1547565], [-115.1622764, 36.1545082], [-115.1624331, 36.1542621], [-115.162521, 36.1541298]]}, "properties": {"class": "motorway"}}, {"type": "Feature", "geometry": {"type": "LineString", "coordinates": [[-115.148628, 36.1569794], [-115.1483545, 36.157402], [-115.1478061, 36.1582018]]}, "properties": {"class": "primary"}}, {"type": "Feature", "geometry": {"type": "LineString", "coordinates": [[-115.1444583, 36.1882628], [-115.1443181, 36.1882898], [-115.1441347, 36.1883157], [-115.1438684, 36.1883322], [-115.1436297, 36.1883281]]}, "properties": {"class": "secondary"}}, {"type": "Feature", "geometry": {"type": "LineString", "coordinates": [[-115.1429303, 36.1883308], [-115.1427718, 36.1883331], [-115.1425847, 36.1883256], [-115.1423729, 36.188315], [-115.1420562, 36.1883169], [-115.1413401, 36.1883493], [-115.1396753, 36.1883616], [-115.1394489, 36.1883634]]}, "properties": {"class": "secondary"}}, {"type": "Feature", "geometry": {"type": "LineString", "coordinates": [[-115.1466841, 36.179786], [-115.1471442, 36.1795349]]}, "properties": {"class": "motorway"}}, {"type": "Feature", "geometry": {"type": "LineString", "coordinates": [[-115.1466742, 36.1795897], [-115.1462609, 36.1798177], [-115.1459134, 36.1800468], [-115.1453662, 36.1805145], [-115.1451781, 36.1807347]]}, "properties": {"class": "motorway"}}, {"type": "Feature", "geometry": {"type": "LineString", "coordinates": [[-115.1471337, 36.1793332], [-115.1466742, 36.1795897]]}, "properties": {"class": "motorway"}}, {"type": "Feature", "geometry": {"type": "LineString", "coordinates": [[-115.1495766, 36.1782109], [-115.1498817, 36.1780452], [-115.1502752, 36.1778217], [-115.1506437, 36.1776119], [-115.1510121, 36.1773942]]}, "properties": {"class": "motorway"}}, {"type": "Feature", "geometry": {"type": "LineString", "coordinates": [[-115.1162612, 36.1678289], [-115.1154753, 36.1678333]]}, "properties": {"class": "motorway"}}, {"type": "Feature", "geometry": {"type": "LineString", "coordinates": [[-115.1162738, 36.167988], [-115.1204365, 36.1679788]]}, "properties": {"class": "motorway"}}, {"type": "Feature", "geometry": {"type": "LineString", "coordinates": [[-115.1643028, 36.1520577], [-115.1649399, 36.1513616]]}, "properties": {"class": "motorway"}}, {"type": "Feature", "geometry": {"type": "LineString", "coordinates": [[-115.1623005, 36.153435], [-115.1620116, 36.1538098], [-115.1617479, 36.1541889], [-115.1615026, 36.154563], [-115.1614158, 36.1547032]]}, "properties": {"class": "motorway"}}, {"type": "Feature", "geometry": {"type": "LineString", "coordinates": [[-115.1637667, 36.15189], [-115.1633705, 36.1522943]]}, "properties": {"class": "motorway"}}, {"type": "Feature", "geometry": {"type": "LineString", "coordinates": [[-115.1612342, 36.1569163], [-115.1612794, 36.1567526], [-115.1613247, 36.1565978], [-115.1613748, 36.1564329], [-115.1614321, 36.1562646], [-115.1614735, 36.1561534], [-115.161516, 36.1560373], [-115.1616118, 36.1558057], [-115.1617201, 36.155554], [-115.1617768, 36.1554233]]}, "properties": {"class": "motorway"}}, {"type": "Feature", "geometry": {"type": "LineString", "coordinates": [[-115.1614158, 36.1547032], [-115.1612894, 36.1549254], [-115.1611753, 36.1551402]]}, "properties": {"class": "motorway"}}, {"type": "Feature", "geometry": {"type": "LineString", "coordinates": [[-115.1583516, 36.1604402], [-115.1582491, 36.1604383], [-115.1581335, 36.1604238]]}, "properties": {"class": "secondary"}}, {"type": "Feature", "geometry": {"type": "LineString", "coordinates": [[-115.1598485, 36.1659981], [-115.1597645, 36.1662574], [-115.1596844, 36.1664847]]}, "properties": {"class": "motorway"}}, {"type": "Feature", "geometry": {"type": "LineString", "coordinates": [[-115.1602189, 36.1664907], [-115.1602989, 36.1662543], [-115.1603716, 36.1659978]]}, "properties": {"class": "motorway"}}, {"type": "Feature", "geometry": {"type": "LineString", "coordinates": [[-115.1603716, 36.1659978], [-115.1605156, 36.1654458], [-115.1606616, 36.1648002], [-115.160693, 36.164657], [-115.1607158, 36.1645372]]}, "properties": {"class": "motorway"}}, {"type": "Feature", "geometry": {"type": "LineString", "coordinates": [[-115.1552399, 36.1738455], [-115.1549522, 36.1741342], [-115.1546539, 36.1744229], [-115.1544957, 36.1745711]]}, "properties": {"class": "motorway"}}, {"type": "Feature", "geometry": {"type": "LineString", "coordinates": [[-115.1544957, 36.1745711], [-115.154323, 36.1747218], [-115.1541502, 36.174868]]}, "properties": {"class": "motorway"}}, {"type": "Feature", "geometry": {"type": "LineString", "coordinates": [[-115.1547285, 36.174618], [-115.1550483, 36.1743212], [-115.155368, 36.1740071]]}, "properties": {"class": "motorway"}}, {"type": "Feature", "geometry": {"type": "LineString", "coordinates": [[-115.1540385, 36.1749634], [-115.1539146, 36.1750717]]}, "properties": {"class": "motorway"}}, {"type": "Feature", "geometry": {"type": "LineString", "coordinates": [[-115.1543598, 36.1749507], [-115.1547285, 36.174618]]}, "properties": {"class": "motorway"}}, {"type": "Feature", "geometry": {"type": "LineString", "coordinates": [[-115.1541221, 36.1751612], [-115.1543598, 36.1749507]]}, "properties": {"class": "motorway"}}, {"type": "Feature", "geometry": {"type": "LineString", "coordinates": [[-115.1611642, 36.1751495], [-115.1605756, 36.1750505]]}, "properties": {"class": "motorway"}}, {"type": "Feature", "geometry": {"type": "LineString", "coordinates": [[-115.1604774, 36.175034], [-115.160169, 36.1749859], [-115.159879, 36.1749399], [-115.1596877, 36.1749105], [-115.1595234, 36.174888], [-115.1590664, 36.1748174], [-115.1582973, 36.1747116], [-115.1562066, 36.1744074], [-115.1559675, 36.1743735], [-115.1556814, 36.1743288], [-115.1550022, 36.1742222], [-115.1546488, 36.1741684], [-115.1544313, 36.1741326], [-115.1542908, 36.1741104], [-115.1540903, 36.1740817], [-115.1538906, 36.1740559], [-115.1536128, 36.1740249]]}, "properties": {"class": "motorway"}}, {"type": "Feature", "geometry": {"type": "LineString", "coordinates": [[-115.1497139, 36.1879619], [-115.1497184, 36.1878894], [-115.1497193, 36.1878755], [-115.1497041, 36.1874538], [-115.1496852, 36.1869334], [-115.1496673, 36.1864391], [-115.149652, 36.1860236], [-115.1496481, 36.1859114], [-115.1496305, 36.1854258], [-115.1496219, 36.1851876], [-115.1496114, 36.1848984], [-115.1495938, 36.1844144], [-115.1495744, 36.1838794], [-115.149557, 36.1833998], [-115.1495376, 36.1828644], [-115.1495196, 36.182369], [-115.1495008, 36.1818484], [-115.1494828, 36.1813541], [-115.1494672, 36.1809375], [-115.149464, 36.1808525], [-115.1494604, 36.1807502], [-115.1494591, 36.1807138], [-115.1494541, 36.1805729], [-115.1494442, 36.1802884], [-115.1494251, 36.1797609], [-115.1494074, 36.1792733]]}, "properties": {"class": "tertiary"}}, {"type": "Feature", "geometry": {"type": "LineString", "coordinates": [[-115.1512669, 36.1770136], [-115.1506402, 36.1774185]]}, "properties": {"class": "motorway"}}, {"type": "Feature", "geometry": {"type": "LineString", "coordinates": [[-115.1510121, 36.1773942], [-115.1516683, 36.1769867]]}, "properties": {"class": "motorway"}}, {"type": "Feature", "geometry": {"type": "LineString", "coordinates": [[-115.152185, 36.176655], [-115.1524447, 36.176476]]}, "properties": {"class": "motorway"}}, {"type": "Feature", "geometry": {"type": "LineString", "coordinates": [[-115.1504355, 36.1774968], [-115.1495674, 36.1780066]]}, "properties": {"class": "motorway"}}, {"type": "Feature", "geometry": {"type": "LineString", "coordinates": [[-115.1118834, 36.1679306], [-115.1154786, 36.1679956]]}, "properties": {"class": "motorway"}}, {"type": "Feature", "geometry": {"type": "LineString", "coordinates": [[-115.1154753, 36.1678333], [-115.1118766, 36.1677564]]}, "properties": {"class": "motorway"}}, {"type": "Feature", "geometry": {"type": "LineString", "coordinates": [[-115.1154786, 36.1679956], [-115.1162738, 36.167988]]}, "properties": {"class": "motorway"}}, {"type": "Feature", "geometry": {"type": "LineString", "coordinates": [[-115.123093, 36.1677954], [-115.1227201, 36.167787]]}, "properties": {"class": "motorway"}}, {"type": "Feature", "geometry": {"type": "LineString", "coordinates": [[-115.1227201, 36.167787], [-115.1215243, 36.1677871]]}, "properties": {"class": "motorway"}}, {"type": "Feature", "geometry": {"type": "LineString", "coordinates": [[-115.122719, 36.1679636], [-115.1230853, 36.1679763]]}, "properties": {"class": "motorway"}}, {"type": "Feature", "geometry": {"type": "LineString", "coordinates": [[-115.1230853, 36.1679763], [-115.1234659, 36.1679986], [-115.1238411, 36.168034], [-115.1244179, 36.1681252], [-115.1249785, 36.1682423]]}, "properties": {"class": "motorway"}}, {"type": "Feature", "geometry": {"type": "LineString", "coordinates": [[-115.1249795, 36.1680499], [-115.1244571, 36.1679568], [-115.1239266, 36.1678746], [-115.1235138, 36.1678274], [-115.1231648, 36.1678009], [-115.123093, 36.1677954]]}, "properties": {"class": "motorway"}}, {"type": "Feature", "geometry": {"type": "LineString", "coordinates": [[-115.1325124, 36.1714761], [-115.1362967, 36.1732037], [-115.1367517, 36.1733807], [-115.1371724, 36.1735255], [-115.1376785, 36.1736796], [-115.1381061, 36.17379], [-115.1384579, 36.1738753], [-115.138871, 36.1739654], [-115.1398817, 36.174139], [-115.1402467, 36.1742255], [-115.1405509, 36.1743136], [-115.140791, 36.1743973], [-115.1409785, 36.1744688], [-115.1423082, 36.1750017]]}, "properties": {"class": "motorway"}}, {"type": "Feature", "geometry": {"type": "LineString", "coordinates": [[-115.1464959, 36.1755977], [-115.147136, 36.1755193]]}, "properties": {"class": "motorway"}}, {"type": "Feature", "geometry": {"type": "LineString", "coordinates": [[-115.1490155, 36.1750146], [-115.1495826, 36.1748628]]}, "properties": {"class": "motorway"}}, {"type": "Feature", "geometry": {"type": "LineString", "coordinates": [[-115.1502722, 36.1746736], [-115.1512518, 36.1744168], [-115.1517095, 36.1743079], [-115.1522125, 36.1742133], [-115.1526591, 36.1741775], [-115.1531661, 36.1741656], [-115.1536515, 36.1741819], [-115.1541297, 36.1742353]]}, "properties": {"class": "motorway"}}, {"type": "Feature", "geometry": {"type": "LineString", "coordinates": [[-115.1494984, 36.1747288], [-115.1490122, 36.1748536]]}, "properties": {"class": "motorway"}}, {"type": "Feature", "geometry": {"type": "LineString", "coordinates": [[-115.1490122, 36.1748536], [-115.1476473, 36.17522], [-115.1471206, 36.1753517], [-115.1468226, 36.1754117]]}, "properties": {"class": "motorway"}}, {"type": "Feature", "geometry": {"type": "LineString", "coordinates": [[-115.1206262, 36.1848429], [-115.1211034, 36.1848431], [-115.1224307, 36.1848377], [-115.1227394, 36.1848365], [-115.1232809, 36.1848343], [-115.1239551, 36.1848315], [-115.124927, 36.1848305], [-115.1249791, 36.1848304]]}, "properties": {"class": "tertiary"}}, {"type": "Feature", "geometry": {"type": "LineString", "coordinates": [[-115.11616, 36.1848634], [-115.116273, 36.1848632], [-115.1162862, 36.1848631], [-115.116434, 36.1848623], [-115.1167214, 36.1848612], [-115.1169241, 36.1848604], [-115.1183524, 36.1848548], [-115.1187641, 36.184853], [-115.1190483, 36.1848517], [-115.1195312, 36.1848516], [-115.1201266, 36.1848505], [-115.1205027, 36.1848447], [-115.1206262, 36.1848429]]}, "properties": {"class": "tertiary"}}, {"type": "Feature", "geometry": {"type": "LineString", "coordinates": [[-115.1251174, 36.1885036], [-115.1251173, 36.1883971]]}, "properties": {"class": "secondary"}}, {"type": "Feature", "geometry": {"type": "LineString", "coordinates": [[-115.160394, 36.1586443], [-115.1604023, 36.158999], [-115.1604137, 36.1593556]]}, "properties": {"class": "motorway"}}, {"type": "Feature", "geometry": {"type": "LineString", "coordinates": [[-115.1603377, 36.1639557], [-115.1602851, 36.1642661], [-115.1602133, 36.1646162], [-115.1601355, 36.1649517], [-115.1600546, 36.165272], [-115.1599635, 36.1656214], [-115.1598736, 36.1659159]]}, "properties": {"class": "motorway"}}, {"type": "Feature", "geometry": {"type": "LineString", "coordinates": [[-115.1609684, 36.158644], [-115.1609744, 36.1585037], [-115.1609838, 36.1583588], [-115.1609945, 36.1582269], [-115.161007, 36.158101], [-115.1610344, 36.1579178], [-115.1610739, 36.1576537]]}, "properties": {"class": "motorway"}}, {"type": "Feature", "geometry": {"type": "LineString", "coordinates": [[-115.1609656, 36.1593554], [-115.1609709, 36.1591773], [-115.1609718, 36.1589948], [-115.1609691, 36.15881], [-115.1609684, 36.158644]]}, "properties": {"class": "motorway"}}, {"type": "Feature", "geometry": {"type": "LineString", "coordinates": [[-115.1573552, 36.1712249], [-115.1571059, 36.1715959]]}, "properties": {"class": "motorway"}}, {"type": "Feature", "geometry": {"type": "LineString", "coordinates": [[-115.1563398, 36.1726237], [-115.156114, 36.1728929], [-115.1558751, 36.1731622], [-115.1555549, 36.1735187], [-115.1552399, 36.1738455]]}, "properties": {"class": "motorway"}}, {"type": "Feature", "geometry": {"type": "LineString", "coordinates": [[-115.157531, 36.1716051], [-115.1576695, 36.1714234], [-115.1578052, 36.1712391]]}, "properties": {"class": "motorway"}}, {"type": "Feature", "geometry": {"type": "LineString", "coordinates": [[-115.1578052, 36.1712391], [-115.1584494, 36.1702307], [-115.159129, 36.1690562], [-115.1595446, 36.1682217], [-115.159777, 36.167671]]}, "properties": {"class": "motorway"}}, {"type": "Feature", "geometry": {"type": "LineString", "coordinates": [[-115.125135, 36.174001], [-115.125151, 36.1741285], [-115.125174, 36.174311], [-115.125324, 36.174633], [-115.125342, 36.174706], [-115.125349, 36.174909], [-115.1253458, 36.175605], [-115.1253723, 36.1770874], [-115.1253641, 36.1775187]]}, "properties": {"class": "tertiary"}}, {"type": "Feature", "geometry": {"type": "LineString", "coordinates": [[-115.137185, 36.1749342], [-115.1370422, 36.1748784]]}, "properties": {"class": "secondary"}}, {"type": "Feature", "geometry": {"type": "LineString", "coordinates": [[-115.1499953, 36.1746022], [-115.1494984, 36.1747288]]}, "properties": {"class": "motorway"}}, {"type": "Feature", "geometry": {"type": "LineString", "coordinates": [[-115.1539146, 36.1750717], [-115.1533345, 36.1755551], [-115.1525541, 36.176146]]}, "properties": {"class": "motorway"}}, {"type": "Feature", "geometry": {"type": "LineString", "coordinates": [[-115.1208307, 36.1677954], [-115.1204351, 36.1677972]]}, "properties": {"class": "motorway"}}, {"type": "Feature", "geometry": {"type": "LineString", "coordinates": [[-115.1204365, 36.1679788], [-115.1208309, 36.1679735]]}, "properties": {"class": "motorway"}}, {"type": "Feature", "geometry": {"type": "LineString", "coordinates": [[-115.1208309, 36.1679735], [-115.122719, 36.1679636]]}, "properties": {"class": "motorway"}}, {"type": "Feature", "geometry": {"type": "LineString", "coordinates": [[-115.1185718, 36.167811], [-115.1162612, 36.1678289]]}, "properties": {"class": "motorway"}}, {"type": "Feature", "geometry": {"type": "LineString", "coordinates": [[-115.132692, 36.192111], [-115.1324979, 36.1921107], [-115.1324245, 36.1921106], [-115.1318785, 36.1921099], [-115.1317126, 36.1921097], [-115.1311778, 36.192109]]}, "properties": {"class": "tertiary"}}, {"type": "Feature", "geometry": {"type": "LineString", "coordinates": [[-115.132692, 36.192111], [-115.132592, 36.1922142], [-115.1325681, 36.1922389], [-115.1323232, 36.1924917]]}, "properties": {"class": "primary"}}, {"type": "Feature", "geometry": {"type": "LineString", "coordinates": [[-115.140966, 36.1919895], [-115.141176, 36.191723], [-115.142053, 36.1907029], [-115.1423362, 36.1903711], [-115.1425516, 36.1900717], [-115.1427792, 36.1897001], [-115.142944, 36.1894065], [-115.1431185, 36.1890648], [-115.1432806, 36.1887162], [-115.1433706, 36.1884868], [-115.1434565, 36.1882346], [-115.1435369, 36.1879716], [-115.1435999, 36.1877438], [-115.1436482, 36.1875473], [-115.1436938, 36.1873113], [-115.1437197, 36.1871599], [-115.1437502, 36.1869704], [-115.1437745, 36.1867589], [-115.1437931, 36.1865829], [-115.1438051, 36.1863772], [-115.1438145, 36.1861986], [-115.1438145, 36.1859161], [-115.143812, 36.1856205], [-115.1438159, 36.1853089], [-115.1438132, 36.1849722], [-115.1438172, 36.1845035], [-115.1438527, 36.1839253]]}, "properties": {"class": "motorway"}}, {"type": "Feature", "geometry": {"type": "LineString", "coordinates": [[-115.1576807, 36.170676], [-115.1573552, 36.1712249]]}, "properties": {"class": "motorway"}}, {"type": "Feature", "geometry": {"type": "LineString", "coordinates": [[-115.1347645, 36.1893042], [-115.1346664, 36.1894154], [-115.1345798, 36.1895025], [-115.1344507, 36.1895993], [-115.1342925, 36.1896833], [-115.1342642, 36.1896969], [-115.1341048, 36.1897674], [-115.1339705, 36.1898347]]}, "properties": {"class": "secondary"}}, {"type": "Feature", "geometry": {"type": "LineString", "coordinates": [[-115.1331626, 36.1917693], [-115.1335425, 36.1915371], [-115.1335673, 36.191521], [-115.1336866, 36.1914458]]}, "properties": {"class": "primary"}}, {"type": "Feature", "geometry": {"type": "LineString", "coordinates": [[-115.151976, 36.1883404], [-115.1518629, 36.1883213], [-115.1517687, 36.1882983], [-115.1517297, 36.1882887], [-115.1516108, 36.188246], [-115.1515245, 36.1882107], [-115.1511807, 36.1880647], [-115.1510273, 36.1880107], [-115.1509036, 36.1879791], [-115.1507599, 36.1879532], [-115.15059, 36.1879416], [-115.1497139, 36.1879619]]}, "properties": {"class": "secondary"}}, {"type": "Feature", "geometry": {"type": "LineString", "coordinates": [[-115.1425659, 36.1884155], [-115.1428077, 36.1884139], [-115.142899, 36.1884143]]}, "properties": {"class": "secondary"}}, {"type": "Feature", "geometry": {"type": "LineString", "coordinates": [[-115.1525541, 36.176146], [-115.1521587, 36.1764323]]}, "properties": {"class": "motorway"}}, {"type": "Feature", "geometry": {"type": "LineString", "coordinates": [[-115.1521587, 36.1764323], [-115.1516193, 36.1768028], [-115.1512669, 36.1770136]]}, "properties": {"class": "motorway"}}, {"type": "Feature", "geometry": {"type": "LineString", "coordinates": [[-115.1431349, 36.1882686], [-115.1430924, 36.1883934], [-115.1430246, 36.1885734], [-115.1429116, 36.1888336], [-115.1427993, 36.1890756], [-115.142672, 36.189324], [-115.1422879, 36.1899704], [-115.1421082, 36.1902418], [-115.1418987, 36.1905098], [-115.1412517, 36.1912912]]}, "properties": {"class": "motorway"}}, {"type": "Feature", "geometry": {"type": "LineString", "coordinates": [[-115.1454554, 36.180729], [-115.14569, 36.1805195], [-115.1458074, 36.1804187], [-115.1459244, 36.1803143], [-115.1460758, 36.1801942], [-115.1462071, 36.180092], [-115.146319, 36.180008], [-115.1466841, 36.179786]]}, "properties": {"class": "motorway"}}, {"type": "Feature", "geometry": {"type": "LineString", "coordinates": [[-115.1447902, 36.1811656], [-115.1446749, 36.1813098], [-115.1445689, 36.1814521], [-115.1444717, 36.1815896], [-115.1443832, 36.1817258], [-115.1442651, 36.1819251], [-115.1441572, 36.1821197], [-115.144064, 36.1822975], [-115.1439605, 36.182506], [-115.1438271, 36.1827908]]}, "properties": {"class": "motorway"}}, {"type": "Feature", "geometry": {"type": "LineString", "coordinates": [[-115.1451781, 36.1807347], [-115.1447902, 36.1811656]]}, "properties": {"class": "motorway"}}, {"type": "Feature", "geometry": {"type": "LineString", "coordinates": [[-115.1334621, 36.1910191], [-115.1335248, 36.1911467], [-115.1336169, 36.1913117], [-115.1336866, 36.1914458]]}, "properties": {"class": "primary"}}, {"type": "Feature", "geometry": {"type": "LineString", "coordinates": [[-115.14331, 36.162921], [-115.1432535, 36.1628965], [-115.1427826, 36.1626924], [-115.1422944, 36.1624808], [-115.142184, 36.162433], [-115.1421185, 36.162407], [-115.1416542, 36.1622043], [-115.1415514, 36.1621599], [-115.1410994, 36.1619648], [-115.141042, 36.16194], [-115.1406774, 36.1617843], [-115.1405075, 36.1617117], [-115.1403902, 36.1616616], [-115.139904, 36.161454]]}, "properties": {"class": "secondary"}}, {"type": "Feature", "geometry": {"type": "LineString", "coordinates": [[-115.150811, 36.169477], [-115.1509831, 36.16955], [-115.151973, 36.1699696], [-115.1521019, 36.1700286], [-115.1521655, 36.1700577]]}, "properties": {"class": "tertiary"}}, {"type": "Feature", "geometry": {"type": "LineString", "coordinates": [[-115.1519858, 36.1676365], [-115.1526676, 36.1678625], [-115.1533444, 36.1680867], [-115.1534544, 36.1681232]]}, "properties": {"class": "tertiary"}}, {"type": "Feature", "geometry": {"type": "LineString", "coordinates": [[-115.1414198, 36.1635951], [-115.1415402, 36.1636469], [-115.1418835, 36.1637946], [-115.1420086, 36.1638484], [-115.1425, 36.1640615], [-115.1425532, 36.1640827]]}, "properties": {"class": "secondary"}}, {"type": "Feature", "geometry": {"type": "LineString", "coordinates": [[-115.149701, 36.1711754], [-115.1497617, 36.1710825], [-115.1502067, 36.1704021], [-115.1502157, 36.1703873], [-115.1507721, 36.1695364], [-115.150811, 36.169477], [-115.1508568, 36.1694068], [-115.1511181, 36.1690061], [-115.1517985, 36.1679322], [-115.1519297, 36.167725], [-115.1519858, 36.1676365]]}, "properties": {"class": "tertiary"}}, {"type": "Feature", "geometry": {"type": "LineString", "coordinates": [[-115.1534492, 36.1702402], [-115.1533136, 36.1701789], [-115.1532036, 36.1701136], [-115.1530768, 36.1700198], [-115.1529444, 36.1698707], [-115.1528941, 36.1698302], [-115.1527997, 36.1697541], [-115.1527341, 36.1697122], [-115.1525875, 36.1696329], [-115.1524914, 36.1695925]]}, "properties": {"class": "tertiary"}}, {"type": "Feature", "geometry": {"type": "LineString", "coordinates": [[-115.1339849, 36.1884042], [-115.1339814, 36.188506]]}, "properties": {"class": "primary"}}, {"type": "Feature", "geometry": {"type": "LineString", "coordinates": [[-115.1341921, 36.1919923], [-115.1341036, 36.1917409], [-115.1340728, 36.1916413], [-115.1340184, 36.1914665], [-115.1339913, 36.1913453], [-115.1339899, 36.191318], [-115.1339909, 36.1912544]]}, "properties": {"class": "primary"}}, {"type": "Feature", "geometry": {"type": "LineString", "coordinates": [[-115.1341039, 36.1939667], [-115.133963, 36.1940658], [-115.1338535, 36.1940943]]}, "properties": {"class": "residential"}}, {"type": "Feature", "geometry": {"type": "LineString", "coordinates": [[-115.1438271, 36.1827908], [-115.1437528, 36.1830033], [-115.1436871, 36.1832079], [-115.1436389, 36.1834276], [-115.1435981, 36.1836238], [-115.1435611, 36.1838822], [-115.143545, 36.1840684], [-115.1435289, 36.1842328], [-115.1435249, 36.1844516], [-115.1435222, 36.1846657], [-115.1435229, 36.1856268], [-115.1435222, 36.1859004], [-115.1435215, 36.1861851], [-115.1435081, 36.1864654], [-115.1434851, 36.186736], [-115.1434531, 36.1870028], [-115.1434296, 36.1871517], [-115.143402, 36.1872937], [-115.1433626, 36.1874953], [-115.1433094, 36.1877081], [-115.1432258, 36.1879927], [-115.1431349, 36.1882686]]}, "properties": {"class": "motorway"}}, {"type": "Feature", "geometry": {"type": "LineString", "coordinates": [[-115.1487174, 36.1637554], [-115.1487697, 36.1636763], [-115.1490288, 36.1633027], [-115.1491816, 36.163063], [-115.1494341, 36.1626727], [-115.149487, 36.1625909]]}, "properties": {"class": "secondary"}}, {"type": "Feature", "geometry": {"type": "LineString", "coordinates": [[-115.1607429, 36.1758069], [-115.1607394, 36.176289]]}, "properties": {"class": "primary"}}, {"type": "Feature", "geometry": {"type": "LineString", "coordinates": [[-115.1607319, 36.1770357], [-115.1607336, 36.1771759]]}, "properties": {"class": "primary"}}, {"type": "Feature", "geometry": {"type": "LineString", "coordinates": [[-115.1541393, 36.1483905], [-115.1540762, 36.1484912], [-115.1537855, 36.1489649], [-115.1535136, 36.149408], [-115.153409, 36.149568], [-115.1533577, 36.1496549], [-115.1532049, 36.1498965], [-115.153026, 36.1501791], [-115.1528835, 36.1504056], [-115.1527657, 36.1505922], [-115.1526111, 36.1508305], [-115.1524687, 36.15105], [-115.1524447, 36.1510848], [-115.1524162, 36.1511259], [-115.1523496, 36.1512221], [-115.152279, 36.1513328], [-115.1521853, 36.1514798], [-115.1520563, 36.151674], [-115.1519132, 36.1518906], [-115.1518838, 36.1519427], [-115.1518649, 36.1519763], [-115.1518195, 36.1520568]]}, "properties": {"class": "primary"}}, {"type": "Feature", "geometry": {"type": "LineString", "coordinates": [[-115.1498463, 36.1553186], [-115.1499633, 36.1551428], [-115.1500254, 36.1550483], [-115.1502537, 36.154701], [-115.1504147, 36.1544549], [-115.1504983, 36.1543357]]}, "properties": {"class": "primary"}}, {"type": "Feature", "geometry": {"type": "LineString", "coordinates": [[-115.1600245, 36.1512728], [-115.1599051, 36.1513524], [-115.1596662, 36.1517255], [-115.1595398, 36.1519318]]}, "properties": {"class": "secondary"}}, {"type": "Feature", "geometry": {"type": "LineString", "coordinates": [[-115.1607174, 36.1748529], [-115.160721, 36.1750756]]}, "properties": {"class": "primary"}}, {"type": "Feature", "geometry": {"type": "LineString", "coordinates": [[-115.16048, 36.1753427], [-115.1611647, 36.1754643]]}, "properties": {"class": "motorway"}}, {"type": "Feature", "geometry": {"type": "LineString", "coordinates": [[-115.1493381, 36.1772295], [-115.1492918, 36.1773678], [-115.1492795, 36.1774024], [-115.1492723, 36.1774374], [-115.1492685, 36.17748], [-115.1492622, 36.1776081]]}, "properties": {"class": "secondary"}}, {"type": "Feature", "geometry": {"type": "LineString", "coordinates": [[-115.1524447, 36.176476], [-115.1530142, 36.1760656]]}, "properties": {"class": "motorway"}}, {"type": "Feature", "geometry": {"type": "LineString", "coordinates": [[-115.1530142, 36.1760656], [-115.1535789, 36.1756245], [-115.1541221, 36.1751612]]}, "properties": {"class": "motorway"}}, {"type": "Feature", "geometry": {"type": "LineString", "coordinates": [[-115.1370422, 36.1748784], [-115.1369821, 36.1749751], [-115.1368922, 36.1751156]]}, "properties": {"class": "primary"}}, {"type": "Feature", "geometry": {"type": "LineString", "coordinates": [[-115.1402056, 36.1721894], [-115.1401972, 36.1722337], [-115.1401911, 36.1722728], [-115.1401785, 36.1723473], [-115.1401674, 36.1724488], [-115.1401705, 36.172555], [-115.1402261, 36.1728316], [-115.1402439, 36.172904], [-115.1403199, 36.1732067]]}, "properties": {"class": "secondary"}}, {"type": "Feature", "geometry": {"type": "LineString", "coordinates": [[-115.1472733, 36.173626], [-115.1473535, 36.1736588]]}, "properties": {"class": "secondary"}}, {"type": "Feature", "geometry": {"type": "LineString", "coordinates": [[-115.1451048, 36.1811574], [-115.1451181, 36.1810889]]}, "properties": {"class": "motorway"}}, {"type": "Feature", "geometry": {"type": "LineString", "coordinates": [[-115.1476752, 36.1661458], [-115.1477671, 36.1661092], [-115.1478395, 36.1660696], [-115.1478912, 36.1660289], [-115.1479018, 36.1660173], [-115.1479395, 36.1659774], [-115.1480012, 36.1658979], [-115.1482419, 36.1655364]]}, "properties": {"class": "secondary"}}, {"type": "Feature", "geometry": {"type": "LineString", "coordinates": [[-115.1375482, 36.1740146], [-115.1375072, 36.1740847], [-115.13728, 36.1744728]]}, "properties": {"class": "primary"}}, {"type": "Feature", "geometry": {"type": "LineString", "coordinates": [[-115.1138952, 36.1614877], [-115.1147595, 36.161494], [-115.1159921, 36.1615029]]}, "properties": {"class": "residential"}}, {"type": "Feature", "geometry": {"type": "LineString", "coordinates": [[-115.1515594, 36.1594234], [-115.1516385, 36.1593411], [-115.1516962, 36.159291]]}, "properties": {"class": "tertiary"}}, {"type": "Feature", "geometry": {"type": "LineString", "coordinates": [[-115.125135, 36.174001], [-115.1229179, 36.1739926], [-115.121608, 36.1739876], [-115.1214899, 36.1739872], [-115.1206739, 36.1739841], [-115.1197739, 36.1739807], [-115.1189114, 36.1739766], [-115.11883, 36.1739771], [-115.118431, 36.1739756]]}, "properties": {"class": "secondary"}}, {"type": "Feature", "geometry": {"type": "LineString", "coordinates": [[-115.1607319, 36.1770357], [-115.1602298, 36.1770395], [-115.1598451, 36.1770427]]}, "properties": {"class": "secondary"}}, {"type": "Feature", "geometry": {"type": "LineString", "coordinates": [[-115.1541042, 36.1514134], [-115.154113, 36.1515565], [-115.1541157, 36.1516569], [-115.1541138, 36.151734]]}, "properties": {"class": "secondary"}}, {"type": "Feature", "geometry": {"type": "LineString", "coordinates": [[-115.1608171, 36.1817781], [-115.1608207, 36.1819245], [-115.1608174, 36.1821516], [-115.1608157, 36.1823693], [-115.1608121, 36.1828326]]}, "properties": {"class": "primary"}}, {"type": "Feature", "geometry": {"type": "LineString", "coordinates": [[-115.145949, 36.1610722], [-115.1458763, 36.1611807], [-115.1456845, 36.1614863], [-115.1456078, 36.1615966], [-115.1454617, 36.1618181], [-115.1452701, 36.162113], [-115.1452497, 36.1621445], [-115.1451927, 36.1622346]]}, "properties": {"class": "primary"}}, {"type": "Feature", "geometry": {"type": "LineString", "coordinates": [[-115.1602955, 36.1591623], [-115.1612028, 36.1591562]]}, "properties": {"class": "primary"}}, {"type": "Feature", "geometry": {"type": "LineString", "coordinates": [[-115.1421624, 36.1781498], [-115.1418106, 36.1786861], [-115.1417702, 36.1787476], [-115.1415791, 36.1790389], [-115.1415116, 36.1791418], [-115.1413803, 36.1793419], [-115.1412878, 36.1794829], [-115.1411125, 36.1797501], [-115.1410131, 36.1799001], [-115.1407957, 36.180233]]}, "properties": {"class": "secondary"}}, {"type": "Feature", "geometry": {"type": "LineString", "coordinates": [[-115.1623289, 36.1808765], [-115.1621563, 36.1808312], [-115.1617252, 36.1808227]]}, "properties": {"class": "primary"}}, {"type": "Feature", "geometry": {"type": "LineString", "coordinates": [[-115.1472145, 36.1772819], [-115.1479064, 36.1772648], [-115.1480517, 36.1772612], [-115.1480937, 36.1772602], [-115.1491269, 36.1772347], [-115.1491963, 36.177233], [-115.1493381, 36.1772295]]}, "properties": {"class": "secondary"}}, {"type": "Feature", "geometry": {"type": "LineString", "coordinates": [[-115.1507721, 36.1558986], [-115.1506978, 36.156071], [-115.1506392, 36.1562082], [-115.1505664, 36.1563397], [-115.1502446, 36.1568359], [-115.1501719, 36.1569452], [-115.150064, 36.1571074], [-115.1499682, 36.1572513], [-115.1498763, 36.1573896], [-115.1497786, 36.1575365], [-115.1496728, 36.1576917], [-115.149392, 36.1581175], [-115.1493143, 36.1582522], [-115.1492268, 36.1583795], [-115.1490135, 36.1586894], [-115.1489959, 36.1587151], [-115.1489457, 36.1587939]]}, "properties": {"class": "tertiary"}}, {"type": "Feature", "geometry": {"type": "LineString", "coordinates": [[-115.1422287, 36.1770056], [-115.1425747, 36.1771462], [-115.142607, 36.1771593], [-115.1426988, 36.1771966]]}, "properties": {"class": "secondary"}}, {"type": "Feature", "geometry": {"type": "LineString", "coordinates": [[-115.1428725, 36.1771478], [-115.1429095, 36.1770932], [-115.1430481, 36.1768891], [-115.1431269, 36.176773]]}, "properties": {"class": "secondary"}}, {"type": "Feature", "geometry": {"type": "LineString", "coordinates": [[-115.1474, 36.192381], [-115.148283, 36.192379], [-115.150823, 36.192373], [-115.150875, 36.192394]]}, "properties": {"class": "residential"}}, {"type": "Feature", "geometry": {"type": "LineString", "coordinates": [[-115.1335407, 36.190106], [-115.1334532, 36.1902467], [-115.1333868, 36.1904161], [-115.1333714, 36.1904902]]}, "properties": {"class": "primary"}}, {"type": "Feature", "geometry": {"type": "LineString", "coordinates": [[-115.1341048, 36.1897674], [-115.1341092, 36.1896005], [-115.134119, 36.1892359], [-115.1341284, 36.1888808]]}, "properties": {"class": "primary"}}, {"type": "Feature", "geometry": {"type": "LineString", "coordinates": [[-115.1333606, 36.1908539], [-115.1333468, 36.1910025], [-115.1333262, 36.1910835], [-115.1332855, 36.1912062], [-115.1331905, 36.1913806], [-115.1330343, 36.1915863], [-115.1328669, 36.1917836]]}, "properties": {"class": "primary"}}, {"type": "Feature", "geometry": {"type": "LineString", "coordinates": [[-115.1188003, 36.1567903], [-115.1187124, 36.1567907], [-115.1173412, 36.1567975], [-115.117242, 36.156798]]}, "properties": {"class": "residential"}}, {"type": "Feature", "geometry": {"type": "LineString", "coordinates": [[-115.123397, 36.157746], [-115.1233293, 36.1577458], [-115.1213692, 36.1577393], [-115.121272, 36.157739], [-115.1212255, 36.1577389], [-115.1192334, 36.157736], [-115.1190611, 36.1577357], [-115.1189724, 36.1577356]]}, "properties": {"class": "residential"}}, {"type": "Feature", "geometry": {"type": "LineString", "coordinates": [[-115.1187421, 36.1482165], [-115.1188885, 36.1482274]]}, "properties": {"class": "tertiary"}}, {"type": "Feature", "geometry": {"type": "LineString", "coordinates": [[-115.1187924, 36.1551244], [-115.1186971, 36.1551249], [-115.1185988, 36.1551254], [-115.116648, 36.155136]]}, "properties": {"class": "residential"}}, {"type": "Feature", "geometry": {"type": "LineString", "coordinates": [[-115.125329, 36.15442], [-115.1252619, 36.1544203], [-115.1234535, 36.1544295], [-115.123358, 36.15443], [-115.1232986, 36.1544301], [-115.1213362, 36.15444], [-115.121247, 36.154441], [-115.1211911, 36.1544414], [-115.1191958, 36.1544561], [-115.1190439, 36.1544563], [-115.1189457, 36.1544386]]}, "properties": {"class": "residential"}}, {"type": "Feature", "geometry": {"type": "LineString", "coordinates": [[-115.1371096, 36.1515669], [-115.1370093, 36.1515667], [-115.136938, 36.1515671]]}, "properties": {"class": "tertiary"}}, {"type": "Feature", "geometry": {"type": "LineString", "coordinates": [[-115.132272, 36.16861], [-115.1322122, 36.1687014], [-115.1320621, 36.1689307], [-115.1320562, 36.1689396], [-115.1318462, 36.1692606], [-115.1317724, 36.1693733], [-115.1315221, 36.1697557], [-115.131427, 36.169901]]}, "properties": {"class": "residential"}}, {"type": "Feature", "geometry": {"type": "LineString", "coordinates": [[-115.136187, 36.17179], [-115.1361396, 36.1718665], [-115.1360696, 36.1719793], [-115.1358353, 36.1723573], [-115.1357382, 36.172514], [-115.1356843, 36.1726009], [-115.1356632, 36.172635]]}, "properties": {"class": "tertiary"}}, {"type": "Feature", "geometry": {"type": "LineString", "coordinates": [[-115.1269797, 36.1633556], [-115.1267479, 36.1632561], [-115.1265283, 36.1631617]]}, "properties": {"class": "primary"}}, {"type": "Feature", "geometry": {"type": "LineString", "coordinates": [[-115.1414198, 36.1635951], [-115.141469, 36.1635186], [-115.1421376, 36.1625038], [-115.142184, 36.162433]]}, "properties": {"class": "tertiary"}}, {"type": "Feature", "geometry": {"type": "LineString", "coordinates": [[-115.138749, 36.160959], [-115.1388027, 36.1608818], [-115.1390636, 36.1605061], [-115.1392547, 36.160231], [-115.1392779, 36.1601976], [-115.1395038, 36.1598693], [-115.1395507, 36.1598049], [-115.1395999, 36.1597283], [-115.1398223, 36.1593817], [-115.1398509, 36.1593372], [-115.1398758, 36.1592984], [-115.1399761, 36.1591326], [-115.1400139, 36.1590834], [-115.1400782, 36.15898], [-115.1401145, 36.1589195]]}, "properties": {"class": "residential"}}, {"type": "Feature", "geometry": {"type": "LineString", "coordinates": [[-115.1444297, 36.1633988], [-115.1443778, 36.1634775], [-115.1438931, 36.1642045], [-115.1437434, 36.1644307], [-115.143709, 36.1644824], [-115.1436599, 36.1645588]]}, "properties": {"class": "primary"}}, {"type": "Feature", "geometry": {"type": "LineString", "coordinates": [[-115.144441, 36.167884], [-115.1445298, 36.1677578], [-115.1446105, 36.1676243]]}, "properties": {"class": "tertiary"}}, {"type": "Feature", "geometry": {"type": "LineString", "coordinates": [[-115.139904, 36.161454], [-115.1399541, 36.1613772], [-115.1400555, 36.1612219], [-115.1402937, 36.1608572], [-115.1405529, 36.1604603], [-115.1406249, 36.1603499], [-115.140668, 36.160284]]}, "properties": {"class": "residential"}}, {"type": "Feature", "geometry": {"type": "LineString", "coordinates": [[-115.1402788, 36.1675865], [-115.1403305, 36.167508], [-115.1403383, 36.1674965], [-115.1405255, 36.1672219], [-115.1406177, 36.1670827], [-115.1406361, 36.1670542], [-115.140721, 36.1669206], [-115.1409133, 36.1666037]]}, "properties": {"class": "tertiary"}}, {"type": "Feature", "geometry": {"type": "LineString", "coordinates": [[-115.1281892, 36.1711016], [-115.1281897, 36.1713215], [-115.1281748, 36.1714851], [-115.1281761, 36.171696], [-115.1281764, 36.1717471], [-115.128177, 36.1718443], [-115.1281772, 36.1718722], [-115.1281782, 36.1720416], [-115.1281786, 36.1721049], [-115.1281789, 36.1721661], [-115.1281798, 36.1723106], [-115.1281828, 36.1727979], [-115.128183, 36.172837], [-115.1281838, 36.1729937], [-115.128185, 36.173174], [-115.1281859, 36.1733191], [-115.1281863, 36.1733894], [-115.1281875, 36.1735994], [-115.1281883, 36.1737293], [-115.128189, 36.1738441], [-115.1281895, 36.1739337], [-115.12819, 36.1740267]]}, "properties": {"class": "residential"}}, {"type": "Feature", "geometry": {"type": "LineString", "coordinates": [[-115.1346678, 36.1696427], [-115.1346083, 36.1697386], [-115.1339738, 36.1707617], [-115.1339768, 36.1708306], [-115.1339808, 36.1709154], [-115.1339797, 36.17098], [-115.1339677, 36.1717385]]}, "properties": {"class": "residential"}}, {"type": "Feature", "geometry": {"type": "LineString", "coordinates": [[-115.1279025, 36.1782442], [-115.1280337, 36.1782445], [-115.1288958, 36.1782475], [-115.1291773, 36.17823], [-115.1294332, 36.1781792], [-115.1296408, 36.1781091], [-115.1298734, 36.1780055], [-115.130066, 36.1778786], [-115.1302265, 36.1777465], [-115.1303693, 36.1775917], [-115.1304999, 36.177392], [-115.1305889, 36.1771914], [-115.130645, 36.1769197], [-115.1306498, 36.1765963], [-115.1306497, 36.1760795]]}, "properties": {"class": "secondary"}}, {"type": "Feature", "geometry": {"type": "LineString", "coordinates": [[-115.1513257, 36.1632406], [-115.1513093, 36.1632828], [-115.1512981, 36.1633212], [-115.1512836, 36.1633873], [-115.1512756, 36.1634237], [-115.1512606, 36.1634899], [-115.1512504, 36.163651], [-115.1512442, 36.1637581], [-115.151234, 36.1639305], [-115.1512205, 36.1640017], [-115.1511948, 36.1641017]]}, "properties": {"class": "primary"}}, {"type": "Feature", "geometry": {"type": "LineString", "coordinates": [[-115.1459974, 36.1655645], [-115.1460423, 36.165497], [-115.1460695, 36.1654561], [-115.1464344, 36.1649072], [-115.1465813, 36.1646755], [-115.146699, 36.1644899], [-115.1467152, 36.1644645], [-115.1467421, 36.1644219], [-115.1468017, 36.1643278], [-115.1468161, 36.1643051], [-115.146936, 36.164116], [-115.1474706, 36.1633088], [-115.1475193, 36.1632393]]}, "properties": {"class": "tertiary"}}, {"type": "Feature", "geometry": {"type": "LineString", "coordinates": [[-115.141042, 36.16194], [-115.1410858, 36.1618704], [-115.1417521, 36.1608492], [-115.141803, 36.160771]]}, "properties": {"class": "tertiary"}}, {"type": "Feature", "geometry": {"type": "LineString", "coordinates": [[-115.1379794, 36.1621149], [-115.1380306, 36.162037], [-115.1380716, 36.1619748], [-115.1381555, 36.1618505], [-115.1384496, 36.1614086], [-115.1385086, 36.1613201], [-115.1385901, 36.1611977], [-115.1386616, 36.1610902], [-115.138749, 36.160959]]}, "properties": {"class": "residential"}}, {"type": "Feature", "geometry": {"type": "LineString", "coordinates": [[-115.136452, 36.164442], [-115.1365103, 36.1643537], [-115.1371695, 36.1633546], [-115.13722, 36.163278], [-115.1372638, 36.1632109], [-115.1379421, 36.1621781], [-115.1379794, 36.1621149]]}, "properties": {"class": "residential"}}, {"type": "Feature", "geometry": {"type": "LineString", "coordinates": [[-115.131154, 36.163663], [-115.1311954, 36.1635998], [-115.131547, 36.163063], [-115.1318751, 36.162558], [-115.131916, 36.162495]]}, "properties": {"class": "residential"}}, {"type": "Feature", "geometry": {"type": "LineString", "coordinates": [[-115.1425532, 36.1640827], [-115.1426004, 36.1640102], [-115.1428523, 36.1636236], [-115.1431605, 36.1631505], [-115.1432563, 36.1630031], [-115.1432644, 36.1629907], [-115.14331, 36.162921]]}, "properties": {"class": "tertiary"}}, {"type": "Feature", "geometry": {"type": "LineString", "coordinates": [[-115.1463011, 36.1716781], [-115.1462461, 36.1717628], [-115.1461356, 36.1719331]]}, "properties": {"class": "primary"}}, {"type": "Feature", "geometry": {"type": "LineString", "coordinates": [[-115.1391259, 36.1626081], [-115.1391776, 36.1625314], [-115.1393346, 36.1622986], [-115.1397347, 36.1617051], [-115.1398593, 36.1615203], [-115.139904, 36.161454]]}, "properties": {"class": "residential"}}, {"type": "Feature", "geometry": {"type": "LineString", "coordinates": [[-115.1327131, 36.1716521], [-115.1327105, 36.172235], [-115.1327094, 36.1724904], [-115.1327092, 36.1725407], [-115.1327095, 36.172595], [-115.1327159, 36.1739438], [-115.1327164, 36.1740386]]}, "properties": {"class": "residential"}}, {"type": "Feature", "geometry": {"type": "LineString", "coordinates": [[-115.1345826, 36.1651339], [-115.1346704, 36.165171], [-115.1349149, 36.1652742], [-115.1351647, 36.1653817], [-115.1356236, 36.1655791], [-115.1357, 36.165612]]}, "properties": {"class": "tertiary"}}, {"type": "Feature", "geometry": {"type": "LineString", "coordinates": [[-115.127092, 36.171015], [-115.1270939, 36.1715198], [-115.127095, 36.171798], [-115.1270963, 36.1721401], [-115.1270969, 36.1722917], [-115.1270988, 36.1727819], [-115.127099, 36.172832], [-115.1271019, 36.1737034], [-115.1271027, 36.1739328], [-115.127104, 36.1740257]]}, "properties": {"class": "residential"}}, {"type": "Feature", "geometry": {"type": "LineString", "coordinates": [[-115.131916, 36.162495], [-115.1319547, 36.1624359], [-115.132299, 36.16191], [-115.132646, 36.1613818], [-115.132681, 36.161325], [-115.1327101, 36.1612806], [-115.133057, 36.16075], [-115.1334121, 36.1602199], [-115.133448, 36.160159], [-115.133478, 36.1601137], [-115.133699, 36.15978], [-115.133916, 36.159433], [-115.1339415, 36.1593126], [-115.1339587, 36.1592314], [-115.133962, 36.159216], [-115.1339643, 36.1591083], [-115.133966, 36.1590248], [-115.133969, 36.1588809]]}, "properties": {"class": "residential"}}, {"type": "Feature", "geometry": {"type": "LineString", "coordinates": [[-115.1448526, 36.165072], [-115.1447941, 36.1651585], [-115.1447257, 36.1652656], [-115.1446136, 36.1654369], [-115.1441208, 36.1661878], [-115.144089, 36.1662373], [-115.1440649, 36.1662755], [-115.1438244, 36.1666447], [-115.1437862, 36.1667034], [-115.1436491, 36.1669138]]}, "properties": {"class": "tertiary"}}, {"type": "Feature", "geometry": {"type": "LineString", "coordinates": [[-115.137646, 36.169437], [-115.1375886, 36.1695295], [-115.1374765, 36.1697102], [-115.1373061, 36.1699849], [-115.1372461, 36.1700816], [-115.1369855, 36.1705017], [-115.1369689, 36.1705284], [-115.136914, 36.170617]]}, "properties": {"class": "tertiary"}}, {"type": "Feature", "geometry": {"type": "LineString", "coordinates": [[-115.142184, 36.162433], [-115.142234, 36.1623569], [-115.1428132, 36.1614744], [-115.1428998, 36.1613397], [-115.142949, 36.161263], [-115.142994, 36.1611937], [-115.1433495, 36.160648]]}, "properties": {"class": "residential"}}, {"type": "Feature", "geometry": {"type": "LineString", "coordinates": [[-115.116062, 36.1775481], [-115.1159783, 36.1775477], [-115.1157442, 36.177547], [-115.1152315, 36.1775356], [-115.1150129, 36.1775336], [-115.1149388, 36.1775329], [-115.1144392, 36.1775249], [-115.1143062, 36.1775246], [-115.1140072, 36.1775239], [-115.1139333, 36.1775237], [-115.112934, 36.1775315], [-115.1120676, 36.1775278], [-115.1120399, 36.1775272], [-115.1119031, 36.1775242], [-115.1118333, 36.1775227], [-115.1116442, 36.1775186], [-115.1111388, 36.1775076], [-115.1110098, 36.1775024], [-115.1107925, 36.1774936], [-115.109359, 36.1774357], [-115.1093382, 36.1774349], [-115.1084812, 36.1774053], [-115.1083554, 36.177412], [-115.1080808, 36.1774083], [-115.1071809, 36.1773962], [-115.1064915, 36.1773896], [-115.105906, 36.177384]]}, "properties": {"class": "residential"}}, {"type": "Feature", "geometry": {"type": "LineString", "coordinates": [[-115.143687, 36.169043], [-115.143745, 36.1689538], [-115.144077, 36.1684436], [-115.144338, 36.1680423]]}, "properties": {"class": "tertiary"}}, {"type": "Feature", "geometry": {"type": "LineString", "coordinates": [[-115.136452, 36.164442], [-115.1359174, 36.1642117], [-115.1354133, 36.1639901], [-115.1353477, 36.1639613], [-115.1352711, 36.1639289], [-115.1347815, 36.1637218], [-115.1343309, 36.1635272], [-115.1343027, 36.1635139], [-115.1342113, 36.1634763], [-115.134113, 36.1634338], [-115.1340859, 36.1634223], [-115.1336475, 36.1632363], [-115.1331576, 36.1630262], [-115.133065, 36.1629865]]}, "properties": {"class": "tertiary"}}, {"type": "Feature", "geometry": {"type": "LineString", "coordinates": [[-115.138774, 36.1699192], [-115.1387162, 36.1700136], [-115.1384149, 36.1705054], [-115.1382104, 36.1708393], [-115.1381161, 36.1709933], [-115.1380957, 36.1710266], [-115.138049, 36.1711026]]}, "properties": {"class": "tertiary"}}, {"type": "Feature", "geometry": {"type": "LineString", "coordinates": [[-115.136834, 36.1661], [-115.1368909, 36.1660123], [-115.1371616, 36.1655949], [-115.1374486, 36.1651525], [-115.1375407, 36.1650105], [-115.137591, 36.164933]]}, "properties": {"class": "residential"}}, {"type": "Feature", "geometry": {"type": "LineString", "coordinates": [[-115.144863, 36.1606016], [-115.1449228, 36.1605125], [-115.1450192, 36.1603687], [-115.1453313, 36.1598911], [-115.1455142, 36.1596113], [-115.145581, 36.1595128], [-115.1456297, 36.1594381], [-115.1456745, 36.1593692], [-115.1457562, 36.1592435], [-115.1458243, 36.1591388], [-115.1458411, 36.1591138]]}, "properties": {"class": "tertiary"}}, {"type": "Feature", "geometry": {"type": "LineString", "coordinates": [[-115.1357, 36.165612], [-115.1357563, 36.1655244], [-115.1363941, 36.1645321], [-115.136452, 36.164442]]}, "properties": {"class": "residential"}}, {"type": "Feature", "geometry": {"type": "LineString", "coordinates": [[-115.145949, 36.1610722], [-115.1458604, 36.161033], [-115.1458323, 36.1610206], [-115.1456964, 36.1609605]]}, "properties": {"class": "tertiary"}}, {"type": "Feature", "geometry": {"type": "LineString", "coordinates": [[-115.1353894, 36.1684725], [-115.135338, 36.1685573], [-115.1351391, 36.1688858], [-115.1348832, 36.1692968], [-115.134835, 36.1693742], [-115.1347264, 36.1695485], [-115.1346678, 36.1696427]]}, "properties": {"class": "residential"}}, {"type": "Feature", "geometry": {"type": "LineString", "coordinates": [[-115.141037, 36.166415], [-115.1411118, 36.1662997], [-115.1411485, 36.166243], [-115.1412152, 36.1661405]]}, "properties": {"class": "tertiary"}}, {"type": "Feature", "geometry": {"type": "LineString", "coordinates": [[-115.1406182, 36.1692162], [-115.1405993, 36.1692441], [-115.1405794, 36.1692737], [-115.1405002, 36.1693939]]}, "properties": {"class": "primary"}}, {"type": "Feature", "geometry": {"type": "LineString", "coordinates": [[-115.139139, 36.167092], [-115.1391948, 36.1670064], [-115.139635, 36.1663322], [-115.1398386, 36.1660205], [-115.139899, 36.165928]]}, "properties": {"class": "tertiary"}}, {"type": "Feature", "geometry": {"type": "LineString", "coordinates": [[-115.1436599, 36.1645588], [-115.1435976, 36.1646578], [-115.14289, 36.1657203], [-115.1428782, 36.1657371], [-115.1422191, 36.1667519], [-115.1421971, 36.1667857], [-115.142128, 36.1668921]]}, "properties": {"class": "primary"}}, {"type": "Feature", "geometry": {"type": "LineString", "coordinates": [[-115.1406758, 36.1647666], [-115.1407094, 36.1647167], [-115.1410785, 36.1641208], [-115.1411779, 36.1639677], [-115.141368, 36.1636734], [-115.1414198, 36.1635951]]}, "properties": {"class": "tertiary"}}, {"type": "Feature", "geometry": {"type": "LineString", "coordinates": [[-115.137972, 36.166592], [-115.1380323, 36.1665077], [-115.1384694, 36.165874], [-115.1385283, 36.165789], [-115.1387078, 36.1655299], [-115.1387693, 36.165441]]}, "properties": {"class": "residential"}}, {"type": "Feature", "geometry": {"type": "LineString", "coordinates": [[-115.1341978, 36.1679481], [-115.1341372, 36.1680406], [-115.133815, 36.1685322], [-115.1334907, 36.1690241], [-115.1334338, 36.1691117]]}, "properties": {"class": "residential"}}, {"type": "Feature", "geometry": {"type": "LineString", "coordinates": [[-115.135776, 36.170126], [-115.1357302, 36.1702119], [-115.135565, 36.1705217], [-115.1351212, 36.1712405], [-115.1350793, 36.1713084]]}, "properties": {"class": "residential"}}, {"type": "Feature", "geometry": {"type": "LineString", "coordinates": [[-115.1390877, 36.1715491], [-115.1390224, 36.1716496], [-115.1388605, 36.171899], [-115.1387654, 36.1720452], [-115.1386628, 36.1722033], [-115.138598, 36.1723129], [-115.1384641, 36.1725393], [-115.1383526, 36.1727278]]}, "properties": {"class": "primary"}}, {"type": "Feature", "geometry": {"type": "LineString", "coordinates": [[-115.137591, 36.164933], [-115.1376496, 36.1648427], [-115.1378716, 36.1645008], [-115.1379, 36.164457], [-115.1380238, 36.164266], [-115.1381943, 36.164003], [-115.1383019, 36.1638368], [-115.138353, 36.163758], [-115.1383665, 36.1637369], [-115.1384037, 36.1636816], [-115.1384201, 36.1636572], [-115.138971, 36.1628383], [-115.1390714, 36.162687], [-115.1391259, 36.1626081]]}, "properties": {"class": "residential"}}, {"type": "Feature", "geometry": {"type": "LineString", "coordinates": [[-115.136507, 36.168948], [-115.1364289, 36.1689145], [-115.1359614, 36.1687142], [-115.1354942, 36.1685168], [-115.1353894, 36.1684725], [-115.1352954, 36.1684322], [-115.1350133, 36.1683113], [-115.1348213, 36.1682284], [-115.1343297, 36.1680037], [-115.1342609, 36.1679723], [-115.1341978, 36.1679481], [-115.1341322, 36.1679191], [-115.1339291, 36.1678294], [-115.1336257, 36.1677003], [-115.1331568, 36.1675008], [-115.1330574, 36.1674585], [-115.1329639, 36.1674188], [-115.132746, 36.1673263], [-115.1325002, 36.1672199], [-115.1324854, 36.1672135], [-115.1322269, 36.1671017], [-115.132013, 36.1670102], [-115.131921, 36.1669697], [-115.1318198, 36.1669269], [-115.1315335, 36.1668058], [-115.1313512, 36.1667288], [-115.1313322, 36.1667209], [-115.1312538, 36.1666878], [-115.130901, 36.1665388], [-115.1308715, 36.1665263], [-115.130776, 36.166486], [-115.130683, 36.1664454], [-115.1306583, 36.1664346], [-115.1302131, 36.1662404], [-115.1297446, 36.166036], [-115.129621, 36.165982], [-115.1295591, 36.1659549], [-115.1289074, 36.1656694], [-115.1286098, 36.1655442], [-115.1284971, 36.1654967]]}, "properties": {"class": "tertiary"}}, {"type": "Feature", "geometry": {"type": "LineString", "coordinates": [[-115.1345907, 36.1606518], [-115.1346262, 36.1605994], [-115.1349834, 36.1600725], [-115.1351491, 36.1598215], [-115.1353448, 36.1595227], [-115.135355, 36.1594335], [-115.1353561, 36.1593187], [-115.1353595, 36.1591288], [-115.1353603, 36.1590882], [-115.1353614, 36.1590162], [-115.1353641, 36.1588756]]}, "properties": {"class": "residential"}}, {"type": "Feature", "geometry": {"type": "LineString", "coordinates": [[-115.136507, 36.168948], [-115.1364474, 36.1690441], [-115.1364044, 36.1691134], [-115.1361045, 36.1696014], [-115.1358308, 36.1700385], [-115.135776, 36.170126]]}, "properties": {"class": "residential"}}, {"type": "Feature", "geometry": {"type": "LineString", "coordinates": [[-115.12769, 36.148056], [-115.1276741, 36.1479754], [-115.127672, 36.147965], [-115.12767, 36.147312], [-115.127668, 36.146613], [-115.1276661, 36.1462174], [-115.1276637, 36.1457536], [-115.1276615, 36.1453392], [-115.1276612, 36.1452424], [-115.1276598, 36.1448433], [-115.127658, 36.1444642]]}, "properties": {"class": "residential"}}, {"type": "Feature", "geometry": {"type": "LineString", "coordinates": [[-115.1328128, 36.1479664], [-115.132812, 36.147906], [-115.132809, 36.1472091], [-115.132811, 36.146424], [-115.1328239, 36.144844], [-115.1328299, 36.1444847], [-115.1328313, 36.1443975]]}, "properties": {"class": "residential"}}, {"type": "Feature", "geometry": {"type": "LineString", "coordinates": [[-115.123287, 36.148252], [-115.1232834, 36.1478512], [-115.123272, 36.14659], [-115.123265, 36.14616], [-115.1232704, 36.1461137], [-115.1232687, 36.1457629], [-115.1232675, 36.1455274], [-115.1232642, 36.1448907], [-115.1232638, 36.1448083], [-115.1232639, 36.1445472], [-115.123264, 36.1444274]]}, "properties": {"class": "tertiary"}}, {"type": "Feature", "geometry": {"type": "LineString", "coordinates": [[-115.163924, 36.170035], [-115.1638948, 36.1708569]]}, "properties": {"class": "residential"}}, {"type": "Feature", "geometry": {"type": "LineString", "coordinates": [[-115.1646155, 36.1701116], [-115.1646182, 36.1708554]]}, "properties": {"class": "residential"}}, {"type": "Feature", "geometry": {"type": "LineString", "coordinates": [[-115.1648179, 36.1708554], [-115.1646182, 36.1708554], [-115.1638948, 36.1708569]]}, "properties": {"class": "residential"}}, {"type": "Feature", "geometry": {"type": "LineString", "coordinates": [[-115.163272, 36.1700384], [-115.1632676, 36.1704875]]}, "properties": {"class": "residential"}}, {"type": "Feature", "geometry": {"type": "LineString", "coordinates": [[-115.1626358, 36.1698545], [-115.1626355, 36.1698946], [-115.1626343, 36.1700418], [-115.1626329, 36.1704784]]}, "properties": {"class": "residential"}}, {"type": "Feature", "geometry": {"type": "LineString", "coordinates": [[-115.147041, 36.183945], [-115.1471646, 36.1839416], [-115.148295, 36.18391], [-115.1492274, 36.1838877], [-115.1493991, 36.1838836], [-115.1495744, 36.1838794], [-115.1496535, 36.1838775], [-115.1508273, 36.1838494], [-115.151716, 36.183828], [-115.1518874, 36.1838038], [-115.151963, 36.183791], [-115.152848, 36.183791]]}, "properties": {"class": "residential"}}, {"type": "Feature", "geometry": {"type": "LineString", "coordinates": [[-115.10992, 36.148022], [-115.1101769, 36.1480231], [-115.1106705, 36.1480253], [-115.111285, 36.148028], [-115.1118681, 36.1480302], [-115.1120639, 36.148031], [-115.1124891, 36.1480327], [-115.1126835, 36.1480334], [-115.1128042, 36.1480339], [-115.1134076, 36.1480362], [-115.1140044, 36.1480385], [-115.114377, 36.14804], [-115.1163262, 36.1480439], [-115.116402, 36.148044], [-115.117575, 36.1480487], [-115.117691, 36.148051], [-115.1178351, 36.1480614], [-115.118016, 36.148095], [-115.1183075, 36.1481559]]}, "properties": {"class": "tertiary"}}, {"type": "Feature", "geometry": {"type": "LineString", "coordinates": [[-115.128858, 36.167153], [-115.1287987, 36.1671278], [-115.1281987, 36.1668724], [-115.1279569, 36.1667685], [-115.1278851, 36.1667377], [-115.1278118, 36.1667077], [-115.1274791, 36.1665712], [-115.127415, 36.166545], [-115.1273087, 36.1665199], [-115.127063, 36.166462], [-115.126829, 36.166442], [-115.12596, 36.166445], [-115.1252783, 36.1664654], [-115.1252309, 36.166467], [-115.1251006, 36.1664708], [-115.1250066, 36.166473], [-115.1249696, 36.1664739], [-115.1244936, 36.166485], [-115.1238699, 36.1664997], [-115.12296, 36.1665041], [-115.1228928, 36.1665044], [-115.1228188, 36.1665054], [-115.1220443, 36.166516], [-115.1212237, 36.1665191], [-115.1210966, 36.1665228], [-115.1206744, 36.1665266], [-115.120597, 36.1665273], [-115.1203691, 36.1665291], [-115.1182612, 36.1665362]]}, "properties": {"class": "secondary"}}, {"type": "Feature", "geometry": {"type": "LineString", "coordinates": [[-115.1437824, 36.1646116], [-115.143873, 36.1646505], [-115.1442955, 36.1648323]]}, "properties": {"class": "secondary"}}, {"type": "Feature", "geometry": {"type": "LineString", "coordinates": [[-115.138353, 36.163758], [-115.1378127, 36.1635291], [-115.13722, 36.163278], [-115.1366725, 36.1630447], [-115.136106, 36.1628], [-115.136039, 36.1627718], [-115.1355368, 36.1625568], [-115.1351671, 36.1623965], [-115.1350529, 36.1623507], [-115.1349634, 36.1623239]]}, "properties": {"class": "residential"}}, {"type": "Feature", "geometry": {"type": "LineString", "coordinates": [[-115.1431592, 36.1587718], [-115.1431925, 36.1587012], [-115.1432051, 36.1586753], [-115.1432417, 36.1586028], [-115.1434501, 36.158198], [-115.1435523, 36.1579978]]}, "properties": {"class": "residential"}}, {"type": "Feature", "geometry": {"type": "LineString", "coordinates": [[-115.1525576, 36.1511871], [-115.1526052, 36.1511151], [-115.1530659, 36.1504229], [-115.1532075, 36.1502097], [-115.1532847, 36.1500949], [-115.1533683, 36.1499675], [-115.153481, 36.1497958], [-115.1535972, 36.1495961], [-115.1536749, 36.1494721], [-115.1541138, 36.1488129], [-115.1542654, 36.1485811]]}, "properties": {"class": "primary"}}, {"type": "Feature", "geometry": {"type": "LineString", "coordinates": [[-115.1437824, 36.1646116], [-115.1438305, 36.1645356], [-115.1438827, 36.1644542], [-115.1439399, 36.1643669], [-115.1440126, 36.1642574], [-115.1441473, 36.1640525], [-115.1442619, 36.1638745], [-115.1443122, 36.1637961]]}, "properties": {"class": "primary"}}, {"type": "Feature", "geometry": {"type": "LineString", "coordinates": [[-115.1381779, 36.1733998], [-115.138226, 36.1733192], [-115.13835, 36.1730948], [-115.1385887, 36.1726351], [-115.1386716, 36.1725], [-115.139134, 36.1717259], [-115.1391477, 36.1717029], [-115.1392092, 36.1716003]]}, "properties": {"class": "primary"}}, {"type": "Feature", "geometry": {"type": "LineString", "coordinates": [[-115.1341329, 36.188403], [-115.1341336, 36.1883278], [-115.1341352, 36.1881464], [-115.1341389, 36.1877522]]}, "properties": {"class": "primary"}}, {"type": "Feature", "geometry": {"type": "LineString", "coordinates": [[-115.1392092, 36.1716003], [-115.1392671, 36.1715109], [-115.1394207, 36.171269], [-115.1394992, 36.1711464], [-115.1397627, 36.1707346]]}, "properties": {"class": "primary"}}, {"type": "Feature", "geometry": {"type": "LineString", "coordinates": [[-115.137185, 36.1749342], [-115.1372567, 36.1748253], [-115.1373684, 36.1746625]]}, "properties": {"class": "primary"}}, {"type": "Feature", "geometry": {"type": "LineString", "coordinates": [[-115.1479658, 36.1582113], [-115.1481198, 36.1579778], [-115.1481384, 36.1579503], [-115.148586, 36.1572524], [-115.1486802, 36.1571044], [-115.1487333, 36.1570231]]}, "properties": {"class": "primary"}}, {"type": "Feature", "geometry": {"type": "LineString", "coordinates": [[-115.1445334, 36.1634517], [-115.1446025, 36.1633459], [-115.1450206, 36.162707], [-115.145227, 36.1623907], [-115.1452425, 36.162367], [-115.145297, 36.1622835]]}, "properties": {"class": "primary"}}, {"type": "Feature", "geometry": {"type": "LineString", "coordinates": [[-115.1415, 36.1681091], [-115.1415581, 36.1680129], [-115.1416909, 36.1678046], [-115.1417323, 36.1677439], [-115.1420609, 36.1672528], [-115.1421701, 36.1670894], [-115.1421965, 36.16705], [-115.142265, 36.1669477]]}, "properties": {"class": "primary"}}, {"type": "Feature", "geometry": {"type": "LineString", "coordinates": [[-115.1510257, 36.1533051], [-115.1509775, 36.1535747], [-115.1509609, 36.1537965], [-115.1509534, 36.1539169]]}, "properties": {"class": "tertiary"}}, {"type": "Feature", "geometry": {"type": "LineString", "coordinates": [[-115.1509617, 36.1545789], [-115.1509523, 36.1550978], [-115.1509297, 36.1553076], [-115.1509082, 36.1554306], [-115.1508742, 36.1556024], [-115.1507992, 36.1558219], [-115.1507721, 36.1558986]]}, "properties": {"class": "tertiary"}}, {"type": "Feature", "geometry": {"type": "LineString", "coordinates": [[-115.1406175, 36.1742791], [-115.140643, 36.174332], [-115.1406765, 36.1743914], [-115.1407153, 36.1744531], [-115.1407505, 36.1745052], [-115.1407805, 36.174546], [-115.141041, 36.1748821], [-115.1410956, 36.174958], [-115.1411156, 36.1749869], [-115.141125, 36.1750221], [-115.1411281, 36.1750501], [-115.1411278, 36.1750721]]}, "properties": {"class": "secondary"}}, {"type": "Feature", "geometry": {"type": "LineString", "coordinates": [[-115.123676, 36.1811821], [-115.123676, 36.1812677]]}, "properties": {"class": "residential"}}, {"type": "Feature", "geometry": {"type": "LineString", "coordinates": [[-115.116197, 36.1885385], [-115.116196, 36.1884868]]}, "properties": {"class": "primary"}}, {"type": "Feature", "geometry": {"type": "LineString", "coordinates": [[-115.1206527, 36.177533], [-115.1206472, 36.1779479], [-115.1206382, 36.178637], [-115.120629, 36.1793332], [-115.1206201, 36.1800176], [-115.120611, 36.18071], [-115.1206063, 36.1810675], [-115.1206055, 36.1811301]]}, "properties": {"class": "residential"}}, {"type": "Feature", "geometry": {"type": "LineString", "coordinates": [[-115.1159643, 36.1710869], [-115.1158901, 36.1710859], [-115.115335, 36.171078], [-115.1142519, 36.1710548], [-115.1140973, 36.1710647]]}, "properties": {"class": "residential"}}, {"type": "Feature", "geometry": {"type": "LineString", "coordinates": [[-115.1161098, 36.1907185], [-115.1160255, 36.1907174], [-115.1158619, 36.1907154], [-115.112275, 36.19067], [-115.112168, 36.190619]]}, "properties": {"class": "residential"}}, {"type": "Feature", "geometry": {"type": "LineString", "coordinates": [[-115.1160936, 36.1899836], [-115.1160117, 36.1899827], [-115.113098, 36.189952], [-115.113054, 36.189931]]}, "properties": {"class": "residential"}}, {"type": "Feature", "geometry": {"type": "LineString", "coordinates": [[-115.1398231, 36.1811481], [-115.139575, 36.18113], [-115.1394011, 36.1811351], [-115.1391329, 36.181143], [-115.1389447, 36.1811486], [-115.1385427, 36.181158], [-115.1380679, 36.1811692], [-115.1379813, 36.1811712], [-115.1374612, 36.1811778], [-115.1369335, 36.1811846], [-115.1367044, 36.1811835], [-115.1359964, 36.1811744], [-115.1356754, 36.1811754], [-115.1353141, 36.1811766], [-115.1351898, 36.1811759], [-115.1350397, 36.1811771]]}, "properties": {"class": "primary"}}, {"type": "Feature", "geometry": {"type": "LineString", "coordinates": [[-115.1161795, 36.1942694], [-115.116106, 36.1942689], [-115.1160014, 36.1942681], [-115.115937, 36.1942676], [-115.114275, 36.194255], [-115.113797, 36.194254], [-115.112981, 36.194251], [-115.112171, 36.194248], [-115.111617, 36.194251], [-115.111465, 36.194287], [-115.111309, 36.194355], [-115.111161, 36.194444]]}, "properties": {"class": "residential"}}, {"type": "Feature", "geometry": {"type": "LineString", "coordinates": [[-115.116147, 36.19217], [-115.1160625, 36.1921699], [-115.1160353, 36.1921699], [-115.1158834, 36.1921696], [-115.1139454, 36.1921656], [-115.112128, 36.192161], [-115.111307, 36.192158], [-115.1078347, 36.1921483], [-115.107726, 36.192148], [-115.1076587, 36.1921466], [-115.1069114, 36.1921311], [-115.106809, 36.192129], [-115.1067407, 36.192127], [-115.105947, 36.192104], [-115.1057864, 36.1920993], [-115.105537, 36.192092], [-115.105185, 36.192033], [-115.104977, 36.191951], [-115.104878, 36.191912], [-115.104592, 36.191845], [-115.103999, 36.191824], [-115.1032398, 36.1918074], [-115.10313, 36.191805], [-115.1030644, 36.1918034], [-115.0985052, 36.1916951], [-115.0983635, 36.1916916]]}, "properties": {"class": "tertiary"}}, {"type": "Feature", "geometry": {"type": "LineString", "coordinates": [[-115.1339574, 36.1740408], [-115.1339557, 36.1741459], [-115.1339471, 36.1746625], [-115.1339369, 36.1752774], [-115.1339313, 36.1756184], [-115.133929, 36.1757685], [-115.133927, 36.176044], [-115.133919, 36.177189], [-115.1339223, 36.1774353]]}, "properties": {"class": "residential"}}, {"type": "Feature", "geometry": {"type": "LineString", "coordinates": [[-115.12819, 36.1740267], [-115.1281904, 36.1741293], [-115.128193, 36.174848], [-115.128183, 36.176353], [-115.128179, 36.177081]]}, "properties": {"class": "residential"}}, {"type": "Feature", "geometry": {"type": "LineString", "coordinates": [[-115.1161527, 36.1928789], [-115.1160708, 36.1928786], [-115.1159155, 36.1928781], [-115.112141, 36.192866], [-115.111306, 36.192862], [-115.107735, 36.192851]]}, "properties": {"class": "residential"}}, {"type": "Feature", "geometry": {"type": "LineString", "coordinates": [[-115.131388, 36.1740354], [-115.1313838, 36.1741477], [-115.13138, 36.1742501], [-115.1313628, 36.1757713], [-115.1313629, 36.1758297], [-115.1313651, 36.1768267], [-115.1313665, 36.1774431]]}, "properties": {"class": "residential"}}, {"type": "Feature", "geometry": {"type": "LineString", "coordinates": [[-115.116159, 36.1935858], [-115.1160879, 36.1935754], [-115.1160729, 36.1935732], [-115.1159343, 36.1935727], [-115.112157, 36.193559]]}, "properties": {"class": "residential"}}, {"type": "Feature", "geometry": {"type": "LineString", "coordinates": [[-115.1345907, 36.1606518], [-115.1344562, 36.1605936], [-115.1340472, 36.1604166], [-115.1335487, 36.1602025], [-115.133448, 36.160159], [-115.1334052, 36.1601407], [-115.1328705, 36.1599124], [-115.132367, 36.1596977], [-115.1322733, 36.1596575]]}, "properties": {"class": "residential"}}, {"type": "Feature", "geometry": {"type": "LineString", "coordinates": [[-115.1363017, 36.1613931], [-115.1368039, 36.1616096], [-115.1368661, 36.1616359], [-115.1374443, 36.1618846], [-115.1379794, 36.1621149], [-115.1385478, 36.1623594], [-115.13861, 36.1623862]]}, "properties": {"class": "secondary"}}, {"type": "Feature", "geometry": {"type": "LineString", "coordinates": [[-115.1364105, 36.1599782], [-115.1363162, 36.1599369], [-115.136289, 36.1599252], [-115.1359073, 36.1597618], [-115.1353927, 36.1595431], [-115.1353448, 36.1595227]]}, "properties": {"class": "residential"}}, {"type": "Feature", "geometry": {"type": "LineString", "coordinates": [[-115.1417471, 36.1767617], [-115.1416939, 36.1768401], [-115.141159, 36.177624], [-115.140899, 36.178022], [-115.1408226, 36.1781388], [-115.140171, 36.179135], [-115.139743, 36.17979], [-115.139286, 36.180491], [-115.138954, 36.180864], [-115.138934, 36.18093], [-115.138938, 36.1810115], [-115.1389447, 36.1811486]]}, "properties": {"class": "residential"}}, {"type": "Feature", "geometry": {"type": "LineString", "coordinates": [[-115.1443861, 36.181044], [-115.1455604, 36.1810132], [-115.145727, 36.1810088]]}, "properties": {"class": "primary"}}, {"type": "Feature", "geometry": {"type": "LineString", "coordinates": [[-115.1430986, 36.1811533], [-115.1427273, 36.1812383], [-115.1425574, 36.1812741], [-115.1423893, 36.1813026], [-115.1422212, 36.1813212], [-115.1420726, 36.181334], [-115.1418283, 36.1813412], [-115.1416514, 36.1813369], [-115.1414567, 36.1813226], [-115.1412161, 36.1812955], [-115.1407605, 36.1812336]]}, "properties": {"class": "primary"}}, {"type": "Feature", "geometry": {"type": "LineString", "coordinates": [[-115.142899, 36.1884143], [-115.1436001, 36.1884079]]}, "properties": {"class": "secondary"}}, {"type": "Feature", "geometry": {"type": "LineString", "coordinates": [[-115.116051, 36.1885389], [-115.116197, 36.1885385]]}, "properties": {"class": "secondary"}}, {"type": "Feature", "geometry": {"type": "LineString", "coordinates": [[-115.147229, 36.1884778], [-115.1478494, 36.1884733], [-115.1483729, 36.1884695], [-115.1490073, 36.1884679], [-115.1494505, 36.1884662], [-115.1495221, 36.1884666]]}, "properties": {"class": "secondary"}}, {"type": "Feature", "geometry": {"type": "LineString", "coordinates": [[-115.1436297, 36.1883281], [-115.1429303, 36.1883308]]}, "properties": {"class": "secondary"}}, {"type": "Feature", "geometry": {"type": "LineString", "coordinates": [[-115.1525147, 36.1883557], [-115.1520972, 36.1883518], [-115.152077, 36.1883516], [-115.1520647, 36.1883502], [-115.151976, 36.1883404]]}, "properties": {"class": "secondary"}}, {"type": "Feature", "geometry": {"type": "LineString", "coordinates": [[-115.1436001, 36.1884079], [-115.1439915, 36.1884126], [-115.14405, 36.188417]]}, "properties": {"class": "secondary"}}, {"type": "Feature", "geometry": {"type": "LineString", "coordinates": [[-115.1565764, 36.1726883], [-115.1569523, 36.172267]]}, "properties": {"class": "motorway"}}, {"type": "Feature", "geometry": {"type": "LineString", "coordinates": [[-115.1569523, 36.172267], [-115.1571632, 36.1720339], [-115.157531, 36.1716051]]}, "properties": {"class": "motorway"}}, {"type": "Feature", "geometry": {"type": "LineString", "coordinates": [[-115.1566631, 36.1722185], [-115.1563398, 36.1726237]]}, "properties": {"class": "motorway"}}, {"type": "Feature", "geometry": {"type": "LineString", "coordinates": [[-115.1571059, 36.1715959], [-115.156887, 36.1719086], [-115.1566631, 36.1722185]]}, "properties": {"class": "motorway"}}, {"type": "Feature", "geometry": {"type": "LineString", "coordinates": [[-115.1478135, 36.1648848], [-115.1477577, 36.1648607], [-115.1476578, 36.1648175], [-115.1473049, 36.164665], [-115.146852, 36.1644694], [-115.1468262, 36.1644582], [-115.1467421, 36.1644219]]}, "properties": {"class": "secondary"}}, {"type": "Feature", "geometry": {"type": "LineString", "coordinates": [[-115.1473251, 36.1735412], [-115.1463787, 36.1731536]]}, "properties": {"class": "secondary"}}, {"type": "Feature", "geometry": {"type": "LineString", "coordinates": [[-115.147405, 36.1735751], [-115.1473251, 36.1735412]]}, "properties": {"class": "secondary"}}, {"type": "Feature", "geometry": {"type": "LineString", "coordinates": [[-115.1379, 36.164457], [-115.1378353, 36.1644307], [-115.1377398, 36.1643918], [-115.1375783, 36.1643271], [-115.1374615, 36.1642762], [-115.137402, 36.16425]]}, "properties": {"class": "residential"}}, {"type": "Feature", "geometry": {"type": "LineString", "coordinates": [[-115.1253134, 36.1776429], [-115.1253079, 36.1778411], [-115.1252797, 36.1779738], [-115.1252558, 36.178054], [-115.1252243, 36.1781171], [-115.1251219, 36.1783469], [-115.1250664, 36.1784993], [-115.1250326, 36.1786609], [-115.1250252, 36.1788077], [-115.1250241, 36.1790227]]}, "properties": {"class": "tertiary"}}, {"type": "Feature", "geometry": {"type": "LineString", "coordinates": [[-115.116863, 36.1589097], [-115.1169721, 36.1589093], [-115.1176334, 36.1589083], [-115.1177089, 36.1589082], [-115.1181149, 36.1589075], [-115.1186383, 36.1589065], [-115.1186946, 36.1589064], [-115.118773, 36.1589063]]}, "properties": {"class": "primary"}}, {"type": "Feature", "geometry": {"type": "LineString", "coordinates": [[-115.1654827, 36.1588105], [-115.1653739, 36.1588106], [-115.1651236, 36.1588109], [-115.1648025, 36.1588112], [-115.1645712, 36.1588114], [-115.163948, 36.158812]]}, "properties": {"class": "primary"}}, {"type": "Feature", "geometry": {"type": "LineString", "coordinates": [[-115.1612169, 36.1589011], [-115.1602824, 36.1588977]]}, "properties": {"class": "primary"}}, {"type": "Feature", "geometry": {"type": "LineString", "coordinates": [[-115.158638, 36.1588724], [-115.1585291, 36.1588677], [-115.1583143, 36.1588585]]}, "properties": {"class": "primary"}}, {"type": "Feature", "geometry": {"type": "LineString", "coordinates": [[-115.1216244, 36.1606699], [-115.1216244, 36.1603622], [-115.1216267, 36.1599751]]}, "properties": {"class": "residential"}}, {"type": "Feature", "geometry": {"type": "LineString", "coordinates": [[-115.1225867, 36.1611075], [-115.1222967, 36.1609898], [-115.1216521, 36.1606997], [-115.1216244, 36.1606699]]}, "properties": {"class": "residential"}}, {"type": "Feature", "geometry": {"type": "LineString", "coordinates": [[-115.1221174, 36.161267], [-115.1221821, 36.1611559], [-115.1222478, 36.1610423], [-115.1222967, 36.1609898], [-115.122412, 36.1607928], [-115.1224168, 36.1603644], [-115.1224164, 36.1599824]]}, "properties": {"class": "residential"}}, {"type": "Feature", "geometry": {"type": "LineString", "coordinates": [[-115.1224168, 36.1603644], [-115.1216244, 36.1603622]]}, "properties": {"class": "residential"}}, {"type": "Feature", "geometry": {"type": "LineString", "coordinates": [[-115.119455, 36.1600696], [-115.1192692, 36.159987], [-115.118843, 36.1597973], [-115.1187022, 36.1597351], [-115.118583, 36.1596824]]}, "properties": {"class": "primary"}}, {"type": "Feature", "geometry": {"type": "LineString", "coordinates": [[-115.116551, 36.1589042], [-115.1166632, 36.1589606], [-115.1168848, 36.1590721], [-115.1171865, 36.1592241], [-115.1174566, 36.1593379], [-115.1177676, 36.1594712]]}, "properties": {"class": "primary"}}, {"type": "Feature", "geometry": {"type": "LineString", "coordinates": [[-115.141376, 36.1680547], [-115.1413158, 36.1681445], [-115.1408986, 36.1687867], [-115.1406776, 36.1691236], [-115.1406636, 36.1691449], [-115.1406411, 36.1691803], [-115.1406182, 36.1692162]]}, "properties": {"class": "primary"}}, {"type": "Feature", "geometry": {"type": "LineString", "coordinates": [[-115.1417291, 36.1675117], [-115.141654, 36.1676274], [-115.1416158, 36.1676863], [-115.1414575, 36.1679269], [-115.1414352, 36.1679607], [-115.141376, 36.1680547]]}, "properties": {"class": "primary"}}, {"type": "Feature", "geometry": {"type": "LineString", "coordinates": [[-115.1298007, 36.1710388], [-115.1297991, 36.1711321], [-115.1298033, 36.1717308], [-115.1298161, 36.1718838], [-115.1298579, 36.1720654], [-115.129923, 36.172222], [-115.1300207, 36.1724211]]}, "properties": {"class": "secondary"}}, {"type": "Feature", "geometry": {"type": "LineString", "coordinates": [[-115.1254021, 36.1786228], [-115.125401, 36.1784536]]}, "properties": {"class": "tertiary"}}, {"type": "Feature", "geometry": {"type": "LineString", "coordinates": [[-115.1608356, 36.1687351], [-115.1609134, 36.1686682], [-115.1609138, 36.1679125], [-115.1609252, 36.1672574]]}, "properties": {"class": "secondary"}}, {"type": "Feature", "geometry": {"type": "LineString", "coordinates": [[-115.1557782, 36.1463122], [-115.1558693, 36.1461692], [-115.1560707, 36.1458532], [-115.1563483, 36.1454227], [-115.1564896, 36.1452072], [-115.1565936, 36.1450484], [-115.1566927, 36.1449008], [-115.1569022, 36.144565]]}, "properties": {"class": "primary"}}, {"type": "Feature", "geometry": {"type": "LineString", "coordinates": [[-115.1567008, 36.1445672], [-115.1563704, 36.145069], [-115.1562841, 36.1452126], [-115.1561666, 36.1454084], [-115.1560525, 36.145582]]}, "properties": {"class": "primary"}}, {"type": "Feature", "geometry": {"type": "LineString", "coordinates": [[-115.1543627, 36.1484263], [-115.154304, 36.1483504], [-115.1542097, 36.1482912]]}, "properties": {"class": "secondary"}}, {"type": "Feature", "geometry": {"type": "LineString", "coordinates": [[-115.1543627, 36.1484263], [-115.1544485, 36.1483038], [-115.1547344, 36.1478755], [-115.155191, 36.1471942]]}, "properties": {"class": "primary"}}, {"type": "Feature", "geometry": {"type": "LineString", "coordinates": [[-115.1551422, 36.1469381], [-115.1548226, 36.1474048], [-115.1547472, 36.1475149], [-115.154586, 36.1477499]]}, "properties": {"class": "primary"}}, {"type": "Feature", "geometry": {"type": "LineString", "coordinates": [[-115.151981, 36.1520619], [-115.1518195, 36.1520568]]}, "properties": {"class": "secondary"}}, {"type": "Feature", "geometry": {"type": "LineString", "coordinates": [[-115.1445334, 36.1634517], [-115.1444297, 36.1633988]]}, "properties": {"class": "secondary"}}, {"type": "Feature", "geometry": {"type": "LineString", "coordinates": [[-115.1436599, 36.1645588], [-115.1437225, 36.1645858], [-115.1437824, 36.1646116]]}, "properties": {"class": "secondary"}}, {"type": "Feature", "geometry": {"type": "LineString", "coordinates": [[-115.142265, 36.1669477], [-115.142128, 36.1668921]]}, "properties": {"class": "tertiary"}}, {"type": "Feature", "geometry": {"type": "LineString", "coordinates": [[-115.142128, 36.1668921], [-115.1420613, 36.1669958], [-115.1417291, 36.1675117]]}, "properties": {"class": "primary"}}, {"type": "Feature", "geometry": {"type": "LineString", "coordinates": [[-115.142265, 36.1669477], [-115.1423379, 36.166835], [-115.1429872, 36.1658227], [-115.1430072, 36.1657947], [-115.1437067, 36.1647292], [-115.1437212, 36.1647], [-115.1437824, 36.1646116]]}, "properties": {"class": "primary"}}, {"type": "Feature", "geometry": {"type": "LineString", "coordinates": [[-115.1415, 36.1681091], [-115.1414397, 36.1680827], [-115.141376, 36.1680547]]}, "properties": {"class": "tertiary"}}, {"type": "Feature", "geometry": {"type": "LineString", "coordinates": [[-115.1407357, 36.1692667], [-115.1407622, 36.1692268], [-115.1407815, 36.1691971], [-115.1414186, 36.1682356], [-115.1414428, 36.168199], [-115.1415, 36.1681091]]}, "properties": {"class": "primary"}}, {"type": "Feature", "geometry": {"type": "LineString", "coordinates": [[-115.139957, 36.1704283], [-115.1399062, 36.1704077], [-115.139844, 36.1703825]]}, "properties": {"class": "tertiary"}}, {"type": "Feature", "geometry": {"type": "LineString", "coordinates": [[-115.1421737, 36.171413], [-115.1420696, 36.1713663], [-115.1415953, 36.1711574]]}, "properties": {"class": "tertiary"}}, {"type": "Feature", "geometry": {"type": "LineString", "coordinates": [[-115.1490071, 36.1675432], [-115.1486538, 36.1680814], [-115.1486434, 36.1680978], [-115.148601, 36.1681646]]}, "properties": {"class": "primary"}}, {"type": "Feature", "geometry": {"type": "LineString", "coordinates": [[-115.1509191, 36.1646967], [-115.1509855, 36.1645946], [-115.15101, 36.164557], [-115.1510977, 36.1644222]]}, "properties": {"class": "primary"}}, {"type": "Feature", "geometry": {"type": "LineString", "coordinates": [[-115.1501883, 36.1658202], [-115.1502339, 36.16575], [-115.1502531, 36.1657204], [-115.1504483, 36.16542]]}, "properties": {"class": "primary"}}, {"type": "Feature", "geometry": {"type": "LineString", "coordinates": [[-115.15053, 36.163038], [-115.150482, 36.1630174], [-115.1499644, 36.1627955], [-115.1495244, 36.162607], [-115.149487, 36.1625909]]}, "properties": {"class": "tertiary"}}, {"type": "Feature", "geometry": {"type": "LineString", "coordinates": [[-115.146051, 36.1611227], [-115.1460011, 36.161098], [-115.145949, 36.1610722]]}, "properties": {"class": "tertiary"}}, {"type": "Feature", "geometry": {"type": "LineString", "coordinates": [[-115.146815, 36.159945], [-115.1468658, 36.1598684], [-115.1470892, 36.1595333], [-115.1473531, 36.1591417], [-115.147424, 36.1590377], [-115.1474526, 36.1589978], [-115.1475113, 36.1589062]]}, "properties": {"class": "primary"}}, {"type": "Feature", "geometry": {"type": "LineString", "coordinates": [[-115.1473536, 36.158903], [-115.1472785, 36.1590236], [-115.1468853, 36.1596089]]}, "properties": {"class": "primary"}}, {"type": "Feature", "geometry": {"type": "LineString", "coordinates": [[-115.146699, 36.1598929], [-115.1466424, 36.159982], [-115.1460265, 36.1609504], [-115.1460102, 36.160976], [-115.145949, 36.1610722]]}, "properties": {"class": "primary"}}, {"type": "Feature", "geometry": {"type": "LineString", "coordinates": [[-115.146051, 36.1611227], [-115.1461185, 36.1610189], [-115.1464113, 36.1605684], [-115.1464996, 36.1604323], [-115.1467423, 36.1600573], [-115.146761, 36.1600284], [-115.146815, 36.159945]]}, "properties": {"class": "primary"}}, {"type": "Feature", "geometry": {"type": "LineString", "coordinates": [[-115.1425897, 36.1596296], [-115.1426455, 36.1595453], [-115.1428082, 36.1592995], [-115.1429252, 36.1591227], [-115.143009, 36.1589955], [-115.1430266, 36.1589689], [-115.1430645, 36.1589115]]}, "properties": {"class": "tertiary"}}, {"type": "Feature", "geometry": {"type": "LineString", "coordinates": [[-115.1580343, 36.1615953], [-115.1581711, 36.1613859]]}, "properties": {"class": "secondary"}}, {"type": "Feature", "geometry": {"type": "LineString", "coordinates": [[-115.1541672, 36.1589115], [-115.1547679, 36.1589068], [-115.1548036, 36.1589069], [-115.1548669, 36.1589071]]}, "properties": {"class": "primary"}}, {"type": "Feature", "geometry": {"type": "LineString", "coordinates": [[-115.1456003, 36.1639286], [-115.1454861, 36.1638775], [-115.1452386, 36.1637669], [-115.145034, 36.1636755], [-115.1447881, 36.1635656], [-115.1446404, 36.1634996], [-115.1446138, 36.1634877], [-115.1445334, 36.1634517]]}, "properties": {"class": "secondary"}}, {"type": "Feature", "geometry": {"type": "LineString", "coordinates": [[-115.158638, 36.1588724], [-115.1586276, 36.1589477]]}, "properties": {"class": "secondary"}}, {"type": "Feature", "geometry": {"type": "LineString", "coordinates": [[-115.160799, 36.183708], [-115.1607961, 36.1840573], [-115.160792, 36.1845345], [-115.1607697, 36.1871898], [-115.160769, 36.1876647]]}, "properties": {"class": "primary"}}, {"type": "Feature", "geometry": {"type": "LineString", "coordinates": [[-115.160799, 36.183708], [-115.1609537, 36.1837105]]}, "properties": {"class": "residential"}}, {"type": "Feature", "geometry": {"type": "LineString", "coordinates": [[-115.1609176, 36.1908073], [-115.1609227, 36.1902904], [-115.1609337, 36.1892594]]}, "properties": {"class": "primary"}}, {"type": "Feature", "geometry": {"type": "LineString", "coordinates": [[-115.1448546, 36.1695473], [-115.1447579, 36.1695088], [-115.1444469, 36.1693719], [-115.1442655, 36.1692938], [-115.144174, 36.1692472], [-115.1438205, 36.169099], [-115.143687, 36.169043]]}, "properties": {"class": "tertiary"}}, {"type": "Feature", "geometry": {"type": "LineString", "coordinates": [[-115.1459974, 36.1655645], [-115.1460951, 36.1656065], [-115.1466154, 36.1658304]]}, "properties": {"class": "secondary"}}, {"type": "Feature", "geometry": {"type": "LineString", "coordinates": [[-115.1509191, 36.1646967], [-115.1508028, 36.1646446], [-115.1507721, 36.1646315], [-115.1503566, 36.1644544], [-115.1498733, 36.1642533], [-115.1497989, 36.1642224]]}, "properties": {"class": "tertiary"}}, {"type": "Feature", "geometry": {"type": "LineString", "coordinates": [[-115.1497989, 36.1642224], [-115.1497006, 36.1641785], [-115.1494494, 36.1640662], [-115.1491972, 36.1639579]]}, "properties": {"class": "tertiary"}}, {"type": "Feature", "geometry": {"type": "LineString", "coordinates": [[-115.1465552, 36.1754537], [-115.1462248, 36.1754913], [-115.1459222, 36.1755134], [-115.1456301, 36.175519], [-115.1453152, 36.1755177], [-115.1449961, 36.1755055], [-115.1446371, 36.1754726]]}, "properties": {"class": "motorway"}}, {"type": "Feature", "geometry": {"type": "LineString", "coordinates": [[-115.1589192, 36.1590073], [-115.1589403, 36.1588951]]}, "properties": {"class": "secondary"}}, {"type": "Feature", "geometry": {"type": "LineString", "coordinates": [[-115.1586095, 36.1590754], [-115.158899, 36.1591094]]}, "properties": {"class": "primary"}}, {"type": "Feature", "geometry": {"type": "LineString", "coordinates": [[-115.1457398, 36.1773166], [-115.145898, 36.1773166], [-115.1459564, 36.1773179], [-115.1461368, 36.1773201], [-115.146192, 36.1772825]]}, "properties": {"class": "secondary"}}, {"type": "Feature", "geometry": {"type": "LineString", "coordinates": [[-115.143472, 36.1772694], [-115.1433976, 36.177265], [-115.1432617, 36.1772516], [-115.1431442, 36.1772322], [-115.1429845, 36.1771894], [-115.142947, 36.1771768], [-115.1428725, 36.1771478]]}, "properties": {"class": "secondary"}}, {"type": "Feature", "geometry": {"type": "LineString", "coordinates": [[-115.1432621, 36.1764907], [-115.1430703, 36.176647]]}, "properties": {"class": "secondary"}}, {"type": "Feature", "geometry": {"type": "LineString", "coordinates": [[-115.1432621, 36.1764907], [-115.1433763, 36.1763133], [-115.1434306, 36.176229], [-115.1437379, 36.1757517], [-115.1440827, 36.1752162]]}, "properties": {"class": "secondary"}}, {"type": "Feature", "geometry": {"type": "LineString", "coordinates": [[-115.142449, 36.1777989], [-115.1425717, 36.177616]]}, "properties": {"class": "secondary"}}, {"type": "Feature", "geometry": {"type": "LineString", "coordinates": [[-115.1370422, 36.1748784], [-115.1369659, 36.1748448], [-115.1369429, 36.1748347], [-115.1368606, 36.1747988]]}, "properties": {"class": "secondary"}}, {"type": "Feature", "geometry": {"type": "LineString", "coordinates": [[-115.160982, 36.1809148], [-115.1609799, 36.1808151]]}, "properties": {"class": "primary"}}, {"type": "Feature", "geometry": {"type": "LineString", "coordinates": [[-115.1481866, 36.1808819], [-115.1492788, 36.1808568], [-115.149464, 36.1808525], [-115.1496224, 36.1808495], [-115.1507158, 36.1808289], [-115.151676, 36.1808084], [-115.1517264, 36.1808073], [-115.151853, 36.1808046], [-115.1519722, 36.1808075], [-115.1520638, 36.1808085], [-115.1526787, 36.1808149], [-115.1539049, 36.1808241], [-115.1539976, 36.1808248], [-115.1541066, 36.1808259], [-115.1561309, 36.1808472], [-115.1561704, 36.1808476], [-115.156273, 36.1808487], [-115.1564098, 36.1808496], [-115.156447, 36.1808498], [-115.1582229, 36.1808612], [-115.1589838, 36.1808673]]}, "properties": {"class": "primary"}}, {"type": "Feature", "geometry": {"type": "LineString", "coordinates": [[-115.160792, 36.1809119], [-115.160982, 36.1809148]]}, "properties": {"class": "primary"}}, {"type": "Feature", "geometry": {"type": "LineString", "coordinates": [[-115.1589838, 36.1808673], [-115.1592339, 36.1809086], [-115.1598848, 36.1809058]]}, "properties": {"class": "primary"}}, {"type": "Feature", "geometry": {"type": "LineString", "coordinates": [[-115.1517985, 36.1771726], [-115.151965, 36.1771711], [-115.1533005, 36.177159], [-115.1553509, 36.1771429], [-115.1556504, 36.1771406], [-115.1564291, 36.1771345], [-115.1566179, 36.1771335], [-115.158581, 36.1771215], [-115.1589762, 36.177119], [-115.1590717, 36.1771184], [-115.1596598, 36.1771148]]}, "properties": {"class": "secondary"}}, {"type": "Feature", "geometry": {"type": "LineString", "coordinates": [[-115.1615212, 36.1770532], [-115.1610626, 36.1770396], [-115.1609004, 36.1770348]]}, "properties": {"class": "secondary"}}, {"type": "Feature", "geometry": {"type": "LineString", "coordinates": [[-115.1598505, 36.1771664], [-115.1602147, 36.1771703]]}, "properties": {"class": "secondary"}}, {"type": "Feature", "geometry": {"type": "LineString", "coordinates": [[-115.160789, 36.1808129], [-115.160792, 36.1809119]]}, "properties": {"class": "primary"}}, {"type": "Feature", "geometry": {"type": "LineString", "coordinates": [[-115.1598687, 36.1808107], [-115.1592686, 36.1808253], [-115.1589838, 36.1808673]]}, "properties": {"class": "primary"}}, {"type": "Feature", "geometry": {"type": "LineString", "coordinates": [[-115.1540805, 36.1521669], [-115.1539377, 36.1521609], [-115.1539009, 36.1521596], [-115.1535523, 36.1521446]]}, "properties": {"class": "secondary"}}, {"type": "Feature", "geometry": {"type": "LineString", "coordinates": [[-115.130499, 36.1739807], [-115.1304985, 36.1740796]]}, "properties": {"class": "secondary"}}, {"type": "Feature", "geometry": {"type": "LineString", "coordinates": [[-115.146192, 36.1772825], [-115.1461365, 36.1772484], [-115.1458768, 36.1772397], [-115.1457368, 36.1772339]]}, "properties": {"class": "secondary"}}, {"type": "Feature", "geometry": {"type": "LineString", "coordinates": [[-115.1437094, 36.1773643], [-115.1456185, 36.1773194], [-115.1457398, 36.1773166]]}, "properties": {"class": "secondary"}}, {"type": "Feature", "geometry": {"type": "LineString", "coordinates": [[-115.1457368, 36.1772339], [-115.1449574, 36.1772495], [-115.1444736, 36.1772608], [-115.1441377, 36.1772719], [-115.143472, 36.1772694]]}, "properties": {"class": "secondary"}}, {"type": "Feature", "geometry": {"type": "LineString", "coordinates": [[-115.1197305, 36.1935529], [-115.1196224, 36.1935927], [-115.1168811, 36.1936058], [-115.1165351, 36.1936075], [-115.1164259, 36.1936077], [-115.1163243, 36.1936025]]}, "properties": {"class": "residential"}}, {"type": "Feature", "geometry": {"type": "LineString", "coordinates": [[-115.1160776, 36.1892614], [-115.1160007, 36.1892603], [-115.1158378, 36.1892579], [-115.11303, 36.189217], [-115.112402, 36.189205], [-115.112321, 36.189214], [-115.112175, 36.189274], [-115.11211, 36.189283], [-115.112059, 36.189278], [-115.111928, 36.189214], [-115.111834, 36.18919], [-115.111668, 36.18919], [-115.111499, 36.189187], [-115.111411, 36.189209], [-115.111327, 36.18925], [-115.111226, 36.18927], [-115.11112, 36.189248], [-115.111035, 36.189204], [-115.110937, 36.189183], [-115.110308, 36.189179], [-115.107688, 36.189161]]}, "properties": {"class": "residential"}}, {"type": "Feature", "geometry": {"type": "LineString", "coordinates": [[-115.1172925, 36.1738859], [-115.1170667, 36.1738841], [-115.1169448, 36.1738831], [-115.1167011, 36.1738811]]}, "properties": {"class": "secondary"}}, {"type": "Feature", "geometry": {"type": "LineString", "coordinates": [[-115.1157552, 36.1738594], [-115.1156047, 36.1738547], [-115.1155071, 36.1738516], [-115.1152292, 36.1738428], [-115.1147632, 36.1738191], [-115.1143162, 36.1737963]]}, "properties": {"class": "secondary"}}, {"type": "Feature", "geometry": {"type": "LineString", "coordinates": [[-115.1161382, 36.1914413], [-115.1161442, 36.1919417]]}, "properties": {"class": "primary"}}, {"type": "Feature", "geometry": {"type": "LineString", "coordinates": [[-115.1341329, 36.188403], [-115.1339849, 36.1884042]]}, "properties": {"class": "secondary"}}, {"type": "Feature", "geometry": {"type": "LineString", "coordinates": [[-115.1426388, 36.1879651], [-115.1425354, 36.1880812], [-115.1423729, 36.188315], [-115.1423646, 36.1884135]]}, "properties": {"class": "tertiary"}}, {"type": "Feature", "geometry": {"type": "LineString", "coordinates": [[-115.1393571, 36.1824502], [-115.1392022, 36.182687], [-115.1387521, 36.1833749], [-115.1386342, 36.1835552], [-115.1384046, 36.1839061], [-115.1378254, 36.1847913], [-115.1377363, 36.1849275], [-115.1375588, 36.1851988], [-115.1372837, 36.1856193], [-115.1368853, 36.1862282], [-115.1368379, 36.1863006], [-115.1365006, 36.1868162], [-115.1364515, 36.1868912], [-115.1363588, 36.187033], [-115.136211, 36.1872589], [-115.1359149, 36.1877114]]}, "properties": {"class": "secondary"}}, {"type": "Feature", "geometry": {"type": "LineString", "coordinates": [[-115.1339876, 36.1879019], [-115.1339854, 36.188312], [-115.1339853, 36.1883367], [-115.1339849, 36.1884042]]}, "properties": {"class": "primary"}}, {"type": "Feature", "geometry": {"type": "LineString", "coordinates": [[-115.135534, 36.1776177], [-115.1355628, 36.1775579], [-115.1356031, 36.1774816], [-115.1356474, 36.1773977], [-115.1358429, 36.1770331], [-115.1359484, 36.1768297], [-115.1363303, 36.1762231]]}, "properties": {"class": "primary"}}, {"type": "Feature", "geometry": {"type": "LineString", "coordinates": [[-115.1340272, 36.182134], [-115.1340205, 36.1822961], [-115.1340186, 36.1825605], [-115.1340177, 36.1826896], [-115.1340234, 36.1829222], [-115.1340262, 36.1830401], [-115.1340266, 36.1830556], [-115.1340279, 36.1832349], [-115.1340283, 36.1832899], [-115.1340325, 36.1839171], [-115.1340376, 36.1846688], [-115.1340458, 36.1854138], [-115.1340506, 36.1857599], [-115.1340508, 36.1857764], [-115.1340543, 36.1861917], [-115.1340546, 36.1862244], [-115.134055, 36.186278]]}, "properties": {"class": "primary"}}, {"type": "Feature", "geometry": {"type": "LineString", "coordinates": [[-115.1339814, 36.188506], [-115.1341319, 36.1885052]]}, "properties": {"class": "secondary"}}, {"type": "Feature", "geometry": {"type": "LineString", "coordinates": [[-115.125052, 36.1892085], [-115.1251158, 36.1891377], [-115.1251172, 36.1886004], [-115.1251174, 36.1885036]]}, "properties": {"class": "tertiary"}}, {"type": "Feature", "geometry": {"type": "LineString", "coordinates": [[-115.1609113, 36.1752846], [-115.1609106, 36.1748862]]}, "properties": {"class": "primary"}}, {"type": "Feature", "geometry": {"type": "LineString", "coordinates": [[-115.1607351, 36.1755738], [-115.1607378, 36.1756532], [-115.1607387, 36.1756813]]}, "properties": {"class": "primary"}}, {"type": "Feature", "geometry": {"type": "LineString", "coordinates": [[-115.1590411, 36.1715429], [-115.1589033, 36.1715046], [-115.1587906, 36.1714732], [-115.1587109, 36.1714515], [-115.1585861, 36.171424], [-115.1584701, 36.1714045], [-115.1583233, 36.1713904], [-115.1582395, 36.1713839], [-115.1570378, 36.1713557], [-115.1568152, 36.1713455], [-115.1566523, 36.1713444], [-115.1565591, 36.1713433], [-115.1564318, 36.17134]]}, "properties": {"class": "tertiary"}}, {"type": "Feature", "geometry": {"type": "LineString", "coordinates": [[-115.1594029, 36.1717265], [-115.1595236, 36.1717395], [-115.1597757, 36.1717525], [-115.1598545, 36.1717528]]}, "properties": {"class": "tertiary"}}, {"type": "Feature", "geometry": {"type": "LineString", "coordinates": [[-115.1624992, 36.1661834], [-115.1621089, 36.1661778], [-115.161615, 36.1661746]]}, "properties": {"class": "secondary"}}, {"type": "Feature", "geometry": {"type": "LineString", "coordinates": [[-115.1608521, 36.1701852], [-115.1607487, 36.1703062], [-115.1607489, 36.1705094], [-115.1607481, 36.1705872], [-115.1607456, 36.1708372], [-115.160744, 36.1709912], [-115.1607411, 36.1712638]]}, "properties": {"class": "secondary"}}, {"type": "Feature", "geometry": {"type": "LineString", "coordinates": [[-115.1607367, 36.1717212], [-115.1609124, 36.1717218]]}, "properties": {"class": "tertiary"}}, {"type": "Feature", "geometry": {"type": "LineString", "coordinates": [[-115.1608521, 36.1701852], [-115.1608516, 36.1700896], [-115.1608511, 36.1699757], [-115.1608505, 36.169721], [-115.1608498, 36.1696752], [-115.1608482, 36.1695635], [-115.1608424, 36.1691689], [-115.16084, 36.1689561], [-115.1608364, 36.1687646]]}, "properties": {"class": "secondary"}}, {"type": "Feature", "geometry": {"type": "LineString", "coordinates": [[-115.1608626, 36.1663038], [-115.1609487, 36.166304]]}, "properties": {"class": "secondary"}}, {"type": "Feature", "geometry": {"type": "LineString", "coordinates": [[-115.1589003, 36.1661763], [-115.158786, 36.1661807], [-115.1585043, 36.1662061], [-115.1583642, 36.1662202]]}, "properties": {"class": "secondary"}}, {"type": "Feature", "geometry": {"type": "LineString", "coordinates": [[-115.162627, 36.1662457], [-115.1628714, 36.1662452], [-115.1635739, 36.1662449], [-115.1641095, 36.1662458], [-115.1646329, 36.1662466], [-115.1649349, 36.1662437]]}, "properties": {"class": "secondary"}}, {"type": "Feature", "geometry": {"type": "LineString", "coordinates": [[-115.1536131, 36.1668275], [-115.1532358, 36.1668752], [-115.1530789, 36.1668806], [-115.1529448, 36.1668795], [-115.1528067, 36.1668687], [-115.1526444, 36.1668373], [-115.1525344, 36.1668124], [-115.1524271, 36.1667799], [-115.1523245, 36.1667402], [-115.1521929, 36.1666859], [-115.1519739, 36.1665894], [-115.1509794, 36.1661621]]}, "properties": {"class": "secondary"}}, {"type": "Feature", "geometry": {"type": "LineString", "coordinates": [[-115.1600739, 36.1663013], [-115.1607312, 36.1663034]]}, "properties": {"class": "secondary"}}, {"type": "Feature", "geometry": {"type": "LineString", "coordinates": [[-115.1565187, 36.1665959], [-115.1566623, 36.1665779], [-115.1576341, 36.166456], [-115.1576612, 36.1664526], [-115.157781, 36.1664374]]}, "properties": {"class": "secondary"}}, {"type": "Feature", "geometry": {"type": "LineString", "coordinates": [[-115.1490445, 36.1653337], [-115.148962, 36.1652986], [-115.1488796, 36.165267], [-115.1487948, 36.1652371], [-115.1487147, 36.1652131], [-115.1486578, 36.1651992], [-115.1486206, 36.1651898], [-115.1485698, 36.1651768], [-115.1484494, 36.1651415]]}, "properties": {"class": "secondary"}}, {"type": "Feature", "geometry": {"type": "LineString", "coordinates": [[-115.1488678, 36.1589163], [-115.1489854, 36.1589154], [-115.1491472, 36.1589141], [-115.1493781, 36.1589122], [-115.149602, 36.1589103], [-115.149764, 36.1589078], [-115.1499597, 36.1589078], [-115.1503377, 36.1588946], [-115.1504363, 36.1588931]]}, "properties": {"class": "primary"}}, {"type": "Feature", "geometry": {"type": "LineString", "coordinates": [[-115.1459663, 36.1587722], [-115.1459679, 36.1587112], [-115.1459703, 36.1586649], [-115.1459888, 36.1583459], [-115.1460071, 36.158095], [-115.146022, 36.1578273], [-115.1460438, 36.1572847], [-115.146062, 36.1569598], [-115.146083, 36.1564449], [-115.1461529, 36.1551375], [-115.1461565, 36.1550567], [-115.1462091, 36.1539441], [-115.146212, 36.1538836], [-115.1462447, 36.1533814], [-115.1462593, 36.1531739], [-115.146266, 36.1530327], [-115.1462685, 36.1529772], [-115.1462714, 36.1529133], [-115.1462984, 36.1523205], [-115.1463007, 36.1522699], [-115.1463359, 36.151494], [-115.1463361, 36.1514907], [-115.1463015, 36.1514253], [-115.1462702, 36.1513621], [-115.1462704, 36.1513579], [-115.1463094, 36.1506455], [-115.1463603, 36.1497115], [-115.1463899, 36.1492742], [-115.1463948, 36.1492027], [-115.1463979, 36.1491529], [-115.1464359, 36.1485472], [-115.1464399, 36.1484849], [-115.1464751, 36.1478023], [-115.1464778, 36.1477497]]}, "properties": {"class": "residential"}}, {"type": "Feature", "geometry": {"type": "LineString", "coordinates": [[-115.1430645, 36.1589115], [-115.143165, 36.1589112], [-115.1437742, 36.1589096], [-115.1445033, 36.1589076], [-115.1448442, 36.1589067]]}, "properties": {"class": "primary"}}, {"type": "Feature", "geometry": {"type": "LineString", "coordinates": [[-115.1353641, 36.1588756], [-115.1351702, 36.1588782], [-115.1350451, 36.1588785], [-115.1348868, 36.1588788], [-115.134852, 36.1588789], [-115.1343106, 36.1588801], [-115.1342958, 36.1588801], [-115.133969, 36.1588809], [-115.1335796, 36.1588819], [-115.1334666, 36.1588821], [-115.1334334, 36.1588821]]}, "properties": {"class": "primary"}}, {"type": "Feature", "geometry": {"type": "LineString", "coordinates": [[-115.136851, 36.1588097], [-115.1367353, 36.1588101], [-115.1366369, 36.1588104], [-115.1363582, 36.1588113], [-115.1358531, 36.158813], [-115.135671, 36.1588136]]}, "properties": {"class": "primary"}}, {"type": "Feature", "geometry": {"type": "LineString", "coordinates": [[-115.1319792, 36.1588768], [-115.1316573, 36.1588771], [-115.1316467, 36.1588771], [-115.131304, 36.1588761], [-115.1311451, 36.1588765], [-115.1311263, 36.1588765], [-115.1309895, 36.1588768], [-115.1307334, 36.1588773], [-115.1305711, 36.1588777], [-115.130444, 36.158878], [-115.1301648, 36.1588786], [-115.1299878, 36.1588791], [-115.1299354, 36.1588792], [-115.1298232, 36.1588794], [-115.1296887, 36.1588797], [-115.1295157, 36.1588793]]}, "properties": {"class": "primary"}}, {"type": "Feature", "geometry": {"type": "LineString", "coordinates": [[-115.1328047, 36.1588128], [-115.1327088, 36.1588124], [-115.1325593, 36.1588118], [-115.132141, 36.1588099]]}, "properties": {"class": "primary"}}, {"type": "Feature", "geometry": {"type": "LineString", "coordinates": [[-115.1321443, 36.1589431], [-115.1326265, 36.158946], [-115.1326367, 36.1589461], [-115.132737, 36.1589467]]}, "properties": {"class": "primary"}}, {"type": "Feature", "geometry": {"type": "LineString", "coordinates": [[-115.124971, 36.1589316], [-115.1249702, 36.1590052], [-115.1249699, 36.1590351], [-115.1249698, 36.1590425], [-115.1249667, 36.1593308], [-115.1250342, 36.1594066]]}, "properties": {"class": "tertiary"}}, {"type": "Feature", "geometry": {"type": "LineString", "coordinates": [[-115.1242204, 36.158863], [-115.1234794, 36.1588632], [-115.1234099, 36.1588632], [-115.1231307, 36.1588633], [-115.1228262, 36.1588634], [-115.1226666, 36.1588635], [-115.1226251, 36.1588635], [-115.1223837, 36.1588635], [-115.1221973, 36.1588636], [-115.1221154, 36.1588636], [-115.1218473, 36.1588637], [-115.1216863, 36.1588638], [-115.1212799, 36.1588639], [-115.1211324, 36.1588639], [-115.1207194, 36.158864], [-115.1202004, 36.1588642], [-115.1195781, 36.1588644], [-115.1195272, 36.1588644]]}, "properties": {"class": "primary"}}, {"type": "Feature", "geometry": {"type": "LineString", "coordinates": [[-115.124972, 36.1588103], [-115.1249014, 36.1588098], [-115.1244476, 36.1588066], [-115.1243338, 36.1588058], [-115.1242204, 36.158863]]}, "properties": {"class": "primary"}}, {"type": "Feature", "geometry": {"type": "LineString", "coordinates": [[-115.1250342, 36.1594066], [-115.1250887, 36.159347], [-115.1250879, 36.1592658], [-115.1250852, 36.159052], [-115.1250848, 36.1590415]]}, "properties": {"class": "tertiary"}}, {"type": "Feature", "geometry": {"type": "LineString", "coordinates": [[-115.125084, 36.1589323], [-115.1251986, 36.1589329], [-115.1255004, 36.1589346], [-115.1256193, 36.1589353], [-115.1256681, 36.1589356], [-115.1257889, 36.1588779]]}, "properties": {"class": "primary"}}, {"type": "Feature", "geometry": {"type": "LineString", "coordinates": [[-115.118782, 36.158795], [-115.1187083, 36.1587955], [-115.1185864, 36.1587937], [-115.1180577, 36.1587924], [-115.1172821, 36.1587904], [-115.1170984, 36.1587899], [-115.1168906, 36.1587894], [-115.116861, 36.1587893], [-115.1167961, 36.1587912], [-115.116657, 36.1587888]]}, "properties": {"class": "primary"}}, {"type": "Feature", "geometry": {"type": "LineString", "coordinates": [[-115.1159645, 36.1587894], [-115.1152905, 36.1587887], [-115.1148368, 36.1587884], [-115.1144474, 36.1587881], [-115.1139114, 36.1587877], [-115.1127427, 36.1587885], [-115.1117266, 36.1587864], [-115.1115776, 36.1587869]]}, "properties": {"class": "primary"}}, {"type": "Feature", "geometry": {"type": "LineString", "coordinates": [[-115.1584751, 36.1885107], [-115.1593358, 36.1885175], [-115.1596771, 36.1885216], [-115.1601174, 36.1885269]]}, "properties": {"class": "secondary"}}, {"type": "Feature", "geometry": {"type": "LineString", "coordinates": [[-115.1530074, 36.188405], [-115.1534414, 36.1884123], [-115.1541261, 36.1884148], [-115.1550428, 36.188418], [-115.1551676, 36.1884185], [-115.1553309, 36.1884187]]}, "properties": {"class": "secondary"}}, {"type": "Feature", "geometry": {"type": "LineString", "coordinates": [[-115.1608546, 36.1885346], [-115.1609409, 36.1885341]]}, "properties": {"class": "secondary"}}, {"type": "Feature", "geometry": {"type": "LineString", "coordinates": [[-115.1608554, 36.1884031], [-115.160769, 36.1884028]]}, "properties": {"class": "secondary"}}, {"type": "Feature", "geometry": {"type": "LineString", "coordinates": [[-115.1321884, 36.1480107], [-115.1322877, 36.1479684], [-115.1324852, 36.1479676], [-115.1328128, 36.1479664], [-115.132917, 36.1479659], [-115.1330285, 36.1479654], [-115.1331369, 36.1480075]]}, "properties": {"class": "tertiary"}}, {"type": "Feature", "geometry": {"type": "LineString", "coordinates": [[-115.1331369, 36.1480075], [-115.1344898, 36.1479891], [-115.1349096, 36.1479841], [-115.1368295, 36.1479611], [-115.1368515, 36.1479601], [-115.1369538, 36.1479604]]}, "properties": {"class": "tertiary"}}, {"type": "Feature", "geometry": {"type": "LineString", "coordinates": [[-115.1331369, 36.1480075], [-115.133038, 36.1480564], [-115.1329197, 36.1480586], [-115.1328165, 36.1480606], [-115.132312, 36.1480574], [-115.1321884, 36.1480107]]}, "properties": {"class": "tertiary"}}, {"type": "Feature", "geometry": {"type": "LineString", "coordinates": [[-115.1371231, 36.1479588], [-115.137217, 36.1479978], [-115.1374603, 36.147995], [-115.1379608, 36.1479892]]}, "properties": {"class": "tertiary"}}, {"type": "Feature", "geometry": {"type": "LineString", "coordinates": [[-115.1527201, 36.1472232], [-115.1527041, 36.1473039], [-115.1527009, 36.1473798], [-115.1527008, 36.1474466], [-115.152707, 36.1474959]]}, "properties": {"class": "secondary"}}, {"type": "Feature", "geometry": {"type": "LineString", "coordinates": [[-115.1529663, 36.1476544], [-115.1529541, 36.14764], [-115.15291, 36.1475759], [-115.1528866, 36.14752], [-115.1528606, 36.1474484], [-115.1528514, 36.1473743], [-115.1528535, 36.1473032]]}, "properties": {"class": "secondary"}}, {"type": "Feature", "geometry": {"type": "LineString", "coordinates": [[-115.1527098, 36.1479789], [-115.1527649, 36.1479493], [-115.1527728, 36.1479414], [-115.1527954, 36.1479246], [-115.1528252, 36.1479098], [-115.1528696, 36.1478937], [-115.1529152, 36.1478883], [-115.152981, 36.1478936]]}, "properties": {"class": "residential"}}, {"type": "Feature", "geometry": {"type": "LineString", "coordinates": [[-115.1528233, 36.1471533], [-115.152831, 36.1471389], [-115.1528837, 36.1470401], [-115.1529489, 36.146929], [-115.1531512, 36.1466124], [-115.1535404, 36.146006], [-115.1537019, 36.1457536], [-115.1538897, 36.1454611], [-115.1540414, 36.14525], [-115.1542745, 36.144884], [-115.1544489, 36.1445904]]}, "properties": {"class": "secondary"}}, {"type": "Feature", "geometry": {"type": "LineString", "coordinates": [[-115.1542097, 36.1482912], [-115.1540795, 36.1482328], [-115.1535833, 36.1480144], [-115.1534458, 36.1479522]]}, "properties": {"class": "secondary"}}, {"type": "Feature", "geometry": {"type": "LineString", "coordinates": [[-115.1527737, 36.1478152], [-115.1527411, 36.1478666], [-115.152707, 36.1479281], [-115.1527098, 36.1479789]]}, "properties": {"class": "residential"}}, {"type": "Feature", "geometry": {"type": "LineString", "coordinates": [[-115.1521134, 36.1476603], [-115.1522258, 36.1476771], [-115.1523404, 36.147698], [-115.1524837, 36.1477287], [-115.152624, 36.1477634], [-115.1526605, 36.1477719], [-115.1527737, 36.1478152]]}, "properties": {"class": "tertiary"}}, {"type": "Feature", "geometry": {"type": "LineString", "coordinates": [[-115.1356292, 36.1610858], [-115.1355847, 36.1611121], [-115.1355474, 36.1611323], [-115.1354872, 36.1611588], [-115.1354021, 36.1611845], [-115.1352235, 36.1612261], [-115.1349091, 36.1612957], [-115.1348084, 36.161318], [-115.1345264, 36.1613805], [-115.1344301, 36.1614063], [-115.1343363, 36.1614349], [-115.1342596, 36.161468], [-115.1341825, 36.1615083], [-115.1340997, 36.161557], [-115.1340207, 36.161611], [-115.1339567, 36.1616681]]}, "properties": {"class": "secondary"}}, {"type": "Feature", "geometry": {"type": "LineString", "coordinates": [[-115.118695, 36.1443881], [-115.1186951, 36.1446745], [-115.1186968, 36.1449621], [-115.1186974, 36.1450541], [-115.1187005, 36.1455794], [-115.1187018, 36.1457949], [-115.118703, 36.1459903], [-115.1187031, 36.1460108], [-115.1187048, 36.1462391], [-115.1187052, 36.1462688], [-115.1187067, 36.1464364], [-115.1187193, 36.1476538]]}, "properties": {"class": "primary"}}, {"type": "Feature", "geometry": {"type": "LineString", "coordinates": [[-115.1427554, 36.1771141], [-115.1426513, 36.1770705], [-115.1422749, 36.1769185]]}, "properties": {"class": "secondary"}}, {"type": "Feature", "geometry": {"type": "LineString", "coordinates": [[-115.1427554, 36.1771141], [-115.1426988, 36.1771966]]}, "properties": {"class": "secondary"}}, {"type": "Feature", "geometry": {"type": "LineString", "coordinates": [[-115.1428148, 36.1772437], [-115.1428839, 36.1772714], [-115.1429503, 36.1772971], [-115.1430656, 36.1773296], [-115.1431453, 36.1773428]]}, "properties": {"class": "secondary"}}, {"type": "Feature", "geometry": {"type": "LineString", "coordinates": [[-115.1428148, 36.1772437], [-115.1428725, 36.1771478]]}, "properties": {"class": "secondary"}}, {"type": "Feature", "geometry": {"type": "LineString", "coordinates": [[-115.1609104, 36.174734], [-115.1609092, 36.1742793], [-115.1609072, 36.1734628]]}, "properties": {"class": "secondary"}}, {"type": "Feature", "geometry": {"type": "LineString", "coordinates": [[-115.139844, 36.1703825], [-115.1397745, 36.1704893], [-115.139388, 36.171083], [-115.139187, 36.1713969]]}, "properties": {"class": "primary"}}, {"type": "Feature", "geometry": {"type": "LineString", "coordinates": [[-115.139957, 36.1704283], [-115.1400168, 36.1703392], [-115.1404483, 36.1696929]]}, "properties": {"class": "primary"}}, {"type": "Feature", "geometry": {"type": "LineString", "coordinates": [[-115.139996, 36.1689488], [-115.1396483, 36.1687994], [-115.13963, 36.1687939], [-115.1395395, 36.1687527], [-115.1394589, 36.168718], [-115.1394213, 36.1687019], [-115.1389699, 36.1685079], [-115.1385229, 36.1683158], [-115.1384866, 36.1683002], [-115.1383829, 36.1682556]]}, "properties": {"class": "primary"}}, {"type": "Feature", "geometry": {"type": "LineString", "coordinates": [[-115.1435505, 36.1615246], [-115.1430613, 36.1613119], [-115.142949, 36.161263], [-115.1428812, 36.1612339], [-115.1424029, 36.1610286]]}, "properties": {"class": "residential"}}, {"type": "Feature", "geometry": {"type": "LineString", "coordinates": [[-115.1451927, 36.1622346], [-115.1451334, 36.1623216], [-115.1449394, 36.1626062], [-115.1445099, 36.1632751], [-115.1444902, 36.1633057], [-115.1444297, 36.1633988]]}, "properties": {"class": "primary"}}, {"type": "Feature", "geometry": {"type": "LineString", "coordinates": [[-115.145297, 36.1622835], [-115.1452381, 36.1622559], [-115.1451927, 36.1622346]]}, "properties": {"class": "tertiary"}}, {"type": "Feature", "geometry": {"type": "LineString", "coordinates": [[-115.145297, 36.1622835], [-115.1453591, 36.1621838], [-115.1456844, 36.1616618], [-115.1457014, 36.1616311], [-115.1459581, 36.1612578], [-115.1459867, 36.1612185], [-115.146051, 36.1611227]]}, "properties": {"class": "primary"}}, {"type": "Feature", "geometry": {"type": "LineString", "coordinates": [[-115.1589403, 36.1588951], [-115.158638, 36.1588724]]}, "properties": {"class": "primary"}}, {"type": "Feature", "geometry": {"type": "LineString", "coordinates": [[-115.152217, 36.1588956], [-115.1522695, 36.1587662]]}, "properties": {"class": "primary"}}, {"type": "Feature", "geometry": {"type": "LineString", "coordinates": [[-115.1609115, 36.175707], [-115.1609115, 36.1755996]]}, "properties": {"class": "primary"}}, {"type": "Feature", "geometry": {"type": "LineString", "coordinates": [[-115.155192, 36.165681], [-115.1551699, 36.1658651], [-115.1551755, 36.1661944], [-115.1551951, 36.1665054], [-115.1551968, 36.1665327], [-115.1552036, 36.1666199]]}, "properties": {"class": "secondary"}}, {"type": "Feature", "geometry": {"type": "LineString", "coordinates": [[-115.154875, 36.1686189], [-115.1547849, 36.16858]]}, "properties": {"class": "tertiary"}}, {"type": "Feature", "geometry": {"type": "LineString", "coordinates": [[-115.1157632, 36.168081], [-115.1157901, 36.1684196], [-115.115817, 36.1687495], [-115.115832, 36.1689332]]}, "properties": {"class": "primary"}}, {"type": "Feature", "geometry": {"type": "LineString", "coordinates": [[-115.11589, 36.1665651], [-115.1158771, 36.1664033], [-115.1158791, 36.1662562], [-115.1158902, 36.1659722], [-115.1158941, 36.1658718], [-115.1159215, 36.1653362], [-115.1159258, 36.1652542], [-115.1159286, 36.1652005], [-115.1159286, 36.1650862], [-115.1159268, 36.1649619], [-115.115921, 36.1648767], [-115.115918, 36.1648319], [-115.1159038, 36.1647162], [-115.1159003, 36.1646724], [-115.1158967, 36.1646276], [-115.115896, 36.1645454], [-115.1158985, 36.1644033], [-115.1159021, 36.1643019], [-115.1159079, 36.1641859], [-115.1159256, 36.1638233], [-115.1159592, 36.1631009], [-115.1159762, 36.1629297], [-115.1159886, 36.1628454], [-115.1160045, 36.162744], [-115.116014, 36.1626951], [-115.1160257, 36.1626354], [-115.1160462, 36.1625002], [-115.1160576, 36.1623983], [-115.1160682, 36.1623082], [-115.1160752, 36.1622115], [-115.1160806, 36.1620625], [-115.1160818, 36.1618872], [-115.1160857, 36.1618286], [-115.1160912, 36.1617739], [-115.1160993, 36.1617376], [-115.1161157, 36.1616646], [-115.1161484, 36.1615675], [-115.116187, 36.1614977], [-115.1162302, 36.1614374], [-115.116299, 36.1613507], [-115.1163761, 36.1612725], [-115.1164485, 36.161215], [-115.1165115, 36.1611725], [-115.1166049, 36.1611235], [-115.1167333, 36.1610604], [-115.1170702, 36.1609047], [-115.1175693, 36.1606749], [-115.1176907, 36.1606108], [-115.1177441, 36.1605793], [-115.1177818, 36.160557], [-115.1178577, 36.1605042], [-115.117937, 36.160443], [-115.1180071, 36.1603789], [-115.1180818, 36.1603035], [-115.1181519, 36.1602177], [-115.1182277, 36.1601272], [-115.1184455, 36.1598523], [-115.1184645, 36.1598319], [-115.118513, 36.1597705]]}, "properties": {"class": "primary"}}, {"type": "Feature", "geometry": {"type": "LineString", "coordinates": [[-115.11837, 36.1597059], [-115.118513, 36.1597705]]}, "properties": {"class": "primary"}}, {"type": "Feature", "geometry": {"type": "LineString", "coordinates": [[-115.11837, 36.1597059], [-115.1183295, 36.1597567], [-115.1183073, 36.1597828], [-115.1180883, 36.1600567]]}, "properties": {"class": "primary"}}, {"type": "Feature", "geometry": {"type": "LineString", "coordinates": [[-115.1177676, 36.1594712], [-115.1179712, 36.1595404], [-115.1182688, 36.1596622], [-115.1183067, 36.1596792], [-115.11837, 36.1597059]]}, "properties": {"class": "primary"}}, {"type": "Feature", "geometry": {"type": "LineString", "coordinates": [[-115.1176934, 36.1604503], [-115.1176084, 36.1604978], [-115.1175209, 36.1605431], [-115.1174088, 36.1605996], [-115.1167842, 36.1608793], [-115.116638, 36.1609464], [-115.1165297, 36.1610017], [-115.1164328, 36.1610516], [-115.1163417, 36.1611067], [-115.116279, 36.1611564], [-115.1162039, 36.1612267], [-115.1161436, 36.1612906], [-115.1160667, 36.1613914], [-115.1159921, 36.1615029], [-115.1159702, 36.1615517], [-115.1159545, 36.1616035], [-115.1159397, 36.1616544], [-115.1159303, 36.1617086], [-115.115921, 36.1617822], [-115.115912, 36.1619946], [-115.1159008, 36.1622608], [-115.1158928, 36.1623669], [-115.1158763, 36.162499], [-115.1158673, 36.1625531], [-115.1158539, 36.1626376], [-115.1158378, 36.1627458], [-115.1158227, 36.162852], [-115.115807, 36.1629613], [-115.1157949, 36.1630555], [-115.1157882, 36.1631497], [-115.1157748, 36.1634182], [-115.1157372, 36.1642497], [-115.1157296, 36.1643961], [-115.1157291, 36.1644252], [-115.115727, 36.1645423], [-115.1157305, 36.1646157], [-115.1157347, 36.164698], [-115.1157496, 36.1648388], [-115.1157615, 36.1649633], [-115.1157627, 36.1650737], [-115.1157534, 36.1652982], [-115.1157308, 36.1658681]]}, "properties": {"class": "primary"}}, {"type": "Feature", "geometry": {"type": "LineString", "coordinates": [[-115.115909, 36.1701976], [-115.1159343, 36.1706483], [-115.1159643, 36.1710869], [-115.1159772, 36.1712727], [-115.1159965, 36.171549], [-115.116006, 36.1716802]]}, "properties": {"class": "primary"}}, {"type": "Feature", "geometry": {"type": "LineString", "coordinates": [[-115.116044, 36.1689315], [-115.1160038, 36.1680821]]}, "properties": {"class": "primary"}}, {"type": "Feature", "geometry": {"type": "LineString", "coordinates": [[-115.1334471, 36.1646475], [-115.1335094, 36.1645519], [-115.1340185, 36.1637718], [-115.1341543, 36.1635637], [-115.1342113, 36.1634763], [-115.1342735, 36.1633811], [-115.1345481, 36.1629603], [-115.1349337, 36.1623695], [-115.1349634, 36.1623239]]}, "properties": {"class": "secondary"}}, {"type": "Feature", "geometry": {"type": "LineString", "coordinates": [[-115.1447961, 36.174004], [-115.1447407, 36.17409], [-115.1447229, 36.1741177], [-115.1443991, 36.17462], [-115.1441137, 36.1750628], [-115.1440589, 36.175148]]}, "properties": {"class": "secondary"}}, {"type": "Feature", "geometry": {"type": "LineString", "coordinates": [[-115.1610019, 36.1816099], [-115.1609849, 36.1810163], [-115.160984, 36.1809831], [-115.160982, 36.1809148]]}, "properties": {"class": "primary"}}, {"type": "Feature", "geometry": {"type": "LineString", "coordinates": [[-115.1619983, 36.1606752], [-115.162117, 36.160691], [-115.1627145, 36.1606939], [-115.1629267, 36.1606924], [-115.1630152, 36.1606926], [-115.1631561, 36.1606928], [-115.163251, 36.160693]]}, "properties": {"class": "residential"}}, {"type": "Feature", "geometry": {"type": "LineString", "coordinates": [[-115.1628438, 36.1643141], [-115.1630924, 36.1643145], [-115.1633276, 36.1643148], [-115.1638878, 36.1643157], [-115.1639069, 36.1643157], [-115.1640092, 36.1643159], [-115.1642283, 36.1643162], [-115.1643305, 36.1643163], [-115.1644757, 36.1643165], [-115.1644936, 36.1643165], [-115.1646795, 36.1643168], [-115.1654492, 36.164318], [-115.1660349, 36.1643184], [-115.1665694, 36.1643187], [-115.167063, 36.164319], [-115.1677463, 36.164326]]}, "properties": {"class": "tertiary"}}, {"type": "Feature", "geometry": {"type": "LineString", "coordinates": [[-115.1168412, 36.1811358], [-115.1163028, 36.1811356], [-115.1162761, 36.1811356], [-115.11615, 36.1811355]]}, "properties": {"class": "secondary"}}, {"type": "Feature", "geometry": {"type": "LineString", "coordinates": [[-115.115969, 36.1812768], [-115.116149, 36.1812807]]}, "properties": {"class": "secondary"}}, {"type": "Feature", "geometry": {"type": "LineString", "coordinates": [[-115.1206063, 36.1812747], [-115.1206067, 36.1813411], [-115.1206123, 36.182355], [-115.1206162, 36.1830379], [-115.1206197, 36.1836707], [-115.12062, 36.1837194], [-115.1206205, 36.1838022], [-115.1206258, 36.1847747], [-115.1206262, 36.1848429]]}, "properties": {"class": "tertiary"}}, {"type": "Feature", "geometry": {"type": "LineString", "coordinates": [[-115.1206055, 36.1811301], [-115.1206058, 36.1811913]]}, "properties": {"class": "tertiary"}}, {"type": "Feature", "geometry": {"type": "LineString", "coordinates": [[-115.1236769, 36.1811239], [-115.121704, 36.1811294]]}, "properties": {"class": "secondary"}}, {"type": "Feature", "geometry": {"type": "LineString", "coordinates": [[-115.1206055, 36.1811301], [-115.1168412, 36.1811358]]}, "properties": {"class": "secondary"}}, {"type": "Feature", "geometry": {"type": "LineString", "coordinates": [[-115.1162806, 36.1738719], [-115.1162789, 36.1738106], [-115.1162721, 36.1735669], [-115.1162642, 36.1734281], [-115.1162265, 36.1727618], [-115.1162025, 36.1723457]]}, "properties": {"class": "primary"}}, {"type": "Feature", "geometry": {"type": "LineString", "coordinates": [[-115.11615, 36.1811355], [-115.115972, 36.1811349]]}, "properties": {"class": "secondary"}}, {"type": "Feature", "geometry": {"type": "LineString", "coordinates": [[-115.116149, 36.1812807], [-115.11615, 36.1811355]]}, "properties": {"class": "primary"}}, {"type": "Feature", "geometry": {"type": "LineString", "coordinates": [[-115.116149, 36.1812807], [-115.1162722, 36.1812805], [-115.1166189, 36.1812801], [-115.1194784, 36.1812762], [-115.1206063, 36.1812747]]}, "properties": {"class": "secondary"}}, {"type": "Feature", "geometry": {"type": "LineString", "coordinates": [[-115.116013, 36.184863], [-115.1160139, 36.1849578], [-115.1160156, 36.1851498], [-115.1160171, 36.1853381], [-115.1160187, 36.185548], [-115.1160218, 36.1859312], [-115.1160244, 36.1862624], [-115.1160257, 36.1864223], [-115.1160278, 36.1866881], [-115.1160322, 36.1868622], [-115.1160387, 36.1873815], [-115.1160464, 36.1879188], [-115.1160494, 36.1883399], [-115.1160495, 36.1883585], [-115.11605, 36.1884347]]}, "properties": {"class": "primary"}}, {"type": "Feature", "geometry": {"type": "LineString", "coordinates": [[-115.1206058, 36.1811913], [-115.120606, 36.1812198]]}, "properties": {"class": "tertiary"}}, {"type": "Feature", "geometry": {"type": "LineString", "coordinates": [[-115.1206063, 36.1812747], [-115.1207074, 36.1812747], [-115.1224425, 36.1812668]]}, "properties": {"class": "secondary"}}, {"type": "Feature", "geometry": {"type": "LineString", "coordinates": [[-115.1206262, 36.1848429], [-115.1206267, 36.1849402], [-115.1206326, 36.1859786], [-115.1206338, 36.1862039], [-115.1206364, 36.1866649], [-115.1206401, 36.1873296], [-115.1206405, 36.1873967], [-115.1206414, 36.1875611], [-115.1206462, 36.1884153]]}, "properties": {"class": "tertiary"}}, {"type": "Feature", "geometry": {"type": "LineString", "coordinates": [[-115.1239602, 36.1812667], [-115.1249215, 36.1812699], [-115.1249432, 36.18127], [-115.1250118, 36.1812702]]}, "properties": {"class": "secondary"}}, {"type": "Feature", "geometry": {"type": "LineString", "coordinates": [[-115.123676, 36.1812677], [-115.1236762, 36.1813303], [-115.1236776, 36.1816798], [-115.123655, 36.18235], [-115.123652, 36.183033], [-115.123651, 36.183379], [-115.123629, 36.183488], [-115.123533, 36.183619]]}, "properties": {"class": "residential"}}, {"type": "Feature", "geometry": {"type": "LineString", "coordinates": [[-115.115972, 36.1811349], [-115.115859, 36.181133], [-115.1155613, 36.1811276], [-115.113215, 36.1810859], [-115.112079, 36.1810657]]}, "properties": {"class": "secondary"}}, {"type": "Feature", "geometry": {"type": "LineString", "coordinates": [[-115.1494233, 36.1787393], [-115.1493721, 36.1779023], [-115.1493726, 36.1778396], [-115.1493731, 36.1778021], [-115.1493816, 36.177724]]}, "properties": {"class": "tertiary"}}, {"type": "Feature", "geometry": {"type": "LineString", "coordinates": [[-115.1492545, 36.177901], [-115.1492595, 36.1779071], [-115.1492779, 36.1779296], [-115.149287, 36.1779473], [-115.1492908, 36.1779649], [-115.1493525, 36.1789902]]}, "properties": {"class": "tertiary"}}, {"type": "Feature", "geometry": {"type": "LineString", "coordinates": [[-115.1492622, 36.1776081], [-115.1492634, 36.1777442], [-115.149264, 36.1777712], [-115.1492611, 36.1777886], [-115.149253, 36.1778075], [-115.1492281, 36.1778397], [-115.1492229, 36.1778491], [-115.1492221, 36.1778607], [-115.1492265, 36.1778706], [-115.1492545, 36.177901]]}, "properties": {"class": "tertiary"}}, {"type": "Feature", "geometry": {"type": "LineString", "coordinates": [[-115.146352, 36.191627], [-115.146298, 36.191656], [-115.143581, 36.191661], [-115.143516, 36.19164]]}, "properties": {"class": "residential"}}, {"type": "Feature", "geometry": {"type": "LineString", "coordinates": [[-115.1469265, 36.1787883], [-115.1469214, 36.1786304], [-115.1469224, 36.1786059], [-115.1469262, 36.178589], [-115.1469388, 36.1785586], [-115.1469609, 36.1785079], [-115.1469759, 36.1784805], [-115.1469843, 36.1784618], [-115.1469934, 36.1784382], [-115.1469872, 36.1784135]]}, "properties": {"class": "secondary"}}, {"type": "Feature", "geometry": {"type": "LineString", "coordinates": [[-115.1469872, 36.1784135], [-115.1469797, 36.178389], [-115.146964, 36.1783556], [-115.1469519, 36.178343], [-115.1469254, 36.1783155], [-115.1469136, 36.1782666], [-115.1469074, 36.1782446], [-115.146893, 36.1781624], [-115.146873, 36.1780667], [-115.1468243, 36.1779583]]}, "properties": {"class": "secondary"}}, {"type": "Feature", "geometry": {"type": "LineString", "coordinates": [[-115.1468243, 36.1779583], [-115.1467914, 36.1780692], [-115.1467975, 36.1781935], [-115.1468129, 36.1782818], [-115.1468345, 36.1783713], [-115.1468408, 36.1784115], [-115.1468524, 36.1784534], [-115.1468583, 36.1784969], [-115.1468582, 36.1785192], [-115.1468554, 36.1785457], [-115.1468515, 36.17856], [-115.146846, 36.1785761]]}, "properties": {"class": "secondary"}}, {"type": "Feature", "geometry": {"type": "LineString", "coordinates": [[-115.147229, 36.1884778], [-115.147258, 36.189463], [-115.147304, 36.190228], [-115.147341, 36.190863], [-115.147397, 36.191906], [-115.1474, 36.192381], [-115.147401, 36.1927146], [-115.1473973, 36.1934345], [-115.147404, 36.193704], [-115.147406, 36.19441], [-115.147408, 36.195138], [-115.1474122, 36.1955376], [-115.1474141, 36.1957144]]}, "properties": {"class": "tertiary"}}, {"type": "Feature", "geometry": {"type": "LineString", "coordinates": [[-115.1469906, 36.1819052], [-115.1470394, 36.1818353], [-115.1470263, 36.181416], [-115.1470236, 36.1813394]]}, "properties": {"class": "tertiary"}}, {"type": "Feature", "geometry": {"type": "LineString", "coordinates": [[-115.1519146, 36.1888678], [-115.1519122, 36.1890034], [-115.1519119, 36.1890221], [-115.151895, 36.1894637], [-115.1518942, 36.1895908], [-115.1518905, 36.1900072], [-115.1518523, 36.1912725], [-115.1518438, 36.1916143], [-115.1518374, 36.1920327], [-115.1518447, 36.1926516], [-115.1518491, 36.1929839], [-115.1518544, 36.1934272], [-115.1518575, 36.19368], [-115.1518572, 36.1939182], [-115.1518578, 36.1944926], [-115.1518588, 36.1955187], [-115.151859, 36.195687]]}, "properties": {"class": "tertiary"}}, {"type": "Feature", "geometry": {"type": "LineString", "coordinates": [[-115.1518612, 36.1884645], [-115.1518605, 36.1885404], [-115.1518581, 36.188807], [-115.1519146, 36.1888678]]}, "properties": {"class": "tertiary"}}, {"type": "Feature", "geometry": {"type": "LineString", "coordinates": [[-115.1519146, 36.1888678], [-115.1519685, 36.1888058], [-115.1519704, 36.1885716], [-115.1519706, 36.1885474], [-115.1519713, 36.1884652]]}, "properties": {"class": "tertiary"}}, {"type": "Feature", "geometry": {"type": "LineString", "coordinates": [[-115.1616521, 36.1586579], [-115.1616547, 36.1588725], [-115.1616548, 36.1589069], [-115.1616555, 36.1590692]]}, "properties": {"class": "tertiary"}}, {"type": "Feature", "geometry": {"type": "LineString", "coordinates": [[-115.1617483, 36.1590681], [-115.1617472, 36.1588693], [-115.1617442, 36.158657]]}, "properties": {"class": "tertiary"}}, {"type": "Feature", "geometry": {"type": "LineString", "coordinates": [[-115.16185, 36.1617379], [-115.1618509, 36.1618811], [-115.1618569, 36.1631474], [-115.1618546, 36.1632631], [-115.1618498, 36.1633709]]}, "properties": {"class": "secondary"}}, {"type": "Feature", "geometry": {"type": "LineString", "coordinates": [[-115.1617442, 36.158657], [-115.1617397, 36.1581869], [-115.1617453, 36.1578853], [-115.1617682, 36.1576761], [-115.1618349, 36.1572475], [-115.1618522, 36.157179], [-115.1618812, 36.1570642], [-115.1619501, 36.1568422], [-115.1620659, 36.1565179], [-115.1621509, 36.1563095], [-115.1622351, 36.156129], [-115.1623242, 36.15595], [-115.1626701, 36.1553748], [-115.1629078, 36.1549809], [-115.1629951, 36.1548327], [-115.1632356, 36.1544412]]}, "properties": {"class": "tertiary"}}, {"type": "Feature", "geometry": {"type": "LineString", "coordinates": [[-115.1607858, 36.1668906], [-115.1607838, 36.1669458], [-115.1607802, 36.1674032], [-115.1607745, 36.1680743]]}, "properties": {"class": "secondary"}}, {"type": "Feature", "geometry": {"type": "LineString", "coordinates": [[-115.1587868, 36.1598914], [-115.1588382, 36.1595557]]}, "properties": {"class": "secondary"}}, {"type": "Feature", "geometry": {"type": "LineString", "coordinates": [[-115.140252, 36.1846474], [-115.1402527, 36.1847725], [-115.1402384, 36.1849854], [-115.14019, 36.185205]]}, "properties": {"class": "residential"}}, {"type": "Feature", "geometry": {"type": "LineString", "coordinates": [[-115.1339574, 36.1740408], [-115.1333549, 36.17404], [-115.1333115, 36.1740382], [-115.1327164, 36.1740386], [-115.1326684, 36.1740405], [-115.1320237, 36.1740397], [-115.131388, 36.1740354]]}, "properties": {"class": "secondary"}}, {"type": "Feature", "geometry": {"type": "LineString", "coordinates": [[-115.1355256, 36.1742175], [-115.135383, 36.1741106], [-115.1352073, 36.1740586], [-115.1350545, 36.1740283], [-115.1348771, 36.1740057], [-115.1347098, 36.1739948], [-115.1344416, 36.1739926], [-115.1343287, 36.173992]]}, "properties": {"class": "secondary"}}, {"type": "Feature", "geometry": {"type": "LineString", "coordinates": [[-115.1348686, 36.1740957], [-115.1349981, 36.1741106], [-115.1351443, 36.1741377], [-115.1353133, 36.1741853], [-115.1355256, 36.1742175]]}, "properties": {"class": "secondary"}}, {"type": "Feature", "geometry": {"type": "LineString", "coordinates": [[-115.1428139, 36.1771309], [-115.1427554, 36.1771141]]}, "properties": {"class": "secondary"}}, {"type": "Feature", "geometry": {"type": "LineString", "coordinates": [[-115.1427568, 36.1772201], [-115.1428148, 36.1772437]]}, "properties": {"class": "secondary"}}, {"type": "Feature", "geometry": {"type": "LineString", "coordinates": [[-115.1426988, 36.1771966], [-115.1426558, 36.1772633], [-115.1426082, 36.1773372], [-115.1425184, 36.1774762], [-115.1424287, 36.1776153], [-115.142339, 36.1777544]]}, "properties": {"class": "secondary"}}, {"type": "Feature", "geometry": {"type": "LineString", "coordinates": [[-115.1623103, 36.1771289], [-115.1624539, 36.1771296], [-115.1629992, 36.1771324], [-115.1630983, 36.1771329], [-115.1638423, 36.1771366], [-115.1640178, 36.1771375], [-115.1642012, 36.1771384], [-115.1649422, 36.1771421], [-115.1655392, 36.1771448], [-115.1656669, 36.1771454], [-115.1665261, 36.1771493], [-115.1666668, 36.1771499], [-115.1670687, 36.1771518], [-115.1675404, 36.1771525], [-115.1679126, 36.177153], [-115.1682424, 36.1771535], [-115.1685276, 36.1771547], [-115.1690541, 36.1771546], [-115.1693204, 36.177155], [-115.1697897, 36.1771557], [-115.1698216, 36.1771557], [-115.1699368, 36.1771558]]}, "properties": {"class": "secondary"}}, {"type": "Feature", "geometry": {"type": "LineString", "coordinates": [[-115.1629524, 36.1589946], [-115.1632089, 36.1589718], [-115.1634932, 36.1589545], [-115.163746, 36.1589458], [-115.1639821, 36.1589415], [-115.1644863, 36.1589393], [-115.1647473, 36.1589366]]}, "properties": {"class": "primary"}}, {"type": "Feature", "geometry": {"type": "LineString", "coordinates": [[-115.1487174, 36.1637554], [-115.1486517, 36.1637265]]}, "properties": {"class": "tertiary"}}, {"type": "Feature", "geometry": {"type": "LineString", "coordinates": [[-115.1472021, 36.1660828], [-115.1472429, 36.1660207], [-115.1473931, 36.1657918], [-115.1476811, 36.1653421], [-115.147699, 36.1653144]]}, "properties": {"class": "secondary"}}, {"type": "Feature", "geometry": {"type": "LineString", "coordinates": [[-115.1511723, 36.1597931], [-115.151201, 36.1597395], [-115.1512278, 36.15971], [-115.1512456, 36.1596975], [-115.151254, 36.1596916], [-115.1512841, 36.159673], [-115.1513673, 36.1596331], [-115.1514105, 36.1596072], [-115.1514538, 36.1595466]]}, "properties": {"class": "tertiary"}}, {"type": "Feature", "geometry": {"type": "LineString", "coordinates": [[-115.1514538, 36.1595466], [-115.1513864, 36.1595732], [-115.1513349, 36.1595915], [-115.1513033, 36.159599], [-115.1512667, 36.1595985], [-115.1512504, 36.1595962], [-115.1512325, 36.1595936], [-115.1511987, 36.1595804], [-115.151168, 36.1595649]]}, "properties": {"class": "tertiary"}}, {"type": "Feature", "geometry": {"type": "LineString", "coordinates": [[-115.151223, 36.1546131], [-115.1512184, 36.1546689], [-115.1512061, 36.154819], [-115.1511688, 36.1553055], [-115.1511701, 36.1553999]]}, "properties": {"class": "tertiary"}}, {"type": "Feature", "geometry": {"type": "LineString", "coordinates": [[-115.1509586, 36.1593902], [-115.1509619, 36.1594016], [-115.1510015, 36.1595224], [-115.1510257, 36.1596567], [-115.1510189, 36.159791], [-115.1509921, 36.1599322], [-115.1509593, 36.1600239], [-115.1509176, 36.1601076], [-115.150864, 36.1602067]]}, "properties": {"class": "secondary"}}, {"type": "Feature", "geometry": {"type": "LineString", "coordinates": [[-115.1491337, 36.1782396], [-115.1471337, 36.1793332]]}, "properties": {"class": "motorway"}}, {"type": "Feature", "geometry": {"type": "LineString", "coordinates": [[-115.1495674, 36.1780066], [-115.1491337, 36.1782396]]}, "properties": {"class": "motorway"}}, {"type": "Feature", "geometry": {"type": "LineString", "coordinates": [[-115.1491436, 36.1784418], [-115.1495766, 36.1782109]]}, "properties": {"class": "motorway"}}, {"type": "Feature", "geometry": {"type": "LineString", "coordinates": [[-115.1471442, 36.1795349], [-115.1491436, 36.1784418]]}, "properties": {"class": "motorway"}}, {"type": "Feature", "geometry": {"type": "LineString", "coordinates": [[-115.152217, 36.1588956], [-115.1523003, 36.1588958], [-115.1531332, 36.1588993], [-115.1534357, 36.1589034], [-115.1534658, 36.1589038], [-115.1535736, 36.1589049]]}, "properties": {"class": "primary"}}, {"type": "Feature", "geometry": {"type": "LineString", "coordinates": [[-115.150108, 36.1613627], [-115.1500562, 36.1614445], [-115.1496805, 36.1620377], [-115.1494168, 36.1624553], [-115.1493538, 36.1625337]]}, "properties": {"class": "secondary"}}, {"type": "Feature", "geometry": {"type": "LineString", "coordinates": [[-115.150259, 36.1614276], [-115.1503056, 36.161354], [-115.1505764, 36.1609257], [-115.1508875, 36.1604601], [-115.1509589, 36.1603424], [-115.151004, 36.1602585]]}, "properties": {"class": "secondary"}}, {"type": "Feature", "geometry": {"type": "LineString", "coordinates": [[-115.1405002, 36.1693939], [-115.140407, 36.1695343], [-115.1403262, 36.169656], [-115.1403163, 36.169671], [-115.1402078, 36.1698346], [-115.139917, 36.1702725], [-115.1399043, 36.1702917], [-115.139844, 36.1703825]]}, "properties": {"class": "primary"}}, {"type": "Feature", "geometry": {"type": "LineString", "coordinates": [[-115.145543, 36.1683584], [-115.145496, 36.1683381], [-115.1454651, 36.1683248], [-115.1450131, 36.1681301], [-115.1445953, 36.1679504], [-115.144441, 36.167884]]}, "properties": {"class": "tertiary"}}, {"type": "Feature", "geometry": {"type": "LineString", "coordinates": [[-115.145493, 36.1684567], [-115.144881, 36.1694197]]}, "properties": {"class": "secondary"}}, {"type": "Feature", "geometry": {"type": "LineString", "coordinates": [[-115.145618, 36.1683907], [-115.145543, 36.1683584]]}, "properties": {"class": "tertiary"}}, {"type": "Feature", "geometry": {"type": "LineString", "coordinates": [[-115.145677, 36.1684158], [-115.145618, 36.1683907]]}, "properties": {"class": "tertiary"}}, {"type": "Feature", "geometry": {"type": "LineString", "coordinates": [[-115.1451269, 36.1692649], [-115.1452072, 36.1691489], [-115.1454362, 36.1687916]]}, "properties": {"class": "secondary"}}, {"type": "Feature", "geometry": {"type": "LineString", "coordinates": [[-115.1507721, 36.1558986], [-115.1509023, 36.1559274], [-115.1510486, 36.1559598], [-115.1510743, 36.1559655], [-115.1511344, 36.1559783], [-115.151202, 36.1559925]]}, "properties": {"class": "tertiary"}}, {"type": "Feature", "geometry": {"type": "LineString", "coordinates": [[-115.148581, 36.163697], [-115.1485371, 36.1636789], [-115.1485056, 36.1636646], [-115.1480778, 36.1634808], [-115.1475931, 36.1632712], [-115.1475193, 36.1632393], [-115.1474341, 36.1632019], [-115.1470318, 36.163025], [-115.1469833, 36.1630035], [-115.1469556, 36.1629913], [-115.1468783, 36.1629542], [-115.146488, 36.1627977], [-115.1463724, 36.1627513]]}, "properties": {"class": "tertiary"}}, {"type": "Feature", "geometry": {"type": "LineString", "coordinates": [[-115.148581, 36.163697], [-115.1485322, 36.1637733], [-115.1480632, 36.1645074], [-115.1478903, 36.1647716], [-115.1478715, 36.1648003], [-115.1478135, 36.1648848]]}, "properties": {"class": "secondary"}}, {"type": "Feature", "geometry": {"type": "LineString", "coordinates": [[-115.1323232, 36.1924917], [-115.132135, 36.192686], [-115.1319561, 36.1928822], [-115.1316571, 36.1932101], [-115.131628, 36.193242], [-115.1315856, 36.1932869], [-115.1311832, 36.1937135], [-115.131045, 36.19386], [-115.1305842, 36.1943458], [-115.1304386, 36.1944993], [-115.1303776, 36.1945611], [-115.1303002, 36.1946394], [-115.1302478, 36.194689], [-115.1301296, 36.1948008], [-115.1300791, 36.1948486]]}, "properties": {"class": "primary"}}, {"type": "Feature", "geometry": {"type": "LineString", "coordinates": [[-115.1311778, 36.192109], [-115.1310331, 36.192108], [-115.1305972, 36.1921049], [-115.1298605, 36.1921064], [-115.1292998, 36.1920876], [-115.128702, 36.192086], [-115.1281598, 36.1920841], [-115.1275443, 36.192082], [-115.1270008, 36.1920801], [-115.12639, 36.192078], [-115.1258252, 36.1920809], [-115.1250962, 36.1920729], [-115.1242157, 36.1920825]]}, "properties": {"class": "tertiary"}}, {"type": "Feature", "geometry": {"type": "LineString", "coordinates": [[-115.1494119, 36.1625587], [-115.1493538, 36.1625337]]}, "properties": {"class": "tertiary"}}, {"type": "Feature", "geometry": {"type": "LineString", "coordinates": [[-115.1493538, 36.1625337], [-115.1492935, 36.1626095], [-115.1488718, 36.1632687], [-115.1486514, 36.1635933], [-115.1486376, 36.1636154], [-115.148581, 36.163697]]}, "properties": {"class": "secondary"}}, {"type": "Feature", "geometry": {"type": "LineString", "coordinates": [[-115.149487, 36.1625909], [-115.1494119, 36.1625587]]}, "properties": {"class": "tertiary"}}, {"type": "Feature", "geometry": {"type": "LineString", "coordinates": [[-115.149487, 36.1625909], [-115.1495401, 36.1625108], [-115.1498428, 36.1620528], [-115.1502057, 36.1615077], [-115.150259, 36.1614276]]}, "properties": {"class": "secondary"}}, {"type": "Feature", "geometry": {"type": "LineString", "coordinates": [[-115.1392092, 36.1716003], [-115.1390877, 36.1715491]]}, "properties": {"class": "primary"}}, {"type": "Feature", "geometry": {"type": "LineString", "coordinates": [[-115.139187, 36.1713969], [-115.1391623, 36.1714348], [-115.1391473, 36.1714577], [-115.1390877, 36.1715491]]}, "properties": {"class": "primary"}}, {"type": "Feature", "geometry": {"type": "LineString", "coordinates": [[-115.1429244, 36.1920743], [-115.1429198, 36.1924846], [-115.1429154, 36.1928194], [-115.1429141, 36.1929147], [-115.1429125, 36.1930363], [-115.1429082, 36.1933865], [-115.1429076, 36.1934417], [-115.1429052, 36.1936353], [-115.1428994, 36.1939807], [-115.1428969, 36.1941333], [-115.14289, 36.1945478], [-115.1428837, 36.1949075], [-115.1428742, 36.1954511], [-115.1428764, 36.1955674], [-115.1428511, 36.1956885]]}, "properties": {"class": "residential"}}, {"type": "Feature", "geometry": {"type": "LineString", "coordinates": [[-115.1431603, 36.1598725], [-115.1426942, 36.1596741], [-115.1425897, 36.1596296], [-115.142486, 36.1595857], [-115.1423922, 36.159546], [-115.1423849, 36.159543], [-115.1421993, 36.1594644], [-115.1420242, 36.1593903], [-115.1415613, 36.1591862], [-115.1414562, 36.1591365], [-115.1411684, 36.1590125], [-115.1411006, 36.1589832], [-115.1409722, 36.1589172]]}, "properties": {"class": "tertiary"}}, {"type": "Feature", "geometry": {"type": "LineString", "coordinates": [[-115.1398526, 36.1705922], [-115.1398708, 36.1705635], [-115.1398894, 36.1705344], [-115.139957, 36.1704283]]}, "properties": {"class": "primary"}}, {"type": "Feature", "geometry": {"type": "LineString", "coordinates": [[-115.1609409, 36.1885341], [-115.1609419, 36.1884035]]}, "properties": {"class": "primary"}}, {"type": "Feature", "geometry": {"type": "LineString", "coordinates": [[-115.1609409, 36.1885341], [-115.1610739, 36.1885342], [-115.1618097, 36.1885368], [-115.1632738, 36.1885413], [-115.164665, 36.1885456], [-115.1656538, 36.1885491], [-115.1675855, 36.1885547], [-115.1696904, 36.1885606], [-115.16984, 36.188561]]}, "properties": {"class": "secondary"}}, {"type": "Feature", "geometry": {"type": "LineString", "coordinates": [[-115.160769, 36.1884028], [-115.1607683, 36.1885351]]}, "properties": {"class": "primary"}}, {"type": "Feature", "geometry": {"type": "LineString", "coordinates": [[-115.156322, 36.1883709], [-115.1554228, 36.1883576], [-115.1553309, 36.1884187]]}, "properties": {"class": "secondary"}}, {"type": "Feature", "geometry": {"type": "LineString", "coordinates": [[-115.1609419, 36.1884035], [-115.1609423, 36.1883105], [-115.160949, 36.1872256], [-115.1609336, 36.1862654], [-115.1609418, 36.1856623], [-115.1609498, 36.1842248]]}, "properties": {"class": "primary"}}, {"type": "Feature", "geometry": {"type": "LineString", "coordinates": [[-115.1586095, 36.1590754], [-115.1585956, 36.1592013], [-115.1585748, 36.1593286], [-115.1585344, 36.1596328], [-115.158495, 36.1598375]]}, "properties": {"class": "secondary"}}, {"type": "Feature", "geometry": {"type": "LineString", "coordinates": [[-115.1541805, 36.1506149], [-115.154185, 36.1505712], [-115.1541984, 36.1504411], [-115.1542222, 36.150113], [-115.1542362, 36.1499203], [-115.1542429, 36.149828], [-115.154289, 36.1491922]]}, "properties": {"class": "secondary"}}, {"type": "Feature", "geometry": {"type": "LineString", "coordinates": [[-115.1369538, 36.1479604], [-115.1370221, 36.1479588], [-115.1371231, 36.1479588]]}, "properties": {"class": "tertiary"}}, {"type": "Feature", "geometry": {"type": "LineString", "coordinates": [[-115.1369304, 36.1550847], [-115.1369273, 36.1551273], [-115.1369173, 36.1551695], [-115.1369015, 36.1552295], [-115.1368808, 36.1552996], [-115.1368489, 36.1553699], [-115.1368242, 36.1554119], [-115.1367939, 36.1554587], [-115.1367309, 36.1555464], [-115.1366784, 36.1556261], [-115.1366609, 36.1556526], [-115.1365902, 36.1557743], [-115.1365524, 36.1558442], [-115.1365402, 36.1558668], [-115.1364981, 36.1559724], [-115.1364799, 36.156029], [-115.1364674, 36.1560866], [-115.136458, 36.1561278], [-115.136447, 36.1561891], [-115.1364379, 36.1562464], [-115.136437, 36.1562663], [-115.1364311, 36.1563385], [-115.1364324, 36.156444], [-115.1364421, 36.1565466], [-115.1364519, 36.1566379], [-115.136464, 36.1566931], [-115.1364935, 36.156784], [-115.1365223, 36.1568606], [-115.1365264, 36.1568722], [-115.1365348, 36.1568915], [-115.1365417, 36.1569074], [-115.1365599, 36.1569491], [-115.1365988, 36.1570288], [-115.1366329, 36.1570964], [-115.1366852, 36.1571847], [-115.1367422, 36.1572653], [-115.1367898, 36.1573448], [-115.136813, 36.15739]]}, "properties": {"class": "primary"}}, {"type": "Feature", "geometry": {"type": "LineString", "coordinates": [[-115.1369576, 36.1456004], [-115.1369573, 36.1459278], [-115.1369571, 36.1461853], [-115.1369569, 36.146387], [-115.1369529, 36.1467602], [-115.1369494, 36.1471615]]}, "properties": {"class": "primary"}}, {"type": "Feature", "geometry": {"type": "LineString", "coordinates": [[-115.1493381, 36.1772295], [-115.1494785, 36.1772259], [-115.1494897, 36.1772256], [-115.1505013, 36.1771998], [-115.1511863, 36.177182]]}, "properties": {"class": "secondary"}}, {"type": "Feature", "geometry": {"type": "LineString", "coordinates": [[-115.144165, 36.1751851], [-115.1442262, 36.1750901], [-115.1442699, 36.1750223], [-115.1445796, 36.1745415], [-115.1446995, 36.1743554]]}, "properties": {"class": "secondary"}}, {"type": "Feature", "geometry": {"type": "LineString", "coordinates": [[-115.1593919, 36.1524774], [-115.1594852, 36.1524842], [-115.1604592, 36.152546], [-115.1605412, 36.1525551], [-115.1608628, 36.1525819], [-115.1610366, 36.1525906], [-115.1611504, 36.152589], [-115.1612569, 36.1525832]]}, "properties": {"class": "secondary"}}, {"type": "Feature", "geometry": {"type": "LineString", "coordinates": [[-115.1186972, 36.1592393], [-115.1186756, 36.1592909], [-115.1186394, 36.1593556], [-115.1186025, 36.159414], [-115.1185634, 36.1594657], [-115.1185022, 36.1595419], [-115.1184868, 36.159561], [-115.118442, 36.1596161]]}, "properties": {"class": "primary"}}, {"type": "Feature", "geometry": {"type": "LineString", "coordinates": [[-115.1188885, 36.1482274], [-115.1190229, 36.1482295], [-115.1190454, 36.1482298], [-115.1191704, 36.1482318]]}, "properties": {"class": "tertiary"}}, {"type": "Feature", "geometry": {"type": "LineString", "coordinates": [[-115.1188885, 36.1482274], [-115.118887, 36.1481113], [-115.1188804, 36.1476088], [-115.1188787, 36.1474756], [-115.1188764, 36.1472949], [-115.1188724, 36.146985], [-115.1188704, 36.1468323], [-115.1188645, 36.1463736], [-115.1188642, 36.1462679], [-115.1188606, 36.1456887], [-115.1188633, 36.1455349], [-115.1188695, 36.1454044], [-115.1188767, 36.145236], [-115.1188821, 36.1451215]]}, "properties": {"class": "primary"}}, {"type": "Feature", "geometry": {"type": "LineString", "coordinates": [[-115.1185394, 36.148194], [-115.1186197, 36.1482066], [-115.118635, 36.148209], [-115.1187421, 36.1482165]]}, "properties": {"class": "tertiary"}}, {"type": "Feature", "geometry": {"type": "LineString", "coordinates": [[-115.1191704, 36.1482318], [-115.1196035, 36.1482386], [-115.11976, 36.148241], [-115.120642, 36.148251], [-115.121211, 36.148259], [-115.12152, 36.148263], [-115.122405, 36.148273], [-115.123111, 36.148281], [-115.1231884, 36.1482754], [-115.123215, 36.1482691], [-115.123287, 36.148252], [-115.1236254, 36.148154], [-115.1237985, 36.1481111], [-115.1238613, 36.1481006], [-115.1240512, 36.1480751], [-115.1252391, 36.1480718], [-115.1276465, 36.1480563], [-115.12769, 36.148056], [-115.1277929, 36.1480556], [-115.1284856, 36.1480532], [-115.1285492, 36.148053], [-115.1286497, 36.1480514], [-115.130544, 36.148022], [-115.13106, 36.148017], [-115.1321884, 36.1480107]]}, "properties": {"class": "tertiary"}}, {"type": "Feature", "geometry": {"type": "LineString", "coordinates": [[-115.1609537, 36.1837105], [-115.1609747, 36.1832639]]}, "properties": {"class": "primary"}}, {"type": "Feature", "geometry": {"type": "LineString", "coordinates": [[-115.1608121, 36.1828326], [-115.1608072, 36.183102], [-115.1608039, 36.1833783], [-115.160799, 36.183708]]}, "properties": {"class": "primary"}}, {"type": "Feature", "geometry": {"type": "LineString", "coordinates": [[-115.160792, 36.1809119], [-115.160794, 36.1809804], [-115.1608059, 36.1813165]]}, "properties": {"class": "primary"}}, {"type": "Feature", "geometry": {"type": "LineString", "coordinates": [[-115.1598848, 36.1809058], [-115.1606078, 36.1809107], [-115.160651, 36.180911], [-115.160792, 36.1809119]]}, "properties": {"class": "primary"}}, {"type": "Feature", "geometry": {"type": "LineString", "coordinates": [[-115.160789, 36.1808129], [-115.160627, 36.1808125], [-115.1598687, 36.1808107]]}, "properties": {"class": "primary"}}, {"type": "Feature", "geometry": {"type": "LineString", "coordinates": [[-115.1617252, 36.1808227], [-115.1614449, 36.1808198], [-115.1611258, 36.1808164], [-115.1610869, 36.180816], [-115.1609799, 36.1808151]]}, "properties": {"class": "primary"}}, {"type": "Feature", "geometry": {"type": "LineString", "coordinates": [[-115.160982, 36.1809148], [-115.161102, 36.1809165], [-115.1616555, 36.1809198], [-115.1621474, 36.1809231], [-115.1623289, 36.1808765]]}, "properties": {"class": "primary"}}, {"type": "Feature", "geometry": {"type": "LineString", "coordinates": [[-115.1607394, 36.1763621], [-115.1607328, 36.1769516], [-115.1607319, 36.1770357]]}, "properties": {"class": "primary"}}, {"type": "Feature", "geometry": {"type": "LineString", "coordinates": [[-115.1299363, 36.1740785], [-115.1303612, 36.1740793], [-115.1303921, 36.1740794], [-115.1304985, 36.1740796]]}, "properties": {"class": "secondary"}}, {"type": "Feature", "geometry": {"type": "LineString", "coordinates": [[-115.1312473, 36.173983], [-115.1308215, 36.1739817], [-115.130777, 36.1739815], [-115.130668, 36.1739816]]}, "properties": {"class": "secondary"}}, {"type": "Feature", "geometry": {"type": "LineString", "coordinates": [[-115.130668, 36.1739816], [-115.1305692, 36.1739809], [-115.130499, 36.1739807]]}, "properties": {"class": "secondary"}}, {"type": "Feature", "geometry": {"type": "LineString", "coordinates": [[-115.130499, 36.1739807], [-115.1303942, 36.1739803], [-115.1296944, 36.1739781]]}, "properties": {"class": "secondary"}}, {"type": "Feature", "geometry": {"type": "LineString", "coordinates": [[-115.1306582, 36.1740798], [-115.130668, 36.1739816]]}, "properties": {"class": "secondary"}}, {"type": "Feature", "geometry": {"type": "LineString", "coordinates": [[-115.1306582, 36.1740798], [-115.1307844, 36.1740801], [-115.1309786, 36.1740805], [-115.1312464, 36.174081]]}, "properties": {"class": "secondary"}}, {"type": "Feature", "geometry": {"type": "LineString", "coordinates": [[-115.1261444, 36.1781231], [-115.1259923, 36.1781512], [-115.1258625, 36.1781871], [-115.1256909, 36.1782614], [-115.125548, 36.1783424], [-115.125401, 36.1784536]]}, "properties": {"class": "secondary"}}, {"type": "Feature", "geometry": {"type": "LineString", "coordinates": [[-115.1304985, 36.1740796], [-115.130569, 36.1740797], [-115.1306582, 36.1740798]]}, "properties": {"class": "secondary"}}, {"type": "Feature", "geometry": {"type": "LineString", "coordinates": [[-115.1463325, 36.1732242], [-115.1472733, 36.173626]]}, "properties": {"class": "secondary"}}, {"type": "Feature", "geometry": {"type": "LineString", "coordinates": [[-115.1462365, 36.1731408], [-115.1463325, 36.1732242]]}, "properties": {"class": "secondary"}}, {"type": "Feature", "geometry": {"type": "LineString", "coordinates": [[-115.1463787, 36.1731536], [-115.1462365, 36.1731408]]}, "properties": {"class": "secondary"}}, {"type": "Feature", "geometry": {"type": "LineString", "coordinates": [[-115.1512297, 36.1721461], [-115.1507208, 36.1725381]]}, "properties": {"class": "secondary"}}, {"type": "Feature", "geometry": {"type": "LineString", "coordinates": [[-115.1581711, 36.1613859], [-115.1583005, 36.1611872], [-115.1583964, 36.1610107], [-115.1584728, 36.1608494], [-115.1585354, 36.1607253], [-115.1585881, 36.1605887], [-115.1586065, 36.160538], [-115.1586412, 36.1604422]]}, "properties": {"class": "secondary"}}, {"type": "Feature", "geometry": {"type": "LineString", "coordinates": [[-115.1583516, 36.1604402], [-115.158318, 36.160541]]}, "properties": {"class": "secondary"}}, {"type": "Feature", "geometry": {"type": "LineString", "coordinates": [[-115.1492535, 36.1740012], [-115.1492618, 36.1741527], [-115.1492545, 36.1744806], [-115.1492606, 36.1753028], [-115.1492964, 36.1763591], [-115.1492973, 36.1764019], [-115.1493095, 36.1766498], [-115.1493306, 36.1770797], [-115.1493321, 36.17711], [-115.1493381, 36.1772295]]}, "properties": {"class": "secondary"}}, {"type": "Feature", "geometry": {"type": "LineString", "coordinates": [[-115.1485829, 36.1736368], [-115.1489655, 36.173547], [-115.1490058, 36.1735376], [-115.149135, 36.1735073]]}, "properties": {"class": "secondary"}}, {"type": "Feature", "geometry": {"type": "LineString", "coordinates": [[-115.1500402, 36.1659496], [-115.1496814, 36.1665083]]}, "properties": {"class": "primary"}}, {"type": "Feature", "geometry": {"type": "LineString", "coordinates": [[-115.1499607, 36.1662935], [-115.1501371, 36.1660337], [-115.1501587, 36.1660017]]}, "properties": {"class": "primary"}}, {"type": "Feature", "geometry": {"type": "LineString", "coordinates": [[-115.1501365, 36.1658999], [-115.1502779, 36.165965], [-115.1512778, 36.1664118], [-115.1520785, 36.1667518], [-115.1522595, 36.1668254], [-115.152399, 36.1668752], [-115.1525733, 36.166925], [-115.152698, 36.1669531], [-115.1528408, 36.1669732], [-115.1529756, 36.1669802], [-115.1531231, 36.1669808], [-115.1532238, 36.1669761]]}, "properties": {"class": "secondary"}}, {"type": "Feature", "geometry": {"type": "LineString", "coordinates": [[-115.1547146, 36.1521971], [-115.1550648, 36.1522149], [-115.1552765, 36.1522257], [-115.155381, 36.1522311], [-115.1555101, 36.1522375]]}, "properties": {"class": "secondary"}}, {"type": "Feature", "geometry": {"type": "LineString", "coordinates": [[-115.1540805, 36.1521669], [-115.1541307, 36.1521694], [-115.1542006, 36.1521728]]}, "properties": {"class": "secondary"}}, {"type": "Feature", "geometry": {"type": "LineString", "coordinates": [[-115.1315547, 36.1653105], [-115.131447, 36.1652439], [-115.131435, 36.1652377], [-115.1313872, 36.1652128]]}, "properties": {"class": "primary"}}, {"type": "Feature", "geometry": {"type": "LineString", "coordinates": [[-115.1308642, 36.1650242], [-115.1308662, 36.1650411], [-115.1308729, 36.1650498], [-115.1308819, 36.1650568], [-115.1312069, 36.1651991]]}, "properties": {"class": "primary"}}, {"type": "Feature", "geometry": {"type": "LineString", "coordinates": [[-115.1372663, 36.1677758], [-115.1371779, 36.1677378], [-115.1371444, 36.1677234], [-115.1367039, 36.1675341], [-115.1362776, 36.1673509], [-115.136131, 36.1672879], [-115.1360119, 36.1672367], [-115.1359272, 36.1672003], [-115.135551, 36.1670387], [-115.1351184, 36.1668528], [-115.13499, 36.1667976], [-115.1348715, 36.1667467], [-115.1346675, 36.166659], [-115.1344253, 36.1665549], [-115.1339447, 36.1663484], [-115.1338237, 36.1662964], [-115.1336952, 36.1662422], [-115.1335559, 36.1661834], [-115.1332102, 36.166029], [-115.1329611, 36.1659178]]}, "properties": {"class": "primary"}}, {"type": "Feature", "geometry": {"type": "LineString", "coordinates": [[-115.1318852, 36.1654587], [-115.1318188, 36.1654289], [-115.1317053, 36.165378], [-115.1316753, 36.1653646], [-115.1315547, 36.1653105]]}, "properties": {"class": "primary"}}, {"type": "Feature", "geometry": {"type": "LineString", "coordinates": [[-115.1313872, 36.1652128], [-115.1312548, 36.1651557], [-115.1311277, 36.1651029], [-115.1309003, 36.1650151], [-115.1308642, 36.1650242]]}, "properties": {"class": "primary"}}, {"type": "Feature", "geometry": {"type": "LineString", "coordinates": [[-115.1338086, 36.1618438], [-115.133778, 36.1618908], [-115.1334831, 36.1623404], [-115.1331219, 36.1629085], [-115.133065, 36.1629865], [-115.1330126, 36.1630669], [-115.1328938, 36.1632493], [-115.1327278, 36.1635043], [-115.1326646, 36.1636013], [-115.1325409, 36.1637912], [-115.1324542, 36.1639243], [-115.1323732, 36.1640483], [-115.1323582, 36.1640712], [-115.132305, 36.1641525]]}, "properties": {"class": "secondary"}}, {"type": "Feature", "geometry": {"type": "LineString", "coordinates": [[-115.1619497, 36.1612522], [-115.1619323, 36.1609965], [-115.1619108, 36.1608667], [-115.1618365, 36.1605105], [-115.1617838, 36.1602267], [-115.1617732, 36.160141], [-115.1617567, 36.1599197], [-115.1617505, 36.1593477]]}, "properties": {"class": "tertiary"}}, {"type": "Feature", "geometry": {"type": "LineString", "coordinates": [[-115.161067, 36.166169], [-115.1609772, 36.1661693]]}, "properties": {"class": "secondary"}}, {"type": "Feature", "geometry": {"type": "LineString", "coordinates": [[-115.1608626, 36.1663038], [-115.1608412, 36.1664222], [-115.1608288, 36.1664961], [-115.1608034, 36.1666931], [-115.1607858, 36.1668906]]}, "properties": {"class": "secondary"}}, {"type": "Feature", "geometry": {"type": "LineString", "coordinates": [[-115.162194, 36.1663], [-115.1624918, 36.1662938]]}, "properties": {"class": "secondary"}}, {"type": "Feature", "geometry": {"type": "LineString", "coordinates": [[-115.1610348, 36.1663043], [-115.161067, 36.166169]]}, "properties": {"class": "secondary"}}, {"type": "Feature", "geometry": {"type": "LineString", "coordinates": [[-115.154875, 36.1686189], [-115.154939, 36.1685231], [-115.1551455, 36.1682253], [-115.1554151, 36.1677165], [-115.1554313, 36.1676502]]}, "properties": {"class": "secondary"}}, {"type": "Feature", "geometry": {"type": "LineString", "coordinates": [[-115.1326845, 36.1657998], [-115.1325624, 36.1657477], [-115.1325326, 36.1657349], [-115.1324456, 36.1656978]]}, "properties": {"class": "primary"}}, {"type": "Feature", "geometry": {"type": "LineString", "coordinates": [[-115.1324456, 36.1656978], [-115.1321221, 36.1655598], [-115.1318852, 36.1654587]]}, "properties": {"class": "primary"}}, {"type": "Feature", "geometry": {"type": "LineString", "coordinates": [[-115.1329611, 36.1659178], [-115.1328451, 36.1658683], [-115.1328235, 36.1658591], [-115.1326845, 36.1657998]]}, "properties": {"class": "primary"}}, {"type": "Feature", "geometry": {"type": "LineString", "coordinates": [[-115.136544, 36.1600354], [-115.1364105, 36.1599782]]}, "properties": {"class": "secondary"}}, {"type": "Feature", "geometry": {"type": "LineString", "coordinates": [[-115.154862, 36.158771], [-115.154808, 36.1587683], [-115.1539116, 36.1587673], [-115.1537048, 36.1587659], [-115.1536603, 36.1587656], [-115.1535838, 36.1587651]]}, "properties": {"class": "primary"}}, {"type": "Feature", "geometry": {"type": "LineString", "coordinates": [[-115.1563295, 36.1893212], [-115.1563289, 36.1894667], [-115.156325, 36.1895313], [-115.1563253, 36.1895599], [-115.1563339, 36.1905458], [-115.1563352, 36.1906872], [-115.1563354, 36.1907105], [-115.1563354, 36.1910204], [-115.1563354, 36.19114], [-115.1563354, 36.1912161], [-115.1563354, 36.1912677], [-115.1563354, 36.191784], [-115.1563354, 36.1919693], [-115.1563354, 36.1919923], [-115.1563263, 36.1920699], [-115.1563269, 36.192182], [-115.1563293, 36.19265], [-115.1563307, 36.1927727], [-115.1563304, 36.1928483], [-115.1563278, 36.193463], [-115.1563304, 36.1938434], [-115.1563313, 36.1939829], [-115.1563316, 36.1940241], [-115.1563338, 36.1943499], [-115.1563386, 36.1950751]]}, "properties": {"class": "tertiary"}}, {"type": "Feature", "geometry": {"type": "LineString", "coordinates": [[-115.1390576, 36.1954857], [-115.1391263, 36.1953309], [-115.139645, 36.1941734], [-115.1399714, 36.1934793], [-115.1402528, 36.1930149], [-115.1406176, 36.1924911], [-115.140966, 36.1919895]]}, "properties": {"class": "motorway"}}, {"type": "Feature", "geometry": {"type": "LineString", "coordinates": [[-115.1403551, 36.1924116], [-115.1402018, 36.1926194], [-115.1401053, 36.1927634], [-115.1397582, 36.1933662], [-115.1394602, 36.1939496], [-115.1387177, 36.1955982]]}, "properties": {"class": "motorway"}}, {"type": "Feature", "geometry": {"type": "LineString", "coordinates": [[-115.1438527, 36.1839253], [-115.1438811, 36.1837157], [-115.1439029, 36.1835823], [-115.1439199, 36.1835064], [-115.1439755, 36.1832717], [-115.1440255, 36.1830793], [-115.1440653, 36.1829546], [-115.1441102, 36.1828259], [-115.1441632, 36.1826937], [-115.144222, 36.1825504], [-115.144296, 36.1823874], [-115.1443717, 36.1822329], [-115.144465, 36.182057], [-115.1445481, 36.1819143], [-115.1446447, 36.1817649], [-115.1447869, 36.1815537], [-115.1449183, 36.1813807], [-115.1451015, 36.1811613]]}, "properties": {"class": "motorway"}}, {"type": "Feature", "geometry": {"type": "LineString", "coordinates": [[-115.1516683, 36.1769867], [-115.152185, 36.176655]]}, "properties": {"class": "motorway"}}, {"type": "Feature", "geometry": {"type": "LineString", "coordinates": [[-115.1506402, 36.1774185], [-115.1504355, 36.1774968]]}, "properties": {"class": "motorway"}}, {"type": "Feature", "geometry": {"type": "LineString", "coordinates": [[-115.1401106, 36.1720403], [-115.1401206, 36.1720445], [-115.1401488, 36.1720566], [-115.140249, 36.1720992], [-115.1403772, 36.1721537], [-115.140546, 36.1722254], [-115.140775, 36.1723228]]}, "properties": {"class": "primary"}}, {"type": "Feature", "geometry": {"type": "LineString", "coordinates": [[-115.1400126, 36.1719392], [-115.1394509, 36.1717023]]}, "properties": {"class": "primary"}}, {"type": "Feature", "geometry": {"type": "LineString", "coordinates": [[-115.1407736, 36.1722172], [-115.140597, 36.1721409], [-115.1404606, 36.1720819], [-115.140427, 36.1720674], [-115.1403031, 36.1720139]]}, "properties": {"class": "primary"}}, {"type": "Feature", "geometry": {"type": "LineString", "coordinates": [[-115.1251317, 36.1848302], [-115.1251289, 36.184176], [-115.1251272, 36.1835618], [-115.1251386, 36.1831855], [-115.125142, 36.182738], [-115.125145, 36.1824173], [-115.1251541, 36.1813744], [-115.1251544, 36.1813414], [-115.125155, 36.1812713]]}, "properties": {"class": "secondary"}}, {"type": "Feature", "geometry": {"type": "LineString", "coordinates": [[-115.1249791, 36.1848304], [-115.1249782, 36.1849225], [-115.1249746, 36.1852767], [-115.1249746, 36.1857538], [-115.1249793, 36.1863132]]}, "properties": {"class": "secondary"}}, {"type": "Feature", "geometry": {"type": "LineString", "coordinates": [[-115.1457446, 36.1729156], [-115.1457863, 36.1729347], [-115.1460216, 36.1730424]]}, "properties": {"class": "secondary"}}, {"type": "Feature", "geometry": {"type": "LineString", "coordinates": [[-115.1494116, 36.1670259], [-115.1494928, 36.1668999], [-115.1495749, 36.1667723], [-115.1495999, 36.1667335]]}, "properties": {"class": "primary"}}, {"type": "Feature", "geometry": {"type": "LineString", "coordinates": [[-115.1464105, 36.1717256], [-115.1464782, 36.1716204], [-115.146676, 36.1713131]]}, "properties": {"class": "primary"}}, {"type": "Feature", "geometry": {"type": "LineString", "coordinates": [[-115.1458176, 36.1726467], [-115.1458795, 36.1725505], [-115.1461011, 36.1722063]]}, "properties": {"class": "primary"}}, {"type": "Feature", "geometry": {"type": "LineString", "coordinates": [[-115.1451753, 36.1734197], [-115.1448703, 36.1738897], [-115.1447961, 36.174004]]}, "properties": {"class": "primary"}}, {"type": "Feature", "geometry": {"type": "LineString", "coordinates": [[-115.1447961, 36.174004], [-115.1448975, 36.174048]]}, "properties": {"class": "primary"}}, {"type": "Feature", "geometry": {"type": "LineString", "coordinates": [[-115.1448975, 36.174048], [-115.1451231, 36.1737035], [-115.1452617, 36.1734921], [-115.1453013, 36.1734322], [-115.1455006, 36.1731331]]}, "properties": {"class": "primary"}}, {"type": "Feature", "geometry": {"type": "LineString", "coordinates": [[-115.1205974, 36.1706131], [-115.120596, 36.171045], [-115.120601, 36.1715134], [-115.120614, 36.17195], [-115.1206163, 36.1720259], [-115.1206284, 36.1724321], [-115.120641, 36.172857], [-115.1206446, 36.1729797], [-115.1206564, 36.1733848], [-115.12067, 36.1738515], [-115.1206739, 36.1739841]]}, "properties": {"class": "residential"}}, {"type": "Feature", "geometry": {"type": "LineString", "coordinates": [[-115.1625378, 36.173457], [-115.16212, 36.1734562], [-115.1617989, 36.1734555], [-115.1616117, 36.173457], [-115.1609072, 36.1734628]]}, "properties": {"class": "residential"}}, {"type": "Feature", "geometry": {"type": "LineString", "coordinates": [[-115.1649907, 36.170158], [-115.1648203, 36.170147], [-115.1646823, 36.1701276], [-115.1646155, 36.1701116], [-115.164545, 36.170069], [-115.1642005, 36.1700335], [-115.163924, 36.170035], [-115.163272, 36.1700384], [-115.1626343, 36.1700418]]}, "properties": {"class": "residential"}}, {"type": "Feature", "geometry": {"type": "LineString", "coordinates": [[-115.1586412, 36.1604422], [-115.1583516, 36.1604402]]}, "properties": {"class": "secondary"}}, {"type": "Feature", "geometry": {"type": "LineString", "coordinates": [[-115.1535838, 36.1587651], [-115.1535736, 36.1589049]]}, "properties": {"class": "primary"}}, {"type": "Feature", "geometry": {"type": "LineString", "coordinates": [[-115.1536066, 36.1584345], [-115.1535986, 36.1585505], [-115.1535902, 36.1586721], [-115.1535881, 36.1587017], [-115.1535838, 36.1587651]]}, "properties": {"class": "secondary"}}, {"type": "Feature", "geometry": {"type": "LineString", "coordinates": [[-115.1251383, 36.1683707], [-115.1251367, 36.1684309], [-115.1251367, 36.1684823], [-115.125137, 36.1685483], [-115.125138, 36.168747], [-115.1251155, 36.1691504], [-115.125113, 36.169195], [-115.1251133, 36.1692706], [-115.1251151, 36.1696534], [-115.1251172, 36.170101], [-115.1251193, 36.1705564], [-115.1251213, 36.17101]]}, "properties": {"class": "tertiary"}}, {"type": "Feature", "geometry": {"type": "LineString", "coordinates": [[-115.1250578, 36.1619323], [-115.1250478, 36.1613424], [-115.125026, 36.1606388], [-115.1250291, 36.1598973], [-115.1250294, 36.1598281], [-115.1250304, 36.1597789], [-115.1250342, 36.1594066]]}, "properties": {"class": "tertiary"}}, {"type": "Feature", "geometry": {"type": "LineString", "coordinates": [[-115.1501628, 36.1463594], [-115.1501641, 36.1463279], [-115.150216, 36.145047]]}, "properties": {"class": "residential"}}, {"type": "Feature", "geometry": {"type": "LineString", "coordinates": [[-115.1501628, 36.1463594], [-115.1501359, 36.1464418], [-115.1501303, 36.1465496], [-115.1501248, 36.1469472]]}, "properties": {"class": "residential"}}, {"type": "Feature", "geometry": {"type": "LineString", "coordinates": [[-115.1500483, 36.1475499], [-115.1500522, 36.1475094], [-115.1500739, 36.1472624], [-115.1500998, 36.1470855], [-115.1501248, 36.1469472]]}, "properties": {"class": "residential"}}, {"type": "Feature", "geometry": {"type": "LineString", "coordinates": [[-115.1623289, 36.1808765], [-115.1648218, 36.1808954]]}, "properties": {"class": "primary"}}, {"type": "Feature", "geometry": {"type": "LineString", "coordinates": [[-115.1345985, 36.1811452], [-115.1343997, 36.1811396], [-115.1343661, 36.1811387], [-115.134254, 36.1811338]]}, "properties": {"class": "primary"}}, {"type": "Feature", "geometry": {"type": "LineString", "coordinates": [[-115.1342234, 36.1812644], [-115.1343318, 36.181259], [-115.1346423, 36.1812444], [-115.1349378, 36.1812324], [-115.1350397, 36.1811771]]}, "properties": {"class": "primary"}}, {"type": "Feature", "geometry": {"type": "LineString", "coordinates": [[-115.145727, 36.1810088], [-115.1459286, 36.180991], [-115.1463566, 36.180958], [-115.1467973, 36.1809476]]}, "properties": {"class": "primary"}}, {"type": "Feature", "geometry": {"type": "LineString", "coordinates": [[-115.1468932, 36.1808998], [-115.1468308, 36.1808661], [-115.1467917, 36.1808449]]}, "properties": {"class": "primary"}}, {"type": "Feature", "geometry": {"type": "LineString", "coordinates": [[-115.1491972, 36.1639579], [-115.1489849, 36.1638683], [-115.1487971, 36.1637891], [-115.148764, 36.163775], [-115.1487174, 36.1637554]]}, "properties": {"class": "tertiary"}}, {"type": "Feature", "geometry": {"type": "LineString", "coordinates": [[-115.1484494, 36.1651415], [-115.1483565, 36.1651048], [-115.1481878, 36.1650331], [-115.148034, 36.1649676], [-115.1479933, 36.1649502], [-115.147954, 36.1649335]]}, "properties": {"class": "secondary"}}, {"type": "Feature", "geometry": {"type": "LineString", "coordinates": [[-115.1357941, 36.1611757], [-115.1361741, 36.1605974], [-115.1363593, 36.1603155]]}, "properties": {"class": "secondary"}}, {"type": "Feature", "geometry": {"type": "LineString", "coordinates": [[-115.1358859, 36.1607823], [-115.135816, 36.1608868], [-115.1357603, 36.1609669], [-115.1357132, 36.1610222], [-115.1356651, 36.1610598], [-115.1356292, 36.1610858]]}, "properties": {"class": "secondary"}}, {"type": "Feature", "geometry": {"type": "LineString", "coordinates": [[-115.147954, 36.1649335], [-115.1478631, 36.164902]]}, "properties": {"class": "secondary"}}, {"type": "Feature", "geometry": {"type": "LineString", "coordinates": [[-115.147954, 36.1649335], [-115.1480004, 36.1648656], [-115.1481543, 36.1646353], [-115.1486503, 36.1638592], [-115.1486662, 36.1638343], [-115.1487174, 36.1637554]]}, "properties": {"class": "secondary"}}, {"type": "Feature", "geometry": {"type": "LineString", "coordinates": [[-115.1431843, 36.1766885], [-115.1432621, 36.1764907]]}, "properties": {"class": "secondary"}}, {"type": "Feature", "geometry": {"type": "LineString", "coordinates": [[-115.1467421, 36.1644219], [-115.1466449, 36.1643799], [-115.1461626, 36.1641715], [-115.1457568, 36.1639961], [-115.14572, 36.1639803], [-115.1456003, 36.1639286]]}, "properties": {"class": "secondary"}}, {"type": "Feature", "geometry": {"type": "LineString", "coordinates": [[-115.1478963, 36.16041], [-115.1478384, 36.160499], [-115.1477223, 36.1606774], [-115.1476995, 36.1607124], [-115.147531, 36.1609712], [-115.1474243, 36.1611352], [-115.1473874, 36.1611918], [-115.1473484, 36.1612518], [-115.1472791, 36.1613583], [-115.1472307, 36.1614326], [-115.1471941, 36.1614888], [-115.1471304, 36.1615868], [-115.1470828, 36.1616598], [-115.1469495, 36.1618647], [-115.1465048, 36.1625478], [-115.1464322, 36.1626594], [-115.1463724, 36.1627513]]}, "properties": {"class": "tertiary"}}, {"type": "Feature", "geometry": {"type": "LineString", "coordinates": [[-115.1422633, 36.1690586], [-115.1418956, 36.1696034], [-115.141876, 36.1696338], [-115.141812, 36.169733]]}, "properties": {"class": "tertiary"}}, {"type": "Feature", "geometry": {"type": "LineString", "coordinates": [[-115.143687, 36.169043], [-115.1436224, 36.1690148], [-115.1432145, 36.1688366], [-115.143127, 36.1687984], [-115.142684, 36.1686147], [-115.1425894, 36.1685755]]}, "properties": {"class": "tertiary"}}, {"type": "Feature", "geometry": {"type": "LineString", "coordinates": [[-115.1509167, 36.1587629], [-115.1509088, 36.1588937]]}, "properties": {"class": "secondary"}}, {"type": "Feature", "geometry": {"type": "LineString", "coordinates": [[-115.164737, 36.173401], [-115.1654172, 36.173401]]}, "properties": {"class": "residential"}}, {"type": "Feature", "geometry": {"type": "LineString", "coordinates": [[-115.1510254, 36.1588944], [-115.1511047, 36.1588946], [-115.1517987, 36.1588966]]}, "properties": {"class": "primary"}}, {"type": "Feature", "geometry": {"type": "LineString", "coordinates": [[-115.1513257, 36.1632406], [-115.151288, 36.1632465], [-115.151234, 36.1632539], [-115.1511932, 36.1632555], [-115.1511394, 36.1632529], [-115.1510851, 36.1632457], [-115.1508867, 36.1631907]]}, "properties": {"class": "tertiary"}}, {"type": "Feature", "geometry": {"type": "LineString", "coordinates": [[-115.1341319, 36.1885052], [-115.1341329, 36.188403]]}, "properties": {"class": "primary"}}, {"type": "Feature", "geometry": {"type": "LineString", "coordinates": [[-115.135533, 36.188391], [-115.1355705, 36.1883333], [-115.1356957, 36.1881414], [-115.1359087, 36.1878136], [-115.1359149, 36.1877114]]}, "properties": {"class": "secondary"}}, {"type": "Feature", "geometry": {"type": "LineString", "coordinates": [[-115.1357051, 36.1879248], [-115.1355351, 36.188183], [-115.1354585, 36.1882926], [-115.1354348, 36.1883265], [-115.135389, 36.1883918]]}, "properties": {"class": "secondary"}}, {"type": "Feature", "geometry": {"type": "LineString", "coordinates": [[-115.1383829, 36.1682556], [-115.1383253, 36.1682309], [-115.1382847, 36.1682134], [-115.1378327, 36.1680192], [-115.1373849, 36.1678268], [-115.1373427, 36.1678086], [-115.1372663, 36.1677758]]}, "properties": {"class": "primary"}}, {"type": "Feature", "geometry": {"type": "LineString", "coordinates": [[-115.1482419, 36.1655364], [-115.1482988, 36.1654748], [-115.1483877, 36.1653984], [-115.1484467, 36.1653627], [-115.1484964, 36.1653454], [-115.1485771, 36.1653271], [-115.1486525, 36.1653243], [-115.1487255, 36.1653326], [-115.1487897, 36.1653463], [-115.1488678, 36.1653694], [-115.1489119, 36.1653824], [-115.1489935, 36.16541]]}, "properties": {"class": "secondary"}}, {"type": "Feature", "geometry": {"type": "LineString", "coordinates": [[-115.1463724, 36.1627513], [-115.1462569, 36.1627004], [-115.1458001, 36.162499], [-115.1457908, 36.1624949], [-115.1456558, 36.1624355], [-115.1454708, 36.1623539]]}, "properties": {"class": "tertiary"}}, {"type": "Feature", "geometry": {"type": "LineString", "coordinates": [[-115.1463724, 36.1627513], [-115.1463164, 36.1628377], [-115.1461907, 36.1630317], [-115.1457127, 36.1637583], [-115.145695, 36.1637846], [-115.1456003, 36.1639286]]}, "properties": {"class": "tertiary"}}, {"type": "Feature", "geometry": {"type": "LineString", "coordinates": [[-115.1409647, 36.1754912], [-115.1409488, 36.1755119], [-115.1409285, 36.1755383], [-115.1408688, 36.1756206], [-115.1408245, 36.1756731], [-115.140734, 36.1757749]]}, "properties": {"class": "secondary"}}, {"type": "Feature", "geometry": {"type": "LineString", "coordinates": [[-115.1162849, 36.1740264], [-115.1163963, 36.1740274], [-115.1165404, 36.1740289], [-115.1169711, 36.1740337], [-115.1172948, 36.1740373]]}, "properties": {"class": "secondary"}}, {"type": "Feature", "geometry": {"type": "LineString", "coordinates": [[-115.1153337, 36.1739953], [-115.1160285, 36.1740177], [-115.1160863, 36.1740196], [-115.1161547, 36.1740218]]}, "properties": {"class": "secondary"}}, {"type": "Feature", "geometry": {"type": "LineString", "coordinates": [[-115.160735, 36.1935218], [-115.1607321, 36.1939998], [-115.1607321, 36.1940327], [-115.1607312, 36.1946966], [-115.1607295, 36.1949174]]}, "properties": {"class": "primary"}}, {"type": "Feature", "geometry": {"type": "LineString", "coordinates": [[-115.1159869, 36.1830328], [-115.1159947, 36.183729], [-115.116007, 36.1845024]]}, "properties": {"class": "primary"}}, {"type": "Feature", "geometry": {"type": "LineString", "coordinates": [[-115.1161518, 36.1830495], [-115.1161555, 36.1823596], [-115.1161475, 36.1816842]]}, "properties": {"class": "primary"}}, {"type": "Feature", "geometry": {"type": "LineString", "coordinates": [[-115.116013, 36.184863], [-115.11616, 36.1848634]]}, "properties": {"class": "tertiary"}}, {"type": "Feature", "geometry": {"type": "LineString", "coordinates": [[-115.1250128, 36.1811276], [-115.1250124, 36.1811923], [-115.1250118, 36.1812702]]}, "properties": {"class": "secondary"}}, {"type": "Feature", "geometry": {"type": "LineString", "coordinates": [[-115.1249791, 36.1848304], [-115.1250567, 36.1848303]]}, "properties": {"class": "tertiary"}}, {"type": "Feature", "geometry": {"type": "LineString", "coordinates": [[-115.1364105, 36.1599782], [-115.136362, 36.1600525], [-115.136065, 36.1605053], [-115.136036, 36.1605522], [-115.1359834, 36.1606328], [-115.1359336, 36.1607087], [-115.1358859, 36.1607823]]}, "properties": {"class": "secondary"}}, {"type": "Feature", "geometry": {"type": "LineString", "coordinates": [[-115.1398878, 36.181211], [-115.1399383, 36.1812177], [-115.1399646, 36.1812212], [-115.1401481, 36.1812457]]}, "properties": {"class": "primary"}}, {"type": "Feature", "geometry": {"type": "LineString", "coordinates": [[-115.1404777, 36.1807469], [-115.1402911, 36.1810268], [-115.1402862, 36.1810341], [-115.1402653, 36.1810662], [-115.1402052, 36.1811583]]}, "properties": {"class": "secondary"}}, {"type": "Feature", "geometry": {"type": "LineString", "coordinates": [[-115.1407605, 36.1812336], [-115.1403808, 36.1811812], [-115.1403405, 36.1811756], [-115.1402052, 36.1811583]]}, "properties": {"class": "primary"}}, {"type": "Feature", "geometry": {"type": "LineString", "coordinates": [[-115.161067, 36.166169], [-115.1610931, 36.166087], [-115.1611397, 36.1659231], [-115.1612684, 36.1655582], [-115.1613522, 36.1653652], [-115.161436, 36.1651826]]}, "properties": {"class": "secondary"}}, {"type": "Feature", "geometry": {"type": "LineString", "coordinates": [[-115.161862, 36.1642649], [-115.1617118, 36.1642023]]}, "properties": {"class": "tertiary"}}, {"type": "Feature", "geometry": {"type": "LineString", "coordinates": [[-115.1519798, 36.1591194], [-115.152126, 36.1590379], [-115.1521649, 36.1590097], [-115.1521852, 36.1589837], [-115.152217, 36.1588956]]}, "properties": {"class": "tertiary"}}, {"type": "Feature", "geometry": {"type": "LineString", "coordinates": [[-115.1511723, 36.1597931], [-115.151168, 36.1595649], [-115.1511401, 36.1594626], [-115.1510637, 36.1592512], [-115.1510565, 36.159222], [-115.1510301, 36.1591022], [-115.1510269, 36.1590067], [-115.1510265, 36.1589803], [-115.1510254, 36.1588944]]}, "properties": {"class": "secondary"}}, {"type": "Feature", "geometry": {"type": "LineString", "coordinates": [[-115.1578161, 36.1616235], [-115.1577895, 36.1616621], [-115.157724, 36.1617571]]}, "properties": {"class": "secondary"}}, {"type": "Feature", "geometry": {"type": "LineString", "coordinates": [[-115.155472, 36.1667271], [-115.1554567, 36.1665845]]}, "properties": {"class": "secondary"}}, {"type": "Feature", "geometry": {"type": "LineString", "coordinates": [[-115.155219, 36.1667609], [-115.1553339, 36.1667456]]}, "properties": {"class": "secondary"}}, {"type": "Feature", "geometry": {"type": "LineString", "coordinates": [[-115.1552036, 36.1666199], [-115.155219, 36.1667609]]}, "properties": {"class": "secondary"}}, {"type": "Feature", "geometry": {"type": "LineString", "coordinates": [[-115.15388, 36.1547991], [-115.1538694, 36.154933], [-115.1538402, 36.1553486], [-115.153811, 36.1557407]]}, "properties": {"class": "secondary"}}, {"type": "Feature", "geometry": {"type": "LineString", "coordinates": [[-115.1555101, 36.1522375], [-115.1555255, 36.1521244], [-115.1555403, 36.1519665], [-115.1555612, 36.1517387], [-115.1555755, 36.1515917], [-115.1555752, 36.1515444], [-115.155556, 36.1514777], [-115.1555297, 36.1514259], [-115.1554827, 36.1513714], [-115.1554214, 36.1513197]]}, "properties": {"class": "secondary"}}, {"type": "Feature", "geometry": {"type": "LineString", "coordinates": [[-115.1448546, 36.1695473], [-115.1449586, 36.1694779], [-115.1449974, 36.169452]]}, "properties": {"class": "secondary"}}, {"type": "Feature", "geometry": {"type": "LineString", "coordinates": [[-115.1507208, 36.1725381], [-115.1503, 36.1728575], [-115.1499657, 36.1730989], [-115.14985, 36.1731742]]}, "properties": {"class": "secondary"}}, {"type": "Feature", "geometry": {"type": "LineString", "coordinates": [[-115.1403031, 36.1720139], [-115.1402079, 36.171973], [-115.1401609, 36.1719541]]}, "properties": {"class": "primary"}}, {"type": "Feature", "geometry": {"type": "LineString", "coordinates": [[-115.141812, 36.169733], [-115.1417463, 36.169835], [-115.1415565, 36.1701367], [-115.1412484, 36.1705886], [-115.1411194, 36.1707792], [-115.1410299, 36.1709115]]}, "properties": {"class": "tertiary"}}, {"type": "Feature", "geometry": {"type": "LineString", "coordinates": [[-115.131916, 36.162495], [-115.1318634, 36.1624725], [-115.1308474, 36.1620373], [-115.130741, 36.1619917]]}, "properties": {"class": "residential"}}, {"type": "Feature", "geometry": {"type": "LineString", "coordinates": [[-115.1471478, 36.1660595], [-115.1472021, 36.1660828]]}, "properties": {"class": "secondary"}}, {"type": "Feature", "geometry": {"type": "LineString", "coordinates": [[-115.1518195, 36.1520568], [-115.1515988, 36.1523877], [-115.151554, 36.1524589], [-115.151249, 36.1529517], [-115.1510257, 36.1533051]]}, "properties": {"class": "primary"}}, {"type": "Feature", "geometry": {"type": "LineString", "coordinates": [[-115.1382902, 36.1728361], [-115.1381005, 36.1731667], [-115.1380849, 36.1731948], [-115.1380188, 36.1733074]]}, "properties": {"class": "primary"}}, {"type": "Feature", "geometry": {"type": "LineString", "coordinates": [[-115.137746, 36.174073], [-115.1381259, 36.1734894], [-115.1381779, 36.1733998]]}, "properties": {"class": "primary"}}, {"type": "Feature", "geometry": {"type": "LineString", "coordinates": [[-115.1249785, 36.1682423], [-115.1251591, 36.1682838], [-115.125358, 36.1683295], [-115.12588, 36.1684753], [-115.1261598, 36.168558], [-115.1265618, 36.1686909], [-115.1269576, 36.1688538], [-115.1271475, 36.1689268], [-115.1273241, 36.1689999], [-115.1284311, 36.1695137], [-115.1321329, 36.171299], [-115.1325124, 36.1714761]]}, "properties": {"class": "motorway"}}, {"type": "Feature", "geometry": {"type": "LineString", "coordinates": [[-115.1305019, 36.1702631], [-115.128883, 36.169506], [-115.12857, 36.169361], [-115.1273328, 36.1688119], [-115.127179, 36.168744], [-115.1269649, 36.1686598], [-115.1265661, 36.1685067], [-115.1261695, 36.1683721], [-115.125907, 36.1682927], [-115.1253793, 36.1681469], [-115.1251808, 36.1680973], [-115.1249795, 36.1680499]]}, "properties": {"class": "motorway"}}, {"type": "Feature", "geometry": {"type": "LineString", "coordinates": [[-115.162521, 36.1541298], [-115.1628363, 36.1536887], [-115.1629995, 36.1534855], [-115.163123, 36.1533399]]}, "properties": {"class": "motorway"}}, {"type": "Feature", "geometry": {"type": "LineString", "coordinates": [[-115.1592675, 36.1591449], [-115.1594341, 36.1591537]]}, "properties": {"class": "primary"}}, {"type": "Feature", "geometry": {"type": "LineString", "coordinates": [[-115.1588382, 36.1595557], [-115.1588818, 36.1592483], [-115.1588855, 36.1592243], [-115.158899, 36.1591094]]}, "properties": {"class": "secondary"}}, {"type": "Feature", "geometry": {"type": "LineString", "coordinates": [[-115.1458376, 36.1756512], [-115.146163, 36.1756334], [-115.1464959, 36.1755977]]}, "properties": {"class": "motorway"}}, {"type": "Feature", "geometry": {"type": "LineString", "coordinates": [[-115.139844, 36.1703825], [-115.139801, 36.1703649], [-115.139766, 36.1703486], [-115.1393464, 36.1701658], [-115.1388956, 36.1699716], [-115.138774, 36.1699192]]}, "properties": {"class": "tertiary"}}, {"type": "Feature", "geometry": {"type": "LineString", "coordinates": [[-115.137972, 36.166592], [-115.1380816, 36.1666387], [-115.138327, 36.1667444], [-115.1385847, 36.1668533], [-115.1390506, 36.1670541], [-115.1390728, 36.1670636], [-115.139139, 36.167092]]}, "properties": {"class": "tertiary"}}, {"type": "Feature", "geometry": {"type": "LineString", "coordinates": [[-115.116302, 36.192169], [-115.116147, 36.19217]]}, "properties": {"class": "tertiary"}}, {"type": "Feature", "geometry": {"type": "LineString", "coordinates": [[-115.1172593, 36.192159], [-115.1165163, 36.1921668]]}, "properties": {"class": "tertiary"}}, {"type": "Feature", "geometry": {"type": "LineString", "coordinates": [[-115.1367226, 36.1594911], [-115.1366293, 36.1596378], [-115.1364701, 36.1598855], [-115.1364565, 36.1599067], [-115.1364105, 36.1599782]]}, "properties": {"class": "secondary"}}, {"type": "Feature", "geometry": {"type": "LineString", "coordinates": [[-115.136544, 36.1600354], [-115.1365945, 36.1599607], [-115.1368265, 36.1596176]]}, "properties": {"class": "secondary"}}, {"type": "Feature", "geometry": {"type": "LineString", "coordinates": [[-115.146433, 36.1672428], [-115.146476, 36.1671762], [-115.1465249, 36.1671004], [-115.1468374, 36.1666273], [-115.1471373, 36.1661795], [-115.1471597, 36.1661461], [-115.1472021, 36.1660828]]}, "properties": {"class": "secondary"}}, {"type": "Feature", "geometry": {"type": "LineString", "coordinates": [[-115.146302, 36.1671901], [-115.1462631, 36.1672505], [-115.145988, 36.1676777], [-115.1457011, 36.1681193], [-115.1456228, 36.1682378], [-115.1456031, 36.1682676], [-115.145543, 36.1683584], [-115.145493, 36.1684567]]}, "properties": {"class": "secondary"}}, {"type": "Feature", "geometry": {"type": "LineString", "coordinates": [[-115.146433, 36.1672428], [-115.1463591, 36.1672156], [-115.146302, 36.1671901]]}, "properties": {"class": "residential"}}, {"type": "Feature", "geometry": {"type": "LineString", "coordinates": [[-115.120606, 36.1812198], [-115.1206063, 36.1812747]]}, "properties": {"class": "tertiary"}}, {"type": "Feature", "geometry": {"type": "LineString", "coordinates": [[-115.154908, 36.1581291], [-115.154919, 36.1580226], [-115.1549301, 36.1579028], [-115.1549324, 36.1578709], [-115.1549424, 36.1577728], [-115.1549544, 36.1576557], [-115.1549576, 36.1576236], [-115.1549691, 36.1575016]]}, "properties": {"class": "secondary"}}, {"type": "Feature", "geometry": {"type": "LineString", "coordinates": [[-115.1491058, 36.16749], [-115.1491692, 36.1673965]]}, "properties": {"class": "primary"}}, {"type": "Feature", "geometry": {"type": "LineString", "coordinates": [[-115.1594702, 36.1589074], [-115.1592752, 36.1589064]]}, "properties": {"class": "primary"}}, {"type": "Feature", "geometry": {"type": "LineString", "coordinates": [[-115.1633705, 36.1522943], [-115.1629769, 36.1526859], [-115.1623005, 36.153435]]}, "properties": {"class": "motorway"}}, {"type": "Feature", "geometry": {"type": "LineString", "coordinates": [[-115.1604137, 36.1593556], [-115.1604574, 36.1603644], [-115.1604974, 36.1613752], [-115.1605043, 36.1616228], [-115.1605083, 36.1618778], [-115.1605023, 36.1622707], [-115.1604826, 36.1626476], [-115.160455, 36.1629869], [-115.1604223, 36.1633094], [-115.1603847, 36.1636458], [-115.1603377, 36.1639557]]}, "properties": {"class": "motorway"}}, {"type": "Feature", "geometry": {"type": "LineString", "coordinates": [[-115.1253641, 36.1775187], [-115.1252096, 36.1775377], [-115.1251496, 36.1775451], [-115.1243966, 36.1775452], [-115.124166, 36.1775431], [-115.1235926, 36.177541], [-115.1229986, 36.1775313], [-115.122622, 36.177534], [-115.121674, 36.177534], [-115.1206527, 36.177533]]}, "properties": {"class": "residential"}}, {"type": "Feature", "geometry": {"type": "LineString", "coordinates": [[-115.1326684, 36.1740405], [-115.132667, 36.1741379], [-115.1326635, 36.1743767], [-115.1326693, 36.1757699], [-115.1326378, 36.1774416]]}, "properties": {"class": "residential"}}, {"type": "Feature", "geometry": {"type": "LineString", "coordinates": [[-115.146846, 36.1785761], [-115.1468266, 36.1786171], [-115.1468081, 36.1786796], [-115.146795, 36.1787455], [-115.1467951, 36.1788027], [-115.1468062, 36.1789978], [-115.1468106, 36.1790758], [-115.1468122, 36.1791158]]}, "properties": {"class": "secondary"}}, {"type": "Feature", "geometry": {"type": "LineString", "coordinates": [[-115.1469265, 36.1787883], [-115.1469323, 36.1787408], [-115.1469428, 36.1786987], [-115.1469648, 36.178644], [-115.1469915, 36.1785884], [-115.1470203, 36.1785465], [-115.1470616, 36.1785057], [-115.1471209, 36.1784653], [-115.1471941, 36.1784326], [-115.1473085, 36.1784044], [-115.1474156, 36.1784017], [-115.1477742, 36.1784184], [-115.1480288, 36.1784265], [-115.1480941, 36.1784212], [-115.1481647, 36.178408], [-115.1482544, 36.1783744], [-115.1490852, 36.1779809], [-115.1491926, 36.1779323], [-115.1492545, 36.177901], [-115.1492867, 36.1778768], [-115.1493118, 36.1778508], [-115.149338, 36.1778179], [-115.1493565, 36.1777862], [-115.1493682, 36.1777617], [-115.1493816, 36.177724]]}, "properties": {"class": "secondary"}}, {"type": "Feature", "geometry": {"type": "LineString", "coordinates": [[-115.1493816, 36.177724], [-115.1493935, 36.1776549], [-115.1493975, 36.1775398], [-115.1493962, 36.1774394], [-115.1493899, 36.1773967], [-115.149377, 36.1773559], [-115.1493381, 36.1772295]]}, "properties": {"class": "secondary"}}, {"type": "Feature", "geometry": {"type": "LineString", "coordinates": [[-115.1492622, 36.1776081], [-115.1492493, 36.1776598], [-115.1492295, 36.1777068], [-115.1492073, 36.1777464], [-115.1491376, 36.1778128], [-115.149054, 36.177866], [-115.1488282, 36.1779894], [-115.1484311, 36.1782046], [-115.1482969, 36.1782711], [-115.1482095, 36.1783065], [-115.148102, 36.1783353], [-115.1479902, 36.1783453], [-115.1478746, 36.1783437], [-115.147434, 36.178327], [-115.1473202, 36.1783258], [-115.147263, 36.1783277], [-115.1472029, 36.1783344], [-115.1471305, 36.1783478], [-115.1470638, 36.1783709], [-115.1470311, 36.1783878], [-115.1469872, 36.1784135]]}, "properties": {"class": "secondary"}}, {"type": "Feature", "geometry": {"type": "LineString", "coordinates": [[-115.1614302, 36.1550065], [-115.1616138, 36.1550548], [-115.1616894, 36.1550791]]}, "properties": {"class": "tertiary"}}, {"type": "Feature", "geometry": {"type": "LineString", "coordinates": [[-115.161731, 36.1550012], [-115.1616574, 36.1549748], [-115.1614589, 36.1549252]]}, "properties": {"class": "tertiary"}}, {"type": "Feature", "geometry": {"type": "LineString", "coordinates": [[-115.1614589, 36.1549252], [-115.1613613, 36.1548815], [-115.1612024, 36.1548239], [-115.1610495, 36.1547841], [-115.1609047, 36.1547573], [-115.1608118, 36.1547442], [-115.1606959, 36.1547322], [-115.1606091, 36.1547287], [-115.1604018, 36.1547316], [-115.1602965, 36.1547341]]}, "properties": {"class": "tertiary"}}, {"type": "Feature", "geometry": {"type": "LineString", "coordinates": [[-115.1598415, 36.1548439], [-115.1599814, 36.1548448], [-115.16063, 36.1548459], [-115.1607648, 36.1548522], [-115.1609555, 36.154881]]}, "properties": {"class": "tertiary"}}, {"type": "Feature", "geometry": {"type": "LineString", "coordinates": [[-115.158899, 36.1591094], [-115.1592675, 36.1591449]]}, "properties": {"class": "primary"}}, {"type": "Feature", "geometry": {"type": "LineString", "coordinates": [[-115.1599321, 36.1589044], [-115.1596939, 36.158909], [-115.1594702, 36.1589074]]}, "properties": {"class": "primary"}}, {"type": "Feature", "geometry": {"type": "LineString", "coordinates": [[-115.1669287, 36.1485834], [-115.1662203, 36.1493546], [-115.1654756, 36.1501295], [-115.1647187, 36.1509142], [-115.1640337, 36.1516174]]}, "properties": {"class": "motorway"}}, {"type": "Feature", "geometry": {"type": "LineString", "coordinates": [[-115.1591925, 36.1677181], [-115.1589376, 36.1683325]]}, "properties": {"class": "motorway"}}, {"type": "Feature", "geometry": {"type": "LineString", "coordinates": [[-115.1588122, 36.1685827], [-115.1587556, 36.1687148], [-115.1586334, 36.1689595], [-115.1581135, 36.1699557], [-115.1576807, 36.170676]]}, "properties": {"class": "motorway"}}, {"type": "Feature", "geometry": {"type": "LineString", "coordinates": [[-115.159777, 36.167671], [-115.1599686, 36.1671876], [-115.1600835, 36.1668847]]}, "properties": {"class": "motorway"}}, {"type": "Feature", "geometry": {"type": "LineString", "coordinates": [[-115.147136, 36.1755193], [-115.1490155, 36.1750146]]}, "properties": {"class": "motorway"}}, {"type": "Feature", "geometry": {"type": "LineString", "coordinates": [[-115.1607158, 36.1645372], [-115.1607312, 36.1644565], [-115.1607601, 36.1642827], [-115.1607943, 36.1640586], [-115.1608285, 36.1638128], [-115.1608557, 36.1635924], [-115.1608857, 36.1633342], [-115.1609088, 36.1630834], [-115.1609275, 36.1628325], [-115.1609391, 36.1626041], [-115.1609463, 36.1623538], [-115.1609559, 36.1618951], [-115.1609588, 36.1614729], [-115.1609666, 36.1604778]]}, "properties": {"class": "motorway"}}, {"type": "Feature", "geometry": {"type": "LineString", "coordinates": [[-115.1609666, 36.1604778], [-115.1609639, 36.1596182]]}, "properties": {"class": "motorway"}}, {"type": "Feature", "geometry": {"type": "LineString", "coordinates": [[-115.164204, 36.1756866], [-115.1640069, 36.175657], [-115.1637456, 36.1756157], [-115.1634919, 36.1755697], [-115.1632366, 36.1755219], [-115.1629754, 36.1754741], [-115.1627091, 36.1754228], [-115.162434, 36.1753751], [-115.1611642, 36.1751495]]}, "properties": {"class": "motorway"}}, {"type": "Feature", "geometry": {"type": "LineString", "coordinates": [[-115.1541297, 36.1742353], [-115.1544319, 36.1742821], [-115.1548675, 36.1743516]]}, "properties": {"class": "motorway"}}, {"type": "Feature", "geometry": {"type": "LineString", "coordinates": [[-115.1520449, 36.1740939], [-115.1517854, 36.174144], [-115.1513721, 36.1742433], [-115.1499953, 36.1746022]]}, "properties": {"class": "motorway"}}, {"type": "Feature", "geometry": {"type": "LineString", "coordinates": [[-115.1611647, 36.1754643], [-115.1617367, 36.1755606], [-115.1620077, 36.1756049], [-115.1622733, 36.1756472], [-115.1625386, 36.1756882], [-115.162804, 36.1757255], [-115.1630728, 36.1757638], [-115.1633366, 36.1758004], [-115.1636057, 36.1758365], [-115.163871, 36.17587], [-115.1641429, 36.1759038], [-115.1644139, 36.1759364], [-115.1646942, 36.175969], [-115.1649483, 36.175997], [-115.1652212, 36.176024], [-115.1654899, 36.1760469], [-115.1657608, 36.1760678], [-115.1660322, 36.176083], [-115.1663015, 36.1760944], [-115.1665746, 36.1761019], [-115.1668443, 36.1761073], [-115.1669798, 36.1761091], [-115.1671146, 36.1761088], [-115.1672552, 36.1761082], [-115.1673888, 36.1761066], [-115.1675251, 36.1761039], [-115.1676603, 36.1761002], [-115.1677605, 36.1760964]]}, "properties": {"class": "motorway"}}, {"type": "Feature", "geometry": {"type": "LineString", "coordinates": [[-115.1594341, 36.1591537], [-115.1598111, 36.1591636], [-115.159953, 36.1591646]]}, "properties": {"class": "primary"}}, {"type": "Feature", "geometry": {"type": "LineString", "coordinates": [[-115.158282, 36.155518], [-115.1585671, 36.1559816]]}, "properties": {"class": "secondary"}}, {"type": "Feature", "geometry": {"type": "LineString", "coordinates": [[-115.1588893, 36.1566588], [-115.1589004, 36.1567487], [-115.1589067, 36.1567986], [-115.158917, 36.1568807]]}, "properties": {"class": "secondary"}}, {"type": "Feature", "geometry": {"type": "LineString", "coordinates": [[-115.1584912, 36.153797], [-115.1583776, 36.1540038], [-115.1582648, 36.1542685], [-115.1581754, 36.1545267], [-115.1581479, 36.1546878], [-115.1581341, 36.1548849], [-115.1581341, 36.1550737], [-115.1581651, 36.1552237], [-115.158282, 36.155518]]}, "properties": {"class": "secondary"}}, {"type": "Feature", "geometry": {"type": "LineString", "coordinates": [[-115.1590568, 36.1566432], [-115.1588647, 36.1562468], [-115.1586565, 36.1558721]]}, "properties": {"class": "secondary"}}, {"type": "Feature", "geometry": {"type": "LineString", "coordinates": [[-115.1608364, 36.1687646], [-115.1608356, 36.1687351]]}, "properties": {"class": "secondary"}}, {"type": "Feature", "geometry": {"type": "LineString", "coordinates": [[-115.1446371, 36.1754726], [-115.1444064, 36.1754427], [-115.1440741, 36.1753896], [-115.1438721, 36.1753492], [-115.1435396, 36.1752746], [-115.143153, 36.1751658], [-115.142791, 36.1750471], [-115.1420858, 36.1747683]]}, "properties": {"class": "motorway"}}, {"type": "Feature", "geometry": {"type": "LineString", "coordinates": [[-115.1423082, 36.1750017], [-115.1428953, 36.1752236], [-115.1433811, 36.1753703], [-115.1437262, 36.1754551], [-115.1441524, 36.175539], [-115.1446042, 36.1756001], [-115.1451322, 36.1756431], [-115.1458376, 36.1756512]]}, "properties": {"class": "motorway"}}, {"type": "Feature", "geometry": {"type": "LineString", "coordinates": [[-115.1403031, 36.1720139], [-115.140249, 36.1720992]]}, "properties": {"class": "secondary"}}, {"type": "Feature", "geometry": {"type": "LineString", "coordinates": [[-115.1215243, 36.1677871], [-115.1208307, 36.1677954]]}, "properties": {"class": "motorway"}}, {"type": "Feature", "geometry": {"type": "LineString", "coordinates": [[-115.1421568, 36.176922], [-115.1418689, 36.1768037], [-115.1417471, 36.1767617], [-115.141471, 36.1766604], [-115.1413692, 36.1766282], [-115.1410962, 36.176521], [-115.1409659, 36.1764594]]}, "properties": {"class": "secondary"}}, {"type": "Feature", "geometry": {"type": "LineString", "coordinates": [[-115.1402737, 36.1761814], [-115.1401642, 36.1762703], [-115.1401388, 36.1762918], [-115.140049, 36.1763698], [-115.139994, 36.1764203]]}, "properties": {"class": "tertiary"}}, {"type": "Feature", "geometry": {"type": "LineString", "coordinates": [[-115.1425075, 36.1730162], [-115.1424479, 36.1731081], [-115.1420847, 36.1736636], [-115.1417931, 36.1741215], [-115.1417726, 36.1741986]]}, "properties": {"class": "secondary"}}, {"type": "Feature", "geometry": {"type": "LineString", "coordinates": [[-115.1429144, 36.172388], [-115.1425843, 36.1728976], [-115.1425614, 36.172933], [-115.1425075, 36.1730162]]}, "properties": {"class": "secondary"}}, {"type": "Feature", "geometry": {"type": "LineString", "coordinates": [[-115.1432723, 36.1733441], [-115.1429928, 36.1732243]]}, "properties": {"class": "primary"}}, {"type": "Feature", "geometry": {"type": "LineString", "coordinates": [[-115.1425075, 36.1730162], [-115.1424585, 36.172995], [-115.1424325, 36.1729838], [-115.1422496, 36.1729048]]}, "properties": {"class": "primary"}}, {"type": "Feature", "geometry": {"type": "LineString", "coordinates": [[-115.1402737, 36.1761814], [-115.1401056, 36.1761339], [-115.1400622, 36.1761209], [-115.1399463, 36.1760862], [-115.1398607, 36.1760596], [-115.1397805, 36.176033]]}, "properties": {"class": "secondary"}}, {"type": "Feature", "geometry": {"type": "LineString", "coordinates": [[-115.1410606, 36.1753916], [-115.1411427, 36.1752763], [-115.1412249, 36.175161]]}, "properties": {"class": "secondary"}}, {"type": "Feature", "geometry": {"type": "LineString", "coordinates": [[-115.1398462, 36.1766038], [-115.1397252, 36.1767872], [-115.1396729, 36.1768591], [-115.1396207, 36.1769213], [-115.1395512, 36.1769941], [-115.1394752, 36.1770605], [-115.139391, 36.1771223], [-115.1392813, 36.1771913], [-115.139176, 36.1772421], [-115.139066, 36.1772886], [-115.138941, 36.1773385], [-115.13818, 36.1776335], [-115.1377622, 36.1777955], [-115.1375705, 36.1778736], [-115.137442, 36.177926], [-115.137176, 36.178087], [-115.137054, 36.178202], [-115.136973, 36.178324], [-115.136909, 36.178465], [-115.1367595, 36.1793141], [-115.13673, 36.179561], [-115.1367229, 36.1797163], [-115.1367138, 36.1798734], [-115.1367093, 36.1801055], [-115.136706, 36.1805812], [-115.1367049, 36.1808257], [-115.1367046, 36.1810651], [-115.1367044, 36.1811835]]}, "properties": {"class": "tertiary"}}, {"type": "Feature", "geometry": {"type": "LineString", "coordinates": [[-115.1374182, 36.1745798], [-115.1376806, 36.1741752], [-115.1376963, 36.1741493], [-115.137746, 36.174073]]}, "properties": {"class": "primary"}}, {"type": "Feature", "geometry": {"type": "LineString", "coordinates": [[-115.1470227, 36.1808971], [-115.147088, 36.1808967], [-115.1471153, 36.1808963], [-115.1480979, 36.1808831], [-115.1481866, 36.1808819]]}, "properties": {"class": "primary"}}, {"type": "Feature", "geometry": {"type": "LineString", "coordinates": [[-115.1522185, 36.152077], [-115.1522836, 36.1521232], [-115.1524719, 36.1521328], [-115.1526153, 36.1521401], [-115.1526624, 36.1521426], [-115.1527936, 36.1521492], [-115.1528935, 36.1521543], [-115.1532571, 36.1521729], [-115.1533291, 36.152135]]}, "properties": {"class": "secondary"}}, {"type": "Feature", "geometry": {"type": "LineString", "coordinates": [[-115.1533291, 36.152135], [-115.1532608, 36.1521132], [-115.1529115, 36.1520942], [-115.1527985, 36.1520881]]}, "properties": {"class": "secondary"}}, {"type": "Feature", "geometry": {"type": "LineString", "coordinates": [[-115.1522185, 36.152077], [-115.1521494, 36.1520716], [-115.1521157, 36.1520697], [-115.1520833, 36.1520678], [-115.151981, 36.1520619]]}, "properties": {"class": "secondary"}}, {"type": "Feature", "geometry": {"type": "LineString", "coordinates": [[-115.1481762, 36.1476024], [-115.1481773, 36.1475449], [-115.148328, 36.144542], [-115.1483671, 36.1441173], [-115.1483769, 36.1440101], [-115.1483852, 36.1439201]]}, "properties": {"class": "residential"}}, {"type": "Feature", "geometry": {"type": "LineString", "coordinates": [[-115.1481762, 36.1476024], [-115.1474086, 36.1476242], [-115.1473193, 36.1476251], [-115.1471637, 36.1476287], [-115.1464607, 36.1476448]]}, "properties": {"class": "tertiary"}}, {"type": "Feature", "geometry": {"type": "LineString", "coordinates": [[-115.1481745, 36.1477079], [-115.1492481, 36.1476733], [-115.1499468, 36.1476507], [-115.1505267, 36.1476327], [-115.1508983, 36.1476203], [-115.1511357, 36.1476123], [-115.1514449, 36.1476092], [-115.1517138, 36.1476118], [-115.1519775, 36.1476384], [-115.1521134, 36.1476603]]}, "properties": {"class": "tertiary"}}, {"type": "Feature", "geometry": {"type": "LineString", "coordinates": [[-115.1464778, 36.1477497], [-115.1464607, 36.1476448]]}, "properties": {"class": "tertiary"}}, {"type": "Feature", "geometry": {"type": "LineString", "coordinates": [[-115.1464778, 36.1477497], [-115.1469715, 36.1477406], [-115.1473824, 36.1477325], [-115.1474671, 36.1477308], [-115.1481745, 36.1477079]]}, "properties": {"class": "tertiary"}}, {"type": "Feature", "geometry": {"type": "LineString", "coordinates": [[-115.1464607, 36.1476448], [-115.1464633, 36.1475978], [-115.146473, 36.1474194], [-115.1464889, 36.1471309], [-115.1464929, 36.1470741], [-115.1465095, 36.146785], [-115.1465233, 36.1465451], [-115.1466092, 36.1451068], [-115.1466248, 36.1447963], [-115.1466389, 36.1445515], [-115.1466517, 36.1443282], [-115.1466623, 36.1441022], [-115.1466635, 36.1440775], [-115.1466609, 36.1439845], [-115.1466572, 36.1438022]]}, "properties": {"class": "tertiary"}}, {"type": "Feature", "geometry": {"type": "LineString", "coordinates": [[-115.1464607, 36.1476448], [-115.1452996, 36.1476808], [-115.1449182, 36.1476926], [-115.1446067, 36.1477023], [-115.1437313, 36.1477236], [-115.1428162, 36.147749], [-115.1423373, 36.14776], [-115.1415932, 36.1477771], [-115.1404334, 36.1478108]]}, "properties": {"class": "tertiary"}}, {"type": "Feature", "geometry": {"type": "LineString", "coordinates": [[-115.1422496, 36.1729048], [-115.1421305, 36.1728535], [-115.1419948, 36.1727949], [-115.1418582, 36.1727359], [-115.1418453, 36.1727303], [-115.141668, 36.1726538], [-115.1415513, 36.1726034], [-115.1415201, 36.17259], [-115.141428, 36.1725502], [-115.1413696, 36.172525], [-115.1413048, 36.172497], [-115.141157, 36.1724332], [-115.1409476, 36.1723428]]}, "properties": {"class": "primary"}}, {"type": "Feature", "geometry": {"type": "LineString", "coordinates": [[-115.1548675, 36.1743516], [-115.1565672, 36.1746162], [-115.1568309, 36.1746592], [-115.1570994, 36.1747022], [-115.1574012, 36.1747513], [-115.157688, 36.1747999], [-115.1579508, 36.174846], [-115.1582166, 36.1748949], [-115.1584862, 36.1749451], [-115.1587401, 36.1749944], [-115.1590052, 36.1750456], [-115.159394, 36.1751287], [-115.1596594, 36.1751831], [-115.1599257, 36.1752363], [-115.1601846, 36.1752862], [-115.16048, 36.1753427]]}, "properties": {"class": "motorway"}}, {"type": "Feature", "geometry": {"type": "LineString", "coordinates": [[-115.1536128, 36.1740249], [-115.1534132, 36.1740136], [-115.1532789, 36.1740089], [-115.1531463, 36.1740071], [-115.1530068, 36.1740073], [-115.1528299, 36.1740097], [-115.1526383, 36.1740218], [-115.152407, 36.1740423], [-115.1520449, 36.1740939]]}, "properties": {"class": "motorway"}}, {"type": "Feature", "geometry": {"type": "LineString", "coordinates": [[-115.116438, 36.1959341], [-115.1163925, 36.1958045], [-115.1163894, 36.1957168], [-115.1163793, 36.1954777], [-115.1163701, 36.1951637], [-115.1163446, 36.1942937], [-115.1163342, 36.1939539], [-115.1163243, 36.1936025], [-115.116319, 36.1928781], [-115.1163044, 36.192267], [-115.1163039, 36.1922467], [-115.116302, 36.192169]]}, "properties": {"class": "primary"}}, {"type": "Feature", "geometry": {"type": "LineString", "coordinates": [[-115.1338535, 36.1940943], [-115.1333527, 36.1940958], [-115.133033, 36.1940971]]}, "properties": {"class": "residential"}}, {"type": "Feature", "geometry": {"type": "LineString", "coordinates": [[-115.1338535, 36.1940943], [-115.133957, 36.1941356], [-115.1341006, 36.1941847]]}, "properties": {"class": "residential"}}, {"type": "Feature", "geometry": {"type": "LineString", "coordinates": [[-115.1378756, 36.1752227], [-115.1376234, 36.1751197]]}, "properties": {"class": "secondary"}}, {"type": "Feature", "geometry": {"type": "LineString", "coordinates": [[-115.1376234, 36.1751197], [-115.1375418, 36.1750844]]}, "properties": {"class": "secondary"}}, {"type": "Feature", "geometry": {"type": "LineString", "coordinates": [[-115.1396344, 36.1759795], [-115.1395881, 36.1759612], [-115.1392516, 36.175822], [-115.1392157, 36.1758063], [-115.1390796, 36.175747], [-115.1382484, 36.1753846], [-115.1378756, 36.1752227]]}, "properties": {"class": "secondary"}}, {"type": "Feature", "geometry": {"type": "LineString", "coordinates": [[-115.1397805, 36.176033], [-115.1396889, 36.176001], [-115.1396344, 36.1759795]]}, "properties": {"class": "secondary"}}, {"type": "Feature", "geometry": {"type": "LineString", "coordinates": [[-115.146192, 36.1772825], [-115.1463036, 36.177284]]}, "properties": {"class": "secondary"}}, {"type": "Feature", "geometry": {"type": "LineString", "coordinates": [[-115.1464863, 36.1772864], [-115.1466688, 36.1772888], [-115.1468296, 36.1772909]]}, "properties": {"class": "secondary"}}, {"type": "Feature", "geometry": {"type": "LineString", "coordinates": [[-115.1463036, 36.177284], [-115.1464863, 36.1772864]]}, "properties": {"class": "secondary"}}, {"type": "Feature", "geometry": {"type": "LineString", "coordinates": [[-115.118442, 36.1596161], [-115.1183804, 36.159589], [-115.118028, 36.1594354], [-115.1175621, 36.1592387], [-115.1170307, 36.1590089], [-115.1169032, 36.1589335], [-115.116863, 36.1589097]]}, "properties": {"class": "primary"}}, {"type": "Feature", "geometry": {"type": "LineString", "coordinates": [[-115.1184065, 36.1596603], [-115.11837, 36.1597059]]}, "properties": {"class": "primary"}}, {"type": "Feature", "geometry": {"type": "LineString", "coordinates": [[-115.118513, 36.1597705], [-115.1186305, 36.159821], [-115.1188956, 36.1599357], [-115.119028, 36.1599947], [-115.1193931, 36.1601576]]}, "properties": {"class": "primary"}}, {"type": "Feature", "geometry": {"type": "LineString", "coordinates": [[-115.118513, 36.1597705], [-115.1185498, 36.1597242]]}, "properties": {"class": "primary"}}, {"type": "Feature", "geometry": {"type": "LineString", "coordinates": [[-115.118583, 36.1596824], [-115.118442, 36.1596161]]}, "properties": {"class": "primary"}}, {"type": "Feature", "geometry": {"type": "LineString", "coordinates": [[-115.118583, 36.1596824], [-115.1186315, 36.1596234], [-115.1186403, 36.1596124], [-115.1187333, 36.1594966], [-115.1187637, 36.1594537], [-115.1188, 36.1593915], [-115.1188221, 36.1593532], [-115.1188301, 36.1593394], [-115.1188602, 36.1592715], [-115.1188863, 36.1592102], [-115.1189074, 36.1591467], [-115.1189244, 36.1590857], [-115.1189443, 36.1590196], [-115.1189606, 36.158958]]}, "properties": {"class": "primary"}}, {"type": "Feature", "geometry": {"type": "LineString", "coordinates": [[-115.1175868, 36.1907209], [-115.1173655, 36.1907371], [-115.1172995, 36.1907062], [-115.1169429, 36.1907103], [-115.1167149, 36.1907129], [-115.1163903, 36.1907166], [-115.1162761, 36.1907179], [-115.1161666, 36.1907192]]}, "properties": {"class": "residential"}}, {"type": "Feature", "geometry": {"type": "LineString", "coordinates": [[-115.1586565, 36.1558721], [-115.1583797, 36.155393]]}, "properties": {"class": "secondary"}}, {"type": "Feature", "geometry": {"type": "LineString", "coordinates": [[-115.1589403, 36.1588951], [-115.1589605, 36.1587966], [-115.1590076, 36.1585942], [-115.1590493, 36.1584119], [-115.1590628, 36.1583399]]}, "properties": {"class": "secondary"}}, {"type": "Feature", "geometry": {"type": "LineString", "coordinates": [[-115.1601786, 36.1510313], [-115.1603418, 36.1507729]]}, "properties": {"class": "secondary"}}, {"type": "Feature", "geometry": {"type": "LineString", "coordinates": [[-115.1621785, 36.1522692], [-115.1620084, 36.1523141], [-115.1618307, 36.1523594], [-115.1615237, 36.152433], [-115.1614584, 36.1524486], [-115.1612639, 36.1524756], [-115.1610428, 36.1524772], [-115.160962, 36.1524745], [-115.1608652, 36.1524713], [-115.160601, 36.1524621], [-115.160514, 36.1524568], [-115.1599751, 36.1524212]]}, "properties": {"class": "secondary"}}, {"type": "Feature", "geometry": {"type": "LineString", "coordinates": [[-115.1592117, 36.1524643], [-115.1591597, 36.1525522], [-115.1590615, 36.1527431], [-115.1590066, 36.1528432], [-115.1587995, 36.1532248], [-115.1585774, 36.1536329], [-115.1584912, 36.153797]]}, "properties": {"class": "secondary"}}, {"type": "Feature", "geometry": {"type": "LineString", "coordinates": [[-115.1585845, 36.1524277], [-115.1590632, 36.1524534], [-115.1591298, 36.1524583], [-115.1592117, 36.1524643]]}, "properties": {"class": "secondary"}}, {"type": "Feature", "geometry": {"type": "LineString", "coordinates": [[-115.1583797, 36.155393], [-115.1583019, 36.1552003], [-115.1582671, 36.1550162], [-115.1582617, 36.1548754], [-115.1582805, 36.1546762], [-115.1583154, 36.1545181], [-115.1583942, 36.1542629], [-115.1584591, 36.1541355], [-115.1584984, 36.1540592], [-115.1585872, 36.1539227], [-115.1587036, 36.1537139], [-115.158725, 36.1536756], [-115.1591108, 36.1529832]]}, "properties": {"class": "secondary"}}, {"type": "Feature", "geometry": {"type": "LineString", "coordinates": [[-115.1586978, 36.1562438], [-115.1587746, 36.1563966], [-115.1588893, 36.1566588]]}, "properties": {"class": "secondary"}}, {"type": "Feature", "geometry": {"type": "LineString", "coordinates": [[-115.159554, 36.1556449], [-115.1598251, 36.1548896], [-115.1598415, 36.1548439]]}, "properties": {"class": "tertiary"}}, {"type": "Feature", "geometry": {"type": "LineString", "coordinates": [[-115.1591955, 36.1576896], [-115.1591948, 36.1573047], [-115.1591712, 36.1570864], [-115.1591615, 36.1570519], [-115.15914, 36.1569627]]}, "properties": {"class": "secondary"}}, {"type": "Feature", "geometry": {"type": "LineString", "coordinates": [[-115.1592752, 36.1589064], [-115.1590467, 36.1589031], [-115.1589403, 36.1588951]]}, "properties": {"class": "primary"}}, {"type": "Feature", "geometry": {"type": "LineString", "coordinates": [[-115.1589158, 36.1569847], [-115.15914, 36.1569627]]}, "properties": {"class": "tertiary"}}, {"type": "Feature", "geometry": {"type": "LineString", "coordinates": [[-115.159559, 36.1562597], [-115.159558, 36.1563472], [-115.1595442, 36.1565192], [-115.1594606, 36.1566658], [-115.1593137, 36.1567775], [-115.1592618, 36.1567927], [-115.1592217, 36.1568067], [-115.159108, 36.1568384]]}, "properties": {"class": "tertiary"}}, {"type": "Feature", "geometry": {"type": "LineString", "coordinates": [[-115.1633776, 36.1539434], [-115.1633325, 36.1540168], [-115.1631257, 36.1543587], [-115.1627685, 36.1549941], [-115.1625861, 36.1553261], [-115.1622177, 36.155929], [-115.1621023, 36.1561422], [-115.1619728, 36.156419], [-115.1619123, 36.1565862]]}, "properties": {"class": "tertiary"}}, {"type": "Feature", "geometry": {"type": "LineString", "coordinates": [[-115.1580149, 36.1613437], [-115.1578991, 36.1614218], [-115.1577881, 36.1614497], [-115.1576901, 36.1614441], [-115.1574873, 36.1613694], [-115.1573194, 36.1612784], [-115.1572399, 36.1612102], [-115.1571983, 36.1611458], [-115.1571349, 36.1609992]]}, "properties": {"class": "tertiary"}}, {"type": "Feature", "geometry": {"type": "LineString", "coordinates": [[-115.1571349, 36.1609992], [-115.1571513, 36.160873], [-115.1571996, 36.1607723], [-115.1572709, 36.1606942], [-115.1573549, 36.1606387], [-115.1574898, 36.1605771], [-115.157598, 36.1605657], [-115.1576751, 36.160561], [-115.1577605, 36.1605467]]}, "properties": {"class": "tertiary"}}, {"type": "Feature", "geometry": {"type": "LineString", "coordinates": [[-115.1532589, 36.1479312], [-115.1530931, 36.1478669], [-115.1529314, 36.1478041], [-115.1528335, 36.1477658]]}, "properties": {"class": "tertiary"}}, {"type": "Feature", "geometry": {"type": "LineString", "coordinates": [[-115.1577808, 36.1662906], [-115.1576534, 36.1663074], [-115.1567864, 36.1664183], [-115.1563364, 36.1664714], [-115.1562244, 36.166486], [-115.1560877, 36.166506]]}, "properties": {"class": "secondary"}}, {"type": "Feature", "geometry": {"type": "LineString", "coordinates": [[-115.138898, 36.188368], [-115.138733, 36.1883694]]}, "properties": {"class": "secondary"}}, {"type": "Feature", "geometry": {"type": "LineString", "coordinates": [[-115.1388994, 36.1884803], [-115.1390388, 36.1884717], [-115.1392998, 36.1884536]]}, "properties": {"class": "secondary"}}, {"type": "Feature", "geometry": {"type": "LineString", "coordinates": [[-115.1392998, 36.1884536], [-115.1396622, 36.1884328], [-115.1397479, 36.1884308], [-115.141995, 36.1884159]]}, "properties": {"class": "secondary"}}, {"type": "Feature", "geometry": {"type": "LineString", "coordinates": [[-115.137931, 36.1883653], [-115.1369454, 36.1883671], [-115.1364386, 36.1883632], [-115.135884, 36.1883883], [-115.1356309, 36.1883901], [-115.1356117, 36.1883902], [-115.135533, 36.188391]]}, "properties": {"class": "secondary"}}, {"type": "Feature", "geometry": {"type": "LineString", "coordinates": [[-115.1394489, 36.1883634], [-115.138898, 36.188368]]}, "properties": {"class": "secondary"}}, {"type": "Feature", "geometry": {"type": "LineString", "coordinates": [[-115.1295157, 36.1588793], [-115.1293979, 36.1588334], [-115.1291645, 36.1588307], [-115.1289334, 36.1588323], [-115.1286736, 36.1588252], [-115.1283189, 36.158828], [-115.1282197, 36.1588659]]}, "properties": {"class": "primary"}}, {"type": "Feature", "geometry": {"type": "LineString", "coordinates": [[-115.1282197, 36.1588659], [-115.1284026, 36.1589226], [-115.128475, 36.158927], [-115.1286814, 36.1589252], [-115.1289439, 36.1589247], [-115.129175, 36.1589231], [-115.1294084, 36.1589258], [-115.1295157, 36.1588793]]}, "properties": {"class": "primary"}}, {"type": "Feature", "geometry": {"type": "LineString", "coordinates": [[-115.1282197, 36.1588659], [-115.1278748, 36.1588676], [-115.1276944, 36.1588685], [-115.1274449, 36.1588697], [-115.126702, 36.1588734], [-115.1262913, 36.1588754], [-115.125955, 36.1588771], [-115.1257889, 36.1588779]]}, "properties": {"class": "primary"}}, {"type": "Feature", "geometry": {"type": "LineString", "coordinates": [[-115.134055, 36.186278], [-115.1340563, 36.1863527], [-115.1340568, 36.1863808], [-115.1340726, 36.1873204], [-115.1340869, 36.1875094]]}, "properties": {"class": "primary"}}, {"type": "Feature", "geometry": {"type": "LineString", "coordinates": [[-115.1189366, 36.1531197], [-115.1187799, 36.1531381]]}, "properties": {"class": "residential"}}, {"type": "Feature", "geometry": {"type": "LineString", "coordinates": [[-115.1598415, 36.1548439], [-115.159879, 36.1547397]]}, "properties": {"class": "tertiary"}}, {"type": "Feature", "geometry": {"type": "LineString", "coordinates": [[-115.1610284, 36.1537222], [-115.161153, 36.153649], [-115.1612175, 36.1535989], [-115.16131, 36.153527], [-115.1614, 36.1534195], [-115.1614527, 36.1533564], [-115.161479, 36.153325], [-115.1615318, 36.1532456], [-115.1615585, 36.1532047], [-115.1616258, 36.1531061], [-115.1617488, 36.1529262], [-115.1617762, 36.1528847], [-115.1618618, 36.1527588], [-115.1619157, 36.1526806]]}, "properties": {"class": "tertiary"}}, {"type": "Feature", "geometry": {"type": "LineString", "coordinates": [[-115.1528335, 36.1477658], [-115.152712, 36.1477182], [-115.1526731, 36.1477068], [-115.1524276, 36.1476411]]}, "properties": {"class": "tertiary"}}, {"type": "Feature", "geometry": {"type": "LineString", "coordinates": [[-115.1537531, 36.1481996], [-115.1539978, 36.1483074], [-115.154033, 36.1483229], [-115.1540888, 36.1483549], [-115.1541393, 36.1483905]]}, "properties": {"class": "secondary"}}, {"type": "Feature", "geometry": {"type": "LineString", "coordinates": [[-115.152981, 36.1478936], [-115.1530267, 36.1479145], [-115.1531774, 36.1479663]]}, "properties": {"class": "secondary"}}, {"type": "Feature", "geometry": {"type": "LineString", "coordinates": [[-115.152707, 36.1474959], [-115.1527174, 36.1475477], [-115.1527323, 36.1475897], [-115.1527488, 36.1476346], [-115.1527625, 36.1476627], [-115.1528335, 36.1477658]]}, "properties": {"class": "secondary"}}, {"type": "Feature", "geometry": {"type": "LineString", "coordinates": [[-115.1500483, 36.1475499], [-115.149147, 36.1475782], [-115.1481762, 36.1476024]]}, "properties": {"class": "tertiary"}}, {"type": "Feature", "geometry": {"type": "LineString", "coordinates": [[-115.15326, 36.1478682], [-115.1531684, 36.1478254], [-115.1531262, 36.1478009], [-115.1530878, 36.1477757], [-115.1530496, 36.1477429], [-115.1530083, 36.1477022], [-115.1529663, 36.1476544]]}, "properties": {"class": "secondary"}}, {"type": "Feature", "geometry": {"type": "LineString", "coordinates": [[-115.1468692, 36.1804094], [-115.1468868, 36.1807607], [-115.1468882, 36.1807884], [-115.1468932, 36.1808998]]}, "properties": {"class": "secondary"}}, {"type": "Feature", "geometry": {"type": "LineString", "coordinates": [[-115.1469814, 36.1798225], [-115.1469505, 36.1792626], [-115.1469408, 36.179088]]}, "properties": {"class": "secondary"}}, {"type": "Feature", "geometry": {"type": "LineString", "coordinates": [[-115.1448526, 36.165072], [-115.1449677, 36.1651215], [-115.1451034, 36.1651799], [-115.1452502, 36.165243], [-115.1454181, 36.1653153], [-115.1458366, 36.1654953], [-115.1458842, 36.1655158], [-115.1459974, 36.1655645]]}, "properties": {"class": "secondary"}}, {"type": "Feature", "geometry": {"type": "LineString", "coordinates": [[-115.1540805, 36.1521669], [-115.1540684, 36.1523002], [-115.1540466, 36.1525872]]}, "properties": {"class": "secondary"}}, {"type": "Feature", "geometry": {"type": "LineString", "coordinates": [[-115.1535523, 36.1521446], [-115.1534273, 36.1521392], [-115.1533291, 36.152135]]}, "properties": {"class": "secondary"}}, {"type": "Feature", "geometry": {"type": "LineString", "coordinates": [[-115.1539804, 36.153487], [-115.1539705, 36.1536157], [-115.153957, 36.1537921]]}, "properties": {"class": "secondary"}}, {"type": "Feature", "geometry": {"type": "LineString", "coordinates": [[-115.1549691, 36.1575016], [-115.1549815, 36.157368], [-115.1549998, 36.1571862], [-115.155015, 36.1570603]]}, "properties": {"class": "secondary"}}, {"type": "Feature", "geometry": {"type": "LineString", "coordinates": [[-115.1551003, 36.1561879], [-115.1551131, 36.1560545], [-115.1551663, 36.155518], [-115.155216, 36.1550318], [-115.1552191, 36.1550014], [-115.1552332, 36.1548609]]}, "properties": {"class": "secondary"}}, {"type": "Feature", "geometry": {"type": "LineString", "coordinates": [[-115.144441, 36.167884], [-115.1443368, 36.1678392], [-115.1438788, 36.1676421], [-115.1434476, 36.1674654], [-115.143324, 36.1674133]]}, "properties": {"class": "tertiary"}}, {"type": "Feature", "geometry": {"type": "LineString", "coordinates": [[-115.144338, 36.1680423], [-115.1443693, 36.1679941], [-115.144441, 36.167884]]}, "properties": {"class": "tertiary"}}, {"type": "Feature", "geometry": {"type": "LineString", "coordinates": [[-115.1446105, 36.1676243], [-115.1448145, 36.1673119], [-115.1451672, 36.1667679], [-115.145206, 36.166712], [-115.1452374, 36.166668], [-115.1459111, 36.1656895], [-115.145929, 36.1656636], [-115.1459974, 36.1655645]]}, "properties": {"class": "tertiary"}}, {"type": "Feature", "geometry": {"type": "LineString", "coordinates": [[-115.1537829, 36.1561127], [-115.1537727, 36.1562484], [-115.1536951, 36.1572747], [-115.1536926, 36.1573071], [-115.1536818, 36.1574504]]}, "properties": {"class": "secondary"}}, {"type": "Feature", "geometry": {"type": "LineString", "coordinates": [[-115.1289284, 36.1594114], [-115.1289386, 36.1592668], [-115.1289413, 36.1590687], [-115.1289424, 36.1590074], [-115.1289439, 36.1589247]]}, "properties": {"class": "residential"}}, {"type": "Feature", "geometry": {"type": "LineString", "coordinates": [[-115.1291753, 36.1957453], [-115.1292699, 36.1956626], [-115.1294201, 36.1955314], [-115.1297283, 36.1952546], [-115.1300186, 36.1949733], [-115.1300791, 36.1948486]]}, "properties": {"class": "primary"}}, {"type": "Feature", "geometry": {"type": "LineString", "coordinates": [[-115.148601, 36.1681646], [-115.1485524, 36.1682402], [-115.1485004, 36.168321], [-115.1484634, 36.1683787], [-115.1484304, 36.16843], [-115.1482546, 36.1687033], [-115.1480512, 36.1690197]]}, "properties": {"class": "primary"}}, {"type": "Feature", "geometry": {"type": "LineString", "coordinates": [[-115.1487029, 36.1682078], [-115.1487448, 36.1681446], [-115.149128, 36.1675512]]}, "properties": {"class": "primary"}}, {"type": "Feature", "geometry": {"type": "LineString", "coordinates": [[-115.1609072, 36.1734628], [-115.1609079, 36.1729258], [-115.1609087, 36.1728171], [-115.1609097, 36.1724382]]}, "properties": {"class": "secondary"}}, {"type": "Feature", "geometry": {"type": "LineString", "coordinates": [[-115.160722, 36.1734645], [-115.1609072, 36.1734628]]}, "properties": {"class": "residential"}}, {"type": "Feature", "geometry": {"type": "LineString", "coordinates": [[-115.160722, 36.1734645], [-115.160718, 36.1743024]]}, "properties": {"class": "secondary"}}, {"type": "Feature", "geometry": {"type": "LineString", "coordinates": [[-115.1607367, 36.1717212], [-115.1607247, 36.1728383]]}, "properties": {"class": "secondary"}}, {"type": "Feature", "geometry": {"type": "LineString", "coordinates": [[-115.1609124, 36.1717218], [-115.1609215, 36.1711339], [-115.1609202, 36.1710417], [-115.1609163, 36.1706021], [-115.160916, 36.170504]]}, "properties": {"class": "secondary"}}, {"type": "Feature", "geometry": {"type": "LineString", "coordinates": [[-115.1607403, 36.1713652], [-115.1607384, 36.1715509], [-115.1607367, 36.1717212]]}, "properties": {"class": "secondary"}}, {"type": "Feature", "geometry": {"type": "LineString", "coordinates": [[-115.158318, 36.160541], [-115.1586412, 36.1604422]]}, "properties": {"class": "tertiary"}}, {"type": "Feature", "geometry": {"type": "LineString", "coordinates": [[-115.1570658, 36.1612171], [-115.1572489, 36.1613544], [-115.1574097, 36.1614531], [-115.157568, 36.1615176]]}, "properties": {"class": "secondary"}}, {"type": "Feature", "geometry": {"type": "LineString", "coordinates": [[-115.1543801, 36.1512251], [-115.1543434, 36.1512213], [-115.154289, 36.1512019], [-115.1542641, 36.1511827], [-115.1542418, 36.1511581], [-115.154224, 36.1511272], [-115.1542118, 36.1510834], [-115.1542029, 36.1510342], [-115.1542179, 36.1507663]]}, "properties": {"class": "secondary"}}, {"type": "Feature", "geometry": {"type": "LineString", "coordinates": [[-115.1541805, 36.1506149], [-115.1541187, 36.1507649]]}, "properties": {"class": "secondary"}}, {"type": "Feature", "geometry": {"type": "LineString", "coordinates": [[-115.1542277, 36.1513024], [-115.1541996, 36.1513201], [-115.1541533, 36.151354]]}, "properties": {"class": "secondary"}}, {"type": "Feature", "geometry": {"type": "LineString", "coordinates": [[-115.1227077, 36.1598124], [-115.122559, 36.1598828], [-115.1224164, 36.1599824], [-115.1216267, 36.1599751], [-115.1214303, 36.1599817]]}, "properties": {"class": "residential"}}, {"type": "Feature", "geometry": {"type": "LineString", "coordinates": [[-115.116657, 36.1587888], [-115.1165305, 36.1587034], [-115.1164965, 36.1586804]]}, "properties": {"class": "primary"}}, {"type": "Feature", "geometry": {"type": "LineString", "coordinates": [[-115.1122854, 36.155449], [-115.112435, 36.15557], [-115.1137696, 36.1565873], [-115.1138644, 36.1566652], [-115.1141317, 36.1568933], [-115.1145567, 36.1572658], [-115.1148413, 36.1575106], [-115.1153241, 36.1579416], [-115.1156295, 36.1582074], [-115.1158103, 36.1583647], [-115.1159866, 36.1585176], [-115.1161788, 36.1586648], [-115.1162426, 36.1587106], [-115.116354, 36.1587905]]}, "properties": {"class": "primary"}}, {"type": "Feature", "geometry": {"type": "LineString", "coordinates": [[-115.1548669, 36.1589071], [-115.1548647, 36.1588608], [-115.154862, 36.158771]]}, "properties": {"class": "primary"}}, {"type": "Feature", "geometry": {"type": "LineString", "coordinates": [[-115.1364933, 36.1746389], [-115.136026, 36.1744339], [-115.1356137, 36.1742554], [-115.1355256, 36.1742175]]}, "properties": {"class": "secondary"}}, {"type": "Feature", "geometry": {"type": "LineString", "coordinates": [[-115.1365817, 36.1746773], [-115.1364933, 36.1746389]]}, "properties": {"class": "secondary"}}, {"type": "Feature", "geometry": {"type": "LineString", "coordinates": [[-115.1367559, 36.1747532], [-115.1365817, 36.1746773]]}, "properties": {"class": "secondary"}}, {"type": "Feature", "geometry": {"type": "LineString", "coordinates": [[-115.13705, 36.1602467], [-115.1366602, 36.160084], [-115.1366289, 36.1600709], [-115.136544, 36.1600354]]}, "properties": {"class": "secondary"}}, {"type": "Feature", "geometry": {"type": "LineString", "coordinates": [[-115.1609074, 36.1762141], [-115.1609101, 36.1759665], [-115.1609116, 36.1758231]]}, "properties": {"class": "primary"}}, {"type": "Feature", "geometry": {"type": "LineString", "coordinates": [[-115.1609004, 36.1770348], [-115.1607319, 36.1770357]]}, "properties": {"class": "secondary"}}, {"type": "Feature", "geometry": {"type": "LineString", "coordinates": [[-115.1607235, 36.1790569], [-115.1607557, 36.1800833]]}, "properties": {"class": "primary"}}, {"type": "Feature", "geometry": {"type": "LineString", "coordinates": [[-115.1607336, 36.1771759], [-115.1609032, 36.1771759]]}, "properties": {"class": "secondary"}}, {"type": "Feature", "geometry": {"type": "LineString", "coordinates": [[-115.1609032, 36.1771759], [-115.1609004, 36.1770348]]}, "properties": {"class": "primary"}}, {"type": "Feature", "geometry": {"type": "LineString", "coordinates": [[-115.1609032, 36.1771759], [-115.1613187, 36.1771802]]}, "properties": {"class": "secondary"}}, {"type": "Feature", "geometry": {"type": "LineString", "coordinates": [[-115.1581776, 36.1610323], [-115.1581117, 36.1611929], [-115.1580149, 36.1613437], [-115.1579282, 36.1614658], [-115.1578834, 36.1615289]]}, "properties": {"class": "secondary"}}, {"type": "Feature", "geometry": {"type": "LineString", "coordinates": [[-115.116302, 36.192169], [-115.1163009, 36.192104], [-115.1162895, 36.1914469], [-115.1162886, 36.1913994], [-115.1162761, 36.1907179], [-115.1162721, 36.1905358], [-115.1162684, 36.190367], [-115.11626, 36.1899837], [-115.1162384, 36.1892617], [-115.1162035, 36.1886457], [-115.1162027, 36.1886322], [-115.116197, 36.1885385]]}, "properties": {"class": "primary"}}, {"type": "Feature", "geometry": {"type": "LineString", "coordinates": [[-115.1165163, 36.1921668], [-115.1164196, 36.1921678], [-115.1164, 36.192168], [-115.116302, 36.192169]]}, "properties": {"class": "tertiary"}}, {"type": "Feature", "geometry": {"type": "LineString", "coordinates": [[-115.116147, 36.19217], [-115.1161476, 36.1922488], [-115.1161527, 36.1928789], [-115.1161552, 36.1932031], [-115.116159, 36.1935858], [-115.1161795, 36.1942694], [-115.1161915, 36.1946854], [-115.1161997, 36.1949711], [-115.116217, 36.1952587], [-115.1162178, 36.1955988], [-115.1162202, 36.1956928], [-115.1162207, 36.1957144], [-115.116223, 36.1958049], [-115.1162651, 36.1959359]]}, "properties": {"class": "primary"}}, {"type": "Feature", "geometry": {"type": "LineString", "coordinates": [[-115.1368606, 36.1747988], [-115.1367559, 36.1747532]]}, "properties": {"class": "secondary"}}, {"type": "Feature", "geometry": {"type": "LineString", "coordinates": [[-115.134095, 36.1812693], [-115.1340789, 36.1813493], [-115.1340143, 36.1817036], [-115.1339818, 36.1819811], [-115.1340272, 36.182134]]}, "properties": {"class": "primary"}}, {"type": "Feature", "geometry": {"type": "LineString", "coordinates": [[-115.1609028, 36.1782406], [-115.1609014, 36.1780944], [-115.1609034, 36.1776569]]}, "properties": {"class": "primary"}}, {"type": "Feature", "geometry": {"type": "LineString", "coordinates": [[-115.1609799, 36.1808151], [-115.160789, 36.1808129]]}, "properties": {"class": "primary"}}, {"type": "Feature", "geometry": {"type": "LineString", "coordinates": [[-115.135457, 36.1884973], [-115.1355605, 36.1884963], [-115.1357624, 36.1884943], [-115.1361555, 36.1884884], [-115.136504, 36.1884922], [-115.1373255, 36.1885011]]}, "properties": {"class": "secondary"}}, {"type": "Feature", "geometry": {"type": "LineString", "coordinates": [[-115.1339849, 36.1884042], [-115.1339215, 36.1884058], [-115.1305785, 36.1884207]]}, "properties": {"class": "secondary"}}, {"type": "Feature", "geometry": {"type": "LineString", "coordinates": [[-115.1339814, 36.188506], [-115.133981, 36.1885614], [-115.1339758, 36.1892698], [-115.1339718, 36.1893745], [-115.1339611, 36.189445], [-115.1339342, 36.1895457], [-115.1338976, 36.1896407], [-115.1338796, 36.1896732], [-115.1338466, 36.1897256], [-115.1337853, 36.189814], [-115.1337073, 36.1899198], [-115.1335407, 36.190106]]}, "properties": {"class": "primary"}}, {"type": "Feature", "geometry": {"type": "LineString", "coordinates": [[-115.1469408, 36.179088], [-115.1469378, 36.1790052], [-115.1469357, 36.1789481], [-115.1469269, 36.1788271], [-115.1469265, 36.1787883]]}, "properties": {"class": "secondary"}}, {"type": "Feature", "geometry": {"type": "LineString", "coordinates": [[-115.1468122, 36.1791158], [-115.1468454, 36.1799052], [-115.1468531, 36.1800876]]}, "properties": {"class": "secondary"}}, {"type": "Feature", "geometry": {"type": "LineString", "coordinates": [[-115.1616555, 36.1590692], [-115.1616619, 36.1593486]]}, "properties": {"class": "secondary"}}, {"type": "Feature", "geometry": {"type": "LineString", "coordinates": [[-115.1617505, 36.1593477], [-115.1617493, 36.1591978], [-115.1617483, 36.1590681]]}, "properties": {"class": "tertiary"}}, {"type": "Feature", "geometry": {"type": "LineString", "coordinates": [[-115.1375418, 36.1750844], [-115.1373154, 36.1749891], [-115.1372899, 36.1749784], [-115.137185, 36.1749342]]}, "properties": {"class": "secondary"}}, {"type": "Feature", "geometry": {"type": "LineString", "coordinates": [[-115.147184, 36.170557], [-115.1472469, 36.1704607], [-115.1473148, 36.1703568], [-115.1473864, 36.1702446], [-115.1475666, 36.1699487], [-115.1477343, 36.1697075]]}, "properties": {"class": "primary"}}, {"type": "Feature", "geometry": {"type": "LineString", "coordinates": [[-115.147073, 36.1705078], [-115.1470031, 36.1706147], [-115.1467342, 36.1710259]]}, "properties": {"class": "primary"}}, {"type": "Feature", "geometry": {"type": "LineString", "coordinates": [[-115.1472171, 36.1703066], [-115.1471764, 36.1703691], [-115.147163, 36.1703871], [-115.1471422, 36.170415], [-115.147073, 36.1705078]]}, "properties": {"class": "primary"}}, {"type": "Feature", "geometry": {"type": "LineString", "coordinates": [[-115.1472952, 36.1701906], [-115.1472171, 36.1703066]]}, "properties": {"class": "primary"}}, {"type": "Feature", "geometry": {"type": "LineString", "coordinates": [[-115.1383526, 36.1727278], [-115.1382902, 36.1728361]]}, "properties": {"class": "primary"}}, {"type": "Feature", "geometry": {"type": "LineString", "coordinates": [[-115.157781, 36.1664374], [-115.1587129, 36.1663198], [-115.1589455, 36.166303], [-115.1592358, 36.1662991], [-115.15939, 36.1662997]]}, "properties": {"class": "secondary"}}, {"type": "Feature", "geometry": {"type": "LineString", "coordinates": [[-115.155472, 36.1667271], [-115.1555719, 36.1667151], [-115.1565187, 36.1665959]]}, "properties": {"class": "secondary"}}, {"type": "Feature", "geometry": {"type": "LineString", "coordinates": [[-115.1159886, 36.1806188], [-115.1159754, 36.1810189], [-115.1159745, 36.1810471], [-115.115972, 36.1811349]]}, "properties": {"class": "primary"}}, {"type": "Feature", "geometry": {"type": "LineString", "coordinates": [[-115.11615, 36.1811355], [-115.1161512, 36.1810432], [-115.1161546, 36.1808187], [-115.1161632, 36.1801534], [-115.1161655, 36.18002], [-115.116173, 36.1797437], [-115.1162165, 36.1781504], [-115.1162224, 36.1779494], [-115.1162331, 36.1775437], [-115.1162362, 36.1771183], [-115.1162537, 36.1760215]]}, "properties": {"class": "primary"}}, {"type": "Feature", "geometry": {"type": "LineString", "coordinates": [[-115.1162537, 36.1760215], [-115.1162625, 36.1755055]]}, "properties": {"class": "primary"}}, {"type": "Feature", "geometry": {"type": "LineString", "coordinates": [[-115.1162625, 36.1755055], [-115.1161137, 36.1755025]]}, "properties": {"class": "residential"}}, {"type": "Feature", "geometry": {"type": "LineString", "coordinates": [[-115.1161137, 36.1755025], [-115.1161132, 36.17552], [-115.1161067, 36.1757588], [-115.1161052, 36.1758697], [-115.1161039, 36.1760478], [-115.1161038, 36.1761806], [-115.1160933, 36.1765557], [-115.1160924, 36.1765889], [-115.1160824, 36.1769273], [-115.1160767, 36.1771198], [-115.1160724, 36.177266], [-115.116062, 36.1775481], [-115.116051, 36.1779511], [-115.1160489, 36.1780693], [-115.1160441, 36.1783117], [-115.1160266, 36.1791963], [-115.116016, 36.1797364], [-115.116005, 36.1800877], [-115.1160023, 36.1801813], [-115.1159911, 36.180545], [-115.1159886, 36.1806188]]}, "properties": {"class": "primary"}}, {"type": "Feature", "geometry": {"type": "LineString", "coordinates": [[-115.1161283, 36.1749464], [-115.1161264, 36.1750362], [-115.1161222, 36.175193], [-115.1161172, 36.175375], [-115.1161137, 36.1755025]]}, "properties": {"class": "primary"}}, {"type": "Feature", "geometry": {"type": "LineString", "coordinates": [[-115.1162774, 36.1747656], [-115.1162824, 36.1745585], [-115.1162859, 36.174395], [-115.1162899, 36.1742067]]}, "properties": {"class": "primary"}}, {"type": "Feature", "geometry": {"type": "LineString", "coordinates": [[-115.1162806, 36.1738719], [-115.1161494, 36.1738685]]}, "properties": {"class": "secondary"}}, {"type": "Feature", "geometry": {"type": "LineString", "coordinates": [[-115.1162625, 36.1755055], [-115.1162719, 36.1750588], [-115.1162774, 36.1747656]]}, "properties": {"class": "primary"}}, {"type": "Feature", "geometry": {"type": "LineString", "coordinates": [[-115.1161547, 36.1740218], [-115.1161516, 36.1741156], [-115.1161306, 36.1748833], [-115.1161283, 36.1749464]]}, "properties": {"class": "primary"}}, {"type": "Feature", "geometry": {"type": "LineString", "coordinates": [[-115.1161151, 36.1733587], [-115.1161445, 36.173806], [-115.1161464, 36.173839], [-115.1161494, 36.1738685]]}, "properties": {"class": "primary"}}, {"type": "Feature", "geometry": {"type": "LineString", "coordinates": [[-115.1160958, 36.173051], [-115.1161067, 36.1732314]]}, "properties": {"class": "primary"}}, {"type": "Feature", "geometry": {"type": "LineString", "coordinates": [[-115.1160606, 36.1697328], [-115.1160527, 36.1695668], [-115.1160467, 36.1694414], [-115.1160402, 36.1693057], [-115.116043, 36.1690259], [-115.1160434, 36.1689902], [-115.116044, 36.1689315]]}, "properties": {"class": "primary"}}, {"type": "Feature", "geometry": {"type": "LineString", "coordinates": [[-115.1161152, 36.1709156], [-115.116099, 36.1706468], [-115.1160858, 36.1702998], [-115.116082, 36.1701997]]}, "properties": {"class": "primary"}}, {"type": "Feature", "geometry": {"type": "LineString", "coordinates": [[-115.115832, 36.1689332], [-115.1158367, 36.1689995], [-115.1158579, 36.1692979], [-115.1158759, 36.1696123], [-115.1158857, 36.1697853]]}, "properties": {"class": "primary"}}, {"type": "Feature", "geometry": {"type": "LineString", "coordinates": [[-115.1158857, 36.1697853], [-115.1159029, 36.1700891], [-115.115909, 36.1701976]]}, "properties": {"class": "primary"}}, {"type": "Feature", "geometry": {"type": "LineString", "coordinates": [[-115.1161873, 36.1720708], [-115.1161641, 36.1716218], [-115.1161548, 36.1714895], [-115.1161259, 36.1710777], [-115.1161152, 36.1709156]]}, "properties": {"class": "primary"}}, {"type": "Feature", "geometry": {"type": "LineString", "coordinates": [[-115.1161873, 36.1720708], [-115.1160346, 36.1720746]]}, "properties": {"class": "residential"}}, {"type": "Feature", "geometry": {"type": "LineString", "coordinates": [[-115.1162025, 36.1723457], [-115.1161873, 36.1720708]]}, "properties": {"class": "primary"}}, {"type": "Feature", "geometry": {"type": "LineString", "coordinates": [[-115.160718, 36.1743024], [-115.1607168, 36.1746087], [-115.1607164, 36.1747277]]}, "properties": {"class": "secondary"}}, {"type": "Feature", "geometry": {"type": "LineString", "coordinates": [[-115.1609004, 36.1770348], [-115.1609056, 36.1764768]]}, "properties": {"class": "primary"}}, {"type": "Feature", "geometry": {"type": "LineString", "coordinates": [[-115.1609056, 36.1764768], [-115.1609074, 36.1762141]]}, "properties": {"class": "primary"}}, {"type": "Feature", "geometry": {"type": "LineString", "coordinates": [[-115.1443065, 36.1737915], [-115.1447249, 36.1739731], [-115.14475, 36.173984], [-115.1447961, 36.174004]]}, "properties": {"class": "primary"}}, {"type": "Feature", "geometry": {"type": "LineString", "coordinates": [[-115.1472021, 36.1660828], [-115.1472527, 36.166104], [-115.1472663, 36.1661097], [-115.1473723, 36.1661495], [-115.1474444, 36.166168], [-115.1475105, 36.166177], [-115.1476034, 36.1661686], [-115.1476752, 36.1661458]]}, "properties": {"class": "secondary"}}, {"type": "Feature", "geometry": {"type": "LineString", "coordinates": [[-115.147947, 36.1693784], [-115.1480275, 36.1692549], [-115.1485163, 36.1685055]]}, "properties": {"class": "primary"}}, {"type": "Feature", "geometry": {"type": "LineString", "coordinates": [[-115.147847, 36.1693373], [-115.1477559, 36.1692986], [-115.1477008, 36.1692752], [-115.1472973, 36.1691038], [-115.1472131, 36.169069], [-115.1469308, 36.1689522], [-115.1468473, 36.1689177], [-115.146715, 36.168863], [-115.1466279, 36.1688255], [-115.1457691, 36.1684555], [-115.1457171, 36.1684331], [-115.145677, 36.1684158]]}, "properties": {"class": "tertiary"}}, {"type": "Feature", "geometry": {"type": "LineString", "coordinates": [[-115.147847, 36.1693373], [-115.1477803, 36.1694401], [-115.1475024, 36.1698682], [-115.1472952, 36.1701906]]}, "properties": {"class": "primary"}}, {"type": "Feature", "geometry": {"type": "LineString", "coordinates": [[-115.1607394, 36.176289], [-115.1607394, 36.1763621]]}, "properties": {"class": "primary"}}, {"type": "Feature", "geometry": {"type": "LineString", "coordinates": [[-115.1593919, 36.1524774], [-115.1594432, 36.1523842]]}, "properties": {"class": "secondary"}}, {"type": "Feature", "geometry": {"type": "LineString", "coordinates": [[-115.1594432, 36.1523842], [-115.1592677, 36.1523689]]}, "properties": {"class": "secondary"}}, {"type": "Feature", "geometry": {"type": "LineString", "coordinates": [[-115.1594432, 36.1523842], [-115.1594794, 36.1523102], [-115.1594875, 36.1522937], [-115.1595656, 36.152133], [-115.1596424, 36.1520103], [-115.1596916, 36.1519317], [-115.1600371, 36.1513798], [-115.1600245, 36.1512728]]}, "properties": {"class": "secondary"}}, {"type": "Feature", "geometry": {"type": "LineString", "coordinates": [[-115.1592677, 36.1523689], [-115.1592117, 36.1524643]]}, "properties": {"class": "secondary"}}, {"type": "Feature", "geometry": {"type": "LineString", "coordinates": [[-115.1592677, 36.1523689], [-115.1591777, 36.1523611], [-115.1590125, 36.1523468], [-115.1586829, 36.1523323], [-115.1582032, 36.1523106], [-115.1580828, 36.1523516]]}, "properties": {"class": "secondary"}}, {"type": "Feature", "geometry": {"type": "LineString", "coordinates": [[-115.1592117, 36.1524643], [-115.1593919, 36.1524774]]}, "properties": {"class": "secondary"}}, {"type": "Feature", "geometry": {"type": "LineString", "coordinates": [[-115.1536818, 36.1574504], [-115.1536729, 36.1575653], [-115.1536246, 36.1581817]]}, "properties": {"class": "secondary"}}, {"type": "Feature", "geometry": {"type": "LineString", "coordinates": [[-115.158917, 36.1568807], [-115.1589158, 36.1569847]]}, "properties": {"class": "secondary"}}, {"type": "Feature", "geometry": {"type": "LineString", "coordinates": [[-115.159108, 36.1568384], [-115.158917, 36.1568807]]}, "properties": {"class": "tertiary"}}, {"type": "Feature", "geometry": {"type": "LineString", "coordinates": [[-115.159108, 36.1568384], [-115.1590775, 36.1567238], [-115.1590568, 36.1566432]]}, "properties": {"class": "secondary"}}, {"type": "Feature", "geometry": {"type": "LineString", "coordinates": [[-115.1587855, 36.1579296], [-115.1587776, 36.1579759], [-115.1587222, 36.1583555], [-115.1586547, 36.158754], [-115.158649, 36.1587896], [-115.158638, 36.1588724]]}, "properties": {"class": "secondary"}}, {"type": "Feature", "geometry": {"type": "LineString", "coordinates": [[-115.1463536, 36.1718141], [-115.1464105, 36.1717256]]}, "properties": {"class": "primary"}}, {"type": "Feature", "geometry": {"type": "LineString", "coordinates": [[-115.1469869, 36.1708503], [-115.1470915, 36.1706947], [-115.1471142, 36.1706609], [-115.147184, 36.170557]]}, "properties": {"class": "primary"}}, {"type": "Feature", "geometry": {"type": "LineString", "coordinates": [[-115.1459907, 36.1721563], [-115.145847, 36.1723763]]}, "properties": {"class": "primary"}}, {"type": "Feature", "geometry": {"type": "LineString", "coordinates": [[-115.1461011, 36.1722063], [-115.146336, 36.1718413], [-115.1463536, 36.1718141]]}, "properties": {"class": "primary"}}, {"type": "Feature", "geometry": {"type": "LineString", "coordinates": [[-115.1242157, 36.1920825], [-115.1238041, 36.1920837], [-115.1231735, 36.1920937], [-115.1226628, 36.1920992]]}, "properties": {"class": "tertiary"}}, {"type": "Feature", "geometry": {"type": "LineString", "coordinates": [[-115.1226628, 36.1920992], [-115.1219639, 36.1921067], [-115.1210119, 36.1921169]]}, "properties": {"class": "tertiary"}}, {"type": "Feature", "geometry": {"type": "LineString", "coordinates": [[-115.1638048, 36.1526033], [-115.1639688, 36.152428], [-115.1643028, 36.1520577]]}, "properties": {"class": "motorway"}}, {"type": "Feature", "geometry": {"type": "LineString", "coordinates": [[-115.1340949, 36.161394], [-115.1339951, 36.1614843], [-115.1339567, 36.1616681]]}, "properties": {"class": "residential"}}, {"type": "Feature", "geometry": {"type": "LineString", "coordinates": [[-115.1575461, 36.1589594], [-115.1577707, 36.1589789], [-115.1579719, 36.1589973], [-115.1581905, 36.1590238], [-115.1584825, 36.1590595], [-115.1585187, 36.1590647], [-115.1586095, 36.1590754]]}, "properties": {"class": "primary"}}, {"type": "Feature", "geometry": {"type": "LineString", "coordinates": [[-115.1371231, 36.1479588], [-115.1371235, 36.1478427], [-115.1371258, 36.1471595], [-115.1371261, 36.1470736], [-115.1371265, 36.1469342], [-115.1371274, 36.1466603], [-115.1371281, 36.1464712], [-115.137129, 36.146201], [-115.1371293, 36.1460917], [-115.1371298, 36.1459543]]}, "properties": {"class": "primary"}}, {"type": "Feature", "geometry": {"type": "LineString", "coordinates": [[-115.1371298, 36.1459543], [-115.137129, 36.145864], [-115.1371288, 36.1458469], [-115.1371297, 36.1456513]]}, "properties": {"class": "primary"}}, {"type": "Feature", "geometry": {"type": "LineString", "coordinates": [[-115.1371297, 36.1456513], [-115.1370328, 36.1456239]]}, "properties": {"class": "residential"}}, {"type": "Feature", "geometry": {"type": "LineString", "coordinates": [[-115.1371297, 36.1456513], [-115.1371304, 36.145561], [-115.1371348, 36.1450377]]}, "properties": {"class": "primary"}}, {"type": "Feature", "geometry": {"type": "LineString", "coordinates": [[-115.1371348, 36.1450377], [-115.1371333, 36.1449859], [-115.1371378, 36.1444611], [-115.1371364, 36.1444363], [-115.1371309, 36.1443374]]}, "properties": {"class": "primary"}}, {"type": "Feature", "geometry": {"type": "LineString", "coordinates": [[-115.1369439, 36.1443419], [-115.1369511, 36.1444382], [-115.1369513, 36.1445559], [-115.1369515, 36.1447444], [-115.1369523, 36.1452306], [-115.1369525, 36.1453985]]}, "properties": {"class": "primary"}}, {"type": "Feature", "geometry": {"type": "LineString", "coordinates": [[-115.1369525, 36.1453985], [-115.1369562, 36.1455437], [-115.1369576, 36.1456004]]}, "properties": {"class": "primary"}}, {"type": "Feature", "geometry": {"type": "LineString", "coordinates": [[-115.1370328, 36.1456239], [-115.1369576, 36.1456004]]}, "properties": {"class": "residential"}}, {"type": "Feature", "geometry": {"type": "LineString", "coordinates": [[-115.1369494, 36.1471615], [-115.1369519, 36.1476046]]}, "properties": {"class": "primary"}}, {"type": "Feature", "geometry": {"type": "LineString", "coordinates": [[-115.1369519, 36.1476046], [-115.1369531, 36.1478182], [-115.1369532, 36.1478503], [-115.1369538, 36.1479604]]}, "properties": {"class": "primary"}}, {"type": "Feature", "geometry": {"type": "LineString", "coordinates": [[-115.1527691, 36.1587635], [-115.1524282, 36.1587653], [-115.1523627, 36.1587657], [-115.1522695, 36.1587662]]}, "properties": {"class": "primary"}}, {"type": "Feature", "geometry": {"type": "LineString", "coordinates": [[-115.1509088, 36.1588937], [-115.1510254, 36.1588944]]}, "properties": {"class": "primary"}}, {"type": "Feature", "geometry": {"type": "LineString", "coordinates": [[-115.1510254, 36.1588944], [-115.1510255, 36.1587639]]}, "properties": {"class": "secondary"}}, {"type": "Feature", "geometry": {"type": "LineString", "coordinates": [[-115.1517987, 36.1588966], [-115.1520674, 36.158896], [-115.152126, 36.1588958], [-115.152217, 36.1588956]]}, "properties": {"class": "primary"}}, {"type": "Feature", "geometry": {"type": "LineString", "coordinates": [[-115.145147, 36.1589059], [-115.1453237, 36.1589054], [-115.1457526, 36.1589043], [-115.1459575, 36.1589037], [-115.1460747, 36.1589034], [-115.1462783, 36.1589028]]}, "properties": {"class": "primary"}}, {"type": "Feature", "geometry": {"type": "LineString", "coordinates": [[-115.1474307, 36.1587792], [-115.1473536, 36.158903]]}, "properties": {"class": "primary"}}, {"type": "Feature", "geometry": {"type": "LineString", "coordinates": [[-115.1462783, 36.1589028], [-115.146684, 36.1589017], [-115.1471751, 36.1589004], [-115.1472178, 36.1589003], [-115.1473536, 36.158903]]}, "properties": {"class": "primary"}}, {"type": "Feature", "geometry": {"type": "LineString", "coordinates": [[-115.1475113, 36.1589062], [-115.1475922, 36.15878]]}, "properties": {"class": "primary"}}, {"type": "Feature", "geometry": {"type": "LineString", "coordinates": [[-115.1473536, 36.158903], [-115.1475113, 36.1589062]]}, "properties": {"class": "primary"}}, {"type": "Feature", "geometry": {"type": "LineString", "coordinates": [[-115.1504363, 36.1588931], [-115.1507966, 36.1588935], [-115.1508413, 36.1588936], [-115.1509088, 36.1588937]]}, "properties": {"class": "primary"}}, {"type": "Feature", "geometry": {"type": "LineString", "coordinates": [[-115.1608059, 36.1813165], [-115.1608171, 36.1817781]]}, "properties": {"class": "primary"}}, {"type": "Feature", "geometry": {"type": "LineString", "coordinates": [[-115.1609498, 36.1842248], [-115.1609537, 36.1837105]]}, "properties": {"class": "primary"}}, {"type": "Feature", "geometry": {"type": "LineString", "coordinates": [[-115.1609747, 36.1832639], [-115.1610037, 36.1828351], [-115.1610062, 36.1827983]]}, "properties": {"class": "primary"}}, {"type": "Feature", "geometry": {"type": "LineString", "coordinates": [[-115.1610062, 36.1827983], [-115.1610163, 36.1822488], [-115.1610146, 36.1821595]]}, "properties": {"class": "primary"}}, {"type": "Feature", "geometry": {"type": "LineString", "coordinates": [[-115.1610146, 36.1821595], [-115.161011, 36.1819262], [-115.1610019, 36.1816099]]}, "properties": {"class": "primary"}}, {"type": "Feature", "geometry": {"type": "LineString", "coordinates": [[-115.1607683, 36.1885351], [-115.1607678, 36.1886146], [-115.1607654, 36.1888982], [-115.1607632, 36.1892398], [-115.1607605, 36.1897466], [-115.1607588, 36.1902573]]}, "properties": {"class": "primary"}}, {"type": "Feature", "geometry": {"type": "LineString", "coordinates": [[-115.1607588, 36.1902573], [-115.160756, 36.1908078]]}, "properties": {"class": "primary"}}, {"type": "Feature", "geometry": {"type": "LineString", "coordinates": [[-115.160756, 36.1908078], [-115.1607529, 36.1912126], [-115.1607464, 36.192107], [-115.160739, 36.1929705]]}, "properties": {"class": "primary"}}, {"type": "Feature", "geometry": {"type": "LineString", "coordinates": [[-115.160739, 36.1929705], [-115.1607376, 36.1932166], [-115.1607359, 36.1934115], [-115.160735, 36.1935218]]}, "properties": {"class": "primary"}}, {"type": "Feature", "geometry": {"type": "LineString", "coordinates": [[-115.1343287, 36.173992], [-115.134121, 36.1739909], [-115.1340298, 36.1739904], [-115.1339574, 36.1740408]]}, "properties": {"class": "secondary"}}, {"type": "Feature", "geometry": {"type": "LineString", "coordinates": [[-115.1333714, 36.1904902], [-115.1333586, 36.1906223], [-115.1333559, 36.1907313]]}, "properties": {"class": "primary"}}, {"type": "Feature", "geometry": {"type": "LineString", "coordinates": [[-115.1401481, 36.1812457], [-115.1402781, 36.1812631], [-115.1408527, 36.1813385], [-115.1411099, 36.1813708], [-115.1413425, 36.1813932], [-115.1415721, 36.1814156], [-115.1417253, 36.1814255], [-115.1420242, 36.1814217], [-115.1422016, 36.1814123], [-115.1423954, 36.1813972], [-115.1425822, 36.1813689], [-115.1426705, 36.181351]]}, "properties": {"class": "primary"}}, {"type": "Feature", "geometry": {"type": "LineString", "coordinates": [[-115.1427687, 36.1813295], [-115.1430937, 36.1812534]]}, "properties": {"class": "primary"}}, {"type": "Feature", "geometry": {"type": "LineString", "coordinates": [[-115.1430937, 36.1812534], [-115.1432702, 36.1812047], [-115.1435578, 36.1811304]]}, "properties": {"class": "primary"}}, {"type": "Feature", "geometry": {"type": "LineString", "coordinates": [[-115.143988, 36.181061], [-115.1441825, 36.1810517], [-115.1442365, 36.1810491], [-115.1443861, 36.181044]]}, "properties": {"class": "primary"}}, {"type": "Feature", "geometry": {"type": "LineString", "coordinates": [[-115.160769, 36.1876647], [-115.160769, 36.1880292], [-115.160769, 36.1882023], [-115.160769, 36.1882915], [-115.160769, 36.1883115], [-115.160769, 36.1884028]]}, "properties": {"class": "primary"}}, {"type": "Feature", "geometry": {"type": "LineString", "coordinates": [[-115.1187227, 36.1477442], [-115.1187363, 36.1480763], [-115.1187379, 36.1481153], [-115.1187421, 36.1482165]]}, "properties": {"class": "primary"}}, {"type": "Feature", "geometry": {"type": "LineString", "coordinates": [[-115.1609061, 36.1949099], [-115.1609007, 36.1944225], [-115.1608952, 36.1939929]]}, "properties": {"class": "primary"}}, {"type": "Feature", "geometry": {"type": "LineString", "coordinates": [[-115.1608952, 36.1939929], [-115.1608937, 36.1938552]]}, "properties": {"class": "primary"}}, {"type": "Feature", "geometry": {"type": "LineString", "coordinates": [[-115.1608937, 36.1938552], [-115.1608914, 36.1936519], [-115.16089, 36.1935217]]}, "properties": {"class": "primary"}}, {"type": "Feature", "geometry": {"type": "LineString", "coordinates": [[-115.16089, 36.1935217], [-115.1608997, 36.1925752], [-115.160906, 36.1919672], [-115.1609092, 36.1916514], [-115.1609117, 36.1913686]]}, "properties": {"class": "primary"}}, {"type": "Feature", "geometry": {"type": "LineString", "coordinates": [[-115.1609117, 36.1913686], [-115.1609176, 36.1908073]]}, "properties": {"class": "primary"}}, {"type": "Feature", "geometry": {"type": "LineString", "coordinates": [[-115.1609337, 36.1892594], [-115.1609409, 36.1886428], [-115.1609412, 36.1886181], [-115.1609409, 36.1885341]]}, "properties": {"class": "primary"}}, {"type": "Feature", "geometry": {"type": "LineString", "coordinates": [[-115.1143133, 36.1739267], [-115.1150709, 36.1739796], [-115.1153337, 36.1739953]]}, "properties": {"class": "secondary"}}, {"type": "Feature", "geometry": {"type": "LineString", "coordinates": [[-115.1187193, 36.1476538], [-115.1187227, 36.1477442]]}, "properties": {"class": "primary"}}, {"type": "Feature", "geometry": {"type": "LineString", "coordinates": [[-115.1369799, 36.1593679], [-115.1370022, 36.1593103], [-115.1370236, 36.1592042], [-115.1370317, 36.1591078], [-115.1370321, 36.1590478], [-115.1370319, 36.159007], [-115.1370323, 36.1589409]]}, "properties": {"class": "secondary"}}, {"type": "Feature", "geometry": {"type": "LineString", "coordinates": [[-115.1368521, 36.1589414], [-115.1368529, 36.1590103], [-115.1368562, 36.1590633], [-115.1368542, 36.1591158], [-115.1368475, 36.1591689], [-115.136824, 36.1592566], [-115.136795, 36.159346], [-115.1367521, 36.159437], [-115.1367226, 36.1594911]]}, "properties": {"class": "secondary"}}, {"type": "Feature", "geometry": {"type": "LineString", "coordinates": [[-115.135671, 36.1588136], [-115.1354894, 36.1588142], [-115.1354569, 36.1588143]]}, "properties": {"class": "primary"}}, {"type": "Feature", "geometry": {"type": "LineString", "coordinates": [[-115.1457042, 36.1725962], [-115.1456094, 36.1727479], [-115.1455587, 36.172829]]}, "properties": {"class": "primary"}}, {"type": "Feature", "geometry": {"type": "LineString", "coordinates": [[-115.1257889, 36.1588779], [-115.1256898, 36.1588153], [-115.1252276, 36.1588121], [-115.1251625, 36.1588116], [-115.125085, 36.1588111]]}, "properties": {"class": "primary"}}, {"type": "Feature", "geometry": {"type": "LineString", "coordinates": [[-115.125085, 36.1588111], [-115.124972, 36.1588103]]}, "properties": {"class": "primary"}}, {"type": "Feature", "geometry": {"type": "LineString", "coordinates": [[-115.1187421, 36.1482165], [-115.1187417, 36.1483421], [-115.1187447, 36.1485748], [-115.1187458, 36.1487113], [-115.1187469, 36.1488661], [-115.1187482, 36.1490491], [-115.1187496, 36.1492299], [-115.1187509, 36.1494021], [-115.1187506, 36.1494459]]}, "properties": {"class": "primary"}}, {"type": "Feature", "geometry": {"type": "LineString", "coordinates": [[-115.1187506, 36.1494459], [-115.118752, 36.1495581], [-115.118753, 36.1496934]]}, "properties": {"class": "primary"}}, {"type": "Feature", "geometry": {"type": "LineString", "coordinates": [[-115.118753, 36.1496934], [-115.1187546, 36.1497303], [-115.1187553, 36.149897], [-115.1187559, 36.1501509]]}, "properties": {"class": "primary"}}, {"type": "Feature", "geometry": {"type": "LineString", "coordinates": [[-115.1187559, 36.1501509], [-115.1187566, 36.1501775], [-115.1187579, 36.1503572], [-115.1187581, 36.15038]]}, "properties": {"class": "primary"}}, {"type": "Feature", "geometry": {"type": "LineString", "coordinates": [[-115.1187581, 36.15038], [-115.1187603, 36.1506767], [-115.1187606, 36.1507233], [-115.1187616, 36.1508564], [-115.1187627, 36.1510048], [-115.1187642, 36.1512149], [-115.1187644, 36.1512835]]}, "properties": {"class": "primary"}}, {"type": "Feature", "geometry": {"type": "LineString", "coordinates": [[-115.1187644, 36.1512835], [-115.1187654, 36.1513784], [-115.1187674, 36.1516511], [-115.1187678, 36.1517001], [-115.1187682, 36.151754]]}, "properties": {"class": "primary"}}, {"type": "Feature", "geometry": {"type": "LineString", "coordinates": [[-115.1187682, 36.151754], [-115.1186787, 36.151754], [-115.1186492, 36.151754], [-115.1183376, 36.151754], [-115.1180298, 36.151754], [-115.117945, 36.151754], [-115.1178893, 36.1517541], [-115.117071, 36.151756], [-115.116179, 36.151758], [-115.115285, 36.151759], [-115.1144018, 36.1517842], [-115.1127015, 36.1517898], [-115.1113529, 36.151795], [-115.1106308, 36.1517942]]}, "properties": {"class": "tertiary"}}, {"type": "Feature", "geometry": {"type": "LineString", "coordinates": [[-115.1187682, 36.151754], [-115.1187689, 36.1518344], [-115.1187734, 36.1523584], [-115.1187748, 36.1525328], [-115.1187766, 36.1527558]]}, "properties": {"class": "primary"}}, {"type": "Feature", "geometry": {"type": "LineString", "coordinates": [[-115.1187766, 36.1527558], [-115.1187775, 36.1528555], [-115.1187799, 36.1531381]]}, "properties": {"class": "primary"}}, {"type": "Feature", "geometry": {"type": "LineString", "coordinates": [[-115.1187799, 36.1531381], [-115.1187816, 36.1533373], [-115.1187829, 36.1534965], [-115.1187845, 36.1536731], [-115.1187859, 36.1538506], [-115.1187862, 36.1539456]]}, "properties": {"class": "primary"}}, {"type": "Feature", "geometry": {"type": "LineString", "coordinates": [[-115.1187862, 36.1539456], [-115.1187872, 36.1540109], [-115.1187878, 36.1543549], [-115.1187906, 36.1544098]]}, "properties": {"class": "primary"}}, {"type": "Feature", "geometry": {"type": "LineString", "coordinates": [[-115.1187906, 36.1544098], [-115.118699, 36.154392], [-115.117961, 36.154391], [-115.116901, 36.154391], [-115.116735, 36.154409], [-115.116485, 36.154489], [-115.116232, 36.154583], [-115.115993, 36.154649], [-115.11571, 36.154696], [-115.115299, 36.154723], [-115.114404, 36.154726]]}, "properties": {"class": "residential"}}, {"type": "Feature", "geometry": {"type": "LineString", "coordinates": [[-115.1187906, 36.1544098], [-115.1187907, 36.1544838], [-115.1187911, 36.1548164], [-115.1187924, 36.1551244], [-115.1187934, 36.1554186], [-115.1187936, 36.1555657]]}, "properties": {"class": "primary"}}, {"type": "Feature", "geometry": {"type": "LineString", "coordinates": [[-115.1187936, 36.1555657], [-115.1187947, 36.1558151], [-115.118795, 36.1558722]]}, "properties": {"class": "primary"}}, {"type": "Feature", "geometry": {"type": "LineString", "coordinates": [[-115.118795, 36.1558722], [-115.11872, 36.1558724], [-115.1186152, 36.1558726], [-115.1177344, 36.1558748], [-115.117233, 36.155876], [-115.116655, 36.155878]]}, "properties": {"class": "residential"}}, {"type": "Feature", "geometry": {"type": "LineString", "coordinates": [[-115.118795, 36.1558722], [-115.1187954, 36.155945], [-115.1188003, 36.1567903], [-115.1188062, 36.1574355]]}, "properties": {"class": "primary"}}, {"type": "Feature", "geometry": {"type": "LineString", "coordinates": [[-115.1188062, 36.1574355], [-115.1188091, 36.1577333]]}, "properties": {"class": "primary"}}, {"type": "Feature", "geometry": {"type": "LineString", "coordinates": [[-115.1188091, 36.1577333], [-115.1187254, 36.1577334], [-115.117251, 36.157728]]}, "properties": {"class": "residential"}}, {"type": "Feature", "geometry": {"type": "LineString", "coordinates": [[-115.1188091, 36.1577333], [-115.1188081, 36.1582222], [-115.1188077, 36.1584142]]}, "properties": {"class": "primary"}}, {"type": "Feature", "geometry": {"type": "LineString", "coordinates": [[-115.1188077, 36.1584142], [-115.1188043, 36.1585123], [-115.1187921, 36.1586765], [-115.1187915, 36.1587003], [-115.118782, 36.158795]]}, "properties": {"class": "primary"}}, {"type": "Feature", "geometry": {"type": "LineString", "coordinates": [[-115.1195272, 36.1588644], [-115.1194072, 36.1587992], [-115.1191294, 36.1587973], [-115.1190756, 36.1587989], [-115.118989, 36.1587964]]}, "properties": {"class": "primary"}}, {"type": "Feature", "geometry": {"type": "LineString", "coordinates": [[-115.118782, 36.158795], [-115.118773, 36.1589063]]}, "properties": {"class": "primary"}}, {"type": "Feature", "geometry": {"type": "LineString", "coordinates": [[-115.118773, 36.1589063], [-115.118972, 36.1589104]]}, "properties": {"class": "primary"}}, {"type": "Feature", "geometry": {"type": "LineString", "coordinates": [[-115.118773, 36.1589063], [-115.1187685, 36.1589518], [-115.1187673, 36.1589631], [-115.1187627, 36.1590011], [-115.1187542, 36.1590471], [-115.1187203, 36.1591727], [-115.1186972, 36.1592393]]}, "properties": {"class": "primary"}}, {"type": "Feature", "geometry": {"type": "LineString", "coordinates": [[-115.1470169, 36.1806187], [-115.1470014, 36.1801439], [-115.1469966, 36.1799971]]}, "properties": {"class": "primary"}}, {"type": "Feature", "geometry": {"type": "LineString", "coordinates": [[-115.1470236, 36.1813394], [-115.1470204, 36.1810278], [-115.1470201, 36.1810013], [-115.1470227, 36.1808971]]}, "properties": {"class": "tertiary"}}, {"type": "Feature", "geometry": {"type": "LineString", "coordinates": [[-115.1609555, 36.154881], [-115.1614302, 36.1550065]]}, "properties": {"class": "tertiary"}}, {"type": "Feature", "geometry": {"type": "LineString", "coordinates": [[-115.135454, 36.1589452], [-115.1354982, 36.158945], [-115.1357289, 36.1589444], [-115.1359925, 36.1589437], [-115.1361789, 36.1589432]]}, "properties": {"class": "primary"}}, {"type": "Feature", "geometry": {"type": "LineString", "coordinates": [[-115.1361789, 36.1589432], [-115.1364128, 36.1589426], [-115.1367124, 36.1589418], [-115.1367414, 36.1589417], [-115.1368521, 36.1589414]]}, "properties": {"class": "primary"}}, {"type": "Feature", "geometry": {"type": "LineString", "coordinates": [[-115.136851, 36.1588097], [-115.1368521, 36.1589414]]}, "properties": {"class": "primary"}}, {"type": "Feature", "geometry": {"type": "LineString", "coordinates": [[-115.1368521, 36.1589414], [-115.1369263, 36.1589412], [-115.1370323, 36.1589409]]}, "properties": {"class": "primary"}}, {"type": "Feature", "geometry": {"type": "LineString", "coordinates": [[-115.1370323, 36.1589409], [-115.1370326, 36.1588077]]}, "properties": {"class": "primary"}}, {"type": "Feature", "geometry": {"type": "LineString", "coordinates": [[-115.1370323, 36.1589409], [-115.1371045, 36.1589408], [-115.1375389, 36.1589396], [-115.1379228, 36.1589386]]}, "properties": {"class": "primary"}}, {"type": "Feature", "geometry": {"type": "LineString", "coordinates": [[-115.1379228, 36.1589386], [-115.1381464, 36.158938]]}, "properties": {"class": "primary"}}, {"type": "Feature", "geometry": {"type": "LineString", "coordinates": [[-115.1381464, 36.158938], [-115.1382474, 36.1589377], [-115.1383941, 36.1589373], [-115.1388699, 36.158936], [-115.1395368, 36.1589342], [-115.1396268, 36.158934]]}, "properties": {"class": "primary"}}, {"type": "Feature", "geometry": {"type": "LineString", "coordinates": [[-115.1396268, 36.158934], [-115.1398258, 36.1589292], [-115.1399743, 36.1589199]]}, "properties": {"class": "primary"}}, {"type": "Feature", "geometry": {"type": "LineString", "coordinates": [[-115.1399743, 36.1589199], [-115.1401145, 36.1589195], [-115.140425, 36.1589186], [-115.1405449, 36.1589183]]}, "properties": {"class": "primary"}}, {"type": "Feature", "geometry": {"type": "LineString", "coordinates": [[-115.1405449, 36.1589183], [-115.1407464, 36.1589178], [-115.1408494, 36.1589175], [-115.1408757, 36.1589174], [-115.1409722, 36.1589172]]}, "properties": {"class": "primary"}}, {"type": "Feature", "geometry": {"type": "LineString", "coordinates": [[-115.1409722, 36.1589172], [-115.1409603, 36.1588538]]}, "properties": {"class": "tertiary"}}, {"type": "Feature", "geometry": {"type": "LineString", "coordinates": [[-115.1409722, 36.1589172], [-115.14148, 36.1589158], [-115.1418219, 36.1589149], [-115.1425238, 36.158913]]}, "properties": {"class": "primary"}}, {"type": "Feature", "geometry": {"type": "LineString", "coordinates": [[-115.1425238, 36.158913], [-115.1429057, 36.1589119], [-115.1430645, 36.1589115]]}, "properties": {"class": "primary"}}, {"type": "Feature", "geometry": {"type": "LineString", "coordinates": [[-115.1430645, 36.1589115], [-115.1431592, 36.1587718]]}, "properties": {"class": "tertiary"}}, {"type": "Feature", "geometry": {"type": "LineString", "coordinates": [[-115.1448442, 36.1589067], [-115.145147, 36.1589059]]}, "properties": {"class": "primary"}}, {"type": "Feature", "geometry": {"type": "LineString", "coordinates": [[-115.132737, 36.1589467], [-115.1327839, 36.1588797]]}, "properties": {"class": "residential"}}, {"type": "Feature", "geometry": {"type": "LineString", "coordinates": [[-115.132737, 36.1589467], [-115.132826, 36.1589473], [-115.1330587, 36.1589487], [-115.1333087, 36.1589502]]}, "properties": {"class": "primary"}}, {"type": "Feature", "geometry": {"type": "LineString", "coordinates": [[-115.118972, 36.1589104], [-115.1190555, 36.1589131], [-115.1194102, 36.1589109], [-115.1195272, 36.1588644]]}, "properties": {"class": "primary"}}, {"type": "Feature", "geometry": {"type": "LineString", "coordinates": [[-115.118972, 36.1589104], [-115.118989, 36.1587964]]}, "properties": {"class": "primary"}}, {"type": "Feature", "geometry": {"type": "LineString", "coordinates": [[-115.158318, 36.160541], [-115.1582998, 36.1605989], [-115.1582457, 36.1607711], [-115.1581985, 36.160983], [-115.1581776, 36.1610323]]}, "properties": {"class": "secondary"}}, {"type": "Feature", "geometry": {"type": "LineString", "coordinates": [[-115.1446995, 36.1743554], [-115.1448334, 36.1741474], [-115.14485, 36.1741216], [-115.1448975, 36.174048]]}, "properties": {"class": "secondary"}}, {"type": "Feature", "geometry": {"type": "LineString", "coordinates": [[-115.1599751, 36.1524212], [-115.1595769, 36.1523958], [-115.15955, 36.1523933], [-115.1595397, 36.1523924], [-115.1594432, 36.1523842]]}, "properties": {"class": "secondary"}}, {"type": "Feature", "geometry": {"type": "LineString", "coordinates": [[-115.1477343, 36.1697075], [-115.1478691, 36.169499], [-115.1478785, 36.1694844], [-115.147947, 36.1693784]]}, "properties": {"class": "primary"}}, {"type": "Feature", "geometry": {"type": "LineString", "coordinates": [[-115.1467472, 36.1712069], [-115.1468406, 36.1710689]]}, "properties": {"class": "primary"}}, {"type": "Feature", "geometry": {"type": "LineString", "coordinates": [[-115.1468406, 36.1710689], [-115.1469869, 36.1708503]]}, "properties": {"class": "primary"}}, {"type": "Feature", "geometry": {"type": "LineString", "coordinates": [[-115.1426668, 36.1774704], [-115.1427606, 36.1773266], [-115.1427743, 36.1773057], [-115.1428148, 36.1772437]]}, "properties": {"class": "secondary"}}, {"type": "Feature", "geometry": {"type": "LineString", "coordinates": [[-115.1607336, 36.1771759], [-115.1607326, 36.1772526], [-115.1607315, 36.1773751], [-115.1607308, 36.177551], [-115.1607293, 36.1779818], [-115.1607262, 36.1785605], [-115.1607252, 36.1786682]]}, "properties": {"class": "primary"}}, {"type": "Feature", "geometry": {"type": "LineString", "coordinates": [[-115.1607235, 36.1790569], [-115.1609282, 36.1790573]]}, "properties": {"class": "residential"}}, {"type": "Feature", "geometry": {"type": "LineString", "coordinates": [[-115.1607252, 36.1786682], [-115.1607248, 36.1788202], [-115.1607235, 36.1790569]]}, "properties": {"class": "primary"}}, {"type": "Feature", "geometry": {"type": "LineString", "coordinates": [[-115.1607683, 36.1803642], [-115.1607844, 36.1807094], [-115.160786, 36.1807429], [-115.160789, 36.1808129]]}, "properties": {"class": "primary"}}, {"type": "Feature", "geometry": {"type": "LineString", "coordinates": [[-115.1607557, 36.1800833], [-115.1607576, 36.1801227], [-115.1607683, 36.1803642]]}, "properties": {"class": "primary"}}, {"type": "Feature", "geometry": {"type": "LineString", "coordinates": [[-115.155862, 36.1458709], [-115.155794, 36.145972], [-115.1557242, 36.1460758], [-115.1557084, 36.1460993], [-115.1556088, 36.1462473]]}, "properties": {"class": "primary"}}, {"type": "Feature", "geometry": {"type": "LineString", "coordinates": [[-115.1547228, 36.1592689], [-115.1548371, 36.1590969]]}, "properties": {"class": "primary"}}, {"type": "Feature", "geometry": {"type": "LineString", "coordinates": [[-115.14985, 36.1731742], [-115.1497317, 36.1732338], [-115.1496093, 36.173287], [-115.149478, 36.1733321], [-115.149378, 36.1733573], [-115.1493445, 36.1733662], [-115.1492928, 36.1733809]]}, "properties": {"class": "secondary"}}, {"type": "Feature", "geometry": {"type": "LineString", "coordinates": [[-115.1546105, 36.1535193], [-115.15521, 36.153551], [-115.1552508, 36.1535532], [-115.1553629, 36.1535589]]}, "properties": {"class": "tertiary"}}, {"type": "Feature", "geometry": {"type": "LineString", "coordinates": [[-115.1553629, 36.1535589], [-115.1553769, 36.153424], [-115.1554791, 36.1524643], [-115.155488, 36.1523993], [-115.1554923, 36.152368], [-115.1555101, 36.1522375]]}, "properties": {"class": "secondary"}}, {"type": "Feature", "geometry": {"type": "LineString", "coordinates": [[-115.154842, 36.1512162], [-115.154775, 36.1512211], [-115.1546417, 36.151236], [-115.1544463, 36.151229], [-115.1543801, 36.1512251]]}, "properties": {"class": "secondary"}}, {"type": "Feature", "geometry": {"type": "LineString", "coordinates": [[-115.1536246, 36.1581817], [-115.15362, 36.1582457], [-115.1536066, 36.1584345]]}, "properties": {"class": "secondary"}}, {"type": "Feature", "geometry": {"type": "LineString", "coordinates": [[-115.1339574, 36.1740408], [-115.1340526, 36.174076], [-115.1344362, 36.1740822], [-115.1345083, 36.1740834]]}, "properties": {"class": "secondary"}}, {"type": "Feature", "geometry": {"type": "LineString", "coordinates": [[-115.1345083, 36.1740834], [-115.1346494, 36.1740857], [-115.1348198, 36.17409], [-115.1348686, 36.1740957]]}, "properties": {"class": "secondary"}}, {"type": "Feature", "geometry": {"type": "LineString", "coordinates": [[-115.1535182, 36.1596029], [-115.153505, 36.1596679], [-115.1534852, 36.159769], [-115.1534652, 36.1598699], [-115.1534226, 36.1599714], [-115.1533915, 36.160027], [-115.1528767, 36.1608181], [-115.1528287, 36.1608918], [-115.1527735, 36.1609795]]}, "properties": {"class": "primary"}}, {"type": "Feature", "geometry": {"type": "LineString", "coordinates": [[-115.1527735, 36.1609795], [-115.1527031, 36.161087], [-115.1523356, 36.1616477], [-115.1521765, 36.1618905], [-115.1521648, 36.1619083], [-115.1520658, 36.1620592], [-115.1520011, 36.162158]]}, "properties": {"class": "primary"}}, {"type": "Feature", "geometry": {"type": "LineString", "coordinates": [[-115.1520011, 36.162158], [-115.1519536, 36.1622311], [-115.1519177, 36.1622861], [-115.1518186, 36.1624385], [-115.1516525, 36.1626938], [-115.1515278, 36.1628854], [-115.1514493, 36.1630061]]}, "properties": {"class": "primary"}}, {"type": "Feature", "geometry": {"type": "LineString", "coordinates": [[-115.1514493, 36.1630061], [-115.1514035, 36.1630803], [-115.1513745, 36.1631349], [-115.1513342, 36.1632218], [-115.1513257, 36.1632406]]}, "properties": {"class": "primary"}}, {"type": "Feature", "geometry": {"type": "LineString", "coordinates": [[-115.1535736, 36.1589049], [-115.1535686, 36.1589746], [-115.1535404, 36.1593265], [-115.1535182, 36.1596029]]}, "properties": {"class": "primary"}}, {"type": "Feature", "geometry": {"type": "LineString", "coordinates": [[-115.1188821, 36.1451215], [-115.1188888, 36.1450108], [-115.1188897, 36.1449095], [-115.11889, 36.1448602], [-115.1188909, 36.1446729], [-115.1188966, 36.1445257], [-115.118902, 36.1443849]]}, "properties": {"class": "primary"}}, {"type": "Feature", "geometry": {"type": "LineString", "coordinates": [[-115.1621785, 36.1522692], [-115.1622496, 36.1521531], [-115.1622796, 36.1521127], [-115.1624588, 36.1518271]]}, "properties": {"class": "tertiary"}}, {"type": "Feature", "geometry": {"type": "LineString", "coordinates": [[-115.1621072, 36.152391], [-115.1621785, 36.1522692]]}, "properties": {"class": "tertiary"}}, {"type": "Feature", "geometry": {"type": "LineString", "coordinates": [[-115.1553339, 36.1667456], [-115.155472, 36.1667271]]}, "properties": {"class": "secondary"}}, {"type": "Feature", "geometry": {"type": "LineString", "coordinates": [[-115.155322, 36.1666033], [-115.1552036, 36.1666199]]}, "properties": {"class": "secondary"}}, {"type": "Feature", "geometry": {"type": "LineString", "coordinates": [[-115.1577722, 36.1620012], [-115.1579167, 36.1617743], [-115.1579393, 36.1617393], [-115.1579703, 36.1616915]]}, "properties": {"class": "secondary"}}, {"type": "Feature", "geometry": {"type": "LineString", "coordinates": [[-115.1554567, 36.1665845], [-115.155322, 36.1666033]]}, "properties": {"class": "secondary"}}, {"type": "Feature", "geometry": {"type": "LineString", "coordinates": [[-115.1431453, 36.1773428], [-115.1431836, 36.1773491], [-115.1433285, 36.1773664], [-115.1434814, 36.1773729], [-115.1437094, 36.1773643]]}, "properties": {"class": "secondary"}}, {"type": "Feature", "geometry": {"type": "LineString", "coordinates": [[-115.1467973, 36.1809476], [-115.1468085, 36.180942], [-115.1468398, 36.1809263], [-115.1468932, 36.1808998]]}, "properties": {"class": "primary"}}, {"type": "Feature", "geometry": {"type": "LineString", "coordinates": [[-115.1468932, 36.1808998], [-115.1469001, 36.1809951], [-115.1469305, 36.1815609]]}, "properties": {"class": "tertiary"}}, {"type": "Feature", "geometry": {"type": "LineString", "coordinates": [[-115.1470227, 36.1808971], [-115.1470229, 36.180785], [-115.1470169, 36.1806187]]}, "properties": {"class": "tertiary"}}, {"type": "Feature", "geometry": {"type": "LineString", "coordinates": [[-115.1467917, 36.1808449], [-115.1460842, 36.1808577], [-115.145883, 36.1808613]]}, "properties": {"class": "primary"}}, {"type": "Feature", "geometry": {"type": "LineString", "coordinates": [[-115.159554, 36.1556449], [-115.1594634, 36.1557903], [-115.1594635, 36.1559351], [-115.159559, 36.1562597]]}, "properties": {"class": "tertiary"}}, {"type": "Feature", "geometry": {"type": "LineString", "coordinates": [[-115.1580828, 36.1523516], [-115.1581917, 36.1524068], [-115.1585845, 36.1524277]]}, "properties": {"class": "secondary"}}, {"type": "Feature", "geometry": {"type": "LineString", "coordinates": [[-115.1475113, 36.1589062], [-115.1476171, 36.1589083], [-115.1481295, 36.1589114], [-115.1482446, 36.1589121], [-115.1483201, 36.1589125], [-115.1486928, 36.1589147], [-115.1487141, 36.1589149], [-115.1488678, 36.1589163]]}, "properties": {"class": "primary"}}, {"type": "Feature", "geometry": {"type": "LineString", "coordinates": [[-115.1489457, 36.1587939], [-115.1489071, 36.1588546]]}, "properties": {"class": "tertiary"}}, {"type": "Feature", "geometry": {"type": "LineString", "coordinates": [[-115.1488678, 36.1589163], [-115.1488189, 36.1589932], [-115.1487519, 36.1591053], [-115.1486638, 36.1592528], [-115.148238, 36.1598946], [-115.1482235, 36.1599165], [-115.1481723, 36.1599938], [-115.1481603, 36.1600119], [-115.1480445, 36.160186]]}, "properties": {"class": "tertiary"}}, {"type": "Feature", "geometry": {"type": "LineString", "coordinates": [[-115.1480445, 36.160186], [-115.14794, 36.1603439], [-115.1478963, 36.16041]]}, "properties": {"class": "tertiary"}}, {"type": "Feature", "geometry": {"type": "LineString", "coordinates": [[-115.1471304, 36.1615868], [-115.1470361, 36.1615459], [-115.1465662, 36.1613438], [-115.1465554, 36.1613392], [-115.1461561, 36.1611678], [-115.1461302, 36.1611567], [-115.146051, 36.1611227]]}, "properties": {"class": "tertiary"}}, {"type": "Feature", "geometry": {"type": "LineString", "coordinates": [[-115.160721, 36.1750756], [-115.1607244, 36.175252]]}, "properties": {"class": "primary"}}, {"type": "Feature", "geometry": {"type": "LineString", "coordinates": [[-115.1469966, 36.1799971], [-115.1469814, 36.1798225]]}, "properties": {"class": "secondary"}}, {"type": "Feature", "geometry": {"type": "LineString", "coordinates": [[-115.1425894, 36.1685755], [-115.1425318, 36.1686608], [-115.1424064, 36.1688466], [-115.1423565, 36.1689205]]}, "properties": {"class": "tertiary"}}, {"type": "Feature", "geometry": {"type": "LineString", "coordinates": [[-115.1423565, 36.1689205], [-115.1422633, 36.1690586]]}, "properties": {"class": "tertiary"}}, {"type": "Feature", "geometry": {"type": "LineString", "coordinates": [[-115.1589158, 36.1569847], [-115.158914, 36.1570785], [-115.1589081, 36.157174], [-115.158875, 36.1573742]]}, "properties": {"class": "secondary"}}, {"type": "Feature", "geometry": {"type": "LineString", "coordinates": [[-115.158875, 36.1573742], [-115.1588422, 36.1575744], [-115.1587855, 36.1579296]]}, "properties": {"class": "secondary"}}, {"type": "Feature", "geometry": {"type": "LineString", "coordinates": [[-115.1585671, 36.1559816], [-115.1586978, 36.1562438]]}, "properties": {"class": "secondary"}}, {"type": "Feature", "geometry": {"type": "LineString", "coordinates": [[-115.1300207, 36.1724211], [-115.1303917, 36.1731665]]}, "properties": {"class": "secondary"}}, {"type": "Feature", "geometry": {"type": "LineString", "coordinates": [[-115.1300589, 36.1699173], [-115.1300748, 36.1698733], [-115.130099, 36.1698165], [-115.130139, 36.1697277], [-115.1301852, 36.1696362], [-115.1302422, 36.1695403], [-115.1303152, 36.1694228], [-115.1304365, 36.1692327], [-115.1305176, 36.1691085], [-115.1308285, 36.168632], [-115.1309965, 36.1683721], [-115.1310395, 36.1683055], [-115.1310786, 36.1682446], [-115.1310913, 36.1682249], [-115.13115, 36.1681336], [-115.1311998, 36.1680591], [-115.1313042, 36.1679029], [-115.1313739, 36.1677981], [-115.1315247, 36.1675698], [-115.1316716, 36.1673474], [-115.1318555, 36.1670689], [-115.131921, 36.1669697], [-115.1319775, 36.1668832], [-115.1324028, 36.1662387]]}, "properties": {"class": "secondary"}}, {"type": "Feature", "geometry": {"type": "LineString", "coordinates": [[-115.145847, 36.1723763], [-115.1457042, 36.1725962]]}, "properties": {"class": "primary"}}, {"type": "Feature", "geometry": {"type": "LineString", "coordinates": [[-115.1461356, 36.1719331], [-115.1459907, 36.1721563]]}, "properties": {"class": "primary"}}, {"type": "Feature", "geometry": {"type": "LineString", "coordinates": [[-115.1485163, 36.1685055], [-115.1486291, 36.1683255], [-115.1486507, 36.168291], [-115.1487029, 36.1682078]]}, "properties": {"class": "primary"}}, {"type": "Feature", "geometry": {"type": "LineString", "coordinates": [[-115.1589978, 36.1716383], [-115.1591145, 36.1716697], [-115.1592547, 36.1717], [-115.1594029, 36.1717265]]}, "properties": {"class": "tertiary"}}, {"type": "Feature", "geometry": {"type": "LineString", "coordinates": [[-115.1583642, 36.1662202], [-115.1581707, 36.1662435], [-115.1579822, 36.1662663], [-115.1577808, 36.1662906]]}, "properties": {"class": "secondary"}}, {"type": "Feature", "geometry": {"type": "LineString", "coordinates": [[-115.1380188, 36.1733074], [-115.1376618, 36.1738418], [-115.1375482, 36.1740146]]}, "properties": {"class": "primary"}}, {"type": "Feature", "geometry": {"type": "LineString", "coordinates": [[-115.13728, 36.1744728], [-115.1372492, 36.1745259], [-115.1371589, 36.1746824], [-115.1371151, 36.1747572], [-115.1371088, 36.174768], [-115.1370422, 36.1748784]]}, "properties": {"class": "primary"}}, {"type": "Feature", "geometry": {"type": "LineString", "coordinates": [[-115.1617069, 36.1524953], [-115.1619086, 36.1524426], [-115.1619424, 36.1524319], [-115.1621072, 36.152391]]}, "properties": {"class": "secondary"}}, {"type": "Feature", "geometry": {"type": "LineString", "coordinates": [[-115.1612569, 36.1525832], [-115.1613588, 36.1525677], [-115.1614126, 36.1525596], [-115.1615208, 36.1525381], [-115.1617069, 36.1524953]]}, "properties": {"class": "secondary"}}, {"type": "Feature", "geometry": {"type": "LineString", "coordinates": [[-115.161644, 36.1648075], [-115.1616809, 36.1647468], [-115.1617567, 36.16459], [-115.1618224, 36.1644135], [-115.161829, 36.1643901], [-115.1618445, 36.1643344]]}, "properties": {"class": "secondary"}}, {"type": "Feature", "geometry": {"type": "LineString", "coordinates": [[-115.161436, 36.1651826], [-115.1615116, 36.1650305], [-115.1615962, 36.1648886], [-115.161644, 36.1648075]]}, "properties": {"class": "secondary"}}, {"type": "Feature", "geometry": {"type": "LineString", "coordinates": [[-115.1429396, 36.1768404], [-115.1428111, 36.1770306], [-115.1427979, 36.1770501], [-115.1427554, 36.1771141]]}, "properties": {"class": "secondary"}}, {"type": "Feature", "geometry": {"type": "LineString", "coordinates": [[-115.1430703, 36.176647], [-115.1429799, 36.1767808]]}, "properties": {"class": "secondary"}}, {"type": "Feature", "geometry": {"type": "LineString", "coordinates": [[-115.1609799, 36.1808151], [-115.1609782, 36.180732], [-115.160969, 36.180432], [-115.1609583, 36.1800695], [-115.160941, 36.1794956]]}, "properties": {"class": "primary"}}, {"type": "Feature", "geometry": {"type": "LineString", "coordinates": [[-115.160941, 36.1794956], [-115.1609282, 36.1790573]]}, "properties": {"class": "primary"}}, {"type": "Feature", "geometry": {"type": "LineString", "coordinates": [[-115.1609282, 36.1790573], [-115.1609028, 36.1782406]]}, "properties": {"class": "primary"}}, {"type": "Feature", "geometry": {"type": "LineString", "coordinates": [[-115.1609034, 36.1776569], [-115.160903, 36.1772771], [-115.160903, 36.1772412], [-115.1609032, 36.1771759]]}, "properties": {"class": "primary"}}, {"type": "Feature", "geometry": {"type": "LineString", "coordinates": [[-115.1553272, 36.1469971], [-115.15569, 36.1464507], [-115.155707, 36.1464254], [-115.1557782, 36.1463122]]}, "properties": {"class": "primary"}}, {"type": "Feature", "geometry": {"type": "LineString", "coordinates": [[-115.155191, 36.1471942], [-115.1552262, 36.1471419], [-115.1553272, 36.1469971]]}, "properties": {"class": "primary"}}, {"type": "Feature", "geometry": {"type": "LineString", "coordinates": [[-115.1607247, 36.1728383], [-115.160722, 36.1734645]]}, "properties": {"class": "secondary"}}, {"type": "Feature", "geometry": {"type": "LineString", "coordinates": [[-115.1609097, 36.1724382], [-115.1609107, 36.1721401]]}, "properties": {"class": "secondary"}}, {"type": "Feature", "geometry": {"type": "LineString", "coordinates": [[-115.1574727, 36.1621269], [-115.1569859, 36.1628485]]}, "properties": {"class": "secondary"}}, {"type": "Feature", "geometry": {"type": "LineString", "coordinates": [[-115.157724, 36.1617571], [-115.1575764, 36.161974], [-115.1574727, 36.1621269]]}, "properties": {"class": "secondary"}}, {"type": "Feature", "geometry": {"type": "LineString", "coordinates": [[-115.1569859, 36.1628485], [-115.1567066, 36.1632552], [-115.156631, 36.1633653]]}, "properties": {"class": "secondary"}}, {"type": "Feature", "geometry": {"type": "LineString", "coordinates": [[-115.156631, 36.1633653], [-115.156593, 36.1634231], [-115.1565608, 36.1634715], [-115.1562276, 36.1639836]]}, "properties": {"class": "secondary"}}, {"type": "Feature", "geometry": {"type": "LineString", "coordinates": [[-115.1562276, 36.1639836], [-115.1559895, 36.1643492], [-115.1557303, 36.1647646], [-115.1557083, 36.1647999], [-115.155625, 36.1649334]]}, "properties": {"class": "secondary"}}, {"type": "Feature", "geometry": {"type": "LineString", "coordinates": [[-115.155625, 36.1649334], [-115.1554083, 36.165218]]}, "properties": {"class": "secondary"}}, {"type": "Feature", "geometry": {"type": "LineString", "coordinates": [[-115.1554083, 36.165218], [-115.155297, 36.1654047], [-115.1552264, 36.1655685], [-115.155192, 36.165681]]}, "properties": {"class": "secondary"}}, {"type": "Feature", "geometry": {"type": "LineString", "coordinates": [[-115.1541138, 36.151734], [-115.1540929, 36.1520061], [-115.1540905, 36.1520364], [-115.1540805, 36.1521669]]}, "properties": {"class": "secondary"}}, {"type": "Feature", "geometry": {"type": "LineString", "coordinates": [[-115.1540466, 36.1525872], [-115.154036, 36.1527221], [-115.1540012, 36.15322]]}, "properties": {"class": "secondary"}}, {"type": "Feature", "geometry": {"type": "LineString", "coordinates": [[-115.1297021, 36.174078], [-115.1298563, 36.1740783], [-115.1299363, 36.1740785]]}, "properties": {"class": "secondary"}}, {"type": "Feature", "geometry": {"type": "LineString", "coordinates": [[-115.1528535, 36.1473032], [-115.1528583, 36.1472641], [-115.1528653, 36.1472347]]}, "properties": {"class": "secondary"}}, {"type": "Feature", "geometry": {"type": "LineString", "coordinates": [[-115.1342238, 36.1902869], [-115.1342826, 36.1901739]]}, "properties": {"class": "secondary"}}, {"type": "Feature", "geometry": {"type": "LineString", "coordinates": [[-115.1350641, 36.1890478], [-115.1353347, 36.1886688], [-115.1353827, 36.1886015], [-115.1353943, 36.1885853], [-115.135457, 36.1884973]]}, "properties": {"class": "secondary"}}, {"type": "Feature", "geometry": {"type": "LineString", "coordinates": [[-115.1341319, 36.1885052], [-115.1341924, 36.1885048], [-115.1348762, 36.1885007]]}, "properties": {"class": "secondary"}}, {"type": "Feature", "geometry": {"type": "LineString", "coordinates": [[-115.135457, 36.1884973], [-115.135533, 36.188391]]}, "properties": {"class": "secondary"}}, {"type": "Feature", "geometry": {"type": "LineString", "coordinates": [[-115.1341279, 36.1811301], [-115.1340653, 36.1811277], [-115.1332998, 36.1811127], [-115.1332629, 36.1811123]]}, "properties": {"class": "secondary"}}, {"type": "Feature", "geometry": {"type": "LineString", "coordinates": [[-115.1332629, 36.1811123], [-115.1328413, 36.1811076]]}, "properties": {"class": "secondary"}}, {"type": "Feature", "geometry": {"type": "LineString", "coordinates": [[-115.1328413, 36.1811076], [-115.1325714, 36.1811086], [-115.131681, 36.1811118]]}, "properties": {"class": "secondary"}}, {"type": "Feature", "geometry": {"type": "LineString", "coordinates": [[-115.131681, 36.1811118], [-115.1287446, 36.1811135]]}, "properties": {"class": "secondary"}}, {"type": "Feature", "geometry": {"type": "LineString", "coordinates": [[-115.1287446, 36.1811135], [-115.1284997, 36.1811136], [-115.128298, 36.1811137]]}, "properties": {"class": "secondary"}}, {"type": "Feature", "geometry": {"type": "LineString", "coordinates": [[-115.128298, 36.1811137], [-115.1270607, 36.1811145]]}, "properties": {"class": "secondary"}}, {"type": "Feature", "geometry": {"type": "LineString", "coordinates": [[-115.1262662, 36.1811252], [-115.1256326, 36.181124], [-115.1252785, 36.1811264], [-115.1252417, 36.1811267], [-115.1251637, 36.1811272]]}, "properties": {"class": "secondary"}}, {"type": "Feature", "geometry": {"type": "LineString", "coordinates": [[-115.1251637, 36.1811272], [-115.1251636, 36.1810353], [-115.1251607, 36.179149], [-115.1251839, 36.1790084], [-115.1252293, 36.1788821]]}, "properties": {"class": "secondary"}}, {"type": "Feature", "geometry": {"type": "LineString", "coordinates": [[-115.1251637, 36.1811272], [-115.1250128, 36.1811276]]}, "properties": {"class": "secondary"}}, {"type": "Feature", "geometry": {"type": "LineString", "coordinates": [[-115.1250241, 36.1790227], [-115.1250087, 36.1800783], [-115.1250103, 36.1806885]]}, "properties": {"class": "secondary"}}, {"type": "Feature", "geometry": {"type": "LineString", "coordinates": [[-115.1250128, 36.1811276], [-115.1249399, 36.1811276], [-115.1245373, 36.1811279], [-115.1240461, 36.1811256]]}, "properties": {"class": "secondary"}}, {"type": "Feature", "geometry": {"type": "LineString", "coordinates": [[-115.1240461, 36.1811256], [-115.123795, 36.1811246], [-115.1236769, 36.1811239]]}, "properties": {"class": "secondary"}}, {"type": "Feature", "geometry": {"type": "LineString", "coordinates": [[-115.1236769, 36.1811239], [-115.123676, 36.1811821]]}, "properties": {"class": "residential"}}, {"type": "Feature", "geometry": {"type": "LineString", "coordinates": [[-115.121704, 36.1811294], [-115.1207092, 36.18113], [-115.1206055, 36.1811301]]}, "properties": {"class": "secondary"}}, {"type": "Feature", "geometry": {"type": "LineString", "coordinates": [[-115.1612539, 36.1661709], [-115.1612233, 36.1661706], [-115.161067, 36.166169]]}, "properties": {"class": "secondary"}}, {"type": "Feature", "geometry": {"type": "LineString", "coordinates": [[-115.161615, 36.1661746], [-115.1615066, 36.1661735]]}, "properties": {"class": "secondary"}}, {"type": "Feature", "geometry": {"type": "LineString", "coordinates": [[-115.1468531, 36.1800876], [-115.1468692, 36.1804094]]}, "properties": {"class": "secondary"}}, {"type": "Feature", "geometry": {"type": "LineString", "coordinates": [[-115.1469305, 36.1815609], [-115.1469452, 36.1818312], [-115.1469906, 36.1819052]]}, "properties": {"class": "tertiary"}}, {"type": "Feature", "geometry": {"type": "LineString", "coordinates": [[-115.1530074, 36.188405], [-115.1528621, 36.1883589], [-115.1525714, 36.1883562], [-115.1525147, 36.1883557]]}, "properties": {"class": "secondary"}}, {"type": "Feature", "geometry": {"type": "LineString", "coordinates": [[-115.155015, 36.1570603], [-115.1550886, 36.1563092], [-115.1551003, 36.1561879]]}, "properties": {"class": "secondary"}}, {"type": "Feature", "geometry": {"type": "LineString", "coordinates": [[-115.1602965, 36.1547341], [-115.1601666, 36.1547371], [-115.1600598, 36.1547378], [-115.1600062, 36.1547382], [-115.159879, 36.1547397]]}, "properties": {"class": "tertiary"}}, {"type": "Feature", "geometry": {"type": "LineString", "coordinates": [[-115.158495, 36.1598375], [-115.1583941, 36.1603013], [-115.1583516, 36.1604402]]}, "properties": {"class": "secondary"}}, {"type": "Feature", "geometry": {"type": "LineString", "coordinates": [[-115.1590628, 36.1583399], [-115.1591243, 36.1580203], [-115.1591955, 36.1576896]]}, "properties": {"class": "secondary"}}, {"type": "Feature", "geometry": {"type": "LineString", "coordinates": [[-115.1455587, 36.172829], [-115.1454684, 36.1729681], [-115.1452947, 36.1732358]]}, "properties": {"class": "primary"}}, {"type": "Feature", "geometry": {"type": "LineString", "coordinates": [[-115.1452947, 36.1732358], [-115.1451753, 36.1734197]]}, "properties": {"class": "primary"}}, {"type": "Feature", "geometry": {"type": "LineString", "coordinates": [[-115.1496366, 36.1666771], [-115.1497247, 36.1666414]]}, "properties": {"class": "primary"}}, {"type": "Feature", "geometry": {"type": "LineString", "coordinates": [[-115.1498608, 36.1664408], [-115.1499607, 36.1662935]]}, "properties": {"class": "primary"}}, {"type": "Feature", "geometry": {"type": "LineString", "coordinates": [[-115.1609252, 36.1672574], [-115.160934, 36.1670557], [-115.1609514, 36.1668435], [-115.1609691, 36.166671], [-115.1609969, 36.1664525], [-115.1610042, 36.1664238], [-115.1610348, 36.1663043]]}, "properties": {"class": "secondary"}}, {"type": "Feature", "geometry": {"type": "LineString", "coordinates": [[-115.1480512, 36.1690197], [-115.1479366, 36.1691979], [-115.1479256, 36.169215], [-115.147847, 36.1693373]]}, "properties": {"class": "primary"}}, {"type": "Feature", "geometry": {"type": "LineString", "coordinates": [[-115.1591108, 36.1529832], [-115.1593268, 36.1525919], [-115.1593534, 36.1525452], [-115.1593919, 36.1524774]]}, "properties": {"class": "secondary"}}, {"type": "Feature", "geometry": {"type": "LineString", "coordinates": [[-115.155219, 36.1667609], [-115.155227, 36.1668391], [-115.1552655, 36.1672063], [-115.1552675, 36.1673717], [-115.1552488, 36.1675702], [-115.1552235, 36.1676527]]}, "properties": {"class": "secondary"}}, {"type": "Feature", "geometry": {"type": "LineString", "coordinates": [[-115.1549477, 36.1681536], [-115.154882, 36.1682592], [-115.154757, 36.1684507], [-115.154698, 36.1685425]]}, "properties": {"class": "secondary"}}, {"type": "Feature", "geometry": {"type": "LineString", "coordinates": [[-115.1552235, 36.1676527], [-115.1551997, 36.1677352], [-115.1551086, 36.1678962], [-115.1549477, 36.1681536]]}, "properties": {"class": "secondary"}}, {"type": "Feature", "geometry": {"type": "LineString", "coordinates": [[-115.1542977, 36.1691212], [-115.1542389, 36.1692118], [-115.1541442, 36.1693577]]}, "properties": {"class": "secondary"}}, {"type": "Feature", "geometry": {"type": "LineString", "coordinates": [[-115.1540565, 36.1694915], [-115.1539323, 36.1696817], [-115.1537871, 36.1699039], [-115.1536345, 36.1701397], [-115.1536184, 36.1701646], [-115.1535059, 36.1703347]]}, "properties": {"class": "secondary"}}, {"type": "Feature", "geometry": {"type": "LineString", "coordinates": [[-115.1535059, 36.1703347], [-115.1533988, 36.1704972], [-115.1532574, 36.1706837], [-115.1530674, 36.170846], [-115.1526143, 36.1711699]]}, "properties": {"class": "secondary"}}, {"type": "Feature", "geometry": {"type": "LineString", "coordinates": [[-115.1526143, 36.1711699], [-115.1521597, 36.1714965]]}, "properties": {"class": "secondary"}}, {"type": "Feature", "geometry": {"type": "LineString", "coordinates": [[-115.1521597, 36.1714965], [-115.1516832, 36.1718312]]}, "properties": {"class": "secondary"}}, {"type": "Feature", "geometry": {"type": "LineString", "coordinates": [[-115.1516832, 36.1718312], [-115.1513556, 36.1720587], [-115.1512297, 36.1721461]]}, "properties": {"class": "secondary"}}, {"type": "Feature", "geometry": {"type": "LineString", "coordinates": [[-115.154698, 36.1685425], [-115.15464, 36.1686309], [-115.1545708, 36.1687109], [-115.1544263, 36.1689298]]}, "properties": {"class": "secondary"}}, {"type": "Feature", "geometry": {"type": "LineString", "coordinates": [[-115.1544263, 36.1689298], [-115.1542977, 36.1691212]]}, "properties": {"class": "secondary"}}, {"type": "Feature", "geometry": {"type": "LineString", "coordinates": [[-115.1368265, 36.1596176], [-115.136913, 36.1594922], [-115.1369595, 36.1594158], [-115.1369799, 36.1593679]]}, "properties": {"class": "secondary"}}, {"type": "Feature", "geometry": {"type": "LineString", "coordinates": [[-115.1369538, 36.1479604], [-115.1369534, 36.1480632], [-115.1369478, 36.1484101], [-115.1369443, 36.1487039], [-115.136945, 36.1497804]]}, "properties": {"class": "primary"}}, {"type": "Feature", "geometry": {"type": "LineString", "coordinates": [[-115.136945, 36.1497804], [-115.1369443, 36.1499067], [-115.1369412, 36.1504284], [-115.1369389, 36.1508287], [-115.1369385, 36.1508952]]}, "properties": {"class": "primary"}}, {"type": "Feature", "geometry": {"type": "LineString", "coordinates": [[-115.1369385, 36.1508952], [-115.1369393, 36.1510214]]}, "properties": {"class": "primary"}}, {"type": "Feature", "geometry": {"type": "LineString", "coordinates": [[-115.1369393, 36.1510214], [-115.13694, 36.1514518], [-115.13694, 36.1514813], [-115.136938, 36.1515671]]}, "properties": {"class": "primary"}}, {"type": "Feature", "geometry": {"type": "LineString", "coordinates": [[-115.136938, 36.1515671], [-115.1369357, 36.1516611], [-115.1369349, 36.1517247]]}, "properties": {"class": "primary"}}, {"type": "Feature", "geometry": {"type": "LineString", "coordinates": [[-115.1369314, 36.1547954], [-115.1369313, 36.1549938], [-115.1369304, 36.1550847]]}, "properties": {"class": "primary"}}, {"type": "Feature", "geometry": {"type": "LineString", "coordinates": [[-115.1369345, 36.1546648], [-115.1369314, 36.1547954]]}, "properties": {"class": "primary"}}, {"type": "Feature", "geometry": {"type": "LineString", "coordinates": [[-115.1368496, 36.1576618], [-115.136848, 36.1577299], [-115.1368454, 36.1582119]]}, "properties": {"class": "primary"}}, {"type": "Feature", "geometry": {"type": "LineString", "coordinates": [[-115.136813, 36.15739], [-115.1368408, 36.1574743], [-115.1368502, 36.1575284], [-115.1368506, 36.1576147], [-115.1368496, 36.1576618]]}, "properties": {"class": "primary"}}, {"type": "Feature", "geometry": {"type": "LineString", "coordinates": [[-115.136847, 36.1583119], [-115.1368475, 36.1583758], [-115.1368502, 36.1587014], [-115.1368504, 36.1587297], [-115.136851, 36.1588097]]}, "properties": {"class": "primary"}}, {"type": "Feature", "geometry": {"type": "LineString", "coordinates": [[-115.1368454, 36.1582119], [-115.136847, 36.1583119]]}, "properties": {"class": "primary"}}, {"type": "Feature", "geometry": {"type": "LineString", "coordinates": [[-115.1370326, 36.1588077], [-115.1370322, 36.1587263], [-115.1370315, 36.1585935], [-115.1370304, 36.1583825], [-115.1370297, 36.1582491], [-115.1370279, 36.1578971]]}, "properties": {"class": "primary"}}, {"type": "Feature", "geometry": {"type": "LineString", "coordinates": [[-115.1370279, 36.1578971], [-115.1370282, 36.1576936], [-115.1370282, 36.1576805], [-115.1370283, 36.1576618]]}, "properties": {"class": "primary"}}, {"type": "Feature", "geometry": {"type": "LineString", "coordinates": [[-115.1370283, 36.1576618], [-115.1370279, 36.1576086], [-115.1370346, 36.1575425], [-115.1370514, 36.157477], [-115.1370661, 36.1574294], [-115.1370949, 36.1573693], [-115.1371714, 36.1572605], [-115.1372357, 36.1571744], [-115.1373068, 36.1570824], [-115.1373591, 36.1570028], [-115.1373967, 36.1569297], [-115.1374305, 36.1568474], [-115.137447, 36.1568038], [-115.1374651, 36.1567464], [-115.1374919, 36.1566683], [-115.1374999, 36.1566222], [-115.1375127, 36.1565669], [-115.1375234, 36.1564841], [-115.1375288, 36.1563926], [-115.1375301, 36.1563022], [-115.1375254, 36.1562415], [-115.1375207, 36.1562031], [-115.1375107, 36.15615], [-115.1374979, 36.1560667], [-115.1374718, 36.1559708], [-115.137421, 36.1558125], [-115.1373593, 36.1556933], [-115.1372532, 36.1555345], [-115.1372083, 36.1554565], [-115.1371787, 36.1553894]]}, "properties": {"class": "primary"}}, {"type": "Feature", "geometry": {"type": "LineString", "coordinates": [[-115.1371787, 36.1553894], [-115.1371583, 36.1553412], [-115.1371343, 36.1552783], [-115.1371156, 36.1552168], [-115.1371071, 36.1551658], [-115.1370974, 36.1550844]]}, "properties": {"class": "primary"}}, {"type": "Feature", "geometry": {"type": "LineString", "coordinates": [[-115.1370974, 36.1550844], [-115.1370948, 36.1549931], [-115.1370959, 36.154692], [-115.1370875, 36.1537034], [-115.1370876, 36.1534888], [-115.1370898, 36.1533439], [-115.137091, 36.1530155], [-115.1370903, 36.1529867], [-115.1370924, 36.1528289], [-115.1370946, 36.1526733], [-115.1371087, 36.1522171], [-115.1371111, 36.1521188]]}, "properties": {"class": "primary"}}, {"type": "Feature", "geometry": {"type": "LineString", "coordinates": [[-115.1371111, 36.1521188], [-115.1371108, 36.1520102], [-115.1371099, 36.151696], [-115.1371098, 36.1516527], [-115.1371096, 36.1515669]]}, "properties": {"class": "primary"}}, {"type": "Feature", "geometry": {"type": "LineString", "coordinates": [[-115.1371181, 36.148479], [-115.1371203, 36.1482489], [-115.1371217, 36.148098], [-115.1371221, 36.1480563], [-115.1371231, 36.1479588]]}, "properties": {"class": "primary"}}, {"type": "Feature", "geometry": {"type": "LineString", "coordinates": [[-115.1402052, 36.1811583], [-115.1401481, 36.1812457]]}, "properties": {"class": "secondary"}}, {"type": "Feature", "geometry": {"type": "LineString", "coordinates": [[-115.1402052, 36.1811583], [-115.1400406, 36.1811372], [-115.1399101, 36.1811223]]}, "properties": {"class": "primary"}}, {"type": "Feature", "geometry": {"type": "LineString", "coordinates": [[-115.1350397, 36.1811771], [-115.1349431, 36.1811409]]}, "properties": {"class": "primary"}}, {"type": "Feature", "geometry": {"type": "LineString", "coordinates": [[-115.1349431, 36.1811409], [-115.1345985, 36.1811452]]}, "properties": {"class": "primary"}}, {"type": "Feature", "geometry": {"type": "LineString", "coordinates": [[-115.1341416, 36.1817633], [-115.1341534, 36.1816628], [-115.1341956, 36.1813846], [-115.1341968, 36.1813791], [-115.1342011, 36.1813585], [-115.1342234, 36.1812644]]}, "properties": {"class": "primary"}}, {"type": "Feature", "geometry": {"type": "LineString", "coordinates": [[-115.134254, 36.1811338], [-115.1341279, 36.1811301]]}, "properties": {"class": "primary"}}, {"type": "Feature", "geometry": {"type": "LineString", "coordinates": [[-115.118989, 36.1587964], [-115.118782, 36.158795]]}, "properties": {"class": "primary"}}, {"type": "Feature", "geometry": {"type": "LineString", "coordinates": [[-115.1189127, 36.1496934], [-115.1189079, 36.1490047], [-115.1189054, 36.1487657]]}, "properties": {"class": "primary"}}, {"type": "Feature", "geometry": {"type": "LineString", "coordinates": [[-115.1493359, 36.1735332], [-115.1493988, 36.1735169], [-115.1495427, 36.1734823], [-115.1496733, 36.1734421], [-115.1497744, 36.1734013], [-115.1500319, 36.173266], [-115.1502733, 36.173082], [-115.15076, 36.172746]]}, "properties": {"class": "secondary"}}, {"type": "Feature", "geometry": {"type": "LineString", "coordinates": [[-115.15076, 36.172746], [-115.150976, 36.172597], [-115.1512781, 36.1723728], [-115.151395, 36.1722861]]}, "properties": {"class": "secondary"}}, {"type": "Feature", "geometry": {"type": "LineString", "coordinates": [[-115.151395, 36.1722861], [-115.1517981, 36.1719994], [-115.1523976, 36.1715836], [-115.1529877, 36.1711625], [-115.1530601, 36.1711112]]}, "properties": {"class": "secondary"}}, {"type": "Feature", "geometry": {"type": "LineString", "coordinates": [[-115.1530601, 36.1711112], [-115.1533297, 36.1709222]]}, "properties": {"class": "secondary"}}, {"type": "Feature", "geometry": {"type": "LineString", "coordinates": [[-115.1533297, 36.1709222], [-115.1534772, 36.170763], [-115.1535889, 36.1706115], [-115.1536086, 36.1705848], [-115.1537256, 36.1704262]]}, "properties": {"class": "secondary"}}, {"type": "Feature", "geometry": {"type": "LineString", "coordinates": [[-115.1535059, 36.1703347], [-115.1536156, 36.1703804]]}, "properties": {"class": "tertiary"}}, {"type": "Feature", "geometry": {"type": "LineString", "coordinates": [[-115.1537256, 36.1704262], [-115.1538382, 36.1702535], [-115.1539694, 36.1700485], [-115.1543462, 36.1694281], [-115.1544627, 36.1692495]]}, "properties": {"class": "secondary"}}, {"type": "Feature", "geometry": {"type": "LineString", "coordinates": [[-115.1544627, 36.1692495], [-115.154822, 36.1687005], [-115.154875, 36.1686189]]}, "properties": {"class": "secondary"}}, {"type": "Feature", "geometry": {"type": "LineString", "coordinates": [[-115.1554313, 36.1676502], [-115.1554848, 36.167435], [-115.1554775, 36.167156]]}, "properties": {"class": "secondary"}}, {"type": "Feature", "geometry": {"type": "LineString", "coordinates": [[-115.1554775, 36.167156], [-115.1554728, 36.1669185], [-115.1554722, 36.1668548], [-115.155472, 36.1668282], [-115.155472, 36.1667271]]}, "properties": {"class": "secondary"}}, {"type": "Feature", "geometry": {"type": "LineString", "coordinates": [[-115.1167011, 36.1738811], [-115.1163992, 36.1738742], [-115.1163505, 36.1738731], [-115.1162806, 36.1738719]]}, "properties": {"class": "secondary"}}, {"type": "Feature", "geometry": {"type": "LineString", "coordinates": [[-115.1250118, 36.1812702], [-115.125155, 36.1812713]]}, "properties": {"class": "secondary"}}, {"type": "Feature", "geometry": {"type": "LineString", "coordinates": [[-115.1250118, 36.1812702], [-115.1250105, 36.1813436], [-115.1249996, 36.1819371], [-115.124998, 36.1824181], [-115.1249971, 36.1827388], [-115.1249962, 36.1831859], [-115.1249952, 36.1835616], [-115.1249973, 36.1837527], [-115.1249791, 36.1848304]]}, "properties": {"class": "secondary"}}, {"type": "Feature", "geometry": {"type": "LineString", "coordinates": [[-115.125155, 36.1812713], [-115.1251556, 36.1812053], [-115.1251637, 36.1811272]]}, "properties": {"class": "secondary"}}, {"type": "Feature", "geometry": {"type": "LineString", "coordinates": [[-115.125807, 36.1812721], [-115.1258679, 36.1812722], [-115.1262369, 36.1812726], [-115.1263507, 36.1812727], [-115.1268858, 36.1812734], [-115.1270534, 36.1812736], [-115.1276799, 36.1812743]]}, "properties": {"class": "secondary"}}, {"type": "Feature", "geometry": {"type": "LineString", "coordinates": [[-115.1455006, 36.1731331], [-115.1455804, 36.1730135], [-115.145669, 36.1728807]]}, "properties": {"class": "primary"}}, {"type": "Feature", "geometry": {"type": "LineString", "coordinates": [[-115.161862, 36.1642649], [-115.1619051, 36.1640543], [-115.161943, 36.1638375], [-115.1619596, 36.1637113], [-115.1619746, 36.1635291], [-115.1619854, 36.1633399], [-115.1619923, 36.1627908]]}, "properties": {"class": "secondary"}}, {"type": "Feature", "geometry": {"type": "LineString", "coordinates": [[-115.1619923, 36.1627908], [-115.1619905, 36.162538], [-115.1619882, 36.1623458], [-115.1619833, 36.162149], [-115.1619732, 36.1619448], [-115.161963, 36.1617383]]}, "properties": {"class": "secondary"}}, {"type": "Feature", "geometry": {"type": "LineString", "coordinates": [[-115.161963, 36.1617383], [-115.1619491, 36.1614569]]}, "properties": {"class": "secondary"}}, {"type": "Feature", "geometry": {"type": "LineString", "coordinates": [[-115.1619491, 36.1614569], [-115.1619497, 36.1612522]]}, "properties": {"class": "secondary"}}, {"type": "Feature", "geometry": {"type": "LineString", "coordinates": [[-115.1560877, 36.166506], [-115.1555686, 36.1665706], [-115.1555453, 36.1665735], [-115.1554567, 36.1665845]]}, "properties": {"class": "secondary"}}, {"type": "Feature", "geometry": {"type": "LineString", "coordinates": [[-115.1408646, 36.1722565], [-115.1407736, 36.1722172]]}, "properties": {"class": "primary"}}, {"type": "Feature", "geometry": {"type": "LineString", "coordinates": [[-115.1552036, 36.1666199], [-115.1551053, 36.1666316], [-115.1546212, 36.1666879], [-115.1542229, 36.1667352], [-115.1540338, 36.1667637], [-115.1539635, 36.1667744]]}, "properties": {"class": "secondary"}}, {"type": "Feature", "geometry": {"type": "LineString", "coordinates": [[-115.1539635, 36.1667744], [-115.1536131, 36.1668275]]}, "properties": {"class": "secondary"}}, {"type": "Feature", "geometry": {"type": "LineString", "coordinates": [[-115.1509794, 36.1661621], [-115.1503632, 36.1658957], [-115.1503221, 36.165878], [-115.1501883, 36.1658202]]}, "properties": {"class": "secondary"}}, {"type": "Feature", "geometry": {"type": "LineString", "coordinates": [[-115.1595398, 36.1519318], [-115.1594632, 36.1520557], [-115.1593298, 36.1522749], [-115.1593136, 36.1523025], [-115.1592677, 36.1523689]]}, "properties": {"class": "secondary"}}, {"type": "Feature", "geometry": {"type": "LineString", "coordinates": [[-115.1249906, 36.1883984], [-115.1249906, 36.1885022]]}, "properties": {"class": "secondary"}}, {"type": "Feature", "geometry": {"type": "LineString", "coordinates": [[-115.1206462, 36.1884153], [-115.1195359, 36.1884199], [-115.1189329, 36.1884251], [-115.1183834, 36.1884301], [-115.1177953, 36.1884325], [-115.1175418, 36.1884335], [-115.1173076, 36.1884345], [-115.1168275, 36.1884364], [-115.1164305, 36.1884359]]}, "properties": {"class": "secondary"}}, {"type": "Feature", "geometry": {"type": "LineString", "coordinates": [[-115.1251173, 36.1883971], [-115.1249906, 36.1883984]]}, "properties": {"class": "secondary"}}, {"type": "Feature", "geometry": {"type": "LineString", "coordinates": [[-115.1251173, 36.1883971], [-115.1251179, 36.1866219]]}, "properties": {"class": "secondary"}}, {"type": "Feature", "geometry": {"type": "LineString", "coordinates": [[-115.1251174, 36.1885036], [-115.1275186, 36.1884914], [-115.1289268, 36.1884827], [-115.1292862, 36.1884857], [-115.1296081, 36.1885051], [-115.1298415, 36.1885138], [-115.1305777, 36.1885107]]}, "properties": {"class": "secondary"}}, {"type": "Feature", "geometry": {"type": "LineString", "coordinates": [[-115.1249906, 36.1885022], [-115.1251174, 36.1885036]]}, "properties": {"class": "secondary"}}, {"type": "Feature", "geometry": {"type": "LineString", "coordinates": [[-115.1249906, 36.1885022], [-115.1249938, 36.1891179], [-115.125052, 36.1892085]]}, "properties": {"class": "tertiary"}}, {"type": "Feature", "geometry": {"type": "LineString", "coordinates": [[-115.1456003, 36.1639286], [-115.1455254, 36.1640378], [-115.1454891, 36.1641002], [-115.1452409, 36.1644792]]}, "properties": {"class": "tertiary"}}, {"type": "Feature", "geometry": {"type": "LineString", "coordinates": [[-115.1442955, 36.1648323], [-115.1447032, 36.1650077], [-115.1447359, 36.1650218], [-115.1448526, 36.165072]]}, "properties": {"class": "secondary"}}, {"type": "Feature", "geometry": {"type": "LineString", "coordinates": [[-115.1451085, 36.1646799], [-115.1449308, 36.164951], [-115.1449095, 36.1649832], [-115.1448526, 36.165072]]}, "properties": {"class": "tertiary"}}, {"type": "Feature", "geometry": {"type": "LineString", "coordinates": [[-115.1363593, 36.1603155], [-115.1364787, 36.1601329], [-115.1364942, 36.1601097], [-115.136544, 36.1600354]]}, "properties": {"class": "secondary"}}, {"type": "Feature", "geometry": {"type": "LineString", "coordinates": [[-115.145883, 36.1808613], [-115.1446494, 36.1808831], [-115.1445702, 36.1808845], [-115.1444794, 36.1808852]]}, "properties": {"class": "primary"}}, {"type": "Feature", "geometry": {"type": "LineString", "coordinates": [[-115.1444794, 36.1808852], [-115.1443102, 36.1808996], [-115.1442458, 36.1809054], [-115.1441322, 36.1809162], [-115.1440384, 36.1809284]]}, "properties": {"class": "primary"}}, {"type": "Feature", "geometry": {"type": "LineString", "coordinates": [[-115.1436834, 36.1809987], [-115.1436523, 36.1810051], [-115.1433279, 36.1810883], [-115.1430986, 36.1811533]]}, "properties": {"class": "primary"}}, {"type": "Feature", "geometry": {"type": "LineString", "coordinates": [[-115.1430986, 36.1811533], [-115.1430937, 36.1812534]]}, "properties": {"class": "tertiary"}}, {"type": "Feature", "geometry": {"type": "LineString", "coordinates": [[-115.129974, 36.16316], [-115.1300738, 36.1632026], [-115.1305967, 36.1634255], [-115.1311191, 36.1636481], [-115.131154, 36.163663], [-115.1312415, 36.1637002], [-115.1317412, 36.1639126], [-115.132185, 36.1641015], [-115.13221, 36.1641121], [-115.132305, 36.1641525]]}, "properties": {"class": "residential"}}, {"type": "Feature", "geometry": {"type": "LineString", "coordinates": [[-115.132305, 36.1641525], [-115.1322521, 36.1642337], [-115.1319591, 36.1646839], [-115.1317747, 36.1649667]]}, "properties": {"class": "secondary"}}, {"type": "Feature", "geometry": {"type": "LineString", "coordinates": [[-115.1531774, 36.1479663], [-115.1534888, 36.1480929]]}, "properties": {"class": "secondary"}}, {"type": "Feature", "geometry": {"type": "LineString", "coordinates": [[-115.1534888, 36.1480929], [-115.1535777, 36.1481288], [-115.1537531, 36.1481996]]}, "properties": {"class": "secondary"}}, {"type": "Feature", "geometry": {"type": "LineString", "coordinates": [[-115.160916, 36.170504], [-115.160916, 36.1703083], [-115.1608521, 36.1701852]]}, "properties": {"class": "secondary"}}, {"type": "Feature", "geometry": {"type": "LineString", "coordinates": [[-115.134254, 36.1811338], [-115.1342741, 36.1810482], [-115.1343005, 36.1809426], [-115.1343705, 36.1806792], [-115.1344874, 36.1803173], [-115.1345672, 36.1801059]]}, "properties": {"class": "primary"}}, {"type": "Feature", "geometry": {"type": "LineString", "coordinates": [[-115.1345672, 36.1801059], [-115.1346846, 36.1797977]]}, "properties": {"class": "primary"}}, {"type": "Feature", "geometry": {"type": "LineString", "coordinates": [[-115.1346846, 36.1797977], [-115.1348965, 36.1792368], [-115.134911, 36.1791974], [-115.1349681, 36.1790425], [-115.1350902, 36.1787155], [-115.1352515, 36.1782837]]}, "properties": {"class": "primary"}}, {"type": "Feature", "geometry": {"type": "LineString", "coordinates": [[-115.1352515, 36.1782837], [-115.1353274, 36.1780805], [-115.1353468, 36.1780361], [-115.1354693, 36.1777623], [-115.135534, 36.1776177]]}, "properties": {"class": "primary"}}, {"type": "Feature", "geometry": {"type": "LineString", "coordinates": [[-115.136944, 36.1752947], [-115.1370965, 36.1750666], [-115.1371162, 36.1750371], [-115.137185, 36.1749342]]}, "properties": {"class": "primary"}}, {"type": "Feature", "geometry": {"type": "LineString", "coordinates": [[-115.1363303, 36.1762231], [-115.1364419, 36.1760475], [-115.136508, 36.1759426], [-115.136523, 36.1759189]]}, "properties": {"class": "primary"}}, {"type": "Feature", "geometry": {"type": "LineString", "coordinates": [[-115.136523, 36.1759189], [-115.1367389, 36.1755991]]}, "properties": {"class": "primary"}}, {"type": "Feature", "geometry": {"type": "LineString", "coordinates": [[-115.1367389, 36.1755991], [-115.1368987, 36.1753635], [-115.136944, 36.1752947]]}, "properties": {"class": "primary"}}, {"type": "Feature", "geometry": {"type": "LineString", "coordinates": [[-115.1328461, 36.1920125], [-115.1329616, 36.1919], [-115.1331626, 36.1917693]]}, "properties": {"class": "primary"}}, {"type": "Feature", "geometry": {"type": "LineString", "coordinates": [[-115.1340869, 36.1875094], [-115.13399, 36.1877551]]}, "properties": {"class": "primary"}}, {"type": "Feature", "geometry": {"type": "LineString", "coordinates": [[-115.13399, 36.1877551], [-115.1339876, 36.1879019]]}, "properties": {"class": "primary"}}, {"type": "Feature", "geometry": {"type": "LineString", "coordinates": [[-115.1252293, 36.1788821], [-115.1253015, 36.1787526], [-115.1254021, 36.1786228]]}, "properties": {"class": "secondary"}}, {"type": "Feature", "geometry": {"type": "LineString", "coordinates": [[-115.1224425, 36.1812668], [-115.123676, 36.1812677]]}, "properties": {"class": "secondary"}}, {"type": "Feature", "geometry": {"type": "LineString", "coordinates": [[-115.1250103, 36.1806885], [-115.1250123, 36.1810307], [-115.1250123, 36.1810395], [-115.1250128, 36.1811276]]}, "properties": {"class": "secondary"}}, {"type": "Feature", "geometry": {"type": "LineString", "coordinates": [[-115.1641637, 36.151859], [-115.1651038, 36.1516102]]}, "properties": {"class": "secondary"}}, {"type": "Feature", "geometry": {"type": "LineString", "coordinates": [[-115.1635195, 36.1537124], [-115.1633776, 36.1539434]]}, "properties": {"class": "tertiary"}}, {"type": "Feature", "geometry": {"type": "LineString", "coordinates": [[-115.1617601, 36.1570639], [-115.1617229, 36.1572182], [-115.161679, 36.157456], [-115.1616583, 36.1576512], [-115.1616439, 36.1578616], [-115.1616456, 36.1580731], [-115.1616521, 36.1586579]]}, "properties": {"class": "tertiary"}}, {"type": "Feature", "geometry": {"type": "LineString", "coordinates": [[-115.1619123, 36.1565862], [-115.1618286, 36.1568224], [-115.1618206, 36.1568492], [-115.1617601, 36.1570639]]}, "properties": {"class": "tertiary"}}, {"type": "Feature", "geometry": {"type": "LineString", "coordinates": [[-115.157568, 36.1615176], [-115.1577421, 36.1615909], [-115.1578161, 36.1616235]]}, "properties": {"class": "secondary"}}, {"type": "Feature", "geometry": {"type": "LineString", "coordinates": [[-115.1607745, 36.1680743], [-115.1607716, 36.1685093], [-115.1607704, 36.1686662], [-115.1608356, 36.1687351]]}, "properties": {"class": "secondary"}}, {"type": "Feature", "geometry": {"type": "LineString", "coordinates": [[-115.1470703, 36.1660261], [-115.1470292, 36.1660893], [-115.1466241, 36.1667128], [-115.146342, 36.1671309], [-115.146302, 36.1671901]]}, "properties": {"class": "secondary"}}, {"type": "Feature", "geometry": {"type": "LineString", "coordinates": [[-115.1470703, 36.1660261], [-115.1471478, 36.1660595]]}, "properties": {"class": "secondary"}}, {"type": "Feature", "geometry": {"type": "LineString", "coordinates": [[-115.147297, 36.1656865], [-115.1472746, 36.1657232], [-115.147135, 36.1659302], [-115.1471131, 36.1659626], [-115.1470703, 36.1660261]]}, "properties": {"class": "secondary"}}, {"type": "Feature", "geometry": {"type": "LineString", "coordinates": [[-115.1478631, 36.164902], [-115.1478135, 36.1648848]]}, "properties": {"class": "secondary"}}, {"type": "Feature", "geometry": {"type": "LineString", "coordinates": [[-115.1478135, 36.1648848], [-115.1477795, 36.1649379], [-115.1475006, 36.1653629], [-115.147297, 36.1656865]]}, "properties": {"class": "secondary"}}, {"type": "Feature", "geometry": {"type": "LineString", "coordinates": [[-115.1409653, 36.1708113], [-115.1407822, 36.1707306]]}, "properties": {"class": "tertiary"}}, {"type": "Feature", "geometry": {"type": "LineString", "coordinates": [[-115.1410299, 36.1709115], [-115.1409545, 36.171025], [-115.1407566, 36.171323], [-115.140567, 36.1716106]]}, "properties": {"class": "tertiary"}}, {"type": "Feature", "geometry": {"type": "LineString", "coordinates": [[-115.140567, 36.1716106], [-115.1404965, 36.1717184], [-115.1403587, 36.1719289], [-115.1403302, 36.1719725], [-115.1403031, 36.1720139]]}, "properties": {"class": "tertiary"}}, {"type": "Feature", "geometry": {"type": "LineString", "coordinates": [[-115.1542255, 36.1668806], [-115.1544539, 36.1668509], [-115.1551005, 36.1667748], [-115.1551438, 36.16677], [-115.155219, 36.1667609]]}, "properties": {"class": "secondary"}}, {"type": "Feature", "geometry": {"type": "LineString", "coordinates": [[-115.1532238, 36.1669761], [-115.1532807, 36.1669727], [-115.1533237, 36.1669701], [-115.1534295, 36.1669577], [-115.153962, 36.1669012]]}, "properties": {"class": "secondary"}}, {"type": "Feature", "geometry": {"type": "LineString", "coordinates": [[-115.153962, 36.1669012], [-115.1542255, 36.1668806]]}, "properties": {"class": "secondary"}}, {"type": "Feature", "geometry": {"type": "LineString", "coordinates": [[-115.1616619, 36.1593486], [-115.1616693, 36.1599581], [-115.1616715, 36.1600737], [-115.1616831, 36.1601977], [-115.1617265, 36.1605101], [-115.1617941, 36.1608759], [-115.1618205, 36.161044], [-115.1618331, 36.161188]]}, "properties": {"class": "secondary"}}, {"type": "Feature", "geometry": {"type": "LineString", "coordinates": [[-115.1618331, 36.161188], [-115.1618464, 36.1616212], [-115.16185, 36.1617379]]}, "properties": {"class": "secondary"}}, {"type": "Feature", "geometry": {"type": "LineString", "coordinates": [[-115.1616906, 36.1642847], [-115.1616692, 36.1643529], [-115.1615912, 36.164551], [-115.1615088, 36.1647315], [-115.1613249, 36.1650636], [-115.1612424, 36.1652278], [-115.1611644, 36.1654064]]}, "properties": {"class": "secondary"}}, {"type": "Feature", "geometry": {"type": "LineString", "coordinates": [[-115.1618224, 36.1635934], [-115.1618162, 36.1636395], [-115.1617789, 36.163873], [-115.1617415, 36.1640776], [-115.1617306, 36.1641233], [-115.1617118, 36.1642023]]}, "properties": {"class": "secondary"}}, {"type": "Feature", "geometry": {"type": "LineString", "coordinates": [[-115.1618498, 36.1633709], [-115.1618373, 36.1634841], [-115.1618224, 36.1635934]]}, "properties": {"class": "secondary"}}, {"type": "Feature", "geometry": {"type": "LineString", "coordinates": [[-115.1611644, 36.1654064], [-115.1611271, 36.1654868], [-115.1609198, 36.166061], [-115.1609116, 36.1660845], [-115.1608874, 36.1661696]]}, "properties": {"class": "secondary"}}, {"type": "Feature", "geometry": {"type": "LineString", "coordinates": [[-115.1617118, 36.1642023], [-115.1616906, 36.1642847]]}, "properties": {"class": "secondary"}}, {"type": "Feature", "geometry": {"type": "LineString", "coordinates": [[-115.1556088, 36.1462473], [-115.1555379, 36.1463527], [-115.155475, 36.1464461], [-115.1553363, 36.1466523]]}, "properties": {"class": "primary"}}, {"type": "Feature", "geometry": {"type": "LineString", "coordinates": [[-115.1553363, 36.1466523], [-115.1551422, 36.1469381]]}, "properties": {"class": "primary"}}, {"type": "Feature", "geometry": {"type": "LineString", "coordinates": [[-115.154586, 36.1477499], [-115.1544684, 36.1479221], [-115.1542929, 36.1481684], [-115.1542696, 36.1482006], [-115.1542097, 36.1482912]]}, "properties": {"class": "primary"}}, {"type": "Feature", "geometry": {"type": "LineString", "coordinates": [[-115.1406287, 36.1758717], [-115.1405805, 36.1759199], [-115.1405293, 36.1759708], [-115.1404657, 36.1760288], [-115.140416, 36.1760716], [-115.1403908, 36.1760917], [-115.1402737, 36.1761814]]}, "properties": {"class": "secondary"}}, {"type": "Feature", "geometry": {"type": "LineString", "coordinates": [[-115.1312069, 36.1651991], [-115.1313777, 36.1652727], [-115.1314046, 36.1652843], [-115.1315547, 36.1653105]]}, "properties": {"class": "primary"}}, {"type": "Feature", "geometry": {"type": "LineString", "coordinates": [[-115.1607411, 36.1712638], [-115.1607403, 36.1713652]]}, "properties": {"class": "secondary"}}, {"type": "Feature", "geometry": {"type": "LineString", "coordinates": [[-115.1379281, 36.1885], [-115.1386904, 36.1884803]]}, "properties": {"class": "secondary"}}, {"type": "Feature", "geometry": {"type": "LineString", "coordinates": [[-115.1379293, 36.1884202], [-115.1379285, 36.1884475], [-115.1379281, 36.1885]]}, "properties": {"class": "residential"}}, {"type": "Feature", "geometry": {"type": "LineString", "coordinates": [[-115.1373255, 36.1885011], [-115.1379281, 36.1885]]}, "properties": {"class": "secondary"}}, {"type": "Feature", "geometry": {"type": "LineString", "coordinates": [[-115.1386904, 36.1884803], [-115.1387773, 36.1884792], [-115.1388638, 36.1884805], [-115.1388994, 36.1884803]]}, "properties": {"class": "secondary"}}, {"type": "Feature", "geometry": {"type": "LineString", "coordinates": [[-115.1519344, 36.1879091], [-115.1518674, 36.1880214], [-115.151865, 36.1881806], [-115.1518645, 36.1882113], [-115.1518629, 36.1883213]]}, "properties": {"class": "tertiary"}}, {"type": "Feature", "geometry": {"type": "LineString", "coordinates": [[-115.1518629, 36.1883213], [-115.1518612, 36.1884645]]}, "properties": {"class": "tertiary"}}, {"type": "Feature", "geometry": {"type": "LineString", "coordinates": [[-115.151976, 36.1883404], [-115.1519784, 36.188246], [-115.1519846, 36.188], [-115.1519344, 36.1879091]]}, "properties": {"class": "tertiary"}}, {"type": "Feature", "geometry": {"type": "LineString", "coordinates": [[-115.1519713, 36.1884652], [-115.151976, 36.1883404]]}, "properties": {"class": "tertiary"}}, {"type": "Feature", "geometry": {"type": "LineString", "coordinates": [[-115.1161494, 36.1738685], [-115.1160329, 36.1738658], [-115.1157552, 36.1738594]]}, "properties": {"class": "secondary"}}, {"type": "Feature", "geometry": {"type": "LineString", "coordinates": [[-115.1331315, 36.1812758], [-115.1339946, 36.18127], [-115.1340273, 36.1812698], [-115.134095, 36.1812693]]}, "properties": {"class": "secondary"}}, {"type": "Feature", "geometry": {"type": "LineString", "coordinates": [[-115.1316969, 36.1812855], [-115.1331315, 36.1812758]]}, "properties": {"class": "secondary"}}, {"type": "Feature", "geometry": {"type": "LineString", "coordinates": [[-115.1306273, 36.1812839], [-115.1316969, 36.1812855]]}, "properties": {"class": "secondary"}}, {"type": "Feature", "geometry": {"type": "LineString", "coordinates": [[-115.128323, 36.1812842], [-115.1287375, 36.1812847], [-115.129316, 36.181282], [-115.1306273, 36.1812839]]}, "properties": {"class": "secondary"}}, {"type": "Feature", "geometry": {"type": "LineString", "coordinates": [[-115.1276799, 36.1812743], [-115.1281715, 36.1812819], [-115.128323, 36.1812842]]}, "properties": {"class": "secondary"}}, {"type": "Feature", "geometry": {"type": "LineString", "coordinates": [[-115.123676, 36.1812677], [-115.12379, 36.1812674], [-115.1239602, 36.1812667]]}, "properties": {"class": "secondary"}}, {"type": "Feature", "geometry": {"type": "LineString", "coordinates": [[-115.1623103, 36.1771289], [-115.1620723, 36.1770695], [-115.1618889, 36.1770641], [-115.1617422, 36.1770598]]}, "properties": {"class": "secondary"}}, {"type": "Feature", "geometry": {"type": "LineString", "coordinates": [[-115.1617422, 36.1770598], [-115.1615212, 36.1770532]]}, "properties": {"class": "secondary"}}, {"type": "Feature", "geometry": {"type": "LineString", "coordinates": [[-115.130498, 36.1736173], [-115.1305014, 36.17371], [-115.1305004, 36.1738796], [-115.1305002, 36.1739153], [-115.130499, 36.1739807]]}, "properties": {"class": "secondary"}}, {"type": "Feature", "geometry": {"type": "LineString", "coordinates": [[-115.1617329, 36.1771846], [-115.162069, 36.1771803], [-115.1622594, 36.1771397], [-115.1623103, 36.1771289]]}, "properties": {"class": "secondary"}}, {"type": "Feature", "geometry": {"type": "LineString", "coordinates": [[-115.1613187, 36.1771802], [-115.1615355, 36.1771825], [-115.1617329, 36.1771846]]}, "properties": {"class": "secondary"}}, {"type": "Feature", "geometry": {"type": "LineString", "coordinates": [[-115.1494074, 36.1792733], [-115.1494186, 36.1792089], [-115.1494442, 36.1790623], [-115.1494233, 36.1787393]]}, "properties": {"class": "tertiary"}}, {"type": "Feature", "geometry": {"type": "LineString", "coordinates": [[-115.1493525, 36.1789902], [-115.1493573, 36.1790635], [-115.1493922, 36.1792097], [-115.1494074, 36.1792733]]}, "properties": {"class": "tertiary"}}, {"type": "Feature", "geometry": {"type": "LineString", "coordinates": [[-115.153811, 36.1557407], [-115.1537946, 36.1559579], [-115.1537922, 36.1559894], [-115.1537829, 36.1561127]]}, "properties": {"class": "secondary"}}, {"type": "Feature", "geometry": {"type": "LineString", "coordinates": [[-115.138749, 36.160959], [-115.1381974, 36.1607274], [-115.1377051, 36.1605213], [-115.137615, 36.1604836]]}, "properties": {"class": "secondary"}}, {"type": "Feature", "geometry": {"type": "LineString", "coordinates": [[-115.137615, 36.1604836], [-115.1375569, 36.1604592], [-115.13705, 36.1602467]]}, "properties": {"class": "secondary"}}, {"type": "Feature", "geometry": {"type": "LineString", "coordinates": [[-115.141995, 36.1884159], [-115.1423646, 36.1884135]]}, "properties": {"class": "secondary"}}, {"type": "Feature", "geometry": {"type": "LineString", "coordinates": [[-115.1423646, 36.1884135], [-115.1424798, 36.1884146], [-115.1425659, 36.1884155]]}, "properties": {"class": "secondary"}}, {"type": "Feature", "geometry": {"type": "LineString", "coordinates": [[-115.1574557, 36.1589545], [-115.1575461, 36.1589594]]}, "properties": {"class": "primary"}}, {"type": "Feature", "geometry": {"type": "LineString", "coordinates": [[-115.1342185, 36.1957997], [-115.1342242, 36.1956398], [-115.1342637, 36.1945216]]}, "properties": {"class": "primary"}}, {"type": "Feature", "geometry": {"type": "LineString", "coordinates": [[-115.1342637, 36.1945216], [-115.1342735, 36.1942318]]}, "properties": {"class": "primary"}}, {"type": "Feature", "geometry": {"type": "LineString", "coordinates": [[-115.1342735, 36.1942318], [-115.134281, 36.1940086]]}, "properties": {"class": "primary"}}, {"type": "Feature", "geometry": {"type": "LineString", "coordinates": [[-115.134281, 36.1940086], [-115.134284, 36.1938276], [-115.1342864, 36.1936807], [-115.1342932, 36.1932502]]}, "properties": {"class": "primary"}}, {"type": "Feature", "geometry": {"type": "LineString", "coordinates": [[-115.1342812, 36.1922857], [-115.1342397, 36.1921424], [-115.1341921, 36.1919923]]}, "properties": {"class": "primary"}}, {"type": "Feature", "geometry": {"type": "LineString", "coordinates": [[-115.1417726, 36.1741986], [-115.1416641, 36.1743876], [-115.1415268, 36.1746267]]}, "properties": {"class": "secondary"}}, {"type": "Feature", "geometry": {"type": "LineString", "coordinates": [[-115.115969, 36.1812768], [-115.1159697, 36.1813678], [-115.1159767, 36.18216], [-115.1159784, 36.1823567], [-115.1159811, 36.1826183]]}, "properties": {"class": "primary"}}, {"type": "Feature", "geometry": {"type": "LineString", "coordinates": [[-115.1159811, 36.1826183], [-115.1159869, 36.1830328]]}, "properties": {"class": "primary"}}, {"type": "Feature", "geometry": {"type": "LineString", "coordinates": [[-115.116007, 36.1845024], [-115.1160107, 36.1847284], [-115.1160115, 36.1847765], [-115.116013, 36.184863]]}, "properties": {"class": "primary"}}, {"type": "Feature", "geometry": {"type": "LineString", "coordinates": [[-115.1465337, 36.1713277], [-115.1463763, 36.1715655], [-115.1463642, 36.1715846], [-115.1463011, 36.1716781]]}, "properties": {"class": "primary"}}, {"type": "Feature", "geometry": {"type": "LineString", "coordinates": [[-115.1427988, 36.1682445], [-115.1426454, 36.168487], [-115.1425894, 36.1685755]]}, "properties": {"class": "tertiary"}}, {"type": "Feature", "geometry": {"type": "LineString", "coordinates": [[-115.143324, 36.1674133], [-115.1432598, 36.167515], [-115.1430591, 36.1678328], [-115.1430493, 36.1678483], [-115.1429853, 36.1679495], [-115.1428868, 36.1681053], [-115.1428803, 36.1681156], [-115.1427988, 36.1682445]]}, "properties": {"class": "tertiary"}}, {"type": "Feature", "geometry": {"type": "LineString", "coordinates": [[-115.143324, 36.1674133], [-115.1432075, 36.167361], [-115.1427511, 36.1671558], [-115.1423629, 36.1669896], [-115.1423283, 36.1669748], [-115.142265, 36.1669477]]}, "properties": {"class": "tertiary"}}, {"type": "Feature", "geometry": {"type": "LineString", "coordinates": [[-115.1435643, 36.1670441], [-115.1433925, 36.1673026], [-115.143324, 36.1674133]]}, "properties": {"class": "tertiary"}}, {"type": "Feature", "geometry": {"type": "LineString", "coordinates": [[-115.1436491, 36.1669138], [-115.1435643, 36.1670441]]}, "properties": {"class": "tertiary"}}, {"type": "Feature", "geometry": {"type": "LineString", "coordinates": [[-115.1359149, 36.1877114], [-115.1358048, 36.1877749], [-115.1357051, 36.1879248]]}, "properties": {"class": "secondary"}}, {"type": "Feature", "geometry": {"type": "LineString", "coordinates": [[-115.1620128, 36.1642956], [-115.1619912, 36.1642939], [-115.161862, 36.1642649]]}, "properties": {"class": "tertiary"}}, {"type": "Feature", "geometry": {"type": "LineString", "coordinates": [[-115.1327839, 36.1588797], [-115.1328047, 36.1588128]]}, "properties": {"class": "residential"}}, {"type": "Feature", "geometry": {"type": "LineString", "coordinates": [[-115.1333166, 36.158815], [-115.1332835, 36.1588149], [-115.1330931, 36.1588141], [-115.1329769, 36.1588136], [-115.1328928, 36.1588132], [-115.1328047, 36.1588128]]}, "properties": {"class": "primary"}}, {"type": "Feature", "geometry": {"type": "LineString", "coordinates": [[-115.1160346, 36.1720746], [-115.1160474, 36.1722829], [-115.1160557, 36.1724158], [-115.1160853, 36.1728663], [-115.1160958, 36.173051]]}, "properties": {"class": "primary"}}, {"type": "Feature", "geometry": {"type": "LineString", "coordinates": [[-115.116006, 36.1716802], [-115.1160314, 36.172031], [-115.1160346, 36.1720746]]}, "properties": {"class": "primary"}}, {"type": "Feature", "geometry": {"type": "LineString", "coordinates": [[-115.1242204, 36.158863], [-115.1243283, 36.158928], [-115.1244127, 36.1589285], [-115.1245667, 36.1589294]]}, "properties": {"class": "primary"}}, {"type": "Feature", "geometry": {"type": "LineString", "coordinates": [[-115.1245667, 36.1589294], [-115.1249069, 36.1589313], [-115.124971, 36.1589316]]}, "properties": {"class": "primary"}}, {"type": "Feature", "geometry": {"type": "LineString", "coordinates": [[-115.124972, 36.1588103], [-115.124971, 36.1589316]]}, "properties": {"class": "tertiary"}}, {"type": "Feature", "geometry": {"type": "LineString", "coordinates": [[-115.124971, 36.1589316], [-115.125084, 36.1589323]]}, "properties": {"class": "primary"}}, {"type": "Feature", "geometry": {"type": "LineString", "coordinates": [[-115.125084, 36.1589323], [-115.125085, 36.1588111]]}, "properties": {"class": "tertiary"}}, {"type": "Feature", "geometry": {"type": "LineString", "coordinates": [[-115.1357941, 36.1611757], [-115.1358839, 36.1612133], [-115.1363017, 36.1613931]]}, "properties": {"class": "secondary"}}, {"type": "Feature", "geometry": {"type": "LineString", "coordinates": [[-115.1340272, 36.182134], [-115.1341105, 36.1820105], [-115.1341416, 36.1817633]]}, "properties": {"class": "primary"}}, {"type": "Feature", "geometry": {"type": "LineString", "coordinates": [[-115.134095, 36.1812693], [-115.1342234, 36.1812644]]}, "properties": {"class": "primary"}}, {"type": "Feature", "geometry": {"type": "LineString", "coordinates": [[-115.1342234, 36.1812644], [-115.134254, 36.1811338]]}, "properties": {"class": "primary"}}, {"type": "Feature", "geometry": {"type": "LineString", "coordinates": [[-115.1319792, 36.1588768], [-115.1321443, 36.1589431]]}, "properties": {"class": "primary"}}, {"type": "Feature", "geometry": {"type": "LineString", "coordinates": [[-115.1602147, 36.1771703], [-115.160458, 36.1771729], [-115.1605944, 36.1771744], [-115.1607336, 36.1771759]]}, "properties": {"class": "secondary"}}, {"type": "Feature", "geometry": {"type": "LineString", "coordinates": [[-115.1161067, 36.1732314], [-115.1161151, 36.1733587]]}, "properties": {"class": "primary"}}, {"type": "Feature", "geometry": {"type": "LineString", "coordinates": [[-115.145669, 36.1728807], [-115.1457238, 36.1727943], [-115.1458176, 36.1726467]]}, "properties": {"class": "primary"}}, {"type": "Feature", "geometry": {"type": "LineString", "coordinates": [[-115.1336866, 36.1914458], [-115.1337464, 36.1915348], [-115.1340587, 36.1920889], [-115.1341204, 36.1922436], [-115.1341458, 36.1923865], [-115.1341479, 36.1925418], [-115.1341384, 36.1927223]]}, "properties": {"class": "primary"}}, {"type": "Feature", "geometry": {"type": "LineString", "coordinates": [[-115.1341384, 36.1927223], [-115.1341222, 36.1931642]]}, "properties": {"class": "primary"}}, {"type": "Feature", "geometry": {"type": "LineString", "coordinates": [[-115.1341222, 36.1931642], [-115.1341202, 36.1932478], [-115.1341103, 36.193676]]}, "properties": {"class": "primary"}}, {"type": "Feature", "geometry": {"type": "LineString", "coordinates": [[-115.1341103, 36.193676], [-115.1341039, 36.1939667]]}, "properties": {"class": "primary"}}, {"type": "Feature", "geometry": {"type": "LineString", "coordinates": [[-115.1341039, 36.1939667], [-115.1341006, 36.1941847], [-115.1340811, 36.1944772]]}, "properties": {"class": "primary"}}, {"type": "Feature", "geometry": {"type": "LineString", "coordinates": [[-115.1340811, 36.1944772], [-115.1340781, 36.194537], [-115.1340761, 36.1946312], [-115.1340386, 36.1949943]]}, "properties": {"class": "primary"}}, {"type": "Feature", "geometry": {"type": "LineString", "coordinates": [[-115.1581335, 36.1604238], [-115.1576208, 36.1604326], [-115.1574917, 36.160445], [-115.1573795, 36.1604682], [-115.157181, 36.1605665], [-115.1570891, 36.1606531], [-115.1570251, 36.1607472], [-115.156999, 36.1608282], [-115.1569875, 36.1608943], [-115.1569847, 36.1609812], [-115.1570015, 36.1610681], [-115.1570166, 36.1611337], [-115.1570658, 36.1612171]]}, "properties": {"class": "secondary"}}, {"type": "Feature", "geometry": {"type": "LineString", "coordinates": [[-115.1553309, 36.1884187], [-115.1554142, 36.188481], [-115.1555312, 36.1884836], [-115.1557951, 36.1884857]]}, "properties": {"class": "secondary"}}, {"type": "Feature", "geometry": {"type": "LineString", "coordinates": [[-115.156328, 36.1884898], [-115.1563314, 36.188573], [-115.1563314, 36.1886006], [-115.1563314, 36.1887134], [-115.1563295, 36.1893212]]}, "properties": {"class": "tertiary"}}, {"type": "Feature", "geometry": {"type": "LineString", "coordinates": [[-115.1557951, 36.1884857], [-115.1561727, 36.1884886], [-115.156328, 36.1884898]]}, "properties": {"class": "secondary"}}, {"type": "Feature", "geometry": {"type": "LineString", "coordinates": [[-115.156328, 36.1884898], [-115.1570534, 36.1884982]]}, "properties": {"class": "secondary"}}, {"type": "Feature", "geometry": {"type": "LineString", "coordinates": [[-115.1570534, 36.1884982], [-115.1572478, 36.1885005]]}, "properties": {"class": "secondary"}}, {"type": "Feature", "geometry": {"type": "LineString", "coordinates": [[-115.1572478, 36.1885005], [-115.1576683, 36.188504], [-115.1580264, 36.188507], [-115.1581558, 36.1885081]]}, "properties": {"class": "secondary"}}, {"type": "Feature", "geometry": {"type": "LineString", "coordinates": [[-115.1581558, 36.1885081], [-115.1584751, 36.1885107]]}, "properties": {"class": "secondary"}}, {"type": "Feature", "geometry": {"type": "LineString", "coordinates": [[-115.1601174, 36.1885269], [-115.1603307, 36.1885292], [-115.1606067, 36.1885327], [-115.1606547, 36.1885333], [-115.1607683, 36.1885351]]}, "properties": {"class": "secondary"}}, {"type": "Feature", "geometry": {"type": "LineString", "coordinates": [[-115.1605192, 36.1884008], [-115.160257, 36.1883987], [-115.1598287, 36.1883952], [-115.1594727, 36.1883925], [-115.1590309, 36.1883892], [-115.1588528, 36.1883878]]}, "properties": {"class": "secondary"}}, {"type": "Feature", "geometry": {"type": "LineString", "coordinates": [[-115.1588528, 36.1883878], [-115.1584751, 36.188385]]}, "properties": {"class": "secondary"}}, {"type": "Feature", "geometry": {"type": "LineString", "coordinates": [[-115.1584751, 36.188385], [-115.15803, 36.1883838], [-115.1574815, 36.1883823]]}, "properties": {"class": "secondary"}}, {"type": "Feature", "geometry": {"type": "LineString", "coordinates": [[-115.1574815, 36.1883823], [-115.1572478, 36.1883817]]}, "properties": {"class": "secondary"}}, {"type": "Feature", "geometry": {"type": "LineString", "coordinates": [[-115.1567845, 36.1883763], [-115.1564753, 36.1883727], [-115.156322, 36.1883709]]}, "properties": {"class": "secondary"}}, {"type": "Feature", "geometry": {"type": "LineString", "coordinates": [[-115.156322, 36.1883709], [-115.156328, 36.1884898]]}, "properties": {"class": "tertiary"}}, {"type": "Feature", "geometry": {"type": "LineString", "coordinates": [[-115.1572478, 36.1883817], [-115.1567845, 36.1883763]]}, "properties": {"class": "secondary"}}, {"type": "Feature", "geometry": {"type": "LineString", "coordinates": [[-115.1524276, 36.1476411], [-115.1523937, 36.1476328], [-115.1520263, 36.1475631], [-115.1517279, 36.1475301], [-115.1514201, 36.147531]]}, "properties": {"class": "tertiary"}}, {"type": "Feature", "geometry": {"type": "LineString", "coordinates": [[-115.1514201, 36.147531], [-115.1511436, 36.1475319]]}, "properties": {"class": "tertiary"}}, {"type": "Feature", "geometry": {"type": "LineString", "coordinates": [[-115.1511436, 36.1475319], [-115.1509025, 36.1475355], [-115.1503873, 36.1475491]]}, "properties": {"class": "tertiary"}}, {"type": "Feature", "geometry": {"type": "LineString", "coordinates": [[-115.1499468, 36.1476507], [-115.1500483, 36.1475499]]}, "properties": {"class": "residential"}}, {"type": "Feature", "geometry": {"type": "LineString", "coordinates": [[-115.1503873, 36.1475491], [-115.1500483, 36.1475499]]}, "properties": {"class": "tertiary"}}, {"type": "Feature", "geometry": {"type": "LineString", "coordinates": [[-115.118989, 36.1587964], [-115.118991, 36.1586977], [-115.118998, 36.158375], [-115.1189955, 36.1582392], [-115.118988, 36.1580857]]}, "properties": {"class": "primary"}}, {"type": "Feature", "geometry": {"type": "LineString", "coordinates": [[-115.1189724, 36.1577356], [-115.1188091, 36.1577333]]}, "properties": {"class": "residential"}}, {"type": "Feature", "geometry": {"type": "LineString", "coordinates": [[-115.118988, 36.1580857], [-115.1189724, 36.1577356]]}, "properties": {"class": "primary"}}, {"type": "Feature", "geometry": {"type": "LineString", "coordinates": [[-115.1189724, 36.1577356], [-115.1189677, 36.1575857], [-115.1189621, 36.1567905], [-115.1189579, 36.1562545]]}, "properties": {"class": "primary"}}, {"type": "Feature", "geometry": {"type": "LineString", "coordinates": [[-115.1189557, 36.1558712], [-115.118795, 36.1558722]]}, "properties": {"class": "residential"}}, {"type": "Feature", "geometry": {"type": "LineString", "coordinates": [[-115.1189579, 36.1562545], [-115.1189561, 36.1559462], [-115.1189557, 36.1558712]]}, "properties": {"class": "primary"}}, {"type": "Feature", "geometry": {"type": "LineString", "coordinates": [[-115.1189557, 36.1558712], [-115.1189553, 36.1558196], [-115.1189505, 36.1551284], [-115.1189492, 36.1549408], [-115.1189483, 36.1548538]]}, "properties": {"class": "primary"}}, {"type": "Feature", "geometry": {"type": "LineString", "coordinates": [[-115.1189483, 36.1548538], [-115.1189462, 36.1545148], [-115.1189457, 36.1544386]]}, "properties": {"class": "primary"}}, {"type": "Feature", "geometry": {"type": "LineString", "coordinates": [[-115.1189457, 36.1544386], [-115.1187906, 36.1544098]]}, "properties": {"class": "residential"}}, {"type": "Feature", "geometry": {"type": "LineString", "coordinates": [[-115.1189457, 36.1544386], [-115.1189453, 36.1543874], [-115.1189433, 36.1540943], [-115.1189412, 36.1537888], [-115.1189391, 36.1534846]]}, "properties": {"class": "primary"}}, {"type": "Feature", "geometry": {"type": "LineString", "coordinates": [[-115.1189391, 36.1534846], [-115.1189366, 36.1531197]]}, "properties": {"class": "primary"}}, {"type": "Feature", "geometry": {"type": "LineString", "coordinates": [[-115.1189366, 36.1531197], [-115.1189319, 36.1524526], [-115.1189304, 36.1522285]]}, "properties": {"class": "primary"}}, {"type": "Feature", "geometry": {"type": "LineString", "coordinates": [[-115.1189304, 36.1522285], [-115.1189294, 36.1520899], [-115.1189279, 36.1518668], [-115.1189277, 36.1518356], [-115.1189271, 36.151753]]}, "properties": {"class": "primary"}}, {"type": "Feature", "geometry": {"type": "LineString", "coordinates": [[-115.1189271, 36.151753], [-115.1187682, 36.151754]]}, "properties": {"class": "tertiary"}}, {"type": "Feature", "geometry": {"type": "LineString", "coordinates": [[-115.1189271, 36.151753], [-115.1189267, 36.1516971], [-115.1189223, 36.1510622], [-115.1189192, 36.1506764]]}, "properties": {"class": "primary"}}, {"type": "Feature", "geometry": {"type": "LineString", "coordinates": [[-115.1189192, 36.1506764], [-115.1189175, 36.1503756]]}, "properties": {"class": "primary"}}, {"type": "Feature", "geometry": {"type": "LineString", "coordinates": [[-115.1189175, 36.1503756], [-115.1187581, 36.15038]]}, "properties": {"class": "residential"}}, {"type": "Feature", "geometry": {"type": "LineString", "coordinates": [[-115.1189175, 36.1503756], [-115.1189169, 36.1503072], [-115.1189138, 36.1499361]]}, "properties": {"class": "primary"}}, {"type": "Feature", "geometry": {"type": "LineString", "coordinates": [[-115.1189138, 36.1499361], [-115.1189127, 36.1496934]]}, "properties": {"class": "primary"}}, {"type": "Feature", "geometry": {"type": "LineString", "coordinates": [[-115.1189127, 36.1496934], [-115.118753, 36.1496934]]}, "properties": {"class": "residential"}}, {"type": "Feature", "geometry": {"type": "LineString", "coordinates": [[-115.1189054, 36.1487657], [-115.1189053, 36.1487112], [-115.1189023, 36.1483771], [-115.1189022, 36.1483628], [-115.118901, 36.1483471], [-115.1188885, 36.1482274]]}, "properties": {"class": "primary"}}, {"type": "Feature", "geometry": {"type": "LineString", "coordinates": [[-115.1300791, 36.1948486], [-115.129966, 36.1949181], [-115.1298283, 36.1950283], [-115.1297116, 36.195134]]}, "properties": {"class": "primary"}}, {"type": "Feature", "geometry": {"type": "LineString", "coordinates": [[-115.1425532, 36.1640827], [-115.1426785, 36.1641343], [-115.1435556, 36.164514], [-115.1436024, 36.1645341], [-115.1436599, 36.1645588]]}, "properties": {"class": "secondary"}}, {"type": "Feature", "geometry": {"type": "LineString", "coordinates": [[-115.1328669, 36.1917836], [-115.1326965, 36.1919822]]}, "properties": {"class": "primary"}}, {"type": "Feature", "geometry": {"type": "LineString", "coordinates": [[-115.1161547, 36.1740218], [-115.1162849, 36.1740264]]}, "properties": {"class": "secondary"}}, {"type": "Feature", "geometry": {"type": "LineString", "coordinates": [[-115.1162849, 36.1740264], [-115.1162806, 36.1738719]]}, "properties": {"class": "primary"}}, {"type": "Feature", "geometry": {"type": "LineString", "coordinates": [[-115.1368922, 36.1751156], [-115.1367837, 36.1752761], [-115.136694, 36.1754088], [-115.136613, 36.1755286]]}, "properties": {"class": "primary"}}, {"type": "Feature", "geometry": {"type": "LineString", "coordinates": [[-115.136613, 36.1755286], [-115.136598, 36.1755509], [-115.1363883, 36.1758609]]}, "properties": {"class": "primary"}}, {"type": "Feature", "geometry": {"type": "LineString", "coordinates": [[-115.1363883, 36.1758609], [-115.1363704, 36.1758901], [-115.1360466, 36.1764212], [-115.1358277, 36.1767804], [-115.1357044, 36.1769812], [-115.1356117, 36.1771536]]}, "properties": {"class": "primary"}}, {"type": "Feature", "geometry": {"type": "LineString", "coordinates": [[-115.1356117, 36.1771536], [-115.1355165, 36.1773409], [-115.1354724, 36.1774278], [-115.1354273, 36.1775166], [-115.135376, 36.177619]]}, "properties": {"class": "primary"}}, {"type": "Feature", "geometry": {"type": "LineString", "coordinates": [[-115.135376, 36.177619], [-115.135277, 36.1778548], [-115.1351942, 36.1780518], [-115.1350399, 36.1784556]]}, "properties": {"class": "primary"}}, {"type": "Feature", "geometry": {"type": "LineString", "coordinates": [[-115.1350399, 36.1784556], [-115.1349503, 36.1786912]]}, "properties": {"class": "primary"}}, {"type": "Feature", "geometry": {"type": "LineString", "coordinates": [[-115.1349503, 36.1786912], [-115.1348219, 36.1790508], [-115.1347978, 36.1791181], [-115.1347789, 36.1791669], [-115.1347572, 36.1792245], [-115.1347069, 36.1793629]]}, "properties": {"class": "primary"}}, {"type": "Feature", "geometry": {"type": "LineString", "coordinates": [[-115.1347069, 36.1793629], [-115.1345608, 36.1797692]]}, "properties": {"class": "primary"}}, {"type": "Feature", "geometry": {"type": "LineString", "coordinates": [[-115.1345608, 36.1797692], [-115.1343823, 36.1802726], [-115.1342954, 36.180536]]}, "properties": {"class": "primary"}}, {"type": "Feature", "geometry": {"type": "LineString", "coordinates": [[-115.1342954, 36.180536], [-115.1342574, 36.1806532], [-115.1341585, 36.1810208], [-115.1341505, 36.1810506], [-115.1341279, 36.1811301]]}, "properties": {"class": "primary"}}, {"type": "Feature", "geometry": {"type": "LineString", "coordinates": [[-115.1341279, 36.1811301], [-115.134095, 36.1812693]]}, "properties": {"class": "primary"}}, {"type": "Feature", "geometry": {"type": "LineString", "coordinates": [[-115.1251183, 36.1863132], [-115.1251284, 36.1851333]]}, "properties": {"class": "secondary"}}, {"type": "Feature", "geometry": {"type": "LineString", "coordinates": [[-115.1251179, 36.1866219], [-115.125118, 36.1865753], [-115.1251183, 36.1863132]]}, "properties": {"class": "secondary"}}, {"type": "Feature", "geometry": {"type": "LineString", "coordinates": [[-115.1251284, 36.1851333], [-115.1251307, 36.1849197], [-115.1251317, 36.1848302]]}, "properties": {"class": "secondary"}}, {"type": "Feature", "geometry": {"type": "LineString", "coordinates": [[-115.1451927, 36.1622346], [-115.1451045, 36.1621964], [-115.1450782, 36.162185], [-115.1449751, 36.1621403], [-115.1449451, 36.1621274], [-115.1446658, 36.1620092]]}, "properties": {"class": "tertiary"}}, {"type": "Feature", "geometry": {"type": "LineString", "coordinates": [[-115.1446658, 36.1620092], [-115.1444974, 36.1619346], [-115.144188, 36.1618014], [-115.144078, 36.161754]]}, "properties": {"class": "tertiary"}}, {"type": "Feature", "geometry": {"type": "LineString", "coordinates": [[-115.14331, 36.162921], [-115.1433642, 36.1628402], [-115.1434026, 36.1627803]]}, "properties": {"class": "tertiary"}}, {"type": "Feature", "geometry": {"type": "LineString", "coordinates": [[-115.1444297, 36.1633988], [-115.1443354, 36.1633588], [-115.1438937, 36.1631713]]}, "properties": {"class": "secondary"}}, {"type": "Feature", "geometry": {"type": "LineString", "coordinates": [[-115.1438937, 36.1631713], [-115.1434987, 36.1630012]]}, "properties": {"class": "secondary"}}, {"type": "Feature", "geometry": {"type": "LineString", "coordinates": [[-115.1422989, 36.1644733], [-115.1423762, 36.1643545], [-115.1425099, 36.1641593], [-115.1425532, 36.1640827]]}, "properties": {"class": "tertiary"}}, {"type": "Feature", "geometry": {"type": "LineString", "coordinates": [[-115.139899, 36.165928], [-115.1399593, 36.1658396], [-115.1401423, 36.1655554], [-115.1402117, 36.1654491], [-115.140288, 36.1653322], [-115.1403479, 36.1652405], [-115.1406206, 36.1648381], [-115.1406758, 36.1647666]]}, "properties": {"class": "tertiary"}}, {"type": "Feature", "geometry": {"type": "LineString", "coordinates": [[-115.142128, 36.1668921], [-115.1420605, 36.1668622], [-115.1420237, 36.1668459], [-115.1416099, 36.1666627], [-115.1411972, 36.1664843], [-115.141037, 36.166415]]}, "properties": {"class": "tertiary"}}, {"type": "Feature", "geometry": {"type": "LineString", "coordinates": [[-115.1398332, 36.1658996], [-115.1390637, 36.1655679]]}, "properties": {"class": "tertiary"}}, {"type": "Feature", "geometry": {"type": "LineString", "coordinates": [[-115.1391259, 36.1626081], [-115.1397429, 36.1628736], [-115.1402809, 36.1631051], [-115.1403606, 36.1631394], [-115.1404175, 36.1631639], [-115.1407525, 36.163308], [-115.1408865, 36.1633656], [-115.1413612, 36.1635699], [-115.1414198, 36.1635951]]}, "properties": {"class": "secondary"}}, {"type": "Feature", "geometry": {"type": "LineString", "coordinates": [[-115.13861, 36.1623862], [-115.139061, 36.1625802], [-115.1391259, 36.1626081]]}, "properties": {"class": "secondary"}}, {"type": "Feature", "geometry": {"type": "LineString", "coordinates": [[-115.1401343, 36.1600551], [-115.1396399, 36.1598431], [-115.1395507, 36.1598049], [-115.1394809, 36.1597747], [-115.1391143, 36.1596163], [-115.1390099, 36.1595712], [-115.1389967, 36.1595655], [-115.1386782, 36.1594279], [-115.1384687, 36.1593407], [-115.1383854, 36.159306]]}, "properties": {"class": "residential"}}, {"type": "Feature", "geometry": {"type": "LineString", "coordinates": [[-115.1409353, 36.1598942], [-115.1409964, 36.1598057], [-115.1410607, 36.159712], [-115.1410641, 36.1597071], [-115.1411592, 36.1595627], [-115.1413981, 36.1592196], [-115.1414562, 36.1591365]]}, "properties": {"class": "residential"}}, {"type": "Feature", "geometry": {"type": "LineString", "coordinates": [[-115.140668, 36.160284], [-115.1406158, 36.1602616], [-115.1401343, 36.1600551]]}, "properties": {"class": "residential"}}, {"type": "Feature", "geometry": {"type": "LineString", "coordinates": [[-115.140668, 36.160284], [-115.1407197, 36.1602085], [-115.1409353, 36.1598942]]}, "properties": {"class": "residential"}}, {"type": "Feature", "geometry": {"type": "LineString", "coordinates": [[-115.1420795, 36.1603696], [-115.1422553, 36.1601148], [-115.1424774, 36.1597925], [-115.142536, 36.1597074], [-115.1425897, 36.1596296]]}, "properties": {"class": "tertiary"}}, {"type": "Feature", "geometry": {"type": "LineString", "coordinates": [[-115.141803, 36.160771], [-115.1418534, 36.1606979], [-115.1420795, 36.1603696]]}, "properties": {"class": "tertiary"}}, {"type": "Feature", "geometry": {"type": "LineString", "coordinates": [[-115.141803, 36.160771], [-115.1417413, 36.1607445], [-115.1414018, 36.1605989], [-115.1412719, 36.1605431], [-115.1407728, 36.1603289], [-115.140668, 36.160284]]}, "properties": {"class": "residential"}}, {"type": "Feature", "geometry": {"type": "LineString", "coordinates": [[-115.1424029, 36.1610286], [-115.1419317, 36.1608263], [-115.141803, 36.160771]]}, "properties": {"class": "residential"}}, {"type": "Feature", "geometry": {"type": "LineString", "coordinates": [[-115.143704, 36.160104], [-115.1437633, 36.1600155], [-115.1438624, 36.1598677], [-115.1438954, 36.1598185], [-115.1439783, 36.1596948], [-115.1440515, 36.1595856], [-115.1442206, 36.1593329], [-115.1442263, 36.1593249], [-115.1443046, 36.1592082], [-115.1444325, 36.1590161], [-115.1445033, 36.1589076]]}, "properties": {"class": "residential"}}, {"type": "Feature", "geometry": {"type": "LineString", "coordinates": [[-115.144863, 36.1606016], [-115.144759, 36.1605572], [-115.1445053, 36.1604488], [-115.1443039, 36.1603622], [-115.1438407, 36.1601629], [-115.143704, 36.160104]]}, "properties": {"class": "tertiary"}}, {"type": "Feature", "geometry": {"type": "LineString", "coordinates": [[-115.143704, 36.160104], [-115.143625, 36.1600703], [-115.1431603, 36.1598725]]}, "properties": {"class": "tertiary"}}, {"type": "Feature", "geometry": {"type": "LineString", "coordinates": [[-115.1433495, 36.160648], [-115.1434291, 36.1605259], [-115.1435749, 36.1603022], [-115.1436505, 36.1601861], [-115.143704, 36.160104]]}, "properties": {"class": "residential"}}, {"type": "Feature", "geometry": {"type": "LineString", "coordinates": [[-115.144078, 36.161754], [-115.1440253, 36.1617311], [-115.1435505, 36.1615246]]}, "properties": {"class": "residential"}}, {"type": "Feature", "geometry": {"type": "LineString", "coordinates": [[-115.1540012, 36.15322], [-115.153993, 36.1533253], [-115.1539906, 36.1533555], [-115.1539804, 36.153487]]}, "properties": {"class": "secondary"}}, {"type": "Feature", "geometry": {"type": "LineString", "coordinates": [[-115.153957, 36.1537921], [-115.1538921, 36.1546413], [-115.1538897, 36.1546723], [-115.15388, 36.1547991]]}, "properties": {"class": "secondary"}}, {"type": "Feature", "geometry": {"type": "LineString", "coordinates": [[-115.1206669, 36.1921209], [-115.1206674, 36.1922025], [-115.120671, 36.1928437], [-115.1206751, 36.1935926], [-115.1206779, 36.1940883], [-115.120679, 36.1942761], [-115.1206798, 36.1944337], [-115.1206822, 36.1948541], [-115.1206853, 36.1954083], [-115.1206868, 36.1956713], [-115.1206869, 36.1956846], [-115.1206873, 36.1957694]]}, "properties": {"class": "tertiary"}}, {"type": "Feature", "geometry": {"type": "LineString", "coordinates": [[-115.1206669, 36.1921209], [-115.1205753, 36.1921219], [-115.1193427, 36.1921359], [-115.118823, 36.1921419], [-115.1181505, 36.19215], [-115.1176053, 36.1921554], [-115.1172593, 36.192159]]}, "properties": {"class": "tertiary"}}, {"type": "Feature", "geometry": {"type": "LineString", "coordinates": [[-115.1210119, 36.1921169], [-115.1207398, 36.1921201], [-115.1206669, 36.1921209]]}, "properties": {"class": "tertiary"}}, {"type": "Feature", "geometry": {"type": "LineString", "coordinates": [[-115.144748, 36.188469], [-115.1459553, 36.1884755], [-115.146592, 36.1884767]]}, "properties": {"class": "secondary"}}, {"type": "Feature", "geometry": {"type": "LineString", "coordinates": [[-115.1469906, 36.1819052], [-115.1469983, 36.18245], [-115.1470044, 36.1828804], [-115.147005, 36.182924], [-115.1470075, 36.1829983], [-115.1470238, 36.1834582], [-115.147041, 36.183945], [-115.1470602, 36.1844699], [-115.147078, 36.184959], [-115.1470968, 36.1854867], [-115.147114, 36.185972], [-115.1471331, 36.1864959], [-115.147151, 36.186988], [-115.1471756, 36.187508], [-115.147215, 36.1880205]]}, "properties": {"class": "tertiary"}}, {"type": "Feature", "geometry": {"type": "LineString", "coordinates": [[-115.146592, 36.1884767], [-115.147229, 36.1884778]]}, "properties": {"class": "secondary"}}, {"type": "Feature", "geometry": {"type": "LineString", "coordinates": [[-115.1519713, 36.1884652], [-115.1520638, 36.1884661], [-115.1525665, 36.1884708], [-115.1528594, 36.1884715], [-115.1530074, 36.188405]]}, "properties": {"class": "secondary"}}, {"type": "Feature", "geometry": {"type": "LineString", "coordinates": [[-115.1514758, 36.1884652], [-115.1517369, 36.1884648], [-115.1517711, 36.1884647], [-115.1518612, 36.1884645]]}, "properties": {"class": "secondary"}}, {"type": "Feature", "geometry": {"type": "LineString", "coordinates": [[-115.1518612, 36.1884645], [-115.1519713, 36.1884652]]}, "properties": {"class": "secondary"}}, {"type": "Feature", "geometry": {"type": "LineString", "coordinates": [[-115.1552332, 36.1548609], [-115.1552464, 36.1547389], [-115.1552876, 36.1543064], [-115.1553469, 36.1537135], [-115.1553502, 36.1536812], [-115.1553629, 36.1535589]]}, "properties": {"class": "secondary"}}, {"type": "Feature", "geometry": {"type": "LineString", "coordinates": [[-115.1148952, 36.1884634], [-115.1151876, 36.1885191], [-115.1156659, 36.1885301], [-115.1159313, 36.1885361], [-115.1159588, 36.1885367], [-115.116051, 36.1885389]]}, "properties": {"class": "secondary"}}, {"type": "Feature", "geometry": {"type": "LineString", "coordinates": [[-115.11605, 36.1884347], [-115.1160505, 36.1884868]]}, "properties": {"class": "primary"}}, {"type": "Feature", "geometry": {"type": "LineString", "coordinates": [[-115.116051, 36.1885389], [-115.1160542, 36.1886267], [-115.1160776, 36.1892614], [-115.1160888, 36.1897937]]}, "properties": {"class": "primary"}}, {"type": "Feature", "geometry": {"type": "LineString", "coordinates": [[-115.1161499, 36.1899842], [-115.1160936, 36.1899836]]}, "properties": {"class": "residential"}}, {"type": "Feature", "geometry": {"type": "LineString", "coordinates": [[-115.1160888, 36.1897937], [-115.1160936, 36.1899836]]}, "properties": {"class": "primary"}}, {"type": "Feature", "geometry": {"type": "LineString", "coordinates": [[-115.1160936, 36.1899836], [-115.1161042, 36.1904988]]}, "properties": {"class": "primary"}}, {"type": "Feature", "geometry": {"type": "LineString", "coordinates": [[-115.1161666, 36.1907192], [-115.1161098, 36.1907185]]}, "properties": {"class": "residential"}}, {"type": "Feature", "geometry": {"type": "LineString", "coordinates": [[-115.1161042, 36.1904988], [-115.1161098, 36.1907185]]}, "properties": {"class": "primary"}}, {"type": "Feature", "geometry": {"type": "LineString", "coordinates": [[-115.1161098, 36.1907185], [-115.1161307, 36.1912599]]}, "properties": {"class": "primary"}}, {"type": "Feature", "geometry": {"type": "LineString", "coordinates": [[-115.1161307, 36.1912599], [-115.1161382, 36.1914413]]}, "properties": {"class": "primary"}}, {"type": "Feature", "geometry": {"type": "LineString", "coordinates": [[-115.1161442, 36.1919417], [-115.1161459, 36.1920779], [-115.1161462, 36.1921041], [-115.116147, 36.19217]]}, "properties": {"class": "primary"}}, {"type": "Feature", "geometry": {"type": "LineString", "coordinates": [[-115.1205938, 36.1701675], [-115.1205974, 36.1706131]]}, "properties": {"class": "residential"}}, {"type": "Feature", "geometry": {"type": "LineString", "coordinates": [[-115.1330518, 36.1714553], [-115.1314751, 36.1707185]]}, "properties": {"class": "motorway"}}, {"type": "Feature", "geometry": {"type": "LineString", "coordinates": [[-115.1304985, 36.1740796], [-115.1304983, 36.1741522], [-115.1304951, 36.1749597]]}, "properties": {"class": "secondary"}}, {"type": "Feature", "geometry": {"type": "LineString", "coordinates": [[-115.1304951, 36.1749597], [-115.130496, 36.175459]]}, "properties": {"class": "secondary"}}, {"type": "Feature", "geometry": {"type": "LineString", "coordinates": [[-115.130496, 36.175459], [-115.1304955, 36.1756586], [-115.1304955, 36.1757582]]}, "properties": {"class": "secondary"}}, {"type": "Feature", "geometry": {"type": "LineString", "coordinates": [[-115.1304955, 36.1757582], [-115.1304973, 36.175852], [-115.1304956, 36.1767046], [-115.1304881, 36.1769334], [-115.1304585, 36.177088], [-115.130378, 36.177306], [-115.1302535, 36.177514], [-115.1300963, 36.1776813], [-115.1298548, 36.1778615], [-115.1296126, 36.1779824], [-115.1293628, 36.178064], [-115.1291206, 36.1781063]]}, "properties": {"class": "secondary"}}, {"type": "Feature", "geometry": {"type": "LineString", "coordinates": [[-115.1291206, 36.1781063], [-115.1290157, 36.1781166], [-115.1289071, 36.1781201], [-115.128104, 36.1781194], [-115.1280289, 36.1781193], [-115.1278977, 36.1781192]]}, "properties": {"class": "secondary"}}, {"type": "Feature", "geometry": {"type": "LineString", "coordinates": [[-115.1204351, 36.1677972], [-115.1196009, 36.1678003], [-115.1185718, 36.167811]]}, "properties": {"class": "motorway"}}, {"type": "Feature", "geometry": {"type": "LineString", "coordinates": [[-115.11616, 36.1848634], [-115.1161598, 36.1847758], [-115.1161594, 36.1846389], [-115.1161579, 36.1843855], [-115.1161558, 36.1841238]]}, "properties": {"class": "primary"}}, {"type": "Feature", "geometry": {"type": "LineString", "coordinates": [[-115.1161558, 36.1841238], [-115.116154, 36.1837338]]}, "properties": {"class": "primary"}}, {"type": "Feature", "geometry": {"type": "LineString", "coordinates": [[-115.1161475, 36.1816842], [-115.1161476, 36.1816436], [-115.116149, 36.1814056], [-115.1161492, 36.181372], [-115.116149, 36.1812807]]}, "properties": {"class": "primary"}}, {"type": "Feature", "geometry": {"type": "LineString", "coordinates": [[-115.116154, 36.1837338], [-115.1161518, 36.1830495]]}, "properties": {"class": "primary"}}, {"type": "Feature", "geometry": {"type": "LineString", "coordinates": [[-115.1628438, 36.1643141], [-115.1627277, 36.1643032], [-115.1626031, 36.1643067], [-115.1625491, 36.1642994], [-115.1620128, 36.1642956]]}, "properties": {"class": "tertiary"}}, {"type": "Feature", "geometry": {"type": "LineString", "coordinates": [[-115.1457526, 36.1589043], [-115.1458007, 36.1589561], [-115.1458128, 36.158984], [-115.1458253, 36.1590131], [-115.1458411, 36.1591138]]}, "properties": {"class": "tertiary"}}, {"type": "Feature", "geometry": {"type": "LineString", "coordinates": [[-115.1458411, 36.1591138], [-115.145914, 36.1590728], [-115.1459766, 36.1589985], [-115.145983, 36.1589902], [-115.1459944, 36.1589755], [-115.1460111, 36.158954], [-115.1460747, 36.1589034]]}, "properties": {"class": "tertiary"}}, {"type": "Feature", "geometry": {"type": "LineString", "coordinates": [[-115.141037, 36.166415], [-115.1409273, 36.1663681], [-115.1404871, 36.1661797], [-115.1400118, 36.1659774]]}, "properties": {"class": "tertiary"}}, {"type": "Feature", "geometry": {"type": "LineString", "coordinates": [[-115.1412152, 36.1661405], [-115.1414338, 36.1658039], [-115.14154, 36.1656402], [-115.1415816, 36.1655761], [-115.1417434, 36.1653268], [-115.141792, 36.165252], [-115.1419682, 36.1649813], [-115.1422989, 36.1644733]]}, "properties": {"class": "tertiary"}}, {"type": "Feature", "geometry": {"type": "LineString", "coordinates": [[-115.1409133, 36.1666037], [-115.1409546, 36.1665407], [-115.141037, 36.166415]]}, "properties": {"class": "tertiary"}}, {"type": "Feature", "geometry": {"type": "LineString", "coordinates": [[-115.1104044, 36.1811854], [-115.1104846, 36.1811871], [-115.112077, 36.1812194], [-115.1148827, 36.1812608]]}, "properties": {"class": "secondary"}}, {"type": "Feature", "geometry": {"type": "LineString", "coordinates": [[-115.1653084, 36.1514671], [-115.1647654, 36.1515823], [-115.1644593, 36.1516714], [-115.1642123, 36.1517315], [-115.1635516, 36.1518923]]}, "properties": {"class": "secondary"}}, {"type": "Feature", "geometry": {"type": "LineString", "coordinates": [[-115.1161494, 36.1738685], [-115.1161547, 36.1740218]]}, "properties": {"class": "primary"}}, {"type": "Feature", "geometry": {"type": "LineString", "coordinates": [[-115.1162899, 36.1742067], [-115.1162873, 36.1741138], [-115.1162867, 36.1740905], [-115.1162849, 36.1740264]]}, "properties": {"class": "primary"}}, {"type": "Feature", "geometry": {"type": "LineString", "coordinates": [[-115.1172948, 36.1740373], [-115.1174911, 36.173972]]}, "properties": {"class": "secondary"}}, {"type": "Feature", "geometry": {"type": "LineString", "coordinates": [[-115.151004, 36.1602585], [-115.151027, 36.1602175], [-115.1510559, 36.1601675], [-115.1510592, 36.1601623], [-115.1511412, 36.1599869], [-115.1511678, 36.1598581], [-115.1511723, 36.1597931]]}, "properties": {"class": "secondary"}}, {"type": "Feature", "geometry": {"type": "LineString", "coordinates": [[-115.150864, 36.1602067], [-115.1508165, 36.1602812], [-115.1507548, 36.1603778], [-115.1504812, 36.1608044], [-115.1501567, 36.1612899], [-115.150108, 36.1613627]]}, "properties": {"class": "secondary"}}, {"type": "Feature", "geometry": {"type": "LineString", "coordinates": [[-115.1434026, 36.1627803], [-115.1439393, 36.1619648], [-115.1440362, 36.1618176], [-115.144078, 36.161754]]}, "properties": {"class": "tertiary"}}, {"type": "Feature", "geometry": {"type": "LineString", "coordinates": [[-115.1434987, 36.1630012], [-115.1434505, 36.1629807], [-115.14331, 36.162921]]}, "properties": {"class": "secondary"}}, {"type": "Feature", "geometry": {"type": "LineString", "coordinates": [[-115.1547849, 36.16858], [-115.154698, 36.1685425]]}, "properties": {"class": "tertiary"}}, {"type": "Feature", "geometry": {"type": "LineString", "coordinates": [[-115.161816, 36.1591451], [-115.1618308, 36.1591432], [-115.1618677, 36.1591386], [-115.1620581, 36.1591148], [-115.1622447, 36.1590916]]}, "properties": {"class": "primary"}}, {"type": "Feature", "geometry": {"type": "LineString", "coordinates": [[-115.1623854, 36.1590708], [-115.1629524, 36.1589946]]}, "properties": {"class": "primary"}}, {"type": "Feature", "geometry": {"type": "LineString", "coordinates": [[-115.1647473, 36.1589366], [-115.1648065, 36.1589369], [-115.164939, 36.1589377], [-115.1650878, 36.1589386]]}, "properties": {"class": "primary"}}, {"type": "Feature", "geometry": {"type": "LineString", "coordinates": [[-115.1536156, 36.1703804], [-115.1537256, 36.1704262]]}, "properties": {"class": "tertiary"}}, {"type": "Feature", "geometry": {"type": "LineString", "coordinates": [[-115.1183075, 36.1481559], [-115.1184255, 36.1481767], [-115.1185394, 36.148194]]}, "properties": {"class": "tertiary"}}, {"type": "Feature", "geometry": {"type": "LineString", "coordinates": [[-115.1629145, 36.1520666], [-115.1624383, 36.152197], [-115.1623846, 36.1522123], [-115.1621785, 36.1522692]]}, "properties": {"class": "secondary"}}, {"type": "Feature", "geometry": {"type": "LineString", "coordinates": [[-115.1634409, 36.1519226], [-115.1632839, 36.1519664], [-115.1629943, 36.152046]]}, "properties": {"class": "secondary"}}, {"type": "Feature", "geometry": {"type": "LineString", "coordinates": [[-115.1618114, 36.1588834], [-115.1617253, 36.1588893], [-115.1615399, 36.1588959], [-115.1614194, 36.1588982], [-115.1614011, 36.1588985]]}, "properties": {"class": "primary"}}, {"type": "Feature", "geometry": {"type": "LineString", "coordinates": [[-115.1624894, 36.15884], [-115.1621773, 36.1588603]]}, "properties": {"class": "primary"}}, {"type": "Feature", "geometry": {"type": "LineString", "coordinates": [[-115.163773, 36.1588133], [-115.1635776, 36.1588144], [-115.1633794, 36.1588138], [-115.1629783, 36.158815]]}, "properties": {"class": "primary"}}, {"type": "Feature", "geometry": {"type": "LineString", "coordinates": [[-115.163948, 36.158812], [-115.163773, 36.1588133]]}, "properties": {"class": "primary"}}, {"type": "Feature", "geometry": {"type": "LineString", "coordinates": [[-115.1348762, 36.1885007], [-115.1351874, 36.1884989], [-115.1352094, 36.1884988], [-115.135313, 36.1884982]]}, "properties": {"class": "secondary"}}, {"type": "Feature", "geometry": {"type": "LineString", "coordinates": [[-115.135389, 36.1883918], [-115.135313, 36.1884982]]}, "properties": {"class": "secondary"}}, {"type": "Feature", "geometry": {"type": "LineString", "coordinates": [[-115.135313, 36.1884982], [-115.135385, 36.1884977], [-115.135457, 36.1884973]]}, "properties": {"class": "secondary"}}, {"type": "Feature", "geometry": {"type": "LineString", "coordinates": [[-115.1527985, 36.1520881], [-115.1526722, 36.1520813], [-115.1522882, 36.1520603], [-115.1522185, 36.152077]]}, "properties": {"class": "secondary"}}, {"type": "Feature", "geometry": {"type": "LineString", "coordinates": [[-115.115972, 36.1811349], [-115.115969, 36.1812768]]}, "properties": {"class": "primary"}}, {"type": "Feature", "geometry": {"type": "LineString", "coordinates": [[-115.11605, 36.1884347], [-115.1159584, 36.1884331], [-115.1158167, 36.1884305], [-115.1154029, 36.1884231], [-115.115151, 36.1884165], [-115.1148952, 36.1884634]]}, "properties": {"class": "secondary"}}, {"type": "Feature", "geometry": {"type": "LineString", "coordinates": [[-115.1206468, 36.1885227], [-115.1215596, 36.1885152], [-115.1248821, 36.1885026], [-115.1249906, 36.1885022]]}, "properties": {"class": "secondary"}}, {"type": "Feature", "geometry": {"type": "LineString", "coordinates": [[-115.116195, 36.1884352], [-115.11605, 36.1884347]]}, "properties": {"class": "secondary"}}, {"type": "Feature", "geometry": {"type": "LineString", "coordinates": [[-115.116195, 36.1884352], [-115.1161944, 36.1883575], [-115.1161923, 36.1880701], [-115.1161903, 36.1877994], [-115.1161888, 36.1875938], [-115.1161855, 36.1871436], [-115.1161849, 36.187099], [-115.1161839, 36.1869336], [-115.1161834, 36.186862], [-115.1161822, 36.1866871], [-115.1161793, 36.1864378], [-115.1161777, 36.1863014], [-115.1161755, 36.1861194], [-115.1161734, 36.1859442], [-115.1161668, 36.1853792], [-115.1161637, 36.1851812], [-115.1161614, 36.184982], [-115.1161611, 36.1849596], [-115.11616, 36.1848634]]}, "properties": {"class": "primary"}}, {"type": "Feature", "geometry": {"type": "LineString", "coordinates": [[-115.1314751, 36.1707185], [-115.1305019, 36.1702631]]}, "properties": {"class": "motorway"}}, {"type": "Feature", "geometry": {"type": "LineString", "coordinates": [[-115.1618445, 36.1643344], [-115.1619725, 36.1643488], [-115.1620627, 36.1643508], [-115.1621578, 36.1643493], [-115.1627232, 36.1643402], [-115.1628438, 36.1643141]]}, "properties": {"class": "tertiary"}}, {"type": "Feature", "geometry": {"type": "LineString", "coordinates": [[-115.1495573, 36.189385], [-115.1495384, 36.1889836], [-115.1495354, 36.1888977], [-115.1495196, 36.188569], [-115.14952, 36.1885489], [-115.1495221, 36.1884666]]}, "properties": {"class": "residential"}}, {"type": "Feature", "geometry": {"type": "LineString", "coordinates": [[-115.1563113, 36.1790752], [-115.1563091, 36.1791677], [-115.156284, 36.18025], [-115.1562756, 36.1807071], [-115.1562751, 36.180735], [-115.156273, 36.1808487]]}, "properties": {"class": "residential"}}, {"type": "Feature", "geometry": {"type": "LineString", "coordinates": [[-115.156249, 36.184904], [-115.1598458, 36.1849238]]}, "properties": {"class": "residential"}}, {"type": "Feature", "geometry": {"type": "LineString", "coordinates": [[-115.144574, 36.185018], [-115.145827, 36.184988], [-115.147078, 36.184959]]}, "properties": {"class": "residential"}}, {"type": "Feature", "geometry": {"type": "LineString", "coordinates": [[-115.1563263, 36.1920699], [-115.1564818, 36.1920688], [-115.1570811, 36.1920648], [-115.157504, 36.192062], [-115.1585424, 36.1920854]]}, "properties": {"class": "residential"}}, {"type": "Feature", "geometry": {"type": "LineString", "coordinates": [[-115.1633915, 36.1541658], [-115.1634919, 36.1539853]]}, "properties": {"class": "tertiary"}}, {"type": "Feature", "geometry": {"type": "LineString", "coordinates": [[-115.1634919, 36.1539853], [-115.16375, 36.1535966], [-115.1638314, 36.1534841], [-115.1640494, 36.1531844], [-115.1642936, 36.152916], [-115.1646236, 36.1526162], [-115.1648229, 36.1524337]]}, "properties": {"class": "tertiary"}}, {"type": "Feature", "geometry": {"type": "LineString", "coordinates": [[-115.1632356, 36.1544412], [-115.1632608, 36.154397], [-115.1633915, 36.1541658]]}, "properties": {"class": "tertiary"}}, {"type": "Feature", "geometry": {"type": "LineString", "coordinates": [[-115.1517985, 36.1771726], [-115.1518029, 36.1772939], [-115.151804, 36.1773226], [-115.1518085, 36.1774461], [-115.1518734, 36.17819]]}, "properties": {"class": "tertiary"}}, {"type": "Feature", "geometry": {"type": "LineString", "coordinates": [[-115.1249297, 36.162574], [-115.1248584, 36.1625682], [-115.1248208, 36.1625682], [-115.1246847, 36.1625682], [-115.1246186, 36.1625961]]}, "properties": {"class": "residential"}}, {"type": "Feature", "geometry": {"type": "LineString", "coordinates": [[-115.1246186, 36.1625961], [-115.1246843, 36.1626215], [-115.1248083, 36.1626204], [-115.1248822, 36.1626197], [-115.1249297, 36.162574]]}, "properties": {"class": "residential"}}, {"type": "Feature", "geometry": {"type": "LineString", "coordinates": [[-115.1250237, 36.1625155], [-115.1249297, 36.162574]]}, "properties": {"class": "residential"}}, {"type": "Feature", "geometry": {"type": "LineString", "coordinates": [[-115.133065, 36.1629865], [-115.1329717, 36.1629466], [-115.1325059, 36.1627474], [-115.1320205, 36.1625397], [-115.1319601, 36.1625139], [-115.131916, 36.162495]]}, "properties": {"class": "residential"}}, {"type": "Feature", "geometry": {"type": "LineString", "coordinates": [[-115.1305785, 36.1884207], [-115.1302054, 36.1884208], [-115.1298388, 36.1884229], [-115.1296296, 36.1884077], [-115.1293855, 36.1883926], [-115.1291468, 36.1883818], [-115.127518, 36.1883839], [-115.1252503, 36.1883958], [-115.1251173, 36.1883971]]}, "properties": {"class": "secondary"}}, {"type": "Feature", "geometry": {"type": "LineString", "coordinates": [[-115.1305777, 36.1885107], [-115.1305754, 36.1891916], [-115.1305808, 36.1899136], [-115.1305863, 36.1906529], [-115.1305918, 36.1913829], [-115.1305972, 36.1921049]]}, "properties": {"class": "residential"}}, {"type": "Feature", "geometry": {"type": "LineString", "coordinates": [[-115.1305777, 36.1885107], [-115.1310473, 36.1885109]]}, "properties": {"class": "secondary"}}, {"type": "Feature", "geometry": {"type": "LineString", "coordinates": [[-115.1310473, 36.1885109], [-115.13348, 36.188509]]}, "properties": {"class": "secondary"}}, {"type": "Feature", "geometry": {"type": "LineString", "coordinates": [[-115.1534544, 36.1681232], [-115.1535622, 36.1681595], [-115.1540472, 36.168323], [-115.154585, 36.1685023], [-115.154698, 36.1685425]]}, "properties": {"class": "tertiary"}}, {"type": "Feature", "geometry": {"type": "LineString", "coordinates": [[-115.1250103, 36.1620105], [-115.1250195, 36.1623532]]}, "properties": {"class": "tertiary"}}, {"type": "Feature", "geometry": {"type": "LineString", "coordinates": [[-115.1251197, 36.1625568], [-115.125117, 36.1624218], [-115.1251151, 36.1623266]]}, "properties": {"class": "tertiary"}}, {"type": "Feature", "geometry": {"type": "LineString", "coordinates": [[-115.121529, 36.1610116], [-115.1214402, 36.1609761], [-115.1211706, 36.1608603], [-115.1211204, 36.1608387], [-115.1210043, 36.1607888], [-115.1208835, 36.1607369], [-115.1206, 36.1606151], [-115.1205749, 36.1606044], [-115.120435, 36.1605443]]}, "properties": {"class": "primary"}}, {"type": "Feature", "geometry": {"type": "LineString", "coordinates": [[-115.1251151, 36.1623266], [-115.1251063, 36.1621057], [-115.1251023, 36.1620021]]}, "properties": {"class": "tertiary"}}, {"type": "Feature", "geometry": {"type": "LineString", "coordinates": [[-115.1253119, 36.1626392], [-115.1252457, 36.1626108], [-115.1252185, 36.1625991], [-115.1251197, 36.1625568]]}, "properties": {"class": "primary"}}, {"type": "Feature", "geometry": {"type": "LineString", "coordinates": [[-115.1336866, 36.1914458], [-115.1339239, 36.1911802], [-115.1339755, 36.1910904], [-115.1340111, 36.1909464]]}, "properties": {"class": "primary"}}, {"type": "Feature", "geometry": {"type": "LineString", "coordinates": [[-115.1402103, 36.147926], [-115.1415862, 36.1478874], [-115.1428234, 36.1478536], [-115.1446042, 36.147805], [-115.1464778, 36.1477497]]}, "properties": {"class": "tertiary"}}, {"type": "Feature", "geometry": {"type": "LineString", "coordinates": [[-115.1402179, 36.147817], [-115.1400678, 36.1478213], [-115.1388518, 36.1478551]]}, "properties": {"class": "tertiary"}}, {"type": "Feature", "geometry": {"type": "LineString", "coordinates": [[-115.1404334, 36.1478108], [-115.1402179, 36.147817]]}, "properties": {"class": "tertiary"}}, {"type": "Feature", "geometry": {"type": "LineString", "coordinates": [[-115.1379572, 36.1478814], [-115.1372358, 36.1478998], [-115.1372113, 36.1479004], [-115.1371231, 36.1479588]]}, "properties": {"class": "tertiary"}}, {"type": "Feature", "geometry": {"type": "LineString", "coordinates": [[-115.1380147, 36.1478798], [-115.1379572, 36.1478814]]}, "properties": {"class": "tertiary"}}, {"type": "Feature", "geometry": {"type": "LineString", "coordinates": [[-115.1379608, 36.1479892], [-115.1379572, 36.1478814]]}, "properties": {"class": "residential"}}, {"type": "Feature", "geometry": {"type": "LineString", "coordinates": [[-115.138906, 36.1479627], [-115.1402103, 36.147926]]}, "properties": {"class": "tertiary"}}, {"type": "Feature", "geometry": {"type": "LineString", "coordinates": [[-115.15914, 36.1569627], [-115.1592455, 36.1569378], [-115.159354, 36.1569124], [-115.1594923, 36.1568147]]}, "properties": {"class": "tertiary"}}, {"type": "Feature", "geometry": {"type": "LineString", "coordinates": [[-115.15914, 36.1569627], [-115.159108, 36.1568384]]}, "properties": {"class": "secondary"}}, {"type": "Feature", "geometry": {"type": "LineString", "coordinates": [[-115.1115437, 36.1588906], [-115.1121873, 36.1588919], [-115.1124408, 36.158892], [-115.1127254, 36.1588922], [-115.1139107, 36.1588965], [-115.114445, 36.1588933], [-115.115501, 36.1588934], [-115.1161404, 36.1588988]]}, "properties": {"class": "primary"}}, {"type": "Feature", "geometry": {"type": "LineString", "coordinates": [[-115.1467342, 36.1710259], [-115.1465337, 36.1713277]]}, "properties": {"class": "primary"}}, {"type": "Feature", "geometry": {"type": "LineString", "coordinates": [[-115.1444486, 36.1723614], [-115.1443604, 36.1723238], [-115.1443357, 36.1723133], [-115.1441363, 36.1722282]]}, "properties": {"class": "tertiary"}}, {"type": "Feature", "geometry": {"type": "LineString", "coordinates": [[-115.1365817, 36.1921157], [-115.1358101, 36.1921193], [-115.1349181, 36.1921235], [-115.1345156, 36.1921254]]}, "properties": {"class": "residential"}}, {"type": "Feature", "geometry": {"type": "LineString", "coordinates": [[-115.136704, 36.192105], [-115.1365817, 36.1921157]]}, "properties": {"class": "residential"}}, {"type": "Feature", "geometry": {"type": "LineString", "coordinates": [[-115.1368049, 36.1921047], [-115.136704, 36.192105]]}, "properties": {"class": "residential"}}, {"type": "Feature", "geometry": {"type": "LineString", "coordinates": [[-115.1161404, 36.1588988], [-115.116293, 36.1589008], [-115.1163236, 36.1589012], [-115.116551, 36.1589042]]}, "properties": {"class": "primary"}}, {"type": "Feature", "geometry": {"type": "LineString", "coordinates": [[-115.116657, 36.1587888], [-115.116354, 36.1587905]]}, "properties": {"class": "primary"}}, {"type": "Feature", "geometry": {"type": "LineString", "coordinates": [[-115.1206579, 36.1905016], [-115.1206634, 36.1914864]]}, "properties": {"class": "tertiary"}}, {"type": "Feature", "geometry": {"type": "LineString", "coordinates": [[-115.1249906, 36.1883984], [-115.1228496, 36.1884034], [-115.1216855, 36.1884059], [-115.1206462, 36.1884153]]}, "properties": {"class": "secondary"}}, {"type": "Feature", "geometry": {"type": "LineString", "coordinates": [[-115.116197, 36.1885385], [-115.1162851, 36.1885384], [-115.1183843, 36.1885362], [-115.119536, 36.1885279], [-115.1206468, 36.1885227]]}, "properties": {"class": "secondary"}}, {"type": "Feature", "geometry": {"type": "LineString", "coordinates": [[-115.1250925, 36.162795], [-115.1250952, 36.1629362], [-115.125104, 36.1635107], [-115.1251061, 36.1644771], [-115.125109, 36.1645441]]}, "properties": {"class": "tertiary"}}, {"type": "Feature", "geometry": {"type": "LineString", "coordinates": [[-115.1250923, 36.1655392], [-115.1250995, 36.1663478], [-115.1250998, 36.1663811], [-115.1251006, 36.1664708]]}, "properties": {"class": "tertiary"}}, {"type": "Feature", "geometry": {"type": "LineString", "coordinates": [[-115.1308642, 36.1650242], [-115.1307806, 36.1649883], [-115.1305326, 36.1648818], [-115.1303895, 36.1648203]]}, "properties": {"class": "primary"}}, {"type": "Feature", "geometry": {"type": "LineString", "coordinates": [[-115.139139, 36.167092], [-115.1392551, 36.1671418], [-115.1397227, 36.1673424], [-115.1402081, 36.1675555], [-115.1402188, 36.1675602], [-115.1402788, 36.1675865]]}, "properties": {"class": "tertiary"}}, {"type": "Feature", "geometry": {"type": "LineString", "coordinates": [[-115.146676, 36.1713131], [-115.1467472, 36.1712069]]}, "properties": {"class": "primary"}}, {"type": "Feature", "geometry": {"type": "LineString", "coordinates": [[-115.1405677, 36.169509], [-115.1406749, 36.169356], [-115.1406951, 36.1693258], [-115.1407125, 36.1693007], [-115.1407357, 36.1692667]]}, "properties": {"class": "primary"}}, {"type": "Feature", "geometry": {"type": "LineString", "coordinates": [[-115.1397627, 36.1707346], [-115.1397788, 36.1707095], [-115.1398526, 36.1705922]]}, "properties": {"class": "primary"}}, {"type": "Feature", "geometry": {"type": "LineString", "coordinates": [[-115.1497423, 36.1552726], [-115.1495896, 36.1555087], [-115.1494962, 36.1556448], [-115.1491873, 36.1561279], [-115.1490069, 36.1564033], [-115.1489553, 36.1564781], [-115.148821, 36.1566888]]}, "properties": {"class": "primary"}}, {"type": "Feature", "geometry": {"type": "LineString", "coordinates": [[-115.148821, 36.1566888], [-115.148732, 36.1568229], [-115.1486722, 36.156913], [-115.148628, 36.1569794]]}, "properties": {"class": "primary"}}, {"type": "Feature", "geometry": {"type": "LineString", "coordinates": [[-115.1443122, 36.1637961], [-115.1444689, 36.1635523], [-115.1444902, 36.1635191], [-115.1445334, 36.1634517]]}, "properties": {"class": "primary"}}, {"type": "Feature", "geometry": {"type": "LineString", "coordinates": [[-115.1560525, 36.145582], [-115.155862, 36.1458709]]}, "properties": {"class": "primary"}}, {"type": "Feature", "geometry": {"type": "LineString", "coordinates": [[-115.1509534, 36.1539169], [-115.1511328, 36.1536801], [-115.151179, 36.153597], [-115.1512717, 36.1534276]]}, "properties": {"class": "primary"}}, {"type": "Feature", "geometry": {"type": "LineString", "coordinates": [[-115.1303895, 36.1648203], [-115.1301187, 36.164704], [-115.1298046, 36.1645691], [-115.1295558, 36.1644622]]}, "properties": {"class": "primary"}}, {"type": "Feature", "geometry": {"type": "LineString", "coordinates": [[-115.1295558, 36.1644622], [-115.1293575, 36.164377], [-115.1293357, 36.1643676], [-115.1292495, 36.1643306]]}, "properties": {"class": "primary"}}, {"type": "Feature", "geometry": {"type": "LineString", "coordinates": [[-115.1495826, 36.1748628], [-115.1502722, 36.1746736]]}, "properties": {"class": "motorway"}}, {"type": "Feature", "geometry": {"type": "LineString", "coordinates": [[-115.1468226, 36.1754117], [-115.1465552, 36.1754537]]}, "properties": {"class": "motorway"}}, {"type": "Feature", "geometry": {"type": "LineString", "coordinates": [[-115.1412517, 36.1912912], [-115.1403551, 36.1924116]]}, "properties": {"class": "motorway"}}, {"type": "Feature", "geometry": {"type": "LineString", "coordinates": [[-115.1592704, 36.167533], [-115.1591925, 36.1677181]]}, "properties": {"class": "motorway"}}, {"type": "Feature", "geometry": {"type": "LineString", "coordinates": [[-115.1589376, 36.1683325], [-115.1588122, 36.1685827]]}, "properties": {"class": "motorway"}}, {"type": "Feature", "geometry": {"type": "LineString", "coordinates": [[-115.1206634, 36.1914864], [-115.1206643, 36.1916588]]}, "properties": {"class": "tertiary"}}, {"type": "Feature", "geometry": {"type": "LineString", "coordinates": [[-115.1206643, 36.1916588], [-115.1206665, 36.1920568], [-115.1206669, 36.1921209]]}, "properties": {"class": "tertiary"}}, {"type": "Feature", "geometry": {"type": "LineString", "coordinates": [[-115.1180883, 36.1600567], [-115.11801, 36.1601557], [-115.1179302, 36.1602511], [-115.1178568, 36.1603235], [-115.1177821, 36.1603865], [-115.1176934, 36.1604503]]}, "properties": {"class": "primary"}}, {"type": "Feature", "geometry": {"type": "LineString", "coordinates": [[-115.1567635, 36.158815], [-115.1556704, 36.1588154], [-115.155532, 36.1588081], [-115.1550182, 36.1587791], [-115.154969, 36.1587766], [-115.154862, 36.158771]]}, "properties": {"class": "primary"}}, {"type": "Feature", "geometry": {"type": "LineString", "coordinates": [[-115.1564973, 36.1589139], [-115.1574557, 36.1589545]]}, "properties": {"class": "primary"}}, {"type": "Feature", "geometry": {"type": "LineString", "coordinates": [[-115.1600245, 36.1512728], [-115.1601786, 36.1510313]]}, "properties": {"class": "secondary"}}, {"type": "Feature", "geometry": {"type": "LineString", "coordinates": [[-115.1404681, 36.1737919], [-115.1405033, 36.1739347], [-115.1405319, 36.174037], [-115.1405766, 36.1741732], [-115.1406175, 36.1742791]]}, "properties": {"class": "secondary"}}, {"type": "Feature", "geometry": {"type": "LineString", "coordinates": [[-115.1386972, 36.1713812], [-115.1386377, 36.1713557], [-115.1385695, 36.1713263], [-115.1381847, 36.1711609], [-115.1381617, 36.171151], [-115.138049, 36.1711026]]}, "properties": {"class": "secondary"}}, {"type": "Feature", "geometry": {"type": "LineString", "coordinates": [[-115.130015, 36.1676526], [-115.1299003, 36.1676029], [-115.1298719, 36.1675906], [-115.1296043, 36.167475], [-115.1294491, 36.1674081], [-115.1289733, 36.1672056], [-115.128858, 36.167153]]}, "properties": {"class": "secondary"}}, {"type": "Feature", "geometry": {"type": "LineString", "coordinates": [[-115.1401481, 36.1812457], [-115.1400896, 36.1813371], [-115.1400719, 36.1813639], [-115.1399351, 36.1815714], [-115.1397495, 36.1818536]]}, "properties": {"class": "secondary"}}, {"type": "Feature", "geometry": {"type": "LineString", "coordinates": [[-115.147215, 36.1880205], [-115.147229, 36.1884778]]}, "properties": {"class": "tertiary"}}, {"type": "Feature", "geometry": {"type": "LineString", "coordinates": [[-115.125052, 36.1892085], [-115.1250633, 36.1899405], [-115.1250732, 36.190581], [-115.1250739, 36.1906291], [-115.1250789, 36.1909489], [-115.125085, 36.1913447], [-115.1250962, 36.1920729], [-115.1251025, 36.1924792], [-115.1251082, 36.1928484], [-115.1251124, 36.1931222], [-115.1251156, 36.19333], [-115.1251202, 36.1936252], [-115.1251261, 36.1940107], [-115.1251313, 36.1943471], [-115.1251348, 36.1945724], [-115.1251383, 36.1948019], [-115.1251446, 36.1952121], [-115.1251508, 36.1956089], [-115.1251512, 36.1956358], [-115.1251525, 36.1957215]]}, "properties": {"class": "tertiary"}}, {"type": "Feature", "geometry": {"type": "LineString", "coordinates": [[-115.1467916, 36.1597526], [-115.1467714, 36.1597831], [-115.1467524, 36.1598118], [-115.146699, 36.1598929]]}, "properties": {"class": "primary"}}, {"type": "Feature", "geometry": {"type": "LineString", "coordinates": [[-115.1349222, 36.1770987], [-115.134798, 36.1770456], [-115.134642, 36.176979]]}, "properties": {"class": "residential"}}, {"type": "Feature", "geometry": {"type": "LineString", "coordinates": [[-115.135389, 36.1883918], [-115.1352926, 36.1883924], [-115.1344909, 36.1883967]]}, "properties": {"class": "secondary"}}, {"type": "Feature", "geometry": {"type": "LineString", "coordinates": [[-115.1468853, 36.1596089], [-115.1467916, 36.1597526]]}, "properties": {"class": "primary"}}, {"type": "Feature", "geometry": {"type": "LineString", "coordinates": [[-115.1454708, 36.1623539], [-115.1453951, 36.1623232], [-115.1453807, 36.1623174], [-115.145297, 36.1622835]]}, "properties": {"class": "tertiary"}}, {"type": "Feature", "geometry": {"type": "LineString", "coordinates": [[-115.1456048, 36.1728519], [-115.145669, 36.1728807]]}, "properties": {"class": "secondary"}}, {"type": "Feature", "geometry": {"type": "LineString", "coordinates": [[-115.138733, 36.1883694], [-115.137931, 36.1883653]]}, "properties": {"class": "secondary"}}, {"type": "Feature", "geometry": {"type": "LineString", "coordinates": [[-115.1380896, 36.1696216], [-115.137772, 36.1694895], [-115.137646, 36.169437]]}, "properties": {"class": "tertiary"}}, {"type": "Feature", "geometry": {"type": "LineString", "coordinates": [[-115.1381149, 36.1696697], [-115.1381675, 36.1696945], [-115.1382116, 36.169715], [-115.1382427, 36.1697282]]}, "properties": {"class": "tertiary"}}, {"type": "Feature", "geometry": {"type": "LineString", "coordinates": [[-115.1382839, 36.1696708], [-115.1382354, 36.1696494], [-115.1381535, 36.1696134]]}, "properties": {"class": "tertiary"}}, {"type": "Feature", "geometry": {"type": "LineString", "coordinates": [[-115.135776, 36.170126], [-115.1357018, 36.1700931], [-115.135233, 36.1698853], [-115.1349003, 36.1697453], [-115.1346678, 36.1696427], [-115.1340903, 36.1693975], [-115.1340135, 36.1693643], [-115.1334338, 36.1691117], [-115.1333362, 36.1690656], [-115.1328719, 36.16887], [-115.1324026, 36.1686674], [-115.132272, 36.16861], [-115.1322015, 36.1685801], [-115.1317317, 36.1683805], [-115.1312907, 36.1681932], [-115.1312564, 36.1681796], [-115.13115, 36.1681336]]}, "properties": {"class": "secondary"}}, {"type": "Feature", "geometry": {"type": "LineString", "coordinates": [[-115.137646, 36.169437], [-115.1375736, 36.1694047], [-115.1375564, 36.169397], [-115.1374202, 36.1693398]]}, "properties": {"class": "tertiary"}}, {"type": "Feature", "geometry": {"type": "LineString", "coordinates": [[-115.1374202, 36.1693398], [-115.1371043, 36.1692039], [-115.1369624, 36.1691431], [-115.136628, 36.1689998], [-115.136507, 36.168948]]}, "properties": {"class": "tertiary"}}, {"type": "Feature", "geometry": {"type": "LineString", "coordinates": [[-115.137745, 36.1692783], [-115.1377041, 36.1693439], [-115.137646, 36.169437]]}, "properties": {"class": "tertiary"}}, {"type": "Feature", "geometry": {"type": "LineString", "coordinates": [[-115.1609107, 36.1721401], [-115.1609119, 36.1718488], [-115.1609124, 36.1717218]]}, "properties": {"class": "secondary"}}, {"type": "Feature", "geometry": {"type": "LineString", "coordinates": [[-115.1164305, 36.1884359], [-115.1163295, 36.1884356], [-115.1162851, 36.1884355], [-115.116195, 36.1884352]]}, "properties": {"class": "secondary"}}, {"type": "Feature", "geometry": {"type": "LineString", "coordinates": [[-115.132305, 36.1641525], [-115.1324018, 36.1641943], [-115.1324271, 36.1642052], [-115.1328873, 36.1644041], [-115.133325, 36.1645938], [-115.1333531, 36.164606], [-115.1334471, 36.1646475]]}, "properties": {"class": "tertiary"}}, {"type": "Feature", "geometry": {"type": "LineString", "coordinates": [[-115.1326845, 36.1657998], [-115.1327165, 36.1657514], [-115.1327485, 36.1657031], [-115.1329926, 36.1653341], [-115.1330942, 36.1651806], [-115.1333769, 36.1647536], [-115.1333882, 36.1647364], [-115.1334471, 36.1646475]]}, "properties": {"class": "secondary"}}, {"type": "Feature", "geometry": {"type": "LineString", "coordinates": [[-115.1514211, 36.153509], [-115.1514368, 36.1534451], [-115.1514616, 36.1534104], [-115.1514871, 36.1533845]]}, "properties": {"class": "tertiary"}}, {"type": "Feature", "geometry": {"type": "LineString", "coordinates": [[-115.1379608, 36.1479892], [-115.1380524, 36.1479866], [-115.1387799, 36.1479662]]}, "properties": {"class": "tertiary"}}, {"type": "Feature", "geometry": {"type": "LineString", "coordinates": [[-115.1385963, 36.1478622], [-115.138065, 36.1478783], [-115.1380147, 36.1478798]]}, "properties": {"class": "tertiary"}}, {"type": "Feature", "geometry": {"type": "LineString", "coordinates": [[-115.1388518, 36.1478551], [-115.1385963, 36.1478622]]}, "properties": {"class": "tertiary"}}, {"type": "Feature", "geometry": {"type": "LineString", "coordinates": [[-115.1387799, 36.1479662], [-115.138906, 36.1479627]]}, "properties": {"class": "tertiary"}}, {"type": "Feature", "geometry": {"type": "LineString", "coordinates": [[-115.1554214, 36.1513197], [-115.1553789, 36.1512897], [-115.1553284, 36.1512641], [-115.155261, 36.1512392], [-115.1551935, 36.1512229], [-115.1548962, 36.1512132], [-115.154842, 36.1512162]]}, "properties": {"class": "secondary"}}, {"type": "Feature", "geometry": {"type": "LineString", "coordinates": [[-115.1373684, 36.1746625], [-115.1374182, 36.1745798]]}, "properties": {"class": "primary"}}, {"type": "Feature", "geometry": {"type": "LineString", "coordinates": [[-115.1426705, 36.181351], [-115.1427687, 36.1813295]]}, "properties": {"class": "primary"}}, {"type": "Feature", "geometry": {"type": "LineString", "coordinates": [[-115.1440384, 36.1809284], [-115.1438717, 36.1809573], [-115.1436834, 36.1809987]]}, "properties": {"class": "primary"}}, {"type": "Feature", "geometry": {"type": "LineString", "coordinates": [[-115.125155, 36.1812713], [-115.125244, 36.1812714], [-115.125807, 36.1812721]]}, "properties": {"class": "secondary"}}, {"type": "Feature", "geometry": {"type": "LineString", "coordinates": [[-115.1633335, 36.1884126], [-115.1618187, 36.1884068]]}, "properties": {"class": "secondary"}}, {"type": "Feature", "geometry": {"type": "LineString", "coordinates": [[-115.160769, 36.1884028], [-115.1606567, 36.1884019], [-115.1605192, 36.1884008]]}, "properties": {"class": "secondary"}}, {"type": "Feature", "geometry": {"type": "LineString", "coordinates": [[-115.14405, 36.188417], [-115.1444307, 36.1884454], [-115.144748, 36.188469]]}, "properties": {"class": "secondary"}}, {"type": "Feature", "geometry": {"type": "LineString", "coordinates": [[-115.144703, 36.1881812], [-115.1444583, 36.1882628]]}, "properties": {"class": "secondary"}}, {"type": "Feature", "geometry": {"type": "LineString", "coordinates": [[-115.1185498, 36.1597242], [-115.118583, 36.1596824]]}, "properties": {"class": "primary"}}, {"type": "Feature", "geometry": {"type": "LineString", "coordinates": [[-115.118442, 36.1596161], [-115.1184065, 36.1596603]]}, "properties": {"class": "primary"}}, {"type": "Feature", "geometry": {"type": "LineString", "coordinates": [[-115.1440745, 36.1736905], [-115.1438263, 36.1735825], [-115.1437891, 36.1735663], [-115.143706, 36.1735301]]}, "properties": {"class": "primary"}}, {"type": "Feature", "geometry": {"type": "LineString", "coordinates": [[-115.1443065, 36.1737915], [-115.1440745, 36.1736905]]}, "properties": {"class": "primary"}}, {"type": "Feature", "geometry": {"type": "LineString", "coordinates": [[-115.1575493, 36.152327], [-115.1580828, 36.1523516]]}, "properties": {"class": "secondary"}}, {"type": "Feature", "geometry": {"type": "LineString", "coordinates": [[-115.1571111, 36.1523113], [-115.1571375, 36.1523124], [-115.1575493, 36.152327]]}, "properties": {"class": "secondary"}}, {"type": "Feature", "geometry": {"type": "LineString", "coordinates": [[-115.1415268, 36.1746267], [-115.1414109, 36.1748285], [-115.1413895, 36.1748657]]}, "properties": {"class": "secondary"}}, {"type": "Feature", "geometry": {"type": "LineString", "coordinates": [[-115.1534458, 36.1479522], [-115.15326, 36.1478682]]}, "properties": {"class": "secondary"}}, {"type": "Feature", "geometry": {"type": "LineString", "coordinates": [[-115.1428725, 36.1771478], [-115.1428139, 36.1771309]]}, "properties": {"class": "secondary"}}, {"type": "Feature", "geometry": {"type": "LineString", "coordinates": [[-115.1426988, 36.1771966], [-115.1427568, 36.1772201]]}, "properties": {"class": "secondary"}}, {"type": "Feature", "geometry": {"type": "LineString", "coordinates": [[-115.139994, 36.1764203], [-115.1399381, 36.1764808], [-115.1398959, 36.1765324], [-115.1398462, 36.1766038]]}, "properties": {"class": "tertiary"}}, {"type": "Feature", "geometry": {"type": "LineString", "coordinates": [[-115.1148827, 36.1812608], [-115.1158274, 36.1812741], [-115.115859, 36.1812745], [-115.115969, 36.1812768]]}, "properties": {"class": "secondary"}}, {"type": "Feature", "geometry": {"type": "LineString", "coordinates": [[-115.1608874, 36.1661696], [-115.1608626, 36.1663038]]}, "properties": {"class": "secondary"}}, {"type": "Feature", "geometry": {"type": "LineString", "coordinates": [[-115.1594509, 36.166175], [-115.1592655, 36.1661751], [-115.1589003, 36.1661763]]}, "properties": {"class": "secondary"}}, {"type": "Feature", "geometry": {"type": "LineString", "coordinates": [[-115.1607769, 36.1661699], [-115.1604509, 36.166171], [-115.1601378, 36.1661721], [-115.1601202, 36.1661722]]}, "properties": {"class": "secondary"}}, {"type": "Feature", "geometry": {"type": "LineString", "coordinates": [[-115.1600068, 36.1661726], [-115.1598565, 36.1661731], [-115.1595973, 36.1661739]]}, "properties": {"class": "secondary"}}, {"type": "Feature", "geometry": {"type": "LineString", "coordinates": [[-115.1577605, 36.1605467], [-115.1580217, 36.1605401], [-115.1581695, 36.1605406], [-115.1582273, 36.1605404], [-115.158318, 36.160541]]}, "properties": {"class": "tertiary"}}, {"type": "Feature", "geometry": {"type": "LineString", "coordinates": [[-115.1615066, 36.1661735], [-115.1612539, 36.1661709]]}, "properties": {"class": "secondary"}}, {"type": "Feature", "geometry": {"type": "LineString", "coordinates": [[-115.1610348, 36.1663043], [-115.161216, 36.1663024], [-115.1617278, 36.1663046], [-115.1618233, 36.1663069]]}, "properties": {"class": "secondary"}}, {"type": "Feature", "geometry": {"type": "LineString", "coordinates": [[-115.1618233, 36.1663069], [-115.1619082, 36.1663059], [-115.1619591, 36.1663053], [-115.162194, 36.1663]]}, "properties": {"class": "secondary"}}, {"type": "Feature", "geometry": {"type": "LineString", "coordinates": [[-115.1624918, 36.1662938], [-115.162627, 36.1662457]]}, "properties": {"class": "secondary"}}, {"type": "Feature", "geometry": {"type": "LineString", "coordinates": [[-115.162627, 36.1662457], [-115.1624992, 36.1661834]]}, "properties": {"class": "secondary"}}, {"type": "Feature", "geometry": {"type": "LineString", "coordinates": [[-115.1466154, 36.1658304], [-115.1467129, 36.1658723], [-115.1469948, 36.1659936], [-115.1470281, 36.1660089], [-115.1470703, 36.1660261]]}, "properties": {"class": "secondary"}}, {"type": "Feature", "geometry": {"type": "LineString", "coordinates": [[-115.1645506, 36.1486253], [-115.1646957, 36.1484018], [-115.1647863, 36.1482646], [-115.165021, 36.1479055], [-115.1650988, 36.1477864], [-115.1651416, 36.147721]]}, "properties": {"class": "tertiary"}}, {"type": "Feature", "geometry": {"type": "LineString", "coordinates": [[-115.1653177, 36.1518001], [-115.1651985, 36.1519289], [-115.1650744, 36.1520651], [-115.1649504, 36.1521955], [-115.1648211, 36.1523175], [-115.1646818, 36.1524437], [-115.164452, 36.1526551], [-115.1641506, 36.1529359], [-115.164009, 36.1530651], [-115.1638939, 36.1532009], [-115.1636821, 36.1534903], [-115.1635853, 36.1536224], [-115.1635195, 36.1537124]]}, "properties": {"class": "tertiary"}}, {"type": "Feature", "geometry": {"type": "LineString", "coordinates": [[-115.1469872, 36.1784135], [-115.146944, 36.1784525], [-115.1468908, 36.1785013], [-115.146846, 36.1785761]]}, "properties": {"class": "secondary"}}, {"type": "Feature", "geometry": {"type": "LineString", "coordinates": [[-115.1157099, 36.1668194], [-115.1157067, 36.1672773], [-115.115706, 36.1673835]]}, "properties": {"class": "primary"}}, {"type": "Feature", "geometry": {"type": "LineString", "coordinates": [[-115.115965, 36.1673738], [-115.1159316, 36.1670647], [-115.1159045, 36.166746], [-115.1159002, 36.1666924], [-115.11589, 36.1665651]]}, "properties": {"class": "primary"}}, {"type": "Feature", "geometry": {"type": "LineString", "coordinates": [[-115.1157246, 36.1660161], [-115.1157228, 36.166063], [-115.1157104, 36.1663778], [-115.1157095, 36.1664012], [-115.1157104, 36.1665672]]}, "properties": {"class": "primary"}}, {"type": "Feature", "geometry": {"type": "LineString", "coordinates": [[-115.1157104, 36.1665672], [-115.1157097, 36.1667092], [-115.1157099, 36.1668194]]}, "properties": {"class": "primary"}}, {"type": "Feature", "geometry": {"type": "LineString", "coordinates": [[-115.1157308, 36.1658681], [-115.1157246, 36.1660161]]}, "properties": {"class": "primary"}}, {"type": "Feature", "geometry": {"type": "LineString", "coordinates": [[-115.116082, 36.1701997], [-115.116073, 36.1699934], [-115.1160645, 36.1698147], [-115.1160606, 36.1697328]]}, "properties": {"class": "primary"}}, {"type": "Feature", "geometry": {"type": "LineString", "coordinates": [[-115.1621773, 36.1588603], [-115.1619896, 36.1588714]]}, "properties": {"class": "primary"}}, {"type": "Feature", "geometry": {"type": "LineString", "coordinates": [[-115.1626354, 36.1588307], [-115.1624894, 36.15884]]}, "properties": {"class": "primary"}}, {"type": "Feature", "geometry": {"type": "LineString", "coordinates": [[-115.1628446, 36.1588156], [-115.1626354, 36.1588307]]}, "properties": {"class": "primary"}}, {"type": "Feature", "geometry": {"type": "LineString", "coordinates": [[-115.1629783, 36.158815], [-115.1629114, 36.1588153], [-115.1628446, 36.1588156]]}, "properties": {"class": "primary"}}, {"type": "Feature", "geometry": {"type": "LineString", "coordinates": [[-115.1474912, 36.173655], [-115.1475603, 36.1736736], [-115.147676, 36.1736952], [-115.1477868, 36.1737098], [-115.1479034, 36.1737159], [-115.1480479, 36.173712], [-115.1481796, 36.1737019], [-115.1482933, 36.1736899], [-115.1483932, 36.1736729], [-115.1485829, 36.1736368]]}, "properties": {"class": "secondary"}}, {"type": "Feature", "geometry": {"type": "LineString", "coordinates": [[-115.145669, 36.1728807], [-115.1457446, 36.1729156]]}, "properties": {"class": "secondary"}}, {"type": "Feature", "geometry": {"type": "LineString", "coordinates": [[-115.115706, 36.1673835], [-115.1157362, 36.1677562]]}, "properties": {"class": "primary"}}, {"type": "Feature", "geometry": {"type": "LineString", "coordinates": [[-115.1159879, 36.1677476], [-115.1159728, 36.1675011], [-115.115965, 36.1673738]]}, "properties": {"class": "primary"}}, {"type": "Feature", "geometry": {"type": "LineString", "coordinates": [[-115.1160038, 36.1680821], [-115.1159879, 36.1677476]]}, "properties": {"class": "primary"}}, {"type": "Feature", "geometry": {"type": "LineString", "coordinates": [[-115.1157362, 36.1677562], [-115.1157632, 36.168081]]}, "properties": {"class": "primary"}}, {"type": "Feature", "geometry": {"type": "LineString", "coordinates": [[-115.1206744, 36.1665266], [-115.1206737, 36.1666056], [-115.1206708, 36.1669656], [-115.1206706, 36.1669839], [-115.1206709, 36.1670118], [-115.1206749, 36.1673784], [-115.1206755, 36.1674317], [-115.1206744, 36.1674952], [-115.1206717, 36.1676463]]}, "properties": {"class": "residential"}}, {"type": "Feature", "geometry": {"type": "LineString", "coordinates": [[-115.1206717, 36.1676463], [-115.1206722, 36.1680753]]}, "properties": {"class": "residential"}}, {"type": "Feature", "geometry": {"type": "LineString", "coordinates": [[-115.1251006, 36.1664708], [-115.1251011, 36.1665754], [-115.1251012, 36.1666046], [-115.1251028, 36.1669543], [-115.1251258, 36.1670198], [-115.1251369, 36.1670513], [-115.1251348, 36.1673943], [-115.1251366, 36.1679701]]}, "properties": {"class": "tertiary"}}, {"type": "Feature", "geometry": {"type": "LineString", "coordinates": [[-115.1251374, 36.1681694], [-115.1251383, 36.1683707]]}, "properties": {"class": "tertiary"}}, {"type": "Feature", "geometry": {"type": "LineString", "coordinates": [[-115.126829, 36.166442], [-115.1267565, 36.1665532], [-115.1264676, 36.1669965], [-115.1264242, 36.167063], [-115.1263667, 36.1671513], [-115.12619, 36.1674223], [-115.126115, 36.167458], [-115.1260294, 36.1674994], [-115.126019, 36.167499], [-115.12602, 36.1681964]]}, "properties": {"class": "residential"}}, {"type": "Feature", "geometry": {"type": "LineString", "coordinates": [[-115.12602, 36.1681964], [-115.1260263, 36.168616]]}, "properties": {"class": "residential"}}, {"type": "Feature", "geometry": {"type": "LineString", "coordinates": [[-115.1278851, 36.1667377], [-115.1278259, 36.1668225], [-115.1275598, 36.1672036], [-115.1274285, 36.1674078], [-115.1271521, 36.1678375], [-115.127119, 36.167889], [-115.1271062, 36.1679593], [-115.1271056, 36.1679676], [-115.1271021, 36.1685722]]}, "properties": {"class": "residential"}}, {"type": "Feature", "geometry": {"type": "LineString", "coordinates": [[-115.1271021, 36.1685722], [-115.127106, 36.1690149]]}, "properties": {"class": "residential"}}, {"type": "Feature", "geometry": {"type": "LineString", "coordinates": [[-115.128858, 36.167153], [-115.1287975, 36.167246], [-115.1285301, 36.1676544], [-115.1284445, 36.1677853], [-115.128172, 36.1682665], [-115.1281407, 36.1683218]]}, "properties": {"class": "residential"}}, {"type": "Feature", "geometry": {"type": "LineString", "coordinates": [[-115.1281786, 36.1683379], [-115.1281971, 36.1689559], [-115.1281962, 36.1690525]]}, "properties": {"class": "residential"}}, {"type": "Feature", "geometry": {"type": "LineString", "coordinates": [[-115.1281962, 36.1690525], [-115.1281919, 36.1695206]]}, "properties": {"class": "residential"}}, {"type": "Feature", "geometry": {"type": "LineString", "coordinates": [[-115.1297988, 36.1702769], [-115.1297959, 36.1707279]]}, "properties": {"class": "secondary"}}, {"type": "Feature", "geometry": {"type": "LineString", "coordinates": [[-115.1297934, 36.1697907], [-115.1297988, 36.1702769]]}, "properties": {"class": "secondary"}}, {"type": "Feature", "geometry": {"type": "LineString", "coordinates": [[-115.1301659, 36.1723729], [-115.1300211, 36.1720537], [-115.1299776, 36.1718956], [-115.1299602, 36.1716621], [-115.1299626, 36.1713786]]}, "properties": {"class": "secondary"}}, {"type": "Feature", "geometry": {"type": "LineString", "coordinates": [[-115.1299706, 36.170362], [-115.1299717, 36.170342], [-115.1299858, 36.170234], [-115.1300076, 36.1701019], [-115.1300355, 36.1699884], [-115.1300589, 36.1699173]]}, "properties": {"class": "secondary"}}, {"type": "Feature", "geometry": {"type": "LineString", "coordinates": [[-115.1334338, 36.1691117], [-115.1333739, 36.1692037], [-115.1331721, 36.1695182], [-115.1328795, 36.1699724], [-115.1327595, 36.1701572], [-115.1327313, 36.170213], [-115.1327264, 36.170284], [-115.1327237, 36.1709234], [-115.1327182, 36.1709468], [-115.1327114, 36.1711699]]}, "properties": {"class": "residential"}}, {"type": "Feature", "geometry": {"type": "LineString", "coordinates": [[-115.1327114, 36.1711699], [-115.1327114, 36.1711747], [-115.1327131, 36.1716521]]}, "properties": {"class": "residential"}}, {"type": "Feature", "geometry": {"type": "LineString", "coordinates": [[-115.133968, 36.1723107], [-115.1339699, 36.1724509], [-115.1339709, 36.1725253], [-115.1339796, 36.1731028], [-115.1339597, 36.1739433], [-115.1339574, 36.1740408]]}, "properties": {"class": "residential"}}, {"type": "Feature", "geometry": {"type": "LineString", "coordinates": [[-115.1339677, 36.1717385], [-115.133968, 36.1723107]]}, "properties": {"class": "residential"}}, {"type": "Feature", "geometry": {"type": "LineString", "coordinates": [[-115.1343371, 36.1725097], [-115.1343239, 36.1725314], [-115.1339796, 36.1731028]]}, "properties": {"class": "residential"}}, {"type": "Feature", "geometry": {"type": "LineString", "coordinates": [[-115.1345711, 36.1721215], [-115.1343371, 36.1725097]]}, "properties": {"class": "residential"}}, {"type": "Feature", "geometry": {"type": "LineString", "coordinates": [[-115.1346565, 36.17198], [-115.1345994, 36.1720745]]}, "properties": {"class": "residential"}}, {"type": "Feature", "geometry": {"type": "LineString", "coordinates": [[-115.1345994, 36.1720745], [-115.1345711, 36.1721215]]}, "properties": {"class": "residential"}}, {"type": "Feature", "geometry": {"type": "LineString", "coordinates": [[-115.1353876, 36.1730843], [-115.1349051, 36.1738744], [-115.1348771, 36.1740057], [-115.1348686, 36.1740957]]}, "properties": {"class": "tertiary"}}, {"type": "Feature", "geometry": {"type": "LineString", "coordinates": [[-115.1356632, 36.172635], [-115.135486, 36.1729231]]}, "properties": {"class": "tertiary"}}, {"type": "Feature", "geometry": {"type": "LineString", "coordinates": [[-115.135486, 36.1729231], [-115.1354471, 36.1729869]]}, "properties": {"class": "tertiary"}}, {"type": "Feature", "geometry": {"type": "LineString", "coordinates": [[-115.1354471, 36.1729869], [-115.1353876, 36.1730843]]}, "properties": {"class": "tertiary"}}, {"type": "Feature", "geometry": {"type": "LineString", "coordinates": [[-115.1607164, 36.1747277], [-115.1607174, 36.1748529]]}, "properties": {"class": "primary"}}, {"type": "Feature", "geometry": {"type": "LineString", "coordinates": [[-115.1609106, 36.1748862], [-115.1609106, 36.1748629], [-115.1609104, 36.174734]]}, "properties": {"class": "primary"}}, {"type": "Feature", "geometry": {"type": "LineString", "coordinates": [[-115.1609114, 36.1755222], [-115.1609113, 36.1752846]]}, "properties": {"class": "primary"}}, {"type": "Feature", "geometry": {"type": "LineString", "coordinates": [[-115.1607244, 36.175252], [-115.1607324, 36.1754923]]}, "properties": {"class": "primary"}}, {"type": "Feature", "geometry": {"type": "LineString", "coordinates": [[-115.1609116, 36.1758231], [-115.1609115, 36.175707]]}, "properties": {"class": "primary"}}, {"type": "Feature", "geometry": {"type": "LineString", "coordinates": [[-115.1607387, 36.1756813], [-115.1607429, 36.1758069]]}, "properties": {"class": "primary"}}, {"type": "Feature", "geometry": {"type": "LineString", "coordinates": [[-115.1609115, 36.1755996], [-115.1609114, 36.1755222]]}, "properties": {"class": "primary"}}, {"type": "Feature", "geometry": {"type": "LineString", "coordinates": [[-115.1607324, 36.1754923], [-115.1607351, 36.1755738]]}, "properties": {"class": "primary"}}, {"type": "Feature", "geometry": {"type": "LineString", "coordinates": [[-115.1608874, 36.1661696], [-115.1608035, 36.1661698], [-115.1607769, 36.1661699]]}, "properties": {"class": "secondary"}}, {"type": "Feature", "geometry": {"type": "LineString", "coordinates": [[-115.1595973, 36.1661739], [-115.1595093, 36.1661743], [-115.1594509, 36.166175]]}, "properties": {"class": "secondary"}}, {"type": "Feature", "geometry": {"type": "LineString", "coordinates": [[-115.15939, 36.1662997], [-115.1594614, 36.1662995], [-115.1595585, 36.1662998]]}, "properties": {"class": "secondary"}}, {"type": "Feature", "geometry": {"type": "LineString", "coordinates": [[-115.1607312, 36.1663034], [-115.1607652, 36.1663035], [-115.1607808, 36.1663035], [-115.1608626, 36.1663038]]}, "properties": {"class": "secondary"}}, {"type": "Feature", "geometry": {"type": "LineString", "coordinates": [[-115.1619896, 36.1588714], [-115.1618114, 36.1588834]]}, "properties": {"class": "primary"}}, {"type": "Feature", "geometry": {"type": "LineString", "coordinates": [[-115.1602824, 36.1588977], [-115.1599321, 36.1589044]]}, "properties": {"class": "primary"}}, {"type": "Feature", "geometry": {"type": "LineString", "coordinates": [[-115.159953, 36.1591646], [-115.1602955, 36.1591623]]}, "properties": {"class": "primary"}}, {"type": "Feature", "geometry": {"type": "LineString", "coordinates": [[-115.1614046, 36.159155], [-115.1614228, 36.1591545], [-115.1616103, 36.15915], [-115.161816, 36.1591451]]}, "properties": {"class": "primary"}}, {"type": "Feature", "geometry": {"type": "LineString", "coordinates": [[-115.1635516, 36.1518923], [-115.1634409, 36.1519226]]}, "properties": {"class": "secondary"}}, {"type": "Feature", "geometry": {"type": "LineString", "coordinates": [[-115.1634331, 36.1520457], [-115.1640623, 36.1518849], [-115.1641637, 36.151859]]}, "properties": {"class": "secondary"}}, {"type": "Feature", "geometry": {"type": "LineString", "coordinates": [[-115.1526354, 36.1624697], [-115.1528147, 36.1621935], [-115.1533724, 36.1613349], [-115.1534862, 36.1611633], [-115.1534898, 36.1611579], [-115.1535664, 36.1610418], [-115.1537451, 36.1607696], [-115.1542559, 36.1599908], [-115.1544072, 36.1597614], [-115.1547228, 36.1592689]]}, "properties": {"class": "primary"}}, {"type": "Feature", "geometry": {"type": "LineString", "coordinates": [[-115.1489071, 36.1588546], [-115.1488678, 36.1589163]]}, "properties": {"class": "tertiary"}}, {"type": "Feature", "geometry": {"type": "LineString", "coordinates": [[-115.1148952, 36.1884634], [-115.1144534, 36.1884584], [-115.1135178, 36.1884335], [-115.1133572, 36.1884305], [-115.1127596, 36.1884194], [-115.111655, 36.188401], [-115.111211, 36.188392]]}, "properties": {"class": "secondary"}}, {"type": "Feature", "geometry": {"type": "LineString", "coordinates": [[-115.1251366, 36.1679701], [-115.1251374, 36.1681694]]}, "properties": {"class": "tertiary"}}, {"type": "Feature", "geometry": {"type": "LineString", "coordinates": [[-115.1296364, 36.174027], [-115.129074, 36.1740293], [-115.12819, 36.1740267], [-115.127104, 36.1740257], [-115.1265196, 36.1740198], [-115.126028, 36.1740166], [-115.125135, 36.174001]]}, "properties": {"class": "secondary"}}, {"type": "Feature", "geometry": {"type": "LineString", "coordinates": [[-115.1159784, 36.1823567], [-115.1159216, 36.1823558], [-115.115837, 36.1823544], [-115.115446, 36.182348], [-115.113216, 36.182309]]}, "properties": {"class": "residential"}}, {"type": "Feature", "geometry": {"type": "LineString", "coordinates": [[-115.116013, 36.184863], [-115.1159233, 36.1848614], [-115.1158905, 36.1848608], [-115.1156174, 36.1848554], [-115.1155425, 36.184854], [-115.1149095, 36.1848419], [-115.1142727, 36.1848298], [-115.1135818, 36.1848166], [-115.1131498, 36.1848083]]}, "properties": {"class": "tertiary"}}, {"type": "Feature", "geometry": {"type": "LineString", "coordinates": [[-115.1250567, 36.1848303], [-115.1251317, 36.1848302]]}, "properties": {"class": "tertiary"}}, {"type": "Feature", "geometry": {"type": "LineString", "coordinates": [[-115.1511863, 36.177182], [-115.1514709, 36.1771776], [-115.1517985, 36.1771726]]}, "properties": {"class": "secondary"}}, {"type": "Feature", "geometry": {"type": "LineString", "coordinates": [[-115.116863, 36.1589097], [-115.116657, 36.1587888]]}, "properties": {"class": "primary"}}, {"type": "Feature", "geometry": {"type": "LineString", "coordinates": [[-115.1541187, 36.1507649], [-115.154099, 36.1510418], [-115.154094, 36.1511163]]}, "properties": {"class": "secondary"}}, {"type": "Feature", "geometry": {"type": "LineString", "coordinates": [[-115.1542179, 36.1507663], [-115.1541805, 36.1506149]]}, "properties": {"class": "secondary"}}, {"type": "Feature", "geometry": {"type": "LineString", "coordinates": [[-115.1540923, 36.1512415], [-115.1540937, 36.1512598], [-115.1540955, 36.1512889], [-115.1541042, 36.1514134]]}, "properties": {"class": "secondary"}}, {"type": "Feature", "geometry": {"type": "LineString", "coordinates": [[-115.1501587, 36.1660017], [-115.1501365, 36.1658999]]}, "properties": {"class": "primary"}}, {"type": "Feature", "geometry": {"type": "LineString", "coordinates": [[-115.1501365, 36.1658999], [-115.1500666, 36.1659367], [-115.1500402, 36.1659496]]}, "properties": {"class": "primary"}}, {"type": "Feature", "geometry": {"type": "LineString", "coordinates": [[-115.149671, 36.1656964], [-115.1500024, 36.1658391], [-115.1500332, 36.1658523], [-115.1501365, 36.1658999]]}, "properties": {"class": "secondary"}}, {"type": "Feature", "geometry": {"type": "LineString", "coordinates": [[-115.1385423, 36.1920964], [-115.1385342, 36.1924901], [-115.1385316, 36.1927632], [-115.1385294, 36.1928589], [-115.1385285, 36.1929552], [-115.1385232, 36.1931806], [-115.1385212, 36.1933866], [-115.1385001, 36.1940723], [-115.138492, 36.194605]]}, "properties": {"class": "residential"}}, {"type": "Feature", "geometry": {"type": "LineString", "coordinates": [[-115.137931, 36.1883653], [-115.1379293, 36.1884202]]}, "properties": {"class": "residential"}}, {"type": "Feature", "geometry": {"type": "LineString", "coordinates": [[-115.1379281, 36.1885], [-115.1379286, 36.1885552], [-115.1379289, 36.1889038]]}, "properties": {"class": "residential"}}, {"type": "Feature", "geometry": {"type": "LineString", "coordinates": [[-115.1452044, 36.1727424], [-115.1454263, 36.1728372]]}, "properties": {"class": "tertiary"}}, {"type": "Feature", "geometry": {"type": "LineString", "coordinates": [[-115.1450643, 36.1726819], [-115.1451233, 36.1727077], [-115.1452044, 36.1727424]]}, "properties": {"class": "tertiary"}}, {"type": "Feature", "geometry": {"type": "LineString", "coordinates": [[-115.1449691, 36.172641], [-115.1450643, 36.1726819]]}, "properties": {"class": "tertiary"}}, {"type": "Feature", "geometry": {"type": "LineString", "coordinates": [[-115.115896, 36.1645454], [-115.115727, 36.1645423]]}, "properties": {"class": "residential"}}, {"type": "Feature", "geometry": {"type": "LineString", "coordinates": [[-115.1180992, 36.1645432], [-115.1176179, 36.1645439], [-115.1174296, 36.164544], [-115.1172198, 36.1645442], [-115.1169316, 36.1645445], [-115.1161743, 36.1645451], [-115.116013, 36.1645453], [-115.115896, 36.1645454]]}, "properties": {"class": "residential"}}, {"type": "Feature", "geometry": {"type": "LineString", "coordinates": [[-115.125109, 36.1645441], [-115.1249871, 36.1645429], [-115.1244932, 36.164541], [-115.1239577, 36.1645383], [-115.1239469, 36.1645382], [-115.1238752, 36.1645379]]}, "properties": {"class": "residential"}}, {"type": "Feature", "geometry": {"type": "LineString", "coordinates": [[-115.1283221, 36.1657637], [-115.1282364, 36.1657274], [-115.1275368, 36.1654312], [-115.126178, 36.164844], [-115.1257775, 36.1646697], [-115.1256734, 36.1646254], [-115.125565, 36.164588], [-115.1254548, 36.1645615], [-115.1253387, 36.1645509], [-115.1252375, 36.1645479], [-115.1252288, 36.1645476], [-115.125109, 36.1645441]]}, "properties": {"class": "residential"}}, {"type": "Feature", "geometry": {"type": "LineString", "coordinates": [[-115.1381535, 36.1696134], [-115.1380896, 36.1696216]]}, "properties": {"class": "tertiary"}}, {"type": "Feature", "geometry": {"type": "LineString", "coordinates": [[-115.1380896, 36.1696216], [-115.1381149, 36.1696697]]}, "properties": {"class": "tertiary"}}, {"type": "Feature", "geometry": {"type": "LineString", "coordinates": [[-115.1382427, 36.1697282], [-115.1383078, 36.169718]]}, "properties": {"class": "tertiary"}}, {"type": "Feature", "geometry": {"type": "LineString", "coordinates": [[-115.1383078, 36.169718], [-115.1382839, 36.1696708]]}, "properties": {"class": "tertiary"}}, {"type": "Feature", "geometry": {"type": "LineString", "coordinates": [[-115.1407253, 36.1707998], [-115.140918, 36.1708822]]}, "properties": {"class": "tertiary"}}, {"type": "Feature", "geometry": {"type": "LineString", "coordinates": [[-115.1407822, 36.1707306], [-115.1404856, 36.1706535]]}, "properties": {"class": "tertiary"}}, {"type": "Feature", "geometry": {"type": "LineString", "coordinates": [[-115.140918, 36.1708822], [-115.1410299, 36.1709115]]}, "properties": {"class": "tertiary"}}, {"type": "Feature", "geometry": {"type": "LineString", "coordinates": [[-115.1404856, 36.1706535], [-115.1407253, 36.1707998]]}, "properties": {"class": "tertiary"}}, {"type": "Feature", "geometry": {"type": "LineString", "coordinates": [[-115.1410299, 36.1709115], [-115.1409653, 36.1708113]]}, "properties": {"class": "tertiary"}}, {"type": "Feature", "geometry": {"type": "LineString", "coordinates": [[-115.1404856, 36.1706535], [-115.1400649, 36.1704746], [-115.1400391, 36.1704636], [-115.139957, 36.1704283]]}, "properties": {"class": "tertiary"}}, {"type": "Feature", "geometry": {"type": "LineString", "coordinates": [[-115.1415953, 36.1711574], [-115.1414375, 36.1710894], [-115.1411523, 36.1709649], [-115.1410299, 36.1709115]]}, "properties": {"class": "tertiary"}}, {"type": "Feature", "geometry": {"type": "LineString", "coordinates": [[-115.1422398, 36.1714403], [-115.1421737, 36.171413]]}, "properties": {"class": "tertiary"}}, {"type": "Feature", "geometry": {"type": "LineString", "coordinates": [[-115.14251, 36.1715497], [-115.1422398, 36.1714403]]}, "properties": {"class": "tertiary"}}, {"type": "Feature", "geometry": {"type": "LineString", "coordinates": [[-115.1429456, 36.1717212], [-115.1428048, 36.1716581], [-115.1427529, 36.171639], [-115.14251, 36.1715497]]}, "properties": {"class": "tertiary"}}, {"type": "Feature", "geometry": {"type": "LineString", "coordinates": [[-115.1433105, 36.1718765], [-115.1432179, 36.1718372], [-115.1429456, 36.1717212]]}, "properties": {"class": "tertiary"}}, {"type": "Feature", "geometry": {"type": "LineString", "coordinates": [[-115.1434442, 36.1719324], [-115.1434233, 36.1719242], [-115.1433105, 36.1718765]]}, "properties": {"class": "tertiary"}}, {"type": "Feature", "geometry": {"type": "LineString", "coordinates": [[-115.143813, 36.1720864], [-115.1434923, 36.1719531]]}, "properties": {"class": "tertiary"}}, {"type": "Feature", "geometry": {"type": "LineString", "coordinates": [[-115.1441363, 36.1722282], [-115.1438633, 36.172109]]}, "properties": {"class": "tertiary"}}, {"type": "Feature", "geometry": {"type": "LineString", "coordinates": [[-115.1444486, 36.1723614], [-115.1445237, 36.1724541]]}, "properties": {"class": "tertiary"}}, {"type": "Feature", "geometry": {"type": "LineString", "coordinates": [[-115.144588, 36.1723575], [-115.1444486, 36.1723614]]}, "properties": {"class": "tertiary"}}, {"type": "Feature", "geometry": {"type": "LineString", "coordinates": [[-115.1447931, 36.1724435], [-115.1446251, 36.1723731], [-115.144588, 36.1723575]]}, "properties": {"class": "tertiary"}}, {"type": "Feature", "geometry": {"type": "LineString", "coordinates": [[-115.1449291, 36.1725022], [-115.1447931, 36.1724435]]}, "properties": {"class": "tertiary"}}, {"type": "Feature", "geometry": {"type": "LineString", "coordinates": [[-115.1454263, 36.1728372], [-115.1455587, 36.172829]]}, "properties": {"class": "tertiary"}}, {"type": "Feature", "geometry": {"type": "LineString", "coordinates": [[-115.1455587, 36.172829], [-115.1454926, 36.1727498], [-115.1454866, 36.1727427]]}, "properties": {"class": "tertiary"}}, {"type": "Feature", "geometry": {"type": "LineString", "coordinates": [[-115.1445237, 36.1724541], [-115.1449691, 36.172641]]}, "properties": {"class": "tertiary"}}, {"type": "Feature", "geometry": {"type": "LineString", "coordinates": [[-115.1460216, 36.1730424], [-115.1462365, 36.1731408]]}, "properties": {"class": "secondary"}}, {"type": "Feature", "geometry": {"type": "LineString", "coordinates": [[-115.1489957, 36.1727494], [-115.1489904, 36.1726323]]}, "properties": {"class": "tertiary"}}, {"type": "Feature", "geometry": {"type": "LineString", "coordinates": [[-115.1492535, 36.1740012], [-115.1492896, 36.1739599]]}, "properties": {"class": "secondary"}}, {"type": "Feature", "geometry": {"type": "LineString", "coordinates": [[-115.1492896, 36.1739599], [-115.1492634, 36.1738473], [-115.149206, 36.1736691]]}, "properties": {"class": "secondary"}}, {"type": "Feature", "geometry": {"type": "LineString", "coordinates": [[-115.1491983, 36.1739728], [-115.1492535, 36.1740012]]}, "properties": {"class": "secondary"}}, {"type": "Feature", "geometry": {"type": "LineString", "coordinates": [[-115.1491179, 36.1736909], [-115.1491489, 36.1737752], [-115.1491802, 36.1738692], [-115.1491983, 36.1739728]]}, "properties": {"class": "secondary"}}, {"type": "Feature", "geometry": {"type": "LineString", "coordinates": [[-115.149135, 36.1735073], [-115.1491092, 36.1733287], [-115.149104, 36.1733013], [-115.1490576, 36.1730527], [-115.1490126, 36.172843], [-115.1489957, 36.1727494]]}, "properties": {"class": "tertiary"}}, {"type": "Feature", "geometry": {"type": "LineString", "coordinates": [[-115.1195174, 36.1601501], [-115.119455, 36.1600696]]}, "properties": {"class": "primary"}}, {"type": "Feature", "geometry": {"type": "LineString", "coordinates": [[-115.1193931, 36.1601576], [-115.1195174, 36.1601501]]}, "properties": {"class": "primary"}}, {"type": "Feature", "geometry": {"type": "LineString", "coordinates": [[-115.1451181, 36.1810889], [-115.1454554, 36.180729]]}, "properties": {"class": "motorway"}}, {"type": "Feature", "geometry": {"type": "LineString", "coordinates": [[-115.1537256, 36.1704262], [-115.1538145, 36.1704643], [-115.1538377, 36.1704742], [-115.1541451, 36.1706059]]}, "properties": {"class": "tertiary"}}, {"type": "Feature", "geometry": {"type": "LineString", "coordinates": [[-115.1541442, 36.1693577], [-115.1540565, 36.1694915]]}, "properties": {"class": "secondary"}}, {"type": "Feature", "geometry": {"type": "LineString", "coordinates": [[-115.1606547, 36.1716567], [-115.1597321, 36.1716518], [-115.1595946, 36.1716437], [-115.15949, 36.1716351], [-115.1593955, 36.1716221], [-115.1592701, 36.171602], [-115.1591829, 36.171582], [-115.1590411, 36.1715429]]}, "properties": {"class": "tertiary"}}, {"type": "Feature", "geometry": {"type": "LineString", "coordinates": [[-115.1606555, 36.1717558], [-115.1607367, 36.1717212]]}, "properties": {"class": "tertiary"}}, {"type": "Feature", "geometry": {"type": "LineString", "coordinates": [[-115.1607367, 36.1717212], [-115.1606547, 36.1716567]]}, "properties": {"class": "tertiary"}}, {"type": "Feature", "geometry": {"type": "LineString", "coordinates": [[-115.1598545, 36.1717528], [-115.1599299, 36.1717531]]}, "properties": {"class": "tertiary"}}, {"type": "Feature", "geometry": {"type": "LineString", "coordinates": [[-115.1599299, 36.1717531], [-115.1605975, 36.1717556], [-115.1606555, 36.1717558]]}, "properties": {"class": "tertiary"}}, {"type": "Feature", "geometry": {"type": "LineString", "coordinates": [[-115.1527183, 36.1702044], [-115.1528187, 36.1702125]]}, "properties": {"class": "tertiary"}}, {"type": "Feature", "geometry": {"type": "LineString", "coordinates": [[-115.1528187, 36.1702125], [-115.1528991, 36.1702219], [-115.1530153, 36.1702411], [-115.1531611, 36.1702788], [-115.1533339, 36.1703451], [-115.1533706, 36.1703592]]}, "properties": {"class": "tertiary"}}, {"type": "Feature", "geometry": {"type": "LineString", "coordinates": [[-115.1629943, 36.152046], [-115.1629145, 36.1520666]]}, "properties": {"class": "secondary"}}, {"type": "Feature", "geometry": {"type": "LineString", "coordinates": [[-115.1270607, 36.1811145], [-115.1262662, 36.1811252]]}, "properties": {"class": "secondary"}}, {"type": "Feature", "geometry": {"type": "LineString", "coordinates": [[-115.1328552, 36.1550811], [-115.1327797, 36.1550809], [-115.1323432, 36.15508], [-115.1322834, 36.1550749], [-115.1322188, 36.1550644], [-115.1321494, 36.1550476], [-115.132083, 36.155027], [-115.1320572, 36.1550181], [-115.131846, 36.1549275], [-115.1317895, 36.1549071], [-115.1317252, 36.15489], [-115.1316509, 36.1548782], [-115.1316026, 36.1548737], [-115.131565, 36.154872], [-115.131041, 36.154867], [-115.1307647, 36.1549874], [-115.1306123, 36.1550135], [-115.1298271, 36.1550219], [-115.1298082, 36.1550176], [-115.129771, 36.1550001], [-115.12973, 36.154971]]}, "properties": {"class": "residential"}}, {"type": "Feature", "geometry": {"type": "LineString", "coordinates": [[-115.1409603, 36.1588538], [-115.1409556, 36.1587804]]}, "properties": {"class": "tertiary"}}, {"type": "Feature", "geometry": {"type": "LineString", "coordinates": [[-115.1160505, 36.1884868], [-115.116051, 36.1885389]]}, "properties": {"class": "primary"}}, {"type": "Feature", "geometry": {"type": "LineString", "coordinates": [[-115.116196, 36.1884868], [-115.116195, 36.1884352]]}, "properties": {"class": "primary"}}, {"type": "Feature", "geometry": {"type": "LineString", "coordinates": [[-115.1609487, 36.166304], [-115.1610348, 36.1663043]]}, "properties": {"class": "secondary"}}, {"type": "Feature", "geometry": {"type": "LineString", "coordinates": [[-115.1609772, 36.1661693], [-115.1608874, 36.1661696]]}, "properties": {"class": "secondary"}}, {"type": "Feature", "geometry": {"type": "LineString", "coordinates": [[-115.1622447, 36.1590916], [-115.1623854, 36.1590708]]}, "properties": {"class": "primary"}}, {"type": "Feature", "geometry": {"type": "LineString", "coordinates": [[-115.1297959, 36.1707279], [-115.1297995, 36.1709662], [-115.1298007, 36.1710388]]}, "properties": {"class": "secondary"}}, {"type": "Feature", "geometry": {"type": "LineString", "coordinates": [[-115.1299626, 36.1713786], [-115.1299609, 36.1711294], [-115.1299603, 36.1710458]]}, "properties": {"class": "secondary"}}, {"type": "Feature", "geometry": {"type": "LineString", "coordinates": [[-115.1299603, 36.1710458], [-115.1299597, 36.170957], [-115.1299652, 36.1704554], [-115.1299706, 36.170362]]}, "properties": {"class": "secondary"}}, {"type": "Feature", "geometry": {"type": "LineString", "coordinates": [[-115.1302863, 36.1726046], [-115.1301659, 36.1723729]]}, "properties": {"class": "secondary"}}, {"type": "Feature", "geometry": {"type": "LineString", "coordinates": [[-115.1306556, 36.1744325], [-115.1306575, 36.1741839], [-115.1306577, 36.1741484], [-115.1306582, 36.1740798]]}, "properties": {"class": "secondary"}}, {"type": "Feature", "geometry": {"type": "LineString", "coordinates": [[-115.1306554, 36.1744598], [-115.1306556, 36.1744325]]}, "properties": {"class": "secondary"}}, {"type": "Feature", "geometry": {"type": "LineString", "coordinates": [[-115.1306497, 36.1760795], [-115.1306503, 36.1758587], [-115.1306505, 36.1757721]]}, "properties": {"class": "secondary"}}, {"type": "Feature", "geometry": {"type": "LineString", "coordinates": [[-115.1306505, 36.1757721], [-115.1306499, 36.1756713], [-115.1306521, 36.1754354], [-115.1306538, 36.1746652]]}, "properties": {"class": "secondary"}}, {"type": "Feature", "geometry": {"type": "LineString", "coordinates": [[-115.1270679, 36.178248], [-115.1278108, 36.1782447], [-115.1279025, 36.1782442]]}, "properties": {"class": "secondary"}}, {"type": "Feature", "geometry": {"type": "LineString", "coordinates": [[-115.1254021, 36.1786228], [-115.1254806, 36.1785496], [-115.125579, 36.1784738], [-115.1256471, 36.1784294], [-115.1257144, 36.1783893], [-115.1257886, 36.1783547], [-115.1258773, 36.1783191], [-115.125985, 36.1782887], [-115.1260997, 36.1782662], [-115.1262597, 36.1782494], [-115.1264211, 36.1782458], [-115.1270679, 36.178248]]}, "properties": {"class": "secondary"}}, {"type": "Feature", "geometry": {"type": "LineString", "coordinates": [[-115.1272706, 36.1781166], [-115.127104, 36.1781165]]}, "properties": {"class": "secondary"}}, {"type": "Feature", "geometry": {"type": "LineString", "coordinates": [[-115.1278977, 36.1781192], [-115.1272706, 36.1781166]]}, "properties": {"class": "secondary"}}, {"type": "Feature", "geometry": {"type": "LineString", "coordinates": [[-115.1600354, 36.1661725], [-115.1600068, 36.1661726]]}, "properties": {"class": "secondary"}}, {"type": "Feature", "geometry": {"type": "LineString", "coordinates": [[-115.1601202, 36.1661722], [-115.1600354, 36.1661725]]}, "properties": {"class": "secondary"}}, {"type": "Feature", "geometry": {"type": "LineString", "coordinates": [[-115.1595585, 36.1662998], [-115.1599644, 36.166301]]}, "properties": {"class": "secondary"}}, {"type": "Feature", "geometry": {"type": "LineString", "coordinates": [[-115.1599644, 36.166301], [-115.1600739, 36.1663013]]}, "properties": {"class": "secondary"}}, {"type": "Feature", "geometry": {"type": "LineString", "coordinates": [[-115.1613218, 36.1591554], [-115.1614046, 36.159155]]}, "properties": {"class": "primary"}}, {"type": "Feature", "geometry": {"type": "LineString", "coordinates": [[-115.1614011, 36.1588985], [-115.1613157, 36.1589002]]}, "properties": {"class": "primary"}}, {"type": "Feature", "geometry": {"type": "LineString", "coordinates": [[-115.1613157, 36.1589002], [-115.1612374, 36.1589012], [-115.1612169, 36.1589011]]}, "properties": {"class": "primary"}}, {"type": "Feature", "geometry": {"type": "LineString", "coordinates": [[-115.1612028, 36.1591562], [-115.1613218, 36.1591554]]}, "properties": {"class": "primary"}}, {"type": "Feature", "geometry": {"type": "LineString", "coordinates": [[-115.1586276, 36.1589477], [-115.1586095, 36.1590754]]}, "properties": {"class": "secondary"}}, {"type": "Feature", "geometry": {"type": "LineString", "coordinates": [[-115.1583143, 36.1588585], [-115.158127, 36.1588505], [-115.1577289, 36.1588335], [-115.1567635, 36.158815]]}, "properties": {"class": "primary"}}, {"type": "Feature", "geometry": {"type": "LineString", "coordinates": [[-115.1521655, 36.1700577], [-115.1522502, 36.1700924], [-115.1523548, 36.1701353], [-115.1524601, 36.170166], [-115.152559, 36.1701878], [-115.152643, 36.1701995], [-115.1527183, 36.1702044]]}, "properties": {"class": "tertiary"}}, {"type": "Feature", "geometry": {"type": "LineString", "coordinates": [[-115.161608, 36.1488409], [-115.161716, 36.148676], [-115.1621997, 36.1479378], [-115.1622095, 36.1479237], [-115.162292, 36.147798]]}, "properties": {"class": "secondary"}}, {"type": "Feature", "geometry": {"type": "LineString", "coordinates": [[-115.1603418, 36.1507729], [-115.1604802, 36.1505658]]}, "properties": {"class": "secondary"}}, {"type": "Feature", "geometry": {"type": "LineString", "coordinates": [[-115.1604802, 36.1505658], [-115.160639, 36.150319]]}, "properties": {"class": "secondary"}}, {"type": "Feature", "geometry": {"type": "LineString", "coordinates": [[-115.160639, 36.150319], [-115.1607642, 36.1501287]]}, "properties": {"class": "secondary"}}, {"type": "Feature", "geometry": {"type": "LineString", "coordinates": [[-115.1607642, 36.1501287], [-115.1608201, 36.1500433], [-115.1609334, 36.1498702]]}, "properties": {"class": "secondary"}}, {"type": "Feature", "geometry": {"type": "LineString", "coordinates": [[-115.1609334, 36.1498702], [-115.1610226, 36.1497373]]}, "properties": {"class": "secondary"}}, {"type": "Feature", "geometry": {"type": "LineString", "coordinates": [[-115.1610226, 36.1497373], [-115.1611059, 36.1496067]]}, "properties": {"class": "secondary"}}, {"type": "Feature", "geometry": {"type": "LineString", "coordinates": [[-115.1611059, 36.1496067], [-115.1612084, 36.1494502]]}, "properties": {"class": "secondary"}}, {"type": "Feature", "geometry": {"type": "LineString", "coordinates": [[-115.1612084, 36.1494502], [-115.1612312, 36.1494153], [-115.1614047, 36.1491485], [-115.161546, 36.1489351], [-115.161608, 36.1488409]]}, "properties": {"class": "secondary"}}, {"type": "Feature", "geometry": {"type": "LineString", "coordinates": [[-115.162292, 36.147798], [-115.1623374, 36.1477295], [-115.1627475, 36.1471097]]}, "properties": {"class": "secondary"}}, {"type": "Feature", "geometry": {"type": "LineString", "coordinates": [[-115.1627475, 36.1471097], [-115.163718, 36.1456473], [-115.1638887, 36.1453886], [-115.1641207, 36.1450367], [-115.1641579, 36.1449804]]}, "properties": {"class": "secondary"}}, {"type": "Feature", "geometry": {"type": "LineString", "coordinates": [[-115.1402788, 36.1675865], [-115.1403595, 36.1676196], [-115.1403744, 36.1676256], [-115.1405099, 36.1676802], [-115.1406951, 36.1677597], [-115.140827, 36.1678168], [-115.1408629, 36.1678323], [-115.1412384, 36.1679969], [-115.1412978, 36.1680229], [-115.141376, 36.1680547]]}, "properties": {"class": "tertiary"}}, {"type": "Feature", "geometry": {"type": "LineString", "coordinates": [[-115.138049, 36.1711026], [-115.1379859, 36.1710756], [-115.1379612, 36.171065], [-115.137486, 36.1708616], [-115.137055, 36.1706773], [-115.1370359, 36.1706691], [-115.136914, 36.170617]]}, "properties": {"class": "secondary"}}, {"type": "Feature", "geometry": {"type": "LineString", "coordinates": [[-115.1297931, 36.1689618], [-115.1296877, 36.1689592], [-115.1296317, 36.1689598], [-115.12932, 36.168842], [-115.129276, 36.168841]]}, "properties": {"class": "residential"}}, {"type": "Feature", "geometry": {"type": "LineString", "coordinates": [[-115.1461529, 36.1551375], [-115.1460682, 36.1551347], [-115.1451586, 36.1551046], [-115.1450799, 36.155102], [-115.1450136, 36.1550984], [-115.1445316, 36.1550725], [-115.1440603, 36.1550571], [-115.143955, 36.1550494], [-115.1438823, 36.155048]]}, "properties": {"class": "residential"}}, {"type": "Feature", "geometry": {"type": "LineString", "coordinates": [[-115.1406182, 36.1692162], [-115.1405648, 36.1691932], [-115.1405363, 36.169181], [-115.1403168, 36.1690867]]}, "properties": {"class": "primary"}}, {"type": "Feature", "geometry": {"type": "LineString", "coordinates": [[-115.1403168, 36.1690867], [-115.139996, 36.1689488]]}, "properties": {"class": "primary"}}, {"type": "Feature", "geometry": {"type": "LineString", "coordinates": [[-115.1441289, 36.1707369], [-115.1441918, 36.1706391], [-115.1443661, 36.1703678], [-115.1443669, 36.1702799]]}, "properties": {"class": "secondary"}}, {"type": "Feature", "geometry": {"type": "LineString", "coordinates": [[-115.1440371, 36.1706972], [-115.1439743, 36.1707958], [-115.1437617, 36.1711294], [-115.1437561, 36.1712089]]}, "properties": {"class": "secondary"}}, {"type": "Feature", "geometry": {"type": "LineString", "coordinates": [[-115.1437561, 36.1712089], [-115.1438476, 36.1711748], [-115.1438988, 36.1710951], [-115.1440657, 36.1708354], [-115.1441289, 36.1707369]]}, "properties": {"class": "secondary"}}, {"type": "Feature", "geometry": {"type": "LineString", "coordinates": [[-115.1443669, 36.1702799], [-115.1442676, 36.1703355], [-115.1441461, 36.1705261], [-115.1440995, 36.1705992], [-115.1440371, 36.1706972]]}, "properties": {"class": "secondary"}}, {"type": "Feature", "geometry": {"type": "LineString", "coordinates": [[-115.1578161, 36.1616235], [-115.1579703, 36.1616915]]}, "properties": {"class": "secondary"}}, {"type": "Feature", "geometry": {"type": "LineString", "coordinates": [[-115.147699, 36.1653144], [-115.1478936, 36.1650238], [-115.1479144, 36.164989], [-115.147954, 36.1649335]]}, "properties": {"class": "secondary"}}, {"type": "Feature", "geometry": {"type": "LineString", "coordinates": [[-115.1594923, 36.1568147], [-115.1596278, 36.1566704], [-115.1596969, 36.1565378], [-115.15972, 36.1563796], [-115.1596912, 36.1562144], [-115.159622, 36.1560864], [-115.1595817, 36.155977], [-115.1595759, 36.1558025], [-115.159554, 36.1556449]]}, "properties": {"class": "tertiary"}}, {"type": "Feature", "geometry": {"type": "LineString", "coordinates": [[-115.163123, 36.1533399], [-115.1632225, 36.1532319], [-115.1633618, 36.1530796]]}, "properties": {"class": "motorway"}}, {"type": "Feature", "geometry": {"type": "LineString", "coordinates": [[-115.1610739, 36.1576537], [-115.1610963, 36.1575162], [-115.161137, 36.1573105], [-115.1611826, 36.1571091], [-115.1612342, 36.1569163]]}, "properties": {"class": "motorway"}}, {"type": "Feature", "geometry": {"type": "LineString", "coordinates": [[-115.154094, 36.1511163], [-115.1540325, 36.1511342], [-115.153952, 36.151142], [-115.1538804, 36.151143], [-115.1534108, 36.1511483]]}, "properties": {"class": "tertiary"}}, {"type": "Feature", "geometry": {"type": "LineString", "coordinates": [[-115.1533421, 36.1511844], [-115.1529579, 36.1511898], [-115.1528719, 36.1511921]]}, "properties": {"class": "tertiary"}}, {"type": "Feature", "geometry": {"type": "LineString", "coordinates": [[-115.1534103, 36.1512184], [-115.1534824, 36.151218], [-115.153649, 36.1512171], [-115.1538748, 36.1512159], [-115.1539064, 36.1512158], [-115.1539464, 36.1512156], [-115.1540273, 36.151224], [-115.1540923, 36.1512415]]}, "properties": {"class": "tertiary"}}, {"type": "Feature", "geometry": {"type": "LineString", "coordinates": [[-115.154094, 36.1511163], [-115.1540923, 36.1512415]]}, "properties": {"class": "secondary"}}, {"type": "Feature", "geometry": {"type": "LineString", "coordinates": [[-115.1533421, 36.1511844], [-115.1534103, 36.1512184]]}, "properties": {"class": "tertiary"}}, {"type": "Feature", "geometry": {"type": "LineString", "coordinates": [[-115.1534108, 36.1511483], [-115.1533421, 36.1511844]]}, "properties": {"class": "tertiary"}}, {"type": "Feature", "geometry": {"type": "LineString", "coordinates": [[-115.1528719, 36.1511921], [-115.1528296, 36.1511591], [-115.1527155, 36.1511596], [-115.1526806, 36.15116], [-115.1525576, 36.1511871]]}, "properties": {"class": "tertiary"}}, {"type": "Feature", "geometry": {"type": "LineString", "coordinates": [[-115.1525576, 36.1511871], [-115.1526367, 36.1512302], [-115.1528213, 36.1512304], [-115.1528719, 36.1511921]]}, "properties": {"class": "tertiary"}}, {"type": "Feature", "geometry": {"type": "LineString", "coordinates": [[-115.1579652, 36.1491042], [-115.1580733, 36.1491102], [-115.1585876, 36.1491391], [-115.1600738, 36.1492185]]}, "properties": {"class": "residential"}}, {"type": "Feature", "geometry": {"type": "LineString", "coordinates": [[-115.1543606, 36.1490337], [-115.1543853, 36.1487175], [-115.1543896, 36.1486399], [-115.1543936, 36.1485214], [-115.1543627, 36.1484263]]}, "properties": {"class": "secondary"}}, {"type": "Feature", "geometry": {"type": "LineString", "coordinates": [[-115.1542097, 36.1482912], [-115.1541393, 36.1483905]]}, "properties": {"class": "primary"}}, {"type": "Feature", "geometry": {"type": "LineString", "coordinates": [[-115.1542654, 36.1485811], [-115.1543627, 36.1484263]]}, "properties": {"class": "primary"}}, {"type": "Feature", "geometry": {"type": "LineString", "coordinates": [[-115.1542654, 36.1485811], [-115.1542767, 36.1486482], [-115.154276, 36.1487454], [-115.1542518, 36.149031]]}, "properties": {"class": "secondary"}}, {"type": "Feature", "geometry": {"type": "LineString", "coordinates": [[-115.116354, 36.1587905], [-115.1161903, 36.15879], [-115.1159645, 36.1587894]]}, "properties": {"class": "primary"}}, {"type": "Feature", "geometry": {"type": "LineString", "coordinates": [[-115.116354, 36.1587905], [-115.116551, 36.1589042]]}, "properties": {"class": "primary"}}, {"type": "Feature", "geometry": {"type": "LineString", "coordinates": [[-115.116551, 36.1589042], [-115.1166861, 36.1589066], [-115.116863, 36.1589097]]}, "properties": {"class": "primary"}}, {"type": "Feature", "geometry": {"type": "LineString", "coordinates": [[-115.1163333, 36.1585543], [-115.1161289, 36.1583877], [-115.1160191, 36.1582974], [-115.1158311, 36.1581283], [-115.1154368, 36.1577804], [-115.1151176, 36.1574981], [-115.1148879, 36.157293], [-115.1145952, 36.1570411], [-115.1144245, 36.1568933], [-115.1139376, 36.1564838], [-115.1136946, 36.156294], [-115.1136121, 36.1562294]]}, "properties": {"class": "primary"}}, {"type": "Feature", "geometry": {"type": "LineString", "coordinates": [[-115.1164965, 36.1586804], [-115.1163333, 36.1585543]]}, "properties": {"class": "primary"}}, {"type": "Feature", "geometry": {"type": "LineString", "coordinates": [[-115.1662153, 36.175873], [-115.1660323, 36.1758631], [-115.1658387, 36.1758502], [-115.1656469, 36.1758405], [-115.1653644, 36.1758179], [-115.1651009, 36.1757952], [-115.1648424, 36.1757691], [-115.1646066, 36.1757403], [-115.1643982, 36.1757127], [-115.164204, 36.1756866]]}, "properties": {"class": "motorway"}}, {"type": "Feature", "geometry": {"type": "LineString", "coordinates": [[-115.1600835, 36.1668847], [-115.1602189, 36.1664907]]}, "properties": {"class": "motorway"}}, {"type": "Feature", "geometry": {"type": "LineString", "coordinates": [[-115.1609639, 36.1596182], [-115.1609656, 36.1593554]]}, "properties": {"class": "motorway"}}, {"type": "Feature", "geometry": {"type": "LineString", "coordinates": [[-115.1633618, 36.1530796], [-115.1638048, 36.1526033]]}, "properties": {"class": "motorway"}}, {"type": "Feature", "geometry": {"type": "LineString", "coordinates": [[-115.1206462, 36.1884153], [-115.1206465, 36.1884634]]}, "properties": {"class": "tertiary"}}, {"type": "Feature", "geometry": {"type": "LineString", "coordinates": [[-115.1206465, 36.1884634], [-115.1206468, 36.1885227]]}, "properties": {"class": "tertiary"}}, {"type": "Feature", "geometry": {"type": "LineString", "coordinates": [[-115.1451015, 36.1811613], [-115.1451048, 36.1811574]]}, "properties": {"class": "motorway"}}, {"type": "Feature", "geometry": {"type": "LineString", "coordinates": [[-115.1501883, 36.1658202], [-115.150082, 36.1657749], [-115.1500516, 36.165762], [-115.1496388, 36.1655864], [-115.1493705, 36.1654724]]}, "properties": {"class": "secondary"}}, {"type": "Feature", "geometry": {"type": "LineString", "coordinates": [[-115.1518996, 36.1848738], [-115.152857, 36.184882], [-115.1540231, 36.18489], [-115.1551636, 36.1849027], [-115.156249, 36.184904]]}, "properties": {"class": "tertiary"}}, {"type": "Feature", "geometry": {"type": "LineString", "coordinates": [[-115.1518996, 36.1848738], [-115.1519051, 36.1853552], [-115.1519108, 36.1858537], [-115.1519127, 36.186021], [-115.1519153, 36.1862457], [-115.151917, 36.1863891], [-115.1519225, 36.1868757], [-115.1519287, 36.1874127], [-115.1519326, 36.1877523], [-115.1519344, 36.1879091]]}, "properties": {"class": "tertiary"}}, {"type": "Feature", "geometry": {"type": "LineString", "coordinates": [[-115.1495221, 36.1884666], [-115.149535, 36.1883945], [-115.1495638, 36.1883276], [-115.1496169, 36.1882213], [-115.1496761, 36.1881029], [-115.1496963, 36.1880368], [-115.1497139, 36.1879619]]}, "properties": {"class": "tertiary"}}, {"type": "Feature", "geometry": {"type": "LineString", "coordinates": [[-115.1405022, 36.1550935], [-115.1379508, 36.1550875], [-115.1375636, 36.1550838]]}, "properties": {"class": "residential"}}, {"type": "Feature", "geometry": {"type": "LineString", "coordinates": [[-115.135313, 36.1884982], [-115.1352551, 36.1885797], [-115.1349906, 36.1889779], [-115.1348357, 36.1891995], [-115.1347645, 36.1893042]]}, "properties": {"class": "secondary"}}, {"type": "Feature", "geometry": {"type": "LineString", "coordinates": [[-115.1350087, 36.1891294], [-115.1350641, 36.1890478]]}, "properties": {"class": "secondary"}}, {"type": "Feature", "geometry": {"type": "LineString", "coordinates": [[-115.1497139, 36.1879619], [-115.1484695, 36.1879954], [-115.147215, 36.1880205], [-115.1459397, 36.188049], [-115.145265, 36.1880715], [-115.1449278, 36.1881205], [-115.144703, 36.1881812]]}, "properties": {"class": "secondary"}}, {"type": "Feature", "geometry": {"type": "LineString", "coordinates": [[-115.1495221, 36.1884666], [-115.1496238, 36.1884642], [-115.1497292, 36.1884665], [-115.1505093, 36.1884662], [-115.1506615, 36.1884686], [-115.1514758, 36.1884652]]}, "properties": {"class": "secondary"}}, {"type": "Feature", "geometry": {"type": "LineString", "coordinates": [[-115.1524914, 36.1695925], [-115.1524088, 36.1695542], [-115.1512994, 36.1690836], [-115.1511181, 36.1690061]]}, "properties": {"class": "tertiary"}}, {"type": "Feature", "geometry": {"type": "LineString", "coordinates": [[-115.118431, 36.1739756], [-115.1179809, 36.1739793], [-115.1178573, 36.1739775], [-115.1174911, 36.173972]]}, "properties": {"class": "secondary"}}, {"type": "Feature", "geometry": {"type": "LineString", "coordinates": [[-115.1313628, 36.1757713], [-115.1307906, 36.1757719], [-115.1307591, 36.1757719], [-115.1306505, 36.1757721]]}, "properties": {"class": "residential"}}, {"type": "Feature", "geometry": {"type": "LineString", "coordinates": [[-115.1304955, 36.1757582], [-115.1303851, 36.1757557], [-115.1300922, 36.1757484], [-115.1299951, 36.175746], [-115.1299175, 36.1757333]]}, "properties": {"class": "residential"}}, {"type": "Feature", "geometry": {"type": "LineString", "coordinates": [[-115.1513591, 36.1545883], [-115.1513575, 36.1545622], [-115.1513845, 36.1544742], [-115.1514593, 36.1535537], [-115.1514211, 36.153509]]}, "properties": {"class": "tertiary"}}, {"type": "Feature", "geometry": {"type": "LineString", "coordinates": [[-115.1514211, 36.153509], [-115.1513879, 36.1535561], [-115.1513534, 36.1537914], [-115.1513522, 36.1539278], [-115.1513496, 36.1540117], [-115.1513274, 36.1540502], [-115.1513015, 36.1540816], [-115.1512918, 36.1541217], [-115.1512799, 36.1541713], [-115.1512761, 36.1542251], [-115.151248, 36.1545585], [-115.1512476, 36.1545641]]}, "properties": {"class": "tertiary"}}, {"type": "Feature", "geometry": {"type": "LineString", "coordinates": [[-115.1415255, 36.1515592], [-115.1414418, 36.1515593], [-115.1397054, 36.1515724], [-115.1392672, 36.1515761], [-115.1388249, 36.1515754], [-115.1380258, 36.1515732], [-115.1379431, 36.151573], [-115.1378711, 36.1515717], [-115.1376105, 36.151567], [-115.1374872, 36.1515672]]}, "properties": {"class": "tertiary"}}, {"type": "Feature", "geometry": {"type": "LineString", "coordinates": [[-115.1251213, 36.17101], [-115.1251234, 36.1714738], [-115.1251255, 36.17192], [-115.1251276, 36.1723837], [-115.1251296, 36.172825], [-115.125132, 36.1733478], [-115.1251345, 36.1738939], [-115.125135, 36.174001]]}, "properties": {"class": "tertiary"}}, {"type": "Feature", "geometry": {"type": "LineString", "coordinates": [[-115.1270679, 36.178248], [-115.1270652, 36.1783163], [-115.127063, 36.178699]]}, "properties": {"class": "residential"}}, {"type": "Feature", "geometry": {"type": "LineString", "coordinates": [[-115.123533, 36.183619], [-115.123434, 36.183679], [-115.123284, 36.183717], [-115.121437, 36.183718], [-115.12062, 36.1837194]]}, "properties": {"class": "residential"}}, {"type": "Feature", "geometry": {"type": "LineString", "coordinates": [[-115.1539976, 36.1808248], [-115.1539978, 36.1809038], [-115.1539989, 36.1812729], [-115.153981, 36.1816895], [-115.153978, 36.181758]]}, "properties": {"class": "residential"}}, {"type": "Feature", "geometry": {"type": "LineString", "coordinates": [[-115.1489904, 36.1726323], [-115.1490065, 36.1724727], [-115.1490462, 36.1723106], [-115.1491105, 36.172136], [-115.1495182, 36.1714561], [-115.1496697, 36.1712234], [-115.149701, 36.1711754]]}, "properties": {"class": "tertiary"}}, {"type": "Feature", "geometry": {"type": "LineString", "coordinates": [[-115.1562581, 36.1817123], [-115.156257, 36.181775]]}, "properties": {"class": "tertiary"}}, {"type": "Feature", "geometry": {"type": "LineString", "coordinates": [[-115.156273, 36.1808487], [-115.1562716, 36.180932], [-115.1562711, 36.1809591], [-115.1562653, 36.1813118], [-115.1562581, 36.1817123]]}, "properties": {"class": "tertiary"}}, {"type": "Feature", "geometry": {"type": "LineString", "coordinates": [[-115.1473005, 36.1514089], [-115.1472328, 36.15141], [-115.1463853, 36.1514239], [-115.1463015, 36.1514253], [-115.146224, 36.1514266], [-115.14538, 36.151441], [-115.1452741, 36.151445], [-115.1445172, 36.1514584], [-115.1440085, 36.1514691], [-115.1436713, 36.1514714], [-115.1428247, 36.1514872], [-115.1426061, 36.1515027], [-115.1423906, 36.1515343], [-115.1422107, 36.15155], [-115.1420379, 36.1515594], [-115.141857, 36.1515605], [-115.1416127, 36.1515585], [-115.1415255, 36.1515592]]}, "properties": {"class": "tertiary"}}, {"type": "Feature", "geometry": {"type": "LineString", "coordinates": [[-115.127106, 36.1690149], [-115.1271064, 36.1690507], [-115.1271061, 36.1692068], [-115.1270872, 36.1697692], [-115.1270878, 36.169924], [-115.1270918, 36.17097], [-115.127092, 36.171015]]}, "properties": {"class": "residential"}}, {"type": "Feature", "geometry": {"type": "LineString", "coordinates": [[-115.127092, 36.171015], [-115.1270412, 36.1710148], [-115.126013, 36.171012], [-115.1252618, 36.1710103], [-115.1251213, 36.17101]]}, "properties": {"class": "residential"}}, {"type": "Feature", "geometry": {"type": "LineString", "coordinates": [[-115.1251213, 36.17101], [-115.122893, 36.171025], [-115.120596, 36.171045], [-115.1182614, 36.1710803], [-115.1162072, 36.1710778], [-115.1161259, 36.1710777]]}, "properties": {"class": "residential"}}, {"type": "Feature", "geometry": {"type": "LineString", "coordinates": [[-115.127104, 36.1781165], [-115.1263343, 36.1781198], [-115.1261444, 36.1781231]]}, "properties": {"class": "secondary"}}, {"type": "Feature", "geometry": {"type": "LineString", "coordinates": [[-115.1253978, 36.1779305], [-115.125396, 36.1776381]]}, "properties": {"class": "tertiary"}}, {"type": "Feature", "geometry": {"type": "LineString", "coordinates": [[-115.1379508, 36.1550875], [-115.1379504, 36.1550008], [-115.1379491, 36.154744], [-115.1379422, 36.1543861], [-115.137927, 36.153698], [-115.137929, 36.153011], [-115.137932, 36.152325]]}, "properties": {"class": "residential"}}, {"type": "Feature", "geometry": {"type": "LineString", "coordinates": [[-115.1518641, 36.1817658], [-115.1518646, 36.1818444], [-115.1518704, 36.1823185], [-115.1518759, 36.1828038], [-115.1518822, 36.1833468], [-115.1518874, 36.1838038], [-115.1518937, 36.1843524], [-115.1518996, 36.1848738]]}, "properties": {"class": "tertiary"}}, {"type": "Feature", "geometry": {"type": "LineString", "coordinates": [[-115.125109, 36.1645441], [-115.1251078, 36.1646149], [-115.1250923, 36.1655392]]}, "properties": {"class": "tertiary"}}, {"type": "Feature", "geometry": {"type": "LineString", "coordinates": [[-115.1281913, 36.1710378], [-115.1281358, 36.1710365], [-115.1277065, 36.1710161], [-115.127551, 36.1710158], [-115.127092, 36.171015]]}, "properties": {"class": "residential"}}, {"type": "Feature", "geometry": {"type": "LineString", "coordinates": [[-115.1487333, 36.1570231], [-115.1487759, 36.1569578], [-115.1490383, 36.156549], [-115.1492052, 36.1563033], [-115.149296, 36.1561655], [-115.1493968, 36.1560027], [-115.1495716, 36.1557392], [-115.1496513, 36.1556135], [-115.1498463, 36.1553186]]}, "properties": {"class": "primary"}}, {"type": "Feature", "geometry": {"type": "LineString", "coordinates": [[-115.1478061, 36.1582018], [-115.1475206, 36.1586372], [-115.1474917, 36.1586813], [-115.1474307, 36.1587792]]}, "properties": {"class": "primary"}}, {"type": "Feature", "geometry": {"type": "LineString", "coordinates": [[-115.1475922, 36.15878], [-115.1476675, 36.1586625], [-115.1478488, 36.1583883], [-115.1479658, 36.1582113]]}, "properties": {"class": "primary"}}, {"type": "Feature", "geometry": {"type": "LineString", "coordinates": [[-115.1251348, 36.1673943], [-115.1250312, 36.1673952], [-115.1229175, 36.1674133]]}, "properties": {"class": "residential"}}, {"type": "Feature", "geometry": {"type": "LineString", "coordinates": [[-115.126115, 36.167458], [-115.1260475, 36.1674312], [-115.1252325, 36.167091], [-115.1251369, 36.1670513]]}, "properties": {"class": "residential"}}, {"type": "Feature", "geometry": {"type": "LineString", "coordinates": [[-115.1356292, 36.1610858], [-115.1355449, 36.1610484], [-115.1355278, 36.1610409], [-115.135262, 36.1609251], [-115.1351633, 36.1608821], [-115.13491, 36.1607717], [-115.13478, 36.160715], [-115.134714, 36.160704], [-115.1346687, 36.160686], [-115.1345907, 36.1606518]]}, "properties": {"class": "residential"}}, {"type": "Feature", "geometry": {"type": "LineString", "coordinates": [[-115.1528335, 36.1477658], [-115.1528895, 36.1478175], [-115.152981, 36.1478936]]}, "properties": {"class": "secondary"}}, {"type": "Feature", "geometry": {"type": "LineString", "coordinates": [[-115.1527737, 36.1478152], [-115.152981, 36.1478936]]}, "properties": {"class": "tertiary"}}, {"type": "Feature", "geometry": {"type": "LineString", "coordinates": [[-115.1541393, 36.1483905], [-115.1542002, 36.1484515], [-115.1542443, 36.1485254], [-115.1542654, 36.1485811]]}, "properties": {"class": "secondary"}}, {"type": "Feature", "geometry": {"type": "LineString", "coordinates": [[-115.1599209, 36.1465202], [-115.1603325, 36.1465396], [-115.1607011, 36.146557], [-115.1612569, 36.1465993], [-115.1613811, 36.146641], [-115.1614798, 36.1466931], [-115.161525, 36.146717]]}, "properties": {"class": "residential"}}, {"type": "Feature", "geometry": {"type": "LineString", "coordinates": [[-115.1597154, 36.1456125], [-115.161803, 36.145716], [-115.1620555, 36.1458189], [-115.1621, 36.145837]]}, "properties": {"class": "residential"}}, {"type": "Feature", "geometry": {"type": "LineString", "coordinates": [[-115.1624588, 36.1518271], [-115.1625412, 36.1517067], [-115.1626741, 36.1515], [-115.162804, 36.151298], [-115.1628952, 36.1511574]]}, "properties": {"class": "tertiary"}}, {"type": "Feature", "geometry": {"type": "LineString", "coordinates": [[-115.1628952, 36.1511574], [-115.1631613, 36.1507512], [-115.1632806, 36.1505687], [-115.1633897, 36.1504018], [-115.1635764, 36.150116], [-115.1636021, 36.1500768]]}, "properties": {"class": "tertiary"}}, {"type": "Feature", "geometry": {"type": "LineString", "coordinates": [[-115.1637587, 36.1498371], [-115.1638659, 36.149673], [-115.1641145, 36.1492927], [-115.1642329, 36.1491114]]}, "properties": {"class": "tertiary"}}, {"type": "Feature", "geometry": {"type": "LineString", "coordinates": [[-115.1636021, 36.1500768], [-115.1637351, 36.1498732], [-115.1637587, 36.1498371]]}, "properties": {"class": "tertiary"}}, {"type": "Feature", "geometry": {"type": "LineString", "coordinates": [[-115.1642329, 36.1491114], [-115.1643874, 36.148875], [-115.1645506, 36.1486253]]}, "properties": {"class": "tertiary"}}, {"type": "Feature", "geometry": {"type": "LineString", "coordinates": [[-115.1584912, 36.1500317], [-115.1601573, 36.1501184], [-115.160208, 36.150121], [-115.1605573, 36.1502815], [-115.160639, 36.150319]]}, "properties": {"class": "residential"}}, {"type": "Feature", "geometry": {"type": "LineString", "coordinates": [[-115.1504983, 36.1543357], [-115.1506143, 36.1542173], [-115.1507575, 36.154094], [-115.1507864, 36.1540713], [-115.1509534, 36.1539169]]}, "properties": {"class": "primary"}}, {"type": "Feature", "geometry": {"type": "LineString", "coordinates": [[-115.1509534, 36.1539169], [-115.1509471, 36.1542397], [-115.1509617, 36.1545789]]}, "properties": {"class": "tertiary"}}, {"type": "Feature", "geometry": {"type": "LineString", "coordinates": [[-115.150216, 36.145047], [-115.150246, 36.144476]]}, "properties": {"class": "residential"}}, {"type": "Feature", "geometry": {"type": "LineString", "coordinates": [[-115.1501248, 36.1469472], [-115.1502541, 36.1465781], [-115.1503369, 36.1464098]]}, "properties": {"class": "residential"}}, {"type": "Feature", "geometry": {"type": "LineString", "coordinates": [[-115.144078, 36.161754], [-115.1441213, 36.1616858], [-115.1443087, 36.1614013], [-115.1444242, 36.1612247], [-115.144454, 36.1611791], [-115.144537, 36.1610522], [-115.1446092, 36.1609418], [-115.1446175, 36.1609291], [-115.1448047, 36.1606793], [-115.144863, 36.1606016]]}, "properties": {"class": "tertiary"}}, {"type": "Feature", "geometry": {"type": "LineString", "coordinates": [[-115.1456964, 36.1609605], [-115.1454335, 36.1608393], [-115.1449741, 36.1606479], [-115.144863, 36.1606016]]}, "properties": {"class": "tertiary"}}, {"type": "Feature", "geometry": {"type": "LineString", "coordinates": [[-115.1387693, 36.165441], [-115.1385398, 36.165342], [-115.1382208, 36.1652045], [-115.1381929, 36.1651925], [-115.1379392, 36.1650831]]}, "properties": {"class": "tertiary"}}, {"type": "Feature", "geometry": {"type": "LineString", "coordinates": [[-115.1393806, 36.1612297], [-115.138749, 36.160959]]}, "properties": {"class": "secondary"}}, {"type": "Feature", "geometry": {"type": "LineString", "coordinates": [[-115.139904, 36.161454], [-115.1393806, 36.1612297]]}, "properties": {"class": "secondary"}}, {"type": "Feature", "geometry": {"type": "LineString", "coordinates": [[-115.1546105, 36.1535193], [-115.1541361, 36.1534949], [-115.154099, 36.153493]]}, "properties": {"class": "tertiary"}}, {"type": "Feature", "geometry": {"type": "LineString", "coordinates": [[-115.1539804, 36.153487], [-115.154099, 36.153493]]}, "properties": {"class": "tertiary"}}, {"type": "Feature", "geometry": {"type": "LineString", "coordinates": [[-115.1639006, 36.1552628], [-115.1641879, 36.1552587]]}, "properties": {"class": "residential"}}, {"type": "Feature", "geometry": {"type": "LineString", "coordinates": [[-115.1641879, 36.1552587], [-115.1649198, 36.1552489]]}, "properties": {"class": "residential"}}, {"type": "Feature", "geometry": {"type": "LineString", "coordinates": [[-115.159879, 36.1547397], [-115.159906, 36.1546655], [-115.159919, 36.1546356], [-115.159985, 36.154484], [-115.1600031, 36.1544461], [-115.160072, 36.154302], [-115.160155, 36.154195], [-115.160256, 36.154102], [-115.1603848, 36.1540272]]}, "properties": {"class": "tertiary"}}, {"type": "Feature", "geometry": {"type": "LineString", "coordinates": [[-115.1603848, 36.1540272], [-115.1606029, 36.153929], [-115.1606495, 36.1539107], [-115.160862, 36.15382], [-115.1609968, 36.1537408], [-115.1610284, 36.1537222]]}, "properties": {"class": "tertiary"}}, {"type": "Feature", "geometry": {"type": "LineString", "coordinates": [[-115.1619157, 36.1526806], [-115.1619653, 36.1526068], [-115.1620229, 36.1525155], [-115.1620525, 36.1524712], [-115.1621072, 36.152391]]}, "properties": {"class": "tertiary"}}, {"type": "Feature", "geometry": {"type": "LineString", "coordinates": [[-115.158313, 36.145543], [-115.1589403, 36.1455741], [-115.1597154, 36.1456125]]}, "properties": {"class": "residential"}}, {"type": "Feature", "geometry": {"type": "LineString", "coordinates": [[-115.1582423, 36.1464565], [-115.1582485, 36.1463809], [-115.158313, 36.145543]]}, "properties": {"class": "residential"}}, {"type": "Feature", "geometry": {"type": "LineString", "coordinates": [[-115.158313, 36.145543], [-115.1584037, 36.1446642]]}, "properties": {"class": "residential"}}, {"type": "Feature", "geometry": {"type": "LineString", "coordinates": [[-115.1497247, 36.1666414], [-115.1498039, 36.1665246], [-115.1498608, 36.1664408]]}, "properties": {"class": "primary"}}, {"type": "Feature", "geometry": {"type": "LineString", "coordinates": [[-115.1496232, 36.1665989], [-115.1496366, 36.1666771]]}, "properties": {"class": "primary"}}, {"type": "Feature", "geometry": {"type": "LineString", "coordinates": [[-115.149128, 36.1675512], [-115.1491058, 36.16749]]}, "properties": {"class": "primary"}}, {"type": "Feature", "geometry": {"type": "LineString", "coordinates": [[-115.1491058, 36.16749], [-115.1490071, 36.1675432]]}, "properties": {"class": "primary"}}, {"type": "Feature", "geometry": {"type": "LineString", "coordinates": [[-115.1596598, 36.1771148], [-115.1598505, 36.1771664]]}, "properties": {"class": "secondary"}}, {"type": "Feature", "geometry": {"type": "LineString", "coordinates": [[-115.1598451, 36.1770427], [-115.1596598, 36.1771148]]}, "properties": {"class": "secondary"}}, {"type": "Feature", "geometry": {"type": "LineString", "coordinates": [[-115.1421568, 36.176922], [-115.1422287, 36.1770056]]}, "properties": {"class": "secondary"}}, {"type": "Feature", "geometry": {"type": "LineString", "coordinates": [[-115.1422749, 36.1769185], [-115.1421568, 36.176922]]}, "properties": {"class": "secondary"}}, {"type": "Feature", "geometry": {"type": "LineString", "coordinates": [[-115.1411638, 36.1751345], [-115.1410042, 36.1753665]]}, "properties": {"class": "secondary"}}, {"type": "Feature", "geometry": {"type": "LineString", "coordinates": [[-115.1410042, 36.1753665], [-115.1409647, 36.1754912]]}, "properties": {"class": "secondary"}}, {"type": "Feature", "geometry": {"type": "LineString", "coordinates": [[-115.1409647, 36.1754912], [-115.1410606, 36.1753916]]}, "properties": {"class": "secondary"}}, {"type": "Feature", "geometry": {"type": "LineString", "coordinates": [[-115.140734, 36.1757749], [-115.1406814, 36.1758233], [-115.1406287, 36.1758717]]}, "properties": {"class": "secondary"}}, {"type": "Feature", "geometry": {"type": "LineString", "coordinates": [[-115.1409659, 36.1764594], [-115.1408433, 36.1764042], [-115.1407194, 36.1763489], [-115.1405893, 36.1762928], [-115.1405192, 36.1762642], [-115.1404386, 36.1762347], [-115.1403836, 36.1762172], [-115.1402737, 36.1761814]]}, "properties": {"class": "secondary"}}, {"type": "Feature", "geometry": {"type": "LineString", "coordinates": [[-115.1413177, 36.1749034], [-115.1412408, 36.175019], [-115.1411638, 36.1751345]]}, "properties": {"class": "secondary"}}, {"type": "Feature", "geometry": {"type": "LineString", "coordinates": [[-115.1411278, 36.1750721], [-115.1411638, 36.1751345]]}, "properties": {"class": "secondary"}}, {"type": "Feature", "geometry": {"type": "LineString", "coordinates": [[-115.1413895, 36.1748657], [-115.1413177, 36.1749034]]}, "properties": {"class": "secondary"}}, {"type": "Feature", "geometry": {"type": "LineString", "coordinates": [[-115.1434923, 36.1719531], [-115.1434442, 36.1719324]]}, "properties": {"class": "tertiary"}}, {"type": "Feature", "geometry": {"type": "LineString", "coordinates": [[-115.1438633, 36.172109], [-115.143813, 36.1720864]]}, "properties": {"class": "tertiary"}}, {"type": "Feature", "geometry": {"type": "LineString", "coordinates": [[-115.1340111, 36.1909464], [-115.134076, 36.1905985]]}, "properties": {"class": "primary"}}, {"type": "Feature", "geometry": {"type": "LineString", "coordinates": [[-115.1542854, 36.152225], [-115.1543321, 36.1522275], [-115.1546527, 36.1522448]]}, "properties": {"class": "secondary"}}, {"type": "Feature", "geometry": {"type": "LineString", "coordinates": [[-115.1542006, 36.1521728], [-115.1542854, 36.152225]]}, "properties": {"class": "secondary"}}, {"type": "Feature", "geometry": {"type": "LineString", "coordinates": [[-115.154658, 36.1521752], [-115.1542968, 36.1521563]]}, "properties": {"class": "secondary"}}, {"type": "Feature", "geometry": {"type": "LineString", "coordinates": [[-115.1546527, 36.1522448], [-115.1547146, 36.1521971]]}, "properties": {"class": "secondary"}}, {"type": "Feature", "geometry": {"type": "LineString", "coordinates": [[-115.1547146, 36.1521971], [-115.154658, 36.1521752]]}, "properties": {"class": "secondary"}}, {"type": "Feature", "geometry": {"type": "LineString", "coordinates": [[-115.1542968, 36.1521563], [-115.1542441, 36.152165], [-115.1542006, 36.1521728]]}, "properties": {"class": "secondary"}}, {"type": "Feature", "geometry": {"type": "LineString", "coordinates": [[-115.1468296, 36.1772909], [-115.1469177, 36.1772891], [-115.1469541, 36.1772884], [-115.1472145, 36.1772819]]}, "properties": {"class": "secondary"}}, {"type": "Feature", "geometry": {"type": "LineString", "coordinates": [[-115.1435578, 36.1811304], [-115.1436725, 36.1811007], [-115.1437461, 36.1810904], [-115.1439273, 36.1810639], [-115.143988, 36.181061]]}, "properties": {"class": "primary"}}, {"type": "Feature", "geometry": {"type": "LineString", "coordinates": [[-115.1512717, 36.1534276], [-115.1513284, 36.1531962], [-115.1514354, 36.1529311], [-115.1515434, 36.1527445]]}, "properties": {"class": "primary"}}, {"type": "Feature", "geometry": {"type": "LineString", "coordinates": [[-115.1515434, 36.1527445], [-115.1516841, 36.1525149], [-115.1518543, 36.1522554]]}, "properties": {"class": "primary"}}, {"type": "Feature", "geometry": {"type": "LineString", "coordinates": [[-115.1518543, 36.1522554], [-115.1519148, 36.152163], [-115.151981, 36.1520619]]}, "properties": {"class": "primary"}}, {"type": "Feature", "geometry": {"type": "LineString", "coordinates": [[-115.1511701, 36.1553999], [-115.1511771, 36.1554949], [-115.1511675, 36.155687]]}, "properties": {"class": "tertiary"}}, {"type": "Feature", "geometry": {"type": "LineString", "coordinates": [[-115.1511344, 36.1559783], [-115.1511177, 36.1560677], [-115.1511155, 36.1560824], [-115.151103, 36.1562521]]}, "properties": {"class": "tertiary"}}, {"type": "Feature", "geometry": {"type": "LineString", "coordinates": [[-115.151103, 36.1562521], [-115.1510198, 36.1573846], [-115.1509707, 36.1580531], [-115.1509538, 36.1582753], [-115.150924, 36.1586632], [-115.1509194, 36.1586958], [-115.1509167, 36.1587629]]}, "properties": {"class": "tertiary"}}, {"type": "Feature", "geometry": {"type": "LineString", "coordinates": [[-115.1292495, 36.1643306], [-115.1291705, 36.1642967], [-115.1291552, 36.1642901], [-115.1289694, 36.1642103], [-115.128896, 36.1641788]]}, "properties": {"class": "primary"}}, {"type": "Feature", "geometry": {"type": "LineString", "coordinates": [[-115.1286562, 36.1640758], [-115.1286578, 36.1640076], [-115.1284311, 36.1639109], [-115.1283226, 36.1639324]]}, "properties": {"class": "primary"}}, {"type": "Feature", "geometry": {"type": "LineString", "coordinates": [[-115.1283226, 36.1639324], [-115.1283711, 36.1640091], [-115.1285844, 36.1641], [-115.1286562, 36.1640758]]}, "properties": {"class": "primary"}}, {"type": "Feature", "geometry": {"type": "LineString", "coordinates": [[-115.1279066, 36.1637538], [-115.1277673, 36.1636258], [-115.1274229, 36.1634784]]}, "properties": {"class": "primary"}}, {"type": "Feature", "geometry": {"type": "LineString", "coordinates": [[-115.1283226, 36.1639324], [-115.128187, 36.1638742], [-115.1280956, 36.163835], [-115.1279864, 36.1637881], [-115.1279066, 36.1637538]]}, "properties": {"class": "primary"}}, {"type": "Feature", "geometry": {"type": "LineString", "coordinates": [[-115.1272181, 36.163458], [-115.1273654, 36.1635723], [-115.1277081, 36.1637228], [-115.1279066, 36.1637538]]}, "properties": {"class": "primary"}}, {"type": "Feature", "geometry": {"type": "LineString", "coordinates": [[-115.1262096, 36.1630248], [-115.1260486, 36.1629557], [-115.1256991, 36.1628055], [-115.1253119, 36.1626392]]}, "properties": {"class": "primary"}}, {"type": "Feature", "geometry": {"type": "LineString", "coordinates": [[-115.1265283, 36.1631617], [-115.1265215, 36.1630867], [-115.1262849, 36.1629856], [-115.1262096, 36.1630248]]}, "properties": {"class": "primary"}}, {"type": "Feature", "geometry": {"type": "LineString", "coordinates": [[-115.1262096, 36.1630248], [-115.1262226, 36.1630798], [-115.1262522, 36.1630927], [-115.1264508, 36.163179], [-115.1265283, 36.1631617]]}, "properties": {"class": "primary"}}, {"type": "Feature", "geometry": {"type": "LineString", "coordinates": [[-115.1250237, 36.1625155], [-115.1250285, 36.1626893], [-115.1250302, 36.1627529]]}, "properties": {"class": "tertiary"}}, {"type": "Feature", "geometry": {"type": "LineString", "coordinates": [[-115.1250195, 36.1623532], [-115.1250202, 36.1623815], [-115.1250237, 36.1625155]]}, "properties": {"class": "tertiary"}}, {"type": "Feature", "geometry": {"type": "LineString", "coordinates": [[-115.1251237, 36.162755], [-115.1251229, 36.1627169], [-115.1251226, 36.1627007], [-115.1251197, 36.1625568]]}, "properties": {"class": "tertiary"}}, {"type": "Feature", "geometry": {"type": "LineString", "coordinates": [[-115.1250925, 36.162795], [-115.1251237, 36.162755]]}, "properties": {"class": "tertiary"}}, {"type": "Feature", "geometry": {"type": "LineString", "coordinates": [[-115.1250578, 36.1619323], [-115.1250103, 36.1620105]]}, "properties": {"class": "tertiary"}}, {"type": "Feature", "geometry": {"type": "LineString", "coordinates": [[-115.1250302, 36.1627529], [-115.1250925, 36.162795]]}, "properties": {"class": "tertiary"}}, {"type": "Feature", "geometry": {"type": "LineString", "coordinates": [[-115.1251023, 36.1620021], [-115.1250578, 36.1619323]]}, "properties": {"class": "tertiary"}}, {"type": "Feature", "geometry": {"type": "LineString", "coordinates": [[-115.1390637, 36.1655679], [-115.1388426, 36.1654726], [-115.1387693, 36.165441]]}, "properties": {"class": "tertiary"}}, {"type": "Feature", "geometry": {"type": "LineString", "coordinates": [[-115.1641579, 36.1449804], [-115.1643504, 36.1446897]]}, "properties": {"class": "secondary"}}, {"type": "Feature", "geometry": {"type": "LineString", "coordinates": [[-115.1474912, 36.173655], [-115.147405, 36.1735751]]}, "properties": {"class": "secondary"}}, {"type": "Feature", "geometry": {"type": "LineString", "coordinates": [[-115.1473535, 36.1736588], [-115.1474912, 36.173655]]}, "properties": {"class": "secondary"}}, {"type": "Feature", "geometry": {"type": "LineString", "coordinates": [[-115.149206, 36.1736691], [-115.1491928, 36.1736389], [-115.149135, 36.1735073]]}, "properties": {"class": "secondary"}}, {"type": "Feature", "geometry": {"type": "LineString", "coordinates": [[-115.149135, 36.1735073], [-115.1491205, 36.1736628], [-115.1491179, 36.1736909]]}, "properties": {"class": "secondary"}}, {"type": "Feature", "geometry": {"type": "LineString", "coordinates": [[-115.1492928, 36.1733809], [-115.149135, 36.1735073]]}, "properties": {"class": "secondary"}}, {"type": "Feature", "geometry": {"type": "LineString", "coordinates": [[-115.149135, 36.1735073], [-115.1493359, 36.1735332]]}, "properties": {"class": "secondary"}}, {"type": "Feature", "geometry": {"type": "LineString", "coordinates": [[-115.158899, 36.1591094], [-115.1589192, 36.1590073]]}, "properties": {"class": "secondary"}}, {"type": "Feature", "geometry": {"type": "LineString", "coordinates": [[-115.1609419, 36.1884035], [-115.1608554, 36.1884031]]}, "properties": {"class": "secondary"}}, {"type": "Feature", "geometry": {"type": "LineString", "coordinates": [[-115.1607683, 36.1885351], [-115.1608546, 36.1885346]]}, "properties": {"class": "secondary"}}, {"type": "Feature", "geometry": {"type": "LineString", "coordinates": [[-115.1613603, 36.1884051], [-115.161093, 36.188404], [-115.1610589, 36.1884039], [-115.1609419, 36.1884035]]}, "properties": {"class": "secondary"}}, {"type": "Feature", "geometry": {"type": "LineString", "coordinates": [[-115.1618187, 36.1884068], [-115.1613603, 36.1884051]]}, "properties": {"class": "secondary"}}, {"type": "Feature", "geometry": {"type": "LineString", "coordinates": [[-115.1528233, 36.1471533], [-115.1527201, 36.1472232]]}, "properties": {"class": "secondary"}}, {"type": "Feature", "geometry": {"type": "LineString", "coordinates": [[-115.1528653, 36.1472347], [-115.1528233, 36.1471533]]}, "properties": {"class": "secondary"}}, {"type": "Feature", "geometry": {"type": "LineString", "coordinates": [[-115.1568494, 36.1634501], [-115.1577722, 36.1620012]]}, "properties": {"class": "secondary"}}, {"type": "Feature", "geometry": {"type": "LineString", "coordinates": [[-115.15582, 36.165026], [-115.1559114, 36.1648841], [-115.1562493, 36.1643737], [-115.1567497, 36.1635826], [-115.1567652, 36.1635581], [-115.1568011, 36.1635125], [-115.1568494, 36.1634501]]}, "properties": {"class": "secondary"}}, {"type": "Feature", "geometry": {"type": "LineString", "coordinates": [[-115.1554077, 36.1658521], [-115.1554365, 36.1657075], [-115.1554761, 36.1655912], [-115.1555438, 36.1654607], [-115.1557157, 36.1651901], [-115.15582, 36.165026]]}, "properties": {"class": "secondary"}}, {"type": "Feature", "geometry": {"type": "LineString", "coordinates": [[-115.1554567, 36.1665845], [-115.1554446, 36.1665003], [-115.1554332, 36.1664026], [-115.1553963, 36.1659728], [-115.1554077, 36.1658521]]}, "properties": {"class": "secondary"}}, {"type": "Feature", "geometry": {"type": "LineString", "coordinates": [[-115.1454362, 36.1687916], [-115.1456031, 36.1685311], [-115.145618, 36.1685078], [-115.145677, 36.1684158]]}, "properties": {"class": "secondary"}}, {"type": "Feature", "geometry": {"type": "LineString", "coordinates": [[-115.145677, 36.1684158], [-115.1457366, 36.1683238], [-115.1461735, 36.1676493], [-115.1463963, 36.167302], [-115.146433, 36.1672428]]}, "properties": {"class": "secondary"}}, {"type": "Feature", "geometry": {"type": "LineString", "coordinates": [[-115.144881, 36.1694197], [-115.1448753, 36.1694473], [-115.1448546, 36.1695473]]}, "properties": {"class": "secondary"}}, {"type": "Feature", "geometry": {"type": "LineString", "coordinates": [[-115.1164222, 36.1606955], [-115.116433, 36.1606694], [-115.1164407, 36.1606396], [-115.1164617, 36.1604903], [-115.1164734, 36.160309], [-115.1165059, 36.1598649], [-115.1165138, 36.1597111], [-115.1165138, 36.1595227], [-115.1165004, 36.1594534], [-115.1164602, 36.1594014], [-115.1164038, 36.1593646], [-115.1163495, 36.1593442]]}, "properties": {"class": "residential"}}, {"type": "Feature", "geometry": {"type": "LineString", "coordinates": [[-115.1160989, 36.1598559], [-115.1162973, 36.1598603], [-115.1165059, 36.1598649]]}, "properties": {"class": "residential"}}, {"type": "Feature", "geometry": {"type": "LineString", "coordinates": [[-115.116515, 36.1606827], [-115.1164867, 36.1606806], [-115.1164469, 36.1606927], [-115.1164222, 36.1606955], [-115.1163745, 36.1607229], [-115.1163129, 36.1607353], [-115.1162281, 36.1607416]]}, "properties": {"class": "residential"}}, {"type": "Feature", "geometry": {"type": "LineString", "coordinates": [[-115.1403199, 36.1732067], [-115.1403668, 36.173378], [-115.1404681, 36.1737919]]}, "properties": {"class": "secondary"}}, {"type": "Feature", "geometry": {"type": "LineString", "coordinates": [[-115.1452409, 36.1644792], [-115.1451755, 36.164579], [-115.1451085, 36.1646799]]}, "properties": {"class": "tertiary"}}, {"type": "Feature", "geometry": {"type": "LineString", "coordinates": [[-115.1356532, 36.1715597], [-115.1351675, 36.171347], [-115.1350793, 36.1713084]]}, "properties": {"class": "residential"}}, {"type": "Feature", "geometry": {"type": "LineString", "coordinates": [[-115.1350793, 36.1713084], [-115.1350269, 36.1713917], [-115.1346565, 36.17198]]}, "properties": {"class": "residential"}}, {"type": "Feature", "geometry": {"type": "LineString", "coordinates": [[-115.136914, 36.170617], [-115.1368596, 36.1707048], [-115.1368474, 36.1707245], [-115.1362317, 36.1717179], [-115.136187, 36.17179]]}, "properties": {"class": "tertiary"}}, {"type": "Feature", "geometry": {"type": "LineString", "coordinates": [[-115.136914, 36.170617], [-115.1368377, 36.1705841], [-115.1368188, 36.1705759], [-115.1363843, 36.1703884], [-115.135892, 36.170176], [-115.135776, 36.170126]]}, "properties": {"class": "secondary"}}, {"type": "Feature", "geometry": {"type": "LineString", "coordinates": [[-115.13115, 36.1681336], [-115.1310431, 36.1680881], [-115.131023, 36.1680796], [-115.1309374, 36.1680432], [-115.1307148, 36.1679488], [-115.1305916, 36.1678966], [-115.1304991, 36.1678574], [-115.1302779, 36.1677636], [-115.1301388, 36.1677048], [-115.1300954, 36.1676889], [-115.130015, 36.1676526]]}, "properties": {"class": "secondary"}}, {"type": "Feature", "geometry": {"type": "LineString", "coordinates": [[-115.1357, 36.165612], [-115.1358093, 36.165659], [-115.1362897, 36.1658658], [-115.1367683, 36.1660717], [-115.136834, 36.1661]]}, "properties": {"class": "tertiary"}}, {"type": "Feature", "geometry": {"type": "LineString", "coordinates": [[-115.136834, 36.1661], [-115.1369543, 36.166152], [-115.1374285, 36.166357], [-115.1378959, 36.1665591], [-115.1379033, 36.1665623], [-115.137972, 36.166592]]}, "properties": {"class": "tertiary"}}, {"type": "Feature", "geometry": {"type": "LineString", "coordinates": [[-115.1334471, 36.1646475], [-115.1335377, 36.1646828], [-115.1335629, 36.164696], [-115.1340159, 36.1648892], [-115.1345012, 36.1651004], [-115.1345826, 36.1651339]]}, "properties": {"class": "tertiary"}}, {"type": "Feature", "geometry": {"type": "LineString", "coordinates": [[-115.138774, 36.1699192], [-115.1386614, 36.1698706], [-115.1383078, 36.169718]]}, "properties": {"class": "tertiary"}}, {"type": "Feature", "geometry": {"type": "LineString", "coordinates": [[-115.1646632, 36.1884148], [-115.1633335, 36.1884126]]}, "properties": {"class": "secondary"}}, {"type": "Feature", "geometry": {"type": "LineString", "coordinates": [[-115.1653175, 36.1884159], [-115.1646632, 36.1884148]]}, "properties": {"class": "secondary"}}, {"type": "Feature", "geometry": {"type": "LineString", "coordinates": [[-115.1522483, 36.1516561], [-115.1524454, 36.1513568], [-115.1524728, 36.1513153], [-115.1525576, 36.1511871]]}, "properties": {"class": "primary"}}, {"type": "Feature", "geometry": {"type": "LineString", "coordinates": [[-115.151981, 36.1520619], [-115.1520337, 36.151982], [-115.1522483, 36.1516561]]}, "properties": {"class": "primary"}}, {"type": "Feature", "geometry": {"type": "LineString", "coordinates": [[-115.1274229, 36.1634784], [-115.1272181, 36.163458]]}, "properties": {"class": "primary"}}, {"type": "Feature", "geometry": {"type": "LineString", "coordinates": [[-115.1272181, 36.163458], [-115.1270519, 36.1633866], [-115.1269797, 36.1633556]]}, "properties": {"class": "primary"}}, {"type": "Feature", "geometry": {"type": "LineString", "coordinates": [[-115.137591, 36.164933], [-115.1372247, 36.1647751], [-115.1370406, 36.1646957], [-115.1367661, 36.1645774]]}, "properties": {"class": "tertiary"}}, {"type": "Feature", "geometry": {"type": "LineString", "coordinates": [[-115.1367661, 36.1645774], [-115.136452, 36.164442]]}, "properties": {"class": "tertiary"}}, {"type": "Feature", "geometry": {"type": "LineString", "coordinates": [[-115.1379392, 36.1650831], [-115.1377221, 36.1649895], [-115.137591, 36.164933]]}, "properties": {"class": "tertiary"}}, {"type": "Feature", "geometry": {"type": "LineString", "coordinates": [[-115.128896, 36.1641788], [-115.1286562, 36.1640758]]}, "properties": {"class": "primary"}}, {"type": "Feature", "geometry": {"type": "LineString", "coordinates": [[-115.1468932, 36.1808998], [-115.1470227, 36.1808971]]}, "properties": {"class": "primary"}}, {"type": "Feature", "geometry": {"type": "LineString", "coordinates": [[-115.1399101, 36.1811223], [-115.1398231, 36.1811481]]}, "properties": {"class": "primary"}}, {"type": "Feature", "geometry": {"type": "LineString", "coordinates": [[-115.1398231, 36.1811481], [-115.1398878, 36.181211]]}, "properties": {"class": "primary"}}, {"type": "Feature", "geometry": {"type": "LineString", "coordinates": [[-115.1251197, 36.1625568], [-115.1250237, 36.1625155]]}, "properties": {"class": "primary"}}, {"type": "Feature", "geometry": {"type": "LineString", "coordinates": [[-115.144703, 36.1881812], [-115.1446898, 36.188311], [-115.1447088, 36.188389], [-115.144748, 36.188469]]}, "properties": {"class": "residential"}}, {"type": "Feature", "geometry": {"type": "LineString", "coordinates": [[-115.1312464, 36.174081], [-115.131388, 36.1740354]]}, "properties": {"class": "secondary"}}, {"type": "Feature", "geometry": {"type": "LineString", "coordinates": [[-115.1306505, 36.1757721], [-115.130568, 36.1757651], [-115.1304955, 36.1757582]]}, "properties": {"class": "residential"}}, {"type": "Feature", "geometry": {"type": "LineString", "coordinates": [[-115.1249793, 36.1863132], [-115.1249897, 36.1883264], [-115.1249906, 36.1883984]]}, "properties": {"class": "secondary"}}, {"type": "Feature", "geometry": {"type": "LineString", "coordinates": [[-115.125401, 36.1784536], [-115.1252896, 36.1785522], [-115.1252244, 36.1786305], [-115.1251694, 36.1787114], [-115.1251088, 36.1788234], [-115.1250241, 36.1790227]]}, "properties": {"class": "secondary"}}, {"type": "Feature", "geometry": {"type": "LineString", "coordinates": [[-115.125401, 36.1784536], [-115.1253978, 36.1779305]]}, "properties": {"class": "tertiary"}}, {"type": "Feature", "geometry": {"type": "LineString", "coordinates": [[-115.1253641, 36.1775187], [-115.1253134, 36.1776429]]}, "properties": {"class": "tertiary"}}, {"type": "Feature", "geometry": {"type": "LineString", "coordinates": [[-115.125396, 36.1776381], [-115.1253641, 36.1775187]]}, "properties": {"class": "tertiary"}}, {"type": "Feature", "geometry": {"type": "LineString", "coordinates": [[-115.1317747, 36.1649667], [-115.1316454, 36.1651652], [-115.1316333, 36.1651849], [-115.1316185, 36.1652092], [-115.1315547, 36.1653105]]}, "properties": {"class": "secondary"}}, {"type": "Feature", "geometry": {"type": "LineString", "coordinates": [[-115.1303917, 36.1731665], [-115.1304355, 36.1732628], [-115.1304737, 36.1733837], [-115.1304927, 36.1735097], [-115.130498, 36.1736173]]}, "properties": {"class": "secondary"}}, {"type": "Feature", "geometry": {"type": "LineString", "coordinates": [[-115.1296944, 36.1739781], [-115.1296364, 36.174027]]}, "properties": {"class": "secondary"}}, {"type": "Feature", "geometry": {"type": "LineString", "coordinates": [[-115.1296364, 36.174027], [-115.1297021, 36.174078]]}, "properties": {"class": "secondary"}}, {"type": "Feature", "geometry": {"type": "LineString", "coordinates": [[-115.131388, 36.1740354], [-115.1312473, 36.173983]]}, "properties": {"class": "secondary"}}, {"type": "Feature", "geometry": {"type": "LineString", "coordinates": [[-115.1306538, 36.1746652], [-115.1306554, 36.1744598]]}, "properties": {"class": "secondary"}}, {"type": "Feature", "geometry": {"type": "LineString", "coordinates": [[-115.1509547, 36.1593153], [-115.1509586, 36.1593902]]}, "properties": {"class": "secondary"}}, {"type": "Feature", "geometry": {"type": "LineString", "coordinates": [[-115.1509088, 36.1588937], [-115.1509085, 36.1589775], [-115.1509073, 36.1590286], [-115.1509088, 36.1590454], [-115.1509215, 36.1591831], [-115.1509547, 36.1593153]]}, "properties": {"class": "secondary"}}, {"type": "Feature", "geometry": {"type": "LineString", "coordinates": [[-115.1511675, 36.1568935], [-115.1512186, 36.1567452]]}, "properties": {"class": "tertiary"}}, {"type": "Feature", "geometry": {"type": "LineString", "coordinates": [[-115.1512186, 36.1567452], [-115.1512307, 36.1565813], [-115.1512471, 36.156348]]}, "properties": {"class": "tertiary"}}, {"type": "Feature", "geometry": {"type": "LineString", "coordinates": [[-115.1512471, 36.156348], [-115.1512633, 36.1561258], [-115.1512652, 36.1561], [-115.1512688, 36.1559958]]}, "properties": {"class": "tertiary"}}, {"type": "Feature", "geometry": {"type": "LineString", "coordinates": [[-115.1512688, 36.1559958], [-115.1512721, 36.1558994], [-115.1512853, 36.1555301], [-115.1513218, 36.1551105], [-115.1513497, 36.1548259], [-115.1513644, 36.1546763], [-115.1513591, 36.1545883]]}, "properties": {"class": "tertiary"}}, {"type": "Feature", "geometry": {"type": "LineString", "coordinates": [[-115.1512476, 36.1545641], [-115.151223, 36.1546131]]}, "properties": {"class": "tertiary"}}, {"type": "Feature", "geometry": {"type": "LineString", "coordinates": [[-115.1404483, 36.1696929], [-115.1405677, 36.169509]]}, "properties": {"class": "primary"}}, {"type": "Feature", "geometry": {"type": "LineString", "coordinates": [[-115.1449974, 36.169452], [-115.1451269, 36.1692649]]}, "properties": {"class": "secondary"}}, {"type": "Feature", "geometry": {"type": "LineString", "coordinates": [[-115.1511675, 36.155687], [-115.1511504, 36.1558414], [-115.1511463, 36.1558773], [-115.1511344, 36.1559783]]}, "properties": {"class": "tertiary"}}, {"type": "Feature", "geometry": {"type": "LineString", "coordinates": [[-115.1346146, 36.1940924], [-115.1344367, 36.1940592], [-115.134281, 36.1940086]]}, "properties": {"class": "residential"}}, {"type": "Feature", "geometry": {"type": "LineString", "coordinates": [[-115.1342735, 36.1942318], [-115.1344366, 36.1941385], [-115.1346146, 36.1940924]]}, "properties": {"class": "residential"}}, {"type": "Feature", "geometry": {"type": "LineString", "coordinates": [[-115.1400118, 36.1659774], [-115.139899, 36.165928]]}, "properties": {"class": "tertiary"}}, {"type": "Feature", "geometry": {"type": "LineString", "coordinates": [[-115.139899, 36.165928], [-115.1398332, 36.1658996]]}, "properties": {"class": "tertiary"}}, {"type": "Feature", "geometry": {"type": "LineString", "coordinates": [[-115.1508867, 36.1631907], [-115.1506256, 36.1630743], [-115.15053, 36.163038]]}, "properties": {"class": "tertiary"}}, {"type": "Feature", "geometry": {"type": "LineString", "coordinates": [[-115.1508867, 36.1631907], [-115.151187, 36.1633706], [-115.1512756, 36.1634237]]}, "properties": {"class": "tertiary"}}, {"type": "Feature", "geometry": {"type": "LineString", "coordinates": [[-115.1511948, 36.1641017], [-115.1511397, 36.1643578]]}, "properties": {"class": "primary"}}, {"type": "Feature", "geometry": {"type": "LineString", "coordinates": [[-115.1511397, 36.1643578], [-115.1513256, 36.1641264]]}, "properties": {"class": "primary"}}, {"type": "Feature", "geometry": {"type": "LineString", "coordinates": [[-115.1513256, 36.1641264], [-115.1513732, 36.1640766], [-115.1514225, 36.1640341], [-115.151477, 36.1640003], [-115.1515279, 36.1639743], [-115.1516191, 36.1639296]]}, "properties": {"class": "primary"}}, {"type": "Feature", "geometry": {"type": "LineString", "coordinates": [[-115.1548371, 36.1590969], [-115.1548651, 36.1590075], [-115.1548678, 36.1589789], [-115.1548669, 36.1589071]]}, "properties": {"class": "primary"}}, {"type": "Feature", "geometry": {"type": "LineString", "coordinates": [[-115.154862, 36.158771], [-115.1548607, 36.1586978], [-115.1548693, 36.1585181], [-115.1548882, 36.1583236], [-115.1549015, 36.1581909], [-115.154908, 36.1581291]]}, "properties": {"class": "secondary"}}, {"type": "Feature", "geometry": {"type": "LineString", "coordinates": [[-115.1543801, 36.1512251], [-115.1543415, 36.1512447], [-115.1542277, 36.1513024]]}, "properties": {"class": "secondary"}}, {"type": "Feature", "geometry": {"type": "LineString", "coordinates": [[-115.1541533, 36.151354], [-115.1541042, 36.1514134]]}, "properties": {"class": "secondary"}}, {"type": "Feature", "geometry": {"type": "LineString", "coordinates": [[-115.154289, 36.1491922], [-115.1543606, 36.1490337]]}, "properties": {"class": "secondary"}}, {"type": "Feature", "geometry": {"type": "LineString", "coordinates": [[-115.1542518, 36.149031], [-115.154289, 36.1491922]]}, "properties": {"class": "secondary"}}, {"type": "Feature", "geometry": {"type": "LineString", "coordinates": [[-115.1534458, 36.1479522], [-115.1532589, 36.1479312]]}, "properties": {"class": "tertiary"}}, {"type": "Feature", "geometry": {"type": "LineString", "coordinates": [[-115.1510977, 36.1644222], [-115.1511397, 36.1643578]]}, "properties": {"class": "primary"}}, {"type": "Feature", "geometry": {"type": "LineString", "coordinates": [[-115.1506765, 36.1650693], [-115.1508603, 36.1647871], [-115.1508773, 36.1647609], [-115.1509191, 36.1646967]]}, "properties": {"class": "primary"}}, {"type": "Feature", "geometry": {"type": "LineString", "coordinates": [[-115.1504483, 36.16542], [-115.1506765, 36.1650693]]}, "properties": {"class": "primary"}}, {"type": "Feature", "geometry": {"type": "LineString", "coordinates": [[-115.1339705, 36.1898347], [-115.1337967, 36.1899367], [-115.1335407, 36.190106]]}, "properties": {"class": "secondary"}}, {"type": "Feature", "geometry": {"type": "LineString", "coordinates": [[-115.1397495, 36.1818536], [-115.1393571, 36.1824502]]}, "properties": {"class": "secondary"}}, {"type": "Feature", "geometry": {"type": "LineString", "coordinates": [[-115.1407957, 36.180233], [-115.1406439, 36.1804783], [-115.1405696, 36.1805983], [-115.1404777, 36.1807469]]}, "properties": {"class": "secondary"}}, {"type": "Feature", "geometry": {"type": "LineString", "coordinates": [[-115.1423271, 36.1778989], [-115.1422998, 36.1779405], [-115.1422311, 36.1780451], [-115.1421624, 36.1781498]]}, "properties": {"class": "secondary"}}, {"type": "Feature", "geometry": {"type": "LineString", "coordinates": [[-115.1425717, 36.177616], [-115.1426668, 36.1774704]]}, "properties": {"class": "secondary"}}, {"type": "Feature", "geometry": {"type": "LineString", "coordinates": [[-115.142339, 36.1777544], [-115.1423271, 36.1778989]]}, "properties": {"class": "secondary"}}, {"type": "Feature", "geometry": {"type": "LineString", "coordinates": [[-115.1423271, 36.1778989], [-115.1424315, 36.1778133], [-115.142449, 36.1777989]]}, "properties": {"class": "secondary"}}, {"type": "Feature", "geometry": {"type": "LineString", "coordinates": [[-115.1429799, 36.1767808], [-115.1429396, 36.1768404]]}, "properties": {"class": "secondary"}}, {"type": "Feature", "geometry": {"type": "LineString", "coordinates": [[-115.1440589, 36.175148], [-115.1440827, 36.1752162]]}, "properties": {"class": "secondary"}}, {"type": "Feature", "geometry": {"type": "LineString", "coordinates": [[-115.1440827, 36.1752162], [-115.144165, 36.1751851]]}, "properties": {"class": "secondary"}}, {"type": "Feature", "geometry": {"type": "LineString", "coordinates": [[-115.1491692, 36.1673965], [-115.1492988, 36.1672912]]}, "properties": {"class": "primary"}}, {"type": "Feature", "geometry": {"type": "LineString", "coordinates": [[-115.1492988, 36.1672912], [-115.1493683, 36.1671859], [-115.1493977, 36.1671414]]}, "properties": {"class": "primary"}}, {"type": "Feature", "geometry": {"type": "LineString", "coordinates": [[-115.1491991, 36.1672542], [-115.1491692, 36.1673965]]}, "properties": {"class": "primary"}}, {"type": "Feature", "geometry": {"type": "LineString", "coordinates": [[-115.149299, 36.1670999], [-115.1491991, 36.1672542]]}, "properties": {"class": "primary"}}, {"type": "Feature", "geometry": {"type": "LineString", "coordinates": [[-115.1493977, 36.1671414], [-115.1494116, 36.1670259]]}, "properties": {"class": "primary"}}, {"type": "Feature", "geometry": {"type": "LineString", "coordinates": [[-115.1494116, 36.1670259], [-115.149299, 36.1670999]]}, "properties": {"class": "primary"}}, {"type": "Feature", "geometry": {"type": "LineString", "coordinates": [[-115.1496814, 36.1665083], [-115.1496232, 36.1665989]]}, "properties": {"class": "primary"}}, {"type": "Feature", "geometry": {"type": "LineString", "coordinates": [[-115.1496366, 36.1666771], [-115.1495999, 36.1667335]]}, "properties": {"class": "primary"}}, {"type": "Feature", "geometry": {"type": "LineString", "coordinates": [[-115.1512688, 36.1559958], [-115.151202, 36.1559925]]}, "properties": {"class": "tertiary"}}, {"type": "Feature", "geometry": {"type": "LineString", "coordinates": [[-115.1431269, 36.176773], [-115.1431843, 36.1766885]]}, "properties": {"class": "secondary"}}, {"type": "Feature", "geometry": {"type": "LineString", "coordinates": [[-115.1374872, 36.1515672], [-115.1372356, 36.1515648], [-115.1371961, 36.151566], [-115.1371096, 36.1515669]]}, "properties": {"class": "tertiary"}}, {"type": "Feature", "geometry": {"type": "LineString", "coordinates": [[-115.1365618, 36.151571], [-115.1360904, 36.1515683], [-115.133765, 36.151571], [-115.1329871, 36.1515798], [-115.1329008, 36.1515808], [-115.1328328, 36.1515821], [-115.1319179, 36.1515993], [-115.131774, 36.151602], [-115.131369, 36.151616], [-115.130546, 36.151642], [-115.130483, 36.151643], [-115.130343, 36.151644], [-115.1299501, 36.1516481], [-115.129575, 36.151652], [-115.1293684, 36.1516537], [-115.1286942, 36.15166], [-115.128589, 36.15166], [-115.1285472, 36.1516605], [-115.1281196, 36.1516661], [-115.1281017, 36.1516663], [-115.1279777, 36.151668], [-115.1279507, 36.1516683], [-115.127747, 36.151671], [-115.1254002, 36.1516952], [-115.125291, 36.151696], [-115.1252278, 36.1516966], [-115.1234342, 36.151714], [-115.123326, 36.151715], [-115.1232697, 36.1517134], [-115.1213231, 36.1517359], [-115.121228, 36.151737], [-115.1211709, 36.1517374], [-115.1192133, 36.151751], [-115.1190704, 36.151752], [-115.1190231, 36.1517523], [-115.1189271, 36.151753]]}, "properties": {"class": "tertiary"}}, {"type": "Feature", "geometry": {"type": "LineString", "coordinates": [[-115.1369349, 36.1517247], [-115.1369346, 36.1518568]]}, "properties": {"class": "primary"}}, {"type": "Feature", "geometry": {"type": "LineString", "coordinates": [[-115.1369346, 36.1518568], [-115.1369337, 36.1521795], [-115.1369394, 36.1523752], [-115.1369461, 36.152647], [-115.1369528, 36.1528371], [-115.1369526, 36.1530277], [-115.1369521, 36.1534841], [-115.1369534, 36.1538241], [-115.1369501, 36.1541484], [-115.1369374, 36.1544819], [-115.1369345, 36.1546648]]}, "properties": {"class": "primary"}}, {"type": "Feature", "geometry": {"type": "LineString", "coordinates": [[-115.136938, 36.1515671], [-115.136832, 36.1515683], [-115.136818, 36.1515684], [-115.1365618, 36.151571]]}, "properties": {"class": "tertiary"}}, {"type": "Feature", "geometry": {"type": "LineString", "coordinates": [[-115.1544217, 36.1707244], [-115.1547308, 36.170863], [-115.1550149, 36.1709863], [-115.1550913, 36.1710181], [-115.1553352, 36.1711218], [-115.1555061, 36.1711961], [-115.1556785, 36.1712633], [-115.1557415, 36.1712839], [-115.1557954, 36.1713003], [-115.1558574, 36.1713174], [-115.1559161, 36.1713311], [-115.155996, 36.1713468], [-115.1560818, 36.1713651]]}, "properties": {"class": "tertiary"}}, {"type": "Feature", "geometry": {"type": "LineString", "coordinates": [[-115.1564318, 36.17134], [-115.1560818, 36.1713651]]}, "properties": {"class": "tertiary"}}, {"type": "Feature", "geometry": {"type": "LineString", "coordinates": [[-115.1560818, 36.1713651], [-115.1564182, 36.1714535]]}, "properties": {"class": "tertiary"}}, {"type": "Feature", "geometry": {"type": "LineString", "coordinates": [[-115.1541451, 36.1706059], [-115.1542123, 36.1706347], [-115.1543544, 36.1706956], [-115.1544217, 36.1707244]]}, "properties": {"class": "tertiary"}}, {"type": "Feature", "geometry": {"type": "LineString", "coordinates": [[-115.1533706, 36.1703592], [-115.1535059, 36.1703347]]}, "properties": {"class": "tertiary"}}, {"type": "Feature", "geometry": {"type": "LineString", "coordinates": [[-115.1535059, 36.1703347], [-115.1534492, 36.1702402]]}, "properties": {"class": "tertiary"}}, {"type": "Feature", "geometry": {"type": "LineString", "coordinates": [[-115.1598736, 36.1659159], [-115.1598485, 36.1659981]]}, "properties": {"class": "motorway"}}, {"type": "Feature", "geometry": {"type": "LineString", "coordinates": [[-115.1640337, 36.1516174], [-115.1637667, 36.15189]]}, "properties": {"class": "motorway"}}, {"type": "Feature", "geometry": {"type": "LineString", "coordinates": [[-115.1440059, 36.1515316], [-115.1440085, 36.1514691]]}, "properties": {"class": "residential"}}, {"type": "Feature", "geometry": {"type": "LineString", "coordinates": [[-115.1250848, 36.1590415], [-115.125085, 36.1590317], [-115.1250847, 36.1590061], [-115.125084, 36.1589323]]}, "properties": {"class": "tertiary"}}, {"type": "Feature", "geometry": {"type": "LineString", "coordinates": [[-115.1189606, 36.158958], [-115.118972, 36.1589104]]}, "properties": {"class": "primary"}}, {"type": "Feature", "geometry": {"type": "LineString", "coordinates": [[-115.129064, 36.17284], [-115.1290202, 36.1728398], [-115.1286627, 36.1728386], [-115.128183, 36.172837], [-115.1277113, 36.1728348], [-115.127099, 36.172832], [-115.126022, 36.172828], [-115.1252579, 36.1728254]]}, "properties": {"class": "residential"}}, {"type": "Feature", "geometry": {"type": "LineString", "coordinates": [[-115.1260263, 36.168616], [-115.1260269, 36.1686518], [-115.1260285, 36.1692039], [-115.1260279, 36.1692787], [-115.1260134, 36.170966], [-115.126013, 36.171012], [-115.1260133, 36.1710802]]}, "properties": {"class": "residential"}}, {"type": "Feature", "geometry": {"type": "LineString", "coordinates": [[-115.1206846, 36.1701044], [-115.120685, 36.1701659]]}, "properties": {"class": "residential"}}, {"type": "Feature", "geometry": {"type": "LineString", "coordinates": [[-115.1229087, 36.1700809], [-115.1229076, 36.1701365], [-115.1229163, 36.1705853], [-115.122893, 36.171025], [-115.1228956, 36.1714943], [-115.122898, 36.171937], [-115.1229032, 36.1724078], [-115.122908, 36.172838], [-115.1229125, 36.1733668], [-115.1229168, 36.1738604], [-115.1229179, 36.1739926]]}, "properties": {"class": "residential"}}, {"type": "Feature", "geometry": {"type": "LineString", "coordinates": [[-115.1618445, 36.1643344], [-115.161862, 36.1642649]]}, "properties": {"class": "secondary"}}, {"type": "Feature", "geometry": {"type": "LineString", "coordinates": [[-115.1616906, 36.1642847], [-115.1618445, 36.1643344]]}, "properties": {"class": "tertiary"}}, {"type": "Feature", "geometry": {"type": "LineString", "coordinates": [[-115.1281919, 36.1695206], [-115.1281917, 36.1695444], [-115.128189, 36.1697117], [-115.1282007, 36.1708029], [-115.1282008, 36.1708182], [-115.1281961, 36.1709749], [-115.1281913, 36.1710378], [-115.1281892, 36.1711016]]}, "properties": {"class": "residential"}}, {"type": "Feature", "geometry": {"type": "LineString", "coordinates": [[-115.1535736, 36.1589049], [-115.1536379, 36.1589057], [-115.153717, 36.1589065], [-115.1541672, 36.1589115]]}, "properties": {"class": "primary"}}, {"type": "Feature", "geometry": {"type": "LineString", "coordinates": [[-115.1250237, 36.1625155], [-115.1248282, 36.1624315], [-115.1248051, 36.1624215], [-115.1243103, 36.1622053]]}, "properties": {"class": "primary"}}, {"type": "Feature", "geometry": {"type": "LineString", "coordinates": [[-115.1243103, 36.1622053], [-115.1242935, 36.1621451], [-115.1240752, 36.1620472], [-115.1239902, 36.1620715]]}, "properties": {"class": "primary"}}, {"type": "Feature", "geometry": {"type": "LineString", "coordinates": [[-115.1239902, 36.1620715], [-115.1238321, 36.1620036], [-115.1237976, 36.1619887], [-115.1236124, 36.1619092], [-115.1235249, 36.1618716], [-115.1232798, 36.1617663], [-115.1232203, 36.1617407], [-115.1230455, 36.1616656], [-115.1229724, 36.1616321]]}, "properties": {"class": "primary"}}, {"type": "Feature", "geometry": {"type": "LineString", "coordinates": [[-115.1226896, 36.1615128], [-115.1226836, 36.1615536], [-115.1229246, 36.1616544], [-115.1229724, 36.1616321]]}, "properties": {"class": "primary"}}, {"type": "Feature", "geometry": {"type": "LineString", "coordinates": [[-115.1239902, 36.1620715], [-115.1239955, 36.1621334], [-115.1242229, 36.1622297], [-115.124281, 36.1622133], [-115.1243103, 36.1622053]]}, "properties": {"class": "primary"}}, {"type": "Feature", "geometry": {"type": "LineString", "coordinates": [[-115.1229724, 36.1616321], [-115.1229606, 36.1615732], [-115.1227554, 36.1614891], [-115.1226896, 36.1615128]]}, "properties": {"class": "primary"}}, {"type": "Feature", "geometry": {"type": "LineString", "coordinates": [[-115.1226896, 36.1615128], [-115.1224144, 36.1613945], [-115.1221174, 36.161267], [-115.1217537, 36.1611107], [-115.1217418, 36.1611043]]}, "properties": {"class": "primary"}}, {"type": "Feature", "geometry": {"type": "LineString", "coordinates": [[-115.1217418, 36.1611043], [-115.1217385, 36.1610553], [-115.1216157, 36.1610029], [-115.121529, 36.1610116]]}, "properties": {"class": "primary"}}, {"type": "Feature", "geometry": {"type": "LineString", "coordinates": [[-115.121529, 36.1610116], [-115.1215522, 36.1610673], [-115.1216898, 36.1611226], [-115.1217418, 36.1611043]]}, "properties": {"class": "primary"}}, {"type": "Feature", "geometry": {"type": "LineString", "coordinates": [[-115.1201519, 36.1604227], [-115.1201013, 36.1604009], [-115.1199621, 36.1603411], [-115.1198439, 36.1602903], [-115.1197201, 36.1602372], [-115.1195174, 36.1601501]]}, "properties": {"class": "primary"}}, {"type": "Feature", "geometry": {"type": "LineString", "coordinates": [[-115.1201519, 36.1604227], [-115.1201862, 36.1604841], [-115.1203683, 36.1605625], [-115.120435, 36.1605443]]}, "properties": {"class": "primary"}}, {"type": "Feature", "geometry": {"type": "LineString", "coordinates": [[-115.120435, 36.1605443], [-115.1204247, 36.1604806], [-115.1202486, 36.1604014], [-115.1202142, 36.160409], [-115.1201519, 36.1604227]]}, "properties": {"class": "primary"}}, {"type": "Feature", "geometry": {"type": "LineString", "coordinates": [[-115.1174911, 36.173972], [-115.1172925, 36.1738859]]}, "properties": {"class": "secondary"}}, {"type": "Feature", "geometry": {"type": "LineString", "coordinates": [[-115.1338086, 36.1618438], [-115.1337141, 36.1617912], [-115.1332821, 36.1615833], [-115.1327793, 36.1613672], [-115.132681, 36.161325], [-115.1326362, 36.1613061], [-115.1316046, 36.1608702], [-115.1315048, 36.1608281]]}, "properties": {"class": "residential"}}, {"type": "Feature", "geometry": {"type": "LineString", "coordinates": [[-115.1349634, 36.1623239], [-115.1350001, 36.1622704], [-115.1350409, 36.162211], [-115.1353263, 36.1618088], [-115.1353571, 36.1617644], [-115.1353928, 36.1617131], [-115.1357126, 36.161277], [-115.1357312, 36.1612538], [-115.1357941, 36.1611757]]}, "properties": {"class": "secondary"}}, {"type": "Feature", "geometry": {"type": "LineString", "coordinates": [[-115.1349634, 36.1623239], [-115.1348677, 36.1622943], [-115.1348577, 36.1622913], [-115.1343918, 36.162094], [-115.1338086, 36.1618438]]}, "properties": {"class": "residential"}}, {"type": "Feature", "geometry": {"type": "LineString", "coordinates": [[-115.1339567, 36.1616681], [-115.1338971, 36.1617302], [-115.1338581, 36.1617802], [-115.1338086, 36.1618438]]}, "properties": {"class": "secondary"}}, {"type": "Feature", "geometry": {"type": "LineString", "coordinates": [[-115.1370323, 36.1589409], [-115.136851, 36.1588097]]}, "properties": {"class": "primary"}}, {"type": "Feature", "geometry": {"type": "LineString", "coordinates": [[-115.1579703, 36.1616915], [-115.1580343, 36.1615953]]}, "properties": {"class": "secondary"}}, {"type": "Feature", "geometry": {"type": "LineString", "coordinates": [[-115.1353641, 36.1588756], [-115.135454, 36.1589452]]}, "properties": {"class": "primary"}}, {"type": "Feature", "geometry": {"type": "LineString", "coordinates": [[-115.1354569, 36.1588143], [-115.1353641, 36.1588756]]}, "properties": {"class": "primary"}}, {"type": "Feature", "geometry": {"type": "LineString", "coordinates": [[-115.1516962, 36.159291], [-115.1518498, 36.1591884], [-115.1519798, 36.1591194]]}, "properties": {"class": "tertiary"}}, {"type": "Feature", "geometry": {"type": "LineString", "coordinates": [[-115.1514538, 36.1595466], [-115.1514669, 36.1595327], [-115.1515594, 36.1594234]]}, "properties": {"class": "tertiary"}}, {"type": "Feature", "geometry": {"type": "LineString", "coordinates": [[-115.1578834, 36.1615289], [-115.1578161, 36.1616235]]}, "properties": {"class": "secondary"}}, {"type": "Feature", "geometry": {"type": "LineString", "coordinates": [[-115.1605756, 36.1750505], [-115.1604774, 36.175034]]}, "properties": {"class": "motorway"}}, {"type": "Feature", "geometry": {"type": "LineString", "coordinates": [[-115.1541502, 36.174868], [-115.1540385, 36.1749634]]}, "properties": {"class": "motorway"}}, {"type": "Feature", "geometry": {"type": "LineString", "coordinates": [[-115.1433105, 36.1718765], [-115.1432545, 36.1719604], [-115.1431755, 36.1720787]]}, "properties": {"class": "secondary"}}, {"type": "Feature", "geometry": {"type": "LineString", "coordinates": [[-115.1431755, 36.1720787], [-115.1429144, 36.172388]]}, "properties": {"class": "secondary"}}, {"type": "Feature", "geometry": {"type": "LineString", "coordinates": [[-115.142622, 36.1730653], [-115.1426725, 36.1729808], [-115.1430045, 36.1724241]]}, "properties": {"class": "secondary"}}, {"type": "Feature", "geometry": {"type": "LineString", "coordinates": [[-115.1430045, 36.1724241], [-115.1431755, 36.1720787]]}, "properties": {"class": "secondary"}}, {"type": "Feature", "geometry": {"type": "LineString", "coordinates": [[-115.1333087, 36.1589502], [-115.1334334, 36.1588821]]}, "properties": {"class": "primary"}}, {"type": "Feature", "geometry": {"type": "LineString", "coordinates": [[-115.132141, 36.1588099], [-115.1319792, 36.1588768]]}, "properties": {"class": "primary"}}, {"type": "Feature", "geometry": {"type": "LineString", "coordinates": [[-115.1334334, 36.1588821], [-115.1333166, 36.158815]]}, "properties": {"class": "primary"}}, {"type": "Feature", "geometry": {"type": "LineString", "coordinates": [[-115.1489935, 36.16541], [-115.1490897, 36.165446], [-115.149671, 36.1656964]]}, "properties": {"class": "secondary"}}, {"type": "Feature", "geometry": {"type": "LineString", "coordinates": [[-115.1501365, 36.1658999], [-115.1501883, 36.1658202]]}, "properties": {"class": "primary"}}, {"type": "Feature", "geometry": {"type": "LineString", "coordinates": [[-115.1324028, 36.1662387], [-115.1325942, 36.1659405], [-115.1326068, 36.1659208], [-115.1326845, 36.1657998]]}, "properties": {"class": "secondary"}}, {"type": "Feature", "geometry": {"type": "LineString", "coordinates": [[-115.1623118, 36.1570653], [-115.1623892, 36.1570656]]}, "properties": {"class": "tertiary"}}, {"type": "Feature", "geometry": {"type": "LineString", "coordinates": [[-115.1644744, 36.1570673], [-115.1648088, 36.1570983]]}, "properties": {"class": "tertiary"}}, {"type": "Feature", "geometry": {"type": "LineString", "coordinates": [[-115.1617601, 36.1570639], [-115.1618812, 36.1570642]]}, "properties": {"class": "tertiary"}}, {"type": "Feature", "geometry": {"type": "LineString", "coordinates": [[-115.1621729, 36.157065], [-115.1623118, 36.1570653]]}, "properties": {"class": "tertiary"}}, {"type": "Feature", "geometry": {"type": "LineString", "coordinates": [[-115.1623892, 36.1570656], [-115.1626628, 36.1570662]]}, "properties": {"class": "tertiary"}}, {"type": "Feature", "geometry": {"type": "LineString", "coordinates": [[-115.1618812, 36.1570642], [-115.1620019, 36.1570646], [-115.1620409, 36.1570647], [-115.1621729, 36.157065]]}, "properties": {"class": "tertiary"}}, {"type": "Feature", "geometry": {"type": "LineString", "coordinates": [[-115.13348, 36.188509], [-115.1338881, 36.1885066], [-115.1339148, 36.1885064], [-115.1339814, 36.188506]]}, "properties": {"class": "secondary"}}, {"type": "Feature", "geometry": {"type": "LineString", "coordinates": [[-115.1344909, 36.1883967], [-115.1342301, 36.1884012], [-115.1341973, 36.1884018], [-115.1341329, 36.188403]]}, "properties": {"class": "secondary"}}, {"type": "Feature", "geometry": {"type": "LineString", "coordinates": [[-115.135533, 36.188391], [-115.135389, 36.1883918]]}, "properties": {"class": "secondary"}}, {"type": "Feature", "geometry": {"type": "LineString", "coordinates": [[-115.1341389, 36.1877522], [-115.1340869, 36.1875094]]}, "properties": {"class": "primary"}}, {"type": "Feature", "geometry": {"type": "LineString", "coordinates": [[-115.1341284, 36.1888808], [-115.1341311, 36.1885885], [-115.1341312, 36.1885777], [-115.1341315, 36.1885509], [-115.1341319, 36.1885052]]}, "properties": {"class": "primary"}}, {"type": "Feature", "geometry": {"type": "LineString", "coordinates": [[-115.1342826, 36.1901739], [-115.1343595, 36.1900539], [-115.134369, 36.1900405], [-115.1345881, 36.1897453], [-115.1348083, 36.1894298]]}, "properties": {"class": "secondary"}}, {"type": "Feature", "geometry": {"type": "LineString", "coordinates": [[-115.134076, 36.1905985], [-115.1342238, 36.1902869]]}, "properties": {"class": "secondary"}}, {"type": "Feature", "geometry": {"type": "LineString", "coordinates": [[-115.134076, 36.1905985], [-115.1340969, 36.1904345], [-115.1341095, 36.1902699]]}, "properties": {"class": "primary"}}, {"type": "Feature", "geometry": {"type": "LineString", "coordinates": [[-115.1341095, 36.1902699], [-115.1341056, 36.1898502], [-115.1341048, 36.1897674]]}, "properties": {"class": "primary"}}, {"type": "Feature", "geometry": {"type": "LineString", "coordinates": [[-115.1339909, 36.1912544], [-115.1339963, 36.191101], [-115.1340111, 36.1909464]]}, "properties": {"class": "primary"}}, {"type": "Feature", "geometry": {"type": "LineString", "coordinates": [[-115.132692, 36.192111], [-115.1327935, 36.1920462], [-115.1328461, 36.1920125]]}, "properties": {"class": "primary"}}, {"type": "Feature", "geometry": {"type": "LineString", "coordinates": [[-115.1326965, 36.1919822], [-115.1326951, 36.1920219], [-115.1326944, 36.1920425], [-115.132692, 36.192111]]}, "properties": {"class": "primary"}}, {"type": "Feature", "geometry": {"type": "LineString", "coordinates": [[-115.1345156, 36.1921254], [-115.1343709, 36.1920899], [-115.1342981, 36.1920645], [-115.1341921, 36.1919923]]}, "properties": {"class": "residential"}}, {"type": "Feature", "geometry": {"type": "LineString", "coordinates": [[-115.1342812, 36.1922857], [-115.134345, 36.1922114], [-115.1343921, 36.1921727], [-115.1345156, 36.1921254]]}, "properties": {"class": "residential"}}, {"type": "Feature", "geometry": {"type": "LineString", "coordinates": [[-115.1333559, 36.1907313], [-115.133409, 36.1908752], [-115.1334621, 36.1910191]]}, "properties": {"class": "primary"}}, {"type": "Feature", "geometry": {"type": "LineString", "coordinates": [[-115.1333559, 36.1907313], [-115.1333606, 36.1908539]]}, "properties": {"class": "primary"}}, {"type": "Feature", "geometry": {"type": "LineString", "coordinates": [[-115.1342932, 36.1932502], [-115.1342994, 36.1925494], [-115.1342927, 36.1923914], [-115.1342812, 36.1922857]]}, "properties": {"class": "primary"}}, {"type": "Feature", "geometry": {"type": "LineString", "coordinates": [[-115.1390877, 36.1715491], [-115.1390138, 36.1715174], [-115.1389872, 36.1715059], [-115.1386972, 36.1713812]]}, "properties": {"class": "secondary"}}, {"type": "Feature", "geometry": {"type": "LineString", "coordinates": [[-115.1394509, 36.1717023], [-115.1393255, 36.1716494], [-115.1392937, 36.171636], [-115.1392092, 36.1716003]]}, "properties": {"class": "primary"}}, {"type": "Feature", "geometry": {"type": "LineString", "coordinates": [[-115.140249, 36.1720992], [-115.1402231, 36.172143], [-115.1402056, 36.1721894]]}, "properties": {"class": "secondary"}}, {"type": "Feature", "geometry": {"type": "LineString", "coordinates": [[-115.1400126, 36.1719392], [-115.1401106, 36.1720403]]}, "properties": {"class": "primary"}}, {"type": "Feature", "geometry": {"type": "LineString", "coordinates": [[-115.1401609, 36.1719541], [-115.1400126, 36.1719392]]}, "properties": {"class": "primary"}}, {"type": "Feature", "geometry": {"type": "LineString", "coordinates": [[-115.140775, 36.1723228], [-115.1409476, 36.1723428]]}, "properties": {"class": "primary"}}, {"type": "Feature", "geometry": {"type": "LineString", "coordinates": [[-115.1409476, 36.1723428], [-115.1408646, 36.1722565]]}, "properties": {"class": "primary"}}, {"type": "Feature", "geometry": {"type": "LineString", "coordinates": [[-115.142622, 36.1730653], [-115.1425075, 36.1730162]]}, "properties": {"class": "primary"}}, {"type": "Feature", "geometry": {"type": "LineString", "coordinates": [[-115.1429928, 36.1732243], [-115.1427002, 36.1730988], [-115.1426749, 36.173088], [-115.142622, 36.1730653]]}, "properties": {"class": "primary"}}, {"type": "Feature", "geometry": {"type": "LineString", "coordinates": [[-115.143706, 36.1735301], [-115.1436163, 36.1734916], [-115.1435837, 36.1734777], [-115.1432723, 36.1733441]]}, "properties": {"class": "primary"}}]}