{"type": "FeatureCollection", "features": [{"type": "Feature", "geometry": {"type": "LineString", "coordinates": [[-111.9952254, 33.4569768], [-111.9950966, 33.4569769], [-111.995067, 33.4569769], [-111.9946272, 33.4569773], [-111.9942799, 33.457251], [-111.9942777, 33.4573831], [-111.994275, 33.4575451], [-111.9942664, 33.4580687], [-111.9942606, 33.4584209]]}, "properties": {"class": "residential"}}, {"type": "Feature", "geometry": {"type": "LineString", "coordinates": [[-111.9942828, 33.4561615], [-111.995066, 33.4561747], [-111.9951086, 33.4561654], [-111.995239, 33.4561368]]}, "properties": {"class": "residential"}}, {"type": "Feature", "geometry": {"type": "LineString", "coordinates": [[-111.9942827, 33.4560975], [-111.9942828, 33.4561615], [-111.9942705, 33.4564971], [-111.9941844, 33.4565647], [-111.9941757, 33.4565677], [-111.9940784, 33.4566012], [-111.9936073, 33.456596], [-111.9934047, 33.4565938]]}, "properties": {"class": "residential"}}, {"type": "Feature", "geometry": {"type": "LineString", "coordinates": [[-112.034607, 33.4483459], [-112.0346096, 33.4482448], [-112.03461, 33.4482017]]}, "properties": {"class": "residential"}}, {"type": "Feature", "geometry": {"type": "LineString", "coordinates": [[-112.0202588, 33.4556617], [-112.0202591, 33.4560228], [-112.0202601, 33.457053], [-112.0202605, 33.4574574], [-112.02026, 33.4578053]]}, "properties": {"class": "residential"}}, {"type": "Feature", "geometry": {"type": "LineString", "coordinates": [[-112.0204976, 33.4595073], [-112.0204931, 33.4603994], [-112.0205109, 33.4613964], [-112.020484, 33.4614582]]}, "properties": {"class": "residential"}}, {"type": "Feature", "geometry": {"type": "LineString", "coordinates": [[-112.0203682, 33.4528457], [-112.0202598, 33.4530833], [-112.0202448, 33.4531577], [-112.0202348, 33.4533098], [-112.0202466, 33.4534781]]}, "properties": {"class": "residential"}}, {"type": "Feature", "geometry": {"type": "LineString", "coordinates": [[-112.0107267, 33.4539392], [-112.0107258, 33.4540765], [-112.0107255, 33.4541226], [-112.0107233, 33.4544733], [-112.0107249, 33.4548634], [-112.0107251, 33.4549115], [-112.0107253, 33.4549684], [-112.0107271, 33.4553671], [-112.0107251, 33.4557716], [-112.0107249, 33.4558172], [-112.0107257, 33.455875], [-112.0107311, 33.4562915], [-112.0107327, 33.4566739], [-112.010733, 33.4567325], [-112.0107329, 33.4567824], [-112.0107319, 33.4571868], [-112.0107328, 33.4575843], [-112.0107329, 33.4576369]]}, "properties": {"class": "residential"}}, {"type": "Feature", "geometry": {"type": "LineString", "coordinates": [[-112.0286186, 33.4105459], [-112.0286482, 33.408837], [-112.0286455, 33.4087599], [-112.0286458, 33.4087269]]}, "properties": {"class": "residential"}}, {"type": "Feature", "geometry": {"type": "LineString", "coordinates": [[-112.0172552, 33.4480906], [-112.0172537, 33.4481645], [-112.0172536, 33.4482026], [-112.0172533, 33.4482735], [-112.0172529, 33.4483708], [-112.0172505, 33.4487547], [-112.0172505, 33.4487753], [-112.0172497, 33.4491665], [-112.0172495, 33.4492483], [-112.0172496, 33.4493183], [-112.01725, 33.4497322], [-112.01725, 33.4497629], [-112.0172502, 33.4499929], [-112.0172504, 33.4502752], [-112.0172404, 33.4507943], [-112.0172347, 33.4511762], [-112.0172345, 33.4511977], [-112.0172306, 33.4513048], [-112.01723, 33.4514039], [-112.0172302, 33.4514211], [-112.0172336, 33.4527916], [-112.017234, 33.4530644], [-112.0172342, 33.4532497], [-112.0172347, 33.453431], [-112.0172352, 33.4535379], [-112.017235, 33.453703], [-112.0172372, 33.454036], [-112.017237, 33.4544681], [-112.017237, 33.454851], [-112.0172373, 33.4549407], [-112.0172375, 33.4550194], [-112.0172389, 33.4555534], [-112.0172396, 33.4559931], [-112.0172398, 33.4561369], [-112.0172403, 33.4564353], [-112.0172407, 33.456683], [-112.0172408, 33.456752], [-112.0172429, 33.4570424], [-112.0172435, 33.4571329], [-112.0172437, 33.4572073], [-112.0172451, 33.4576431], [-112.017245, 33.4576997], [-112.0172447, 33.458032], [-112.0172437, 33.4584551], [-112.0172435, 33.4585466], [-112.0172437, 33.4586392], [-112.0172447, 33.4590092], [-112.0172458, 33.4593626], [-112.0172459, 33.4594036], [-112.0172461, 33.4594545], [-112.0172466, 33.4597174], [-112.0172474, 33.4598897], [-112.0172482, 33.4601392], [-112.0172503, 33.4603317], [-112.017249, 33.4604061], [-112.0172499, 33.4606927], [-112.0172513, 33.4611519]]}, "properties": {"class": "residential"}}, {"type": "Feature", "geometry": {"type": "LineString", "coordinates": [[-112.002131, 33.4512722], [-112.0021306, 33.4513668], [-112.0021305, 33.4513878], [-112.0021292, 33.4516816], [-112.0021289, 33.4517732], [-112.0021271, 33.4521769], [-112.002126, 33.4524452], [-112.0021251, 33.452642], [-112.0021232, 33.453089], [-112.0021219, 33.4531681], [-112.0021212, 33.453553], [-112.0021193, 33.4539913], [-112.0021154, 33.4549053], [-112.0021152, 33.4549595], [-112.002115, 33.4550014]]}, "properties": {"class": "residential"}}, {"type": "Feature", "geometry": {"type": "LineString", "coordinates": [[-111.9922502, 33.4512175], [-111.99225, 33.4513264], [-111.99225, 33.4513483], [-111.9922506, 33.4517148], [-111.9922509, 33.4521404], [-111.992251, 33.4522122], [-111.9922528, 33.4548595]]}, "properties": {"class": "residential"}}, {"type": "Feature", "geometry": {"type": "LineString", "coordinates": [[-112.0083606, 33.4521873], [-112.0076446, 33.452188], [-112.0070273, 33.4521887], [-112.0063901, 33.4521894], [-112.0063167, 33.4521895], [-112.0062554, 33.4521896], [-112.0058964, 33.45219], [-112.0052032, 33.4521908], [-112.0044656, 33.4521917], [-112.0042228, 33.4521919], [-112.0041502, 33.452192]]}, "properties": {"class": "residential"}}, {"type": "Feature", "geometry": {"type": "LineString", "coordinates": [[-111.9933139, 33.4522244], [-111.9928082, 33.4522231], [-111.992251, 33.4522122], [-111.9916908, 33.4522128], [-111.9911532, 33.4522066]]}, "properties": {"class": "residential"}}, {"type": "Feature", "geometry": {"type": "LineString", "coordinates": [[-112.0366713, 33.4224036], [-112.0365935, 33.4223611], [-112.0357178, 33.4223836], [-112.0356853, 33.4223845], [-112.0346585, 33.4224109], [-112.0342612, 33.4224211], [-112.0341273, 33.4224246], [-112.033894, 33.4224306], [-112.0336472, 33.4224369], [-112.0334272, 33.4224426], [-112.0331615, 33.4224494], [-112.0331265, 33.4224503], [-112.0327772, 33.4224593], [-112.0326587, 33.4224624], [-112.0321263, 33.4224761], [-112.0320591, 33.4224778], [-112.0318018, 33.4224844], [-112.031711, 33.4224867], [-112.0312246, 33.4224993], [-112.0307531, 33.4225104], [-112.030706, 33.4225113], [-112.0306171, 33.4225126], [-112.0305869, 33.4225138], [-112.0304884, 33.4225152], [-112.0303694, 33.4225174], [-112.0302607, 33.4225184], [-112.0301277, 33.4225196], [-112.0299959, 33.4225192], [-112.0297145, 33.4225181], [-112.0292793, 33.4225164], [-112.0290269, 33.4225155], [-112.0284288, 33.4225132], [-112.0283472, 33.4225129], [-112.0281523, 33.4225122], [-112.0279306, 33.4225114], [-112.0278458, 33.4225111], [-112.0273783, 33.4225093], [-112.0268267, 33.4225073], [-112.0265845, 33.4225064], [-112.026526, 33.4225062], [-112.0262906, 33.4225053], [-112.026015, 33.4225043], [-112.025827, 33.4225036], [-112.0254708, 33.4225023], [-112.0254233, 33.4225021], [-112.0252697, 33.4225015], [-112.0251733, 33.4225011], [-112.024614, 33.422499]]}, "properties": {"class": "residential"}}, {"type": "Feature", "geometry": {"type": "LineString", "coordinates": [[-112.0188602, 33.4594121], [-112.0187644, 33.4593829], [-112.0173381, 33.4593637], [-112.0173265, 33.4593636], [-112.0172458, 33.4593626]]}, "properties": {"class": "residential"}}, {"type": "Feature", "geometry": {"type": "LineString", "coordinates": [[-112.0129122, 33.4463603], [-112.0130318, 33.4463603], [-112.0150142, 33.4463609], [-112.0155443, 33.4463611], [-112.0163794, 33.4463613], [-112.0172493, 33.4463616]]}, "properties": {"class": "residential"}}, {"type": "Feature", "geometry": {"type": "LineString", "coordinates": [[-112.0129098, 33.4461604], [-112.0127908, 33.4461601], [-112.0123512, 33.4461592], [-112.01017, 33.4461547], [-112.0100912, 33.4461545], [-112.0100128, 33.4461544], [-112.0097076, 33.4461542], [-112.0084338, 33.4461534], [-112.0077575, 33.446153], [-112.0076073, 33.4461529], [-112.0075199, 33.4461529], [-112.0074313, 33.4461528]]}, "properties": {"class": "residential"}}, {"type": "Feature", "geometry": {"type": "LineString", "coordinates": [[-112.0302694, 33.4463211], [-112.030105, 33.4463191], [-112.03002, 33.4463183], [-112.0299844, 33.4463179], [-112.0296808, 33.446315], [-112.0278548, 33.4462972], [-112.02591, 33.4462807]]}, "properties": {"class": "residential"}}, {"type": "Feature", "geometry": {"type": "LineString", "coordinates": [[-112.0359977, 33.4551863], [-112.0359373, 33.4551861], [-112.0348212, 33.4551818], [-112.0337654, 33.4551774], [-112.0331421, 33.4551748], [-112.0328831, 33.4551737], [-112.0327014, 33.455173], [-112.0321952, 33.4551718], [-112.0321297, 33.4551714], [-112.0317277, 33.4551687], [-112.031616, 33.455168], [-112.0313116, 33.455166], [-112.031057, 33.4551643], [-112.0303586, 33.4551597], [-112.0303175, 33.4551595], [-112.0302066, 33.4551587]]}, "properties": {"class": "residential"}}, {"type": "Feature", "geometry": {"type": "LineString", "coordinates": [[-112.0021193, 33.4539913], [-112.0002202, 33.4539911]]}, "properties": {"class": "residential"}}, {"type": "Feature", "geometry": {"type": "LineString", "coordinates": [[-112.0121534, 33.4548769], [-112.0120544, 33.4548942], [-112.0120295, 33.4548985], [-112.0118983, 33.4549152], [-112.0107895, 33.4549117], [-112.0107251, 33.4549115], [-112.0106641, 33.4549114], [-112.0085977, 33.4549083], [-112.0085315, 33.4549082], [-112.0084688, 33.4549082], [-112.0064007, 33.4549076], [-112.0063396, 33.4549076], [-112.0062752, 33.4549076], [-112.004246, 33.4549065], [-112.004176, 33.4549082]]}, "properties": {"class": "residential"}}, {"type": "Feature", "geometry": {"type": "LineString", "coordinates": [[-111.995259, 33.4548976], [-111.9951068, 33.4548957], [-111.9950946, 33.4548955], [-111.9933541, 33.454874], [-111.9928149, 33.4548669], [-111.9922528, 33.4548595], [-111.9916965, 33.4548522], [-111.9911227, 33.4548447]]}, "properties": {"class": "residential"}}, {"type": "Feature", "geometry": {"type": "LineString", "coordinates": [[-112.0213496, 33.4549309], [-112.0211894, 33.4549349], [-112.0211145, 33.4549368], [-112.0206767, 33.4549359], [-112.020118, 33.4549348], [-112.0193625, 33.4549333], [-112.019264, 33.4549331], [-112.0189399, 33.4549337], [-112.0184451, 33.4549348], [-112.0183743, 33.4549349], [-112.0183081, 33.4549351], [-112.0177678, 33.4549362], [-112.0176628, 33.4549364], [-112.0173385, 33.4549371], [-112.0172373, 33.4549407], [-112.0171543, 33.4549424], [-112.0171361, 33.4549423], [-112.0168338, 33.4549398], [-112.01661, 33.454938], [-112.0164812, 33.4549378], [-112.0160824, 33.4549372], [-112.0159705, 33.4549371], [-112.0158849, 33.4549382], [-112.015214, 33.4549332], [-112.0148961, 33.4549243], [-112.0147731, 33.4549274], [-112.0143401, 33.4549287], [-112.0142543, 33.4549282], [-112.0130688, 33.4549206], [-112.0130524, 33.4549205], [-112.0129159, 33.4549203]]}, "properties": {"class": "residential"}}, {"type": "Feature", "geometry": {"type": "LineString", "coordinates": [[-112.0333887, 33.4571559], [-112.0333888, 33.4571928], [-112.0333893, 33.4573079], [-112.0333908, 33.457651], [-112.033391, 33.4577072], [-112.0333921, 33.4577793], [-112.0333981, 33.4581725], [-112.0334008, 33.4585446], [-112.0334009, 33.4585576], [-112.0334014, 33.4586249]]}, "properties": {"class": "residential"}}, {"type": "Feature", "geometry": {"type": "LineString", "coordinates": [[-112.0328286, 33.4586249], [-112.0328286, 33.4586986], [-112.0328287, 33.459384]]}, "properties": {"class": "residential"}}, {"type": "Feature", "geometry": {"type": "LineString", "coordinates": [[-112.0239968, 33.4120213], [-112.023994, 33.4119089], [-112.0239961, 33.411589], [-112.023992, 33.411285], [-112.0239895, 33.4111447], [-112.02398, 33.410605]]}, "properties": {"class": "residential"}}, {"type": "Feature", "geometry": {"type": "LineString", "coordinates": [[-112.0361611, 33.4494883], [-112.0359819, 33.449433], [-112.0357033, 33.4494304], [-112.0350996, 33.4494247], [-112.0346814, 33.4494208], [-112.0346031, 33.4494201], [-112.0345239, 33.4494197], [-112.0339093, 33.4494165], [-112.0336506, 33.4494152], [-112.0336477, 33.4494152]]}, "properties": {"class": "residential"}}, {"type": "Feature", "geometry": {"type": "LineString", "coordinates": [[-112.0302005, 33.4493059], [-112.0300616, 33.4493052], [-112.0300361, 33.449305], [-112.0296099, 33.4493027], [-112.0292947, 33.4493009], [-112.029097, 33.4492998], [-112.0290129, 33.4492994], [-112.028942, 33.4492991], [-112.0288374, 33.4492987], [-112.0279223, 33.4492951], [-112.027841, 33.4492948], [-112.0263865, 33.4492878], [-112.0262796, 33.4492873], [-112.0258264, 33.4492851], [-112.025404, 33.4492831], [-112.0252686, 33.4492824], [-112.0249678, 33.449281], [-112.0247583, 33.44928], [-112.0239524, 33.4492761], [-112.0237814, 33.4492753], [-112.0236141, 33.4492736], [-112.0229927, 33.4492672], [-112.0226764, 33.4492653], [-112.0222817, 33.4492617], [-112.0216813, 33.4492563], [-112.0216628, 33.4492579], [-112.021564, 33.4492664], [-112.021462, 33.4492841], [-112.0214414, 33.449284], [-112.0206436, 33.449278], [-112.0193202, 33.4492683], [-112.0192266, 33.4492676], [-112.0191676, 33.449267], [-112.0173351, 33.4492491], [-112.0172495, 33.4492483]]}, "properties": {"class": "residential"}}, {"type": "Feature", "geometry": {"type": "LineString", "coordinates": [[-111.9938766, 33.4496211], [-111.993881, 33.4494237], [-111.9938977, 33.4486533], [-111.9939004, 33.4485277], [-111.9939054, 33.4482985], [-111.9939059, 33.448277], [-111.9939073, 33.4482097]]}, "properties": {"class": "residential"}}, {"type": "Feature", "geometry": {"type": "LineString", "coordinates": [[-112.0194116, 33.4556604], [-112.0194162, 33.4566675], [-112.0194165, 33.4567288], [-112.0194213, 33.4578038]]}, "properties": {"class": "residential"}}, {"type": "Feature", "geometry": {"type": "LineString", "coordinates": [[-112.0194154, 33.4585571], [-112.0194176, 33.4586486], [-112.0194176, 33.458651], [-112.0194177, 33.4587756], [-112.019417, 33.4590113], [-112.019417, 33.4593853], [-112.019417, 33.4604308], [-112.0194398, 33.4614125], [-112.0194413, 33.4614751]]}, "properties": {"class": "residential"}}, {"type": "Feature", "geometry": {"type": "LineString", "coordinates": [[-112.01941, 33.4526068], [-112.0194087, 33.4529069], [-112.019412, 33.4542165]]}, "properties": {"class": "residential"}}, {"type": "Feature", "geometry": {"type": "LineString", "coordinates": [[-112.0194186, 33.4482676], [-112.0193989, 33.4483268], [-112.0193857, 33.448355], [-112.0193731, 33.4483781], [-112.0193276, 33.4484594], [-112.0192845, 33.4485466], [-112.0192413, 33.448681], [-112.0192393, 33.4487697], [-112.0192279, 33.4492092], [-112.0192266, 33.4492676], [-112.0192271, 33.4493314], [-112.0192306, 33.449776], [-112.0192342, 33.4502283], [-112.0192347, 33.4502926], [-112.0192355, 33.4503466], [-112.0192422, 33.4508149], [-112.0192406, 33.4508689], [-112.0192468, 33.4509068], [-112.0192531, 33.4509411], [-112.0193673, 33.4511515], [-112.0193763, 33.4511676], [-112.0193873, 33.4512071], [-112.019391, 33.4512194], [-112.0193985, 33.4513082]]}, "properties": {"class": "residential"}}, {"type": "Feature", "geometry": {"type": "LineString", "coordinates": [[-112.012906, 33.447147], [-112.0127979, 33.4471467], [-112.0123419, 33.4471453], [-112.0117339, 33.4471434], [-112.0110106, 33.4471415], [-112.0106913, 33.4471407], [-112.0101671, 33.4471393], [-112.0100872, 33.4471391], [-112.0100126, 33.447139], [-112.0077601, 33.447136], [-112.0076127, 33.4471359], [-112.0075094, 33.4471357], [-112.00742, 33.4471356]]}, "properties": {"class": "residential"}}, {"type": "Feature", "geometry": {"type": "LineString", "coordinates": [[-112.0074223, 33.4476212], [-112.0074224, 33.447566], [-112.0074219, 33.4475382], [-112.00742, 33.4471356], [-112.0074248, 33.4467253], [-112.0074259, 33.4466358], [-112.0074313, 33.4461528], [-112.007432, 33.4461109], [-112.0074308, 33.4456465], [-112.0074306, 33.4455463], [-112.0074303, 33.4453343], [-112.0074382, 33.4452659], [-112.0074524, 33.4452385], [-112.0074802, 33.4452088]]}, "properties": {"class": "residential"}}, {"type": "Feature", "geometry": {"type": "LineString", "coordinates": [[-112.0362622, 33.4504377], [-112.0361884, 33.4504371], [-112.0352736, 33.4504293], [-112.0351863, 33.4504286], [-112.034678, 33.4504242], [-112.0345997, 33.4504235], [-112.0345227, 33.4504227], [-112.0338432, 33.4504157]]}, "properties": {"class": "residential"}}, {"type": "Feature", "geometry": {"type": "LineString", "coordinates": [[-112.0301964, 33.450319], [-112.0300472, 33.4503186], [-112.0300186, 33.4503185], [-112.0296421, 33.4503175], [-112.029268, 33.4503165], [-112.0290919, 33.450316], [-112.0290072, 33.4503158], [-112.027828, 33.4503127], [-112.0263662, 33.4503088], [-112.025893, 33.4503076]]}, "properties": {"class": "residential"}}, {"type": "Feature", "geometry": {"type": "LineString", "coordinates": [[-112.0215609, 33.4502986], [-112.0214386, 33.4502983], [-112.0193202, 33.4502928], [-112.0192347, 33.4502926], [-112.0191612, 33.450292], [-112.0173535, 33.4502761], [-112.0172504, 33.4502752]]}, "properties": {"class": "residential"}}, {"type": "Feature", "geometry": {"type": "LineString", "coordinates": [[-111.9858017, 33.4217894], [-111.985703, 33.4217883], [-111.9853305, 33.4217888], [-111.9851521, 33.4217904], [-111.9851, 33.4217908]]}, "properties": {"class": "primary"}}, {"type": "Feature", "geometry": {"type": "LineString", "coordinates": [[-112.0107789, 33.4116384], [-112.0105714, 33.4119667], [-112.0103206, 33.4123776]]}, "properties": {"class": "primary"}}, {"type": "Feature", "geometry": {"type": "LineString", "coordinates": [[-112.0384217, 33.4238362], [-112.0377201, 33.4238455], [-112.0375278, 33.423848], [-112.0371773, 33.4238548], [-112.0367625, 33.423861], [-112.0359078, 33.4238828], [-112.0357389, 33.4238871], [-112.0350955, 33.4239035], [-112.0343202, 33.4239233], [-112.034279, 33.4239244], [-112.0340005, 33.4239315], [-112.0338348, 33.4239357], [-112.0334307, 33.423946], [-112.0332555, 33.4239505], [-112.0330835, 33.4239549], [-112.0328968, 33.4239596], [-112.0326759, 33.4239651], [-112.032596, 33.4239671], [-112.0323519, 33.4239731], [-112.0322419, 33.4239758], [-112.032016, 33.4239821], [-112.031881, 33.4239851], [-112.0317374, 33.4239892], [-112.0315251, 33.4239946], [-112.0311381, 33.4240073]]}, "properties": {"class": "residential"}}, {"type": "Feature", "geometry": {"type": "LineString", "coordinates": [[-112.0278509, 33.4481651], [-112.0278505, 33.448099], [-112.0278507, 33.4480893], [-112.0278494, 33.4478781], [-112.0278499, 33.4477268], [-112.0278491, 33.4473782], [-112.0278489, 33.4473686], [-112.0278489, 33.4473024]]}, "properties": {"class": "residential"}}, {"type": "Feature", "geometry": {"type": "LineString", "coordinates": [[-112.0275457, 33.41124], [-112.027531, 33.4105544]]}, "properties": {"class": "residential"}}, {"type": "Feature", "geometry": {"type": "LineString", "coordinates": [[-112.0226441, 33.4585671], [-112.0226444, 33.4586577], [-112.0226502, 33.4603416], [-112.0226504, 33.4604073]]}, "properties": {"class": "residential"}}, {"type": "Feature", "geometry": {"type": "LineString", "coordinates": [[-112.0021271, 33.4521769], [-111.9997133, 33.4521712], [-111.9992005, 33.4521699]]}, "properties": {"class": "residential"}}, {"type": "Feature", "geometry": {"type": "LineString", "coordinates": [[-112.009466, 33.4530205], [-112.0094079, 33.4530597], [-112.0093741, 33.4530826], [-112.0085835, 33.4530958], [-112.0085209, 33.4530968], [-112.0084597, 33.4530966], [-112.0063926, 33.4530895], [-112.0063243, 33.4530893], [-112.0062576, 33.4530895], [-112.0042307, 33.4530945], [-112.0041594, 33.4530942]]}, "properties": {"class": "residential"}}, {"type": "Feature", "geometry": {"type": "LineString", "coordinates": [[-112.0360175, 33.4529233], [-112.0359359, 33.4529232], [-112.0354796, 33.4529224], [-112.0337476, 33.4529019], [-112.0333987, 33.4528978], [-112.0332452, 33.4528963], [-112.0329435, 33.4528933], [-112.0328175, 33.4528921], [-112.0327586, 33.4529097], [-112.0326626, 33.4529362], [-112.0325842, 33.4529608], [-112.0325389, 33.4529751], [-112.0317223, 33.4529697], [-112.0311531, 33.4529707], [-112.0310835, 33.4529708], [-112.0310021, 33.4529705], [-112.030868, 33.4529701], [-112.030343, 33.4529685], [-112.0303019, 33.4529678], [-112.0301978, 33.4529661]]}, "properties": {"class": "residential"}}, {"type": "Feature", "geometry": {"type": "LineString", "coordinates": [[-112.0212209, 33.4530209], [-112.021159, 33.4529909], [-112.0210845, 33.4529608], [-112.020991, 33.452947], [-112.0208873, 33.4529367], [-112.0207743, 33.4529381], [-112.0206807, 33.4529346], [-112.0206018, 33.4529215], [-112.0204845, 33.4528875], [-112.0203682, 33.4528457], [-112.0201741, 33.4527374], [-112.0199624, 33.4526636], [-112.0198303, 33.4526324], [-112.0196999, 33.4526166], [-112.01941, 33.4526068]]}, "properties": {"class": "residential"}}, {"type": "Feature", "geometry": {"type": "LineString", "coordinates": [[-112.027531, 33.4105544], [-112.0275326, 33.4102405], [-112.0275185, 33.4102052], [-112.0274774, 33.4101737], [-112.0268611, 33.41002], [-112.025107, 33.4096216], [-112.0250452, 33.4096306], [-112.0241068, 33.4097701], [-112.0224704, 33.4100087], [-112.0224087, 33.41003], [-112.0223641, 33.4100581], [-112.0223474, 33.4100686], [-112.0223383, 33.4101286], [-112.0223399, 33.41064]]}, "properties": {"class": "residential"}}, {"type": "Feature", "geometry": {"type": "LineString", "coordinates": [[-112.0326241, 33.4513636], [-112.032625, 33.451465], [-112.0326252, 33.4514812], [-112.0326277, 33.4517487], [-112.0326327, 33.4521747], [-112.0326345, 33.4522968], [-112.0326465, 33.4528627], [-112.0326532, 33.4528932], [-112.0326626, 33.4529362], [-112.0326788, 33.4530106], [-112.0326868, 33.4530473], [-112.0326866, 33.4534746], [-112.0327015, 33.4539654], [-112.0327025, 33.4539842], [-112.0327054, 33.4540389], [-112.0327086, 33.4541017], [-112.0327095, 33.4541187], [-112.0327202, 33.4546176], [-112.0327043, 33.4550885], [-112.0327037, 33.4551073], [-112.0327014, 33.455173]]}, "properties": {"class": "residential"}}, {"type": "Feature", "geometry": {"type": "LineString", "coordinates": [[-112.0041389, 33.4512721], [-112.0041404, 33.4513866], [-112.0041403, 33.4514102], [-112.0041414, 33.4514683], [-112.0041452, 33.4518034], [-112.0041502, 33.452192], [-112.0041548, 33.452645], [-112.0041594, 33.4530942], [-112.0041641, 33.4535535], [-112.0041659, 33.4537718], [-112.0041686, 33.4539956], [-112.0041733, 33.4544537], [-112.004176, 33.4549082], [-112.0041768, 33.4549756], [-112.0041803, 33.455138], [-112.0041826, 33.4553622], [-112.0041871, 33.4558099], [-112.0041891, 33.4560067], [-112.0041907, 33.4561668], [-112.0041918, 33.456273], [-112.0041984, 33.4567184], [-112.004198, 33.4567767], [-112.0041977, 33.4568373], [-112.0042047, 33.4568734]]}, "properties": {"class": "residential"}}, {"type": "Feature", "geometry": {"type": "LineString", "coordinates": [[-111.9905441, 33.4453857], [-111.9905509, 33.4452066], [-111.9905571, 33.445041], [-111.990562, 33.4448775], [-111.9905674, 33.4446984], [-111.9905727, 33.444525]]}, "properties": {"class": "residential"}}, {"type": "Feature", "geometry": {"type": "LineString", "coordinates": [[-112.0100897, 33.4481005], [-112.010091, 33.4480343], [-112.0100915, 33.4480109], [-112.0100898, 33.4477434], [-112.0100886, 33.4476264], [-112.0100874, 33.4472016], [-112.0100872, 33.4471391], [-112.0100875, 33.4470714], [-112.0100893, 33.4466461], [-112.0100909, 33.4462241], [-112.0100912, 33.4461545], [-112.0100913, 33.4460951], [-112.0100917, 33.4457287], [-112.0100904, 33.4456707], [-112.0100897, 33.4452551], [-112.0100895, 33.4451655]]}, "properties": {"class": "residential"}}, {"type": "Feature", "geometry": {"type": "LineString", "coordinates": [[-112.0172552, 33.4480906], [-112.0172544, 33.448], [-112.0172516, 33.4477729], [-112.017251, 33.4474657], [-112.0172495, 33.4464667], [-112.0172493, 33.4463616], [-112.0172488, 33.4460855], [-112.0172477, 33.4454378], [-112.0172476, 33.4453694]]}, "properties": {"class": "residential"}}, {"type": "Feature", "geometry": {"type": "LineString", "coordinates": [[-112.0028412, 33.4480657], [-112.00282, 33.4479851], [-112.0028167, 33.4479726], [-112.002779, 33.4478287], [-112.0027534, 33.447694], [-112.0027446, 33.4475709], [-112.0027587, 33.446766], [-112.0027732, 33.4459374], [-112.0027872, 33.4449669], [-112.0027937, 33.4445206], [-112.0028059, 33.4444437], [-112.0028394, 33.4444171], [-112.0028964, 33.4444087], [-112.0037482, 33.4444088]]}, "properties": {"class": "residential"}}, {"type": "Feature", "geometry": {"type": "LineString", "coordinates": [[-112.026991, 33.4585623], [-112.0269914, 33.4586782], [-112.026997, 33.4603565], [-112.0269972, 33.4604117]]}, "properties": {"class": "residential"}}, {"type": "Feature", "geometry": {"type": "LineString", "coordinates": [[-112.0258963, 33.4477733], [-112.0259077, 33.4473943], [-112.0259095, 33.4472128], [-112.025909, 33.4469056], [-112.0259095, 33.4467517], [-112.02591, 33.4462807], [-112.0259099, 33.4462179], [-112.0259096, 33.4460527], [-112.0259092, 33.4458261], [-112.0259089, 33.4456959], [-112.0259083, 33.4453619], [-112.0259147, 33.444904], [-112.0259211, 33.4444421]]}, "properties": {"class": "residential"}}, {"type": "Feature", "geometry": {"type": "LineString", "coordinates": [[-112.0250279, 33.4119175], [-112.0250198, 33.4115018], [-112.025016, 33.41128]]}, "properties": {"class": "residential"}}, {"type": "Feature", "geometry": {"type": "LineString", "coordinates": [[-111.9856363, 33.4104815], [-111.9856289, 33.4097019], [-111.9856235, 33.409657], [-111.9856088, 33.4096067], [-111.985582, 33.409558], [-111.9855259, 33.4094861]]}, "properties": {"class": "residential"}}, {"type": "Feature", "geometry": {"type": "LineString", "coordinates": [[-112.0360097, 33.4560302], [-112.0359424, 33.4560302], [-112.0337302, 33.4560306]]}, "properties": {"class": "residential"}}, {"type": "Feature", "geometry": {"type": "LineString", "coordinates": [[-112.0129182, 33.4558219], [-112.0127924, 33.4558213], [-112.0127402, 33.455821], [-112.0107886, 33.4558173], [-112.0107249, 33.4558172], [-112.0106664, 33.455817], [-112.0086021, 33.4558102], [-112.0085368, 33.45581], [-112.0084684, 33.45581], [-112.0064093, 33.45581], [-112.0063475, 33.45581], [-112.0062848, 33.45581], [-112.0042566, 33.4558099], [-112.0041871, 33.4558099]]}, "properties": {"class": "residential"}}, {"type": "Feature", "geometry": {"type": "LineString", "coordinates": [[-112.0021154, 33.4549053], [-112.0014582, 33.4549023]]}, "properties": {"class": "residential"}}, {"type": "Feature", "geometry": {"type": "LineString", "coordinates": [[-112.030218, 33.45641], [-112.0303216, 33.4564118], [-112.03124, 33.456417], [-112.0313359, 33.4564177], [-112.0315066, 33.4563729]]}, "properties": {"class": "residential"}}, {"type": "Feature", "geometry": {"type": "LineString", "coordinates": [[-111.9933605, 33.4556152], [-111.9911166, 33.4555749]]}, "properties": {"class": "residential"}}, {"type": "Feature", "geometry": {"type": "LineString", "coordinates": [[-112.0211157, 33.4556643], [-112.0202588, 33.4556617], [-112.0194116, 33.4556604]]}, "properties": {"class": "residential"}}, {"type": "Feature", "geometry": {"type": "LineString", "coordinates": [[-112.0297555, 33.4105285], [-112.0296209, 33.4105307], [-112.0295634, 33.4105317], [-112.029157, 33.4105386], [-112.0287745, 33.4105438], [-112.0286186, 33.4105459], [-112.0280583, 33.4105454], [-112.027531, 33.4105544], [-112.0249848, 33.4105907], [-112.02398, 33.410605], [-112.0232109, 33.4106214], [-112.0229192, 33.4106276], [-112.0228478, 33.4106291], [-112.0223399, 33.41064], [-112.022199, 33.410639], [-112.0220857, 33.4106382], [-112.0212196, 33.4106323]]}, "properties": {"class": "residential"}}, {"type": "Feature", "geometry": {"type": "LineString", "coordinates": [[-112.0212209, 33.4530209], [-112.0211584, 33.4531045], [-112.0211198, 33.4532115], [-112.0211128, 33.4535478], [-112.0211089, 33.4542226], [-112.0211145, 33.4549368], [-112.0211157, 33.4556643], [-112.0211216, 33.4570456], [-112.0211262, 33.4576173], [-112.0211291, 33.4577351], [-112.0211603, 33.4578061], [-112.0212074, 33.4578658], [-112.0213059, 33.45795], [-112.0214071, 33.4580332], [-112.0214914, 33.4582025], [-112.0215168, 33.4583021], [-112.0215221, 33.4584222], [-112.0215188, 33.4584816], [-112.021514, 33.4585688]]}, "properties": {"class": "residential"}}, {"type": "Feature", "geometry": {"type": "LineString", "coordinates": [[-112.0215755, 33.4481813], [-112.0215757, 33.4482266], [-112.021576, 33.4482994], [-112.0215766, 33.4484039], [-112.0215714, 33.4487605], [-112.021571, 33.4487873], [-112.0215649, 33.4492035], [-112.021564, 33.4492664], [-112.0215638, 33.4493387], [-112.0215624, 33.4497956], [-112.0215612, 33.4501962], [-112.0215609, 33.4502986], [-112.0215497, 33.4509293]]}, "properties": {"class": "residential"}}, {"type": "Feature", "geometry": {"type": "LineString", "coordinates": [[-112.0159764, 33.4513037], [-112.0159763, 33.4514017], [-112.0159764, 33.4514208], [-112.0159739, 33.4517867], [-112.0159722, 33.4521118], [-112.0159722, 33.4523219], [-112.015973, 33.4530728], [-112.0159705, 33.4534257], [-112.015967, 33.453932], [-112.0159614, 33.4540916], [-112.0159602, 33.4544321], [-112.01597, 33.4548753], [-112.0159705, 33.4549371], [-112.0159715, 33.4550414], [-112.0159772, 33.4554384], [-112.0159787, 33.4555467], [-112.0159791, 33.4561334], [-112.0159785, 33.4566644], [-112.0160025, 33.4567206]]}, "properties": {"class": "residential"}}, {"type": "Feature", "geometry": {"type": "LineString", "coordinates": [[-111.9934264, 33.4577521], [-111.9915165, 33.4577333], [-111.9910987, 33.4577292]]}, "properties": {"class": "residential"}}, {"type": "Feature", "geometry": {"type": "LineString", "coordinates": [[-112.030862, 33.4440024], [-112.0310866, 33.4440047], [-112.0317526, 33.4440115], [-112.0333865, 33.4440283], [-112.0335376, 33.4440298]]}, "properties": {"class": "residential"}}, {"type": "Feature", "geometry": {"type": "LineString", "coordinates": [[-112.0150632, 33.4567544], [-112.0150207, 33.4567471], [-112.0130758, 33.4567373], [-112.0130445, 33.4567363], [-112.0129277, 33.456732], [-112.0127954, 33.4567281], [-112.0127722, 33.4567263], [-112.0107984, 33.4567323], [-112.010733, 33.4567325], [-112.0106709, 33.4567324], [-112.0086089, 33.4567282], [-112.0085421, 33.4567281], [-112.0084776, 33.456728], [-112.0064164, 33.4567239], [-112.006355, 33.4567238], [-112.0062886, 33.4567237], [-112.0042639, 33.4567196], [-112.0041984, 33.4567184]]}, "properties": {"class": "residential"}}, {"type": "Feature", "geometry": {"type": "LineString", "coordinates": [[-111.993402, 33.4563279], [-111.9911106, 33.4563048]]}, "properties": {"class": "residential"}}, {"type": "Feature", "geometry": {"type": "LineString", "coordinates": [[-112.0360194, 33.456893], [-112.0357092, 33.4568857], [-112.0339629, 33.4568646]]}, "properties": {"class": "residential"}}, {"type": "Feature", "geometry": {"type": "LineString", "coordinates": [[-112.0172408, 33.456752], [-112.0171331, 33.4567532], [-112.0166147, 33.456749], [-112.0160664, 33.4567473], [-112.0160025, 33.4567206]]}, "properties": {"class": "residential"}}, {"type": "Feature", "geometry": {"type": "LineString", "coordinates": [[-112.0302579, 33.4454022], [-112.0300741, 33.4454016], [-112.0299974, 33.4454008], [-112.029961, 33.4454004], [-112.0278634, 33.4453772], [-112.0259083, 33.4453619]]}, "properties": {"class": "residential"}}, {"type": "Feature", "geometry": {"type": "LineString", "coordinates": [[-112.0129184, 33.445167], [-112.0127773, 33.4451669], [-112.0123553, 33.4451667], [-112.0110487, 33.4451661], [-112.0103897, 33.4451657], [-112.0100895, 33.4451655], [-112.0091143, 33.4451705], [-112.0090496, 33.4451708], [-112.0090127, 33.445171], [-112.0087228, 33.4451725], [-112.0082738, 33.4451748], [-112.0076327, 33.4451781], [-112.0075804, 33.4451778], [-112.0075343, 33.4451866], [-112.0074802, 33.4452088]]}, "properties": {"class": "residential"}}, {"type": "Feature", "geometry": {"type": "LineString", "coordinates": [[-111.9933139, 33.4522244], [-111.9933141, 33.452369], [-111.9933249, 33.4536245], [-111.9933281, 33.454034], [-111.9933483, 33.4544576], [-111.9933541, 33.454874], [-111.9933452, 33.455259], [-111.9933605, 33.4556152], [-111.9933824, 33.4557804], [-111.9933885, 33.4559768], [-111.9933921, 33.4560692], [-111.993402, 33.4563279], [-111.9934047, 33.4565938], [-111.9934062, 33.4566905], [-111.993411, 33.4570029], [-111.9934116, 33.4570387], [-111.993419, 33.4573948], [-111.9934264, 33.4577521], [-111.9934242, 33.4580289], [-111.9934236, 33.4581064], [-111.9934224, 33.4582526], [-111.9933646, 33.4583776]]}, "properties": {"class": "residential"}}, {"type": "Feature", "geometry": {"type": "LineString", "coordinates": [[-111.9927243, 33.4492432], [-111.9927385, 33.4487033], [-111.9927446, 33.4486484], [-111.9927603, 33.4483022], [-111.9927596, 33.4482924], [-111.9927626, 33.4482108]]}, "properties": {"class": "residential"}}, {"type": "Feature", "geometry": {"type": "LineString", "coordinates": [[-112.0193998, 33.444534], [-112.019397, 33.444785], [-112.0193954, 33.4449235], [-112.019392, 33.4452282], [-112.0193861, 33.4457456], [-112.0193812, 33.4461375], [-112.0193805, 33.4462382], [-112.0193789, 33.4463779], [-112.0193767, 33.4465756], [-112.0193723, 33.4469611], [-112.0193701, 33.4471558], [-112.0193669, 33.4474346], [-112.0193601, 33.4480368], [-112.01936, 33.4480482], [-112.0193569, 33.4481325]]}, "properties": {"class": "residential"}}, {"type": "Feature", "geometry": {"type": "LineString", "coordinates": [[-111.9911532, 33.4522066], [-111.9911367, 33.4535946], [-111.9911227, 33.4548447], [-111.9911197, 33.4552099], [-111.9911166, 33.4555749], [-111.9911136, 33.4559415], [-111.9911123, 33.4561003], [-111.9911106, 33.4563048], [-111.9911077, 33.4566529], [-111.9911046, 33.4570163], [-111.9911046, 33.4573761], [-111.9911007, 33.4574844], [-111.9910987, 33.4577292]]}, "properties": {"class": "residential"}}, {"type": "Feature", "geometry": {"type": "LineString", "coordinates": [[-111.997173, 33.4534325], [-111.9969962, 33.4534331], [-111.9959293, 33.4534189], [-111.9956783, 33.4534175], [-111.9954349, 33.4534144], [-111.9952814, 33.4534124]]}, "properties": {"class": "residential"}}, {"type": "Feature", "geometry": {"type": "LineString", "coordinates": [[-112.0275457, 33.41124], [-112.025016, 33.41128], [-112.023992, 33.411285]]}, "properties": {"class": "residential"}}, {"type": "Feature", "geometry": {"type": "LineString", "coordinates": [[-112.030331, 33.4439752], [-112.0302828, 33.443961], [-112.0302452, 33.4439583], [-112.0301103, 33.4439533], [-112.029925, 33.4439521], [-112.0296446, 33.4439538]]}, "properties": {"class": "residential"}}, {"type": "Feature", "geometry": {"type": "LineString", "coordinates": [[-112.006135, 33.4600151], [-112.0060685, 33.460145], [-112.0060721, 33.460495], [-112.0060694, 33.4607784], [-112.0060708, 33.4610198], [-112.0060738, 33.4615326], [-112.0060874, 33.4620645]]}, "properties": {"class": "residential"}}, {"type": "Feature", "geometry": {"type": "LineString", "coordinates": [[-112.0063035, 33.4512738], [-112.0063069, 33.4513702], [-112.0063078, 33.4513839], [-112.0063132, 33.4517967], [-112.0063161, 33.4521257], [-112.0063167, 33.4521895], [-112.0063173, 33.4522591], [-112.0063205, 33.4526384], [-112.006323, 33.4530401], [-112.0063243, 33.4530893], [-112.0063249, 33.4531593], [-112.0063282, 33.4535501], [-112.0063315, 33.4539488], [-112.0063319, 33.4539938], [-112.0063325, 33.4540607], [-112.0063358, 33.454457], [-112.0063392, 33.4548583], [-112.0063396, 33.4549076], [-112.0063401, 33.4549668], [-112.0063435, 33.4553638], [-112.0063471, 33.455768], [-112.0063475, 33.45581], [-112.006348, 33.455871], [-112.0063513, 33.4562915], [-112.0063545, 33.4566696], [-112.006355, 33.4567238], [-112.0063551, 33.4567772], [-112.0063555, 33.4571769], [-112.0063619, 33.4575781], [-112.0063626, 33.4576211], [-112.0063632, 33.4576866], [-112.0063664, 33.4580645], [-112.0063697, 33.4584598]]}, "properties": {"class": "residential"}}, {"type": "Feature", "geometry": {"type": "LineString", "coordinates": [[-112.034607, 33.4483459], [-112.0346062, 33.4484542], [-112.0346044, 33.4490104], [-112.0346033, 33.4493633], [-112.0346031, 33.4494201], [-112.0346028, 33.4494943], [-112.0345999, 33.4503546], [-112.0345997, 33.4504235], [-112.0345995, 33.4504823], [-112.0345963, 33.4512784], [-112.0345963, 33.451286], [-112.0345966, 33.4513871]]}, "properties": {"class": "residential"}}, {"type": "Feature", "geometry": {"type": "LineString", "coordinates": [[-112.0346206, 33.4586248], [-112.0346216, 33.4587001], [-112.0346217, 33.4587085], [-112.0346228, 33.4587936], [-112.0346728, 33.4589467], [-112.0346735, 33.4592912], [-112.0346755, 33.4594412], [-112.0346699, 33.4599819], [-112.0346668, 33.4605386]]}, "properties": {"class": "residential"}}, {"type": "Feature", "geometry": {"type": "LineString", "coordinates": [[-112.0258995, 33.458554], [-112.0259004, 33.4586701], [-112.0259136, 33.4603523], [-112.0259141, 33.4604157], [-112.0259148, 33.4604705], [-112.0259226, 33.4611114], [-112.025925, 33.4612896], [-112.0259325, 33.4613174], [-112.0259565, 33.4613556]]}, "properties": {"class": "residential"}}, {"type": "Feature", "geometry": {"type": "LineString", "coordinates": [[-112.0021232, 33.453089], [-111.999709, 33.4530831], [-111.9991451, 33.4530817]]}, "properties": {"class": "residential"}}, {"type": "Feature", "geometry": {"type": "LineString", "coordinates": [[-112.0107267, 33.4539392], [-112.0105697, 33.4539792], [-112.0104942, 33.4539984], [-112.0085921, 33.4539982], [-112.0085262, 33.4539982], [-112.0084634, 33.4539981], [-112.0063948, 33.4539939], [-112.0063319, 33.4539938], [-112.0062691, 33.4539939], [-112.0042429, 33.4539966], [-112.0041686, 33.4539956]]}, "properties": {"class": "residential"}}, {"type": "Feature", "geometry": {"type": "LineString", "coordinates": [[-112.0359949, 33.4540457], [-112.0359358, 33.4540456], [-112.034858, 33.4540434], [-112.0344152, 33.4540425], [-112.034106, 33.4540396], [-112.032757, 33.454039], [-112.0327054, 33.4540389], [-112.0326464, 33.4540387], [-112.0320077, 33.4540367], [-112.0310097, 33.454031], [-112.0306446, 33.4540262], [-112.0304483, 33.4540236], [-112.0303543, 33.4540224], [-112.0303075, 33.4540218], [-112.0302048, 33.4540204]]}, "properties": {"class": "residential"}}, {"type": "Feature", "geometry": {"type": "LineString", "coordinates": [[-111.995268, 33.4540648], [-111.9951575, 33.454063], [-111.9951375, 33.4540627], [-111.9933281, 33.454034]]}, "properties": {"class": "residential"}}, {"type": "Feature", "geometry": {"type": "LineString", "coordinates": [[-112.0211089, 33.4542226], [-112.019412, 33.4542165]]}, "properties": {"class": "residential"}}, {"type": "Feature", "geometry": {"type": "LineString", "coordinates": [[-112.0129098, 33.4461604], [-112.0129105, 33.4460749], [-112.0129123, 33.4458698], [-112.0129172, 33.445309], [-112.0129184, 33.445167], [-112.0129185, 33.4445029]]}, "properties": {"class": "secondary"}}, {"type": "Feature", "geometry": {"type": "LineString", "coordinates": [[-112.0346699, 33.4599819], [-112.033199, 33.4599798], [-112.031786, 33.4599718], [-112.0314517, 33.4599694], [-112.0310822, 33.4599667], [-112.0303811, 33.4599616], [-112.0303519, 33.4599614], [-112.0302371, 33.4599606]]}, "properties": {"class": "residential"}}, {"type": "Feature", "geometry": {"type": "LineString", "coordinates": [[-112.0188672, 33.4600444], [-112.0187809, 33.4600777], [-112.0176362, 33.4600658], [-112.0175658, 33.4600654], [-112.017508, 33.4600774], [-112.0173692, 33.46013], [-112.0173247, 33.460137], [-112.0173129, 33.4601389], [-112.0172482, 33.4601392]]}, "properties": {"class": "residential"}}, {"type": "Feature", "geometry": {"type": "LineString", "coordinates": [[-112.0290308, 33.4483044], [-112.0290288, 33.4484155], [-112.0290288, 33.4484162], [-112.0290239, 33.4487861], [-112.0290235, 33.4488069], [-112.0290146, 33.4492065], [-112.029014, 33.4492397], [-112.0290129, 33.4492994], [-112.0290125, 33.4493654], [-112.0290123, 33.4494095], [-112.02901, 33.4498083], [-112.0290093, 33.4499393], [-112.0290072, 33.4503158], [-112.0289961, 33.4512328], [-112.0289961, 33.4512461], [-112.0289962, 33.4513371]]}, "properties": {"class": "residential"}}, {"type": "Feature", "geometry": {"type": "LineString", "coordinates": [[-112.0291477, 33.4585788], [-112.0291477, 33.4586817], [-112.0291482, 33.4587223], [-112.0291485, 33.4588414], [-112.029155, 33.4603593], [-112.0291552, 33.460416], [-112.0291555, 33.4604668], [-112.0291598, 33.4612214], [-112.02916, 33.4612617], [-112.0291451, 33.4613173]]}, "properties": {"class": "residential"}}, {"type": "Feature", "geometry": {"type": "LineString", "coordinates": [[-112.0188602, 33.4594121], [-112.0189002, 33.4594761], [-112.018904, 33.4597322], [-112.0189083, 33.4599852], [-112.0188672, 33.4600444]]}, "properties": {"class": "residential"}}, {"type": "Feature", "geometry": {"type": "LineString", "coordinates": [[-112.0190213, 33.4374537], [-112.0182891, 33.4374509], [-112.0181768, 33.4374513], [-112.0180525, 33.4374536], [-112.0179351, 33.4374593], [-112.0178227, 33.4374689], [-112.0176897, 33.4374844], [-112.017606, 33.4374993], [-112.0175165, 33.4375178], [-112.0174203, 33.4375396], [-112.0173012, 33.437572], [-112.0172012, 33.4376034], [-112.0171097, 33.4376368], [-112.016967, 33.4376946], [-112.0169039, 33.4377221], [-112.0168001, 33.4377709], [-112.01671, 33.4378099], [-112.0166315, 33.4378397], [-112.0165485, 33.4378689], [-112.0164734, 33.4378928], [-112.0163414, 33.4379269], [-112.0162039, 33.4379583], [-112.0161047, 33.4379764], [-112.0160128, 33.4379893], [-112.015933, 33.4379993], [-112.0158415, 33.4380072], [-112.0157479, 33.4380103], [-112.0156573, 33.4380118], [-112.0120978, 33.43801], [-112.0120138, 33.4380081], [-112.0119402, 33.4380011], [-112.0118607, 33.4379879], [-112.0117839, 33.4379659], [-112.0117294, 33.4379462], [-112.0116613, 33.4379171], [-112.0115916, 33.4378787], [-112.0115341, 33.4378363], [-112.0114684, 33.4377784], [-112.0114047, 33.4377086]]}, "properties": {"class": "primary"}}, {"type": "Feature", "geometry": {"type": "LineString", "coordinates": [[-111.9997155, 33.4512686], [-111.9997154, 33.4513653], [-111.999715, 33.4513827], [-111.9997153, 33.4517426], [-111.9997133, 33.4521712], [-111.9997111, 33.4526303], [-111.999709, 33.4530831], [-111.999707, 33.4535155], [-111.9997061, 33.4537038]]}, "properties": {"class": "residential"}}, {"type": "Feature", "geometry": {"type": "LineString", "coordinates": [[-112.023732, 33.4585499], [-112.0237336, 33.4586752], [-112.0237369, 33.4591616], [-112.0237385, 33.4594315], [-112.0237403, 33.459747], [-112.0237434, 33.4603483], [-112.0237437, 33.4604099], [-112.0237447, 33.4604721], [-112.0237538, 33.4610608], [-112.0237549, 33.4611791], [-112.0237551, 33.4612708], [-112.0237443, 33.4613234], [-112.0237047, 33.4613661]]}, "properties": {"class": "residential"}}, {"type": "Feature", "geometry": {"type": "LineString", "coordinates": [[-112.0236614, 33.4464452], [-112.0237463, 33.4466483], [-112.0237453, 33.4469242], [-112.0237413, 33.4479821], [-112.0237411, 33.4480549], [-112.023741, 33.4480719], [-112.0237408, 33.4481392]]}, "properties": {"class": "residential"}}, {"type": "Feature", "geometry": {"type": "LineString", "coordinates": [[-112.0357094, 33.4577232], [-112.0356389, 33.4577227], [-112.0345324, 33.457715], [-112.0334778, 33.4577078], [-112.033391, 33.4577072], [-112.033316, 33.4577067], [-112.032748, 33.4577027], [-112.0318137, 33.4576963], [-112.0314285, 33.4576954], [-112.0308596, 33.457694], [-112.0303794, 33.4576928], [-112.0303422, 33.4576929], [-112.0302261, 33.4576933]]}, "properties": {"class": "residential"}}, {"type": "Feature", "geometry": {"type": "LineString", "coordinates": [[-112.0172451, 33.4576431], [-112.017047, 33.4576062], [-112.0166916, 33.4575402], [-112.0151757, 33.4575281], [-112.0150933, 33.4575266], [-112.015012, 33.4575278], [-112.0130816, 33.4575233], [-112.0130471, 33.4575233], [-112.0129293, 33.4575231]]}, "properties": {"class": "residential"}}, {"type": "Feature", "geometry": {"type": "LineString", "coordinates": [[-111.9934116, 33.4570387], [-111.9911046, 33.4570163]]}, "properties": {"class": "residential"}}, {"type": "Feature", "geometry": {"type": "LineString", "coordinates": [[-112.0211603, 33.4578061], [-112.02026, 33.4578053], [-112.0194213, 33.4578038]]}, "properties": {"class": "residential"}}, {"type": "Feature", "geometry": {"type": "LineString", "coordinates": [[-112.0117361, 33.451296], [-112.0117363, 33.4514094], [-112.0117361, 33.4514345], [-112.011738, 33.4521669], [-112.0117407, 33.4530312], [-112.011745, 33.4546208]]}, "properties": {"class": "residential"}}, {"type": "Feature", "geometry": {"type": "LineString", "coordinates": [[-112.011106, 33.4512929], [-112.011106, 33.4511961], [-112.011106, 33.4511866], [-112.0111068, 33.4507675], [-112.0111068, 33.4507039], [-112.0111068, 33.4503839], [-112.011106, 33.450015], [-112.0111069, 33.4497622], [-112.0111067, 33.4492566], [-112.0111065, 33.4486167], [-112.0111064, 33.4483346], [-112.0111059, 33.4482867], [-112.0111058, 33.4482424]]}, "properties": {"class": "residential"}}, {"type": "Feature", "geometry": {"type": "LineString", "coordinates": [[-112.0063697, 33.4584598], [-112.0053401, 33.4577078], [-112.00524, 33.4576347], [-112.0052047, 33.457609], [-112.0051177, 33.4575455], [-112.0046634, 33.4572143], [-112.0042362, 33.4569114], [-112.0042047, 33.4568734]]}, "properties": {"class": "residential"}}, {"type": "Feature", "geometry": {"type": "LineString", "coordinates": [[-112.0215906, 33.4445993], [-112.0215887, 33.4448638], [-112.021587, 33.4451014], [-112.0215865, 33.4451804], [-112.0215857, 33.4454014], [-112.0215846, 33.4457154], [-112.0215833, 33.4459032], [-112.0215814, 33.4463647], [-112.0215819, 33.4464731], [-112.0215802, 33.4468459], [-112.0215796, 33.4469777], [-112.0215747, 33.4480405], [-112.021575, 33.4481257], [-112.0215755, 33.4481813]]}, "properties": {"class": "residential"}}, {"type": "Feature", "geometry": {"type": "LineString", "coordinates": [[-112.0085163, 33.4523165], [-112.0085182, 33.4526335], [-112.0085206, 33.4530462], [-112.0085209, 33.4530968], [-112.0085212, 33.4531562], [-112.0085235, 33.4535518], [-112.0085259, 33.453954], [-112.0085262, 33.4539982], [-112.0085266, 33.454061], [-112.0085289, 33.4544586], [-112.0085312, 33.4548612], [-112.0085315, 33.4549082], [-112.0085318, 33.4549666], [-112.0085341, 33.4553605], [-112.0085365, 33.4557675], [-112.0085368, 33.45581], [-112.0085372, 33.4558742], [-112.0085395, 33.4562729], [-112.0085418, 33.4566736], [-112.0085421, 33.4567281], [-112.0085424, 33.4567809], [-112.0085447, 33.4571709], [-112.0085471, 33.4575791], [-112.0085474, 33.4576221], [-112.0085478, 33.4576868], [-112.0085499, 33.4580684], [-112.0085524, 33.4584838]]}, "properties": {"class": "residential"}}, {"type": "Feature", "geometry": {"type": "LineString", "coordinates": [[-112.0278543, 33.4482975], [-112.0278533, 33.4483792], [-112.027853, 33.4484057], [-112.0278512, 33.4484889], [-112.0278444, 33.4488007], [-112.0278414, 33.4492434], [-112.027841, 33.4492948], [-112.0278344, 33.4498141], [-112.027828, 33.4503127], [-112.027821, 33.4512338], [-112.027821, 33.451235], [-112.0278217, 33.4513404]]}, "properties": {"class": "residential"}}, {"type": "Feature", "geometry": {"type": "LineString", "coordinates": [[-112.0280659, 33.4585704], [-112.028066, 33.458675], [-112.028066, 33.4587061], [-112.028075, 33.4600959], [-112.0280767, 33.4603605], [-112.028077, 33.4604139], [-112.028077, 33.4604628], [-112.028077, 33.4613395], [-112.0281018, 33.4613806]]}, "properties": {"class": "residential"}}, {"type": "Feature", "geometry": {"type": "LineString", "coordinates": [[-111.9864738, 33.4104624], [-111.9864932, 33.410439], [-111.9865006, 33.4104123], [-111.9865033, 33.4097494], [-111.9864999, 33.4097225], [-111.9864847, 33.4096993]]}, "properties": {"class": "residential"}}, {"type": "Feature", "geometry": {"type": "LineString", "coordinates": [[-112.0129126, 33.455185], [-112.0127906, 33.4551868], [-112.0127787, 33.4551871], [-112.0126979, 33.4551894], [-112.0126337, 33.4551792], [-112.0125314, 33.4551393], [-112.0121534, 33.4548769], [-112.0120978, 33.454842], [-112.011745, 33.4546208], [-112.0114586, 33.4544428], [-112.0108323, 33.4540119], [-112.0107267, 33.4539392], [-112.0105809, 33.4538339], [-112.0101312, 33.4535092], [-112.009466, 33.4530205], [-112.0094385, 33.4530001], [-112.0085163, 33.4523165], [-112.0083606, 33.4521873]]}, "properties": {"class": "residential"}}, {"type": "Feature", "geometry": {"type": "LineString", "coordinates": [[-112.0280331, 33.4263264], [-112.0291221, 33.4266602], [-112.0293152, 33.4267162], [-112.0295284, 33.4267745], [-112.0297644, 33.4268308], [-112.0300205, 33.4268871]]}, "properties": {"class": "motorway"}}, {"type": "Feature", "geometry": {"type": "LineString", "coordinates": [[-111.9872377, 33.4478145], [-111.9872378, 33.447666], [-111.9872411, 33.4470515]]}, "properties": {"class": "primary"}}, {"type": "Feature", "geometry": {"type": "LineString", "coordinates": [[-112.0129305, 33.4576354], [-112.0127929, 33.4576349], [-112.0127447, 33.4576347], [-112.0124928, 33.457635], [-112.0123435, 33.4576351], [-112.0108001, 33.4576368], [-112.0107329, 33.4576369]]}, "properties": {"class": "residential"}}, {"type": "Feature", "geometry": {"type": "LineString", "coordinates": [[-112.0269633, 33.4472214], [-112.0268696, 33.4472206], [-112.0264932, 33.4472175], [-112.02617, 33.4472149], [-112.0259095, 33.4472128]]}, "properties": {"class": "residential"}}, {"type": "Feature", "geometry": {"type": "LineString", "coordinates": [[-112.0269633, 33.4472214], [-112.0270552, 33.4472309], [-112.0270714, 33.447235], [-112.0270993, 33.447242], [-112.0271278, 33.4472556], [-112.027153, 33.447286], [-112.0271636, 33.4473122], [-112.027165, 33.4473502], [-112.0271508, 33.4473733], [-112.0270968, 33.4474469]]}, "properties": {"class": "residential"}}, {"type": "Feature", "geometry": {"type": "LineString", "coordinates": [[-112.030186, 33.4483164], [-112.0301866, 33.448223], [-112.030186, 33.4481683]]}, "properties": {"class": "secondary"}}, {"type": "Feature", "geometry": {"type": "LineString", "coordinates": [[-112.0344202, 33.4376947], [-112.0345224, 33.4377002], [-112.0346245, 33.4377077], [-112.0348013, 33.4377243], [-112.034962, 33.4377463]]}, "properties": {"class": "motorway"}}, {"type": "Feature", "geometry": {"type": "LineString", "coordinates": [[-112.034962, 33.4377463], [-112.0350647, 33.4377643], [-112.0351425, 33.4377808], [-112.0352162, 33.4377974], [-112.0353672, 33.437835], [-112.0355079, 33.4378784], [-112.0356319, 33.4379244], [-112.0357521, 33.4379752], [-112.035879, 33.4380389], [-112.0360013, 33.438105], [-112.0361087, 33.4381766], [-112.0362053, 33.4382489], [-112.0363027, 33.4383249], [-112.0363795, 33.4383946], [-112.0364757, 33.4384915], [-112.0365743, 33.4386039], [-112.0366432, 33.4386976], [-112.0367271, 33.4388273], [-112.0367876, 33.438937], [-112.0368451, 33.4390531]]}, "properties": {"class": "motorway"}}, {"type": "Feature", "geometry": {"type": "LineString", "coordinates": [[-112.0349672, 33.4375251], [-112.0347916, 33.4375559], [-112.0346299, 33.4375783], [-112.0345327, 33.4375883], [-112.0344298, 33.4375973]]}, "properties": {"class": "motorway"}}, {"type": "Feature", "geometry": {"type": "LineString", "coordinates": [[-112.0382831, 33.4394785], [-112.0383384, 33.4393674], [-112.0383843, 33.4392721], [-112.0384277, 33.4391717], [-112.0384608, 33.439071], [-112.0384909, 33.438966], [-112.0385148, 33.4388575], [-112.0385362, 33.4387458], [-112.0385538, 33.4386313], [-112.0385652, 33.4384981], [-112.0385672, 33.4383934], [-112.0385618, 33.4382841], [-112.0385491, 33.4381877], [-112.0385301, 33.4380802], [-112.0385015, 33.4379799], [-112.0384643, 33.4378824], [-112.0384211, 33.4377933], [-112.0383646, 33.4377007], [-112.0382958, 33.4376106], [-112.0382122, 33.4375172], [-112.0381218, 33.4374331], [-112.0380104, 33.4373486], [-112.0378823, 33.4372761], [-112.037747, 33.4372057], [-112.0376283, 33.4371562], [-112.0374983, 33.4371126], [-112.0373564, 33.4370811], [-112.0372168, 33.4370649], [-112.0370692, 33.4370549], [-112.0369363, 33.4370562], [-112.0367955, 33.437067], [-112.0366517, 33.4370849], [-112.0365065, 33.4371107], [-112.0363501, 33.4371424], [-112.0361769, 33.4371856], [-112.0360154, 33.4372321], [-112.0354422, 33.4374045], [-112.0352882, 33.4374481], [-112.0351275, 33.4374898], [-112.0349672, 33.4375251]]}, "properties": {"class": "motorway"}}, {"type": "Feature", "geometry": {"type": "LineString", "coordinates": [[-112.0366381, 33.4280042], [-112.0362813, 33.427745], [-112.0359341, 33.4275351], [-112.0356631, 33.4274092], [-112.0353693, 33.4272874], [-112.035041, 33.4271855], [-112.0346193, 33.4270907], [-112.0339409, 33.4269833], [-112.0334558, 33.4269198]]}, "properties": {"class": "motorway"}}, {"type": "Feature", "geometry": {"type": "LineString", "coordinates": [[-112.0350742, 33.4278667], [-112.0353947, 33.4278815], [-112.0357008, 33.4278882], [-112.0360464, 33.4278769], [-112.0363341, 33.4278615], [-112.0365959, 33.4278449], [-112.0368255, 33.4278249], [-112.037152, 33.4277869], [-112.0374424, 33.427748], [-112.0376974, 33.4277086], [-112.037931, 33.4276692]]}, "properties": {"class": "motorway"}}, {"type": "Feature", "geometry": {"type": "LineString", "coordinates": [[-112.0371817, 33.426958], [-112.0356569, 33.4267771], [-112.0350843, 33.4267279], [-112.0345163, 33.4267063], [-112.0336698, 33.4267135]]}, "properties": {"class": "motorway"}}, {"type": "Feature", "geometry": {"type": "LineString", "coordinates": [[-112.0308256, 33.4270644], [-112.0314109, 33.4271922], [-112.0319934, 33.4273224], [-112.0331439, 33.4275827], [-112.0335311, 33.4276627], [-112.0339412, 33.4277378], [-112.034246, 33.4277826], [-112.0345278, 33.4278201], [-112.0348096, 33.427847], [-112.0350742, 33.4278667]]}, "properties": {"class": "motorway"}}, {"type": "Feature", "geometry": {"type": "LineString", "coordinates": [[-112.0307998, 33.4268352], [-112.0340013, 33.4272435], [-112.0347309, 33.4273725], [-112.0352639, 33.4275373], [-112.0357523, 33.4277521], [-112.0360879, 33.4279671], [-112.0364397, 33.4282806]]}, "properties": {"class": "motorway"}}, {"type": "Feature", "geometry": {"type": "LineString", "coordinates": [[-112.030849, 33.4265637], [-112.030015, 33.4264523]]}, "properties": {"class": "motorway"}}, {"type": "Feature", "geometry": {"type": "LineString", "coordinates": [[-112.030015, 33.4264523], [-112.0294932, 33.426357], [-112.0289822, 33.4262364], [-112.028641, 33.4261651], [-112.0283024, 33.4260733], [-112.027636, 33.4258554], [-112.0270528, 33.4256506], [-112.0265276, 33.4254558]]}, "properties": {"class": "motorway"}}, {"type": "Feature", "geometry": {"type": "LineString", "coordinates": [[-112.0300027, 33.4267225], [-112.0307998, 33.4268352]]}, "properties": {"class": "motorway"}}, {"type": "Feature", "geometry": {"type": "LineString", "coordinates": [[-112.0300205, 33.4268871], [-112.0308256, 33.4270644]]}, "properties": {"class": "motorway"}}, {"type": "Feature", "geometry": {"type": "LineString", "coordinates": [[-112.0108972, 33.4114475], [-112.0107789, 33.4116384]]}, "properties": {"class": "primary"}}, {"type": "Feature", "geometry": {"type": "LineString", "coordinates": [[-112.0100583, 33.4128305], [-112.0097344, 33.4133966], [-112.0095423, 33.4137274], [-112.0093394, 33.4141139]]}, "properties": {"class": "primary"}}, {"type": "Feature", "geometry": {"type": "LineString", "coordinates": [[-111.9955276, 33.4114382], [-111.995528, 33.4109298], [-111.9955256, 33.4103092]]}, "properties": {"class": "secondary"}}, {"type": "Feature", "geometry": {"type": "LineString", "coordinates": [[-112.0237821, 33.4482983], [-112.0237846, 33.4483729], [-112.0237845, 33.4483905], [-112.0237815, 33.4488569], [-112.0237814, 33.4492138], [-112.0237814, 33.4492753]]}, "properties": {"class": "residential"}}, {"type": "Feature", "geometry": {"type": "LineString", "coordinates": [[-111.999083, 33.4480003], [-111.9989358, 33.448001], [-111.9984758, 33.4480053], [-111.9983518, 33.4480063], [-111.9970266, 33.4480213], [-111.99664, 33.4480204]]}, "properties": {"class": "primary"}}, {"type": "Feature", "geometry": {"type": "LineString", "coordinates": [[-112.0276735, 33.447213], [-112.0275344, 33.4472076], [-112.0274964, 33.4472061], [-112.0271042, 33.4472047], [-112.0270739, 33.4472083], [-112.0269633, 33.4472214]]}, "properties": {"class": "residential"}}, {"type": "Feature", "geometry": {"type": "LineString", "coordinates": [[-112.0247598, 33.4483091], [-112.0254181, 33.4483096], [-112.0257637, 33.4483059], [-112.026161, 33.4482913], [-112.0269436, 33.4482921]]}, "properties": {"class": "primary"}}, {"type": "Feature", "geometry": {"type": "LineString", "coordinates": [[-112.0324197, 33.4444073], [-112.0324204, 33.4449466], [-112.0324231, 33.4450497], [-112.0324234, 33.4451797], [-112.0324243, 33.4453799], [-112.0324247, 33.4455149], [-112.0324263, 33.4458539], [-112.0324276, 33.4461125], [-112.0324294, 33.4461292], [-112.0324278, 33.4464001], [-112.0324234, 33.4470928], [-112.0324235, 33.4471801]]}, "properties": {"class": "residential"}}, {"type": "Feature", "geometry": {"type": "LineString", "coordinates": [[-112.0161896, 33.4218916], [-112.0159073, 33.4220219], [-112.0154587, 33.4222415], [-112.0152495, 33.4223643]]}, "properties": {"class": "tertiary"}}, {"type": "Feature", "geometry": {"type": "LineString", "coordinates": [[-112.0151197, 33.4226141], [-112.0152061, 33.4225957]]}, "properties": {"class": "tertiary"}}, {"type": "Feature", "geometry": {"type": "LineString", "coordinates": [[-112.0164594, 33.4217545], [-112.0165495, 33.421707], [-112.016664, 33.4216545], [-112.0167768, 33.4216112], [-112.0168979, 33.4215723], [-112.017024, 33.4215367], [-112.0171364, 33.4215137], [-112.0172431, 33.4214943], [-112.0173559, 33.4214783], [-112.0174681, 33.4214666], [-112.0176157, 33.4214611], [-112.0177484, 33.4214629], [-112.0178658, 33.4214696], [-112.0179951, 33.4214833], [-112.0181322, 33.4215051], [-112.0182582, 33.421532], [-112.0183754, 33.4215649], [-112.0184927, 33.4216029], [-112.0186138, 33.4216486], [-112.018723, 33.4216959], [-112.018836, 33.421752], [-112.0189105, 33.4217953], [-112.0189793, 33.421838], [-112.0190652, 33.4218943], [-112.0191443, 33.4219505], [-112.0192434, 33.42203], [-112.0193401, 33.4221223], [-112.0194449, 33.4222236], [-112.0197686, 33.4225151], [-112.0202554, 33.4229698], [-112.020416, 33.4231198], [-112.0205033, 33.423201], [-112.0206108, 33.4232925], [-112.020706, 33.4233642], [-112.0207771, 33.4234106], [-112.0208886, 33.4234791], [-112.0209976, 33.423535], [-112.0211093, 33.4235868], [-112.0213139, 33.4236665], [-112.0214698, 33.4237209], [-112.0216387, 33.4237849], [-112.0217695, 33.4238399], [-112.0218574, 33.4238818], [-112.0219838, 33.4239505], [-112.0221358, 33.4240393], [-112.0226105, 33.424323], [-112.0233917, 33.4247873], [-112.0241823, 33.425259], [-112.0245778, 33.4254959], [-112.0255237, 33.42606], [-112.0256169, 33.4261136], [-112.0257191, 33.4261691], [-112.0258567, 33.4262373], [-112.0260026, 33.4263025], [-112.026158, 33.4263658], [-112.026291, 33.4264106], [-112.0264354, 33.4264525], [-112.0274814, 33.4267393], [-112.0275812, 33.4267713], [-112.0276958, 33.4268131], [-112.0278297, 33.4268682], [-112.0283017, 33.427067], [-112.0284333, 33.4271159], [-112.0285768, 33.4271646], [-112.0291127, 33.4273336], [-112.0291734, 33.4273553], [-112.0292286, 33.4273765], [-112.029286, 33.4274096], [-112.0293399, 33.4274454], [-112.0293984, 33.4274948], [-112.0294564, 33.4275529], [-112.0295584, 33.4276598]]}, "properties": {"class": "tertiary"}}, {"type": "Feature", "geometry": {"type": "LineString", "coordinates": [[-112.0303102, 33.4273174], [-112.0302577, 33.4274722], [-112.0302567, 33.4276649], [-112.030254, 33.4277141], [-112.0302482, 33.4277649], [-112.03023, 33.4278104], [-112.0302066, 33.427845], [-112.0301736, 33.4278727], [-112.030129, 33.4278944], [-112.0300865, 33.4279039], [-112.0300399, 33.4279052], [-112.029988, 33.4278949], [-112.029941, 33.4278807], [-112.0298905, 33.4278556], [-112.0298483, 33.4278279], [-112.0298015, 33.4278005], [-112.0295584, 33.4276598]]}, "properties": {"class": "tertiary"}}, {"type": "Feature", "geometry": {"type": "LineString", "coordinates": [[-112.0158615, 33.4363626], [-112.0158576, 33.4361167], [-112.0158571, 33.4360697], [-112.01586, 33.436018], [-112.015866, 33.4359689], [-112.0158755, 33.4359218], [-112.015891, 33.4358619], [-112.0159096, 33.4358198], [-112.0159326, 33.4357795], [-112.0159586, 33.4357409], [-112.0159923, 33.4356996], [-112.0160319, 33.4356576], [-112.0160733, 33.435619], [-112.0161192, 33.4355845], [-112.0161738, 33.4355505], [-112.0162341, 33.4355175], [-112.0162573, 33.4355078], [-112.0162882, 33.4354949], [-112.0163399, 33.4354798], [-112.0163897, 33.4354676], [-112.0164488, 33.4354574], [-112.0165181, 33.4354504], [-112.0165728, 33.4354446], [-112.0166264, 33.4354308], [-112.016674, 33.4354169], [-112.0167128, 33.4354005], [-112.0167614, 33.4353759], [-112.0168012, 33.4353541], [-112.0168396, 33.4353238], [-112.016873, 33.4352939], [-112.016906, 33.4352596], [-112.017122, 33.4350068], [-112.0171533, 33.4349718], [-112.0171838, 33.4349428], [-112.0172195, 33.4349153], [-112.0172583, 33.4348919], [-112.0173115, 33.4348681], [-112.0173652, 33.4348517], [-112.0174216, 33.4348388], [-112.017477, 33.4348321], [-112.0175308, 33.4348311], [-112.0175915, 33.434836], [-112.0176527, 33.4348475], [-112.0177118, 33.4348655], [-112.0177652, 33.4348882], [-112.0178172, 33.4349161], [-112.0178655, 33.4349513], [-112.0179084, 33.4349913], [-112.0179455, 33.4350336], [-112.017978, 33.435082], [-112.017998, 33.4351284], [-112.018013, 33.4351776], [-112.0180189, 33.4352171], [-112.0180202, 33.4352613], [-112.0180159, 33.4352971], [-112.018008, 33.4353403], [-112.0179926, 33.435383], [-112.0179738, 33.4354214], [-112.0179467, 33.4354616], [-112.0179193, 33.4354964], [-112.0178917, 33.4355284], [-112.0178336, 33.4355958], [-112.0178051, 33.4356291], [-112.0177318, 33.4357158]]}, "properties": {"class": "tertiary"}}, {"type": "Feature", "geometry": {"type": "LineString", "coordinates": [[-112.0177318, 33.4357158], [-112.0178446, 33.4357842], [-112.0178874, 33.4358085], [-112.0179262, 33.4358256], [-112.0179652, 33.4358396], [-112.0180099, 33.4358531], [-112.0180454, 33.4358615], [-112.0180863, 33.4358672], [-112.0181399, 33.4358712], [-112.0181915, 33.4358727], [-112.0199832, 33.435873], [-112.0208304, 33.4358747], [-112.0217156, 33.4358837], [-112.0219704, 33.4360071], [-112.0225233, 33.4364216]]}, "properties": {"class": "tertiary"}}, {"type": "Feature", "geometry": {"type": "LineString", "coordinates": [[-112.0297898, 33.4376056], [-112.027645, 33.4376007], [-112.0274345, 33.437599], [-112.0272469, 33.4375963], [-112.0270611, 33.4375884], [-112.0265798, 33.4375546]]}, "properties": {"class": "motorway"}}, {"type": "Feature", "geometry": {"type": "LineString", "coordinates": [[-112.026199, 33.4377752], [-112.0264201, 33.4377582], [-112.0266313, 33.4377411], [-112.0271095, 33.4377084], [-112.0272724, 33.4376991], [-112.027417, 33.4376925], [-112.0275669, 33.4376901], [-112.0297963, 33.4376885]]}, "properties": {"class": "motorway"}}, {"type": "Feature", "geometry": {"type": "LineString", "coordinates": [[-112.0249142, 33.4374036], [-112.0240151, 33.437319], [-112.0232549, 33.4372445], [-112.0231178, 33.437231], [-112.0230043, 33.4372238], [-112.0228941, 33.4372181], [-112.0227665, 33.4372145], [-112.0226427, 33.4372152], [-112.0225384, 33.4372194], [-112.022429, 33.4372258], [-112.0223384, 33.4372342], [-112.0221785, 33.4372492]]}, "properties": {"class": "motorway"}}, {"type": "Feature", "geometry": {"type": "LineString", "coordinates": [[-112.0306163, 33.43769], [-112.03212, 33.4376772], [-112.0323555, 33.4376758], [-112.0339612, 33.4376761], [-112.0344202, 33.4376947]]}, "properties": {"class": "motorway"}}, {"type": "Feature", "geometry": {"type": "LineString", "coordinates": [[-112.0337461, 33.4376068], [-112.0306224, 33.4376065]]}, "properties": {"class": "motorway"}}, {"type": "Feature", "geometry": {"type": "LineString", "coordinates": [[-112.0297963, 33.4376885], [-112.0306163, 33.43769]]}, "properties": {"class": "motorway"}}, {"type": "Feature", "geometry": {"type": "LineString", "coordinates": [[-112.0306224, 33.4376065], [-112.0297898, 33.4376056]]}, "properties": {"class": "motorway"}}, {"type": "Feature", "geometry": {"type": "LineString", "coordinates": [[-112.0215984, 33.437597], [-112.0217463, 33.4376055], [-112.0218714, 33.4376047], [-112.0219388, 33.4376071], [-112.0220015, 33.4376116], [-112.0220631, 33.4376182], [-112.0221226, 33.4376271], [-112.0221816, 33.4376371], [-112.0222429, 33.437649], [-112.0223038, 33.4376624], [-112.0223597, 33.4376763], [-112.0224185, 33.4376956], [-112.0224865, 33.4377194], [-112.022563, 33.4377415], [-112.0226342, 33.4377596], [-112.0227171, 33.4377774], [-112.0227781, 33.4377882], [-112.0228386, 33.4377949], [-112.0228963, 33.4377951], [-112.0230615, 33.4377763]]}, "properties": {"class": "secondary"}}, {"type": "Feature", "geometry": {"type": "LineString", "coordinates": [[-112.0251774, 33.4374267], [-112.0248876, 33.4373285], [-112.0246817, 33.4372953], [-112.0245415, 33.4372762], [-112.0244005, 33.4372552], [-112.0242771, 33.4372354], [-112.0232302, 33.4370425]]}, "properties": {"class": "motorway"}}, {"type": "Feature", "geometry": {"type": "LineString", "coordinates": [[-112.0158615, 33.4363626], [-112.0158472, 33.4364743], [-112.0158395, 33.4365112], [-112.0158309, 33.4365487], [-112.0158135, 33.4366222]]}, "properties": {"class": "tertiary"}}, {"type": "Feature", "geometry": {"type": "LineString", "coordinates": [[-112.0109974, 33.4366903], [-112.0107695, 33.4366884], [-112.0107162, 33.4366879], [-112.0106543, 33.4366786], [-112.0106045, 33.4366655], [-112.0105507, 33.4366409], [-112.010509, 33.436617]]}, "properties": {"class": "tertiary"}}, {"type": "Feature", "geometry": {"type": "LineString", "coordinates": [[-112.010509, 33.436617], [-112.0104737, 33.4365856], [-112.0104535, 33.4365637], [-112.0102285, 33.4362349], [-112.0101844, 33.4361814], [-112.0101483, 33.4361468], [-112.0100972, 33.436106], [-112.0100466, 33.4360699], [-112.0099903, 33.4360406], [-112.0099301, 33.4360169], [-112.0098763, 33.4359986], [-112.0098211, 33.4359852], [-112.0097639, 33.4359775], [-112.0096924, 33.4359714], [-112.0092732, 33.4359167]]}, "properties": {"class": "tertiary"}}, {"type": "Feature", "geometry": {"type": "LineString", "coordinates": [[-112.029748, 33.427852], [-112.0297907, 33.4278858], [-112.0298385, 33.4279173], [-112.0298876, 33.4279409], [-112.0299408, 33.4279599], [-112.0299949, 33.4279728], [-112.0300475, 33.4279772], [-112.0301137, 33.4279766], [-112.0301886, 33.4279709], [-112.0303525, 33.427952], [-112.0304033, 33.427942], [-112.030447, 33.4279322]]}, "properties": {"class": "tertiary"}}, {"type": "Feature", "geometry": {"type": "LineString", "coordinates": [[-112.0280331, 33.4263264], [-112.0284252, 33.4264283], [-112.0288172, 33.4265163], [-112.029418, 33.4266346], [-112.0300027, 33.4267225]]}, "properties": {"class": "motorway"}}, {"type": "Feature", "geometry": {"type": "LineString", "coordinates": [[-112.0124908, 33.4604816], [-112.0117278, 33.4602543], [-112.0107196, 33.4599684], [-112.0098637, 33.4597245], [-112.0094913, 33.4596206], [-112.0091023, 33.4595197]]}, "properties": {"class": "motorway"}}, {"type": "Feature", "geometry": {"type": "LineString", "coordinates": [[-112.0215729, 33.4585704], [-112.0215735, 33.4586544], [-112.0215755, 33.4587251], [-112.0215833, 33.4590482], [-112.0215897, 33.4593481], [-112.021618, 33.4594948], [-112.0216237, 33.4600912], [-112.0216264, 33.4603247], [-112.021624, 33.4603386], [-112.0216133, 33.4604003], [-112.0216128, 33.4604674], [-112.0216085, 33.461088], [-112.0216079, 33.4613133], [-112.0216401, 33.4613605]]}, "properties": {"class": "residential"}}, {"type": "Feature", "geometry": {"type": "LineString", "coordinates": [[-112.0037459, 33.4450354], [-112.0037477, 33.4445401], [-112.0037482, 33.4444088], [-112.0037494, 33.4442636], [-112.0037486, 33.4438278], [-112.0037484, 33.4437138], [-112.0037516, 33.4435876], [-112.0037653, 33.4435438], [-112.0038045, 33.4434899], [-112.0039263, 33.4433667], [-112.0039896, 33.4433119]]}, "properties": {"class": "tertiary"}}, {"type": "Feature", "geometry": {"type": "LineString", "coordinates": [[-111.9897694, 33.4480538], [-111.9893041, 33.4480363], [-111.9889114, 33.4480273]]}, "properties": {"class": "primary"}}, {"type": "Feature", "geometry": {"type": "LineString", "coordinates": [[-111.995408, 33.4482039], [-111.995565, 33.4482043], [-111.9961141, 33.448205], [-111.9963894, 33.4482057]]}, "properties": {"class": "primary"}}, {"type": "Feature", "geometry": {"type": "LineString", "coordinates": [[-111.9902923, 33.4482192], [-111.9903859, 33.448217], [-111.9907846, 33.4482142]]}, "properties": {"class": "primary"}}, {"type": "Feature", "geometry": {"type": "LineString", "coordinates": [[-111.9906508, 33.4480697], [-111.9905387, 33.4480681]]}, "properties": {"class": "primary"}}, {"type": "Feature", "geometry": {"type": "LineString", "coordinates": [[-112.019569, 33.4204289], [-112.0173805, 33.4178587]]}, "properties": {"class": "motorway"}}, {"type": "Feature", "geometry": {"type": "LineString", "coordinates": [[-112.0173805, 33.4178587], [-112.0164461, 33.416732], [-112.0160344, 33.4162356], [-112.014866, 33.4148581]]}, "properties": {"class": "motorway"}}, {"type": "Feature", "geometry": {"type": "LineString", "coordinates": [[-112.0171519, 33.4179934], [-112.0192495, 33.4204998]]}, "properties": {"class": "motorway"}}, {"type": "Feature", "geometry": {"type": "LineString", "coordinates": [[-112.0192495, 33.4204998], [-112.0202174, 33.4216427], [-112.0208298, 33.4222238], [-112.0218515, 33.4230388], [-112.0235178, 33.4242551], [-112.0242004, 33.4246597]]}, "properties": {"class": "motorway"}}, {"type": "Feature", "geometry": {"type": "LineString", "coordinates": [[-111.987111, 33.4462808], [-111.9870959, 33.4465236]]}, "properties": {"class": "primary"}}, {"type": "Feature", "geometry": {"type": "LineString", "coordinates": [[-111.9870959, 33.4465236], [-111.9870872, 33.4467326]]}, "properties": {"class": "primary"}}, {"type": "Feature", "geometry": {"type": "LineString", "coordinates": [[-111.9872474, 33.4462131], [-111.987267, 33.4459632]]}, "properties": {"class": "primary"}}, {"type": "Feature", "geometry": {"type": "LineString", "coordinates": [[-111.9872564, 33.4466017], [-111.9872581, 33.4463804]]}, "properties": {"class": "primary"}}, {"type": "Feature", "geometry": {"type": "LineString", "coordinates": [[-111.9851332, 33.4375548], [-111.9846726, 33.437212], [-111.9843638, 33.4369899]]}, "properties": {"class": "primary"}}, {"type": "Feature", "geometry": {"type": "LineString", "coordinates": [[-111.9874821, 33.4351887], [-111.987567, 33.4351659], [-111.9877522, 33.4351159], [-111.9879287, 33.435072], [-111.9880688, 33.4350384], [-111.9882238, 33.4350048], [-111.9883743, 33.43498], [-111.9885277, 33.4349625], [-111.9886638, 33.434953], [-111.9887768, 33.4349484], [-111.9890287, 33.434944], [-111.9900719, 33.4349433]]}, "properties": {"class": "motorway"}}, {"type": "Feature", "geometry": {"type": "LineString", "coordinates": [[-111.9870385, 33.4361534], [-111.9865855, 33.4362875], [-111.9856234, 33.4367013], [-111.984908, 33.437008], [-111.9848153, 33.4370478], [-111.9847189, 33.4370857], [-111.9846201, 33.4371227], [-111.9845422, 33.4371456], [-111.9844476, 33.4371702], [-111.9843485, 33.4371895], [-111.9842244, 33.4372064], [-111.9841271, 33.4372151], [-111.9840383, 33.4372188], [-111.9839408, 33.4372181], [-111.9838408, 33.4372125], [-111.9837489, 33.4372036], [-111.9836508, 33.4371889], [-111.983555, 33.4371705], [-111.9835051, 33.4371585]]}, "properties": {"class": "motorway"}}, {"type": "Feature", "geometry": {"type": "LineString", "coordinates": [[-111.9871718, 33.4401784], [-111.9873135, 33.4405138], [-111.9874218, 33.4408342], [-111.9875068, 33.4411309], [-111.9875815, 33.4414749], [-111.9876227, 33.4417866], [-111.9876485, 33.4420533], [-111.9876588, 33.4423672], [-111.9876537, 33.442694], [-111.9876305, 33.4429885], [-111.9875764, 33.4433003], [-111.9874089, 33.4440936], [-111.9872878, 33.4447343], [-111.9872799, 33.4447896]]}, "properties": {"class": "primary"}}, {"type": "Feature", "geometry": {"type": "LineString", "coordinates": [[-111.9872512, 33.4584612], [-111.9872529, 33.4582432], [-111.9872546, 33.4580022], [-111.9872575, 33.4575637]]}, "properties": {"class": "primary"}}, {"type": "Feature", "geometry": {"type": "LineString", "coordinates": [[-111.9866719, 33.4583809], [-111.9861477, 33.4583414], [-111.9858771, 33.4583192], [-111.9856178, 33.4582942], [-111.9853584, 33.458266], [-111.9850964, 33.4582374], [-111.9848352, 33.4582065], [-111.9845788, 33.4581737], [-111.9843229, 33.458141], [-111.9840707, 33.4581052], [-111.9836578, 33.4580429]]}, "properties": {"class": "motorway"}}, {"type": "Feature", "geometry": {"type": "LineString", "coordinates": [[-111.9948945, 33.459023], [-111.9925703, 33.4588373]]}, "properties": {"class": "motorway"}}, {"type": "Feature", "geometry": {"type": "LineString", "coordinates": [[-111.9954642, 33.4590677], [-111.9948945, 33.459023]]}, "properties": {"class": "motorway"}}, {"type": "Feature", "geometry": {"type": "LineString", "coordinates": [[-111.9876237, 33.4584593], [-111.9866719, 33.4583809]]}, "properties": {"class": "motorway"}}, {"type": "Feature", "geometry": {"type": "LineString", "coordinates": [[-111.9948742, 33.4592726], [-111.9954574, 33.459316]]}, "properties": {"class": "motorway"}}, {"type": "Feature", "geometry": {"type": "LineString", "coordinates": [[-111.9866705, 33.458598], [-111.9876217, 33.4586685]]}, "properties": {"class": "motorway"}}, {"type": "Feature", "geometry": {"type": "LineString", "coordinates": [[-111.9954574, 33.459316], [-111.9957443, 33.4593367], [-111.996108, 33.4593698], [-111.9963704, 33.4593901], [-111.9966485, 33.4594077], [-111.9969183, 33.459422], [-111.9971963, 33.4594319], [-111.9974677, 33.4594367], [-111.997754, 33.4594368], [-111.9980292, 33.4594348], [-111.9982989, 33.4594279], [-111.9985725, 33.4594163], [-111.9988546, 33.4594001], [-111.9991221, 33.45938], [-112.0021146, 33.4591705], [-112.0023893, 33.4591523], [-112.0026645, 33.4591379], [-112.0029455, 33.4591257]]}, "properties": {"class": "motorway"}}, {"type": "Feature", "geometry": {"type": "LineString", "coordinates": [[-111.9838855, 33.4583529], [-111.984163, 33.458385], [-111.9844318, 33.4584141], [-111.9847005, 33.4584407], [-111.9849686, 33.4584632], [-111.9866705, 33.458598]]}, "properties": {"class": "motorway"}}, {"type": "Feature", "geometry": {"type": "LineString", "coordinates": [[-111.9876217, 33.4586685], [-111.9913179, 33.4589707], [-111.9920494, 33.4590473]]}, "properties": {"class": "motorway"}}, {"type": "Feature", "geometry": {"type": "LineString", "coordinates": [[-112.0172461, 33.4594545], [-112.0171814, 33.4594544], [-112.016047, 33.4594522], [-112.0151624, 33.4594504], [-112.0150913, 33.4594503], [-112.0150195, 33.4594658], [-112.0149956, 33.459471], [-112.0140644, 33.4594683], [-112.0138597, 33.4594677], [-112.0137351, 33.4594674], [-112.0136585, 33.4594669], [-112.0135014, 33.4594658], [-112.0132376, 33.4594639], [-112.0131896, 33.4594636], [-112.0130508, 33.4594626], [-112.0130366, 33.4594625], [-112.012987, 33.4594629]]}, "properties": {"class": "residential"}}, {"type": "Feature", "geometry": {"type": "LineString", "coordinates": [[-111.9870702, 33.4474489], [-111.9870677, 33.4475776], [-111.9870702, 33.4478891], [-111.9870704, 33.4479092], [-111.9870715, 33.4480329]]}, "properties": {"class": "primary"}}, {"type": "Feature", "geometry": {"type": "LineString", "coordinates": [[-112.0335293, 33.4368523], [-112.033859, 33.4368548]]}, "properties": {"class": "secondary"}}, {"type": "Feature", "geometry": {"type": "LineString", "coordinates": [[-112.0354927, 33.4367064], [-112.0349198, 33.4367074], [-112.0347612, 33.4367112]]}, "properties": {"class": "secondary"}}, {"type": "Feature", "geometry": {"type": "LineString", "coordinates": [[-112.034762, 33.4368532], [-112.0349198, 33.4368527], [-112.035184, 33.4368542], [-112.0362301, 33.4368598]]}, "properties": {"class": "secondary"}}, {"type": "Feature", "geometry": {"type": "LineString", "coordinates": [[-112.034784, 33.4313287], [-112.0347806, 33.431247], [-112.0347597, 33.4310833], [-112.0347369, 33.4309764], [-112.034709, 33.4308787], [-112.0346703, 33.4307761], [-112.0346685, 33.4307668], [-112.0346352, 33.430677], [-112.0345905, 33.4305812], [-112.0345368, 33.4304836], [-112.0344749, 33.4303852], [-112.0344102, 33.4302895], [-112.0342513, 33.4300986], [-112.0341041, 33.4299463], [-112.0339205, 33.4297983], [-112.0336898, 33.4296461], [-112.0333813, 33.4294911], [-112.0332687, 33.4294469], [-112.0332088, 33.4294267]]}, "properties": {"class": "secondary"}}, {"type": "Feature", "geometry": {"type": "LineString", "coordinates": [[-112.0056924, 33.4111284], [-112.0064185, 33.4111392], [-112.0072392, 33.4112316], [-112.0077454, 33.4113267], [-112.0082403, 33.411436], [-112.0091079, 33.4116607], [-112.0098699, 33.4119203], [-112.0111824, 33.4125185], [-112.0121809, 33.4131006], [-112.0130964, 33.4137108], [-112.013556, 33.4140356], [-112.0138692, 33.4143275], [-112.014557, 33.4150003], [-112.0153195, 33.4158039]]}, "properties": {"class": "motorway"}}, {"type": "Feature", "geometry": {"type": "LineString", "coordinates": [[-111.9900719, 33.4349433], [-111.991111, 33.4349424], [-111.991967, 33.4349469]]}, "properties": {"class": "motorway"}}, {"type": "Feature", "geometry": {"type": "LineString", "coordinates": [[-111.9904452, 33.4360202], [-111.9879818, 33.4360221], [-111.9878606, 33.4360242], [-111.9877509, 33.4360281], [-111.9876286, 33.4360398]]}, "properties": {"class": "motorway"}}, {"type": "Feature", "geometry": {"type": "LineString", "coordinates": [[-112.0153195, 33.4158039], [-112.0171519, 33.4179934]]}, "properties": {"class": "motorway"}}, {"type": "Feature", "geometry": {"type": "LineString", "coordinates": [[-111.9925703, 33.4588373], [-111.9908125, 33.4587125], [-111.9876237, 33.4584593]]}, "properties": {"class": "motorway"}}, {"type": "Feature", "geometry": {"type": "LineString", "coordinates": [[-111.9920494, 33.4590473], [-111.9948742, 33.4592726]]}, "properties": {"class": "motorway"}}, {"type": "Feature", "geometry": {"type": "LineString", "coordinates": [[-112.0062131, 33.4592517], [-112.0067329, 33.4593006], [-112.0075092, 33.4594302], [-112.0078847, 33.4594884], [-112.0082193, 33.4595727]]}, "properties": {"class": "motorway"}}, {"type": "Feature", "geometry": {"type": "LineString", "coordinates": [[-112.001551, 33.4589597], [-111.9994605, 33.4591082], [-111.9991997, 33.4591269], [-111.9989366, 33.4591453], [-111.998679, 33.4591595], [-111.9984167, 33.4591746], [-111.9981576, 33.4591827], [-111.9978979, 33.4591873], [-111.9976361, 33.459189], [-111.9973686, 33.4591864], [-111.9971086, 33.4591786], [-111.9968464, 33.4591679], [-111.996595, 33.4591555], [-111.9963359, 33.4591377], [-111.9954642, 33.4590677]]}, "properties": {"class": "motorway"}}, {"type": "Feature", "geometry": {"type": "LineString", "coordinates": [[-112.0082193, 33.4595727], [-112.0090321, 33.4597703]]}, "properties": {"class": "motorway"}}, {"type": "Feature", "geometry": {"type": "LineString", "coordinates": [[-112.0091023, 33.4595197], [-112.0082437, 33.4593296]]}, "properties": {"class": "motorway"}}, {"type": "Feature", "geometry": {"type": "LineString", "coordinates": [[-112.0082437, 33.4593296], [-112.0079106, 33.4592611], [-112.0073304, 33.4591547], [-112.0065698, 33.4590608], [-112.0060176, 33.4589813]]}, "properties": {"class": "motorway"}}, {"type": "Feature", "geometry": {"type": "LineString", "coordinates": [[-112.0090321, 33.4597703], [-112.009382, 33.459866], [-112.0098285, 33.4599987], [-112.0107181, 33.460235], [-112.0110205, 33.4603193], [-112.0115918, 33.4604782], [-112.0123159, 33.4606882]]}, "properties": {"class": "motorway"}}, {"type": "Feature", "geometry": {"type": "LineString", "coordinates": [[-112.0302754, 33.4368219], [-112.0318312, 33.4368385]]}, "properties": {"class": "secondary"}}, {"type": "Feature", "geometry": {"type": "LineString", "coordinates": [[-112.030027, 33.4177836], [-112.029794, 33.4153282]]}, "properties": {"class": "secondary"}}, {"type": "Feature", "geometry": {"type": "LineString", "coordinates": [[-112.029794, 33.4153282], [-112.0297852, 33.4152305], [-112.0297528, 33.4148715], [-112.0297419, 33.4147319], [-112.029732, 33.4146205], [-112.0297134, 33.414371], [-112.0297082, 33.4143008], [-112.0297052, 33.4142061], [-112.0297017, 33.4140564], [-112.029702, 33.4138649], [-112.029705, 33.4132028], [-112.0297213, 33.4123655], [-112.029749, 33.410873], [-112.0297555, 33.4105285], [-112.0297574, 33.4103742], [-112.02976, 33.410204], [-112.0297661, 33.4098564], [-112.0297848, 33.4087779], [-112.0297858, 33.4087268], [-112.0297943, 33.4082928], [-112.029802, 33.4078962], [-112.0298031, 33.4078402], [-112.029809, 33.4075041], [-112.0298101, 33.407483]]}, "properties": {"class": "secondary"}}, {"type": "Feature", "geometry": {"type": "LineString", "coordinates": [[-112.0278691, 33.4471674], [-112.0278602, 33.4471], [-112.02786, 33.4470951], [-112.027859, 33.4470651], [-112.0278485, 33.4467714], [-112.0278548, 33.4462972], [-112.027859, 33.4458432], [-112.0278634, 33.4453772], [-112.027869, 33.4449187], [-112.0278643, 33.4444546]]}, "properties": {"class": "residential"}}, {"type": "Feature", "geometry": {"type": "LineString", "coordinates": [[-111.9990941, 33.4474708], [-111.999084, 33.4479071], [-111.999083, 33.4480003], [-111.9990832, 33.4480687], [-111.9990823, 33.4481391], [-111.999081, 33.4482096], [-111.9990815, 33.4483335], [-111.9990747, 33.4485054], [-111.9990641, 33.4488856], [-111.9990629, 33.4489265]]}, "properties": {"class": "residential"}}, {"type": "Feature", "geometry": {"type": "LineString", "coordinates": [[-112.0261295, 33.4479591], [-112.0260276, 33.4479484], [-112.0259853, 33.4479353], [-112.0259714, 33.4479219], [-112.0259527, 33.4479041], [-112.0258963, 33.4477733]]}, "properties": {"class": "residential"}}, {"type": "Feature", "geometry": {"type": "LineString", "coordinates": [[-112.0258963, 33.4477733], [-112.0258708, 33.4479178], [-112.0258631, 33.4479519], [-112.0258581, 33.4479741], [-112.0258325, 33.4480047], [-112.0257424, 33.448076]]}, "properties": {"class": "residential"}}, {"type": "Feature", "geometry": {"type": "LineString", "coordinates": [[-112.0201741, 33.4527374], [-112.020212, 33.4526689]]}, "properties": {"class": "residential"}}, {"type": "Feature", "geometry": {"type": "LineString", "coordinates": [[-112.0269828, 33.4476459], [-112.0268101, 33.4476906], [-112.0266166, 33.4477571], [-112.0264168, 33.4478617], [-112.0262621, 33.4479385], [-112.0261295, 33.4479591]]}, "properties": {"class": "primary"}}, {"type": "Feature", "geometry": {"type": "LineString", "coordinates": [[-111.9952937, 33.4521054], [-111.9952856, 33.4525637], [-111.9952814, 33.4534124], [-111.9952692, 33.4536455], [-111.995268, 33.4540648], [-111.9952636, 33.454474], [-111.9952631, 33.4545155], [-111.995259, 33.4548976], [-111.995247, 33.4554842], [-111.995239, 33.4561368], [-111.9952384, 33.4564197]]}, "properties": {"class": "secondary"}}, {"type": "Feature", "geometry": {"type": "LineString", "coordinates": [[-111.995419, 33.4480164], [-111.9954144, 33.4480937], [-111.9954123, 33.448131], [-111.995408, 33.4482039]]}, "properties": {"class": "secondary"}}, {"type": "Feature", "geometry": {"type": "LineString", "coordinates": [[-112.0324148, 33.4473072], [-112.0324142, 33.4473609], [-112.0324157, 33.44774], [-112.0324225, 33.4481142], [-112.0324227, 33.448121], [-112.0324249, 33.4481919]]}, "properties": {"class": "residential"}}, {"type": "Feature", "geometry": {"type": "LineString", "coordinates": [[-112.0326149, 33.4481944], [-112.0329587, 33.448248], [-112.033363, 33.4483363]]}, "properties": {"class": "primary"}}, {"type": "Feature", "geometry": {"type": "LineString", "coordinates": [[-112.0320678, 33.4472983], [-112.0317373, 33.4472392], [-112.0312276, 33.4471457]]}, "properties": {"class": "primary"}}, {"type": "Feature", "geometry": {"type": "LineString", "coordinates": [[-112.0265686, 33.4480198], [-112.0265748, 33.4480383], [-112.0265797, 33.4480528], [-112.026606, 33.4480877], [-112.0266397, 33.4481187], [-112.0266894, 33.4481483], [-112.0267373, 33.4481631], [-112.0267929, 33.4481689], [-112.0272139, 33.4481689], [-112.0273667, 33.4481647]]}, "properties": {"class": "primary"}}, {"type": "Feature", "geometry": {"type": "LineString", "coordinates": [[-111.9942606, 33.4584209], [-111.9942097, 33.458482], [-111.9939705, 33.458482], [-111.9935146, 33.4584679], [-111.9934639, 33.4584374], [-111.9933646, 33.4583776]]}, "properties": {"class": "residential"}}, {"type": "Feature", "geometry": {"type": "LineString", "coordinates": [[-112.030192, 33.4488132], [-112.0301915, 33.4487848], [-112.0301853, 33.4484403], [-112.030186, 33.4483164]]}, "properties": {"class": "secondary"}}, {"type": "Feature", "geometry": {"type": "LineString", "coordinates": [[-112.0302579, 33.4454022], [-112.030277, 33.445041], [-112.030258, 33.4449307], [-112.0302654, 33.4448243], [-112.0302771, 33.4447568], [-112.0303194, 33.4445264], [-112.0303421, 33.4444249], [-112.0303577, 33.4443745], [-112.0303738, 33.4443152], [-112.0304154, 33.444193], [-112.0304452, 33.4441167], [-112.0304964, 33.4439897], [-112.0305365, 33.4438951], [-112.0306263, 33.4437257], [-112.0306864, 33.4436053], [-112.0307586, 33.4434959], [-112.0307841, 33.4434576], [-112.0308939, 33.4433055], [-112.0309976, 33.4431753], [-112.0311274, 33.4430397], [-112.0311991, 33.4429774], [-112.0313981, 33.4428351], [-112.0315623, 33.4427227], [-112.03184, 33.4425728], [-112.0321309, 33.4424619], [-112.0324557, 33.4423661], [-112.0326802, 33.4423041], [-112.032891, 33.4422532], [-112.0330966, 33.4421951], [-112.033254, 33.4421363], [-112.0334211, 33.4420594], [-112.0335861, 33.4419741], [-112.0337374, 33.4418848], [-112.0338448, 33.4418131], [-112.0339452, 33.4417348]]}, "properties": {"class": "secondary"}}, {"type": "Feature", "geometry": {"type": "LineString", "coordinates": [[-112.034565, 33.4368538], [-112.0345663, 33.4370034], [-112.034565, 33.4371994], [-112.0345653, 33.4375063], [-112.0345622, 33.4380798]]}, "properties": {"class": "secondary"}}, {"type": "Feature", "geometry": {"type": "LineString", "coordinates": [[-112.034345, 33.4410299], [-112.0342897, 33.4411242], [-112.0342103, 33.4412407], [-112.0340528, 33.4414353], [-112.0339558, 33.4415281], [-112.0339294, 33.4415539], [-112.033778, 33.4416726], [-112.0336658, 33.441751], [-112.033411, 33.4419121], [-112.0332205, 33.4419949], [-112.0330185, 33.4420671], [-112.0327565, 33.4421382], [-112.0325007, 33.4422113], [-112.0322638, 33.4422791], [-112.0319416, 33.4423873], [-112.0316648, 33.4425124], [-112.0314342, 33.4426462], [-112.0312893, 33.4427447], [-112.031156, 33.4428431], [-112.0310666, 33.4429172], [-112.0309732, 33.4429962]]}, "properties": {"class": "secondary"}}, {"type": "Feature", "geometry": {"type": "LineString", "coordinates": [[-111.9885403, 33.4480205], [-111.9874192, 33.4480269], [-111.9873936, 33.448027], [-111.9872328, 33.4480301]]}, "properties": {"class": "primary"}}, {"type": "Feature", "geometry": {"type": "LineString", "coordinates": [[-111.9889114, 33.4480273], [-111.988779, 33.4480229]]}, "properties": {"class": "primary"}}, {"type": "Feature", "geometry": {"type": "LineString", "coordinates": [[-111.9964481, 33.4349372], [-111.9996763, 33.4349441]]}, "properties": {"class": "primary"}}, {"type": "Feature", "geometry": {"type": "LineString", "coordinates": [[-111.9996791, 33.4360517], [-111.9964381, 33.4360493]]}, "properties": {"class": "primary"}}, {"type": "Feature", "geometry": {"type": "LineString", "coordinates": [[-111.9964381, 33.4360493], [-111.9959995, 33.4360292], [-111.9952387, 33.4360238]]}, "properties": {"class": "primary"}}, {"type": "Feature", "geometry": {"type": "LineString", "coordinates": [[-112.0012137, 33.4349757], [-112.0033461, 33.4349757], [-112.0034749, 33.4349757]]}, "properties": {"class": "primary"}}, {"type": "Feature", "geometry": {"type": "LineString", "coordinates": [[-111.9902201, 33.4580232], [-111.9900944, 33.4580359], [-111.9899633, 33.4580557], [-111.9898316, 33.4580808], [-111.9897071, 33.4581067], [-111.9890671, 33.458241], [-111.9889577, 33.4582614], [-111.9888368, 33.4582766], [-111.9887128, 33.4582863], [-111.9886008, 33.4582882], [-111.9884825, 33.4582838]]}, "properties": {"class": "primary"}}, {"type": "Feature", "geometry": {"type": "LineString", "coordinates": [[-111.9951377, 33.4586493], [-111.9950617, 33.4586416], [-111.9935784, 33.4586325], [-111.9934456, 33.4586281], [-111.9933091, 33.4586217], [-111.9931759, 33.4586123], [-111.9930636, 33.4586017], [-111.9929366, 33.4585881], [-111.9927879, 33.4585679], [-111.9926486, 33.4585455], [-111.9925037, 33.458518], [-111.992344, 33.4584852], [-111.99219, 33.4584499], [-111.9920517, 33.4584138], [-111.9919339, 33.4583797]]}, "properties": {"class": "primary"}}, {"type": "Feature", "geometry": {"type": "LineString", "coordinates": [[-112.0114047, 33.4377086], [-112.0113563, 33.4376412], [-112.0105599, 33.4364828]]}, "properties": {"class": "primary"}}, {"type": "Feature", "geometry": {"type": "LineString", "coordinates": [[-112.0114997, 33.4376266], [-112.0115428, 33.4376816], [-112.0115956, 33.4377336], [-112.0116511, 33.4377768], [-112.0117091, 33.4378123], [-112.0117678, 33.4378423], [-112.0118342, 33.4378654], [-112.0119035, 33.437884], [-112.0119689, 33.4378938], [-112.0120264, 33.4378976]]}, "properties": {"class": "primary"}}, {"type": "Feature", "geometry": {"type": "LineString", "coordinates": [[-112.032444, 33.436717], [-112.0313787, 33.4367188]]}, "properties": {"class": "secondary"}}, {"type": "Feature", "geometry": {"type": "LineString", "coordinates": [[-112.0345654, 33.4367161], [-112.0344164, 33.43672], [-112.034155, 33.4367195], [-112.033684, 33.4367185], [-112.033612, 33.4367184], [-112.033528, 33.4367182], [-112.033406, 33.436718]]}, "properties": {"class": "secondary"}}, {"type": "Feature", "geometry": {"type": "LineString", "coordinates": [[-112.028298, 33.4367708], [-112.02864, 33.4367961], [-112.0289224, 33.4368093], [-112.0290558, 33.4368139], [-112.0295157, 33.4368162]]}, "properties": {"class": "tertiary"}}, {"type": "Feature", "geometry": {"type": "LineString", "coordinates": [[-112.0301789, 33.4367189], [-112.0296148, 33.4367194], [-112.029039, 33.4367199], [-112.0289358, 33.4367211], [-112.0288369, 33.4367229], [-112.0287322, 33.4367273], [-112.0286247, 33.4367317], [-112.028298, 33.4367708]]}, "properties": {"class": "tertiary"}}, {"type": "Feature", "geometry": {"type": "LineString", "coordinates": [[-112.0287218, 33.4439859], [-112.028955, 33.4439969], [-112.0292759, 33.443993], [-112.02943, 33.4439871], [-112.02972, 33.4439844]]}, "properties": {"class": "residential"}}, {"type": "Feature", "geometry": {"type": "LineString", "coordinates": [[-111.9950835, 33.4512481], [-111.9951411, 33.4512492]]}, "properties": {"class": "secondary"}}, {"type": "Feature", "geometry": {"type": "LineString", "coordinates": [[-111.9953154, 33.4512525], [-111.9953072, 33.4513997]]}, "properties": {"class": "secondary"}}, {"type": "Feature", "geometry": {"type": "LineString", "coordinates": [[-111.9954272, 33.4158835], [-111.9954244, 33.4157187]]}, "properties": {"class": "secondary"}}, {"type": "Feature", "geometry": {"type": "LineString", "coordinates": [[-111.9954071, 33.4139249], [-111.9954018, 33.4135631], [-111.995404, 33.413446]]}, "properties": {"class": "secondary"}}, {"type": "Feature", "geometry": {"type": "LineString", "coordinates": [[-112.010928, 33.4116985], [-112.0110482, 33.4115075]]}, "properties": {"class": "primary"}}, {"type": "Feature", "geometry": {"type": "LineString", "coordinates": [[-112.0104614, 33.4124625], [-112.010928, 33.4116985]]}, "properties": {"class": "primary"}}, {"type": "Feature", "geometry": {"type": "LineString", "coordinates": [[-112.009128, 33.4147964], [-112.0091853, 33.4146999], [-112.0092198, 33.4146299], [-112.009374, 33.4143291], [-112.0094232, 33.4142344], [-112.0098019, 33.4135563], [-112.0100543, 33.4131463]]}, "properties": {"class": "primary"}}, {"type": "Feature", "geometry": {"type": "LineString", "coordinates": [[-111.9870715, 33.4480329], [-111.9870712, 33.4481242], [-111.9870736, 33.448215], [-111.987073, 33.4483057]]}, "properties": {"class": "primary"}}, {"type": "Feature", "geometry": {"type": "LineString", "coordinates": [[-111.9953482, 33.4103107], [-111.9953401, 33.4109302]]}, "properties": {"class": "secondary"}}, {"type": "Feature", "geometry": {"type": "LineString", "coordinates": [[-111.995404, 33.413446], [-111.995472, 33.4133439], [-111.9954845, 33.4130575], [-111.9955213, 33.4126731]]}, "properties": {"class": "secondary"}}, {"type": "Feature", "geometry": {"type": "LineString", "coordinates": [[-111.9955298, 33.4122557], [-111.9955317, 33.4121606], [-111.9955326, 33.4116289], [-111.995531, 33.4115338]]}, "properties": {"class": "secondary"}}, {"type": "Feature", "geometry": {"type": "LineString", "coordinates": [[-111.995298, 33.4115441], [-111.9952904, 33.4116485], [-111.995303, 33.4121939], [-111.9953358, 33.4129868]]}, "properties": {"class": "secondary"}}, {"type": "Feature", "geometry": {"type": "LineString", "coordinates": [[-111.9955256, 33.4103092], [-111.995491, 33.4089907]]}, "properties": {"class": "secondary"}}, {"type": "Feature", "geometry": {"type": "LineString", "coordinates": [[-112.0221785, 33.4372492], [-112.0216078, 33.437311]]}, "properties": {"class": "motorway"}}, {"type": "Feature", "geometry": {"type": "LineString", "coordinates": [[-112.0303118, 33.4440093], [-112.0302826, 33.4440894], [-112.0302304, 33.4442399], [-112.0302084, 33.4443173], [-112.0301866, 33.4443999], [-112.0301683, 33.4444721], [-112.0301643, 33.4444901], [-112.0301337, 33.4446658]]}, "properties": {"class": "secondary"}}, {"type": "Feature", "geometry": {"type": "LineString", "coordinates": [[-112.030331, 33.4439752], [-112.0303118, 33.4440093]]}, "properties": {"class": "secondary"}}, {"type": "Feature", "geometry": {"type": "LineString", "coordinates": [[-112.0043489, 33.4359111], [-112.0041756, 33.4359103]]}, "properties": {"class": "primary"}}, {"type": "Feature", "geometry": {"type": "LineString", "coordinates": [[-111.991969, 33.4360157], [-111.9904452, 33.4360202]]}, "properties": {"class": "motorway"}}, {"type": "Feature", "geometry": {"type": "LineString", "coordinates": [[-112.0041756, 33.4359103], [-112.0036835, 33.4359079]]}, "properties": {"class": "primary"}}, {"type": "Feature", "geometry": {"type": "LineString", "coordinates": [[-112.005051, 33.4359113], [-112.0043489, 33.4359111]]}, "properties": {"class": "primary"}}, {"type": "Feature", "geometry": {"type": "LineString", "coordinates": [[-111.991967, 33.4349469], [-111.992169, 33.4349498]]}, "properties": {"class": "motorway"}}, {"type": "Feature", "geometry": {"type": "LineString", "coordinates": [[-111.9926167, 33.4360225], [-111.9922793, 33.4360191]]}, "properties": {"class": "primary"}}, {"type": "Feature", "geometry": {"type": "LineString", "coordinates": [[-111.987457, 33.4360643], [-111.9873388, 33.4360845], [-111.9871897, 33.4361167], [-111.9870385, 33.4361534]]}, "properties": {"class": "motorway"}}, {"type": "Feature", "geometry": {"type": "LineString", "coordinates": [[-112.0034764, 33.4359063], [-112.0031458, 33.4359603], [-112.0028757, 33.4360057], [-112.0027504, 33.4360258], [-112.0026252, 33.4360398], [-112.0024986, 33.4360468], [-112.0023651, 33.4360496], [-111.9999445, 33.4360526]]}, "properties": {"class": "primary"}}, {"type": "Feature", "geometry": {"type": "LineString", "coordinates": [[-111.9927835, 33.4349623], [-111.9933711, 33.4349429], [-111.9942608, 33.4349418]]}, "properties": {"class": "primary"}}, {"type": "Feature", "geometry": {"type": "LineString", "coordinates": [[-112.00424, 33.4657101], [-112.0042401, 33.465577], [-112.0042406, 33.4654684], [-112.0042387, 33.4652405], [-112.0042213, 33.4632223], [-112.0042206, 33.4631125], [-112.0042202, 33.4630627], [-112.0042165, 33.4626331], [-112.0042088, 33.4620104], [-112.0042107, 33.461766], [-112.0042076, 33.461527], [-112.0041994, 33.4610117], [-112.0042007, 33.4604886], [-112.0041959, 33.4600225], [-112.004187, 33.4597919], [-112.0041868, 33.4597858], [-112.0041846, 33.4597282]]}, "properties": {"class": "residential"}}, {"type": "Feature", "geometry": {"type": "LineString", "coordinates": [[-112.03258, 33.4294424], [-112.0327359, 33.429472], [-112.0328093, 33.4294898], [-112.0329152, 33.4295156], [-112.0330634, 33.4295606], [-112.0332124, 33.4296103], [-112.0333733, 33.4296774], [-112.0335638, 33.4297737], [-112.0337649, 33.4299035], [-112.0339366, 33.4300378], [-112.0340895, 33.4301833], [-112.0342343, 33.4303534], [-112.0343658, 33.4305504], [-112.0344437, 33.4307115]]}, "properties": {"class": "secondary"}}, {"type": "Feature", "geometry": {"type": "LineString", "coordinates": [[-112.0088704, 33.4349828], [-112.0098284, 33.4349839]]}, "properties": {"class": "primary"}}, {"type": "Feature", "geometry": {"type": "LineString", "coordinates": [[-112.0034749, 33.4349757], [-112.0039174, 33.4349758], [-112.0041761, 33.4349759]]}, "properties": {"class": "primary"}}, {"type": "Feature", "geometry": {"type": "LineString", "coordinates": [[-112.0116065, 33.4365153], [-112.011591, 33.4365187], [-112.0115525, 33.4365271], [-112.0115059, 33.4365473], [-112.0114255, 33.4365897], [-112.0113533, 33.4366307], [-112.0112815, 33.4366636], [-112.0112096, 33.4366829], [-112.0111325, 33.4366895], [-112.0110893, 33.436691], [-112.0110467, 33.4366925]]}, "properties": {"class": "tertiary"}}, {"type": "Feature", "geometry": {"type": "LineString", "coordinates": [[-112.0105599, 33.4364828], [-112.010327, 33.4361864], [-112.0102527, 33.4360929], [-112.0102, 33.4360435], [-112.0101553, 33.4360102], [-112.0100935, 33.4359777], [-112.010035, 33.4359532], [-112.0099716, 33.4359331], [-112.0099049, 33.4359241], [-112.0098306, 33.435919], [-112.0092732, 33.4359167], [-112.008872, 33.4359165]]}, "properties": {"class": "primary"}}, {"type": "Feature", "geometry": {"type": "LineString", "coordinates": [[-112.0230257, 33.4367222], [-112.0229382, 33.4366825], [-112.0228673, 33.4366431], [-112.0227887, 33.4365964], [-112.0225233, 33.4364216]]}, "properties": {"class": "tertiary"}}, {"type": "Feature", "geometry": {"type": "LineString", "coordinates": [[-112.0159406, 33.4375469], [-112.0161322, 33.4374231], [-112.0162171, 33.4373608], [-112.0162973, 33.4372984], [-112.0164252, 33.437188]]}, "properties": {"class": "primary"}}, {"type": "Feature", "geometry": {"type": "LineString", "coordinates": [[-112.0202176, 33.4368418], [-112.020804, 33.4368443], [-112.0208947, 33.436848], [-112.0209702, 33.4368546], [-112.0210414, 33.4368647], [-112.0211181, 33.4368793], [-112.0211884, 33.4368956], [-112.0212484, 33.4369123], [-112.0213095, 33.4369316], [-112.0213623, 33.4369513], [-112.0214332, 33.4369806], [-112.0214954, 33.4370105], [-112.0215469, 33.4370388], [-112.0216007, 33.4370693], [-112.021673, 33.4371182], [-112.021835, 33.4372342], [-112.0219707, 33.4373372], [-112.0220984, 33.4374315], [-112.0221589, 33.4374739], [-112.0222187, 33.4375133], [-112.0222893, 33.437555], [-112.02236, 33.4375921], [-112.0224255, 33.4376233], [-112.0224931, 33.4376529], [-112.0225727, 33.4376818], [-112.0226484, 33.4377055], [-112.0227196, 33.4377251], [-112.0227994, 33.4377441], [-112.022889, 33.4377596], [-112.0229691, 33.4377686], [-112.0230615, 33.4377763]]}, "properties": {"class": "primary"}}, {"type": "Feature", "geometry": {"type": "LineString", "coordinates": [[-112.0147836, 33.437869], [-112.0149153, 33.437867], [-112.0149874, 33.4378649], [-112.0150743, 33.4378595], [-112.0151541, 33.4378507], [-112.0152306, 33.4378392], [-112.0153063, 33.4378247], [-112.0153794, 33.4378062], [-112.0154457, 33.4377856], [-112.0155234, 33.4377579], [-112.0155979, 33.4377299], [-112.0156703, 33.4376963], [-112.0157302, 33.437667], [-112.0158006, 33.4376298], [-112.0158653, 33.437594], [-112.0159406, 33.4375469]]}, "properties": {"class": "primary"}}, {"type": "Feature", "geometry": {"type": "LineString", "coordinates": [[-111.9954661, 33.4209203], [-111.9954654, 33.420839], [-111.9954641, 33.4206864], [-111.9954626, 33.4204728], [-111.9954608, 33.4200697], [-111.9954597, 33.4198954], [-111.995455, 33.4192387], [-111.9954533, 33.418965], [-111.9954499, 33.4183343], [-111.9954495, 33.4182534], [-111.9954492, 33.4182026], [-111.9954474, 33.4180483], [-111.9954448, 33.4177337], [-111.9954419, 33.4175191], [-111.9954408, 33.4173165], [-111.9954393, 33.4172413], [-111.9954369, 33.4169701], [-111.9954344, 33.4166377]]}, "properties": {"class": "secondary"}}, {"type": "Feature", "geometry": {"type": "LineString", "coordinates": [[-112.0291385, 33.4483056], [-112.0292976, 33.4483074], [-112.0297259, 33.4483123], [-112.0300308, 33.4483157], [-112.030186, 33.4483164]]}, "properties": {"class": "primary"}}, {"type": "Feature", "geometry": {"type": "LineString", "coordinates": [[-112.0293196, 33.4471138], [-112.0289137, 33.4471097], [-112.0284713, 33.4471052], [-112.0282862, 33.4471141], [-112.0281145, 33.4471276], [-112.0279753, 33.4471475], [-112.0278691, 33.4471674], [-112.0276735, 33.447213], [-112.0275255, 33.4472588], [-112.027445, 33.4472872], [-112.0273483, 33.4473275], [-112.0272196, 33.4473856], [-112.0270968, 33.4474469], [-112.0268579, 33.4475788], [-112.0265776, 33.447734], [-112.0264778, 33.44779], [-112.026378, 33.4478432], [-112.026247, 33.4479086], [-112.0261295, 33.4479591], [-112.0259861, 33.4480109], [-112.0258625, 33.4480464], [-112.0257424, 33.448076], [-112.0256097, 33.4481015], [-112.0254788, 33.4481218], [-112.0253329, 33.4481389], [-112.0251942, 33.4481477], [-112.0249611, 33.4481495]]}, "properties": {"class": "primary"}}, {"type": "Feature", "geometry": {"type": "LineString", "coordinates": [[-112.035846, 33.4472231], [-112.0357605, 33.447227], [-112.0355638, 33.4472359], [-112.0352333, 33.4472404], [-112.0347337, 33.44723], [-112.034605, 33.4472271]]}, "properties": {"class": "primary"}}, {"type": "Feature", "geometry": {"type": "LineString", "coordinates": [[-112.0358427, 33.4473606], [-112.0348992, 33.4473474], [-112.0347329, 33.4473451], [-112.034606, 33.4473433]]}, "properties": {"class": "primary"}}, {"type": "Feature", "geometry": {"type": "LineString", "coordinates": [[-112.030189, 33.4472799], [-112.0300199, 33.447287], [-112.029868, 33.4472833], [-112.0297942, 33.4472819], [-112.0295993, 33.4472783], [-112.0294896, 33.4472763], [-112.0293915, 33.4472759], [-112.0291319, 33.4472694], [-112.0289784, 33.4472664], [-112.0287148, 33.4472612], [-112.0285045, 33.4472456], [-112.0282308, 33.4472456], [-112.0281175, 33.4472554], [-112.0279738, 33.4472779], [-112.0278489, 33.4473024], [-112.0276937, 33.4473404], [-112.0275486, 33.4473826], [-112.0274164, 33.4474328], [-112.0272335, 33.4475038], [-112.0269828, 33.4476459], [-112.0266824, 33.4478148], [-112.0266266, 33.4478519], [-112.026592, 33.4478885], [-112.0265738, 33.4479302], [-112.0265638, 33.4479686], [-112.0265686, 33.4480198]]}, "properties": {"class": "primary"}}, {"type": "Feature", "geometry": {"type": "LineString", "coordinates": [[-112.030184, 33.4471217], [-112.029994, 33.4471206]]}, "properties": {"class": "primary"}}, {"type": "Feature", "geometry": {"type": "LineString", "coordinates": [[-112.03461, 33.4482017], [-112.0346096, 33.4481346], [-112.0346082, 33.4478234], [-112.0346081, 33.447791], [-112.034607, 33.4475609], [-112.0346063, 33.447414], [-112.034606, 33.4473433]]}, "properties": {"class": "residential"}}, {"type": "Feature", "geometry": {"type": "LineString", "coordinates": [[-112.034607, 33.4483459], [-112.0347307, 33.4483459], [-112.0351069, 33.4483487], [-112.0354084, 33.4483497]]}, "properties": {"class": "primary"}}, {"type": "Feature", "geometry": {"type": "LineString", "coordinates": [[-112.03461, 33.4482017], [-112.0347307, 33.4482036], [-112.035212, 33.4482025], [-112.035867, 33.4482048]]}, "properties": {"class": "primary"}}, {"type": "Feature", "geometry": {"type": "LineString", "coordinates": [[-112.030186, 33.4481683], [-112.0303542, 33.4481773], [-112.0305549, 33.4481869], [-112.0307936, 33.4481882], [-112.031036, 33.4481895], [-112.031277, 33.4481916], [-112.0313615, 33.4481916], [-112.031454, 33.4481917], [-112.0324249, 33.4481919], [-112.0326149, 33.4481944], [-112.0338221, 33.448199], [-112.034498, 33.4482016], [-112.03461, 33.4482017]]}, "properties": {"class": "primary"}}, {"type": "Feature", "geometry": {"type": "LineString", "coordinates": [[-112.0273667, 33.4481647], [-112.0275078, 33.4481609], [-112.0278509, 33.4481651], [-112.0281716, 33.4481656], [-112.0285594, 33.4481574], [-112.0287751, 33.4481447], [-112.0291332, 33.4481467], [-112.0292007, 33.4481475], [-112.0294911, 33.4481507], [-112.0295664, 33.4481516], [-112.0296502, 33.4481525], [-112.0298409, 33.4481543], [-112.030024, 33.4481599], [-112.030186, 33.4481683]]}, "properties": {"class": "primary"}}, {"type": "Feature", "geometry": {"type": "LineString", "coordinates": [[-112.0312276, 33.4471457], [-112.0310895, 33.4471423], [-112.03089, 33.4471374], [-112.0307034, 33.4471329], [-112.0304786, 33.4471274], [-112.0303667, 33.4471247], [-112.030184, 33.4471217]]}, "properties": {"class": "primary"}}, {"type": "Feature", "geometry": {"type": "LineString", "coordinates": [[-112.034606, 33.4473433], [-112.0344984, 33.4473416], [-112.0338317, 33.4473312], [-112.0335233, 33.4473263], [-112.0324148, 33.4473072], [-112.0320678, 33.4472983], [-112.0318458, 33.447294]]}, "properties": {"class": "primary"}}, {"type": "Feature", "geometry": {"type": "LineString", "coordinates": [[-112.030189, 33.4472799], [-112.0301889, 33.4472178], [-112.030184, 33.4471217]]}, "properties": {"class": "secondary"}}, {"type": "Feature", "geometry": {"type": "LineString", "coordinates": [[-112.030186, 33.4481683], [-112.0301872, 33.4481027], [-112.0301875, 33.4480296]]}, "properties": {"class": "secondary"}}, {"type": "Feature", "geometry": {"type": "LineString", "coordinates": [[-112.034606, 33.4473433], [-112.034606, 33.4472972], [-112.034605, 33.4472271]]}, "properties": {"class": "residential"}}, {"type": "Feature", "geometry": {"type": "LineString", "coordinates": [[-112.0150632, 33.4567544], [-112.015088, 33.4567781], [-112.0150827, 33.4570453], [-112.0150827, 33.4571413], [-112.0150918, 33.4574711], [-112.0150933, 33.4575266], [-112.0150935, 33.4576011], [-112.0150946, 33.4580296], [-112.0150877, 33.4584266], [-112.0150886, 33.4584385], [-112.0150873, 33.4585332], [-112.0150875, 33.4586296], [-112.0150875, 33.4586329], [-112.0150886, 33.4590072], [-112.0150889, 33.4590551], [-112.015091, 33.4593979], [-112.0150913, 33.4594503], [-112.0150917, 33.4595176], [-112.015094, 33.4598893], [-112.0150965, 33.4603028], [-112.0150969, 33.4603611]]}, "properties": {"class": "residential"}}, {"type": "Feature", "geometry": {"type": "LineString", "coordinates": [[-111.9951011, 33.4597333], [-111.9950961, 33.4598669], [-111.9950929, 33.4602501]]}, "properties": {"class": "secondary"}}, {"type": "Feature", "geometry": {"type": "LineString", "coordinates": [[-111.9953046, 33.4586666], [-111.9953044, 33.4585643], [-111.9952882, 33.4581392]]}, "properties": {"class": "secondary"}}, {"type": "Feature", "geometry": {"type": "LineString", "coordinates": [[-112.0129203, 33.452128], [-112.0129197, 33.4522758]]}, "properties": {"class": "secondary"}}, {"type": "Feature", "geometry": {"type": "LineString", "coordinates": [[-112.012932, 33.4585303], [-112.012856, 33.458661], [-112.0128515, 33.4587513], [-112.0128516, 33.4587625], [-112.0128431, 33.4588882], [-112.0128344, 33.4590129], [-112.0128312, 33.4590551], [-112.0128198, 33.4592353], [-112.0128101, 33.4593909]]}, "properties": {"class": "secondary"}}, {"type": "Feature", "geometry": {"type": "LineString", "coordinates": [[-111.9916185, 33.4480695], [-111.9906508, 33.4480697]]}, "properties": {"class": "primary"}}, {"type": "Feature", "geometry": {"type": "LineString", "coordinates": [[-111.987149, 33.4458534], [-111.98714, 33.4459585]]}, "properties": {"class": "primary"}}, {"type": "Feature", "geometry": {"type": "LineString", "coordinates": [[-111.9894579, 33.448283], [-111.9896146, 33.4482738], [-111.9898261, 33.4482519], [-111.9899856, 33.4482356], [-111.9902923, 33.4482192]]}, "properties": {"class": "primary"}}, {"type": "Feature", "geometry": {"type": "LineString", "coordinates": [[-111.987073, 33.4483057], [-111.987233, 33.4483047]]}, "properties": {"class": "primary"}}, {"type": "Feature", "geometry": {"type": "LineString", "coordinates": [[-111.9870715, 33.4480329], [-111.9868875, 33.448032], [-111.986593, 33.448041], [-111.9864528, 33.4480456], [-111.9862326, 33.4480477], [-111.9859845, 33.4480477]]}, "properties": {"class": "primary"}}, {"type": "Feature", "geometry": {"type": "LineString", "coordinates": [[-111.9870795, 33.4557156], [-111.9870857, 33.4561229], [-111.9870866, 33.4561773], [-111.98708, 33.4563089], [-111.9870795, 33.4564353], [-111.9870781, 33.4567592]]}, "properties": {"class": "primary"}}, {"type": "Feature", "geometry": {"type": "LineString", "coordinates": [[-111.9872428, 33.4469215], [-111.9872564, 33.4466017]]}, "properties": {"class": "primary"}}, {"type": "Feature", "geometry": {"type": "LineString", "coordinates": [[-111.987233, 33.4483047], [-111.9872304, 33.448217], [-111.9872309, 33.4481252], [-111.9872328, 33.4480301]]}, "properties": {"class": "primary"}}, {"type": "Feature", "geometry": {"type": "LineString", "coordinates": [[-112.030254, 33.4608538], [-112.0302486, 33.460641], [-112.030243, 33.4604182], [-112.0302395, 33.4601471], [-112.0302371, 33.4599606], [-112.0302362, 33.4598057], [-112.0302353, 33.4595761], [-112.0302337, 33.459392], [-112.0302321, 33.4591122]]}, "properties": {"class": "secondary"}}, {"type": "Feature", "geometry": {"type": "LineString", "coordinates": [[-112.023732, 33.4585499], [-112.0233348, 33.4585558], [-112.0231481, 33.4585586], [-112.0230518, 33.4585587], [-112.022734, 33.4585662], [-112.0226441, 33.4585671], [-112.0219487, 33.4585692], [-112.0215729, 33.4585704], [-112.021514, 33.4585688], [-112.0211242, 33.4585629], [-112.0205899, 33.4585547], [-112.0194154, 33.4585571], [-112.0193729, 33.4585574], [-112.0188001, 33.4585593], [-112.0185595, 33.4585573], [-112.0183666, 33.4585546], [-112.0177157, 33.4585502], [-112.0173529, 33.4585478], [-112.0172435, 33.4585466]]}, "properties": {"class": "tertiary"}}, {"type": "Feature", "geometry": {"type": "LineString", "coordinates": [[-112.0107408, 33.4585381], [-112.008769, 33.4585371], [-112.0086368, 33.45853], [-112.0085524, 33.4584838], [-112.0084201, 33.4584878], [-112.0064979, 33.4584807], [-112.0063697, 33.4584598]]}, "properties": {"class": "residential"}}, {"type": "Feature", "geometry": {"type": "LineString", "coordinates": [[-112.0301643, 33.4444901], [-112.030117, 33.4444844], [-112.0300626, 33.4444776], [-112.0300366, 33.4444743], [-112.0296476, 33.4444754], [-112.029527, 33.4444553], [-112.0278643, 33.4444546], [-112.0259211, 33.4444421]]}, "properties": {"class": "residential"}}, {"type": "Feature", "geometry": {"type": "LineString", "coordinates": [[-112.030121, 33.4188042], [-112.0300576, 33.4181153], [-112.0300483, 33.4180143]]}, "properties": {"class": "secondary"}}, {"type": "Feature", "geometry": {"type": "LineString", "coordinates": [[-112.030222, 33.4569718], [-112.0303176, 33.4569721], [-112.0303284, 33.4569721], [-112.0312375, 33.4569695]]}, "properties": {"class": "residential"}}, {"type": "Feature", "geometry": {"type": "LineString", "coordinates": [[-112.0110482, 33.4115075], [-112.011128, 33.4113917], [-112.011352, 33.4110344]]}, "properties": {"class": "secondary"}}, {"type": "Feature", "geometry": {"type": "LineString", "coordinates": [[-112.0111887, 33.4109703], [-112.0109744, 33.4113231], [-112.0108972, 33.4114475]]}, "properties": {"class": "secondary"}}, {"type": "Feature", "geometry": {"type": "LineString", "coordinates": [[-112.011352, 33.4110344], [-112.011604, 33.4106082], [-112.0116319, 33.4104264]]}, "properties": {"class": "secondary"}}, {"type": "Feature", "geometry": {"type": "LineString", "coordinates": [[-112.0116319, 33.4104264], [-112.0114462, 33.4105712]]}, "properties": {"class": "secondary"}}, {"type": "Feature", "geometry": {"type": "LineString", "coordinates": [[-112.0157074, 33.4366128], [-112.0156163, 33.4366048], [-112.015435, 33.4365858], [-112.0151975, 33.4365661], [-112.0149496, 33.4365589], [-112.0148078, 33.4365579], [-112.0136175, 33.4365607], [-112.0127471, 33.4365499], [-112.012679, 33.436549], [-112.0125209, 33.4365475]]}, "properties": {"class": "tertiary"}}, {"type": "Feature", "geometry": {"type": "LineString", "coordinates": [[-112.0164252, 33.437188], [-112.0165053, 33.4371182], [-112.0165426, 33.4370893], [-112.0166061, 33.4370486], [-112.0166814, 33.4370099], [-112.0167552, 33.4369748], [-112.0168348, 33.4369431], [-112.0169172, 33.4369149], [-112.0170304, 33.4368827], [-112.0171022, 33.4368662], [-112.0171867, 33.4368516], [-112.0172598, 33.4368434], [-112.0173273, 33.4368389], [-112.0174013, 33.4368377], [-112.0175048, 33.4368382]]}, "properties": {"class": "primary"}}, {"type": "Feature", "geometry": {"type": "LineString", "coordinates": [[-112.0133833, 33.4378992], [-112.0142718, 33.4378995], [-112.0147836, 33.437869]]}, "properties": {"class": "primary"}}, {"type": "Feature", "geometry": {"type": "LineString", "coordinates": [[-112.0295157, 33.4368162], [-112.0301781, 33.4368209]]}, "properties": {"class": "tertiary"}}, {"type": "Feature", "geometry": {"type": "LineString", "coordinates": [[-112.0313787, 33.4367188], [-112.0308359, 33.4367188]]}, "properties": {"class": "secondary"}}, {"type": "Feature", "geometry": {"type": "LineString", "coordinates": [[-111.9917502, 33.4512133], [-111.9921998, 33.4512173], [-111.9922502, 33.4512175], [-111.9924365, 33.4512195], [-111.992561, 33.4512208], [-111.9926756, 33.451222], [-111.9933918, 33.4512298], [-111.9936617, 33.4512327], [-111.9940004, 33.4512364]]}, "properties": {"class": "primary"}}, {"type": "Feature", "geometry": {"type": "LineString", "coordinates": [[-111.9829694, 33.4480429], [-111.9832034, 33.4480608], [-111.983466, 33.4480754], [-111.9837301, 33.4480897], [-111.9839923, 33.4481056], [-111.9842776, 33.4481239], [-111.9843686, 33.4481309], [-111.9847695, 33.4481626], [-111.9850452, 33.4481845], [-111.9853137, 33.4482066], [-111.985565, 33.4482276]]}, "properties": {"class": "primary"}}, {"type": "Feature", "geometry": {"type": "LineString", "coordinates": [[-111.9872498, 33.4586657], [-111.9872512, 33.4584612]]}, "properties": {"class": "primary"}}, {"type": "Feature", "geometry": {"type": "LineString", "coordinates": [[-111.9870404, 33.4584634], [-111.9870396, 33.4586356]]}, "properties": {"class": "primary"}}, {"type": "Feature", "geometry": {"type": "LineString", "coordinates": [[-111.9872433, 33.4597058], [-111.9872539, 33.4588115]]}, "properties": {"class": "primary"}}, {"type": "Feature", "geometry": {"type": "LineString", "coordinates": [[-111.9870463, 33.4575683], [-111.9870419, 33.4582647]]}, "properties": {"class": "primary"}}, {"type": "Feature", "geometry": {"type": "LineString", "coordinates": [[-112.034605, 33.4472271], [-112.0344957, 33.4472245], [-112.0342058, 33.4472194], [-112.0331114, 33.4472001], [-112.0324235, 33.4471801], [-112.0312276, 33.4471457]]}, "properties": {"class": "primary"}}, {"type": "Feature", "geometry": {"type": "LineString", "coordinates": [[-111.9953154, 33.4512525], [-111.9954957, 33.4512541]]}, "properties": {"class": "primary"}}, {"type": "Feature", "geometry": {"type": "LineString", "coordinates": [[-112.021576, 33.4482994], [-112.0217142, 33.4482997], [-112.0218172, 33.4482986], [-112.022096, 33.4482968], [-112.022278, 33.4482935], [-112.0227525, 33.4482882], [-112.0229384, 33.44829], [-112.0237821, 33.4482983], [-112.0247598, 33.4483091]]}, "properties": {"class": "primary"}}, {"type": "Feature", "geometry": {"type": "LineString", "coordinates": [[-112.0172552, 33.4480906], [-112.0171291, 33.4480918], [-112.0170367, 33.4480921], [-112.0167036, 33.4480987], [-112.016454, 33.448107], [-112.0163691, 33.4481098], [-112.0162371, 33.4481105], [-112.0156824, 33.4481059], [-112.0150791, 33.4481045], [-112.0148382, 33.4480986], [-112.0140835, 33.4480802], [-112.0140381, 33.4480803], [-112.0139902, 33.4480804]]}, "properties": {"class": "primary"}}, {"type": "Feature", "geometry": {"type": "LineString", "coordinates": [[-112.012909, 33.4480858], [-112.0129111, 33.4481551], [-112.0129117, 33.4481943], [-112.012912, 33.4482657]]}, "properties": {"class": "secondary"}}, {"type": "Feature", "geometry": {"type": "LineString", "coordinates": [[-111.9963085, 33.4512537], [-111.99706, 33.4512601], [-111.997515, 33.4512624], [-111.9977245, 33.4512635], [-111.9978633, 33.4512656], [-111.998166, 33.4512657], [-111.9986155, 33.4512659], [-111.999099, 33.4512668], [-111.9993263, 33.4512684], [-111.9994723, 33.4512679], [-111.9995449, 33.4512681], [-111.9997155, 33.4512686], [-111.999881, 33.4512687], [-111.9999036, 33.4512687], [-112.0005006, 33.4512692], [-112.000781, 33.4512695], [-112.0010687, 33.4512716], [-112.001153, 33.4512722], [-112.001216, 33.4512719], [-112.0014471, 33.4512708], [-112.0015773, 33.4512692], [-112.002131, 33.4512722], [-112.002447, 33.4512722], [-112.0028731, 33.4512712], [-112.002961, 33.4512712], [-112.00331, 33.4512715], [-112.003501, 33.4512716], [-112.003593, 33.4512717], [-112.003816, 33.4512719], [-112.0039447, 33.451268], [-112.0041389, 33.4512721], [-112.0045574, 33.4512717], [-112.004629, 33.4512725], [-112.004667, 33.4512725], [-112.004865, 33.4512727], [-112.0056575, 33.4512733], [-112.005944, 33.4512735], [-112.0063035, 33.4512738], [-112.006707, 33.4512752], [-112.00716, 33.4512769], [-112.007706, 33.4512789], [-112.008067, 33.4512802], [-112.008165, 33.4512806], [-112.0084149, 33.4512816], [-112.008477, 33.4512817], [-112.008847, 33.4512831], [-112.0090748, 33.4512839], [-112.009285, 33.4512827], [-112.0094657, 33.4512816], [-112.0098999, 33.4512868]]}, "properties": {"class": "primary"}}, {"type": "Feature", "geometry": {"type": "LineString", "coordinates": [[-111.9940004, 33.4512364], [-111.9943423, 33.4512401]]}, "properties": {"class": "primary"}}, {"type": "Feature", "geometry": {"type": "LineString", "coordinates": [[-111.9951411, 33.4512492], [-111.9953154, 33.4512525]]}, "properties": {"class": "primary"}}, {"type": "Feature", "geometry": {"type": "LineString", "coordinates": [[-111.995564, 33.4512534], [-111.9963085, 33.4512537]]}, "properties": {"class": "primary"}}, {"type": "Feature", "geometry": {"type": "LineString", "coordinates": [[-111.9943423, 33.4512401], [-111.9943669, 33.4512404], [-111.9947163, 33.4512442], [-111.994866, 33.4512458], [-111.9950835, 33.4512481]]}, "properties": {"class": "primary"}}, {"type": "Feature", "geometry": {"type": "LineString", "coordinates": [[-112.0123543, 33.4512984], [-112.012445, 33.4512979], [-112.0127827, 33.4512957], [-112.012921, 33.4512953]]}, "properties": {"class": "primary"}}, {"type": "Feature", "geometry": {"type": "LineString", "coordinates": [[-112.012921, 33.4512953], [-112.0130489, 33.4512951], [-112.013221, 33.4512949], [-112.013439, 33.4512945], [-112.0135897, 33.4512943], [-112.013891, 33.4512938]]}, "properties": {"class": "primary"}}, {"type": "Feature", "geometry": {"type": "LineString", "coordinates": [[-112.0128101, 33.4593909], [-112.012798, 33.4595866], [-112.0127931, 33.4596539]]}, "properties": {"class": "secondary"}}, {"type": "Feature", "geometry": {"type": "LineString", "coordinates": [[-112.012921, 33.4512953], [-112.0129208, 33.4514112], [-112.0129207, 33.4515368], [-112.01292, 33.4517263], [-112.0129203, 33.4518498], [-112.0129203, 33.452128]]}, "properties": {"class": "secondary"}}, {"type": "Feature", "geometry": {"type": "LineString", "coordinates": [[-112.012912, 33.4482657], [-112.0129144, 33.4483634], [-112.0129149, 33.4485465], [-112.0129151, 33.4486206], [-112.0129152, 33.4486389], [-112.0129155, 33.4487997], [-112.0129158, 33.4489143], [-112.0129162, 33.4490705], [-112.0129164, 33.4491689]]}, "properties": {"class": "secondary"}}, {"type": "Feature", "geometry": {"type": "LineString", "coordinates": [[-112.0129872, 33.4589533], [-112.012985, 33.458754], [-112.0129844, 33.4586523], [-112.012932, 33.4585303]]}, "properties": {"class": "secondary"}}, {"type": "Feature", "geometry": {"type": "LineString", "coordinates": [[-112.012919, 33.4505709], [-112.0129198, 33.4507645], [-112.0129199, 33.4507809], [-112.01292, 33.4508586], [-112.0129204, 33.4510393], [-112.0129206, 33.4511022], [-112.0129208, 33.4511877], [-112.012921, 33.4512953]]}, "properties": {"class": "secondary"}}, {"type": "Feature", "geometry": {"type": "LineString", "coordinates": [[-112.0127931, 33.4596539], [-112.0127895, 33.4598235], [-112.0127913, 33.4600204], [-112.012795, 33.4603417]]}, "properties": {"class": "secondary"}}, {"type": "Feature", "geometry": {"type": "LineString", "coordinates": [[-111.9952786, 33.4597456], [-111.9952825, 33.4595927], [-111.9953012, 33.4588468], [-111.9953046, 33.4586666]]}, "properties": {"class": "secondary"}}, {"type": "Feature", "geometry": {"type": "LineString", "coordinates": [[-111.9953757, 33.4493375], [-111.9953668, 33.4496104], [-111.9953535, 33.4500195], [-111.9953495, 33.4501421]]}, "properties": {"class": "secondary"}}, {"type": "Feature", "geometry": {"type": "LineString", "coordinates": [[-111.9953186, 33.4511224], [-111.9953154, 33.4512525]]}, "properties": {"class": "secondary"}}, {"type": "Feature", "geometry": {"type": "LineString", "coordinates": [[-111.9953495, 33.4501421], [-111.995338, 33.4504958]]}, "properties": {"class": "secondary"}}, {"type": "Feature", "geometry": {"type": "LineString", "coordinates": [[-111.9951302, 33.4588416], [-111.9951011, 33.4597333]]}, "properties": {"class": "secondary"}}, {"type": "Feature", "geometry": {"type": "LineString", "coordinates": [[-111.995338, 33.4504958], [-111.9953366, 33.4505382], [-111.9953201, 33.4510823], [-111.9953193, 33.4511047], [-111.9953186, 33.4511224]]}, "properties": {"class": "secondary"}}, {"type": "Feature", "geometry": {"type": "LineString", "coordinates": [[-111.9953046, 33.4586666], [-111.9951377, 33.4586493]]}, "properties": {"class": "primary"}}, {"type": "Feature", "geometry": {"type": "LineString", "coordinates": [[-111.9999518, 33.4220238], [-112.0001928, 33.4220237], [-112.0002588, 33.4220179], [-112.0004769, 33.4219992], [-112.0007185, 33.4219712], [-112.0011782, 33.4218854], [-112.0012481, 33.4218645]]}, "properties": {"class": "primary"}}, {"type": "Feature", "geometry": {"type": "LineString", "coordinates": [[-111.9850848, 33.4227742], [-111.985224, 33.4225126], [-111.9852834, 33.4223815]]}, "properties": {"class": "primary"}}, {"type": "Feature", "geometry": {"type": "LineString", "coordinates": [[-112.010364, 33.4126198], [-112.0104614, 33.4124625]]}, "properties": {"class": "primary"}}, {"type": "Feature", "geometry": {"type": "LineString", "coordinates": [[-112.0103206, 33.4123776], [-112.0102112, 33.412555]]}, "properties": {"class": "primary"}}, {"type": "Feature", "geometry": {"type": "LineString", "coordinates": [[-112.0101816, 33.4129354], [-112.0103095, 33.4127166], [-112.010364, 33.4126198]]}, "properties": {"class": "primary"}}, {"type": "Feature", "geometry": {"type": "LineString", "coordinates": [[-112.0116319, 33.4104264], [-112.011811, 33.4101355], [-112.0118802, 33.4100265], [-112.0119611, 33.4098993], [-112.0120268, 33.4097986], [-112.0120562, 33.4097536]]}, "properties": {"class": "secondary"}}, {"type": "Feature", "geometry": {"type": "LineString", "coordinates": [[-111.9953334, 33.4114412], [-111.995298, 33.4115441]]}, "properties": {"class": "secondary"}}, {"type": "Feature", "geometry": {"type": "LineString", "coordinates": [[-111.9955213, 33.4126731], [-111.9955298, 33.4122557]]}, "properties": {"class": "secondary"}}, {"type": "Feature", "geometry": {"type": "LineString", "coordinates": [[-111.995531, 33.4115338], [-111.9955276, 33.4114382]]}, "properties": {"class": "secondary"}}, {"type": "Feature", "geometry": {"type": "LineString", "coordinates": [[-111.9953401, 33.4109302], [-111.9953334, 33.4114412]]}, "properties": {"class": "secondary"}}, {"type": "Feature", "geometry": {"type": "LineString", "coordinates": [[-112.0208553, 33.4513139], [-112.0210701, 33.4513147], [-112.021222, 33.4513153], [-112.0214564, 33.4513162], [-112.0215487, 33.4513165]]}, "properties": {"class": "primary"}}, {"type": "Feature", "geometry": {"type": "LineString", "coordinates": [[-112.029488, 33.4513407], [-112.0295931, 33.4513415], [-112.0299436, 33.451344], [-112.0300212, 33.4513445], [-112.030193, 33.4513457]]}, "properties": {"class": "primary"}}, {"type": "Feature", "geometry": {"type": "LineString", "coordinates": [[-112.030193, 33.4513457], [-112.0303226, 33.4513472], [-112.0306521, 33.4513491], [-112.030772, 33.45135], [-112.030846, 33.4513505], [-112.0311134, 33.4513525]]}, "properties": {"class": "primary"}}, {"type": "Feature", "geometry": {"type": "LineString", "coordinates": [[-112.0215487, 33.4513165], [-112.021647, 33.4513168], [-112.022073, 33.4513183], [-112.0222259, 33.4513189]]}, "properties": {"class": "primary"}}, {"type": "Feature", "geometry": {"type": "LineString", "coordinates": [[-112.013891, 33.4512938], [-112.014038, 33.4512941], [-112.0144795, 33.4512969], [-112.0147792, 33.4512953], [-112.0153508, 33.4512963], [-112.0155026, 33.4512981], [-112.0157705, 33.4513013], [-112.0159764, 33.4513037], [-112.016164, 33.4513039], [-112.0164985, 33.4513042], [-112.0168129, 33.4513044], [-112.016883, 33.4513045], [-112.0171325, 33.4513047], [-112.0172306, 33.4513048], [-112.017635, 33.4513054], [-112.0178356, 33.4513057], [-112.0183817, 33.4513066], [-112.0187909, 33.4513072], [-112.0188623, 33.4513073], [-112.0192476, 33.4513079], [-112.0193985, 33.4513082], [-112.0195397, 33.4513087], [-112.0197327, 33.4513095], [-112.0205913, 33.4513129], [-112.0208553, 33.4513139]]}, "properties": {"class": "primary"}}, {"type": "Feature", "geometry": {"type": "LineString", "coordinates": [[-112.0222259, 33.4513189], [-112.0227543, 33.4513209], [-112.0228196, 33.4513212], [-112.0237596, 33.4513247], [-112.0249936, 33.4513295], [-112.0254509, 33.4513313], [-112.025596, 33.4513319], [-112.025743, 33.4513325], [-112.0278217, 33.4513404], [-112.0282976, 33.4513391], [-112.0284794, 33.4513386], [-112.0289962, 33.4513371], [-112.0292149, 33.4513387], [-112.029319, 33.4513395], [-112.029488, 33.4513407]]}, "properties": {"class": "primary"}}, {"type": "Feature", "geometry": {"type": "LineString", "coordinates": [[-112.030218, 33.45641], [-112.0302157, 33.4560275]]}, "properties": {"class": "secondary"}}, {"type": "Feature", "geometry": {"type": "LineString", "coordinates": [[-112.0302209, 33.4568029], [-112.0302187, 33.4564849], [-112.030218, 33.45641]]}, "properties": {"class": "secondary"}}, {"type": "Feature", "geometry": {"type": "LineString", "coordinates": [[-112.0301958, 33.4504652], [-112.0301964, 33.450319], [-112.030197, 33.450179], [-112.030197, 33.450022], [-112.0301979, 33.4499369], [-112.0302005, 33.4493059]]}, "properties": {"class": "secondary"}}, {"type": "Feature", "geometry": {"type": "LineString", "coordinates": [[-112.0301949, 33.4521969], [-112.0301944, 33.452058], [-112.0301935, 33.4518415], [-112.0301935, 33.4517692], [-112.0301937, 33.4514577], [-112.030193, 33.4513457]]}, "properties": {"class": "secondary"}}, {"type": "Feature", "geometry": {"type": "LineString", "coordinates": [[-112.030227, 33.4585868], [-112.0302269, 33.458454], [-112.0302265, 33.4583167], [-112.0302255, 33.4581679], [-112.0302257, 33.4580191]]}, "properties": {"class": "secondary"}}, {"type": "Feature", "geometry": {"type": "LineString", "coordinates": [[-112.030193, 33.4513457], [-112.0301928, 33.4512294], [-112.0301938, 33.4509736], [-112.0301931, 33.4509524], [-112.0301947, 33.4507575], [-112.0301948, 33.4507165], [-112.0301956, 33.4505085], [-112.0301958, 33.4504652]]}, "properties": {"class": "secondary"}}, {"type": "Feature", "geometry": {"type": "LineString", "coordinates": [[-112.0302321, 33.4591122], [-112.030231, 33.4590038], [-112.0302304, 33.4589468], [-112.030228, 33.4586905], [-112.030227, 33.4585868]]}, "properties": {"class": "secondary"}}, {"type": "Feature", "geometry": {"type": "LineString", "coordinates": [[-112.0302257, 33.4580191], [-112.0302261, 33.4576933], [-112.030224, 33.4573463], [-112.0302231, 33.4571626], [-112.030222, 33.4569718], [-112.0302204, 33.4568355], [-112.0302209, 33.4568029]]}, "properties": {"class": "secondary"}}, {"type": "Feature", "geometry": {"type": "LineString", "coordinates": [[-112.0302157, 33.4560275], [-112.0302132, 33.4558526], [-112.0302066, 33.4551587], [-112.0302059, 33.4551282], [-112.0302048, 33.4540204], [-112.0302034, 33.4537915], [-112.0302028, 33.4537019], [-112.0302009, 33.4534239], [-112.0301978, 33.4529661], [-112.0301954, 33.4525579], [-112.0301949, 33.4521969]]}, "properties": {"class": "secondary"}}, {"type": "Feature", "geometry": {"type": "LineString", "coordinates": [[-112.0311134, 33.4513525], [-112.0312604, 33.4513536], [-112.031727, 33.451357], [-112.0318108, 33.4513576], [-112.0320236, 33.4513592], [-112.0322218, 33.4513607], [-112.0324165, 33.4513621], [-112.0324874, 33.4513626], [-112.0326241, 33.4513636], [-112.0333601, 33.4513734], [-112.033997, 33.4513805], [-112.0345966, 33.4513871], [-112.0348657, 33.4513898], [-112.0350888, 33.4513921], [-112.0355107, 33.4513963], [-112.035579, 33.451397], [-112.0359914, 33.4514011], [-112.0382902, 33.4514156], [-112.0383882, 33.4514162]]}, "properties": {"class": "primary"}}, {"type": "Feature", "geometry": {"type": "LineString", "coordinates": [[-111.9877962, 33.4511927], [-111.98798, 33.4511943], [-111.9880782, 33.4511951]]}, "properties": {"class": "primary"}}, {"type": "Feature", "geometry": {"type": "LineString", "coordinates": [[-111.990789, 33.4512129], [-111.9913461, 33.4512143]]}, "properties": {"class": "primary"}}, {"type": "Feature", "geometry": {"type": "LineString", "coordinates": [[-111.9855056, 33.4511668], [-111.986056, 33.4511707]]}, "properties": {"class": "primary"}}, {"type": "Feature", "geometry": {"type": "LineString", "coordinates": [[-111.9880782, 33.4511951], [-111.9882464, 33.4511965], [-111.9882839, 33.4511968]]}, "properties": {"class": "primary"}}, {"type": "Feature", "geometry": {"type": "LineString", "coordinates": [[-111.9848175, 33.4511599], [-111.9849643, 33.4511614], [-111.9855056, 33.4511668]]}, "properties": {"class": "primary"}}, {"type": "Feature", "geometry": {"type": "LineString", "coordinates": [[-111.9870715, 33.4511884], [-111.9871395, 33.4511882], [-111.9872209, 33.451188]]}, "properties": {"class": "primary"}}, {"type": "Feature", "geometry": {"type": "LineString", "coordinates": [[-111.9872209, 33.451188], [-111.9873408, 33.4511888], [-111.9877962, 33.4511927]]}, "properties": {"class": "primary"}}, {"type": "Feature", "geometry": {"type": "LineString", "coordinates": [[-111.986056, 33.4511707], [-111.986543, 33.4511742], [-111.9867188, 33.4511755], [-111.9869528, 33.4511812], [-111.9870715, 33.4511884]]}, "properties": {"class": "primary"}}, {"type": "Feature", "geometry": {"type": "LineString", "coordinates": [[-111.9882839, 33.4511968], [-111.989449, 33.4512067], [-111.9899237, 33.4512108], [-111.990789, 33.4512129]]}, "properties": {"class": "primary"}}, {"type": "Feature", "geometry": {"type": "LineString", "coordinates": [[-111.98724, 33.4526824], [-111.98723, 33.4519295]]}, "properties": {"class": "primary"}}, {"type": "Feature", "geometry": {"type": "LineString", "coordinates": [[-111.9870745, 33.4570334], [-111.9870683, 33.4571729], [-111.9870566, 33.4573642], [-111.9870463, 33.4575683]]}, "properties": {"class": "primary"}}, {"type": "Feature", "geometry": {"type": "LineString", "coordinates": [[-111.9872439, 33.4530723], [-111.98724, 33.4526824]]}, "properties": {"class": "primary"}}, {"type": "Feature", "geometry": {"type": "LineString", "coordinates": [[-111.9870781, 33.4567592], [-111.9870764, 33.4569322], [-111.9870745, 33.4570334]]}, "properties": {"class": "primary"}}, {"type": "Feature", "geometry": {"type": "LineString", "coordinates": [[-111.9870419, 33.4582647], [-111.9870404, 33.4584634]]}, "properties": {"class": "primary"}}, {"type": "Feature", "geometry": {"type": "LineString", "coordinates": [[-111.9872539, 33.4588115], [-111.9872498, 33.4586657]]}, "properties": {"class": "primary"}}, {"type": "Feature", "geometry": {"type": "LineString", "coordinates": [[-111.987202, 33.4620394], [-111.9872033, 33.4619568], [-111.9872067, 33.4617475], [-111.9872105, 33.461493], [-111.9872135, 33.4611038], [-111.9872138, 33.460854], [-111.9872168, 33.4607118], [-111.9872196, 33.4603358], [-111.9872215, 33.4602241], [-111.9872243, 33.4601461], [-111.9872337, 33.4599365], [-111.9872433, 33.4597058]]}, "properties": {"class": "primary"}}, {"type": "Feature", "geometry": {"type": "LineString", "coordinates": [[-111.9872502, 33.4551806], [-111.9872531, 33.4547399]]}, "properties": {"class": "primary"}}, {"type": "Feature", "geometry": {"type": "LineString", "coordinates": [[-111.9872161, 33.4498941], [-111.9872162, 33.4498122], [-111.9872165, 33.4496687]]}, "properties": {"class": "primary"}}, {"type": "Feature", "geometry": {"type": "LineString", "coordinates": [[-111.9870805, 33.45487], [-111.98708, 33.4553058]]}, "properties": {"class": "primary"}}, {"type": "Feature", "geometry": {"type": "LineString", "coordinates": [[-111.9870648, 33.4522547], [-111.9870649, 33.4523041]]}, "properties": {"class": "primary"}}, {"type": "Feature", "geometry": {"type": "LineString", "coordinates": [[-111.9870835, 33.4541109], [-111.9870822, 33.4542505], [-111.9870809, 33.4546549]]}, "properties": {"class": "primary"}}, {"type": "Feature", "geometry": {"type": "LineString", "coordinates": [[-111.9872264, 33.4518049], [-111.9872213, 33.4513383], [-111.9872209, 33.451188]]}, "properties": {"class": "primary"}}, {"type": "Feature", "geometry": {"type": "LineString", "coordinates": [[-111.9870715, 33.4511884], [-111.9870655, 33.4513247], [-111.987063, 33.4515576], [-111.9870648, 33.4522547]]}, "properties": {"class": "primary"}}, {"type": "Feature", "geometry": {"type": "LineString", "coordinates": [[-111.987064, 33.4526773], [-111.9870808, 33.4538923], [-111.9870835, 33.4541109]]}, "properties": {"class": "primary"}}, {"type": "Feature", "geometry": {"type": "LineString", "coordinates": [[-111.9870731, 33.4504849], [-111.9870726, 33.4507654], [-111.9870716, 33.4510648], [-111.9870715, 33.4511884]]}, "properties": {"class": "primary"}}, {"type": "Feature", "geometry": {"type": "LineString", "coordinates": [[-111.9872209, 33.451188], [-111.9872177, 33.4510755], [-111.987217, 33.4508622], [-111.987217, 33.4504044], [-111.9872161, 33.4498941]]}, "properties": {"class": "primary"}}, {"type": "Feature", "geometry": {"type": "LineString", "coordinates": [[-111.9872165, 33.4496687], [-111.9872231, 33.4492053], [-111.9872271, 33.4488877]]}, "properties": {"class": "primary"}}, {"type": "Feature", "geometry": {"type": "LineString", "coordinates": [[-111.9870755, 33.4496629], [-111.9870749, 33.4498123], [-111.9870736, 33.4501699], [-111.987073, 33.4503666], [-111.9870731, 33.4504849]]}, "properties": {"class": "primary"}}, {"type": "Feature", "geometry": {"type": "LineString", "coordinates": [[-111.9870396, 33.4586356], [-111.987039, 33.4588269], [-111.9870325, 33.4597632]]}, "properties": {"class": "primary"}}, {"type": "Feature", "geometry": {"type": "LineString", "coordinates": [[-111.9919339, 33.4583797], [-111.9914799, 33.458233]]}, "properties": {"class": "primary"}}, {"type": "Feature", "geometry": {"type": "LineString", "coordinates": [[-111.9914799, 33.458233], [-111.9912451, 33.4581596], [-111.99114, 33.4581273], [-111.9910219, 33.4580976], [-111.9909167, 33.4580762], [-111.9908064, 33.4580597], [-111.990691, 33.4580465], [-111.9905575, 33.4580369], [-111.99042, 33.4580297], [-111.9902201, 33.4580232]]}, "properties": {"class": "primary"}}, {"type": "Feature", "geometry": {"type": "LineString", "coordinates": [[-112.033406, 33.436718], [-112.032989, 33.4367183]]}, "properties": {"class": "secondary"}}, {"type": "Feature", "geometry": {"type": "LineString", "coordinates": [[-112.034565, 33.4368538], [-112.034762, 33.4368532]]}, "properties": {"class": "secondary"}}, {"type": "Feature", "geometry": {"type": "LineString", "coordinates": [[-112.032989, 33.4367183], [-112.032444, 33.436717]]}, "properties": {"class": "secondary"}}, {"type": "Feature", "geometry": {"type": "LineString", "coordinates": [[-112.032441, 33.4368441], [-112.032988, 33.4368482], [-112.0335293, 33.4368523]]}, "properties": {"class": "secondary"}}, {"type": "Feature", "geometry": {"type": "LineString", "coordinates": [[-112.033859, 33.4368548], [-112.0344164, 33.4368591], [-112.034565, 33.4368538]]}, "properties": {"class": "secondary"}}, {"type": "Feature", "geometry": {"type": "LineString", "coordinates": [[-112.0318312, 33.4368385], [-112.032441, 33.4368441]]}, "properties": {"class": "secondary"}}, {"type": "Feature", "geometry": {"type": "LineString", "coordinates": [[-112.029994, 33.4471206], [-112.029823, 33.4471189], [-112.0296392, 33.4471171], [-112.0295555, 33.4471162]]}, "properties": {"class": "primary"}}, {"type": "Feature", "geometry": {"type": "LineString", "coordinates": [[-112.0295555, 33.4471162], [-112.0294302, 33.4471149], [-112.0293196, 33.4471138]]}, "properties": {"class": "primary"}}, {"type": "Feature", "geometry": {"type": "LineString", "coordinates": [[-112.0318458, 33.447294], [-112.0305354, 33.4472685], [-112.030359, 33.4472725], [-112.030189, 33.4472799]]}, "properties": {"class": "primary"}}, {"type": "Feature", "geometry": {"type": "LineString", "coordinates": [[-112.0290308, 33.4483044], [-112.0291385, 33.4483056]]}, "properties": {"class": "primary"}}, {"type": "Feature", "geometry": {"type": "LineString", "coordinates": [[-112.033363, 33.4483363], [-112.0337578, 33.4483435]]}, "properties": {"class": "primary"}}, {"type": "Feature", "geometry": {"type": "LineString", "coordinates": [[-112.0337578, 33.4483435], [-112.0339979, 33.4483443], [-112.034493, 33.448346], [-112.034607, 33.4483459]]}, "properties": {"class": "primary"}}, {"type": "Feature", "geometry": {"type": "LineString", "coordinates": [[-112.0206029, 33.4482999], [-112.0214445, 33.4482991], [-112.021576, 33.4482994]]}, "properties": {"class": "primary"}}, {"type": "Feature", "geometry": {"type": "LineString", "coordinates": [[-112.0167041, 33.4482758], [-112.017131, 33.4482771], [-112.0172533, 33.4482735]]}, "properties": {"class": "primary"}}, {"type": "Feature", "geometry": {"type": "LineString", "coordinates": [[-112.0183575, 33.4480973], [-112.0183304, 33.4480958], [-112.0180555, 33.4480939], [-112.017378, 33.4480895], [-112.0172552, 33.4480906]]}, "properties": {"class": "primary"}}, {"type": "Feature", "geometry": {"type": "LineString", "coordinates": [[-112.030186, 33.4483164], [-112.0303537, 33.4483171], [-112.0305551, 33.4483174], [-112.0307952, 33.4483189], [-112.0309735, 33.44832], [-112.0311371, 33.4483212], [-112.0313234, 33.4483226], [-112.0315739, 33.4483245], [-112.0317731, 33.4483256], [-112.0322366, 33.4483281], [-112.032937, 33.448332], [-112.033363, 33.4483363]]}, "properties": {"class": "primary"}}, {"type": "Feature", "geometry": {"type": "LineString", "coordinates": [[-112.0226397, 33.44812], [-112.0225502, 33.4481212], [-112.0221201, 33.4481269], [-112.0217059, 33.4481219], [-112.021575, 33.4481257]]}, "properties": {"class": "primary"}}, {"type": "Feature", "geometry": {"type": "LineString", "coordinates": [[-112.0249611, 33.4481495], [-112.0237408, 33.4481392], [-112.023172, 33.4481292], [-112.0227534, 33.4481218], [-112.0226397, 33.44812]]}, "properties": {"class": "primary"}}, {"type": "Feature", "geometry": {"type": "LineString", "coordinates": [[-112.021575, 33.4481257], [-112.0214484, 33.4481307], [-112.0212527, 33.4481347], [-112.0207841, 33.448145], [-112.020314, 33.4481409], [-112.0193569, 33.4481325], [-112.0190343, 33.4481211], [-112.0183575, 33.4480973]]}, "properties": {"class": "primary"}}, {"type": "Feature", "geometry": {"type": "LineString", "coordinates": [[-112.0172533, 33.4482735], [-112.0173698, 33.4482701], [-112.0178425, 33.448266], [-112.0183155, 33.4482608], [-112.0194186, 33.4482676], [-112.0198228, 33.4482717], [-112.0203396, 33.4482887], [-112.0206029, 33.4482999]]}, "properties": {"class": "primary"}}, {"type": "Feature", "geometry": {"type": "LineString", "coordinates": [[-112.012912, 33.4482657], [-112.0130871, 33.4482593], [-112.0136184, 33.4482522], [-112.0137981, 33.4482498], [-112.0142906, 33.4482478], [-112.0151575, 33.4482491], [-112.0156415, 33.4482489], [-112.0158759, 33.4482494], [-112.0159506, 33.4482508], [-112.0165001, 33.4482711], [-112.0166525, 33.4482749], [-112.0167041, 33.4482758]]}, "properties": {"class": "primary"}}, {"type": "Feature", "geometry": {"type": "LineString", "coordinates": [[-112.0302005, 33.4493059], [-112.0301969, 33.4491098], [-112.030194, 33.4489293], [-112.030192, 33.4488132]]}, "properties": {"class": "secondary"}}, {"type": "Feature", "geometry": {"type": "LineString", "coordinates": [[-112.034492, 33.4410937], [-112.0345543, 33.4409861], [-112.0345801, 33.4409268], [-112.034617, 33.4408391], [-112.0346607, 33.440712], [-112.0346882, 33.4406007], [-112.0347121, 33.4404879], [-112.0347267, 33.4403745], [-112.0347336, 33.4402689], [-112.0347353, 33.4400272], [-112.0347528, 33.4397976]]}, "properties": {"class": "secondary"}}, {"type": "Feature", "geometry": {"type": "LineString", "coordinates": [[-112.0345622, 33.4380798], [-112.0345613, 33.4383279], [-112.0345587, 33.4394032]]}, "properties": {"class": "secondary"}}, {"type": "Feature", "geometry": {"type": "LineString", "coordinates": [[-112.0302694, 33.4463211], [-112.0302632, 33.4457684]]}, "properties": {"class": "secondary"}}, {"type": "Feature", "geometry": {"type": "LineString", "coordinates": [[-112.0345775, 33.4348718], [-112.0345761, 33.4349967], [-112.034573, 33.4354291], [-112.0345729, 33.4354758], [-112.0345691, 33.4359662]]}, "properties": {"class": "secondary"}}, {"type": "Feature", "geometry": {"type": "LineString", "coordinates": [[-112.034762, 33.4368532], [-112.0347612, 33.4367112]]}, "properties": {"class": "secondary"}}, {"type": "Feature", "geometry": {"type": "LineString", "coordinates": [[-112.0345654, 33.4367161], [-112.034565, 33.4368538]]}, "properties": {"class": "secondary"}}, {"type": "Feature", "geometry": {"type": "LineString", "coordinates": [[-112.0302652, 33.4466959], [-112.0302652, 33.4466755], [-112.0302689, 33.4463701], [-112.0302694, 33.4463211]]}, "properties": {"class": "secondary"}}, {"type": "Feature", "geometry": {"type": "LineString", "coordinates": [[-112.0302632, 33.4457684], [-112.0302579, 33.4454022]]}, "properties": {"class": "secondary"}}, {"type": "Feature", "geometry": {"type": "LineString", "coordinates": [[-112.034581, 33.4343402], [-112.0345775, 33.4348718]]}, "properties": {"class": "secondary"}}, {"type": "Feature", "geometry": {"type": "LineString", "coordinates": [[-112.0347878, 33.4319394], [-112.0347873, 33.4315426], [-112.034788, 33.4314294]]}, "properties": {"class": "secondary"}}, {"type": "Feature", "geometry": {"type": "LineString", "coordinates": [[-112.0345691, 33.4359662], [-112.0345644, 33.4365822], [-112.0345654, 33.4367161]]}, "properties": {"class": "secondary"}}, {"type": "Feature", "geometry": {"type": "LineString", "coordinates": [[-112.0300914, 33.4449661], [-112.030086, 33.445011], [-112.0300774, 33.4451194], [-112.0300741, 33.4454016]]}, "properties": {"class": "secondary"}}, {"type": "Feature", "geometry": {"type": "LineString", "coordinates": [[-112.034755, 33.4375298], [-112.0347552, 33.4374821], [-112.0347574, 33.4373351]]}, "properties": {"class": "secondary"}}, {"type": "Feature", "geometry": {"type": "LineString", "coordinates": [[-112.0301887, 33.4474438], [-112.0301887, 33.4473505], [-112.030189, 33.4472799]]}, "properties": {"class": "secondary"}}, {"type": "Feature", "geometry": {"type": "LineString", "coordinates": [[-112.0301123, 33.4464592], [-112.0301129, 33.4464996], [-112.030115, 33.4466565], [-112.0301167, 33.4467781], [-112.03012, 33.4470179], [-112.030184, 33.4471217]]}, "properties": {"class": "secondary"}}, {"type": "Feature", "geometry": {"type": "LineString", "coordinates": [[-112.0347574, 33.4373351], [-112.0347625, 33.4370029], [-112.034762, 33.4368532]]}, "properties": {"class": "secondary"}}, {"type": "Feature", "geometry": {"type": "LineString", "coordinates": [[-112.030184, 33.4471217], [-112.0302616, 33.4470193], [-112.0302635, 33.4468282], [-112.030264, 33.4467785], [-112.0302652, 33.4466959]]}, "properties": {"class": "secondary"}}, {"type": "Feature", "geometry": {"type": "LineString", "coordinates": [[-112.0301875, 33.4480296], [-112.0301882, 33.4477104], [-112.0301885, 33.4475733], [-112.0301887, 33.4474438]]}, "properties": {"class": "secondary"}}, {"type": "Feature", "geometry": {"type": "LineString", "coordinates": [[-112.0300741, 33.4454016], [-112.0300806, 33.4456554], [-112.0300863, 33.4458654], [-112.030105, 33.4463191], [-112.0301123, 33.4464592]]}, "properties": {"class": "secondary"}}, {"type": "Feature", "geometry": {"type": "LineString", "coordinates": [[-112.0339452, 33.4417348], [-112.0340447, 33.441652], [-112.0341405, 33.4415613], [-112.0342197, 33.4414775], [-112.0343094, 33.4413736], [-112.0343839, 33.4412716], [-112.0344367, 33.4411897], [-112.034492, 33.4410937]]}, "properties": {"class": "secondary"}}, {"type": "Feature", "geometry": {"type": "LineString", "coordinates": [[-112.0345529, 33.4398151], [-112.0345705, 33.4401282], [-112.0345674, 33.4402513], [-112.0345599, 33.4403935]]}, "properties": {"class": "secondary"}}, {"type": "Feature", "geometry": {"type": "LineString", "coordinates": [[-112.0345599, 33.4403935], [-112.0345436, 33.4404876], [-112.0345247, 33.4405797], [-112.0344993, 33.440677], [-112.0344652, 33.4407819], [-112.0344382, 33.4408452], [-112.0343957, 33.4409353], [-112.034345, 33.4410299]]}, "properties": {"class": "secondary"}}, {"type": "Feature", "geometry": {"type": "LineString", "coordinates": [[-112.0347612, 33.4367112], [-112.0347613, 33.4365813], [-112.034763, 33.4363359], [-112.0347666, 33.4360084], [-112.0347656, 33.4359339], [-112.0347705, 33.4348741], [-112.0347796, 33.4332394], [-112.0347811, 33.4329609], [-112.0347878, 33.4319394]]}, "properties": {"class": "secondary"}}, {"type": "Feature", "geometry": {"type": "LineString", "coordinates": [[-111.988779, 33.4480229], [-111.9885403, 33.4480205]]}, "properties": {"class": "primary"}}, {"type": "Feature", "geometry": {"type": "LineString", "coordinates": [[-111.9854603, 33.4480298], [-111.9852026, 33.4480173], [-111.9849359, 33.4480017], [-111.9846738, 33.4479879]]}, "properties": {"class": "primary"}}, {"type": "Feature", "geometry": {"type": "LineString", "coordinates": [[-111.9872328, 33.4480301], [-111.9870715, 33.4480329]]}, "properties": {"class": "primary"}}, {"type": "Feature", "geometry": {"type": "LineString", "coordinates": [[-111.99664, 33.4480204], [-111.9955756, 33.4480186], [-111.995419, 33.4480164]]}, "properties": {"class": "primary"}}, {"type": "Feature", "geometry": {"type": "LineString", "coordinates": [[-111.9940871, 33.4482091], [-111.9947168, 33.4482068], [-111.9948644, 33.4482063], [-111.9950571, 33.4482056], [-111.9952371, 33.4482049], [-111.995408, 33.4482039]]}, "properties": {"class": "primary"}}, {"type": "Feature", "geometry": {"type": "LineString", "coordinates": [[-111.9859845, 33.4480477], [-111.9857219, 33.4480403], [-111.9854603, 33.4480298]]}, "properties": {"class": "primary"}}, {"type": "Feature", "geometry": {"type": "LineString", "coordinates": [[-111.985565, 33.4482276], [-111.9858199, 33.4482449], [-111.9860839, 33.4482633], [-111.986345, 33.4482792], [-111.9866788, 33.4482983], [-111.9868014, 33.4483039], [-111.9868931, 33.4483064], [-111.9869153, 33.448307], [-111.987073, 33.4483057]]}, "properties": {"class": "primary"}}, {"type": "Feature", "geometry": {"type": "LineString", "coordinates": [[-111.995419, 33.4480164], [-111.9952245, 33.4480183], [-111.994714, 33.4480292], [-111.9941946, 33.4480444], [-111.9939267, 33.4480475], [-111.992776, 33.4480504], [-111.9925053, 33.448055], [-111.9916185, 33.4480695]]}, "properties": {"class": "primary"}}, {"type": "Feature", "geometry": {"type": "LineString", "coordinates": [[-111.9909156, 33.4482134], [-111.9915638, 33.4482141], [-111.9920706, 33.4482146], [-111.9923402, 33.4482148], [-111.9927626, 33.4482108], [-111.9939073, 33.4482097], [-111.9940871, 33.4482091]]}, "properties": {"class": "primary"}}, {"type": "Feature", "geometry": {"type": "LineString", "coordinates": [[-111.9953809, 33.4491778], [-111.995377, 33.4492801], [-111.9953757, 33.4493375]]}, "properties": {"class": "secondary"}}, {"type": "Feature", "geometry": {"type": "LineString", "coordinates": [[-111.9953949, 33.4487494], [-111.9953809, 33.4491778]]}, "properties": {"class": "secondary"}}, {"type": "Feature", "geometry": {"type": "LineString", "coordinates": [[-111.995408, 33.4482039], [-111.9954055, 33.4483024], [-111.9954004, 33.4485004], [-111.9953949, 33.4487494]]}, "properties": {"class": "secondary"}}, {"type": "Feature", "geometry": {"type": "LineString", "coordinates": [[-111.9870749, 33.449357], [-111.9870755, 33.4496629]]}, "properties": {"class": "primary"}}, {"type": "Feature", "geometry": {"type": "LineString", "coordinates": [[-111.987073, 33.4483057], [-111.9870745, 33.4484176], [-111.9870746, 33.4485946], [-111.987074, 33.4487403], [-111.9870749, 33.449357]]}, "properties": {"class": "primary"}}, {"type": "Feature", "geometry": {"type": "LineString", "coordinates": [[-111.9872271, 33.4488877], [-111.9872274, 33.4488486], [-111.9872316, 33.4484393], [-111.9872318, 33.4484173], [-111.987233, 33.4483047]]}, "properties": {"class": "primary"}}, {"type": "Feature", "geometry": {"type": "LineString", "coordinates": [[-111.986149, 33.4384995], [-111.985779, 33.4381177]]}, "properties": {"class": "primary"}}, {"type": "Feature", "geometry": {"type": "LineString", "coordinates": [[-111.9872799, 33.4447896], [-111.9871911, 33.4454125], [-111.987149, 33.4458534]]}, "properties": {"class": "primary"}}, {"type": "Feature", "geometry": {"type": "LineString", "coordinates": [[-111.985779, 33.4381177], [-111.9853519, 33.4377327], [-111.9851332, 33.4375548]]}, "properties": {"class": "primary"}}, {"type": "Feature", "geometry": {"type": "LineString", "coordinates": [[-111.9870872, 33.4467326], [-111.987078, 33.447052], [-111.9870702, 33.4474489]]}, "properties": {"class": "primary"}}, {"type": "Feature", "geometry": {"type": "LineString", "coordinates": [[-111.9850662, 33.437621], [-111.9852507, 33.437775], [-111.9853792, 33.4378907]]}, "properties": {"class": "primary"}}, {"type": "Feature", "geometry": {"type": "LineString", "coordinates": [[-111.9853792, 33.4378907], [-111.9854197, 33.4379272], [-111.985686, 33.4381833]]}, "properties": {"class": "primary"}}, {"type": "Feature", "geometry": {"type": "LineString", "coordinates": [[-112.012909, 33.4480858], [-112.0128618, 33.4480866], [-112.0127518, 33.4480886], [-112.012551, 33.4480915], [-112.0123087, 33.4480951], [-112.0120177, 33.4481001], [-112.0119245, 33.4481004], [-112.0117323, 33.4481008], [-112.0111052, 33.4481024], [-112.0109152, 33.4480994], [-112.0106006, 33.4481011], [-112.0104301, 33.4481009], [-112.0100897, 33.4481005], [-112.0094669, 33.4480952], [-112.0093387, 33.4480948], [-112.0091619, 33.4480903], [-112.00881, 33.4480756], [-112.0085264, 33.4480687]]}, "properties": {"class": "primary"}}, {"type": "Feature", "geometry": {"type": "LineString", "coordinates": [[-112.0139902, 33.4480804], [-112.0130855, 33.4480828], [-112.012909, 33.4480858]]}, "properties": {"class": "primary"}}, {"type": "Feature", "geometry": {"type": "LineString", "coordinates": [[-112.0065159, 33.4482517], [-112.0072984, 33.4482541], [-112.0074481, 33.4482516]]}, "properties": {"class": "primary"}}, {"type": "Feature", "geometry": {"type": "LineString", "coordinates": [[-112.0047145, 33.448059], [-112.0038164, 33.4480571], [-112.0036877, 33.4480586]]}, "properties": {"class": "primary"}}, {"type": "Feature", "geometry": {"type": "LineString", "coordinates": [[-111.998196, 33.4482113], [-111.9983754, 33.4482119], [-111.9989582, 33.4482066], [-111.999081, 33.4482096]]}, "properties": {"class": "primary"}}, {"type": "Feature", "geometry": {"type": "LineString", "coordinates": [[-112.0027638, 33.4482395], [-112.0028785, 33.4482405], [-112.0035635, 33.4482439], [-112.0036821, 33.4482447]]}, "properties": {"class": "primary"}}, {"type": "Feature", "geometry": {"type": "LineString", "coordinates": [[-112.0085264, 33.4480687], [-112.0078516, 33.4480656], [-112.0077428, 33.4480654], [-112.0075749, 33.4480651], [-112.0074325, 33.4480675]]}, "properties": {"class": "primary"}}, {"type": "Feature", "geometry": {"type": "LineString", "coordinates": [[-112.0001124, 33.4479954], [-111.999681, 33.4479954], [-111.9992192, 33.447995], [-111.999083, 33.4480003]]}, "properties": {"class": "primary"}}, {"type": "Feature", "geometry": {"type": "LineString", "coordinates": [[-111.999081, 33.4482096], [-111.99921, 33.4482119], [-111.9995018, 33.4482131], [-112.0000039, 33.4482154], [-112.0008167, 33.4482192], [-112.0011638, 33.4482203], [-112.0017912, 33.4482262], [-112.0023461, 33.448236], [-112.0024877, 33.4482372], [-112.0027638, 33.4482395]]}, "properties": {"class": "primary"}}, {"type": "Feature", "geometry": {"type": "LineString", "coordinates": [[-112.0119414, 33.4482672], [-112.0123356, 33.4482666], [-112.012749, 33.4482718], [-112.0128653, 33.4482674], [-112.012912, 33.4482657]]}, "properties": {"class": "primary"}}, {"type": "Feature", "geometry": {"type": "LineString", "coordinates": [[-112.0074325, 33.4480675], [-112.0073018, 33.4480711], [-112.0067501, 33.4480744], [-112.0066968, 33.4480756], [-112.0061682, 33.448083], [-112.0057513, 33.4480807], [-112.0050817, 33.4480653], [-112.0047145, 33.448059]]}, "properties": {"class": "primary"}}, {"type": "Feature", "geometry": {"type": "LineString", "coordinates": [[-112.0036821, 33.4482447], [-112.0037881, 33.4482447], [-112.0040128, 33.4482451], [-112.0042343, 33.448245], [-112.0044219, 33.4482458], [-112.0049894, 33.4482481], [-112.0052704, 33.4482479], [-112.0056621, 33.4482498], [-112.0063893, 33.4482521], [-112.0065159, 33.4482517]]}, "properties": {"class": "primary"}}, {"type": "Feature", "geometry": {"type": "LineString", "coordinates": [[-112.0036877, 33.4480586], [-112.0035568, 33.4480621], [-112.0028412, 33.4480657], [-112.0023913, 33.448064], [-112.0019109, 33.4480519], [-112.0014955, 33.4480349], [-112.0010695, 33.4480133], [-112.0007809, 33.448002], [-112.0005629, 33.4479999], [-112.0001124, 33.4479954]]}, "properties": {"class": "primary"}}, {"type": "Feature", "geometry": {"type": "LineString", "coordinates": [[-112.0074481, 33.4482516], [-112.007583, 33.4482482], [-112.0078578, 33.4482426], [-112.0081298, 33.4482373], [-112.0084914, 33.4482328], [-112.008959, 33.4482335], [-112.0096335, 33.4482357], [-112.0100682, 33.4482371], [-112.0100869, 33.4482372], [-112.0105954, 33.448238], [-112.0111058, 33.4482424], [-112.0118141, 33.4482637], [-112.0119414, 33.4482672]]}, "properties": {"class": "primary"}}, {"type": "Feature", "geometry": {"type": "LineString", "coordinates": [[-112.0129164, 33.4491689], [-112.0129168, 33.4493516], [-112.0129171, 33.4494758], [-112.0129175, 33.449618], [-112.0129173, 33.4497586]]}, "properties": {"class": "secondary"}}, {"type": "Feature", "geometry": {"type": "LineString", "coordinates": [[-112.012909, 33.4480858], [-112.0129082, 33.4479854], [-112.012907, 33.447458]]}, "properties": {"class": "secondary"}}, {"type": "Feature", "geometry": {"type": "LineString", "coordinates": [[-112.0045117, 33.4189013], [-112.00423, 33.419229]]}, "properties": {"class": "primary"}}, {"type": "Feature", "geometry": {"type": "LineString", "coordinates": [[-112.0052329, 33.4183449], [-112.0055148, 33.4180988]]}, "properties": {"class": "primary"}}, {"type": "Feature", "geometry": {"type": "LineString", "coordinates": [[-112.0029758, 33.4209803], [-112.0032742, 33.4207118]]}, "properties": {"class": "primary"}}, {"type": "Feature", "geometry": {"type": "LineString", "coordinates": [[-112.0041253, 33.4195889], [-112.004333, 33.4192953]]}, "properties": {"class": "primary"}}, {"type": "Feature", "geometry": {"type": "LineString", "coordinates": [[-112.0002073, 33.421905], [-111.999935, 33.4219077]]}, "properties": {"class": "primary"}}, {"type": "Feature", "geometry": {"type": "LineString", "coordinates": [[-112.0034059, 33.4203484], [-112.003166, 33.4206315]]}, "properties": {"class": "primary"}}, {"type": "Feature", "geometry": {"type": "LineString", "coordinates": [[-112.0019717, 33.4214816], [-112.0015976, 33.4216371]]}, "properties": {"class": "primary"}}, {"type": "Feature", "geometry": {"type": "LineString", "coordinates": [[-112.0022763, 33.4213209], [-112.0019717, 33.4214816]]}, "properties": {"class": "primary"}}, {"type": "Feature", "geometry": {"type": "LineString", "coordinates": [[-112.0070039, 33.4168527], [-112.0066743, 33.4170812]]}, "properties": {"class": "primary"}}, {"type": "Feature", "geometry": {"type": "LineString", "coordinates": [[-112.0012481, 33.4218645], [-112.001654, 33.4217435]]}, "properties": {"class": "primary"}}, {"type": "Feature", "geometry": {"type": "LineString", "coordinates": [[-112.00423, 33.419229], [-112.0038324, 33.4197609], [-112.0034059, 33.4203484]]}, "properties": {"class": "primary"}}, {"type": "Feature", "geometry": {"type": "LineString", "coordinates": [[-112.0081619, 33.4159503], [-112.0080321, 33.416078], [-112.0079153, 33.4161807]]}, "properties": {"class": "primary"}}, {"type": "Feature", "geometry": {"type": "LineString", "coordinates": [[-112.0057288, 33.4177683], [-112.005623, 33.4178481], [-112.0054184, 33.4180247]]}, "properties": {"class": "primary"}}, {"type": "Feature", "geometry": {"type": "LineString", "coordinates": [[-112.0089515, 33.4151358], [-112.0090887, 33.4148733], [-112.009128, 33.4147964]]}, "properties": {"class": "primary"}}, {"type": "Feature", "geometry": {"type": "LineString", "coordinates": [[-112.0092048, 33.4143588], [-112.0090885, 33.4145918], [-112.0090575, 33.4146541]]}, "properties": {"class": "primary"}}, {"type": "Feature", "geometry": {"type": "LineString", "coordinates": [[-112.0023596, 33.4214075], [-112.0027037, 33.4211886], [-112.0029758, 33.4209803]]}, "properties": {"class": "primary"}}, {"type": "Feature", "geometry": {"type": "LineString", "coordinates": [[-112.0067579, 33.4171791], [-112.007054, 33.4169699], [-112.0074715, 33.4166762], [-112.0077004, 33.416514]]}, "properties": {"class": "primary"}}, {"type": "Feature", "geometry": {"type": "LineString", "coordinates": [[-112.001654, 33.4217435], [-112.0020131, 33.421588], [-112.0023596, 33.4214075]]}, "properties": {"class": "primary"}}, {"type": "Feature", "geometry": {"type": "LineString", "coordinates": [[-112.0077004, 33.416514], [-112.0077938, 33.4164478], [-112.0080153, 33.4162603]]}, "properties": {"class": "primary"}}, {"type": "Feature", "geometry": {"type": "LineString", "coordinates": [[-112.0064155, 33.4174143], [-112.0066755, 33.4172372], [-112.0067579, 33.4171791]]}, "properties": {"class": "primary"}}, {"type": "Feature", "geometry": {"type": "LineString", "coordinates": [[-112.0093394, 33.4141139], [-112.0092048, 33.4143588]]}, "properties": {"class": "primary"}}, {"type": "Feature", "geometry": {"type": "LineString", "coordinates": [[-112.0015976, 33.4216371], [-112.0011341, 33.421771], [-112.0006839, 33.4218602], [-112.0002073, 33.421905]]}, "properties": {"class": "primary"}}, {"type": "Feature", "geometry": {"type": "LineString", "coordinates": [[-112.0032742, 33.4207118], [-112.0034256, 33.4205291], [-112.0035195, 33.4204158], [-112.0039439, 33.4198452], [-112.0041253, 33.4195889]]}, "properties": {"class": "primary"}}, {"type": "Feature", "geometry": {"type": "LineString", "coordinates": [[-112.003166, 33.4206315], [-112.0029259, 33.4208574], [-112.0026394, 33.4210801], [-112.0022763, 33.4213209]]}, "properties": {"class": "primary"}}, {"type": "Feature", "geometry": {"type": "LineString", "coordinates": [[-112.0066743, 33.4170812], [-112.0065744, 33.4171505], [-112.0061105, 33.4174805], [-112.0057288, 33.4177683]]}, "properties": {"class": "primary"}}, {"type": "Feature", "geometry": {"type": "LineString", "coordinates": [[-112.0055148, 33.4180988], [-112.0056927, 33.4179435], [-112.0061848, 33.4175714], [-112.0064155, 33.4174143]]}, "properties": {"class": "primary"}}, {"type": "Feature", "geometry": {"type": "LineString", "coordinates": [[-112.004333, 33.4192953], [-112.0047458, 33.4188235], [-112.0051695, 33.4184002], [-112.0052329, 33.4183449]]}, "properties": {"class": "primary"}}, {"type": "Feature", "geometry": {"type": "LineString", "coordinates": [[-112.0054184, 33.4180247], [-112.0050684, 33.4183269], [-112.0046528, 33.4187371], [-112.0045117, 33.4189013]]}, "properties": {"class": "primary"}}, {"type": "Feature", "geometry": {"type": "LineString", "coordinates": [[-112.0079153, 33.4161807], [-112.00774, 33.4163348], [-112.0074709, 33.4165261], [-112.0073853, 33.4165882], [-112.0070039, 33.4168527]]}, "properties": {"class": "primary"}}, {"type": "Feature", "geometry": {"type": "LineString", "coordinates": [[-112.0080153, 33.4162603], [-112.0081125, 33.4161779], [-112.0084549, 33.4158256], [-112.0086761, 33.4155502], [-112.0087664, 33.4154378], [-112.0089515, 33.4151358]]}, "properties": {"class": "primary"}}, {"type": "Feature", "geometry": {"type": "LineString", "coordinates": [[-112.0090575, 33.4146541], [-112.0090086, 33.414756], [-112.0089622, 33.4148399], [-112.0088426, 33.4150493], [-112.0086494, 33.4153671], [-112.0084428, 33.4156462], [-112.0083665, 33.415749], [-112.0081619, 33.4159503]]}, "properties": {"class": "primary"}}, {"type": "Feature", "geometry": {"type": "LineString", "coordinates": [[-112.0133943, 33.4134962], [-112.0129042, 33.4131432]]}, "properties": {"class": "motorway"}}, {"type": "Feature", "geometry": {"type": "LineString", "coordinates": [[-112.01395, 33.4139453], [-112.0133943, 33.4134962]]}, "properties": {"class": "motorway"}}, {"type": "Feature", "geometry": {"type": "LineString", "coordinates": [[-111.9954625, 33.4213011], [-111.9954651, 33.4210173], [-111.9954661, 33.4209203]]}, "properties": {"class": "secondary"}}, {"type": "Feature", "geometry": {"type": "LineString", "coordinates": [[-111.9954276, 33.4159247], [-111.9954272, 33.4158835]]}, "properties": {"class": "secondary"}}, {"type": "Feature", "geometry": {"type": "LineString", "coordinates": [[-111.9954344, 33.4166377], [-111.9954298, 33.4164111], [-111.9954276, 33.4159247]]}, "properties": {"class": "secondary"}}, {"type": "Feature", "geometry": {"type": "LineString", "coordinates": [[-111.995461, 33.4218995], [-111.995464, 33.4218348], [-111.9954634, 33.4217678], [-111.9954625, 33.4213011]]}, "properties": {"class": "secondary"}}, {"type": "Feature", "geometry": {"type": "LineString", "coordinates": [[-111.9953358, 33.4129868], [-111.9953384, 33.4130486], [-111.99536, 33.4133513], [-111.995404, 33.413446]]}, "properties": {"class": "secondary"}}, {"type": "Feature", "geometry": {"type": "LineString", "coordinates": [[-111.9954244, 33.4157187], [-111.9954243, 33.4157105], [-111.9954211, 33.4152982], [-111.9954205, 33.4151451], [-111.9954193, 33.4149584], [-111.9954192, 33.4149471], [-111.9954188, 33.4148876], [-111.9954168, 33.4145884], [-111.995412, 33.4142821], [-111.995409, 33.4140558], [-111.9954071, 33.4139249]]}, "properties": {"class": "secondary"}}, {"type": "Feature", "geometry": {"type": "LineString", "coordinates": [[-112.030489, 33.4262343], [-112.0304896, 33.4261029], [-112.03048, 33.4259448], [-112.0304747, 33.4258391], [-112.0304716, 33.4257783], [-112.0304687, 33.4257197], [-112.0304675, 33.4256815]]}, "properties": {"class": "secondary"}}, {"type": "Feature", "geometry": {"type": "LineString", "coordinates": [[-112.0303694, 33.4225174], [-112.0303684, 33.422613], [-112.0303667, 33.4227793], [-112.030364, 33.4229689], [-112.0303621, 33.4232178], [-112.0303609, 33.4233349], [-112.0303595, 33.4234642]]}, "properties": {"class": "secondary"}}, {"type": "Feature", "geometry": {"type": "LineString", "coordinates": [[-112.030483, 33.4229253], [-112.030487, 33.4226178], [-112.0304884, 33.4225152]]}, "properties": {"class": "secondary"}}, {"type": "Feature", "geometry": {"type": "LineString", "coordinates": [[-112.030464, 33.4253982], [-112.0304642, 33.4253044], [-112.0304649, 33.4249223], [-112.0304654, 33.4247036], [-112.0304655, 33.4246294]]}, "properties": {"class": "secondary"}}, {"type": "Feature", "geometry": {"type": "LineString", "coordinates": [[-112.0304655, 33.4246294], [-112.030467, 33.4241396], [-112.0304741, 33.4240242]]}, "properties": {"class": "secondary"}}, {"type": "Feature", "geometry": {"type": "LineString", "coordinates": [[-112.0304741, 33.4240242], [-112.0304748, 33.4239205], [-112.030478, 33.4236091], [-112.0304796, 33.4234608], [-112.030484, 33.4232997], [-112.030483, 33.4229253]]}, "properties": {"class": "secondary"}}, {"type": "Feature", "geometry": {"type": "LineString", "coordinates": [[-112.0304675, 33.4256815], [-112.0304633, 33.4255496], [-112.030464, 33.4253982]]}, "properties": {"class": "secondary"}}, {"type": "Feature", "geometry": {"type": "LineString", "coordinates": [[-112.0303595, 33.4234642], [-112.0303561, 33.4237847], [-112.0303545, 33.423923], [-112.030351, 33.4240274]]}, "properties": {"class": "secondary"}}, {"type": "Feature", "geometry": {"type": "LineString", "coordinates": [[-112.034594, 33.4313423], [-112.034597, 33.4314406], [-112.0345943, 33.4315722], [-112.034591, 33.4319542], [-112.0345861, 33.4332538], [-112.034581, 33.4343402]]}, "properties": {"class": "secondary"}}, {"type": "Feature", "geometry": {"type": "LineString", "coordinates": [[-112.0303225, 33.4209828], [-112.0302783, 33.421191], [-112.0303056, 33.4215122], [-112.0303347, 33.4218197], [-112.0303638, 33.4221272]]}, "properties": {"class": "secondary"}}, {"type": "Feature", "geometry": {"type": "LineString", "coordinates": [[-112.0303638, 33.4221272], [-112.0303703, 33.422204], [-112.0303748, 33.4223134], [-112.0303694, 33.4225174]]}, "properties": {"class": "secondary"}}, {"type": "Feature", "geometry": {"type": "LineString", "coordinates": [[-112.0332088, 33.4294267], [-112.0331158, 33.4293954], [-112.0328771, 33.4293372]]}, "properties": {"class": "secondary"}}, {"type": "Feature", "geometry": {"type": "LineString", "coordinates": [[-112.0315814, 33.4289506], [-112.031418, 33.4288514], [-112.0312904, 33.4287731], [-112.0311617, 33.4286754], [-112.031053, 33.4285817]]}, "properties": {"class": "secondary"}}, {"type": "Feature", "geometry": {"type": "LineString", "coordinates": [[-112.0344437, 33.4307115], [-112.0344851, 33.4308223], [-112.0345247, 33.4309201], [-112.0345483, 33.4310179], [-112.0345681, 33.4311156], [-112.0345874, 33.431276], [-112.034594, 33.4313423]]}, "properties": {"class": "secondary"}}, {"type": "Feature", "geometry": {"type": "LineString", "coordinates": [[-112.031053, 33.4285817], [-112.0310372, 33.4285681], [-112.0309181, 33.4284409], [-112.0308192, 33.4283196], [-112.0307376, 33.4282023], [-112.0306603, 33.4280486], [-112.030596, 33.4278949]]}, "properties": {"class": "secondary"}}, {"type": "Feature", "geometry": {"type": "LineString", "coordinates": [[-112.032617, 33.4292737], [-112.0324504, 33.4292392], [-112.0323377, 33.4292115], [-112.0321544, 33.4291645], [-112.0319732, 33.4291088], [-112.0317688, 33.4290327], [-112.0315814, 33.4289506]]}, "properties": {"class": "secondary"}}, {"type": "Feature", "geometry": {"type": "LineString", "coordinates": [[-112.0304884, 33.4225152], [-112.0304908, 33.4222824], [-112.0304806, 33.4221423], [-112.030479, 33.4221176], [-112.0304488, 33.4218049], [-112.030418, 33.4214921], [-112.030387, 33.4212017], [-112.0303225, 33.4209828]]}, "properties": {"class": "secondary"}}, {"type": "Feature", "geometry": {"type": "LineString", "coordinates": [[-112.012932, 33.4580261], [-112.0129322, 33.4580604], [-112.0129322, 33.4580878]]}, "properties": {"class": "secondary"}}, {"type": "Feature", "geometry": {"type": "LineString", "coordinates": [[-111.9953054, 33.4514256], [-111.9952999, 33.45179], [-111.9952968, 33.4519012], [-111.9952937, 33.4521054]]}, "properties": {"class": "secondary"}}, {"type": "Feature", "geometry": {"type": "LineString", "coordinates": [[-112.0265276, 33.4254558], [-112.0261355, 33.4252863]]}, "properties": {"class": "motorway"}}, {"type": "Feature", "geometry": {"type": "LineString", "coordinates": [[-112.022142, 33.4228591], [-112.0210084, 33.4218933], [-112.0205047, 33.4213897]]}, "properties": {"class": "motorway"}}, {"type": "Feature", "geometry": {"type": "LineString", "coordinates": [[-112.0303441, 33.4249652], [-112.0303418, 33.42517], [-112.0303419, 33.425247], [-112.0303407, 33.4253982]]}, "properties": {"class": "secondary"}}, {"type": "Feature", "geometry": {"type": "LineString", "coordinates": [[-112.0328771, 33.4293372], [-112.032617, 33.4292737]]}, "properties": {"class": "secondary"}}, {"type": "Feature", "geometry": {"type": "LineString", "coordinates": [[-112.0304698, 33.4273627], [-112.0304571, 33.427186], [-112.0304597, 33.4270877]]}, "properties": {"class": "secondary"}}, {"type": "Feature", "geometry": {"type": "LineString", "coordinates": [[-112.030351, 33.4240274], [-112.0303505, 33.424132], [-112.030346, 33.4245232], [-112.0303458, 33.4247448], [-112.0303445, 33.4249074], [-112.0303441, 33.4249652]]}, "properties": {"class": "secondary"}}, {"type": "Feature", "geometry": {"type": "LineString", "coordinates": [[-112.030596, 33.4278949], [-112.0305425, 33.4277489], [-112.03051, 33.4276124], [-112.0304698, 33.4273627]]}, "properties": {"class": "secondary"}}, {"type": "Feature", "geometry": {"type": "LineString", "coordinates": [[-111.9870649, 33.4523041], [-111.987064, 33.4526773]]}, "properties": {"class": "primary"}}, {"type": "Feature", "geometry": {"type": "LineString", "coordinates": [[-111.9870325, 33.4597632], [-111.9870324, 33.4602515]]}, "properties": {"class": "primary"}}, {"type": "Feature", "geometry": {"type": "LineString", "coordinates": [[-111.9872534, 33.4546549], [-111.9872528, 33.4538897], [-111.987246, 33.4533464], [-111.9872439, 33.4530723]]}, "properties": {"class": "primary"}}, {"type": "Feature", "geometry": {"type": "LineString", "coordinates": [[-111.9870806, 33.4547399], [-111.9870805, 33.45487]]}, "properties": {"class": "primary"}}, {"type": "Feature", "geometry": {"type": "LineString", "coordinates": [[-112.0041761, 33.4349759], [-112.0043491, 33.4349759]]}, "properties": {"class": "primary"}}, {"type": "Feature", "geometry": {"type": "LineString", "coordinates": [[-112.0043491, 33.4349759], [-112.0048079, 33.4349759]]}, "properties": {"class": "primary"}}, {"type": "Feature", "geometry": {"type": "LineString", "coordinates": [[-112.0296029, 33.4585822], [-112.0294909, 33.4585814], [-112.0291477, 33.4585788], [-112.0290432, 33.458578], [-112.028689, 33.4585752]]}, "properties": {"class": "tertiary"}}, {"type": "Feature", "geometry": {"type": "LineString", "coordinates": [[-112.030447, 33.4279322], [-112.030596, 33.4278949]]}, "properties": {"class": "tertiary"}}, {"type": "Feature", "geometry": {"type": "LineString", "coordinates": [[-112.0303173, 33.4270778], [-112.0303158, 33.4271854], [-112.0303102, 33.4273174], [-112.0303249, 33.427487], [-112.0303423, 33.4276113], [-112.0303696, 33.4277117], [-112.0304025, 33.4278181], [-112.030447, 33.4279322]]}, "properties": {"class": "secondary"}}, {"type": "Feature", "geometry": {"type": "LineString", "coordinates": [[-111.987233, 33.4483047], [-111.987398, 33.4483037], [-111.9877682, 33.4483059]]}, "properties": {"class": "primary"}}, {"type": "Feature", "geometry": {"type": "LineString", "coordinates": [[-111.987276, 33.4458585], [-111.9873494, 33.4452174], [-111.9874409, 33.4445768], [-111.9875721, 33.4438334], [-111.9876755, 33.4432924], [-111.9877392, 33.4428211], [-111.9877511, 33.442393], [-111.9877352, 33.4419649], [-111.9876875, 33.4415533], [-111.987592, 33.4410886], [-111.9874369, 33.4405875], [-111.987238, 33.4400929]]}, "properties": {"class": "primary"}}, {"type": "Feature", "geometry": {"type": "LineString", "coordinates": [[-112.025835, 33.4251283], [-112.0252238, 33.4248116]]}, "properties": {"class": "motorway"}}, {"type": "Feature", "geometry": {"type": "LineString", "coordinates": [[-112.0034741, 33.4107024], [-112.001567, 33.4107312]]}, "properties": {"class": "motorway"}}, {"type": "Feature", "geometry": {"type": "LineString", "coordinates": [[-112.001567, 33.4107312], [-112.0013345, 33.4107321], [-111.9945935, 33.4108328]]}, "properties": {"class": "motorway"}}, {"type": "Feature", "geometry": {"type": "LineString", "coordinates": [[-112.0312931, 33.4266245], [-112.030849, 33.4265637]]}, "properties": {"class": "motorway"}}, {"type": "Feature", "geometry": {"type": "LineString", "coordinates": [[-112.0129042, 33.4131432], [-112.0124492, 33.4128154], [-112.0114364, 33.4122494], [-112.0099868, 33.4116047], [-112.0091619, 33.4113324], [-112.0081835, 33.4110744], [-112.0072565, 33.4108882], [-112.0064935, 33.4108023], [-112.0057654, 33.4107424], [-112.0052097, 33.4107112], [-112.0051286, 33.4107067], [-112.0038611, 33.4107052], [-112.0034741, 33.4107024]]}, "properties": {"class": "motorway"}}, {"type": "Feature", "geometry": {"type": "LineString", "coordinates": [[-111.990302, 33.410849], [-111.9901497, 33.4108462]]}, "properties": {"class": "motorway"}}, {"type": "Feature", "geometry": {"type": "LineString", "coordinates": [[-112.0261355, 33.4252863], [-112.025835, 33.4251283]]}, "properties": {"class": "motorway"}}, {"type": "Feature", "geometry": {"type": "LineString", "coordinates": [[-111.9901497, 33.4108462], [-111.9879454, 33.4108377]]}, "properties": {"class": "motorway"}}, {"type": "Feature", "geometry": {"type": "LineString", "coordinates": [[-111.9945935, 33.4108328], [-111.990302, 33.410849]]}, "properties": {"class": "motorway"}}, {"type": "Feature", "geometry": {"type": "LineString", "coordinates": [[-112.014866, 33.4148581], [-112.0146952, 33.4146731], [-112.0141527, 33.4141075], [-112.01395, 33.4139453]]}, "properties": {"class": "motorway"}}, {"type": "Feature", "geometry": {"type": "LineString", "coordinates": [[-111.9843923, 33.411102], [-111.988445, 33.411117]]}, "properties": {"class": "motorway"}}, {"type": "Feature", "geometry": {"type": "LineString", "coordinates": [[-112.0242004, 33.4246597], [-112.024655, 33.4248811], [-112.0265606, 33.4258093], [-112.0275664, 33.4261831], [-112.0280331, 33.4263264]]}, "properties": {"class": "motorway"}}, {"type": "Feature", "geometry": {"type": "LineString", "coordinates": [[-112.0031024, 33.4110688], [-112.0038732, 33.4110567], [-112.0056924, 33.4111284]]}, "properties": {"class": "motorway"}}, {"type": "Feature", "geometry": {"type": "LineString", "coordinates": [[-111.9953355, 33.4093155], [-111.9953482, 33.4103107]]}, "properties": {"class": "secondary"}}, {"type": "Feature", "geometry": {"type": "LineString", "coordinates": [[-112.0114462, 33.4105712], [-112.0111887, 33.4109703]]}, "properties": {"class": "secondary"}}, {"type": "Feature", "geometry": {"type": "LineString", "coordinates": [[-112.0319861, 33.4292924], [-112.0320773, 33.429322], [-112.0323267, 33.4293891], [-112.0324991, 33.4294254], [-112.03258, 33.4294424]]}, "properties": {"class": "secondary"}}, {"type": "Feature", "geometry": {"type": "LineString", "coordinates": [[-112.0307402, 33.4284984], [-112.0307565, 33.4285233], [-112.0308401, 33.4286213], [-112.0309756, 33.4287478], [-112.0311174, 33.42886], [-112.0312419, 33.4289474], [-112.031281, 33.4289748], [-112.0314556, 33.4290641], [-112.0316527, 33.4291603], [-112.0318085, 33.4292225], [-112.0319861, 33.4292924]]}, "properties": {"class": "secondary"}}, {"type": "Feature", "geometry": {"type": "LineString", "coordinates": [[-112.030447, 33.4279322], [-112.0305186, 33.4280877], [-112.0306084, 33.4282842], [-112.0306842, 33.4284128], [-112.0307402, 33.4284984]]}, "properties": {"class": "secondary"}}, {"type": "Feature", "geometry": {"type": "LineString", "coordinates": [[-112.0304597, 33.4270877], [-112.030489, 33.4262343]]}, "properties": {"class": "secondary"}}, {"type": "Feature", "geometry": {"type": "LineString", "coordinates": [[-112.0301625, 33.419251], [-112.0301312, 33.4189122], [-112.030121, 33.4188042]]}, "properties": {"class": "secondary"}}, {"type": "Feature", "geometry": {"type": "LineString", "coordinates": [[-112.0303225, 33.4209828], [-112.030273, 33.4204541], [-112.0302277, 33.4199571], [-112.0301625, 33.419251]]}, "properties": {"class": "secondary"}}, {"type": "Feature", "geometry": {"type": "LineString", "coordinates": [[-112.0300483, 33.4180143], [-112.030027, 33.4177836]]}, "properties": {"class": "secondary"}}, {"type": "Feature", "geometry": {"type": "LineString", "coordinates": [[-111.9851, 33.4217908], [-111.9849205, 33.4217923], [-111.9846376, 33.4217873], [-111.9843068, 33.4217963], [-111.9841663, 33.4218046]]}, "properties": {"class": "primary"}}, {"type": "Feature", "geometry": {"type": "LineString", "coordinates": [[-111.9868183, 33.4218909], [-111.9867265, 33.4218872], [-111.9864663, 33.4218766], [-111.9862564, 33.4218722]]}, "properties": {"class": "primary"}}, {"type": "Feature", "geometry": {"type": "LineString", "coordinates": [[-111.995461, 33.4218995], [-111.9953089, 33.4218979], [-111.9949789, 33.4218956], [-111.9947763, 33.4218951], [-111.9947397, 33.4218938], [-111.9947031, 33.4218925], [-111.9944216, 33.4218909], [-111.994362, 33.4218906]]}, "properties": {"class": "primary"}}, {"type": "Feature", "geometry": {"type": "LineString", "coordinates": [[-111.9964427, 33.421917], [-111.9961421, 33.4219117], [-111.9956408, 33.4219027], [-111.995461, 33.4218995]]}, "properties": {"class": "primary"}}, {"type": "Feature", "geometry": {"type": "LineString", "coordinates": [[-111.9991585, 33.4219625], [-111.998329, 33.4219486], [-111.998189, 33.4219463], [-111.997628, 33.4219369], [-111.996671, 33.4219208], [-111.9964427, 33.421917]]}, "properties": {"class": "primary"}}, {"type": "Feature", "geometry": {"type": "LineString", "coordinates": [[-111.9997858, 33.4219726], [-111.999672, 33.4219708], [-111.9991585, 33.4219625]]}, "properties": {"class": "primary"}}, {"type": "Feature", "geometry": {"type": "LineString", "coordinates": [[-111.9861196, 33.4218693], [-111.9859703, 33.4217913]]}, "properties": {"class": "primary"}}, {"type": "Feature", "geometry": {"type": "LineString", "coordinates": [[-111.985103, 33.4219339], [-111.985338, 33.4219314], [-111.9855017, 33.4219306], [-111.9858135, 33.4219261]]}, "properties": {"class": "primary"}}, {"type": "Feature", "geometry": {"type": "LineString", "coordinates": [[-111.985989, 33.4219258], [-111.9861196, 33.4218693]]}, "properties": {"class": "primary"}}, {"type": "Feature", "geometry": {"type": "LineString", "coordinates": [[-111.994362, 33.4218906], [-111.9940176, 33.4218915], [-111.9930518, 33.4218939], [-111.9930365, 33.4218939], [-111.9915569, 33.4218923], [-111.9912538, 33.421892], [-111.9906886, 33.4218929], [-111.9902475, 33.4218934], [-111.9900465, 33.4218926], [-111.9889857, 33.4218886], [-111.9878452, 33.4218882], [-111.9874803, 33.4218891], [-111.987259, 33.4218897], [-111.9870774, 33.4218902], [-111.9869226, 33.4218906], [-111.9868183, 33.4218909]]}, "properties": {"class": "primary"}}, {"type": "Feature", "geometry": {"type": "LineString", "coordinates": [[-111.9997858, 33.4219726], [-111.9998982, 33.4220073], [-111.9999518, 33.4220238]]}, "properties": {"class": "primary"}}, {"type": "Feature", "geometry": {"type": "LineString", "coordinates": [[-111.999935, 33.4219077], [-111.9999044, 33.421921], [-111.9997858, 33.4219726]]}, "properties": {"class": "primary"}}, {"type": "Feature", "geometry": {"type": "LineString", "coordinates": [[-111.9872531, 33.4547399], [-111.9872534, 33.4546549]]}, "properties": {"class": "primary"}}, {"type": "Feature", "geometry": {"type": "LineString", "coordinates": [[-111.9872475, 33.4555615], [-111.9872502, 33.4551806]]}, "properties": {"class": "primary"}}, {"type": "Feature", "geometry": {"type": "LineString", "coordinates": [[-111.98723, 33.4519295], [-111.9872264, 33.4518049]]}, "properties": {"class": "primary"}}, {"type": "Feature", "geometry": {"type": "LineString", "coordinates": [[-111.9837557, 33.436313], [-111.9851007, 33.4359059], [-111.9865533, 33.4354637]]}, "properties": {"class": "motorway"}}, {"type": "Feature", "geometry": {"type": "LineString", "coordinates": [[-111.9926311, 33.4349603], [-111.9927835, 33.4349623]]}, "properties": {"class": "primary"}}, {"type": "Feature", "geometry": {"type": "LineString", "coordinates": [[-112.0050475, 33.4349755], [-112.0054857, 33.4349777]]}, "properties": {"class": "primary"}}, {"type": "Feature", "geometry": {"type": "LineString", "coordinates": [[-111.9913461, 33.4512143], [-111.991569, 33.4512137], [-111.9917502, 33.4512133]]}, "properties": {"class": "primary"}}, {"type": "Feature", "geometry": {"type": "LineString", "coordinates": [[-112.0119221, 33.451297], [-112.012135, 33.4512978], [-112.012281, 33.4512982], [-112.0123543, 33.4512984]]}, "properties": {"class": "primary"}}, {"type": "Feature", "geometry": {"type": "LineString", "coordinates": [[-111.9952384, 33.4564197], [-111.9952254, 33.4569768], [-111.9952168, 33.4572855]]}, "properties": {"class": "secondary"}}, {"type": "Feature", "geometry": {"type": "LineString", "coordinates": [[-111.9952168, 33.4572855], [-111.9951551, 33.4577321], [-111.9951492, 33.4581453]]}, "properties": {"class": "secondary"}}, {"type": "Feature", "geometry": {"type": "LineString", "coordinates": [[-112.0347612, 33.4367112], [-112.0345654, 33.4367161]]}, "properties": {"class": "secondary"}}, {"type": "Feature", "geometry": {"type": "LineString", "coordinates": [[-112.0179658, 33.4368402], [-112.0189143, 33.4368414], [-112.0190225, 33.436842]]}, "properties": {"class": "primary"}}, {"type": "Feature", "geometry": {"type": "LineString", "coordinates": [[-112.0175048, 33.4368382], [-112.0179658, 33.4368402]]}, "properties": {"class": "primary"}}, {"type": "Feature", "geometry": {"type": "LineString", "coordinates": [[-112.0347528, 33.4397976], [-112.0347521, 33.4397005], [-112.0347538, 33.4385029]]}, "properties": {"class": "secondary"}}, {"type": "Feature", "geometry": {"type": "LineString", "coordinates": [[-111.9882623, 33.4589854], [-111.9883843, 33.4589942], [-111.9885123, 33.4590094], [-111.98864, 33.4590343], [-111.9887621, 33.4590656], [-111.989267, 33.4591944], [-111.9893839, 33.4592229], [-111.9895158, 33.459247], [-111.9896375, 33.4592627], [-111.9897729, 33.4592722], [-111.9911487, 33.4593543], [-111.9914584, 33.4593727], [-111.9917231, 33.4593902], [-111.9919745, 33.4594096], [-111.9922477, 33.4594363], [-111.9949911, 33.4597231], [-111.995031, 33.459727], [-111.9951011, 33.4597333], [-111.9951838, 33.4597395], [-111.9952786, 33.4597456]]}, "properties": {"class": "primary"}}, {"type": "Feature", "geometry": {"type": "LineString", "coordinates": [[-112.034784, 33.4313287], [-112.034594, 33.4313423]]}, "properties": {"class": "tertiary"}}, {"type": "Feature", "geometry": {"type": "LineString", "coordinates": [[-112.0353632, 33.4313231], [-112.0349109, 33.4313271], [-112.034784, 33.4313287]]}, "properties": {"class": "tertiary"}}, {"type": "Feature", "geometry": {"type": "LineString", "coordinates": [[-112.0036985, 33.4475297], [-112.0037143, 33.4467153], [-112.0037456, 33.4451046], [-112.0037459, 33.4450354]]}, "properties": {"class": "tertiary"}}, {"type": "Feature", "geometry": {"type": "LineString", "coordinates": [[-112.0036877, 33.4480586], [-112.0036899, 33.44797], [-112.0036985, 33.4475297]]}, "properties": {"class": "tertiary"}}, {"type": "Feature", "geometry": {"type": "LineString", "coordinates": [[-112.0036821, 33.4482447], [-112.0036854, 33.4481688], [-112.0036865, 33.4481318], [-112.0036877, 33.4480586]]}, "properties": {"class": "tertiary"}}, {"type": "Feature", "geometry": {"type": "LineString", "coordinates": [[-112.0172435, 33.4585466], [-112.0171751, 33.4585462], [-112.0169046, 33.4585445], [-112.0151756, 33.4585337], [-112.0150873, 33.4585332], [-112.0150141, 33.4585332], [-112.0148717, 33.4585331], [-112.0147765, 33.4585331], [-112.0141581, 33.4585327]]}, "properties": {"class": "tertiary"}}, {"type": "Feature", "geometry": {"type": "LineString", "coordinates": [[-112.0141581, 33.4585327], [-112.0140568, 33.4585326], [-112.0135774, 33.4585324]]}, "properties": {"class": "tertiary"}}, {"type": "Feature", "geometry": {"type": "LineString", "coordinates": [[-112.0135774, 33.4585324], [-112.0135107, 33.4585323], [-112.0133266, 33.4585319], [-112.0130806, 33.4585314], [-112.012932, 33.4585303]]}, "properties": {"class": "tertiary"}}, {"type": "Feature", "geometry": {"type": "LineString", "coordinates": [[-112.0244992, 33.4585539], [-112.0241849, 33.4585523], [-112.023732, 33.4585499]]}, "properties": {"class": "tertiary"}}, {"type": "Feature", "geometry": {"type": "LineString", "coordinates": [[-112.026991, 33.4585623], [-112.0269171, 33.4585617], [-112.0260594, 33.4585553], [-112.0258995, 33.458554], [-112.0258114, 33.4585538], [-112.0252338, 33.458556], [-112.0250825, 33.4585554], [-112.0244992, 33.4585539]]}, "properties": {"class": "tertiary"}}, {"type": "Feature", "geometry": {"type": "LineString", "coordinates": [[-112.0275407, 33.4585665], [-112.0275107, 33.4585663], [-112.026991, 33.4585623]]}, "properties": {"class": "tertiary"}}, {"type": "Feature", "geometry": {"type": "LineString", "coordinates": [[-112.028689, 33.4585752], [-112.0280659, 33.4585704], [-112.0275407, 33.4585665]]}, "properties": {"class": "tertiary"}}, {"type": "Feature", "geometry": {"type": "LineString", "coordinates": [[-112.030227, 33.4585868], [-112.0300526, 33.4585857], [-112.0298092, 33.4585829], [-112.0297123, 33.4585826], [-112.0296029, 33.4585822]]}, "properties": {"class": "tertiary"}}, {"type": "Feature", "geometry": {"type": "LineString", "coordinates": [[-112.0308735, 33.4585957], [-112.0308047, 33.4585948], [-112.0303602, 33.458589], [-112.030227, 33.4585868]]}, "properties": {"class": "tertiary"}}, {"type": "Feature", "geometry": {"type": "LineString", "coordinates": [[-112.0364246, 33.4586392], [-112.0357987, 33.4586352], [-112.0357171, 33.4586347], [-112.0356362, 33.458634], [-112.0346206, 33.4586248], [-112.0334014, 33.4586249], [-112.0333442, 33.4586249], [-112.0332356, 33.4586249], [-112.0331763, 33.4586249], [-112.0328286, 33.4586249], [-112.0321976, 33.4586155], [-112.0320649, 33.4586135], [-112.0314153, 33.4586062], [-112.0310708, 33.4585986], [-112.0308735, 33.4585957]]}, "properties": {"class": "tertiary"}}, {"type": "Feature", "geometry": {"type": "LineString", "coordinates": [[-112.034492, 33.4410937], [-112.0345933, 33.4411637], [-112.0346117, 33.4411764], [-112.0346783, 33.4412017], [-112.0346856, 33.4412044], [-112.0347488, 33.441227], [-112.0348226, 33.4412515], [-112.0349013, 33.4412734], [-112.0349753, 33.4412899], [-112.035107, 33.4413263]]}, "properties": {"class": "tertiary"}}, {"type": "Feature", "geometry": {"type": "LineString", "coordinates": [[-112.0351223, 33.4412479], [-112.0350379, 33.441237], [-112.03495, 33.4412178], [-112.0348677, 33.4411954], [-112.0347891, 33.4411691], [-112.0347116, 33.4411412], [-112.0346419, 33.4411129], [-112.0346289, 33.4411112], [-112.034492, 33.4410937]]}, "properties": {"class": "tertiary"}}, {"type": "Feature", "geometry": {"type": "LineString", "coordinates": [[-112.0195485, 33.4366687], [-112.0190255, 33.4366718]]}, "properties": {"class": "tertiary"}}, {"type": "Feature", "geometry": {"type": "LineString", "coordinates": [[-112.0211459, 33.4366861], [-112.0210176, 33.4366758], [-112.0208856, 33.4366689], [-112.0207584, 33.4366663], [-112.0195485, 33.4366687]]}, "properties": {"class": "tertiary"}}, {"type": "Feature", "geometry": {"type": "LineString", "coordinates": [[-112.018396, 33.4366724], [-112.0179228, 33.4366742]]}, "properties": {"class": "tertiary"}}, {"type": "Feature", "geometry": {"type": "LineString", "coordinates": [[-112.0190255, 33.4366718], [-112.0189141, 33.4366718], [-112.018396, 33.4366724]]}, "properties": {"class": "tertiary"}}, {"type": "Feature", "geometry": {"type": "LineString", "coordinates": [[-112.0231509, 33.4367599], [-112.0230257, 33.4367222]]}, "properties": {"class": "tertiary"}}, {"type": "Feature", "geometry": {"type": "LineString", "coordinates": [[-112.0235058, 33.4367772], [-112.0233212, 33.4367774], [-112.0232283, 33.4367715], [-112.0231509, 33.4367599]]}, "properties": {"class": "tertiary"}}, {"type": "Feature", "geometry": {"type": "LineString", "coordinates": [[-112.0252811, 33.4367658], [-112.0250939, 33.4367673], [-112.023813, 33.436777]]}, "properties": {"class": "tertiary"}}, {"type": "Feature", "geometry": {"type": "LineString", "coordinates": [[-112.0256317, 33.4367649], [-112.0252811, 33.4367658]]}, "properties": {"class": "tertiary"}}, {"type": "Feature", "geometry": {"type": "LineString", "coordinates": [[-112.0267162, 33.4367666], [-112.0256569, 33.4367649], [-112.0256317, 33.4367649]]}, "properties": {"class": "tertiary"}}, {"type": "Feature", "geometry": {"type": "LineString", "coordinates": [[-112.0270479, 33.4367669], [-112.0267162, 33.4367666]]}, "properties": {"class": "tertiary"}}, {"type": "Feature", "geometry": {"type": "LineString", "coordinates": [[-112.028298, 33.4367708], [-112.0270479, 33.4367669]]}, "properties": {"class": "tertiary"}}, {"type": "Feature", "geometry": {"type": "LineString", "coordinates": [[-112.0328904, 33.4267042], [-112.0326055, 33.4266966], [-112.0319382, 33.426668], [-112.0316112, 33.42665], [-112.0312931, 33.4266245]]}, "properties": {"class": "motorway"}}, {"type": "Feature", "geometry": {"type": "LineString", "coordinates": [[-112.0129879, 33.4596504], [-112.012987, 33.4594629], [-112.012987, 33.4590573], [-112.0129872, 33.4589533]]}, "properties": {"class": "secondary"}}, {"type": "Feature", "geometry": {"type": "LineString", "coordinates": [[-112.0119245, 33.4365513], [-112.0117909, 33.4365223], [-112.0117028, 33.4365129]]}, "properties": {"class": "tertiary"}}, {"type": "Feature", "geometry": {"type": "LineString", "coordinates": [[-112.0125209, 33.4365475], [-112.0122617, 33.4365498], [-112.0121653, 33.4365486], [-112.0120263, 33.4365509], [-112.0119245, 33.4365513]]}, "properties": {"class": "tertiary"}}, {"type": "Feature", "geometry": {"type": "LineString", "coordinates": [[-111.9953072, 33.4513997], [-111.9953054, 33.4514256]]}, "properties": {"class": "secondary"}}, {"type": "Feature", "geometry": {"type": "LineString", "coordinates": [[-111.9905387, 33.4480681], [-111.9900284, 33.4480617]]}, "properties": {"class": "primary"}}, {"type": "Feature", "geometry": {"type": "LineString", "coordinates": [[-111.9907846, 33.4482142], [-111.9909156, 33.4482134]]}, "properties": {"class": "primary"}}, {"type": "Feature", "geometry": {"type": "LineString", "coordinates": [[-112.0104957, 33.4355009], [-112.0104958, 33.4358051], [-112.0104976, 33.435884], [-112.0105073, 33.4359661], [-112.0105207, 33.4360407], [-112.0105393, 33.4361244], [-112.0105624, 33.4361949], [-112.0105946, 33.4362767], [-112.0106389, 33.4363584], [-112.0106841, 33.4364301], [-112.0114997, 33.4376266]]}, "properties": {"class": "primary"}}, {"type": "Feature", "geometry": {"type": "LineString", "coordinates": [[-111.985686, 33.4381833], [-111.9859866, 33.4384798], [-111.9862417, 33.438755], [-111.9864274, 33.4389831], [-111.9865096, 33.439084], [-111.9867828, 33.4394516], [-111.9869966, 33.4398172], [-111.9871718, 33.4401784]]}, "properties": {"class": "primary"}}, {"type": "Feature", "geometry": {"type": "LineString", "coordinates": [[-112.034788, 33.4314294], [-112.034784, 33.4313287]]}, "properties": {"class": "secondary"}}, {"type": "Feature", "geometry": {"type": "LineString", "coordinates": [[-112.034597, 33.4314406], [-112.034788, 33.4314294]]}, "properties": {"class": "tertiary"}}, {"type": "Feature", "geometry": {"type": "LineString", "coordinates": [[-112.03033, 33.4262083], [-112.0303173, 33.4270778]]}, "properties": {"class": "secondary"}}, {"type": "Feature", "geometry": {"type": "LineString", "coordinates": [[-112.0303407, 33.4253982], [-112.0303359, 33.4258226], [-112.0303326, 33.4261061], [-112.03033, 33.4262083]]}, "properties": {"class": "secondary"}}, {"type": "Feature", "geometry": {"type": "LineString", "coordinates": [[-111.9998117, 33.4360511], [-111.9996791, 33.4360517]]}, "properties": {"class": "primary"}}, {"type": "Feature", "geometry": {"type": "LineString", "coordinates": [[-112.0080903, 33.4349801], [-112.0088704, 33.4349828]]}, "properties": {"class": "primary"}}, {"type": "Feature", "geometry": {"type": "LineString", "coordinates": [[-112.0054857, 33.4349777], [-112.0060574, 33.4349806], [-112.0080903, 33.4349801]]}, "properties": {"class": "primary"}}, {"type": "Feature", "geometry": {"type": "LineString", "coordinates": [[-112.0087343, 33.4359171], [-112.0053814, 33.4359108]]}, "properties": {"class": "primary"}}, {"type": "Feature", "geometry": {"type": "LineString", "coordinates": [[-112.008872, 33.4359165], [-112.0087343, 33.4359171]]}, "properties": {"class": "primary"}}, {"type": "Feature", "geometry": {"type": "LineString", "coordinates": [[-111.9841638, 33.4219355], [-111.985103, 33.4219339]]}, "properties": {"class": "primary"}}, {"type": "Feature", "geometry": {"type": "LineString", "coordinates": [[-111.9859703, 33.4217913], [-111.9858017, 33.4217894]]}, "properties": {"class": "primary"}}, {"type": "Feature", "geometry": {"type": "LineString", "coordinates": [[-111.9858135, 33.4219261], [-111.985989, 33.4219258]]}, "properties": {"class": "primary"}}, {"type": "Feature", "geometry": {"type": "LineString", "coordinates": [[-112.0102112, 33.412555], [-112.0101646, 33.4126392], [-112.0100583, 33.4128305]]}, "properties": {"class": "primary"}}, {"type": "Feature", "geometry": {"type": "LineString", "coordinates": [[-112.0100543, 33.4131463], [-112.0101816, 33.4129354]]}, "properties": {"class": "primary"}}, {"type": "Feature", "geometry": {"type": "LineString", "coordinates": [[-111.9954957, 33.4512541], [-111.995517, 33.4512539], [-111.995564, 33.4512534]]}, "properties": {"class": "secondary"}}, {"type": "Feature", "geometry": {"type": "LineString", "coordinates": [[-111.9963894, 33.4482057], [-111.9971, 33.4482073], [-111.998196, 33.4482113]]}, "properties": {"class": "primary"}}, {"type": "Feature", "geometry": {"type": "LineString", "coordinates": [[-112.0296446, 33.4439538], [-112.0294255, 33.4439539], [-112.0292748, 33.4439629], [-112.0289493, 33.4439646], [-112.0287218, 33.4439859]]}, "properties": {"class": "residential"}}, {"type": "Feature", "geometry": {"type": "LineString", "coordinates": [[-112.0309732, 33.4429962], [-112.0308962, 33.4430826], [-112.0308401, 33.4431501], [-112.0307187, 33.4432952], [-112.0306322, 33.4434117], [-112.0305069, 33.4436331], [-112.0304054, 33.4438286], [-112.030331, 33.4439752]]}, "properties": {"class": "secondary"}}, {"type": "Feature", "geometry": {"type": "LineString", "coordinates": [[-111.9872581, 33.4463804], [-111.9872424, 33.4462711], [-111.9872474, 33.4462131]]}, "properties": {"class": "primary"}}, {"type": "Feature", "geometry": {"type": "LineString", "coordinates": [[-111.9871171, 33.4462038], [-111.987111, 33.4462808]]}, "properties": {"class": "primary"}}, {"type": "Feature", "geometry": {"type": "LineString", "coordinates": [[-111.9872575, 33.4575637], [-111.987248, 33.4570369]]}, "properties": {"class": "primary"}}, {"type": "Feature", "geometry": {"type": "LineString", "coordinates": [[-112.0141357, 33.4230138], [-112.0143448, 33.4229247], [-112.0143879, 33.4229096], [-112.0144977, 33.4228728], [-112.0145974, 33.4228383], [-112.0149805, 33.4226528]]}, "properties": {"class": "tertiary"}}, {"type": "Feature", "geometry": {"type": "LineString", "coordinates": [[-112.0161896, 33.4218916], [-112.0159381, 33.4220453], [-112.0156976, 33.4221801], [-112.0156391, 33.4222178], [-112.0155814, 33.4222604], [-112.0155041, 33.4223194], [-112.0154391, 33.4223713], [-112.0153577, 33.4224422], [-112.0152733, 33.4225171], [-112.0152061, 33.4225957]]}, "properties": {"class": "tertiary"}}, {"type": "Feature", "geometry": {"type": "LineString", "coordinates": [[-112.0152061, 33.4225957], [-112.0155559, 33.4224939], [-112.0156293, 33.4224634], [-112.0156976, 33.422428], [-112.0157565, 33.4223937], [-112.0158161, 33.4223504], [-112.0158668, 33.4223061], [-112.0159111, 33.4222618], [-112.0159887, 33.4221709], [-112.0160706, 33.4220818], [-112.0161644, 33.4219987], [-112.016232, 33.4219458], [-112.0164594, 33.4217545]]}, "properties": {"class": "tertiary"}}, {"type": "Feature", "geometry": {"type": "LineString", "coordinates": [[-111.9942823, 33.4556644], [-111.9942826, 33.4560168], [-111.9942827, 33.4560975]]}, "properties": {"class": "residential"}}, {"type": "Feature", "geometry": {"type": "LineString", "coordinates": [[-111.995239, 33.4561368], [-111.9951098, 33.456111], [-111.9950755, 33.4561042], [-111.9942827, 33.4560975]]}, "properties": {"class": "residential"}}, {"type": "Feature", "geometry": {"type": "LineString", "coordinates": [[-111.9952544, 33.4602458], [-111.9952731, 33.459872], [-111.9952786, 33.4597456]]}, "properties": {"class": "secondary"}}, {"type": "Feature", "geometry": {"type": "LineString", "coordinates": [[-111.9952882, 33.4581392], [-111.9952779, 33.4577409], [-111.9952168, 33.4572855]]}, "properties": {"class": "secondary"}}, {"type": "Feature", "geometry": {"type": "LineString", "coordinates": [[-112.0060176, 33.4589813], [-112.0057753, 33.4589557], [-112.0055127, 33.4589333], [-112.005254, 33.4589149], [-112.0049853, 33.4588986], [-112.0047156, 33.4588857], [-112.0044511, 33.4588752], [-112.0041891, 33.4588677], [-112.0039241, 33.4588648], [-112.0036631, 33.4588639], [-112.0034047, 33.4588662], [-112.0031359, 33.4588711], [-112.0028728, 33.4588792], [-112.0026077, 33.4588921], [-112.0023499, 33.4589066], [-112.0020806, 33.4589224], [-112.001551, 33.4589597]]}, "properties": {"class": "motorway"}}, {"type": "Feature", "geometry": {"type": "LineString", "coordinates": [[-112.0129185, 33.4445029], [-112.0129674, 33.4444107], [-112.0129688, 33.4442796], [-112.012967, 33.4440747], [-112.0129159, 33.4440329]]}, "properties": {"class": "secondary"}}, {"type": "Feature", "geometry": {"type": "LineString", "coordinates": [[-112.0129159, 33.4440329], [-112.012875, 33.4440758], [-112.0128744, 33.4442794], [-112.0128765, 33.444416], [-112.0129185, 33.4445029]]}, "properties": {"class": "secondary"}}, {"type": "Feature", "geometry": {"type": "LineString", "coordinates": [[-111.987267, 33.4459632], [-111.987276, 33.4458585]]}, "properties": {"class": "primary"}}, {"type": "Feature", "geometry": {"type": "LineString", "coordinates": [[-111.98714, 33.4459585], [-111.9871171, 33.4462038]]}, "properties": {"class": "primary"}}, {"type": "Feature", "geometry": {"type": "LineString", "coordinates": [[-112.0129834, 33.4605841], [-112.0129897, 33.4600078], [-112.0129892, 33.4599068], [-112.0129879, 33.4596504]]}, "properties": {"class": "secondary"}}, {"type": "Feature", "geometry": {"type": "LineString", "coordinates": [[-111.9943914, 33.4360222], [-111.9942583, 33.4360218]]}, "properties": {"class": "primary"}}, {"type": "Feature", "geometry": {"type": "LineString", "coordinates": [[-111.9942583, 33.4360218], [-111.9926167, 33.4360225]]}, "properties": {"class": "primary"}}, {"type": "Feature", "geometry": {"type": "LineString", "coordinates": [[-111.9942608, 33.4349418], [-111.9943919, 33.4349422]]}, "properties": {"class": "primary"}}, {"type": "Feature", "geometry": {"type": "LineString", "coordinates": [[-111.9943919, 33.4349422], [-111.996219, 33.4349381], [-111.9963155, 33.4349373], [-111.9964481, 33.4349372]]}, "properties": {"class": "primary"}}, {"type": "Feature", "geometry": {"type": "LineString", "coordinates": [[-111.9879454, 33.4108377], [-111.9856918, 33.4107984], [-111.9840523, 33.4108145]]}, "properties": {"class": "motorway"}}, {"type": "Feature", "geometry": {"type": "LineString", "coordinates": [[-112.0216078, 33.437311], [-112.0207439, 33.437402], [-112.020623, 33.4374136], [-112.0204906, 33.4374256], [-112.0203597, 33.4374345], [-112.0202236, 33.4374428], [-112.0200917, 33.4374482], [-112.0199653, 33.4374517], [-112.0198377, 33.4374521], [-112.0193574, 33.437453]]}, "properties": {"class": "motorway"}}, {"type": "Feature", "geometry": {"type": "LineString", "coordinates": [[-112.0237938, 33.4377788], [-112.0246087, 33.4377784]]}, "properties": {"class": "motorway"}}, {"type": "Feature", "geometry": {"type": "LineString", "coordinates": [[-112.0220147, 33.4368241], [-112.0215189, 33.4367331], [-112.021406, 33.4367162], [-112.0212866, 33.4367012], [-112.0211459, 33.4366861]]}, "properties": {"class": "tertiary"}}, {"type": "Feature", "geometry": {"type": "LineString", "coordinates": [[-112.0269436, 33.4482921], [-112.0271239, 33.4482941], [-112.0273185, 33.4482962], [-112.0278543, 33.4482975], [-112.0290308, 33.4483044]]}, "properties": {"class": "primary"}}, {"type": "Feature", "geometry": {"type": "LineString", "coordinates": [[-111.9905727, 33.444525], [-111.9905745, 33.4444627]]}, "properties": {"class": "residential"}}, {"type": "Feature", "geometry": {"type": "LineString", "coordinates": [[-112.0098999, 33.4512868], [-112.010143, 33.4512882], [-112.0105039, 33.45129], [-112.01089, 33.4512919], [-112.011106, 33.4512929], [-112.0115131, 33.4512949], [-112.0115921, 33.4512953], [-112.0117361, 33.451296], [-112.0119221, 33.451297]]}, "properties": {"class": "primary"}}, {"type": "Feature", "geometry": {"type": "LineString", "coordinates": [[-112.0265798, 33.4375546], [-112.0257088, 33.4374813], [-112.0252352, 33.4374317], [-112.0251774, 33.4374267]]}, "properties": {"class": "motorway"}}, {"type": "Feature", "geometry": {"type": "LineString", "coordinates": [[-112.0199792, 33.4368423], [-112.0202176, 33.4368418]]}, "properties": {"class": "primary"}}, {"type": "Feature", "geometry": {"type": "LineString", "coordinates": [[-112.0251098, 33.4377781], [-112.0260036, 33.4377799], [-112.026199, 33.4377752]]}, "properties": {"class": "motorway"}}, {"type": "Feature", "geometry": {"type": "LineString", "coordinates": [[-111.987238, 33.4400929], [-111.9870153, 33.4396615], [-111.9869289, 33.4395257], [-111.9867408, 33.43923], [-111.9864147, 33.4387819]]}, "properties": {"class": "primary"}}, {"type": "Feature", "geometry": {"type": "LineString", "coordinates": [[-111.9922793, 33.4360191], [-111.991969, 33.4360157]]}, "properties": {"class": "primary"}}, {"type": "Feature", "geometry": {"type": "LineString", "coordinates": [[-111.992169, 33.4349498], [-111.99247, 33.4349583]]}, "properties": {"class": "primary"}}, {"type": "Feature", "geometry": {"type": "LineString", "coordinates": [[-111.987248, 33.4570369], [-111.9872431, 33.4561751], [-111.9872469, 33.4557183], [-111.9872463, 33.4556663], [-111.9872475, 33.4555615]]}, "properties": {"class": "primary"}}, {"type": "Feature", "geometry": {"type": "LineString", "coordinates": [[-112.0029455, 33.4591257], [-112.0032102, 33.4591178], [-112.0034826, 33.4591133], [-112.0037566, 33.459112], [-112.0040283, 33.4591134], [-112.0043002, 33.4591195], [-112.0045747, 33.4591284], [-112.00485, 33.4591411], [-112.0051169, 33.4591573], [-112.0053925, 33.4591761], [-112.0056647, 33.4591966], [-112.0059375, 33.4592228], [-112.0062131, 33.4592517]]}, "properties": {"class": "motorway"}}, {"type": "Feature", "geometry": {"type": "LineString", "coordinates": [[-112.0036835, 33.4359079], [-112.0036195, 33.4359074], [-112.0034764, 33.4359063]]}, "properties": {"class": "primary"}}, {"type": "Feature", "geometry": {"type": "LineString", "coordinates": [[-111.9999445, 33.4360526], [-111.9998117, 33.4360511]]}, "properties": {"class": "primary"}}, {"type": "Feature", "geometry": {"type": "LineString", "coordinates": [[-112.0101661, 33.4350361], [-112.0102356, 33.4350687], [-112.0102968, 33.4351089], [-112.0103483, 33.435149], [-112.0103926, 33.4351957]]}, "properties": {"class": "primary"}}, {"type": "Feature", "geometry": {"type": "LineString", "coordinates": [[-112.0212196, 33.4106323], [-112.021181, 33.4091533], [-112.021178, 33.4087983], [-112.0211735, 33.4083062], [-112.0211681, 33.4078901], [-112.0211578, 33.4074161], [-112.0211464, 33.4070751], [-112.021143, 33.4069736]]}, "properties": {"class": "residential"}}, {"type": "Feature", "geometry": {"type": "LineString", "coordinates": [[-111.98708, 33.4553058], [-111.9870795, 33.4557156]]}, "properties": {"class": "primary"}}, {"type": "Feature", "geometry": {"type": "LineString", "coordinates": [[-112.034788, 33.4314294], [-112.0349294, 33.4314283], [-112.0353525, 33.4314261]]}, "properties": {"class": "tertiary"}}, {"type": "Feature", "geometry": {"type": "LineString", "coordinates": [[-111.988445, 33.411117], [-111.9908552, 33.4111164], [-111.991276, 33.4111195], [-111.9929865, 33.4111385], [-111.99504, 33.4111459], [-111.9971854, 33.4111207], [-111.9992896, 33.4111028], [-112.0024959, 33.4110263], [-112.0031024, 33.4110688]]}, "properties": {"class": "motorway"}}, {"type": "Feature", "geometry": {"type": "LineString", "coordinates": [[-112.0074481, 33.4482516], [-112.0074426, 33.4481781], [-112.0074405, 33.4481412], [-112.0074325, 33.4480675], [-112.0074257, 33.4479816], [-112.0074233, 33.4477644], [-112.0074223, 33.4476212]]}, "properties": {"class": "residential"}}, {"type": "Feature", "geometry": {"type": "LineString", "coordinates": [[-111.9952631, 33.4545155], [-111.995412, 33.4545166], [-111.9954483, 33.454517], [-111.9955548, 33.4545181], [-111.9958638, 33.454557], [-111.9959184, 33.4545592], [-111.996864, 33.4545748], [-111.9969625, 33.4545937], [-111.9972222, 33.4546504], [-111.9972728, 33.454657], [-111.9976407, 33.4546672]]}, "properties": {"class": "residential"}}, {"type": "Feature", "geometry": {"type": "LineString", "coordinates": [[-112.0301789, 33.4367189], [-112.0301781, 33.4368209], [-112.0301744, 33.4368676], [-112.0301706, 33.4369168], [-112.0301634, 33.4369659], [-112.0301342, 33.4371023]]}, "properties": {"class": "secondary"}}, {"type": "Feature", "geometry": {"type": "LineString", "coordinates": [[-112.022501, 33.4369081], [-112.02213, 33.4368448], [-112.0220147, 33.4368241]]}, "properties": {"class": "motorway"}}, {"type": "Feature", "geometry": {"type": "LineString", "coordinates": [[-112.0251774, 33.4374267], [-112.0249142, 33.4374036]]}, "properties": {"class": "motorway"}}, {"type": "Feature", "geometry": {"type": "LineString", "coordinates": [[-112.0193574, 33.437453], [-112.0191359, 33.4374524], [-112.0190213, 33.4374537]]}, "properties": {"class": "motorway"}}, {"type": "Feature", "geometry": {"type": "LineString", "coordinates": [[-112.0103926, 33.4351957], [-112.0104235, 33.4352397], [-112.0104472, 33.4352817], [-112.0104671, 33.4353238], [-112.0104811, 33.4353693], [-112.0104926, 33.4354347], [-112.0104957, 33.4355009]]}, "properties": {"class": "primary"}}, {"type": "Feature", "geometry": {"type": "LineString", "coordinates": [[-112.0098284, 33.4349839], [-112.009861, 33.4349839], [-112.0099377, 33.434986], [-112.0100091, 33.4349925], [-112.0101661, 33.4350361]]}, "properties": {"class": "primary"}}, {"type": "Feature", "geometry": {"type": "LineString", "coordinates": [[-112.0048079, 33.4349759], [-112.0050475, 33.4349755]]}, "properties": {"class": "primary"}}, {"type": "Feature", "geometry": {"type": "LineString", "coordinates": [[-111.9947023, 33.4360245], [-111.9943914, 33.4360222]]}, "properties": {"class": "primary"}}, {"type": "Feature", "geometry": {"type": "LineString", "coordinates": [[-111.9996763, 33.4349441], [-112.0008406, 33.4349523], [-112.0012137, 33.4349757]]}, "properties": {"class": "primary"}}, {"type": "Feature", "geometry": {"type": "LineString", "coordinates": [[-112.0147149, 33.4226414], [-112.0145234, 33.42275], [-112.0144547, 33.4227945], [-112.014392, 33.4228354], [-112.0143165, 33.4228872], [-112.0141357, 33.4230138]]}, "properties": {"class": "tertiary"}}, {"type": "Feature", "geometry": {"type": "LineString", "coordinates": [[-112.0152495, 33.4223643], [-112.0150955, 33.4224417], [-112.0149128, 33.4225339], [-112.0148905, 33.4225452]]}, "properties": {"class": "tertiary"}}, {"type": "Feature", "geometry": {"type": "LineString", "coordinates": [[-112.0295584, 33.4276598], [-112.029748, 33.427852]]}, "properties": {"class": "tertiary"}}, {"type": "Feature", "geometry": {"type": "LineString", "coordinates": [[-112.0164594, 33.4217545], [-112.0161896, 33.4218916]]}, "properties": {"class": "tertiary"}}, {"type": "Feature", "geometry": {"type": "LineString", "coordinates": [[-112.0149805, 33.4226528], [-112.0150459, 33.4226334], [-112.0151197, 33.4226141]]}, "properties": {"class": "tertiary"}}, {"type": "Feature", "geometry": {"type": "LineString", "coordinates": [[-112.0148905, 33.4225452], [-112.0148496, 33.4225676], [-112.0147149, 33.4226414]]}, "properties": {"class": "tertiary"}}, {"type": "Feature", "geometry": {"type": "LineString", "coordinates": [[-112.0246087, 33.4377784], [-112.0251098, 33.4377781]]}, "properties": {"class": "motorway"}}, {"type": "Feature", "geometry": {"type": "LineString", "coordinates": [[-111.9862564, 33.4218722], [-111.9861196, 33.4218693]]}, "properties": {"class": "primary"}}, {"type": "Feature", "geometry": {"type": "LineString", "coordinates": [[-111.9872328, 33.4480301], [-111.9872366, 33.4479039], [-111.9872377, 33.4478145]]}, "properties": {"class": "primary"}}, {"type": "Feature", "geometry": {"type": "LineString", "coordinates": [[-111.9872411, 33.4470515], [-111.9872428, 33.4469215]]}, "properties": {"class": "primary"}}, {"type": "Feature", "geometry": {"type": "LineString", "coordinates": [[-112.0336698, 33.4267135], [-112.0333439, 33.4267163], [-112.0328904, 33.4267042]]}, "properties": {"class": "motorway"}}, {"type": "Feature", "geometry": {"type": "LineString", "coordinates": [[-111.9870809, 33.4546549], [-111.9870806, 33.4547399]]}, "properties": {"class": "primary"}}, {"type": "Feature", "geometry": {"type": "LineString", "coordinates": [[-112.0345587, 33.4394032], [-112.0345529, 33.4398151]]}, "properties": {"class": "secondary"}}, {"type": "Feature", "geometry": {"type": "LineString", "coordinates": [[-111.9864147, 33.4387819], [-111.986149, 33.4384995]]}, "properties": {"class": "primary"}}, {"type": "Feature", "geometry": {"type": "LineString", "coordinates": [[-111.9882483, 33.4483102], [-111.9886171, 33.4483037]]}, "properties": {"class": "primary"}}, {"type": "Feature", "geometry": {"type": "LineString", "coordinates": [[-111.9877682, 33.4483059], [-111.9879504, 33.448307], [-111.9882483, 33.4483102]]}, "properties": {"class": "primary"}}, {"type": "Feature", "geometry": {"type": "LineString", "coordinates": [[-112.0301337, 33.4446658], [-112.0301203, 33.4447408], [-112.0300933, 33.4449446]]}, "properties": {"class": "secondary"}}, {"type": "Feature", "geometry": {"type": "LineString", "coordinates": [[-112.0300933, 33.4449446], [-112.0300914, 33.4449661]]}, "properties": {"class": "secondary"}}, {"type": "Feature", "geometry": {"type": "LineString", "coordinates": [[-112.012932, 33.4585303], [-112.0127604, 33.4585319], [-112.0124925, 33.4585328], [-112.0121607, 33.4585338]]}, "properties": {"class": "residential"}}, {"type": "Feature", "geometry": {"type": "LineString", "coordinates": [[-112.0129173, 33.4497586], [-112.0129188, 33.450153], [-112.0129194, 33.4504003]]}, "properties": {"class": "secondary"}}, {"type": "Feature", "geometry": {"type": "LineString", "coordinates": [[-112.012906, 33.447147], [-112.0129122, 33.4463603], [-112.0129112, 33.4462798], [-112.0129098, 33.4461604]]}, "properties": {"class": "secondary"}}, {"type": "Feature", "geometry": {"type": "LineString", "coordinates": [[-112.012907, 33.447458], [-112.0129067, 33.447342], [-112.012906, 33.447147]]}, "properties": {"class": "secondary"}}, {"type": "Feature", "geometry": {"type": "LineString", "coordinates": [[-112.024614, 33.422499], [-112.0243477, 33.422498], [-112.0240817, 33.422497], [-112.0239851, 33.4224967], [-112.0239484, 33.4224966], [-112.0238721, 33.422501], [-112.023779, 33.4225253], [-112.0236844, 33.4225859], [-112.0235745, 33.4226853], [-112.0233584, 33.4228978], [-112.0233163, 33.4229783]]}, "properties": {"class": "residential"}}, {"type": "Feature", "geometry": {"type": "LineString", "coordinates": [[-112.0121607, 33.4585338], [-112.0118935, 33.4585346], [-112.0108623, 33.4585377], [-112.01082, 33.4585378], [-112.0107408, 33.4585381]]}, "properties": {"class": "residential"}}, {"type": "Feature", "geometry": {"type": "LineString", "coordinates": [[-112.0107329, 33.4576369], [-112.0107336, 33.4576891], [-112.0107388, 33.4580723], [-112.0107402, 33.4584034], [-112.0107408, 33.4585381]]}, "properties": {"class": "residential"}}, {"type": "Feature", "geometry": {"type": "LineString", "coordinates": [[-112.0107329, 33.4576369], [-112.0106694, 33.4576365], [-112.0086119, 33.4576225], [-112.0085474, 33.4576221], [-112.0084852, 33.4576221], [-112.0064239, 33.4576211], [-112.0063626, 33.4576211], [-112.0062972, 33.4576219], [-112.00524, 33.4576347]]}, "properties": {"class": "residential"}}, {"type": "Feature", "geometry": {"type": "LineString", "coordinates": [[-111.9876286, 33.4360398], [-111.9874861, 33.4360594], [-111.987457, 33.4360643]]}, "properties": {"class": "motorway"}}, {"type": "Feature", "geometry": {"type": "LineString", "coordinates": [[-112.019801, 33.437589], [-112.0215984, 33.437597]]}, "properties": {"class": "secondary"}}, {"type": "Feature", "geometry": {"type": "LineString", "coordinates": [[-112.0129321, 33.4581397], [-112.0129328, 33.4583552]]}, "properties": {"class": "secondary"}}, {"type": "Feature", "geometry": {"type": "LineString", "coordinates": [[-112.0129322, 33.4580878], [-112.0129323, 33.4581086], [-112.0129321, 33.4581397]]}, "properties": {"class": "secondary"}}, {"type": "Feature", "geometry": {"type": "LineString", "coordinates": [[-112.0129319, 33.4580098], [-112.012932, 33.4580261]]}, "properties": {"class": "secondary"}}, {"type": "Feature", "geometry": {"type": "LineString", "coordinates": [[-112.0129328, 33.4583552], [-112.0129339, 33.4584173], [-112.012932, 33.4585303]]}, "properties": {"class": "secondary"}}, {"type": "Feature", "geometry": {"type": "LineString", "coordinates": [[-112.0129197, 33.4522758], [-112.0129188, 33.4531098], [-112.0129215, 33.4533879], [-112.012921, 33.4534784], [-112.0129187, 33.4539427], [-112.0129169, 33.4543027], [-112.0129168, 33.454379], [-112.0129157, 33.4545357], [-112.0129159, 33.4549203], [-112.0129141, 33.4550624], [-112.0129126, 33.455185], [-112.0129127, 33.4552952], [-112.0129135, 33.4553736], [-112.0129138, 33.4554498], [-112.0129142, 33.4555417], [-112.0129182, 33.4558219], [-112.0129244, 33.456216], [-112.0129229, 33.4562755], [-112.0129237, 33.4563495], [-112.0129277, 33.456732], [-112.0129286, 33.4571317], [-112.0129287, 33.4571791], [-112.0129293, 33.4575231], [-112.0129305, 33.4576354], [-112.0129313, 33.4578432], [-112.0129319, 33.4580098]]}, "properties": {"class": "secondary"}}, {"type": "Feature", "geometry": {"type": "LineString", "coordinates": [[-112.0215475, 33.451731], [-112.0215518, 33.4522202], [-112.0215504, 33.4522741], [-112.0215426, 33.4525705], [-112.0215414, 33.452614], [-112.0215407, 33.4526408], [-112.0214895, 33.4527656], [-112.0214034, 33.4528643], [-112.0213308, 33.4529378], [-112.0212688, 33.4529847], [-112.0212209, 33.4530209]]}, "properties": {"class": "residential"}}, {"type": "Feature", "geometry": {"type": "LineString", "coordinates": [[-112.0215497, 33.4509293], [-112.0215493, 33.451094], [-112.0215489, 33.4512204], [-112.0215487, 33.4513165], [-112.0215484, 33.4514243], [-112.0215483, 33.4514353], [-112.0215478, 33.4516532], [-112.0215475, 33.451731]]}, "properties": {"class": "residential"}}, {"type": "Feature", "geometry": {"type": "LineString", "coordinates": [[-112.0129194, 33.4504003], [-112.012919, 33.4505302], [-112.012919, 33.4505709]]}, "properties": {"class": "secondary"}}, {"type": "Feature", "geometry": {"type": "LineString", "coordinates": [[-112.02969, 33.424028], [-112.029563, 33.4240275], [-112.029394, 33.4240268], [-112.029266, 33.4240263], [-112.029079, 33.4240255], [-112.028884, 33.4240247], [-112.02883, 33.4240245], [-112.028524, 33.4240233], [-112.028104, 33.4240215], [-112.027837, 33.4240205], [-112.027552, 33.4240193], [-112.027443, 33.4240188], [-112.027327, 33.4240184], [-112.02677, 33.4240161], [-112.026647, 33.4240156], [-112.0263, 33.4240142], [-112.026244, 33.424014], [-112.026105, 33.4240134], [-112.025486, 33.424012], [-112.025402, 33.4240118], [-112.0252428, 33.4240095], [-112.0251861, 33.4240087], [-112.0248586, 33.4239519], [-112.0245925, 33.4238528], [-112.0244498, 33.423778], [-112.0243283, 33.4237144], [-112.0233842, 33.423084], [-112.0233347, 33.4230407], [-112.0233163, 33.4229783]]}, "properties": {"class": "residential"}}, {"type": "Feature", "geometry": {"type": "LineString", "coordinates": [[-112.0311381, 33.4240073], [-112.0310451, 33.4240096], [-112.0307541, 33.4240171], [-112.0305757, 33.4240216], [-112.0304741, 33.4240242]]}, "properties": {"class": "residential"}}, {"type": "Feature", "geometry": {"type": "LineString", "coordinates": [[-112.030351, 33.4240274], [-112.0302895, 33.4240274], [-112.0297941, 33.4240279], [-112.02969, 33.424028]]}, "properties": {"class": "residential"}}, {"type": "Feature", "geometry": {"type": "LineString", "coordinates": [[-112.0304741, 33.4240242], [-112.030351, 33.4240274]]}, "properties": {"class": "residential"}}, {"type": "Feature", "geometry": {"type": "LineString", "coordinates": [[-111.9952387, 33.4360238], [-111.9947023, 33.4360245]]}, "properties": {"class": "primary"}}, {"type": "Feature", "geometry": {"type": "LineString", "coordinates": [[-112.0308359, 33.4367188], [-112.0304005, 33.4367183], [-112.0302775, 33.4367189]]}, "properties": {"class": "secondary"}}, {"type": "Feature", "geometry": {"type": "LineString", "coordinates": [[-112.0344298, 33.4375973], [-112.0343468, 33.4376026], [-112.034258, 33.4376059], [-112.0340875, 33.4376068], [-112.0337461, 33.4376068]]}, "properties": {"class": "motorway"}}, {"type": "Feature", "geometry": {"type": "LineString", "coordinates": [[-112.0190213, 33.4374537], [-112.019032, 33.437534], [-112.0190351, 33.4375435], [-112.0190374, 33.4375507], [-112.0190461, 33.4375651], [-112.0190571, 33.4375762], [-112.0190724, 33.4375825], [-112.0190874, 33.4375868], [-112.0191114, 33.4375897], [-112.0191351, 33.4375893], [-112.0191646, 33.4375893], [-112.019801, 33.437589]]}, "properties": {"class": "secondary"}}, {"type": "Feature", "geometry": {"type": "LineString", "coordinates": [[-112.0190225, 33.436842], [-112.0199412, 33.4368428], [-112.0199792, 33.4368423]]}, "properties": {"class": "primary"}}, {"type": "Feature", "geometry": {"type": "LineString", "coordinates": [[-111.9905233, 33.4462636], [-111.9905152, 33.4461498], [-111.9905158, 33.4461335], [-111.9905277, 33.4458088], [-111.990529, 33.4457747]]}, "properties": {"class": "residential"}}, {"type": "Feature", "geometry": {"type": "LineString", "coordinates": [[-112.034492, 33.4410937], [-112.034345, 33.4410299]]}, "properties": {"class": "tertiary"}}, {"type": "Feature", "geometry": {"type": "LineString", "coordinates": [[-112.0179228, 33.4366742], [-112.0175317, 33.4366736], [-112.0171105, 33.4366719], [-112.016895, 33.4366672]]}, "properties": {"class": "tertiary"}}, {"type": "Feature", "geometry": {"type": "LineString", "coordinates": [[-112.015932, 33.4366271], [-112.0158135, 33.4366222], [-112.0157074, 33.4366128]]}, "properties": {"class": "tertiary"}}, {"type": "Feature", "geometry": {"type": "LineString", "coordinates": [[-112.0117028, 33.4365129], [-112.0116065, 33.4365153]]}, "properties": {"class": "tertiary"}}, {"type": "Feature", "geometry": {"type": "LineString", "coordinates": [[-111.99247, 33.4349583], [-111.9926311, 33.4349603]]}, "properties": {"class": "primary"}}, {"type": "Feature", "geometry": {"type": "LineString", "coordinates": [[-112.0129153, 33.4439819], [-112.0129159, 33.4440329]]}, "properties": {"class": "secondary"}}, {"type": "Feature", "geometry": {"type": "LineString", "coordinates": [[-112.023813, 33.436777], [-112.0235058, 33.4367772]]}, "properties": {"class": "tertiary"}}, {"type": "Feature", "geometry": {"type": "LineString", "coordinates": [[-111.9951492, 33.4581453], [-111.9951419, 33.4585396], [-111.9951406, 33.4585737], [-111.9951377, 33.4586493], [-111.9951302, 33.4588416]]}, "properties": {"class": "secondary"}}, {"type": "Feature", "geometry": {"type": "LineString", "coordinates": [[-112.0120264, 33.4378976], [-112.0133833, 33.4378992]]}, "properties": {"class": "primary"}}, {"type": "Feature", "geometry": {"type": "LineString", "coordinates": [[-112.0252238, 33.4248116], [-112.0247801, 33.4245844], [-112.0241546, 33.4242327], [-112.0236639, 33.4239318], [-112.0228645, 33.4234021], [-112.022142, 33.4228591]]}, "properties": {"class": "motorway"}}, {"type": "Feature", "geometry": {"type": "LineString", "coordinates": [[-112.0205047, 33.4213897], [-112.0203479, 33.4212376], [-112.0199775, 33.4208531]]}, "properties": {"class": "motorway"}}, {"type": "Feature", "geometry": {"type": "LineString", "coordinates": [[-112.0110467, 33.4366925], [-112.0109974, 33.4366903]]}, "properties": {"class": "tertiary"}}, {"type": "Feature", "geometry": {"type": "LineString", "coordinates": [[-112.0053814, 33.4359108], [-112.005051, 33.4359113]]}, "properties": {"class": "primary"}}, {"type": "Feature", "geometry": {"type": "LineString", "coordinates": [[-112.016895, 33.4366672], [-112.015932, 33.4366271]]}, "properties": {"class": "tertiary"}}, {"type": "Feature", "geometry": {"type": "LineString", "coordinates": [[-112.0302754, 33.4368219], [-112.0302775, 33.4367189]]}, "properties": {"class": "tertiary"}}, {"type": "Feature", "geometry": {"type": "LineString", "coordinates": [[-112.0334558, 33.4269198], [-112.0312931, 33.4266245]]}, "properties": {"class": "motorway"}}, {"type": "Feature", "geometry": {"type": "LineString", "coordinates": [[-111.9865533, 33.4354637], [-111.9872898, 33.4352446], [-111.9874821, 33.4351887]]}, "properties": {"class": "motorway"}}, {"type": "Feature", "geometry": {"type": "LineString", "coordinates": [[-111.990529, 33.4457747], [-111.9905375, 33.4455614], [-111.9905441, 33.4453857]]}, "properties": {"class": "residential"}}, {"type": "Feature", "geometry": {"type": "LineString", "coordinates": [[-112.0347538, 33.4385029], [-112.0347536, 33.437971], [-112.034755, 33.4375298]]}, "properties": {"class": "secondary"}}, {"type": "Feature", "geometry": {"type": "LineString", "coordinates": [[-111.9900284, 33.4480617], [-111.9899572, 33.4480604], [-111.9899293, 33.4480599], [-111.9897694, 33.4480538]]}, "properties": {"class": "primary"}}, {"type": "Feature", "geometry": {"type": "LineString", "coordinates": [[-111.9990629, 33.4489265], [-111.9990623, 33.4489685], [-111.9990587, 33.4492201], [-111.9990597, 33.4492803], [-111.9990606, 33.4493364], [-111.9990728, 33.4494652], [-111.9990914, 33.4496064], [-111.9990923, 33.4496326], [-111.9990943, 33.4496713], [-111.9990939, 33.4497177], [-111.9990886, 33.4503368], [-111.9990893, 33.450398], [-111.9990898, 33.4504398], [-111.9990904, 33.4504833], [-111.9990971, 33.4511247], [-111.9990974, 33.4511499], [-111.999099, 33.4512668]]}, "properties": {"class": "residential"}}, {"type": "Feature", "geometry": {"type": "LineString", "coordinates": [[-112.0232302, 33.4370425], [-112.022501, 33.4369081]]}, "properties": {"class": "motorway"}}, {"type": "Feature", "geometry": {"type": "LineString", "coordinates": [[-112.0302775, 33.4367189], [-112.0301789, 33.4367189]]}, "properties": {"class": "secondary"}}, {"type": "Feature", "geometry": {"type": "LineString", "coordinates": [[-112.0230615, 33.4377763], [-112.0231359, 33.4377782], [-112.0232097, 33.4377788], [-112.0236537, 33.4377783], [-112.0237938, 33.4377788]]}, "properties": {"class": "motorway"}}, {"type": "Feature", "geometry": {"type": "LineString", "coordinates": [[-112.0301781, 33.4368209], [-112.0302754, 33.4368219]]}, "properties": {"class": "tertiary"}}, {"type": "Feature", "geometry": {"type": "LineString", "coordinates": [[-112.0199775, 33.4208531], [-112.019569, 33.4204289]]}, "properties": {"class": "motorway"}}, {"type": "Feature", "geometry": {"type": "LineString", "coordinates": [[-111.9886171, 33.4483037], [-111.9889696, 33.4482955]]}, "properties": {"class": "primary"}}, {"type": "Feature", "geometry": {"type": "LineString", "coordinates": [[-111.9889696, 33.4482955], [-111.9890626, 33.4482934], [-111.9891622, 33.4482911], [-111.9894579, 33.448283]]}, "properties": {"class": "primary"}}, {"type": "Feature", "geometry": {"type": "LineString", "coordinates": [[-112.02972, 33.4439844], [-112.0299316, 33.4439803], [-112.0301086, 33.4439881], [-112.0302323, 33.4439971], [-112.0302668, 33.444001], [-112.0303118, 33.4440093]]}, "properties": {"class": "residential"}}]}